16384
0.43796029709555084 0.05024890658882138
0.88660696904905456 0.34374101282898256
0.54614690299403990 0.83204759726980637
0.60944570702841638 0.72546883188594169
0.36209281702644619 0.07363900037340675
0.80651733883203891 0.77654218531025943
0.54371902554482965 0.15779320019726992
0.43493737316416003 0.58959034161439106
0.48230025908245922 0.30440271503149308
0.35887817216796181 0.61115930396726292
0.68185729408727680 0.09436913641567721
0.77018918495244570 0.82858651406403838
0.23959952925406941 0.17829397561235841
0.41761172864347668 0.45114169839470258
0.52789487381429256 0.50092389286420747
0.63142942914898681 0.45022750892998015
0.51081595438681993 0.00895089748525383
0.06630974117548318 0.61373161748682048
0.25722663924908790 0.90554101801277220
0.91782205551956608 0.46519630575302012
0.57886645573522499 0.81972661097562327
0.18886302078195766 0.45732230736171386
0.14070645045433403 0.36703276138482699
0.51338024366909873 0.88326164930710382
0.54645789166628789 0.69400539253001314
0.80819923196130272 0.52384089932486644
0.21391685264547566 0.49916459993350798
0.40770099078224487 0.71904564873021015
0.19071869142500245 0.13311314841372782
0.21441065593359959 0.46903576959810539
0.54086311203784609 0.16935711970315931
0.82740108265130496 0.70691000779469471
0.50912448412550459 0.96456057410583340
0.22280724252664710 0.40668786551668135
0.35874483741677704 0.66587282056517605
0.48928327207526801 0.85543951193970602
0.71624855663372744 0.33365424514914777
0.17640724407721542 0.19787845402508897
0.85027445926574519 0.29611280662250306
0.39312961993701490 0.09107305579860107
0.11195850329901350 0.52657156933714611
0.66731703261006126 0.65104964958498557
0.49124365768064043 0.45752155829597924
0.54215221485538123 0.48428634559906258
0.52851248418715047 0.03555687359637151
0.87487352989351441 0.64063250984621734
0.76213162038388926 0.72971670900533170
0.33515992894278684 0.55424241232792348
0.40653230335406415 0.64618338357656091
0.35712981218334694 0.33943745134370507
0.38496838433147074 0.48591392697224189
0.34579982628276112 0.79284152844500499
0.81852471855964604 0.62806985482963684
0.29312693586125155 0.47140665130044623
0.23678673918299337 0.82839032135856172
0.56949761640495722 0.81893533438494226
0.84772710691406106 0.60786564349766892
0.17940909670384636 0.65026997458386870
0.91335034842283458 0.36271883675548444
0.52407161437063021 0.34842111890586908
0.84617064394513386 0.44093189261787646
0.08345686688166039 0.36470187673132137
0.32192780594276965 0.39043925583720723
0.70903668672446452 0.13366647165017437
0.20492371734524606 0.66165704331376340
0.67660201257225439 0.08517270345180988
0.70431867446717011 0.38136653689302358
0.55922593411614974 0.90838908125510465
0.34921192983903449 0.36669342760828139
0.37072260895612485 0.56493877400782633
0.28034594984048589 0.88898491106430733
0.23629923396391850 0.17144695771454466
0.88734636193590399 0.71667456563494858
0.32547257256203316 0.30887415617574610
0.16661375175181228 0.32028629548780885
0.31972256989068132 0.11711455000370753
0.35460475732297198 0.81127443403881150
0.24529735136395028 0.81702016514786524
0.36367107390873959 0.09216071748406682
0.52293086084088947 0.59569865999744520
0.91839401237280827 0.62147773221206126
0.85215786732662779 0.43730672313469632
0.12131580064586303 0.43478958175128546
0.65810616068324679 0.44609667015365667
0.63635827019720426 0.39710532706182100
0.45319172893854481 0.39359495014497825
0.23284686078260639 0.86767761333002980
0.55906381482943091 0.40111124821927752
0.72924485565124397 0.42387766144312095
0.57291521268467327 0.12667119935431914
0.83155561722827320 0.13239627168903492
0.42484393435120477 0.06273890189474549
0.16399614884661259 0.56362404958756396
0.32882633761959718 0.71458165675992802
0.33399602139856988 0.08023676662591316
0.83340441900063866 0.63534508504211318
0.69789836676247985 0.34636925904132043
0.51909340860212994 0.78857297901798173
0.34387672274218578 0.35305476885409220
0.17193571006928590 0.32891702799335448
0.05327193783874096 0.46672812080371173
0.83275928451436321 0.25997812535505932
0.43900079010474530 0.56587173508796207
0.46875528934073585 0.31922755002511916
0.70396494008324928 0.28271104327493901
0.21296276800365707 0.37876768217828233
0.13387535750245214 0.70994841120490504
0.44447242634395712 0.50556459494574246
0.48661111642846105 0.88609993409390697
0.62382980431370760 0.52305112078808413
0.42600034463513714 0.38781625963657235
0.44541565895352797 0.64751611844335999
0.26560564315354718 0.84127960568922266
0.78870198203280506 0.59369823475344874
0.12476855415016502 0.35671103070128363
0.36260373630118514 0.92257184616385002
0.69934204793461674 0.74533516681850587
0.29308265948584844 0.44300028007522230
0.70481206530739182 0.90752331111667139
0.87203986335253925 0.44294445323565118
0.53112580202471460 0.19756612601697032
0.04076240386103359 0.51484115171868750
0.36561882778056165 0.10442501661943340
0.73549842064691584 0.42627716436963364
0.16980068096599324 0.79168294145585827
0.39309551325519576 0.38015929749247707
0.62514208111857472 0.51610741444887065
0.47803911426210610 0.78139494103103257
0.28841430039638799 0.64970246639709328
0.40654916298133326 0.39049115732352951
0.23651268743067233 0.76829755785089549
0.09859972011964389 0.34397671321821960
0.65667037661945338 0.29507046052695340
0.39867255691275438 0.75790930442908722
0.31195961405820777 0.35124493173895316
0.27519516469891253 0.65273668287165820
0.49240636473447913 0.37196329837478009
0.34889173237265286 0.93186601879444819
0.79532162660717898 0.58235967694561264
0.31357186604004400 0.34354903236340983
0.63588587979220090 0.90163768894232454
0.34542235102724517 0.16517512037173918
0.46857757979966952 0.38293186145167202
0.73744541313759671 0.68650760006865319
0.50561254472178885 0.12839492639681852
0.15457615833219696 0.54592756086980621
0.59484903214166107 0.26620462547763357
0.68357491197387110 0.86352765562997624
0.61086929366048270 0.34156234079713416
0.31954566653120009 0.57523522698500618
0.89324076445504075 0.52344117486366737
0.51123856015591584 0.69501982211419921
0.69878406776939872 0.08752597701340736
0.31852746595480963 0.76575202093964212
0.46474109592099500 0.39894516166355137
0.60393044186963407 0.26763025946507402
0.57443496959721707 0.77736323197124979
0.18287825563303958 0.33557206228507630
0.13706636767178598 0.34155103155385147
0.83928382819237446 0.46927339761042780
0.55431868231474979 0.64393756198273644
0.73741769702068116 0.72051169802128578
0.75499157900121316 0.38256770652738459
0.81422762073467736 0.22800027320364186
0.59929651732987688 0.48143245056614309
0.55624683625010274 0.37530925812506200
0.59100202224172549 0.67936032916641609
0.43484456409583161 0.88144614540583899
0.75192380483519161 0.40736678815428007
0.10241437258360284 0.63490694237985335
0.88767066077599777 0.67891509023706498
0.02000388740049756 0.43304321035969140
0.15326367586961384 0.69435686854004752
0.77568466975271544 0.75037560647159351
0.36963524594668812 0.67411985780523009
0.28974940804925647 0.92578981494350554
0.26431544640215776 0.12283091396787738
0.50356625784855136 0.26479737418966248
0.57826219885019903 0.43703100118625526
0.64866046509677100 0.18088419974383010
0.12950331061177936 0.31788677224681783
0.26127326783532689 0.58015341696766787
0.84182072705264643 0.54962142926247937
0.42201674756752372 0.07885408197448368
0.25615703359709613 0.29062243745283839
0.43767316166109954 0.38123739980597665
0.83398842848087229 0.47413315092195912
0.68791295198736835 0.93165947841497287
0.18302958965778082 0.30158054645585103
0.46991812640862091 0.10343463259042139
0.24982309240697601 0.74167784943543524
0.21345211846550760 0.80776951941280828
0.47860533156562196 0.76032024775846296
0.52619841195881811 0.43050337124649662
0.22542563131459448 0.57775907110573421
0.26360765639059552 0.41887814940906304
0.18430593466963821 0.20527452657579659
0.72115646588445970 0.05604458657996991
0.87256978234321370 0.76293348262370297
0.10007859126524433 0.38950153956729922
0.20386448822150888 0.83969130049086305
0.36822690550438442 0.13046532592223806
0.29978688923010144 0.19417865176793697
0.08439768061372400 0.61827544637678622
0.29558980300706228 0.73239135644602371
0.40296629340069789 0.52834194970567161
0.43485545341087178 0.03533696752546431
0.66131009084009285 0.68283676257320136
0.44881689957878684 0.33219767691921759
0.75307281790005276 0.34681803082294621
0.21924604928463101 0.76794325131983143
0.43314720697504500 0.90983887557771903
0.48947211686604886 0.51697335542390388
0.06059127871702398 0.32440651490289685
0.52058169190704651 0.29343455935836149
0.04301576609589432 0.43179151497436646
0.78324646586228452 0.40130457554760374
0.68606521524156161 0.62165252769665635
0.47205294318110980 0.55264621057315477
0.56665543116702954 0.67211129203840103
0.45747956755888347 0.91382005912920772
0.93204218543377015 0.53680885175641990
0.64342323090675857 0.19973174472120567
0.83164171577430845 0.70030851570138830
0.69471589652501609 0.30827368558883833
0.27706004194116846 0.81159144806254657
0.56046351601335942 0.70583864054369749
0.60593761687902370 0.91152089970487105
0.31423678666450028 0.67316311718660216
0.19678392434923186 0.78022339418797204
0.42023946194492279 0.26236530200914265
0.38453581083686383 0.05890030516463117
0.56828900331128951 0.48540511218393873
0.76818267232900472 0.30357494900988463
0.42468214761515266 0.77595709655829292
0.41251064653731617 0.48400502459989531
0.07363832852949158 0.55644737586994364
0.73037178175200523 0.67150496884762167
0.39518022303302369 0.55264778131786518
0.47620666440548115 0.18572379231765287
0.69935993433026400 0.30314909768336551
0.08066785328670492 0.36022439391836147
0.57387548380833331 0.23122505600366880
0.59149150182427568 0.42487746026420575
0.68434979870193480 0.41927528133930692
0.89305156218176263 0.27008382671273934
0.26379859356555252 0.13112058138652960
0.67684972618676054 0.20786744714736352
0.19097650857993539 0.71507026915078731
0.51149641780604482 0.67238497190176361
0.03977491199229401 0.39533953897491164
0.22978602717273380 0.31874724570896323
0.79106239778998755 0.72014850239976047
0.62638982626626394 0.94996650158686879
0.26768851363016283 0.91555350998007456
0.71634051001058696 0.37474602063906148
0.05481603112767313 0.59620492806517589
0.58090709232579274 0.07805278912212241
0.05946379343325373 0.49085708567436093
0.76815011122151933 0.70614436999935071
0.59331192843515446 0.45652249081105484
0.10140508654166563 0.65175486185331422
0.34119579597152450 0.85879187171479687
0.35852972709856662 0.44302331481029422
0.70871515514810235 0.77881124063472407
0.82680288136208224 0.72747338857526067
0.93335404176213266 0.44737853827081819
0.48785222984607585 0.05674899689874396
0.66995841617180396 0.38022738789563670
0.19400826502477320 0.83650322516828024
0.45502776870180561 0.32480535306544522
0.41488683453899139 0.94356236914169500
0.78734360958017025 0.77809546570767607
0.79893940464131696 0.40318003334698610
0.25250658822270999 0.14019122081886631
0.02801395439303121 0.60670337469198354
0.32909393872010656 0.21761708955439604
0.35479446522018843 0.65992009345413460
0.26773047963759200 0.11868697348253224
0.23483754342488869 0.21947413019690087
0.46439224832823334 0.45097599273595712
0.63978970532209334 0.75565446639166411
0.54443501536970573 0.24685867307218826
0.32068955774077318 0.51549152324215153
0.76985346650999154 0.74413909497637165
0.72544108776505478 0.57071563976152218
0.32929418614630890 0.91404281640439511
0.12712826035237745 0.69884896852471445
0.11043063516394713 0.80955245294087053
0.41975076396936190 0.46495756748891520
0.29233788789995435 0.40044976887614864
0.59980881319245871 0.21183872298404985
0.68881844757107269 0.24835534137694704
0.29121588276954630 0.23140072591547994
0.45840163268592232 0.57433362159508339
0.65114697664369559 0.35603935055820718
0.88125628179943449 0.32992278861491531
0.43324160302008013 0.08555408078976885
0.62290291709055434 0.45809945586689244
0.84162543908154519 0.33150737346344050
0.63883940625593916 0.74840654734472467
0.21098297657817058 0.31539118425889834
0.34624559374727559 0.72635300414704951
0.77425550342848248 0.53624926360355574
0.29596604264742005 0.78008835524828424
0.58756679725080019 0.78008048258461815
0.21755611457554377 0.11075531837891150
0.83759718287567786 0.17804203681849551
0.46870267515259595 0.03719869202762609
0.09170373938181285 0.70036221831153989
0.21642325832910750 0.61283396373681698
0.41210081987448188 0.10700222105627519
0.41296465864194032 0.76635730303547633
0.83564614820115879 0.21692590340882492
0.45210693116337025 0.85545563661611201
0.18836331885674870 0.25150975852649271
0.39950508206532037 0.36685081566832589
0.92625999955979943 0.54069808803795705
0.07774652185569106 0.63165240781780563
0.61988244884818144 0.09195397487351191
0.15000638601824187 0.23300856695297548
0.52608950846376612 0.78029912798848367
0.42075816540618044 0.65645644610538012
0.66502571233324570 0.87993805769705680
0.14670584303842713 0.78149525423784194
0.77059366542644903 0.13894612807110071
0.49631312703207803 0.60498039473431897
0.39864155302989024 0.43603804737106699
0.70598031463416633 0.32331729027556322
0.13919629013641263 0.43956025209123573
0.37132023649372209 0.57536525024515295
0.70324128082531057 0.60987075221273113
0.74110016904868958 0.58224179954865563
0.31600919255369320 0.65990294603413446
0.14651360049350762 0.81246245844283527
0.16640279170572053 0.78049369145893832
0.61495270060549934 0.22566560392038434
0.26077085159057428 0.88337325142575862
0.45158844295312922 0.50430743314966631
0.14391991540470667 0.19376251551856569
0.26306211974569288 0.09645602037273862
0.71407101045305510 0.67486757885046733
0.80476667714019912 0.25857239225698170
0.85663088232242746 0.55377651461919375
0.36401863833138248 0.44679359700856092
0.79744032499577422 0.25875953061229801
0.10005010759253319 0.71591338392882908
0.91666023205250136 0.42529299678220828
0.26860463313707234 0.29537979592627922
0.26231658425263810 0.92086750736095602
0.92772616625440463 0.41893086850404376
0.73819176961062116 0.80161550184098773
0.82315297432707180 0.37860649935441920
0.53175585920983570 0.37324952626339769
0.49011937301747582 0.14135566566008062
0.54227414506140992 0.09018729633611819
0.81009744382859916 0.61769989130121861
0.59404599049296880 0.60964654097708704
0.53944602772829964 0.49654199386280407
0.73961616058775193 0.56848891648962940
0.59216241755321186 0.63065603855678454
0.29480303002176322 0.75325280523191329
0.56113520173684461 0.81405394060455150
0.68212547127657719 0.08253697403019228
0.65268118608834902 0.11111587431530817
0.40179632761879841 0.51445536576530881
0.10678623627245803 0.25279629580014679
0.13100104055792652 0.39517286172664590
0.31409818006350038 0.29472238610496254
0.10971129747392094 0.26506933621462136
0.83475613273605309 0.79065186860635828
0.10069596348797842 0.32865480734208680
0.74902023238445992 0.81939811188547107
0.58061199001881769 0.45730789459545745
0.42462860316168644 0.19992422448285660
0.11958356501781808 0.32205711640457862
0.64610540366591651 0.19305513234546209
0.39213405978966970 0.28362921863429230
0.46428405363094666 0.08516591722208872
0.04742075212361985 0.53091236435417710
0.94781882571151510 0.44432463844472125
0.36483671811868024 0.46889581123294521
0.87735290701222113 0.31547018762558243
0.49985903221486122 0.68315179669583725
0.78052252445646486 0.60259601754274172
0.25268471756771599 0.59178253351954890
0.91494355982623754 0.51108430524950432
0.17017420109105316 0.83302831532060406
0.42731307904904264 0.04576948717598733
0.69482030442763398 0.12224030121312406
0.56382541984134771 0.05144465858537595
0.42546051390136996 0.27541299946898423
0.63712455570082294 0.71423124708369468
0.82221095697447499 0.61715818290432012
0.69931201374321839 0.73807796698468520
0.55595061940275137 0.54553971576267968
0.05669717216769501 0.59119565402169849
0.72485320579606161 0.14414853252028167
0.39505324547241816 0.62440677556593582
0.50907677516722361 0.63904511621734661
0.68881788338378136 0.07773737773090551
0.86712623027339131 0.48702160830390512
0.29856532151323550 0.91311349267093556
0.64539539583093930 0.66311758550658950
0.61602590006957902 0.63957007335329730
0.48042215149373652 0.40421765675730936
0.36074690626581246 0.65296765383985622
0.82027927078706908 0.75820700031460997
0.22995886715842026 0.39425446554970911
0.35391480659569852 0.57699343395060487
0.18844144732746360 0.83505436410434675
0.66034566108239601 0.57829063175666306
0.82920098426290834 0.69362123952588273
0.58122952413352769 0.89790747575581908
0.82264446194401741 0.19869187373982300
0.12441918768703610 0.48842503448220137
0.62522952483206673 0.50847214222505466
0.79315570544449598 0.37451207854560459
0.14875507528552923 0.77565750514516218
0.26206377659760050 0.89434292182589292
0.84105537910227313 0.76290792045567801
0.59690436173740413 0.37746099988832449
0.63518409859983360 0.62381085668444147
0.42681884539124870 0.86048488209593377
0.42424775959551686 0.74643467662234830
0.50782625235816858 0.17892333774787697
0.36434712961149252 0.97247872810795133
0.42730765450570785 0.35509056187978699
0.41532270450264153 0.90038536136237646
0.40575655088610346 0.26930526537059274
0.74696926203587144 0.27709899784341707
0.30618870366688122 0.34773100241516014
0.83862946618645551 0.64122362318555803
0.65118080086216734 0.30016546319053500
0.46922223603803837 0.58941749713818581
0.40535559443909452 0.46933283284776572
0.39370032183185805 0.15415050416870857
0.04854235380812809 0.60637673758300936
0.12486873825678117 0.20206274788834130
0.39915787708962347 0.07454194662412872
0.44190688625036456 0.49967145802730811
0.22037149023946084 0.88400272980835670
0.94142401590375546 0.51293482565820547
0.33890379225456907 0.61451233801305716
0.60764225890806645 0.66577344685117945
0.42782022042074652 0.84778950625665594
0.53470326517513278 0.45476346903902493
0.60982303141486849 0.92216595966010673
0.54535195821989468 0.73647553792127696
0.06741720784220025 0.69598742648323120
0.08080197878797712 0.49466785755577108
0.78319185355882170 0.81650315932796569
0.14635573791113701 0.65906538150361538
0.73177152853391347 0.64600540518883021
0.31254382130284886 0.09768441207564096
0.64650902659407672 0.92313491985984331
0.28543911287936352 0.86408214120380389
0.38041909973345306 0.11782333705157146
0.16445258123815176 0.20055120273199281
0.34798408939316833 0.19075663194877082
0.09186209955081549 0.64913584052726847
0.32856652072575815 0.20527864498664666
0.50179501674583271 0.10576144811614795
0.36654912005644841 0.17602172191539617
0.23909408177965896 0.86669810921352508
0.51645843621755738 0.33203041885107887
0.76820126447913084 0.71686169791606280
0.35670516626867904 0.38779981133170588
0.31690062660131013 0.48211342274291519
0.78768011040709041 0.14724257355853718
0.67026770328099083 0.53133402306722366
0.73212420518138477 0.33153972018097017
0.52429668915324512 0.98252864396008044
0.34198231886330205 0.40000061273759641
0.08262934300017585 0.29628834610024718
0.44675520926238915 0.95382192973434177
0.53091627740259939 0.87231683515809366
0.91229621774134417 0.26126310206500786
0.17940814673645070 0.17665834911149630
0.87971682917410199 0.63622058582651175
0.42377468594042877 0.02520043225520676
0.04866545408110490 0.48870500649819637
0.22270128997265573 0.24930023724880079
0.14588332500543766 0.72336359549214424
0.61148322593250026 0.88772245518104376
0.02297784387394440 0.61485853122764522
0.16184637892774342 0.37982862504513443
0.09897785472309900 0.45213640738382238
0.69493889614622617 0.64190993202545299
0.60462063318580206 0.48638740435039846
0.46787775752425276 0.28229819386448723
0.51689793358108571 0.90783358701826244
0.48885156975845068 0.30074745211931486
0.19767311481883745 0.66387187931521363
0.61503218034181306 0.46006900165308739
0.47207981519949194 0.11608591075578684
0.33646413516081430 0.80891537327990837
0.27401974070184126 0.45461786407396559
0.34539665280286946 0.59503446282446459
0.80067080397059176 0.37877503851384414
0.24218905693754389 0.84098401067886186
0.31540277889383483 0.88980824002509229
0.64902242949315225 0.60163171587392394
0.62201586474341974 0.37381911144242325
0.87443348635776597 0.71127554123841630
0.31475011269312708 0.25333779324883521
0.08082776180597732 0.33229671816654943
0.79579624359169032 0.22083460629492388
0.83329535334263094 0.66809128467035417
0.32697440540442035 0.49016425991822965
0.60417689814608921 0.25532508752449645
0.33952728916732461 0.12725090649962861
0.74089730394795128 0.45663050975638864
0.59414615742684851 0.67188541769790266
0.50640664759509757 0.09531908342285923
0.54744122903077863 0.07438749330633183
0.31391694816516452 0.07090105264318931
0.25767926825621135 0.89861093708609407
0.78538869500954933 0.47990357358604380
0.14936255162732334 0.75723966152017408
0.62731294757286438 0.62965902810757557
0.74501832888597996 0.17226507702485236
0.81375855989053292 0.56698718701155992
0.68033361436895312 0.14554583844308597
0.78457639349649300 0.12596306620891004
0.71352407709655563 0.85932080387896015
0.92027959989389008 0.52210417294577360
0.24757388880361489 0.13436616801932194
0.72972996899544951 0.11814122288497798
0.09431892215756789 0.43290095662071687
0.69804254939619925 0.05109440560150053
0.25195762547324674 0.20743497091484850
0.73567251054249561 0.12944041194616809
0.78220826347749661 0.75091909079976982
0.04001336424832476 0.44297758197288667
0.28583033210434605 0.23625002587017740
0.68186799205816739 0.81187609572695918
0.55181501278976530 0.61888735549127982
0.89384506028089228 0.31471629253614164
0.60089549669911480 0.78158354091220705
0.28775756434840216 0.33913323500853171
0.72448494383547457 0.12945782961984870
0.10142394495350136 0.28717991227109740
0.75102092044757640 0.68461030500940412
0.56154926576450159 0.22416455376972017
0.35492993581640769 0.34649990811036396
0.57201213293522324 0.85738192983975192
0.79992607182816255 0.12179110980363117
0.53594253995403562 0.84335745810360518
0.12242904373728444 0.37414545580243846
0.65688462297449557 0.60382190505533695
0.27430726601259475 0.80436063826821480
0.08042641247058280 0.62717762697796897
0.81469071178411356 0.73427023001345426
0.77478797548423495 0.60850942166621214
0.74278168131122091 0.74077541797583568
0.58671829328945035 0.93799673094663283
0.71925932866058517 0.43133593829988964
0.22115496105122051 0.13469124664884791
0.40927211586193901 0.18025268850069101
0.92870636158723430 0.61177484188265274
0.69233916149187791 0.87153840714899633
0.21663014884740919 0.59845842704980223
0.73619511997796427 0.36783807819689540
0.48504516196721054 0.14581632824430690
0.20368713606568517 0.24469487189230632
0.08252213841053893 0.56286098992527311
0.52391512059887502 0.87313909727628758
0.21401470291354188 0.20878451312593899
0.80635612975475424 0.73533497254524061
0.20924238387956937 0.20471433095472436
0.56384160142449924 0.04590611019164887
0.07780766211517391 0.36467155394969553
0.31369949674232600 0.95149291534675473
0.83345684699996858 0.25379494084600640
0.29486826251737736 0.71844150316621935
0.46143169279102070 0.28511043966810384
0.46394743940514283 0.31454917963737478
0.55351084402207829 0.81241686304437111
0.77608493394442946 0.76361310114050673
0.34018815221547977 0.54011567986440934
0.89860435696785856 0.69173648702256718
0.33828264145476428 0.46732782949347240
0.24899750888914834 0.54620212862974449
0.62955187306744920 0.22816233233343680
0.58594250154378213 0.11616754178673576
0.40245885936825671 0.68317722838227557
0.57877712800600112 0.21701533999253997
0.36390283190924155 0.24067440338546031
0.21729702296025752 0.56060613585685881
0.46375646755490380 0.77781736715724070
0.29316910905800486 0.63677585987520202
0.81287079209362079 0.77701314622145645
0.83968710552032577 0.23587817564434191
0.64986938267117789 0.49001562581933561
0.88013324296608364 0.51741083976396707
0.66347338378596710 0.46175464096402641
0.20936624867951698 0.60091570801228655
0.88675640908237008 0.65411350783658040
0.12746464942445479 0.46242994189715592
0.34752134683431590 0.32169168879348042
0.16918397107569955 0.72909662514863727
0.52133048134040183 0.36846555000838410
0.61325411264531848 0.47636771084508278
0.30761370807219601 0.67168212588768383
0.62855332310564627 0.86339702390287021
0.64492783873262693 0.57014546623846751
0.21527573945974421 0.72210525670836023
0.16461071049312531 0.76188312329903063
0.37701442525535178 0.94175812038457207
0.91986905181737744 0.68303023765123061
0.40253621571142262 0.34096751949441101
0.71956857913905470 0.11246473214472628
0.42922746717686983 0.81510349101898205
0.16616096224040747 0.63300649749264093
0.49984039753703813 0.11641188119346303
0.58259657806094056 0.40253175280640097
0.21820055217827136 0.64169770680654514
0.06562600916728961 0.36551480599992048
0.15341237269695537 0.76788143451740343
0.70478985663187899 0.89930714140359402
0.10614681007992335 0.29010285246636980
0.80025935521604952 0.56666264318241555
0.60724019030698162 0.14841171975110423
0.14421240187294790 0.67841477529761174
0.56978411367598680 0.08189547799091242
0.23928082996496852 0.83433279032865959
0.03333623337487542 0.44394273859267502
0.60244407130618349 0.07034522441378910
0.28232028508060258 0.18237474062600345
0.37184604012681843 0.22868371517583805
0.17120097176240237 0.26865043659452742
0.09573679735049377 0.50811900209912697
0.17437764521194227 0.15664187419829073
0.05826315763822958 0.61991217819436228
0.40008884460135752 0.11381988809624898
0.66810491784235448 0.67898615078859059
0.61094840832415276 0.57359698940473225
0.64161038836936168 0.46350488968839904
0.34568439175332538 0.68963060551634858
0.84575018270645708 0.40502685958376061
0.83567438590333010 0.33908695837057623
0.33649217917889718 0.71426140580906206
0.28946795443854129 0.38670730252319202
0.64137717317065857 0.02567502727018184
0.38988239696119947 0.89691834907067802
0.51554379864691691 0.54761994944241377
0.21292819351621167 0.57436465027829275
0.55197144509288198 0.04618189175089104
0.85648535198061482 0.17428052829551083
0.41992924716676805 0.56769707342005804
0.31186592498878218 0.40538498326115163
0.15947461592990142 0.67743590656711550
0.42581399581380402 0.24933612488002010
0.43806061428258347 0.54666819433578362
0.34822557256301895 0.68139932336553422
0.40816521868717254 0.40315792888375257
0.25588347194812744 0.86613269390648273
0.75003029458582193 0.14189761031118367
0.24351350973051153 0.66752215402706694
0.13253029203435363 0.27022591297149623
0.30246452739647578 0.47787294836842686
0.62907877964016512 0.25802766071135586
0.67255592221529892 0.25063629706838902
0.54667776249563038 0.55514126942039244
0.63936231866624671 0.28277326446775958
0.83416424850603732 0.71311744260240439
0.90542560216235390 0.45920461633878018
0.84739041556134331 0.51135824542679642
0.58893376520494645 0.52237880835166073
0.32547900547427294 0.90945978124340476
0.52270288319273739 0.30711078294845900
0.39467007464261655 0.95261543490807765
0.25001281797538732 0.15515615663956830
0.35177281750007322 0.79719632162809806
0.39936375366996479 0.74344015784036632
0.70396900674128482 0.27443449910159390
0.31341149876911695 0.14343600356912739
0.20228779734055005 0.28181399708841270
0.11146971485533548 0.68381952518051980
0.49660264271700671 0.04304611627370721
0.60002476945790062 0.37146530380232440
0.51901567144716465 0.14694453854226922
0.72415881083926792 0.10850459579562764
0.24806200718110932 0.53882893875215288
0.44547612296483879 0.91033135675151633
0.48935296691591323 0.47430479260676395
0.24857351812084014 0.27046838000905338
0.39871062072305580 0.76500301005214044
0.34639019607640165 0.40573479905026699
0.53896078926808633 0.00833563822641652
0.49561708188204234 0.31285573095005892
0.53403684398678386 0.09874625647466916
0.93204981745308368 0.50630209561418305
0.51312242055706325 0.94567003917294845
0.73556086371234353 0.77541503817375301
0.49401755851360718 0.29150250054010490
0.68321638375032123 0.50346883304784984
0.78826330661802957 0.38471033404942989
0.10084512270601452 0.24826750429971362
0.13183253265650793 0.24239715130376793
0.12793134242766183 0.25274058153367784
0.06643492539840892 0.37632677453120239
0.22051703808678119 0.39087079558647653
0.85134964960145287 0.35294382005464831
0.41116824091262671 0.42025112766786243
0.18916204910703874 0.62997143040375703
0.83932489415764566 0.53553788539335168
0.43531352429178843 0.12253844045614150
0.46409267826029760 0.41307658046126683
0.65006682537643634 0.32998183967612266
0.43072163697176680 0.51037687907881901
0.38389621611519581 0.27262230829359263
0.43071214440805095 0.69489860990340802
0.13308577313158698 0.30177582575187073
0.28572703911775504 0.63569990251935382
0.40628535279779110 0.30373005256899754
0.17961793919628385 0.18238592046177196
0.93903183077680508 0.45131239857442473
0.40545777056261834 0.97542687265302064
0.39951702142056206 0.88672503091327992
0.42365956887019857 0.92115857751851860
0.89853790590259719 0.26512232101036226
0.84295953598724482 0.17286193985131898
0.80597301593550763 0.33201546588620645
0.25314975143923268 0.67809250388213183
0.57730648506900006 0.25381646833391958
0.15881459652442537 0.66403776275770721
0.75488336826625124 0.26309738336127686
0.18305256484878685 0.76458329229029942
0.62117141223344352 0.07464043648977484
0.22332747582990906 0.54674531061509946
0.09429082747710944 0.27741865462967913
0.05168892963900171 0.39112274467332658
0.43618669945499478 0.18383460172990623
0.65404277231518049 0.58080740191297031
0.46421986761395156 0.61893484178589375
0.38029705830784633 0.95545172262848022
0.22104308403154038 0.24211084086153081
0.09593408210318123 0.41206174067942514
0.91828388884196843 0.60333117633494671
0.53398506679961721 0.64780314032038344
0.23280537919337779 0.52041705255441228
0.73386137448757671 0.30256837807002179
0.24469386507606486 0.56707223712168031
0.58424201079793847 0.22206451932678509
0.76090368008544929 0.24756161602626783
0.15404538564077339 0.22301191380402091
0.47439535607712008 0.06079036991443639
0.33905784266440792 0.37515827886703002
0.39250063358308751 0.55904088394701823
0.61967625256738990 0.14304716255085564
0.61541510980570058 0.07405272932076695
0.42458280733025550 0.62208262093507971
0.04353321220702019 0.40272102318819025
0.40956729055390073 0.15959255145622550
0.58171355411785153 0.94236143676347306
0.65403754655784396 0.83774767253106019
0.63548471695496189 0.05537713338369345
0.47643603923620942 0.35681782207490226
0.35716229056895865 0.29493721132631551
0.70841600593387377 0.22075969870049572
0.21575130983737467 0.64826045816839273
0.15011771917058453 0.78659422245827659
0.40017589614240434 0.55903782877952790
0.42455552989068523 0.45015447883533349
0.89693500582394703 0.67195970590693455
0.57706373467997041 0.27100448162685004
0.54706496593878329 0.28345869553683128
0.49120304096428735 0.49099569499631363
0.65738700630041991 0.18937542728225312
0.56262851191467000 0.91404350813055202
0.33013171171290417 0.93898775624442399
0.75447578640010937 0.59130471540017937
0.35125769896833908 0.77989850928911386
0.49046674232116172 0.41283325848276547
0.59291482074695090 0.17608672448467946
0.74818550789730021 0.74569933874277272
0.58580069485210839 0.38219766378958120
0.67162953672853631 0.69892653424114370
0.68407761141540424 0.71441789164349678
0.51842454847159058 0.69263119954860386
0.12368483038827370 0.71551658612139823
0.13812324023484590 0.53478272294494766
0.50482544428131904 0.72608819919904521
0.50882761473152527 0.42206354339740254
0.36037738064880498 0.17381010685182116
0.43767010952659097 0.71473546859705495
0.43837350633856975 0.25427955675583697
0.05492776110609188 0.53818832733611588
0.53071440574322126 0.51454887241944314
0.65660196134271076 0.81449179193807908
0.63349407065836616 0.91748275520106248
0.25451943089376261 0.74691886241074912
0.43155722224606519 0.61872469747689396
0.60852299641933683 0.09264202387999892
0.16566088699583728 0.25795324805964742
0.53954672428662309 0.73226016850252229
0.24043026762141440 0.22289488226690657
0.51922372494558389 0.49136515656413099
0.65544091566393015 0.50042532674151274
0.19587484150348994 0.38696651657043996
0.14907045639850872 0.24716618937421572
0.63434572389296828 0.46438491246207630
0.30984176680398473 0.21308767274141066
0.74502248715960240 0.41004986577286751
0.44506323113243368 0.22546862073254798
0.49192068765973934 0.20204118989353761
0.25442215645725136 0.31074642622211807
0.52962453935202825 0.11473679141762272
0.69781304940553046 0.56243230693548718
0.26360352977192730 0.90200476178872191
0.83094743890908240 0.30375210575191358
0.67807405230583551 0.73430680591565312
0.13308937122705650 0.43589024223255507
0.39697284789618414 0.41680574451904773
0.15271271343807646 0.46614876194026783
0.78087943753379108 0.22183725798496357
0.68127527754186634 0.58901090625155894
0.65509758953201436 0.85311207021722690
0.33319283590999887 0.78870238158103745
0.64606959577690792 0.70697385489555842
0.50662365674542897 0.21492282700195434
0.78559206568007589 0.70759433850964049
0.24193752050958955 0.16290988904030640
0.50413393698364883 0.44213110253810811
0.58585594600927549 0.58442004718466378
0.93266561329976383 0.41472435708818506
0.53386499334438653 0.58901141805007062
0.18036071710992216 0.48963256397908445
0.32780732176988536 0.12457917020348161
0.50538010233517339 0.87807786681162892
0.59432971551013170 0.51785627600374851
0.78869947911648919 0.71408064844034103
0.12677247726315152 0.57936058846018001
0.73381388005404358 0.06064057748884230
0.59914180493292934 0.50679201344816838
0.65381707256619659 0.77995304118743458
0.14371389659210032 0.45460480619337851
0.26166190757655788 0.25361168711743037
0.90903949612633084 0.44286423785413270
0.66894589686561856 0.58306124861513353
0.05848818520835871 0.46956747516541458
0.36075586758135431 0.71373329842433686
0.30628922782459295 0.19600112469708575
0.17226731844109305 0.41792460134950715
0.33516797330711556 0.13294212215310808
0.72995046331186486 0.11097439884139712
0.69383690821194832 0.65572550357490045
0.51244446643836150 0.55356141297227957
0.34640061097394304 0.94118129676253692
0.62828637569231827 0.80009983159768605
0.41125834736539302 0.88144600287782782
0.84505876431257243 0.47303288585801340
0.24738634642226684 0.17442524873722173
0.20445810813585685 0.39728238418397499
0.36204095905641970 0.80918907049450928
0.06797657908732342 0.67165822916523310
0.02912585199301804 0.46363201817417898
0.23933741208876885 0.75923607619950195
0.62837048808761609 0.37150034324096620
0.38564003545235875 0.34828792122427710
0.38923231838694217 0.07914079551052099
0.22767350912017545 0.28769148628266339
0.84181035431832463 0.50767563787691838
0.30571258992592826 0.25145638863537284
0.25443891547527159 0.64820462263756318
0.77372865205146812 0.80846878495101904
0.78041101283246328 0.73750303706416609
0.33461494616949922 0.51313160658123691
0.18740859978158617 0.34904843050584899
0.71116329330585981 0.68169850700827972
0.44510208925042050 0.47282807916797420
0.21607915927298280 0.66870244285964819
0.26295610088979754 0.80914889072881435
0.11970064573296571 0.53733837332396384
0.33049003762036516 0.41591849532532726
0.57505896107970078 0.80726571826278137
0.46132336302158117 0.34960378396952857
0.71488921144159445 0.10969218551919377
0.10657957996965084 0.60322760627352456
0.40221225319535459 0.18219111231921370
0.41949896115370688 0.41620259515206665
0.09921633664265196 0.31142500279628849
0.77867147729023967 0.81240272684364512
0.10041660137558922 0.43427707268988935
0.51394181478414236 0.47288868031611603
0.84343367899597699 0.35217012133838366
0.44228050121050011 0.27240511222834135
0.76198609922250660 0.88872162979281943
0.68296102633592826 0.34087365589715901
0.85063364063332791 0.59426375244294860
0.81677475602793370 0.78166093336082743
0.30555947337094591 0.32006200255771250
0.55149367519041281 0.56070284477317678
0.36663011113324295 0.32726441534162837
0.88673295936362040 0.58377487414425933
0.91204771307074473 0.62326841335690208
0.56617279407919252 0.09901861001131487
0.28664800380597300 0.34710530262364886
0.47875079309742075 0.19924023327438870
0.43886660470579503 0.46662462259544274
0.45302530069147412 0.59815954277934058
0.19047185668303976 0.18513720273322659
0.12741644001182464 0.79220116932727924
0.56229844834366294 0.06221780920053731
0.51494642246633215 0.60638035837055038
0.57826631533021244 0.01364498968366753
0.19842453389209713 0.84123572959631709
0.61404205288664260 0.43374079691470074
0.09950542031348919 0.42192354840874574
0.09411816825797995 0.64381566050981975
0.76436808866418238 0.37153049508505842
0.92383469037362398 0.40686537756061031
0.49234135811193008 0.53434604556612841
0.65860712317271175 0.45709483571739218
0.87341124132631909 0.48304597500084367
0.20736128734619710 0.50285191222324255
0.11017356105309220 0.71985535344456852
0.26975677415695648 0.20507952978983807
0.50297794158717879 0.57656990538468122
0.43743895521463555 0.36289572117471403
0.55123182399369963 0.38907560375336331
0.44583350064668037 0.87482378665232574
0.24043207924305243 0.70070276277750487
0.62049347964813473 0.77741828145805558
0.50251009169878202 0.40840216455884781
0.75276190933017062 0.45757035060217566
0.19878542772179414 0.74100077429220201
0.13051530024798272 0.24796235574834280
0.47175679206802906 0.64840379150501726
0.67141081258558222 0.71235833343636212
0.94210875507756353 0.58662986484366142
0.43903127413700366 0.82613925672419630
0.24610278325550411 0.52406138490419574
0.20767973373763723 0.53298554317645774
0.59662841661959420 0.45093131636112238
0.29512743319936008 0.93069652134537417
0.30738610797412025 0.89625375384715222
0.32843966457983120 0.87713475848670419
0.16731681349934607 0.38874325442204660
0.58215265432661178 0.36432029884126604
0.69990687062146284 0.19363867228682410
0.18090240684584744 0.23094284960305148
0.22496658958192947 0.90767426616728353
0.45833651009390608 0.88228870035296914
0.49168534820125237 0.21101575293362679
0.87657575520219011 0.24116552708700870
0.36874404914526637 0.08262138385195596
0.40538960248628975 0.48935844175622595
0.76997221167817242 0.40622476069962116
0.61210602649510970 0.56647362478105989
0.41048535479030485 0.49667167616508545
0.28466363846783171 0.89306787252777697
0.18822036471339612 0.19536778146092648
0.27864070398412133 0.73217946125322586
0.60562743033603583 0.59966992426165766
0.09468767790544806 0.30840304652036538
0.61061731027838761 0.42806663057084149
0.67964208704992990 0.89350260993708508
0.68103800216042787 0.48797220164028932
0.59169269931981772 0.60264873681362852
0.39920344868335400 0.93986396855821874
0.54134467458177671 0.93305273059428928
0.72295221668191412 0.24653038118039436
0.29904862782869523 0.83818355592098071
0.29939104465494293 0.44515750563138617
0.80303827803921668 0.78333954222743918
0.26264204913902950 0.36479344991706508
0.58488086588844790 0.43623009871270541
0.39628724695869749 0.83864538646259612
0.49581977296281993 0.98436510306894143
0.32259744645251998 0.87313340814897811
0.41036579942232237 0.70508680512855348
0.63753381254074482 0.61061635946926851
0.59302343025800908 0.34863342326829361
0.69975045251025803 0.77246506648953017
0.09199683969768663 0.37673744888918820
0.47779980326653260 0.93802824110784666
0.35532627910116421 0.14324349076536805
0.54711093418559043 0.12273247940278693
0.23478132840857746 0.86231347832460192
0.11497019002213220 0.55585980101097221
0.79238672479762162 0.29845811805652744
0.42329823222842139 0.52974985919316098
0.40198914602385877 0.55237872969410295
0.70505859427564188 0.75805188448711802
0.24214401993431392 0.55380931873958605
0.62500018294939574 0.13302681506277411
0.82457187182951774 0.38511499706053193
0.45283856956838903 0.89972948869951275
0.34164858594879977 0.68334803835321634
0.54464538571207766 0.85462825692203270
0.88163501697331992 0.30949983337649734
0.43577903493251352 0.29915788884787142
0.14754267466003079 0.64195986646777803
0.61060872994751036 0.85500993868847619
0.64146708781696693 0.49697306728931034
0.29539181080684962 0.52116750725289152
0.38423092193506891 0.36928722261068936
0.61839756814216140 0.83520391531609051
0.52247636703162692 0.84747180995857163
0.21783873508593182 0.33850881799896643
0.62964533601081407 0.44384339980869036
0.09181980457133988 0.35885347799875988
0.77221130720487141 0.29157153647157724
0.65284652761540596 0.09099526799581219
0.66598409452321050 0.37314276909321625
0.77427391770591047 0.44652064712841666
0.48931079603289690 0.54096276102175844
0.69265642980947528 0.74600557254340716
0.09188111562772684 0.33674140053172197
0.05123883153138815 0.56949839934307056
0.42219584602873794 0.58920498026550672
0.11176390862569420 0.36555279532789459
0.52858173075073600 0.56422025511779184
0.55476147140798981 0.71031242855419019
0.64361173574815023 0.45709164408861702
0.43754904262793326 0.57715474737939787
0.77675086410369032 0.82738693126930907
0.25132039856688376 0.47126767709809286
0.41162631297144370 0.73638678517702083
0.51748470859313411 0.70656135212403293
0.17554622497787586 0.26360469852740565
0.68128658377337947 0.18735348823245782
0.10087678633624718 0.27962261361991203
0.63834210943593017 0.41108552476235716
0.49809126822212729 0.36842200563039257
0.68969877627669196 0.34446588056783406
0.28047127780060371 0.67407260007594061
0.63109474804679044 0.12244504024082134
0.12681788341870126 0.63004717692504808
0.47502643535068773 0.90728286086145526
0.84911052879456772 0.66436811928809159
0.15408895836146363 0.31705001723768639
0.12975342821486510 0.29632295432195355
0.46813163990673484 0.27514455803297183
0.67521469154855573 0.30887546383163045
0.73521661772117675 0.72738224215740566
0.45193139948092981 0.27302297136414633
0.22521146192131436 0.65894656171185528
0.47367019487194839 0.41975453527617773
0.62438724018155722 0.41685250792166101
0.35134616850378342 0.19980898983554807
0.70227464003106976 0.44878042255073514
0.85175370322925326 0.25022755591269918
0.88946949509866025 0.36931859719410987
0.58236152344680825 0.04416991130828081
0.07204830104012529 0.52384323134595911
0.75746438955173223 0.83519738561353418
0.25375412552022070 0.84783177319195335
0.18703680711705220 0.40539284449081814
0.23422232951451302 0.18227928982826180
0.10534931350458350 0.42338792836658196
0.57577123337474456 0.39072279099747376
0.17432889628113901 0.70273836041171744
0.38956454032748783 0.71380047951674930
0.79982993699095895 0.42197473767280808
0.28951311300046700 0.57334903631701339
0.25729018898780998 0.76376470654309114
0.66071817408282674 0.85606400446908371
0.72434276094653871 0.08645671646921287
0.32065711963443388 0.28981416738192989
0.52199745449465562 0.56579701470484078
0.49352843705698024 0.11767367274390558
0.80867636422620370 0.65112808858718463
0.46580192636173590 0.20366492241065287
0.45819838818128061 0.93110412160792810
0.62216210461697641 0.22719912747716098
0.73339219784998211 0.43313652721348839
0.70964290890211168 0.07293967045966825
0.43696613449100402 0.74642581344490166
0.89718295162311956 0.50319300536016243
0.17705307757035957 0.81680107849006200
0.39203874650967407 0.53275567173930183
0.77385062647104008 0.08732680158597517
0.61130670590337455 0.21840382875252914
0.82836801185595721 0.32953247535652541
0.25688051799800748 0.83226550991160619
0.85949242097375478 0.32207248749860307
0.85569204311491187 0.26173537874849123
0.55796424066135852 0.05163930533025676
0.11779534852172206 0.80280470908933232
0.77966216788581910 0.17037428025027815
0.58504837965808731 0.41594404476319174
0.57282275424379370 0.19193194251802581
0.86076610631244788 0.60940956553423697
0.51227813660993116 0.39095997924658760
0.09464891166117208 0.55912169813250567
0.67062811283414203 0.43134134937517299
0.35718464826116259 0.47335376581786309
0.67196612577584625 0.66783690368519055
0.74774583113783089 0.57923658534130562
0.64399424969662666 0.89253482828212072
0.47506320364376886 0.59267326242368457
0.29480645866955812 0.82801440036566043
0.61569385184167813 0.52548334613698389
0.85136758502400656 0.70235230904585733
0.59749386884470657 0.87609301065640377
0.84575629776338523 0.65125012288206308
0.41232519847755178 0.92769505900804805
0.39564959197223909 0.07836865294425649
0.68586255904406779 0.60170170490778341
0.11162794772644820 0.59074790222295359
0.76309643305313446 0.59229534101654335
0.48984379427621805 0.77263476892743632
0.89371251527331075 0.47356595855208161
0.30238416193176959 0.75498673681452710
0.63102964240633941 0.32926414128037335
0.77241481737489792 0.25445743544024213
0.74650290526579555 0.34858812933068278
0.46593929808543322 0.80622926499928049
0.83245690579186327 0.62879332454433401
0.83699418321075192 0.55724798694206079
0.26717072721155405 0.70924610769516827
0.18858847809967297 0.26239723527270620
0.57825239061800271 0.56289266665283832
0.35903166328091546 0.06816341269951283
0.75616082259981721 0.52638357441784467
0.63640138247767675 0.56971240093625597
0.58164510040003992 0.05002620804073178
0.27147231021415580 0.90281117841634617
0.36378465593853265 0.41542494136125235
0.65926762396332350 0.33014893901470471
0.24579531186671433 0.80076629491028528
0.80518232204013473 0.16462104681433082
0.57833578097844429 0.92784097412489597
0.56986506874892096 0.04692174594676543
0.49525046791769523 0.30581086377334460
0.55386489951273565 0.63737239751507890
0.71461847518500399 0.12286598494676700
0.11809554947128606 0.36766865106274144
0.43180728865079665 0.54029472834917203
0.71277580285456865 0.58153482835650050
0.68528030131011131 0.40548928801184159
0.30097913942864563 0.86041397120140284
0.40122279186547621 0.19269758554437977
0.08001695251715167 0.31411784101386619
0.94406928070243490 0.61384298269899062
0.50802430622839534 0.39581983674270443
0.44824280260592242 0.11245771880654662
0.33156762161302511 0.93148004903649784
0.60481567504049094 0.41090399199178224
0.75298766705294506 0.37543151363544786
0.19321567569934900 0.65200518202976199
0.33309394299201062 0.54215618044417957
0.62411645066137589 0.71082208907352840
0.41405988418557371 0.40750375458243615
0.16373439806560242 0.33927573678173617
0.69297804665588336 0.09337831290878465
0.02140770064457342 0.56550199208714969
0.13921022353158422 0.56210773095895861
0.71810237273419308 0.28798095673807933
0.76750646374304488 0.32482484967178893
0.19598982348403624 0.63028483012046743
0.14058581410498502 0.63044846141407929
0.11583352294356435 0.72117165542686967
0.71914340046325931 0.45711986491418816
0.32717686958280351 0.11780948898162734
0.32329942336198714 0.89889539156045173
0.72008696063164124 0.61221075027793126
0.78860403915607280 0.22100578621084277
0.30401313163662508 0.13548078255506013
0.15989956586355461 0.41182327219118836
0.15024378584298836 0.36939432383108800
0.27380476423010636 0.85975834480345792
0.48051400663985716 0.28251394709413086
0.82338115001087286 0.30594152857066975
0.86846693352438997 0.52882218452650509
0.76880130558628834 0.50213148484883996
0.54144376280866147 0.50341458680777462
0.30724812826052084 0.18925353300774680
0.84896829781728322 0.61518599116775663
0.75984476692374403 0.30020050032577961
0.57587412114327352 0.30317219260592843
0.86231207478533689 0.56251233693111424
0.35732071569411239 0.41765426681485934
0.47433708512070827 0.17063991038035553
0.04154789570153054 0.35155595143596785
0.13288495729814903 0.19457213498500728
0.22767628307641583 0.26244358034218546
0.38944711042553826 0.52605762143165080
0.55188994769375499 0.16080667330931175
0.33807598830352253 0.77527191974588761
0.49578174558169541 0.66372310647183885
0.48707089633265144 0.25261447456121838
0.52472638432352592 0.20014799671474784
0.62505582590655928 0.22073906931515008
0.16170091842255935 0.19009115730781601
0.39851851364328950 0.25749351633758877
0.85599997466181477 0.19760028062471119
0.49752813680570629 0.06166929333713132
0.74107801900417281 0.59640281133471162
0.72828414554010112 0.45114067005810193
0.23225794415793169 0.47951148196734250
0.49306397917673633 0.56105315805457978
0.67612732718961455 0.58291677102592865
0.29594162917164019 0.22614824330950448
0.80622263876682232 0.34027891453474091
0.40586195265324587 0.85501813331085763
0.27534699206574120 0.54404563823362551
0.74508780393782414 0.49132755476131912
0.24524517666734599 0.77093223820553469
0.14177927431156279 0.28526513858599500
0.88360824516139258 0.62866096851081410
0.48176253738721081 0.12365218892729041
0.80939392258579757 0.26454038491630444
0.49628678071000593 0.52906554664962635
0.12971474695478658 0.55906396504186684
0.54373646145349108 0.35247702512337153
0.07811022222764258 0.38901670965106944
0.77832253476227942 0.18349096772509157
0.84175642840723286 0.76970738874353128
0.35663458493291250 0.83331169448033204
0.41376175046053354 0.57106179216400688
0.38515516029448710 0.36198461875492582
0.16520314762511459 0.53547123222107595
0.14389427797765691 0.69087605102880767
0.01483088577544285 0.49871145493835406
0.56085757741437270 0.84442448888631505
0.29842726859278090 0.13310130441716966
0.34725448991175706 0.70438735092956362
0.08410180143869386 0.50635720003512652
0.43973361082410684 0.60036738697753100
0.22785742071338871 0.15043601660062658
0.22868835503479554 0.27514450115634959
0.30778684461577732 0.65086278227661543
0.28176436466376170 0.18925154945367620
0.26403698936111319 0.60729214352037431
0.61696470297567696 0.85575109802308091
0.62694350027116519 0.77933054274022850
0.09796414819317152 0.58023083092179217
0.71688580739398178 0.83813920322280056
0.40692789385635003 0.15348878663820070
0.53176099295148105 0.77032682959569276
0.16645626532509739 0.71082343221141020
0.65024298962734950 0.07106670892647075
0.75972836026708124 0.33505794759600938
0.81120616925724409 0.77110511580126051
0.57216454892827862 0.56559509513019113
0.89623456913823685 0.49621346287879187
0.53611847177433880 0.07990873102673324
0.80438951077384435 0.70183870692720829
0.28920422484293612 0.89747607362858028
0.55602689857330279 0.49410884427210194
0.15842553577490448 0.56788905158620873
0.36209792052153544 0.54509968856073465
0.77337816025920114 0.19547275292912794
0.53151098413419906 0.04101789186298228
0.30171557680616079 0.12236268121746564
0.80414241047208934 0.72459211559069636
0.89557362090906845 0.36756979501128767
0.06891893404174222 0.68329558363108522
0.17908602129105236 0.44404667464450859
0.39148885770878494 0.33342226115661561
0.40694847161455860 0.41024340535799486
0.57705992100425230 0.85120438503100693
0.54471620681880151 0.23276407584974540
0.22213323424141895 0.35148558271739661
0.13858926424204007 0.23451758975445472
0.26619758789282733 0.31587427400147833
0.63305063130025718 0.87699541683594606
0.10829524530103941 0.58416899157878088
0.05849501554617360 0.34756320411488334
0.21695317407900411 0.31821897584558473
0.18561173140502371 0.74811241505268600
0.76093246823681915 0.80880678028603681
0.63977586175199430 0.92077139653838602
0.52812586608603918 0.21377515667134320
0.24782918896053799 0.44013039971955681
0.02325159470137584 0.53638375773579672
0.26551200883867904 0.90809379234436627
0.79430687501526043 0.12878543603962697
0.72499476894152826 0.51831213083551964
0.34342805400065857 0.93539349450298515
0.59793284103907784 0.42718684049931749
0.52019167742046879 0.18738398233497269
0.11416796215530277 0.40368254571630541
0.34109940783212989 0.81381676904903100
0.52432915190540164 0.69515392030914658
0.35998543975297226 0.90510837273326861
0.28331485317547195 0.28011325470162551
0.57548590156198187 0.74588928597849513
0.15671617828206114 0.26163184584316346
0.74475148476950659 0.22523536295676480
0.30367364652483075 0.42387494520783509
0.10741262931291903 0.63772702842791729
0.43270488738109292 0.82842518903723328
0.55955163355325999 0.69912194154248719
0.77339382185557892 0.32907707587841556
0.64915037219248184 0.31358735827439699
0.67067408633097936 0.86420949929934909
0.22607107451600397 0.56118794097769875
0.89490946922928527 0.39649805906262203
0.80284350852643926 0.36366070722906635
0.43173419652013068 0.73478333035752208
0.62880204953224661 0.53233266528988987
0.60964156103821632 0.32778641652797863
0.26721625582273378 0.64692255910221119
0.44260439587631734 0.30402216470507648
0.67778090727758378 0.74214312562651619
0.68062529234075086 0.45100877665730160
0.13145049738160489 0.28736855385667626
0.78655476211895869 0.80234534527680745
0.37390649032230844 0.65859511735164933
0.32317297927202920 0.94126687802684605
0.48633733641341181 0.37401224336916256
0.41376331718455184 0.55589044701393298
0.14110512523197455 0.65366729831890857
0.42222190154104999 0.04222621496997740
0.48700069497261228 0.04362623266220231
0.10510545075625459 0.52366728298014420
0.51791185779051885 0.83519607228506210
0.16107916628683366 0.75165917814752869
0.28054551564743629 0.53049257947482531
0.07245821702706057 0.64105250352584364
0.45284376185713032 0.94230407447787956
0.40533367955809357 0.06535556135236109
0.30774604823710944 0.34023445116691192
0.10311916918640995 0.48309836820733998
0.29862410269379153 0.13887481229018747
0.34167447986096805 0.09419854242626537
0.25954435299807749 0.19730317944618497
0.89845249949278838 0.45720422107421210
0.53024676362130141 0.91113650178398031
0.40624237135065278 0.68875632608737491
0.44461530298493074 0.91713728716434895
0.27730581650152747 0.32166525859777428
0.44391408784386449 0.94301834273053264
0.75006101937099490 0.79302993227057594
0.49062695645406834 0.07714285811541130
0.91219153840530709 0.70076964847329659
0.25913095231773675 0.08343458851788686
0.09851464983194520 0.39468752493464626
0.70707557119765674 0.38750903195363906
0.09700328104605165 0.50154072349636358
0.12188772749216213 0.72625473901752624
0.19575111691432615 0.18159056700071785
0.38653086283389926 0.07399492694319799
0.87071667188600965 0.68840347420318349
0.69333765172282436 0.62140837885790201
0.29155731376257277 0.25369868911374577
0.72283588734238369 0.58982678889060947
0.06331377733976754 0.48290655077374756
0.18743268203499033 0.73462916339761197
0.45536744305648535 0.05347797849109071
0.49534214675171612 0.80150495654262000
0.34628057852109423 0.76912254346597397
0.42223971609347138 0.91067134928382076
0.77975000278094408 0.19606582827996294
0.56661634977151110 0.40025016669436092
0.70549955646723128 0.63991432139785331
0.49707381073556950 0.76953679854058532
0.62211759602339289 0.92239760656805836
0.21059383074929733 0.83772565832712176
0.97167626728616507 0.42947774000573913
0.49551258585435093 0.17231767334949286
0.57306710239024983 0.16368734741203880
0.16397136382511066 0.42757236453131287
0.36684083452687882 0.46159458035215800
0.47992079361982165 0.49969461922460723
0.50254405861248008 0.33048280673680247
0.21811079972510422 0.51974982621539212
0.07252582404149811 0.48196991098696512
0.21276857203603361 0.69100302862196206
0.67732292659305404 0.80227520185664336
0.53881219675584546 0.42672093049470416
0.34055215618609141 0.70666303100326899
0.38301372947420032 0.04774309794462807
0.08131822582302761 0.28268563605476021
0.50844610036798543 0.08853468632936762
0.30943103809668904 0.52660173561184087
0.82672216514236452 0.27656695831837069
0.48970685305105471 0.02523638387059103
0.51667484020619470 0.72111128885027309
0.77156053167358096 0.72362012315281843
0.09409463918201724 0.46909250267281694
0.29366500925343969 0.55526804675170449
0.55178723769772164 0.01212514476681458
0.43803694170136442 0.67375647297797181
0.91465071961329880 0.29473634770391915
0.63489667769923241 0.29795914721218475
0.67232893369738034 0.32558454944808624
0.37157944804743759 0.46782068708458685
0.41175712043451773 0.74510096688209393
0.45995703958036888 0.52482044685767115
0.08701240803308866 0.33355047849434744
0.66700520821560405 0.64321969879258589
0.86831605736221551 0.33391939350413791
0.26033682887759002 0.84564499020999151
0.48673004225913491 0.34746284130347055
0.68111438317681650 0.44459955674880464
0.76019116846054402 0.15587827285214845
0.78880014826518430 0.46835136183819448
0.59439104785868635 0.55258101430236783
0.88077270984574485 0.69542725852516740
0.77907458247131978 0.48253703266377951
0.47491200295669989 0.72554016001138721
0.64826559671772999 0.14091707181856403
0.50672558394705181 0.46835976147925534
0.36042173700614272 0.50076279978617877
0.21505226112302800 0.84205636985840238
0.64525751059653935 0.41614223801220040
0.51440018147187794 0.19754235236489562
0.76335608232661423 0.23428628292017581
0.48459273420334370 0.86227474647340585
0.10536754013060676 0.33086278497848931
0.66693394369434800 0.07297103573954301
0.89408393049761947 0.36138313882589013
0.68398307622006949 0.12497980818793876
0.85460232531895097 0.66007908184132913
0.32026017044686483 0.58241569670043758
0.19337955363631701 0.73704298435319870
0.74026991410249454 0.75682932548462678
0.45881628975144484 0.56508899513850330
0.30268056738501231 0.14902918713264773
0.84316977011884842 0.26584310545923556
0.14948141110370156 0.39601861605297961
0.17297839619911481 0.19131358201998008
0.51601341532825407 0.30850162755503263
0.77724359713285496 0.37414624398904361
0.75410014436149186 0.45051480380005626
0.37757730759420816 0.76535752853931072
0.60269732428531164 0.11810587257226178
0.48981930811715896 0.81749721740306280
0.90481653797370809 0.32038625404372151
0.79099524349707406 0.20147544691603012
0.25909313510692894 0.68955412583785736
0.67074810680904418 0.38720805658470170
0.69821954075261794 0.75882086043767971
0.26764379520676856 0.84742076562094737
0.56225772779238992 0.86372948887230194
0.71079126148335148 0.66712693137449230
0.72086908318553389 0.22632970277294062
0.86684367025255060 0.25848341607906972
0.40408580357805690 0.83719193871922215
0.61398545584562392 0.84157250308303500
0.16269385938410552 0.52931958198885076
0.15952774019413915 0.31147914801202342
0.70662975523818317 0.19492498450665602
0.65687871391895525 0.42516224410845344
0.48366933097413600 0.41081906177462807
0.68975052889684663 0.42492977429169793
0.22095724633857577 0.18046281005940296
0.63579897051807954 0.84550357526310327
0.57187805919803303 0.76010811524461530
0.75930378452243452 0.69027208287180897
0.31128416482441978 0.11668656710754736
0.61667246575952162 0.05396287733426486
0.43596695755976334 0.93473739921841326
0.35057879278244969 0.88208239039944747
0.90170108460685938 0.61177815191302876
0.28565584440982833 0.69954420482529167
0.89513801515747127 0.64713245196577329
0.91737954957929946 0.67489174414051822
0.52209884734157097 0.95515312974907551
0.59875350599139643 0.84823073366243262
0.18709023076653594 0.63683673228504256
0.25614925922703563 0.54928566787389910
0.13554013416073493 0.84201070914702381
0.29656884699657798 0.54205994158375415
0.09014680852645014 0.31210087105536122
0.55381116279066422 0.95473871669956167
0.87632491076416452 0.61268351485212291
0.71895700129480355 0.63990683021380701
0.44684114492576654 0.64010658997701408
0.69465009500734787 0.73278978609245604
0.69481819169179593 0.25378233953998430
0.79170696718829781 0.40034545645440994
0.31739341631318241 0.80294638836308529
0.04161641789643002 0.50711487835854263
0.25219643795544988 0.85717661656897215
0.50246901347311534 0.13551421049840595
0.06462303346154620 0.34525052733718747
0.78981020172398297 0.67032064459221230
0.95429200779597712 0.45030394648235966
0.62120430698968865 0.54314173085838424
0.19504007134427132 0.53513912234325955
0.59226993569531983 0.20666808163076619
0.69165327914796682 0.11008617611654169
0.71948271668657338 0.10532867655361233
0.86868325857902395 0.78408446103892304
0.84562985793173473 0.30750728323148868
0.34895369674362425 0.90155770561744786
0.73977227463984863 0.77029804048810635
0.24877889765314484 0.64442417184524414
0.41386922718339447 0.35062796248628098
0.27859884255814715 0.74139567125161387
0.90199925687001714 0.30020306850580264
0.08829094452544814 0.39201708589813011
0.35949969366779011 0.53167636394877826
0.16214757436993232 0.50783173207411436
0.63531486013773442 0.43786031314162588
0.10290259561971316 0.34725153507786455
0.93985192642727755 0.52602914739401940
0.83760568384946188 0.78332118636219616
0.26749904224538362 0.94090582115513977
0.58701682886218287 0.60807700233165518
0.72529046131588415 0.46443821068886632
0.20570186762868636 0.81187537103156537
0.82016301047833895 0.50697752127354756
0.57738604982124686 0.65222168045672002
0.40763187006151536 0.80256802122526150
0.68165668227016185 0.13705511806897919
0.28790382338214315 0.73038439843263914
0.43335389076798952 0.42038274894473260
0.07129032761971378 0.68952389577350726
0.57448354603440510 0.58859678881839017
0.68870614873144764 0.18775855918444501
0.23152559186976868 0.12708161932159920
0.08489769778917607 0.66782697357273035
0.74361476620652389 0.14572692548820554
0.77285936612125339 0.62331304960398237
0.12609114939922378 0.54150187757326218
0.14732815183085798 0.18677236076858142
0.37348691363132858 0.71369533889202308
0.43556371547329753 0.92415204018745400
0.08541741605339453 0.38327472649324484
0.30714185976249059 0.82793596897194133
0.16042871478442036 0.23290661632034101
0.18854333816281424 0.50656696784565480
0.30931637163267717 0.28265594561834412
0.71002121198023493 0.37021588219156992
0.74694264503619434 0.47559593056885230
0.09242724763573516 0.52730474542394046
0.42614331692844692 0.42156144614923075
0.45642800502640263 0.76776697815819805
0.36981897809591258 0.37311454892609403
0.31981385050395089 0.61710924617357554
0.65286670507895384 0.27572006338553184
0.94877714944406943 0.59308133448021405
0.70391775164669246 0.83958715563094455
0.41259582212970253 0.36189307596414327
0.42644135869698574 0.91504740965023013
0.89685338282106530 0.58585599180073955
0.78389582632551635 0.23412586302916746
0.51308258028914600 0.14381507502059343
0.13936788975773737 0.46878790581481783
0.22813450461412912 0.41217441007304884
0.62471187277080908 0.38057124016198124
0.46414479560886374 0.07805388147461251
0.82818419414857591 0.74898506041346491
0.61659761309066663 0.23916667561873997
0.69210464582103415 0.41054220920023077
0.37898357938035754 0.26683680941335208
0.25240953985340836 0.43506422258372762
0.87297864175215301 0.61893003187296358
0.40601717924362618 0.18805574586482096
0.59747909728135540 0.11422090875814432
0.54554754587598231 0.45168016913410980
0.39861212039925770 0.48246869703664852
0.78260427238949792 0.24800867686129349
0.84023317868534275 0.63317447692158502
0.55342559355437049 0.30245548444685022
0.64557100680245072 0.61893030386981485
0.63103759393250103 0.41138874111310508
0.23013246479421318 0.79810045677062336
0.44571382283211408 0.19681164010701244
0.21218224892719903 0.41572514954580969
0.27520212872617933 0.38243787336239404
0.62871403489011479 0.64411912098813728
0.16685506914231674 0.46598329237629715
0.51690825316728950 0.16026404507634939
0.59117635757437248 0.34174719534837394
0.87772632765048753 0.72876397896694201
0.25213732598601440 0.56955669046802360
0.13240412133995849 0.57541489199469009
0.87794864904720438 0.53544726906666196
0.12375683780448167 0.70488177978007771
0.23663579193845197 0.28602138957860707
0.16446670972992122 0.71776374948993604
0.44182055337762705 0.95819036808872160
0.60295239526331135 0.33216862443018397
0.67373738439231168 0.58925458185167257
0.65453241858034616 0.20819865588079822
0.46811495208181003 0.15222766191636686
0.70700193331003858 0.20781205349732429
0.27832948350115144 0.28601341782205431
0.75070200054087655 0.41506763739230101
0.37727050312464144 0.10472921879740092
0.27331481355056725 0.86619822520832823
0.20934533693076970 0.14188803150559123
0.91398252549521442 0.56404361260276525
0.04216137672481330 0.65909233050918914
0.32615389810040535 0.17226456541442220
0.60094614418963888 0.55273786796869262
0.22470572443708234 0.16178338744166842
0.22710820690798647 0.68430619048457719
0.47559180424184117 0.47834116953008265
0.50807874791752961 0.60756945438207255
0.32445522871940247 0.76110195081260545
0.39922056944153334 0.86579757269000956
0.21528112183062723 0.19561130348632921
0.53480591809146560 0.21088420839419073
0.66646570416423589 0.55133357943589834
0.68355070056612022 0.35429613568713136
0.67208809047799234 0.40207424749096216
0.22364732610773175 0.77887532576561880
0.65905354532502824 0.05623774706542468
0.55151548309325893 0.75284327738029810
0.35799573104734883 0.35493437431222336
0.12882702286658093 0.37470137245805241
0.77365345303743338 0.46226366171616540
0.19578573616199602 0.59437283857809020
0.31070747273314286 0.54056278186449058
0.12075392515424191 0.28816611903254524
0.88709837383887680 0.57618134760333162
0.74751263842024251 0.70659189523543431
0.62392671560800528 0.32546689869269813
0.80115780787690305 0.20588342439196261
0.86523419096853471 0.73707771964893321
0.78802481875276409 0.79028284391609416
0.65586941062591142 0.38950682743587894
0.77855193369536413 0.70916683499769817
0.36409020477602855 0.36831369662135705
0.38517919179387655 0.81411179776971276
0.86692403154977038 0.54169650058761665
0.31903925141887574 0.96180962185450103
0.47679891760703269 0.48861708559261441
0.85266011481513326 0.71470200235857628
0.27439873621402128 0.93138322646296323
0.57763916402551274 0.10872087168546143
0.33864602565188040 0.89916236868464328
0.33868506879312543 0.16542755482518362
0.34128623952903264 0.86535761460858407
0.79257208742296037 0.33376840316518680
0.58944245084927138 0.68581756951337924
0.43760102138065088 0.88758666255289764
0.17248401677120298 0.66243462393083974
0.15309582346913436 0.41604375327411330
0.74476823231760669 0.64146263259466763
0.44849347351585733 0.69970920626519506
0.25717969234472160 0.42239007049692850
0.73913433850097610 0.48762482817950764
0.59349215860350546 0.73285951166568741
0.23773881008514422 0.59606866315853768
0.13201687317203534 0.53153347944737273
0.32815458641065187 0.40013103240299885
0.22895265082619445 0.35189860620429564
0.32591861950184792 0.67669310323556775
0.74178091872929330 0.15815054339326204
0.79571024402921131 0.10184596111138788
0.85021390343461323 0.26518429935154691
0.69310968934609885 0.48801841512668098
0.13772540883837767 0.32356446579704856
0.68119550180776478 0.51968355295726731
0.75912072470713698 0.13417490475664448
0.85957111926335605 0.36429061371844801
0.86267646374420814 0.26316567919077377
0.18266902353145548 0.85825163432452567
0.88108971127395974 0.61711801483893935
0.80497378983707091 0.35603956778115087
0.63112992487113773 0.55350478021950700
0.82564824423665750 0.64549832927069173
0.51800544352487765 0.05329545452225949
0.10345440280566209 0.37310593798679614
0.53581929955177321 0.67845761775652536
0.25688480103378597 0.23417664751244835
0.41215967626353162 0.61865382960938264
0.55129402676120154 0.14229382959110448
0.84019199406246203 0.40027855144940166
0.85506745861982647 0.69044205998094099
0.20475534724407429 0.22959126616341349
0.56070128066947933 0.17787151104359039
0.21781885095308684 0.22625435669566660
0.37804188178432035 0.46911008075498833
0.32862852450340135 0.83472875111652967
0.38935883587645909 0.08685887569178979
0.19916337557209132 0.75335312254166353
0.18255483633650507 0.64343650431201960
0.72301166847645992 0.77836857091513567
0.45481130660648139 0.27978446071487595
0.41892281834500683 0.68765907410477589
0.55153328991118111 0.36998936689955458
0.40573200491401018 0.61194616697044879
0.84292035201450122 0.16498227866145884
0.74368545316201862 0.27139983455371297
0.82362366762787576 0.75305196662088403
0.10453286316490876 0.79003513757167232
0.67019571588903659 0.18162466980908978
0.57420313736442141 0.17723932468163839
0.25510061499171799 0.67138315696485673
0.02386651774432480 0.49349722158239179
0.24111649047197756 0.19045874994104339
0.14528914390692219 0.40751693855793847
0.22445731612885886 0.76260922547336751
0.54409631443980500 0.01837723371634579
0.45877248739770060 0.72690770945059047
0.47356759204601850 0.53983123935746891
0.27619519950355281 0.26623632188871377
0.51407765015798301 0.95679897159971750
0.89741678294878102 0.55314201932232976
0.66439528189753361 0.77910895776311928
0.07026467523191471 0.57720307192651510
0.78299552581660670 0.15076992829630739
0.38326369421857576 0.30080215338508370
0.04099421627405177 0.52213426624815829
0.76374006780591386 0.64854211534721296
0.60020992379972204 0.91408830374838512
0.31109198974531987 0.78437753237814933
0.34189095530800534 0.45321799446707356
0.63040175900527007 0.30378525295093634
0.36460477681865794 0.88618815931290540
0.33871526813091724 0.59522580907435019
0.38877001327410726 0.10064514110055185
0.04492764888645866 0.41198007083722737
0.44232593394463149 0.35473773696406646
0.13237636761258348 0.69465303758607277
0.34433046727766559 0.08368957048249108
0.78113065489924738 0.17763026980198915
0.19726050699177564 0.72330437503130540
0.21383257492148963 0.90966011393701762
0.86894055745202237 0.61399885711995683
0.64859001629701207 0.32114555062703037
0.60843262021055555 0.65887686844557392
0.07835676110003187 0.50583483239597404
0.52005309055448978 0.88279289386194348
0.83192046430548217 0.32373271413223775
0.88420238591060829 0.42805899706047529
0.75309028989326865 0.66573634864999887
0.85335391853773446 0.47796112716109235
0.60321769835461558 0.91911952406482211
0.05085382038219390 0.32822555666214875
0.56371223783519531 0.68519388849125118
0.80637083695801748 0.57277376773535837
0.49330797724142522 0.16443441000957690
0.23163821339260374 0.13408978436740024
0.16219978970542737 0.57471770093648666
0.56358936611532884 0.62303765274881273
0.52451472423691914 0.11058734687069428
0.55910178142038280 0.19350827353931419
0.47961337178439223 0.37775151079749714
0.71879364926510236 0.35316933335214301
0.48287452273069731 0.05409443769266987
0.23954678035226670 0.63409223511462531
0.61894941894625277 0.86342761302419813
0.88338540693732326 0.24096344619441162
0.45321300625296740 0.61188936109213632
0.62667100924832186 0.08231905611218154
0.54446488456928410 0.75027398601192730
0.07891748052037255 0.35512754831942450
0.24944139261394366 0.69980694992706061
0.34026203466228938 0.48743084111408563
0.46833869470028400 0.05205265279627238
0.65173160170233002 0.22185626068864339
0.69559836632022198 0.52061559261321544
0.49581471911537756 0.33315525831124126
0.56112934592846375 0.46464032661291887
0.28634250416122381 0.88707131692181562
0.10731296685995094 0.51532795376113294
0.44844607025444805 0.28423242106943125
0.17017645118106128 0.80708308657581618
0.78125146425162717 0.53248594884823164
0.60716310875087776 0.71345901374768728
0.10527958202288611 0.74839707840491909
0.83230736403892447 0.68095744512649969
0.43738520391633295 0.73888010597132681
0.17378443477125607 0.24246899154110230
0.61562580850931481 0.66808642599300672
0.38193946810137402 0.84402355206855340
0.18098389042272861 0.49720378916969143
0.65035575496944986 0.57487764255896512
0.65319173833498434 0.45241935107066256
0.38005591246425169 0.91916940261756541
0.45068796872334121 0.18250143403450625
0.32666597426493277 0.78666709128707113
0.38303161038514338 0.59968744223674364
0.37942717150893268 0.74464281954373346
0.55038523737469858 0.82477838702097450
0.09730002774785154 0.35684548654319509
0.57377605607492388 0.88609981859718179
0.13424738751475099 0.80464494623013483
0.75169337999905506 0.48046214876649429
0.83622166146029986 0.77552991972288743
0.36713828316967695 0.51076129560257777
0.44574918902186594 0.73187612704402094
0.52956762991930184 0.40250318541737279
0.70529516097458000 0.14451943232664075
0.26781337942126238 0.86920565771974712
0.28826350161409836 0.21472309485643601
0.09969721425462752 0.68513392903264647
0.09632901461903780 0.69068064019437847
0.31660916718167686 0.52791288223901933
0.42268832547958946 0.44380063542569753
0.52640805301715909 0.82700070403563342
0.45501100770267877 0.28705476814057779
0.41834383833826028 0.47834978549038754
0.58530804706785244 0.06732220359517749
0.20587623354906873 0.28746322738386892
0.54827772363502880 0.91151649553659808
0.93915142171541466 0.34777062082411292
0.11097944738437975 0.65429905091541229
0.74619246454915378 0.28432618908038854
0.48160660484976225 0.69045289130697052
0.37451354476094600 0.05341078710645451
0.73295152874289393 0.28087186178115725
0.16645551265094927 0.31401056412942496
0.22272855360414287 0.31423678071500399
0.87633161099127965 0.59905495254579810
0.34951187950504792 0.23327256729330451
0.11244176327403220 0.54631661315895941
0.73590980515238213 0.18582132442057434
0.07214264048980673 0.51827269026398126
0.63869621003353794 0.46995539766752281
0.57346851314436265 0.39830782942888798
0.87632374576569194 0.42560361664993357
0.65731612894502689 0.88492187330661820
0.61944587684194952 0.20598279054950486
0.55156710520932994 0.86823929758822260
0.57370792708800888 0.06743768007969549
0.83593476678802447 0.17003729179544819
0.30326436679167723 0.10386959950176676
0.35906827829841498 0.82321803298729390
0.79093380289135051 0.79737472634576689
0.90305469671083494 0.28507393903400452
0.72480970502968811 0.15131074834165201
0.73179495853488674 0.86310235466518359
0.26931763311225898 0.83545074131868202
0.52979993194233677 0.50806664881380692
0.10051173270241387 0.32312129971905301
0.39409649143154796 0.03401241800501461
0.39349893771696171 0.19249666002385429
0.59658374366366007 0.76966768081006587
0.52753868295049600 0.01720487438174723
0.42521280146081986 0.19304210824378507
0.11107079329230098 0.34714721560976164
0.59747358743498458 0.43451157958442110
0.59738779945419529 0.92141084782036864
0.27859675179767363 0.59587473074140307
0.85958972599315930 0.73440549002814504
0.78701082621082274 0.39455540641222231
0.51234917522907886 0.05710415273394347
0.48143790049239360 0.29696762008666799
0.82805180993447580 0.51854600158768194
0.25409917030348472 0.34502861771291587
0.75933759932647660 0.51129252910373213
0.15124277849175377 0.45464547102917396
0.60747275776534515 0.78305925003073040
0.42390275529239446 0.13109383875176883
0.27022200112940598 0.81005277343615711
0.01600672561753176 0.54585090752582610
0.48891796621395595 0.17153108712406945
0.45984837345945251 0.88855274606497014
0.80099138345463539 0.65378455812049818
0.75893613977641006 0.35072797551123819
0.63552902523788291 0.31704367849940773
0.79409616648888726 0.20718825556662207
0.90933977821926304 0.31625506737156939
0.26145369963615811 0.48131688759461011
0.64854148186151328 0.46518730709348516
0.41054713262230835 0.51013717544716497
0.82101495165713900 0.80605998156615399
0.30786367171780565 0.53329982011063126
0.57629989489768640 0.40419501073002406
0.08703969577395322 0.68429815633231350
0.29758558244414257 0.92378442209730649
0.37838235410026339 0.77961017448162606
0.28427177798673192 0.41955902278877738
0.40353836154919387 0.29235002197727122
0.07466865455981703 0.68247846333016371
0.26755342368317775 0.14076565413501715
0.64917465543822606 0.43898295317596581
0.48323922698673205 0.19208798641423314
0.86655092122034783 0.74407632701300541
0.53310878057619848 0.40857580966528928
0.74325009593827340 0.67251982238428176
0.39195990019373506 0.57120039681285961
0.62175985923796329 0.11402686741047860
0.68062478300952267 0.36785474768368104
0.56033358738620020 0.13000545933959340
0.32923957955522981 0.47726497696090792
0.31354266515421569 0.89575187366394504
0.71815179516811534 0.28079935769037995
0.05753183808841149 0.50699256610470744
0.32205060461710977 0.21833547959747837
0.17442248811708666 0.49518850884002935
0.86999818802288664 0.42825810910904910
0.72504122891397493 0.48377687919871909
0.20384604268463033 0.40536497926133713
0.50069997282715684 0.46595897460639224
0.04645977009356200 0.55430578191364432
0.40272322145363754 0.08682180334577948
0.07039767293434925 0.56161109061747572
0.22352333299866839 0.64728391938339802
0.26564356964871672 0.44220878335097996
0.61594516750138428 0.48910831002747746
0.37143177009774531 0.10446458471922120
0.36792031450139662 0.86551351349353911
0.47423052916736380 0.93297302007714278
0.60554140705000203 0.08132265151371929
0.96218614333845309 0.45650619266236325
0.10824327606220309 0.30630399419995130
0.47264956383981799 0.67947419805557530
0.59863265321254333 0.70545737739934555
0.62006969415176660 0.58323590188786389
0.42884233481245171 0.09927069416547443
0.39423935451750236 0.30294860686125652
0.33158088829109184 0.61430551499341679
0.23014391919426594 0.78042374357530764
0.52651771690423299 0.44305969980607063
0.37667553150139066 0.39226954619093946
0.50280208146455851 0.64342896209572442
0.84089230213591870 0.49219164217237521
0.13540258663625276 0.70039057874213473
0.10229987309791355 0.50578081063959213
0.18099463149553766 0.39050079143286970
0.27269771527065523 0.27224837878021246
0.35860331014052416 0.13670068289946422
0.31149053941979898 0.36672659914459904
0.59772014715356969 0.58065507890403500
0.59798521149091000 0.92776817709719994
0.13396386985947473 0.60397393923389298
0.90933341523932565 0.59500781147816861
0.64518263099121453 0.08114021542252681
0.83700867997395811 0.19297456272688440
0.69280237981735382 0.09892234814653400
0.61188203616624026 0.51756160637861937
0.21132879990250861 0.62891237697821734
0.60732309977263921 0.54958969880671160
0.46303378976793835 0.71697271241686922
0.67765165431130692 0.29457579197924916
0.04451641250353238 0.69165274409776456
0.24607020044799549 0.29857534306360761
0.13149608446300098 0.44910333545832731
0.80466671523076339 0.14435241680326216
0.40523985093503478 0.43553555068907718
0.14006816863267929 0.41384997505400850
0.35319979182443484 0.76475113344438250
0.15769235054916320 0.82915808981901218
0.14856147626471936 0.25625900917499544
0.21979198453496104 0.43887253755269284
0.30525175324577125 0.78861408191243065
0.69890817156363105 0.50959099900424998
0.31987138170413210 0.34121132065530868
0.44844456575116909 0.98460504196738940
0.62491553639848330 0.79300938322770531
0.54238025459315442 0.93903413169992656
0.53089108055938317 0.31913007945573318
0.67053118619429675 0.05815819617602209
0.75186803355267784 0.59978477949712472
0.78227411113197909 0.13539454877340676
0.55225938249236117 0.05858431531877283
0.15760473127768257 0.81838583767752227
0.28609138621660146 0.12243944001830827
0.27533086754745362 0.20044397371911418
0.46570236910481411 0.23179217086474541
0.13786870384543015 0.62388788060633549
0.01432106064345606 0.55694512717762346
0.10810848458411518 0.49478968531314849
0.81003295589421531 0.36134948228311520
0.57092553420819558 0.79085832604883610
0.47512403508142870 0.30016798251282156
0.90205272804978054 0.63056560555369789
0.64894571344010354 0.36462502129480212
0.38734953357250723 0.64840684616615607
0.17689430666872805 0.72043866833333936
0.10337418839459844 0.62290704872620761
0.42783992366871654 0.88047690427866365
0.48216050314711539 0.63855411585451127
0.71786077945626026 0.82675917993151060
0.32105292987599338 0.16000679509503699
0.81363455621781478 0.31485846919398891
0.33695740964662596 0.06035149558620556
0.76234874879733527 0.52360223804279193
0.13738521717936847 0.74375869108886661
0.12204544043140537 0.58486398370341597
0.40080227385232819 0.80514716645276552
0.52086503546222240 0.91804061762514844
0.54644565384022925 0.59374121992394580
0.81998417086920261 0.22379875795496976
0.26857166683383160 0.10896364210374773
0.71360698414127133 0.90898708211207757
0.59481763401194221 0.88300273761149550
0.40549898804530699 0.76296668017810565
0.33969385635289734 0.15902105803394587
0.37601488275630424 0.52182959246655070
0.08850330410930157 0.36814631542296922
0.32674072054229797 0.36817649495749905
0.77163829134899120 0.76913624569599293
0.09144110357653215 0.25907533549612244
0.04327185646237684 0.49368201065610096
0.23834240688210720 0.16672836756025605
0.38062020622262227 0.07314017286268719
0.26879841882204503 0.07765551716197878
0.48478434285175753 0.68414641554486955
0.20804031715760024 0.35054357695803073
0.83864561608691746 0.45313163451675126
0.08756241674030456 0.53773491374244742
0.66325583785258957 0.61451248228727995
0.24839469052001392 0.25888158184803856
0.39840420557226969 0.73612621846884807
0.84473807185855221 0.22501919125533906
0.18668024117246537 0.21391693847081489
0.73288391343421011 0.28827800941526982
0.51895425657483485 0.73731427472714051
0.23402923369417009 0.26119429228268942
0.54388024181825123 0.33911702709490354
0.72820473585345580 0.87632094649009773
0.83536114759939695 0.75105620249062732
0.30739158426994889 0.81235989117742757
0.20918515924785433 0.45650999864163511
0.53885684433165404 0.44930311788276583
0.62520064174396506 0.93484975341580168
0.65735698455406855 0.16189958157346418
0.13577249002461014 0.78553089383794439
0.08310580196065076 0.64133770074929142
0.24824777875699575 0.32417043829952769
0.28555972412547082 0.10455720368851906
0.16709586275048885 0.36798563776263216
0.80168080983276979 0.67779183221319550
0.28219422724068333 0.16411796052192573
0.56513918977136535 0.78783356023307516
0.54225710939631977 0.13524753254022939
0.86756827748324272 0.50917440188802954
0.84053259650526557 0.65564850111861950
0.92377081940570327 0.48735531886960431
0.20156740318023808 0.15443422388314595
0.85962661842678822 0.44954730899755024
0.42169495043523070 0.15905599849558871
0.23022190765821632 0.18643585315658198
0.55876158331035075 0.02786158290800653
0.37197481860937420 0.54812341176404644
0.38096798032480300 0.50963138060084112
0.35694922122498712 0.80387899853899492
0.92305281336220391 0.33016125666019752
0.39564171210051829 0.29498254326418144
0.43827807803355118 0.17732729391811464
0.55577698185424895 0.61193221042926804
0.79962023149714678 0.16637163662262744
0.34357120118846091 0.85249857737156087
0.91728078489968845 0.35345445534331943
0.21754843140285834 0.40223878513569178
0.74906817882937959 0.18561727606642037
0.51762555274144417 0.96316854097945193
0.80625414784678862 0.13747767307936742
0.56710833035362707 0.79668113180476263
0.57604844082389250 0.69300068136665893
0.27061213132335127 0.15147916890714061
0.70704618237657202 0.67365639327148175
0.38211441469045454 0.41779217923072925
0.68943084242507990 0.69504141470449854
0.80762343680334570 0.22031498277636483
0.70068733372574110 0.53994744024267838
0.24741701622553977 0.13992274249650022
0.80946795431514507 0.18587278218546924
0.32023700504083891 0.27472966101462432
0.75052789175187040 0.13518570738466343
0.30087879355330660 0.08555516697078007
0.72622566462420357 0.25318289245279546
0.61987228719614562 0.74478510758232630
0.08547262862725748 0.54324936711918792
0.42573939171765768 0.48352968613299668
0.63588151698083439 0.37058442604113107
0.27254722207496823 0.21177116771029750
0.23303775436518068 0.52819530700926232
0.37397604758931124 0.44077081754893377
0.80002504754319081 0.16042301080345270
0.59184453315639785 0.16431121944319610
0.35010846689904795 0.29662188583961935
0.80052206304751239 0.78948653966200411
0.64014196829471659 0.29343950242926548
0.40270284098269554 0.03302831056240526
0.84047018988030797 0.34482844531306250
0.25680112252012233 0.71330937310269726
0.63623407462748305 0.09431030290624454
0.42919911002679362 0.12461824663059848
0.37330030308189427 0.74763737349993586
0.21370708352502457 0.44728889266023053
0.85098862508643058 0.38238702551593162
0.51976336202445284 0.82877296251747068
0.37267541719785086 0.66754477175616933
0.96173143801355476 0.48820843078351295
0.75093274102024110 0.19859970746095851
0.33710862045933254 0.11534734278979410
0.19815483456111335 0.22803179688114145
0.30197078264806843 0.72123398987251841
0.04646651128668880 0.44401480871703192
0.12101281138300295 0.61590686512151294
0.47815033896849424 0.82914816298829130
0.21176617771234679 0.37097352986332416
0.58968522508453269 0.32669655232905109
0.21067923319850809 0.51485788671069976
0.46028864603261499 0.51658042181143216
0.57853773096515460 0.54059236334990046
0.63686696463478987 0.72767018224199209
0.74400626180316565 0.12107806929374716
0.48182496741953684 0.33154293868766466
0.71410570164546416 0.38433043260425109
0.89101643194270586 0.43331145843373631
0.86500746817781826 0.44242148656684988
0.58705492106321056 0.09723673416279451
0.33218075727658475 0.88875642874480421
0.05955336279544431 0.49651345711006495
0.59804513834557449 0.03726307567179428
0.76228093595842328 0.29204164708440966
0.56735106132939339 0.45325750640944507
0.07036261431981312 0.53474466050506231
0.19883144874136771 0.65718535454524463
0.47144066038523585 0.73757073900101588
0.37035818056931036 0.30502174152493566
0.33891184663972068 0.60198356781202655
0.49531983109667532 0.29834601206952649
0.70788679684047806 0.73372049581954313
0.74719034020382546 0.82623998154030109
0.55182057275659069 0.32615544315771955
0.36085710841582302 0.55532446034887561
0.28370259711772411 0.21942696679838852
0.67019596917168145 0.70552905044853464
0.47259269301849210 0.88691990830026646
0.68560705419839962 0.56994528002464251
0.32955288261037835 0.85517396552737412
0.86039452352973844 0.40439809351532807
0.54380417061045705 0.88895178959526133
0.93424975195689097 0.38257720661443162
0.06486661698369421 0.53496549038130892
0.54513607928042596 0.95992563284630184
0.15279891178700453 0.81420631606560945
0.75634402042824822 0.11837783075152963
0.10046748617456333 0.41599298502109872
0.75395909717612819 0.73225259325317438
0.36487152297425629 0.48252966309214868
0.60241277413418293 0.93893452191241611
0.66553839507397450 0.22884809666001296
0.58406394446175858 0.85218443449079173
0.40643433506010040 0.50255480848808876
0.90393207916650731 0.66945248047025485
0.50669896790867242 0.90457033649284746
0.62378840206922048 0.30155881416535141
0.60144637931921796 0.01584406781764261
0.70479602618483073 0.71000094624726828
0.74381534667912275 0.12746405043924217
0.75595275780539450 0.36039755573928750
0.51704070503853661 0.37448398840990987
0.76932358827320879 0.15466005495999768
0.42042884005011405 0.10378686995274286
0.12983778207279753 0.50155239109418948
0.18651574520187605 0.85294229211564676
0.35916465227148331 0.48679627100298622
0.92007679535822318 0.66305920111851846
0.30661552154620192 0.21888440550506896
0.30507402107839704 0.90179860083295804
0.44485001924599166 0.85550978831130609
0.58589323007207439 0.05645052972843659
0.13538171526398574 0.48950403766317535
0.67318704391329298 0.45168031689374855
0.48572756109437476 0.50276362475146497
0.70958812384493908 0.82629134943822125
0.25740114141174952 0.60378980186358511
0.59695833759429651 0.62605861741410229
0.22812601478897573 0.42901882678074305
0.32704528015996420 0.06657006298475743
0.90841337481401285 0.41761528776639334
0.48079218189089507 0.92203543805326083
0.18734795844318453 0.49195199607447354
0.92093699366194637 0.51085609113869401
0.80947869716756427 0.78232387051527796
0.49064146228114419 0.96578101141719985
0.55132028046408921 0.54059616844771297
0.79407730830164691 0.65182976089613565
0.52228398583128688 0.80926558075704902
0.51262171179316407 0.20868310582059721
0.18333587547752461 0.37519499205204954
0.87594259395883245 0.18244558003524122
0.59997063675244655 0.18339819664507315
0.61661024464256342 0.81339972145200268
0.84842877117970816 0.75068489902106450
0.63522326211618918 0.69322083069216689
0.61558812702189991 0.93332371376462719
0.31964817810024881 0.29817593311378598
0.53036108569708518 0.44973347397358515
0.34363967978415577 0.92219939969657472
0.43493041475035848 0.15209110654036090
0.43353407029545005 0.60467315926788645
0.14687053373181544 0.44865893761245657
0.31998188602482541 0.14185447320242411
0.19857410786174062 0.87735693619494182
0.44268518341412372 0.93583739173485692
0.43919691081308909 0.91224277949414467
0.73268839033794786 0.88823115026276611
0.55888828860430029 0.10972059639456951
0.63097393528459444 0.13548423664467987
0.59015289821728956 0.65262544873982420
0.59936018430207239 0.80231571437765881
0.78069156971506604 0.65966213282873476
0.90435452490204171 0.49201178151613473
0.06119175603859829 0.45972252379610740
0.79223588517963150 0.70678134167468132
0.21130366861360794 0.14752848461112789
0.89030754605971740 0.26418922291901892
0.20340576204772626 0.59659475134140705
0.93825255438498201 0.51915352682309057
0.18764851510816291 0.49941900608499912
0.63123412675536927 0.74504240510425845
0.56626624805750003 0.44616013817658134
0.22666340587404815 0.72660110662788235
0.89515401916832049 0.41927687096450611
0.65688092535135312 0.72971967889947531
0.38099908557274526 0.80868561449550436
0.64760147977127691 0.77593298116449416
0.61684947091513076 0.32895194499073105
0.52527666644144744 0.75050508445407038
0.43618185269592269 0.29218411402931105
0.60904150680330771 0.52497372096082839
0.59295597645835674 0.09977348504227482
0.19850968345159151 0.85819320298652002
0.42784513365371324 0.60861532459747658
0.33530679576600014 0.62073405847139596
0.23637259305084296 0.20765416723209398
0.73976551038879912 0.37373486432785863
0.81536410514645219 0.79985894076242581
0.76415993185549702 0.13123590167109128
0.42854972563684474 0.93474561554168090
0.74623001060209493 0.37917466677262962
0.34479729183316005 0.79970270940927879
0.81048439499387692 0.27628641193694098
0.80201200698246755 0.54600141732191931
0.65321909566933678 0.90108001209717314
0.84923715297511071 0.24353320276897800
0.21551640760902452 0.29441608946340714
0.45181923160111936 0.13963171248343276
0.37275192035033267 0.49526449691026164
0.66912846156538208 0.60991454378731902
0.27217381268206486 0.17556298324033195
0.43856227227599087 0.08849053616051206
0.77052474422099582 0.47835740152476230
0.66654629699230061 0.36640011485639262
0.60915892655143788 0.44424662028408424
0.74180806715752834 0.49744547493278579
0.16797670732710215 0.60091017785114087
0.10018502181513284 0.67267100617752751
0.71654973838928560 0.79009904117424123
0.85283568957620137 0.25652207839952212
0.66938121483227342 0.19490546556137478
0.06999326644168992 0.49695010234088249
0.69179870123175591 0.41735945331108265
0.29105736340679877 0.41865823482099701
0.33774582443659174 0.47405729179095274
0.70903725006311635 0.44581623300088580
0.77748205194691733 0.81981642040376090
0.16408995169600579 0.43460016138894553
0.67562373828140632 0.80921411888841932
0.53574864932202015 0.13754654952519518
0.74638317240707230 0.50871424377091468
0.81640622221338821 0.35953747141638021
0.15392740852173228 0.58830922622809823
0.34003672616479108 0.78880906589403965
0.53558167748334828 0.05146032608747078
0.33660987811154047 0.65502273562400737
0.04486287862677894 0.43783301652839640
0.73174252471172763 0.63802074600034508
0.34445952809960423 0.31589385372542295
0.81157903384159080 0.15931255433455829
0.14208255579925652 0.22367386070694484
0.19665660040153202 0.21767776632961189
0.53464993557213281 0.11906453275610918
0.71250162785584614 0.25378669860069647
0.61736881474280003 0.06426583199192643
0.51948917733624056 0.72949192362174342
0.78024518054941050 0.80592163895565139
0.28393717125546697 0.78845583283780318
0.32880152387169792 0.65244038108995517
0.52173985234264164 0.92422883620700280
0.47342959245832272 0.34223414712820582
0.53787532232548940 0.54349652436088347
0.47094492727103265 0.45139075316138799
0.62134664692306363 0.68711765112062428
0.22665756124477976 0.38038719093855844
0.36242354280801120 0.37489031438323828
0.33455627187019554 0.85999418395476346
0.44122531790165787 0.63662926535804409
0.05511575826622430 0.67050159400601150
0.55850195850238904 0.66133727044645318
0.33636515419688767 0.18451974480955460
0.13379268794566346 0.76378337436413002
0.45333637407093169 0.38053678894776427
0.72644563786315464 0.76888573004655369
0.31202600475333403 0.85480462657324252
0.48576770237736999 0.55951090859683383
0.58076974350488553 0.02388913325463937
0.07278693688322722 0.32623373937309658
0.40101663361865514 0.06886676057628822
0.68390756062130797 0.80558002831564490
0.43066863089045382 0.77273812381916640
0.27059839139450209 0.71634362279223618
0.25585146294731986 0.25815997529204959
0.38332448463028829 0.62696501884614864
0.13690970651994941 0.77494955253115683
0.14434303269180557 0.40047817176414918
0.64725993921123259 0.10007355970417341
0.69078113642688255 0.35103300311868402
0.42371497021118038 0.51060711013304549
0.39394995598863641 0.20524116124351918
0.80357117691344859 0.53929128665898307
0.60223620215059381 0.24041495873365237
0.22696570137059033 0.38819846633455884
0.23314750963893682 0.74184763008530152
0.37862343185716346 0.25351577384506124
0.33573129764417758 0.20414933404344268
0.09222639413944547 0.42403829213916927
0.11340532378802295 0.51220611225331147
0.59108509372406071 0.43194655727610443
0.57165048671210716 0.42034940964962753
0.44671581100501795 0.38153649056797839
0.68278347006715490 0.27759190731872829
0.55098368373665707 0.43320042884361504
0.77315110552407085 0.56664077080049957
0.36088913105488291 0.52312964702828935
0.58839328278050662 0.85684477314660423
0.76133957712880773 0.32098067886887099
0.12240253202525489 0.25231429095197322
0.29335776113324530 0.14197214813951001
0.46221082661351631 0.30732324288809376
0.56536135018336009 0.27088919664485117
0.72939345418728896 0.13253382744105957
0.24278977222832762 0.28925110858073144
0.13403561469571568 0.41026981455713329
0.32650261189115548 0.64558531383149609
0.84770441856486056 0.48778983478180632
0.43267989372184185 0.19014170007803358
0.05437670805422355 0.60835775624916366
0.82793194263825021 0.20124759657169325
0.93814548104273421 0.37736412967408500
0.77602022211278021 0.71780767330041961
0.16105309596457493 0.44510000788182630
0.44666518332321481 0.88849804850198533
0.45330495744988214 0.08309194367174275
0.52321981886831892 0.34185065652702384
0.42940620548421066 0.44170618434414766
0.42298832046142687 0.11741383594902896
0.57333961137267164 0.63992316447468389
0.34403362299113310 0.44597610397862220
0.79809093773947770 0.72055759563152189
0.46143261527817825 0.66195780644115709
0.36022401732665077 0.08751792507531941
0.30691264590867823 0.62132287927846130
0.40131788281370417 0.44259794180038298
0.49391523406280746 0.28361898484792991
0.85841604294073137 0.72775016594575626
0.35499049751284822 0.23758857626874738
0.33358215195608754 0.58446869269492729
0.29493494382564472 0.33806149467182472
0.36908183759212065 0.55717325087514680
0.35012258994896106 0.89515674772077747
0.41690670836717375 0.84056809177328073
0.62796070428359707 0.23441680615345470
0.41508926997194195 0.91243977672113152
0.45683448008362948 0.22194754114388057
0.42498524276944794 0.45692703684133235
0.22853250965565644 0.30344969200351629
0.59224893118402999 0.38345326007038150
0.78484873246907327 0.79591305164840154
0.90523782469541725 0.22788119140909968
0.46664100608815717 0.75490143632913564
0.39757920949298370 0.19902289177805224
0.07959793885657407 0.41416554183509563
0.69697770332980347 0.42213101355711030
0.28974487145513844 0.08688246299297099
0.93736594416681684 0.47305381315967809
0.48223493040361104 0.49312245068418731
0.74478043828379181 0.68685030248155421
0.63801393451357313 0.73456028330713896
0.57004240700602737 0.40625235898220979
0.55759948280155280 0.43576508356682447
0.23447112289499464 0.75352372279338009
0.56625315182604907 0.65067240574557084
0.62006880319266044 0.76856897998287144
0.75293920193295361 0.71903062465905798
0.53996694339985474 0.78974725958692071
0.12814449757593430 0.61603051638368467
0.19840444097204576 0.56975371504971262
0.27405041595652874 0.34200057991055843
0.19502622837620048 0.81352346043137413
0.22143547239237948 0.29091695032096587
0.62365316773659929 0.42380199892147696
0.67979296708078718 0.20010802650406742
0.49724413864302591 0.04924617650359332
0.42357926606078855 0.28224475736742144
0.68882171173369500 0.49970174683269908
0.26834512039370129 0.15720086652265458
0.54426117675315899 0.20147674871610383
0.34696563373718214 0.57901330965384212
0.37943841345596646 0.13753007528422595
0.32824065596301760 0.39308033853737345
0.40520555638860833 0.75602543519264864
0.83461604613123153 0.44674096833708021
0.12904968106600190 0.28310920585574884
0.87866189780164206 0.50240420205656267
0.48199401737052744 0.80261377323426986
0.71722506601953973 0.62388337259461957
0.76447850178108856 0.76871285148341206
0.33969394019804461 0.07032561297017741
0.06021553950361001 0.61403233282012071
0.59690824227260530 0.19836472668264157
0.67656468592045693 0.54424397189625751
0.08979412029799493 0.67054214533516421
0.64449212272569345 0.65485205518510281
0.46688047054159054 0.01213701152113899
0.46134830759967776 0.21686927308442475
0.64025278414814957 0.15336601717874163
0.21470000357158070 0.39491061214188478
0.44815251155111419 0.35132953435986825
0.59823552763035670 0.41260972480842834
0.32899159120155114 0.26320655830926948
0.46936332613174880 0.53437689330429017
0.58149999125837160 0.74150310988729318
0.13820147289097265 0.81033985826763977
0.20138600639410895 0.89951482577706077
0.45752883695364249 0.77484234350113934
0.18630448743133368 0.57995218182692787
0.57933613818858753 0.06112830169458142
0.32880629872897127 0.23006780146990424
0.36893411338647952 0.96307235531300772
0.66218747291059643 0.48294902906212178
0.27913278860096691 0.51026807496053062
0.55107692387153517 0.75936871605468215
0.71988219072186987 0.58260906713619443
0.93274378507321820 0.56536619632164198
0.19187273317311185 0.22874539168962071
0.80691234270830170 0.78868569648954800
0.52742743509196222 0.12197009893034756
0.46899895422420368 0.47829321422147741
0.51516671013924720 0.84809263186547235
0.87432587639064685 0.54158424257839555
0.27060774170961821 0.11397406753620103
0.39023857644950305 0.29026866021400083
0.55328034955520644 0.65059986451431551
0.76791074389417280 0.66118050387866145
0.42585915688632803 0.25799725267459933
0.30830649297776364 0.90749963531050448
0.73736258132971766 0.80896276236417486
0.82033466821787582 0.78768039441194504
0.33820442350378721 0.54730085764325620
0.33669079466995644 0.73440635546155286
0.68439894464970386 0.53284174670912032
0.06130474871478124 0.63059001842384377
0.73721195940774420 0.86663577259439062
0.51855895140743924 0.76123669921591985
0.73487544644606695 0.87995351308526626
0.19668435188085420 0.64530126069336291
0.91159892555152966 0.49056046155548383
0.42295188566956671 0.29664715305488226
0.63595678713987136 0.59206607986111204
0.50318612948092234 0.31491519245015592
0.09852304182010468 0.64719833914244762
0.21025814583131905 0.80024415755181189
0.38510770765908459 0.40484779241739860
0.22605578185650338 0.74120689533807893
0.46800358203829645 0.87557640949734949
0.93323320156063183 0.39866513672103537
0.09094482605316957 0.24869995243887436
0.33178066621116986 0.84091768098123343
0.59991369780067250 0.08256302677014148
0.39838158464639922 0.47574391939502159
0.78785484484531332 0.32873054769225635
0.06932815913298504 0.61889763803915698
0.89739283280196125 0.30970852518576025
0.33489689198020428 0.15067213762105408
0.54797844220417857 0.45870604424303441
0.54040950842106472 0.79713895384422839
0.16179516509043634 0.79931606773481123
0.77379341522565526 0.15812870422926290
0.84550520538155671 0.74504812965254708
0.44727874300706211 0.89587220082034968
0.81783755793181634 0.14760006636005213
0.76302087877828695 0.67548572880979330
0.18269305845668860 0.21011889046735549
0.64780498420093624 0.48325164234522727
0.50224123984658708 0.92204476215632725
0.15569538072718569 0.34942677947024819
0.25564702617537510 0.20224353562137579
0.40177707805787694 0.95862761648100703
0.16479576487065650 0.23775597651906583
0.69338664995401234 0.68133815956356547
0.76912123627612161 0.31034941420146578
0.34699478919214222 0.81935892819029765
0.57786860290352304 0.31770106053626246
0.68292348891317145 0.33377842053546658
0.26137758538296313 0.79080605606298204
0.72140538502338669 0.31991486943475833
0.85086602085448138 0.20913620587264770
0.07132721622238779 0.46456480965116675
0.29162002784491931 0.49944348214616374
0.80114364169236552 0.80067037266102437
0.73370999662688696 0.09507875269436611
0.11761246960203697 0.44717654108088800
0.44863458214851254 0.51125760783494123
0.13292265265051526 0.75245065616754658
0.10413237788758366 0.26808200989677311
0.23994508209748250 0.58776116750208041
0.17821567828732404 0.19303027793511379
0.14645233619738765 0.24265910298385257
0.32500201232685111 0.21126912880681573
0.16182679120143562 0.60705485390904879
0.42818538669049949 0.15810652741708461
0.31217684235029858 0.63812917813631442
0.45509255666131815 0.21358552201828349
0.23387002411354657 0.55754055817796488
0.55733194243954298 0.91935150009461675
0.25365327675491867 0.15033721702659314
0.30423979249741961 0.10918867697615772
0.16536842403896093 0.58138517518942723
0.19036751781264624 0.47862193030820888
0.28515964473441607 0.09262843131723490
0.06018029664338580 0.40874728871745575
0.70558595495564724 0.74025536555336513
0.41251709272015147 0.85418473642254666
0.42145377088473224 0.96422804051657973
0.19765192598462433 0.28629154383239280
0.36048430628487066 0.32223255233907522
0.63064132421592856 0.84108186537735952
0.78323452856608489 0.37113853833101146
0.24405159466792292 0.19762489717589687
0.32438020708053744 0.35452192221061157
0.63946361546612751 0.79331577565651124
0.25770142932951412 0.57413707502131883
0.12240261023535652 0.74810719982399687
0.82380257199526852 0.77026077917911695
0.59822722968559650 0.53992553912437946
0.85529256802806664 0.38737395379508344
0.57506472728297520 0.22252412201233129
0.79694201581709490 0.24609865943159268
0.05706940908092187 0.44397188268530857
0.50229186236673573 0.06405454350963828
0.10570659204719855 0.39017359550810626
0.64182594620818978 0.64838950907159654
0.07483836551992444 0.49431021594659175
0.66851517019522222 0.09999735857482173
0.35105959383487223 0.66721730482873554
0.43291816688032753 0.10489005247038137
0.17555034537128666 0.60154340800734496
0.29093131622352458 0.11949750821591321
0.39250674153004117 0.94058142026831715
0.88686105000867066 0.51932464847835336
0.43934469282505034 0.10314199924175849
0.60117192527306995 0.08949034371241898
0.04927386948056224 0.63260965384193957
0.17892491847696354 0.75863996077957019
0.54408120692127138 0.63210948331341554
0.12862859330662757 0.57027090151470705
0.19884697080600319 0.42448402226514687
0.62552564612298800 0.28016971323635270
0.46441252505716907 0.98672478672967878
0.49031329570550852 0.93826541080095616
0.08708300145804455 0.66130244055914089
0.53899052425259497 0.22905019155876147
0.61859015806427442 0.70521407154553895
0.57799167491234460 0.14140322798355062
0.16761873404318492 0.70387990305110670
0.74648095783138924 0.54856340664736669
0.37176902031245856 0.63639795067797034
0.14275280393241124 0.20671825550064485
0.62483912578198808 0.55238795684184205
0.84771835797124329 0.53623108403631847
0.50890018696532147 0.44826893770637888
0.57192089243052291 0.44059091422607571
0.71729619327222160 0.78162705083168182
0.53735117143669364 0.51535375309874087
0.46121226895568052 0.87535827624134477
0.78189607086200297 0.71508239538217044
0.38565493474214763 0.32883751102274150
0.90106068116685023 0.64146128288515902
0.68815062202920585 0.48344384896396514
0.70799972245436804 0.58664702980745520
0.91554252523455681 0.31692893029968766
0.91337968133655978 0.40036643268555205
0.32478198670894692 0.63831189519560172
0.10338177683644099 0.49940160316538085
0.19713476277758230 0.86428877706182172
0.25194683352571912 0.33008991824853401
0.39427706679662428 0.32712416201958294
0.11285628095720938 0.21915606370082938
0.11676530651298477 0.62104302569389591
0.13744322497204700 0.67736038224639539
0.63128069381490992 0.85053530446166414
0.08484364778657472 0.40273665495050054
0.20608086898317532 0.14960351623749002
0.36318820073579877 0.33473698248547840
0.31408596872913808 0.77822422689951676
0.57531014113717116 0.90991801500564029
0.50245182815788825 0.54349158121356167
0.70758971147206295 0.15025427036215575
0.20598584602271938 0.32045051532386132
0.21207689792255793 0.84760154370249408
0.78526600413572190 0.35025685308246945
0.25484348591969491 0.84170333285666676
0.76757119289061293 0.62739465865485200
0.69756907154766112 0.47282001854532674
0.85319225020504497 0.45254248713267176
0.56793405646941797 0.83278264458857931
0.62964178759629030 0.48917499873289227
0.05586395305308837 0.58576477022242557
0.44981424027452177 0.65232489448266262
0.33075326129776217 0.77419047132610208
0.71007146191709247 0.89242914562752085
0.07267811452923320 0.37320724331962374
0.57421049811008729 0.17044684022937831
0.19502573124073050 0.51871477817346578
0.44537200380650999 0.46626973813830008
0.74324866912449727 0.36557731097322205
0.58196675688772970 0.60394013325824691
0.40233242371694145 0.79808294846424566
0.26570139567540879 0.33675542781036882
0.25958229883859207 0.78389091620109674
0.13743848712571277 0.21206345943653310
0.47088385138919853 0.57259435475771214
0.38365544852826000 0.33579099642297666
0.86686258795482918 0.24661320699179942
0.58052754737957146 0.16656127875608032
0.45433457555843132 0.07138217471482207
0.08233717563607734 0.61132641122130060
0.67673230961981390 0.61576208353098594
0.63091658967579956 0.70647321073440283
0.52266642498962534 0.62099764529153312
0.63119524270287031 0.51893591634832581
0.27817743075203721 0.44920038595450090
0.30150966969452286 0.53094583100444714
0.45953804223465222 0.06870509956124979
0.19195056556644005 0.33040229068623994
0.53054373229290031 0.14231085695187520
0.52282828138170190 0.53571477245748234
0.50243151700239719 0.51276935828871717
0.38544373302442619 0.82960578783924688
0.81336581267743391 0.74650478548867283
0.43391339287892672 0.37557032351086495
0.29578746907621656 0.85602577929455792
0.49276742197609374 0.73758260206785931
0.50409968486965240 0.65720057849957825
0.85409282415647780 0.62781733352208047
0.42714976539823535 0.20631652824458846
0.09366068163295960 0.68572706442119058
0.71870160509283976 0.07298421719440618
0.41307379854393805 0.50340935611149806
0.66981470125576870 0.51552080422561219
0.56195815762540358 0.96647064808714911
0.54345703119379607 0.74276921953494635
0.21099326920941741 0.22854691071753885
0.77497028855734607 0.32178740693113450
0.56097771216390702 0.58789944503239167
0.35954984885649760 0.72141200269846339
0.27897243254494153 0.63915427282923354
0.61191852645724587 0.80596817168924650
0.12737917598851400 0.27268016892295649
0.08562535620983289 0.50006048535110248
0.40564564061126784 0.11028959706379746
0.70810151171145796 0.18137941735249180
0.14741568230096930 0.31418623860196870
0.75320501450670763 0.82487583759681482
0.78695607950356761 0.37741501513614767
0.07391633842550063 0.43126577979474795
0.82973032897555810 0.24020094298768116
0.71304121791345376 0.66030362231598128
0.13255724375874009 0.74639545855318756
0.52848997571989131 0.47951554199610935
0.31395983081909468 0.62215708229277333
0.26080103446165936 0.70693517632439162
0.23178285552599703 0.71052364284728831
0.93434499824359374 0.48211288774761391
0.39192104754655971 0.47177100548503198
0.66238626727602035 0.81917594351205525
0.91882410221731803 0.35942964356269874
0.68139959015058293 0.90307394762276438
0.66473406671435420 0.41442969378626138
0.59300807059743887 0.21358030222508051
0.18502558322419330 0.66416644109081202
0.74876543596350276 0.31284780466464485
0.41401320805665975 0.05110555520066607
0.82685922758935071 0.68682044935060715
0.60040145308191806 0.14665733445555204
0.13863868561863690 0.70611463780506400
0.19671011383713360 0.35666913995465427
0.86859797175167708 0.36218970705765524
0.13653463340648600 0.37217878079536354
0.62888319814557003 0.02310527603401153
0.45814246511385015 0.76124974712690130
0.51951099293772440 0.28640661158212133
0.71208175925943262 0.16798020302831063
0.70380402508841799 0.17621967821996912
0.21542830874949637 0.81833156234476889
0.79490978516412913 0.81112718406700679
0.11935032289014524 0.50118901816442052
0.08973337355386599 0.67577094026531781
0.93723475277709178 0.57656477167784737
0.61007631136344753 0.93732192592560970
0.26926384066673481 0.24264940279086925
0.66530561111935049 0.22139416602797760
0.76677446770232560 0.45789406347561890
0.24151387320166987 0.46639632543407944
0.24741426861350160 0.50256074498486070
0.27601086396696894 0.77817017563088098
0.11814706079524755 0.35531187598289993
0.89222911179580078 0.29267119083801374
0.34518443584069797 0.77662951866959484
0.38826671403418056 0.55342527489579008
0.58426902590640728 0.42931669275995726
0.79851503216924169 0.38730361353398124
0.16900638665255599 0.62707221026905147
0.92082761668967905 0.54623528630990303
0.39887503664550233 0.75055448348737130
0.72249049729397730 0.18088335882010417
0.93277790336431876 0.45422121676919902
0.47412257438953931 0.09181496301166979
0.79396469954668480 0.56169900451441956
0.50691450561182194 0.76081245883118687
0.35421182885570851 0.13174335214928509
0.23687989337150597 0.33053498813458876
0.94106441633618310 0.43189634960545958
0.55079801919669646 0.35210491955756473
0.31351606342606125 0.51467910291111685
0.55816394396085156 0.88923657727282190
0.27248377365452792 0.28935677766378115
0.86640306808696343 0.32140754119320236
0.29015095074673081 0.17372409557333224
0.27946037612614416 0.34962528532705672
0.53566747061058784 0.48189380197354076
0.44795051251806001 0.57450332321160369
0.30305713952133512 0.67737477251806744
0.68463729803891737 0.89761161339265660
0.29445954503385646 0.29715947291330669
0.41266852773040313 0.22353947571373736
0.47396229304897108 0.52873890346776464
0.55277866333687420 0.70405094605441243
0.70920351484455668 0.72597951570270369
0.43518788869033770 0.81158497087710491
0.16679139995576767 0.81193704854714976
0.33790120210388308 0.21726711839497684
0.52354709144624756 0.54881065691449959
0.49770565222033020 0.51771530210519723
0.60005383865019291 0.23311163301026930
0.44602344254152632 0.60393817447816933
0.55764321041920772 0.04606292229226082
0.49085663203560009 0.45019058730521994
0.51788287886746742 0.95030742594101891
0.18697067603952156 0.26883368788028461
0.78199250977012336 0.35649232959977467
0.42905162754725257 0.07571501148628172
0.48326524339920812 0.10560649374710315
0.60607214456065583 0.47851577484380337
0.08874324772955575 0.47943140939043827
0.94496224572199905 0.52022174916770381
0.52794946488595607 0.80272054378642221
0.63996329410387398 0.89703297709691443
0.48333791872850274 0.02994046732165766
0.80173443925349286 0.49205149369070628
0.19713112074450106 0.47977203483803738
0.04839028145343689 0.54692460220763028
0.66603219163901917 0.90471160973804132
0.86567607712847616 0.62208357804847092
0.65833218431250240 0.03904343795551327
0.82323845282625907 0.53419082054843647
0.30840652225205573 0.43352394528484345
0.26566291420540461 0.40982493082555010
0.55803371124812406 0.31562998461152186
0.75737546762033414 0.41243719951465502
0.70222398304157563 0.39261130502380154
0.50926022673499338 0.51112079457830417
0.17397281765735848 0.77107076511641326
0.42712969103684784 0.72522286840790107
0.91647580219921909 0.30976374212311386
0.24439308959588033 0.69502884702264456
0.82257032048043954 0.32607015000595702
0.62843160983083601 0.50268950144386115
0.15878081771096020 0.19584840855207714
0.57291926858351061 0.14576605406345905
0.66114538180155935 0.63348269005283064
0.35193836196749945 0.54335112697911436
0.52471446839389635 0.88783407963142691
0.62112229511846562 0.61122199656105491
0.07181002266983616 0.39568300295841569
0.80783750815773336 0.70808990896641633
0.48193313648768882 0.35292967790153046
0.69780298897812598 0.79921096513835654
0.03648771005010094 0.51065538575050240
0.24571830506228673 0.33305881456353781
0.32559908025394979 0.76860503017079895
0.41609643365385768 0.32013846585453054
0.88052117046006650 0.33755733957090500
0.86562611808612133 0.28381728029456132
0.39557167569754936 0.26583089496291490
0.58732746020680149 0.79965976516011328
0.16804804446799679 0.34951348053893022
0.51354935383018385 0.43594853794505478
0.81349464565143292 0.20855954029356122
0.32655099841464297 0.89156975457068088
0.83343725085013332 0.23439186288796648
0.24626962436805824 0.39099774486511274
0.39241987040845872 0.74606038905411687
0.04091719093700349 0.56687731675619579
0.35214213565334407 0.12599868198795672
0.42306415374583062 0.60395036400458380
0.90785197150697639 0.50983407609794784
0.50705500599323272 0.23578550540208112
0.29347022384548194 0.62285257862117338
0.64368431992302855 0.42332197505761221
0.43394632902324959 0.40599759162504995
0.25816491369770073 0.19001877435180028
0.71242752413825539 0.62880544253430126
0.74753947796472475 0.46823511732071194
0.87275762727691120 0.31965455689130923
0.64016645304901254 0.78662591764304446
0.31825356253542730 0.67849874375883490
0.51210910054393044 0.78700983712420358
0.45375107355465932 0.63778463897609450
0.16634415027600324 0.87406871867424352
0.35329324348816737 0.32593765444103834
0.27144842748396397 0.76463213746665271
0.27146382289405674 0.16920822426931861
0.40807165516708815 0.57816938508411631
0.85554178101256129 0.61531329819360758
0.11915783615990641 0.44120375163343445
0.47887129844303883 0.20615066847289354
0.64787967642398936 0.62864336073194393
0.50181903857318877 0.30824572595195626
0.66773253603087523 0.66203982890802604
0.69029864728935209 0.59405157113555840
0.54434196632466703 0.56301053045214700
0.63278308086268142 0.81866424582632413
0.60161852561963325 0.66260246250994626
0.45655840306697876 0.35877482895504709
0.52170263042198450 0.45996146082439932
0.87864744344639423 0.48735374794604963
0.33353388079131335 0.19076738031018242
0.13122578659064452 0.32355825819307882
0.39391015254081996 0.64995667975304372
0.34854692259764747 0.11448954787408140
0.19928432979398925 0.41190092141407114
0.27427311727182052 0.78500524411292172
0.49685258085182643 0.38663671060670768
0.32187817922187734 0.71552032003051880
0.08113431728371298 0.57860388353419256
0.67569359303831855 0.63684366318179941
0.55150207222637193 0.80568232435683973
0.53236760949455197 0.77704514033274663
0.36616133338674772 0.93192453561737265
0.35873395608750969 0.79679700999608016
0.90664457317274094 0.39073065170011712
0.33349037700646172 0.70794862318232943
0.45810831866301677 0.45463373249943856
0.11426008733917715 0.24216309173569806
0.19403938028736298 0.28088624967971404
0.33336748651326370 0.27482346858133294
0.06351980402936531 0.54362299016292448
0.72658932908934715 0.55781061538691368
0.84349066789345417 0.19479996557384105
0.31545182981983366 0.73364807952254141
0.25458662851813169 0.28413233461227039
0.38894910296903301 0.59577954872158323
0.42203729071596197 0.16617329717678370
0.21092111568063920 0.33752136225550422
0.83182221525175604 0.19008013731634812
0.10607369778621971 0.71537364315206387
0.37115119752978826 0.12269997874213098
0.46329632706045676 0.44412594497936092
0.89767079268523375 0.38016697831165197
0.36155053874532883 0.86717781153268636
0.68503789155603667 0.77139570930146228
0.74487644055195523 0.07943909748646077
0.26160348212618473 0.35785953892042049
0.59404378896527921 0.84303980211999074
0.37754630073143403 0.09867904427508542
0.32402756685133227 0.85854967186581843
0.26411336607632596 0.18071127953590252
0.49773351143353251 0.06807339359709630
0.08023216192467827 0.73597306913155869
0.62443113277198814 0.45108714889002899
0.20013601496988870 0.45281225981839746
0.78710848405035838 0.56547459467997552
0.63444088594565173 0.92529236547621008
0.69088112650138234 0.24043835470509586
0.09024009411232355 0.32945001927531403
0.36627796139044899 0.11054188822619400
0.88028516278884428 0.57248792582052321
0.49821641189727711 0.72889285395760361
0.70318418520917947 0.59143957766248612
0.73912555168923022 0.11789601293149322
0.32339865893102271 0.07960125760763687
0.45423398750114979 0.04773598569956252
0.87839180660622429 0.43211815926692193
0.35303200087725939 0.69403554803340006
0.64215685199091510 0.60456508450256563
0.32181752995848212 0.15288313123010921
0.78776448717798941 0.60051109312802320
0.24680058163842380 0.56064614457125883
0.83259055770801871 0.36014269720482617
0.47790769056200155 0.60476915952450228
0.43725996440093057 0.44582098421608907
0.81746272270749809 0.17954319438111158
0.63473198253946550 0.49766728924199327
0.04550850241318630 0.57809189323092813
0.84599017145088673 0.50201973442926573
0.51125228973599590 0.92819369801703333
0.15873809390190166 0.36665732104216153
0.07262644311677351 0.47637952680061763
0.12032064441151187 0.56834549201155815
0.61754302910258352 0.89780542198027413
0.54706332398137825 0.18686359771386274
0.28047715811911067 0.81851755580022423
0.67988850496510622 0.83132857163109364
0.85669390198886730 0.63401998751498312
0.70979524087738954 0.27822393128546724
0.67262987369339400 0.06991961981318962
0.54859173246642912 0.89382489139086918
0.32200670347073507 0.08529305560668501
0.41976948794302604 0.86354601831956768
0.13598197068976656 0.71576533402700548
0.76881796257198942 0.63483009635699328
0.25438838488172788 0.50248776979628140
0.19356705761226461 0.87087616832883186
0.10970374454007424 0.33373229585096581
0.49462269907420747 0.24168533222365804
0.38587641149960811 0.71985502341190188
0.16362009499817123 0.64488624672580952
0.59862112266222312 0.56622339616437900
0.27834068469287016 0.23611496506346849
0.19515314814859411 0.60816888843305905
0.80768134249504953 0.23985496248763907
0.64372280087426725 0.52394424275868146
0.37453441018953776 0.07257941492275501
0.35871759766884159 0.16724729082193221
0.61508160180513238 0.91465442193676649
0.54116004988793465 0.58626274080731067
0.60551726545516060 0.41761762384987999
0.75177855251859160 0.83225560597247317
0.30206819541826058 0.43115661026336660
0.79610077226103626 0.36668647758400841
0.67648837077879476 0.33876821360029624
0.40068520593962731 0.65149400720341721
0.63701812255274604 0.42455327060726900
0.40249724726433955 0.90010543943944810
0.29052358317737603 0.73765520733846845
0.54721546468829230 0.64617287961833869
0.22759796694313997 0.70500687835774578
0.89386930012063937 0.48034386398858597
0.35244107629653060 0.22079888419407243
0.61853819395154308 0.54909765927391019
0.63022679340457033 0.38435842654814634
0.79093380580360029 0.68501176832039801
0.09064923093543450 0.63216619426322007
0.22696238462135804 0.13844442326687081
0.55811958316401122 0.78768451376949766
0.08894863384833117 0.64185664619447236
0.08427622306207966 0.34896555030405441
0.36343724608740774 0.21162331646588248
0.71545099503111831 0.61725870214942125
0.30641801847488076 0.49276370819094600
0.68003934297456625 0.65576111025658224
0.53297896071006046 0.22507760992539530
0.21088045641618453 0.71653627390983454
0.51140999348086080 0.51715201391915022
0.39107864927858188 0.26088858806566595
0.21205618738377260 0.85509087343755774
0.74823947968961646 0.25112715490365622
0.85206146549869954 0.41485780958818763
0.46603367490257053 0.25071219133095868
0.16688447269468393 0.67734024595242748
0.23974479617504671 0.79801970699591185
0.51980592977292250 0.54276307651126310
0.06330344631675489 0.46602982696604839
0.28531580482855129 0.31930555255656612
0.12656763351392511 0.83128983900577080
0.76398753295684596 0.49731621865350872
0.17283987170014423 0.84204544051039609
0.09345526172474183 0.61555975444221334
0.53086891260365654 0.85839248975732629
0.24218874585124162 0.13319458831116876
0.22009077345753339 0.50383402935095956
0.44924044869769608 0.07425870425885714
0.03604956820204759 0.53167148018873578
0.92343204876780904 0.43403954902167552
0.30405724566791942 0.76186773167915256
0.16219648818774041 0.18317072060304559
0.88221032000741384 0.64242591458864418
0.42325036105290664 0.90275136149868374
0.92343527462768837 0.62585940591792366
0.24326730101338057 0.12169528787394515
0.76074066244927530 0.53940732945864511
0.61321219970064200 0.25791806357339997
0.94966983337719246 0.43570579363307671
0.45594063211016300 0.92031845931968337
0.71643118815721918 0.21981812919790114
0.66784040940151457 0.48871057394199380
0.46624700436385197 0.26901824509468347
0.29621858999363471 0.40609359424978203
0.17183560324360467 0.77792717043714532
0.06906134084797697 0.33539113330597309
0.37693262417344969 0.58807107827066907
0.33803017721401835 0.34949883750378841
0.51996918490568722 0.25052261687878619
0.48149127836794903 0.24483215898151020
0.50784885001706392 0.29910679091355274
0.80576050495519203 0.15789870532267511
0.08762986105890444 0.77707483052560611
0.45209260409448732 0.72856835042222967
0.25464268969943415 0.17092288621438734
0.07004390147307986 0.55242482573070195
0.25331129962455712 0.62900098650264702
0.74843906113404846 0.66032685636325872
0.25610721555614629 0.10793705806621227
0.75797715148583733 0.48518321524541980
0.22103262298772064 0.87153453330353670
0.48104887751592851 0.21296540332294320
0.79216280125308070 0.62137229418612216
0.28784668396316376 0.19450505062269752
0.45899266297346247 0.67134624659210307
0.04971763063114733 0.55914394257399613
0.77680941977273399 0.49033909363458167
0.04818892786043966 0.47135686640907448
0.73455051436298902 0.12152515805206486
0.89749407857147245 0.28877584612679297
0.83823376103221980 0.24800397004714361
0.67046036017932420 0.50892234991606689
0.36770179771747452 0.32011589932489770
0.06743936417931147 0.55702731980996967
0.79123435699649936 0.42413961701998759
0.23216932300292545 0.14027774700561468
0.45218279227661340 0.75747771108981343
0.49529589770028210 0.12450133376397152
0.40643838982021213 0.84803562729795479
0.69577275847996822 0.83980895831098423
0.62850524371300620 0.31588219539671580
0.03984827723998410 0.61877853789501569
0.42589569227643626 0.86700790503619440
0.67058993266283262 0.71907196682450492
0.32419049163839142 0.07255469175135892
0.18129983571549352 0.78717870465489548
0.28356990936040094 0.32610016664787378
0.16451984617140530 0.83085171729719942
0.56962746920524099 0.74915991869092691
0.73117818328376138 0.74697412960638121
0.08446118556387153 0.48837086242545369
0.35078104936231530 0.46999420463455865
0.87552815059114497 0.33265818220689614
0.19665437488648654 0.60118300597851537
0.32415814380535052 0.28388147682258386
0.47517054823808169 0.43874457392883176
0.38764073655754455 0.31488649491119175
0.62860107769963014 0.39088260142744730
0.38102809282809175 0.32269085704642858
0.23319604904157851 0.29180136967733045
0.46920976014276794 0.23743056794726125
0.79454615605158885 0.51947469602700191
0.62519360152215553 0.27215822896637037
0.52566211094892668 0.28383019850766161
0.10596607441073405 0.47720689640729885
0.30674654778314731 0.64307650102790459
0.34979023127088993 0.67379120280081051
0.61852438889615236 0.12952456899160752
0.82348644893833800 0.45394914435141381
0.37543615002931502 0.62403849221624941
0.53085806980064354 0.57668234382703709
0.20968475101573550 0.16122291743066580
0.71335874942009680 0.60013919056025600
0.63342541016953446 0.14243420184425171
0.24845243800522829 0.68928261138002278
0.18829705631278168 0.38083852948830699
0.78654682346642235 0.64118077048822153
0.60701593086630656 0.06727823329637926
0.20634028068037005 0.52615989040868238
0.17245097837373463 0.17244196366180523
0.17887343829912791 0.99999999833712261
0.77678147723046054 0.12367133363901257
0.52470509453216330 0.37418909030538872
0.27936842488028291 0.33568360560551619
0.07159764729771748 0.41912024512076163
0.13306509567839930 0.67296992848519188
0.51736884069235745 0.92880133197729131
0.11715392207392622 0.76242969600811961
0.79389898248029112 0.29034638673024510
0.68768065965588365 0.08369565729201331
0.89654855982633230 0.41297657907694474
0.48436484383719419 0.67172476882133259
0.15847673696925341 0.43871912655882067
0.14232487141921624 0.39276632364342168
0.54490616486068999 0.71984393614733799
0.69823689937740085 0.40597206431813360
0.26064975961756676 0.61311561323782959
0.46565999188294127 0.90099814229417252
0.60595296605783155 0.13504696852845535
0.11934295896835809 0.26574758758671890
0.59184492243772169 0.88975520710383527
0.58298421712677484 0.24168017659296762
0.55162956021006748 0.27832042561235271
0.57562865057893653 0.50147497772550964
0.13527974277846416 0.51206113304443313
0.52817979997791686 0.31286453240974488
0.42513404070836203 0.03602141198444168
0.62217833333631711 0.38753513243584209
0.46900586714605225 0.47137381935651113
0.49899120172936440 0.87965269950755054
0.72427517821811305 0.17437012529652618
0.42398805313569382 0.07384406606156371
0.67065755910754588 0.26406568616363435
0.47997793098317659 0.34541101536979424
0.36188252980795738 0.82958200407514726
0.42699195058653294 0.40763103092113306
0.76483795304919622 0.87240047484044747
0.34520903434100375 0.30098154781366759
0.52738261443036571 0.18417554794811852
0.89453738959487150 0.27656288106486265
0.46557018898301777 0.11493225066320345
0.18063175639090548 0.83907989247974035
0.50390180088702963 0.37155603900946116
0.34394071712584051 0.92814113907760598
0.18545402359007504 0.79658939753050961
0.51364367604422767 0.59593082419595844
0.54019080719324453 0.65130450780055749
0.93932618464942863 0.49481413594435064
0.77517483019617450 0.11671909616199820
0.21447889556613675 0.68380079220176782
0.36820244651755379 0.66212572809979209
0.14701097648743344 0.56016311264028595
0.23689320219310037 0.13661952759142168
0.70643641756422293 0.49170225378187354
0.71686782919037040 0.70669026498621068
0.59127842936177877 0.54471613137003183
0.71002842752406470 0.70439564325689397
0.21402467328378830 0.21482190178943553
0.08152514803395700 0.33768095682015992
0.87818276114096960 0.34367340329132590
0.29597322597256021 0.66338383959875669
0.53091780767191177 0.69869285190884567
0.23085378334251330 0.59720081601058894
0.49970588756534745 0.16694499959467782
0.78726956706153572 0.30365980606819898
0.32659265391333370 0.57679883351213423
0.60565504852267227 0.16122001205547462
0.68392597073950945 0.78495994280996184
0.71953242711375476 0.66230365665292523
0.27357406741226481 0.65950645941543651
0.68126062446330404 0.67579050038182098
0.78426722601311827 0.68716476862625719
0.54959938106221651 0.37766255812020882
0.05319791523068114 0.60187177107233303
0.88596200165130590 0.53653126238546878
0.61354993509460731 0.23213354165539618
0.75391805092389419 0.54876316013101800
0.07451904279926792 0.40448438043172807
0.52268337148414745 0.49729024066262395
0.75915935370206555 0.12758328280041314
0.33769700556954435 0.63466419755411563
0.13750547256897280 0.52713170151763933
0.06307383502537316 0.47188293246315827
0.60958986851652130 0.67993126827495709
0.64389444832352105 0.67032116909336337
0.70287754193863827 0.10404096744192599
0.49399334972124520 0.51179087814941338
0.27782603173348497 0.76699932219550448
0.90368311653763467 0.68365601439741774
0.37080978741264281 0.24190576577123554
0.88312886247543132 0.28300638206268519
0.35717699308640521 0.36745815936399884
0.78020473167624804 0.66659047297420693
0.47893583830113112 0.89614345584151767
0.53001439351903323 0.84621001595504530
0.70149382872292954 0.85770565931837239
0.53741054307110991 0.94344796999558311
0.51335193921637723 0.04100122783081214
0.84847795210316224 0.17756494591878708
0.88860627928721780 0.35699871642930769
0.46421819484949239 0.43053742302073605
0.18995113111426654 0.20388793547100703
0.22108291333843505 0.80642547502579698
0.52675812083270812 0.19111799215788822
0.20129027972725427 0.48591079877755078
0.32725909843728024 0.15823997940195306
0.40138838727267845 0.57882914944642350
0.55450382800882625 0.10464965770185472
0.64018941667636997 0.93627539031634177
0.93438004409289521 0.51322553282180139
0.52909091059085300 0.63032231227804858
0.39629227286991231 0.94618907343938696
0.43072421445473974 0.80649544372724069
0.68818816484604184 0.06485907805702312
0.75028446830577222 0.67192171777644227
0.67837878307903055 0.56906265966382108
0.65405393105782028 0.11930835440258862
0.07940337033783211 0.52843509703742197
0.64621139184046250 0.45057520537065027
0.31813948652428453 0.70984395868362327
0.83164403715509772 0.17631350361072665
0.04808028364050924 0.46537108537662530
0.15565755047390589 0.61970281698998086
0.58273816655422206 0.69207879064274436
0.42412364969806610 0.71255907102632998
0.43359059190103605 0.90287705387904893
0.58624638542536711 0.87195200609790890
0.56594842643706955 0.87062237710005608
0.04882423959595529 0.40652996214711595
0.52682946922294116 0.22939240036153102
0.83596979359358647 0.45978413079027725
0.24700649525097290 0.19207031380175149
0.23854877447980655 0.89628843779475731
0.41770296763137893 0.10976032166653854
0.84549828260992088 0.78344400089179045
0.74979770095687670 0.69987037574401856
0.25294304365236103 0.52854761964765495
0.24892330837168941 0.72884912580665284
0.86577431763889856 0.22220156990977546
0.52626995412911692 0.54174362557196243
0.70229432635847289 0.86421555328694577
0.30785932907179170 0.06619681880812335
0.08738561157800102 0.53140060289330093
0.11264066263817812 0.53317066372259836
0.89036677087002614 0.30002712847981922
0.23353367003370953 0.68117906025798636
0.32557230299120171 0.40620319418504836
0.21389895689733471 0.52865731598901522
0.36884654489116803 0.82751009189634017
0.04336051011260707 0.54924900288492873
0.43504348304003881 0.21061743404085603
0.18880442453986440 0.35537443546306396
0.24178021417512874 0.35172675191121283
0.44809490910895711 0.81502597047858771
0.09498442150195512 0.31504845980748164
0.53162891734392281 0.24158453624613155
0.35059503985165275 0.07376523999316653
0.71283712304471958 0.54654291703321134
0.58475881299933019 0.57731562963337846
0.53639570745481280 0.50867595999733828
0.26186163782063920 0.87094866113232794
0.50812301467596188 0.80769643918589984
0.65669284052561194 0.57226320188566571
0.61000437282007414 0.07768694070394250
0.06371474241620419 0.55271697620781934
0.51451388476331616 0.08811757721147628
0.53101209571268337 0.66108306134431760
0.28071740863628425 0.57339996608523547
0.23085374046436882 0.12015297231830475
0.91301109919429757 0.41339814891710480
0.07316884024119785 0.48822640181143145
0.76899352570312507 0.41648232285565862
0.14979138169962683 0.70265170016451084
0.40782227128036719 0.67950296808923250
0.25260955110150918 0.78265146241923633
0.16628413099597505 0.85375067237519675
0.58728215699362996 0.07869159418024864
0.06690340289934825 0.51942210794692067
0.89995848037322368 0.27211906776261613
0.14376557205693366 0.21839639283603252
0.06271265013781301 0.40399767563240918
0.86420871416601763 0.24100591294646123
0.33867411609571291 0.08321015610620515
0.90212076395523444 0.42109849692747897
0.41877296191396302 0.05456634621345541
0.95519131065684315 0.48225691701214041
0.31936876657225616 0.32883008858980295
0.63478499679921108 0.28923288572296613
0.35593087951967695 0.11986778572677483
0.41828361018768112 0.67226703530325893
0.08861415295079245 0.51547910385732110
0.56926620258165228 0.36030299715571779
0.68156151636357520 0.77836096131346411
0.25967159532792394 0.15268339323696675
0.72483639410100609 0.41750881912781751
0.28694881802924782 0.52725266127521886
0.46678782980464084 0.64229182203261603
0.56689130595275528 0.90919573074333904
0.28663242209483397 0.77743651627267274
0.62196592149103302 0.49904198775003805
0.32972214124802962 0.28855596149239143
0.54516004410762420 0.72841888428542889
0.75274764819839202 0.51281096973090812
0.08905370063430502 0.28219879229878514
0.64540341910674026 0.06130075977894010
0.43168299879811650 0.34978753148483466
0.29707403922094094 0.09549633420338664
0.41198917418565179 0.17331636532436967
0.56909733652020988 0.66286080659290691
0.62750376434505217 0.89938987585977115
0.65151129057172519 0.26918835700435706
0.34228101907501224 0.55285120820744282
0.08795032385440900 0.37297733627993757
0.53889712101820153 0.52243959611626500
0.48974909562033819 0.82438706015444130
0.74654535947630984 0.32737790999761446
0.40455126821921572 0.92820938703886613
0.55459123185586734 0.58598378722147981
0.64775077974727835 0.34899671702518797
0.80975081704179985 0.32060719260415566
0.41753629480537185 0.95633996972346136
0.29691012258214061 0.12462688085208580
0.33198263987416404 0.30485589443153693
0.17379676192453122 0.43897103037981344
0.17729045335413562 0.45763488170073585
0.33464851005700208 0.36594590666610244
0.13561022599049213 0.22419978095440718
0.49574975914258462 0.61174615510311570
0.90224691569776971 0.44650545413026466
0.05563451951092054 0.39570977021442605
0.25375157227430478 0.51523397019748363
0.12250329271115991 0.45779026626011748
0.49170273449987145 0.55426503305958108
0.64787768384839528 0.68464315753398430
0.21398813517914891 0.60637710654959343
0.24496149100689568 0.62954229778314119
0.13776616909733644 0.74988499680521348
0.41928640093920083 0.22526789470147823
0.41276218305179374 0.69184295957005626
0.34887159361616349 0.10344825282595402
0.36570567975630053 0.13609072314073173
0.18764556245615444 0.48512344218173997
0.67379054252025372 0.48537634731908469
0.54091605274568877 0.64456454197920721
0.55512611305591131 0.39495695293894695
0.02463267743369242 0.47780042342066448
0.90521887172068105 0.57806028068761162
0.23242137187871423 0.21255267342941514
0.45130268074419660 0.22834382739545414
0.87383755221454473 0.32667804571763404
0.66659681227047907 0.26949206453593805
0.55722381124827236 0.28260371133553375
0.31728477648246300 0.14801745069572178
0.06064690912843140 0.39809427975062422
0.41709543490293066 0.08226549634939473
0.69116566059299178 0.88680493562273432
0.46570748501577136 0.19688941121065495
0.76071320817456400 0.56024735682950988
0.74688362224926974 0.46135180008579091
0.12395228818350368 0.61000935168654313
0.80952769486031795 0.75228168414530283
0.61016993833946487 0.19641937641447543
0.90958830970546689 0.51573795822312374
0.77624225207231989 0.79534985249693002
0.78178693835262913 0.59514794227422751
0.62058912745214279 0.36004505168838286
0.86760578943984501 0.32760366160433135
0.73286071770256711 0.73387757064258152
0.53810454854318557 0.74685222463502932
0.56527740835725759 0.73560096126928820
0.25906790382666195 0.40564738291364300
0.71473839393468108 0.73069064783455917
0.47527103120421377 0.23322310027258966
0.36191082675478703 0.86061495363806895
0.56926040729193916 0.07510913924426556
0.44574436391520622 0.49270573278037155
0.43678866881014777 0.96426009428915604
0.39318438401677702 0.40645702732330680
0.26341754066264472 0.72752001314334358
0.94661647820720018 0.46276357012713804
0.39943403585132609 0.33303967971041398
0.76458868557486370 0.72324056929282876
0.36638707470849846 0.09890125507079608
0.78753298526319160 0.17839732438190495
0.13064614065491931 0.21989936791767503
0.17306858869503070 0.46294513941231075
0.18304178166709495 0.86585569940202634
0.26382131795034408 0.92966570134273341
0.72545722199376383 0.11445218485771873
0.87682376409897955 0.37193203110045081
0.85657131198196890 0.77122597414889449
0.07787271913707418 0.55231153960500923
0.29946943253913383 0.69759152989101292
0.16496244686750558 0.78813025161478178
0.49400450024374493 0.79415357483863003
0.58632115967569320 0.81614175345762729
0.09932227119011140 0.55446614140199657
0.73591651177593886 0.56274984258540162
0.19632820082952041 0.67176933819203577
0.14989953375025561 0.21823628140968740
0.11419512096432816 0.77765514142577441
0.25047506250223700 0.90610312231061796
0.93346938610382701 0.35266218267365801
0.48784270119059098 0.79752303254587087
0.30972401898130658 0.41194700745821622
0.82875251767575042 0.56698900587200041
0.50010988539762757 0.22761946117070014
0.67008501890843664 0.28332471883319416
0.36942706637919065 0.41199797677995970
0.17001600162891706 0.82001765858582010
0.84722908365509997 0.34660134997331304
0.53624807422480192 0.11169993565557096
0.59611972335395713 0.30472202331781101
0.73963088696355228 0.32875941346077187
0.19085522624143736 0.88123854955886416
0.35040602078278854 0.75007268700505492
0.63252944065045358 0.75236521253693633
0.40772015504719544 0.14611981381159952
0.07089685028917148 0.36267765133267854
0.52368366684450041 0.32082157380718490
0.55364218570998835 0.84323061484838779
0.27815593468775279 0.15234430608006030
0.74353179436665806 0.85021111150256423
0.06931237731008470 0.49156839114792272
0.27573914269745242 0.18661112856040477
0.81713019452862723 0.30814093527914210
0.86034857102624285 0.54218082165631010
0.88877246705297053 0.66003148617010365
0.90967971561557526 0.49644264863442045
0.48518813692634927 0.73457859069828191
0.23456010426226809 0.15650419838191679
0.06325910559940132 0.38106802797308470
0.49615387994511512 0.62450447061874326
0.32459170609004678 0.23739769327452154
0.70457640052691273 0.35031419156118215
0.50831094818656553 0.30634378472158591
0.86350869280339460 0.30197057373744474
0.39456521937925082 0.71860796330385246
0.83080532145020514 0.75521676000250737
0.39925790414833667 0.41048822664570245
0.71297047534340652 0.63656299842502795
0.80244805956740084 0.53268656525769775
0.67272497463833092 0.87007288017214990
0.49471831427565177 0.35855331883353309
0.54910184356764169 0.68068008208631681
0.09547978086224956 0.36222844031744683
0.87995925887782223 0.23461536485482209
0.42630846122147353 0.10531920717701555
0.87344042529763199 0.25946859233951858
0.33369172071065634 0.78166166525825065
0.92087520404079459 0.59765602766956993
0.49411784072333470 0.34667174912361076
0.48586862755434862 0.23107194433059616
0.57469202981868484 0.45420594222109084
0.54558406755615874 0.04373823667293120
0.53859441112750994 0.16262616784905376
0.91943903376812308 0.57083269766921729
0.16116209663809511 0.35280715712678312
0.39065892724547802 0.19884227272315405
0.80440403141564776 0.45820665555970475
0.76738316761117575 0.22099232596619992
0.28880530601300480 0.87476941197580693
0.67177475500541739 0.30308501670168786
0.77192529827838496 0.34458975659839503
0.68727886105847347 0.36976089491183683
0.35367876056746239 0.43773113202064423
0.17396694898712448 0.36903462592677327
0.95531884009647261 0.61212615723538588
0.15254862621367643 0.26598440015551328
0.47210419886118654 0.14233734122406791
0.28940034549088622 0.20100506589585870
0.55888768012047119 0.08120552014459759
0.85720032402347246 0.30016637488831360
0.25860807462588581 0.63433303453642498
0.24819670215328146 0.36337627512137671
0.05404006894061800 0.36291712908906421
0.54033044300665878 0.81903421029774659
0.28248523932245595 0.75591165300755192
0.34131468495027478 0.51726894033298609
0.81619944379575915 0.71835414726506697
0.31467675473598145 0.21867018841016886
0.38341246828892089 0.55907100117832031
0.39269366838564523 0.92370037334244792
0.41301737916689718 0.46447934530066998
0.71694112527351550 0.36775450030729501
0.36031190337937330 0.45993289835575907
0.33078480185259146 0.07195424049619091
0.64930942773948053 0.84922372073101038
0.28419813924513626 0.90018506042426205
0.12515536779929939 0.39939864287525179
0.40443802405534712 0.09536431056613751
0.12910251707011500 0.66769670852307994
0.56268673603934150 0.58110981200800071
0.44057388157040295 0.05558658568660253
0.48433485588145292 0.42855755817480984
0.10502621198693815 0.68383241030975273
0.31500181468423105 0.16231152795853121
0.71377434947684215 0.81337908233908829
0.39616819759744137 0.71087977872665631
0.92975462655794705 0.57894808519201213
0.36117951759760059 0.04980052366401610
0.58767354413081985 0.48982308546144421
0.54973065562458701 0.51272680378938218
0.60071517066633662 0.74397063681531428
0.27883929043807493 0.43533121744552455
0.62814438971745701 0.49571068207770075
0.62354967944443629 0.06369009470415053
0.87024863650997353 0.54763216687333893
0.57824133914579690 0.33596111405631701
0.86434251242017845 0.66769304111955685
0.02488754907309480 0.62967966422233912
0.49724413365698639 0.05601671382981783
0.50279192706121933 0.66360528781885852
0.36839303573485532 0.54257221333178662
0.80938908666270803 0.60937222275205538
0.25184145464012081 0.37806962426035934
0.54070227187536213 0.04797371550111704
0.47790658471263275 0.62620828775811666
0.68376840983305653 0.61508383086131857
0.48692191689817765 0.74839308648053704
0.08862533927896937 0.60168553681920589
0.91009455885263713 0.35087989156558808
0.49858539489305370 0.13024569742555844
0.59199569528932461 0.90465007990441582
0.63895033064795559 0.36175661569753409
0.20930550145927210 0.61574012566507375
0.27303056841378920 0.44434442227979842
0.23464872595896155 0.44574341417084928
0.84026887831137886 0.29285272537689649
0.57029035505426173 0.72499630019808425
0.70941049625948327 0.52061813949289359
0.24384355937986088 0.63934810980014645
0.69108597502516655 0.29229318200260507
0.77437166323995610 0.29829956004513808
0.34467289906330795 0.28745345905547925
0.83971714470577941 0.80935168770641797
0.26862398710835250 0.45876417726444191
0.38448254635696849 0.52094683473097980
0.63400157637921040 0.60484610157783736
0.64756023521901507 0.09315946651898711
0.34608439300919258 0.21203332632776983
0.36437645056197027 0.03398813683552850
0.62269116659657597 0.03463660240499888
0.39536944441285116 0.54049725535051074
0.90902111597098090 0.44895162866565880
0.84913852213044705 0.39122510970226865
0.32885128056198687 0.05234259240620082
0.32677797758402277 0.51056003556329788
0.50837022237955853 0.03652528349997783
0.28357688359208139 0.90615633246115301
0.67232080100089542 0.65714269832039862
0.63687772170117907 0.10148856409148446
0.65191457109716311 0.66492357798703505
0.29759130488674645 0.14557377699057361
0.68419964129574884 0.05923850299001007
0.44915253811915862 0.09547169402085150
0.59152418599988521 0.09192296413470198
0.28659060392228602 0.08061383810373524
0.28827723106708131 0.70580416607032959
0.75262114704344862 0.83938116441927102
0.86919281954164695 0.69957022991172846
0.19162076368873060 0.16845779057046617
0.05774735710557928 0.42479125723148048
0.69037244170047340 0.27142944216447912
0.33805645464216399 0.79550242888801947
0.35865750338309577 0.28158227396466351
0.57739436188396098 0.26112831803525477
0.30313036865242010 0.23806582176562052
0.53373582463696567 0.43182306582771862
0.63767762468198252 0.83222064050150646
0.66403867717017351 0.73918461173823158
0.46515422364255971 0.45788052589444789
0.04009014119216543 0.55541285726431522
0.89427220981121047 0.24457372457941257
0.41101745242328325 0.78058706455667248
0.37981288528952245 0.75178677045528208
0.18037093407897906 0.81247174146362644
0.36522160505104295 0.27009398268488749
0.39600944344707295 0.91190962832600453
0.58718271959431423 0.66617669904383292
0.30150574752346498 0.80105687312466267
0.07446676042630995 0.41417764928308964
0.55037155734883891 0.56718322675236343
0.24551041353050468 0.18582449600254838
0.63943156810690005 0.07174311317482233
0.62113807895804740 0.04941331522104122
0.50382782586530905 0.83631205651469742
0.11474245081793596 0.78898210366029176
0.44231654899835998 0.37620595518438921
0.52024182743858427 0.24124946836577882
0.08376312223100942 0.59107745987387950
0.29605700582331407 0.36478160243033114
0.64477096691404656 0.54960455215788229
0.34866787540970967 0.60832578568242479
0.96370846064069249 0.53236989247702371
0.70949975782553998 0.79232825294793718
0.49124683414801690 0.08312603467044259
0.14318752224619996 0.74179114510286659
0.06771609355992060 0.70285340422241427
0.77044864354210529 0.17126021339666181
0.17711182291101932 0.87405584635912370
0.04171808884560372 0.59733657855420397
0.84201915147945705 0.42450692769750481
0.39973562632013626 0.09223280404874468
0.45742994152479849 0.94794484533756118
0.50331419950723244 0.38993609726866457
0.79801043309341957 0.20037377586973637
0.30234587817046699 0.21235652114546630
0.63561222845341003 0.53920672618475984
0.59620971973281578 0.40528335671334814
0.42740210589949840 0.26495143211556421
0.64621643976697440 0.30589752922946217
0.74550919729575738 0.51579392759856757
0.10367857182580001 0.41071379544418629
0.74545119108088642 0.77377474407322855
0.20968041980980553 0.24868201818682945
0.08141024811438295 0.39843621794063028
0.50033589287838620 0.52375099223136345
0.31585460627709228 0.12085750833907237
0.26509762615828375 0.39458704067935385
0.70141777950374484 0.25171514192505801
0.88622096052048982 0.72960849402154426
0.87454670350490937 0.46915875192607293
0.56991699430034226 0.03461194122513242
0.04323609815845410 0.48760663543556559
0.60479094115059817 0.10398816665424022
0.96293754711999324 0.43586456599860429
0.72540658569126293 0.80006270727145523
0.81917982235262499 0.27629794751896763
0.42244749802489734 0.33992198229303822
0.48090297401520854 0.80921163730397838
0.18855160123835818 0.61581458241446574
0.68808205043005077 0.45157320294008813
0.06827015557188124 0.63550209274420655
0.61699999356136881 0.15466412400620191
0.68313838327571341 0.70003243127961301
0.53008740423215595 0.27077320859124571
0.24381728898474439 0.47274233081835654
0.24693910546450690 0.40756199395952963
0.56538625647184682 0.56985208434762935
0.24561019007973686 0.74704251804662536
0.45105394298392071 0.43534020051552735
0.15549838353056689 0.44948330788067387
0.08562582572332537 0.31613766778930646
0.85851470827582599 0.75748543960084547
0.59504076086443303 0.29004008189589753
0.18472115997324989 0.84637384758183254
0.30360324539305988 0.88779921525117322
0.25483287998982118 0.54214090580485230
0.09007911436391403 0.56376422970720297
0.16344667255588449 0.54567510789990137
0.81142091274711547 0.17966090272977966
0.45306493927452030 0.57834220011597770
0.26059585735001928 0.29642333767263795
0.70221388217714675 0.31095243082983676
0.61895184247189527 0.08557680701016039
0.61256897384076026 0.78871891839179953
0.82643607736919122 0.77677646541459022
0.88754775057223367 0.74785412509736893
0.14004265263903382 0.25080542791211635
0.71842212378717807 0.34634910523367413
0.66867782541923848 0.48055578230249019
0.21796256372217823 0.76077507963907531
0.33424653024807660 0.26771478024395551
0.44271978798035938 0.28808925538932623
0.18056370571516978 0.34839004162948395
0.72403381328214034 0.31206752800275794
0.35702665703297426 0.70790928583165269
0.75207712880563093 0.64520089477197673
0.15498293178322725 0.50612634522430577
0.19970273608283029 0.27026965187081636
0.13551943339895617 0.26060865962943447
0.04223548474766237 0.46197356486556340
0.67746443510176080 0.43797205560899333
0.09125854210773783 0.69478770733677342
0.51864573982236206 0.88961835467133343
0.80405364133188539 0.79452475672045153
0.16684132256192902 0.74340672379706996
0.78289058795848088 0.78446404156485550
0.27561489102336584 0.83697006976479982
0.40277228827088368 0.53989835475771175
0.57090708226171216 0.37148404888280928
0.08958361835443712 0.30037758855752072
0.25241864890594845 0.45824352070975777
0.18131142400870423 0.38278941234335961
0.15740916116918746 0.25199050522059402
0.07328231002605569 0.44391821685773747
0.65029346001895350 0.67215721805557493
0.52754774881529343 0.47243659812380956
0.55931892921088644 0.26031583959603888
0.34979654111936448 0.12026826189194863
0.33100493233310385 0.19789713683020929
0.52483253700491539 0.38699533412043358
0.71633652953257609 0.56181019478112526
0.06132959898080318 0.51501457726460764
0.71571864969476884 0.68655260460334977
0.29247770750159113 0.43461882317950878
0.63987078502974981 0.81691266072946267
0.60654988664777643 0.55643707578261759
0.68987072262917637 0.87710728592574039
0.82054717389020149 0.73130354672177045
0.73260226173020437 0.31125544902375230
0.75922445358040802 0.25743729815116301
0.48866718708545920 0.30778662909086596
0.63271316007772560 0.67871577398108551
0.39627300962128564 0.16923473242427994
0.30035606835987655 0.85175297420171980
0.67146215056853886 0.35982006635847635
0.44866476909511188 0.42689445293862593
0.90633972968801302 0.60108426439852547
0.68350882121474155 0.66216384464182343
0.47211188196624004 0.19917929875400781
0.87019165029176238 0.24051532615329829
0.43693209118241211 0.26701103821913036
0.42879893196054958 0.50416601780036641
0.20957057507750398 0.28075245781443980
0.05834837325659988 0.46396800418583606
0.16298167101709921 0.37308441640605616
0.88801697835651849 0.61619072984529344
0.81919025892582120 0.45918484863096953
0.73440110508506906 0.19269887209046579
0.90053064966189234 0.46990072091178409
0.37413709400609246 0.91835779664713046
0.49930096961487086 0.90511132163837738
0.69913742912792332 0.87020014550027625
0.31722115402219786 0.93454382050853824
0.37565882218577712 0.14392524710991064
0.15441225461591487 0.65496033877375937
0.76043304312946025 0.37749801337074795
0.24836537176249235 0.71291940722976366
0.08452139911195104 0.52560749378522165
0.31737720331402619 0.08190312445235040
0.49070221148845988 0.61922401610608746
0.18482942747587489 0.14194854392274567
0.21866728099766172 0.78317476052967849
0.29657944898945376 0.76020087049426177
0.04830822134423545 0.67429542577363322
0.67114384574987052 0.74005355583279864
0.66941916142267921 0.78338508995260703
0.48172039826631052 0.57808749994754549
0.63076250455958516 0.07187514129732619
0.05280393643641253 0.42713008224050941
0.84751565246490490 0.79812372729571646
0.24551936920492751 0.30643727056935433
0.91544897424782279 0.45032014874048459
0.37992980368825396 0.69044578779332932
0.52684176957054496 0.68879531184831189
0.76356698228987485 0.71165152110501528
0.79171186731186161 0.77222609968006017
0.79396283174240090 0.17821295337099746
0.61556313216922121 0.69127966664587570
0.75975655712747492 0.09853808554473210
0.28249086700452597 0.36011444353985655
0.70269921771623978 0.70303084442896258
0.76035095001249631 0.14094361895217072
0.77856008661399989 0.28680068694485417
0.24746674119764842 0.65961974491464503
0.82178648326981130 0.60966827614611552
0.68476204603118029 0.41239836647655015
0.16868090347497458 0.54110341891574010
0.21713657302354189 0.74676723472163087
0.40288227277326366 0.79108277858610909
0.69110590637031910 0.35802086234265851
0.51249553307849083 0.82921321522410285
0.46871434102344539 0.32601934456466869
0.74819481463021642 0.31999073322705257
0.68091038892913258 0.31474832611381626
0.47772641048118641 0.39800496541597108
0.07378642834871055 0.54862003900749390
0.45637256350988348 0.70560190624823493
0.50688044843135127 0.88453297141762199
0.54400950209719767 0.26828344402655740
0.16832278607026280 0.24288603943210496
0.42437321009740120 0.88599488864270048
0.58846783583304907 0.94556646644258568
0.35245826664494623 0.64084466756614988
0.55151183557768935 0.23462400624460200
0.46170106762641550 0.38384876192277700
0.24094601269693219 0.25929810134927123
0.80152456560527241 0.18842685520312868
0.75125774878334439 0.49555778137303935
0.95198453013515261 0.40539993895093607
0.18785719687369873 0.38746949105721812
0.07081546106104671 0.40102444618723077
0.43962018946920361 0.87668135132355574
0.57549080178298817 0.15222460401965379
0.87821307240556101 0.77206169799384139
0.87940475972000320 0.73627922177472427
0.89655242168200622 0.32173959918388151
0.37033305387183690 0.94259352252855522
0.32020471481713714 0.19342665639965179
0.35341727615557733 0.81880360853419132
0.83574201139712800 0.21108382797150985
0.64901629475846023 0.28310499395055327
0.92564060901044520 0.50607206024688334
0.12455740059155265 0.59289960793591301
0.72154134317532825 0.26016518867466693
0.08800418292067753 0.71670141281950450
0.29194868024570292 0.09912549423225671
0.26565237537610481 0.81528525010647135
0.74070872546437838 0.55671545220516461
0.72117461364215785 0.53199441169221284
0.35293905339838011 0.72379313784423394
0.50735869847742876 0.14056272781770798
0.35877616362896719 0.12558175150816484
0.51461329799118960 0.15310371150362914
0.28962217823536218 0.90549887816586949
0.58402993273492387 0.20158871396610104
0.26719098628436339 0.66244335226807016
0.10230186264175081 0.34069271370829568
0.71452979992398491 0.50045830677422576
0.56682029665361000 0.51217360557392988
0.25409227664558476 0.44430491261592214
0.33194205855810355 0.40856852491813661
0.33156637818544427 0.31973953927151461
0.18989511079490098 0.86403328441185234
0.58219162038955985 0.26580179001338422
0.46661580577055500 0.79283321630904380
0.47771474134179992 0.92771010393220044
0.14123763869179606 0.37851789121119545
0.39011605632145435 0.06918694136856202
0.41963427391620217 0.20585048808825665
0.15644416614994078 0.34303589154195574
0.67385152487096256 0.84289109758247682
0.62155448417641335 0.66338936584941000
0.59945477143029702 0.55961936273218349
0.08188386195374932 0.71934980290301243
0.23470717164345359 0.90247295547687634
0.49927139573702650 0.56353883161549145
0.85211094029860091 0.50543315424624335
0.32835306294697136 0.45091567913550457
0.47252409141823537 0.04859558285182791
0.68155132898670556 0.49652524370139411
0.37028543453408114 0.53475527898698882
0.60753988911844858 0.58931719250611514
0.54113209806080920 0.92690797639322120
0.51496543029026798 0.03487416463180817
0.22850216428328307 0.75632113689431701
0.36789863339219886 0.11655534045573956
0.27862238707992565 0.49008538360494747
0.74310168123424181 0.35457785621430132
0.69973852742837217 0.26006115145230579
0.71200230165080458 0.71159417310858364
0.26017336665654178 0.34089487188075757
0.48998013017797876 0.10500543031799002
0.82067414780172077 0.55284525066519952
0.52284262821966232 0.50605896631750569
0.55691319609638124 0.24465263992226638
0.06793766724874206 0.38863873108412866
0.62110566622041752 0.47653607320974228
0.39476427868036490 0.93484157867853634
0.52536405545646869 0.40770792458975275
0.30527838674739716 0.43963054788115807
0.10605568059929477 0.56451407332224557
0.59490967978193066 0.04320069169618643
0.56317292341050229 0.05696608966287638
0.43403613217667775 0.65483784549004964
0.49677285020918077 0.07981476497535975
0.43473201863644367 0.58297621589764670
0.37220624562668764 0.51560212660271509
0.23595595054491034 0.84027622864906593
0.46321483640252265 0.18829932920053571
0.67813530606399020 0.03752758693482829
0.38939491803750909 0.79035337550553064
0.76350831841608247 0.07947973001819160
0.28086388755258157 0.38704952851394386
0.56399922953333570 0.37390150390925747
0.39966545958240157 0.28123229827393109
0.86457229382885425 0.25216175713508843
0.16764928298580725 0.49232577219011453
0.44978258953989497 0.13295832334414140
0.21715660199486417 0.55048319339799645
0.24046705793584447 0.43588694952472834
0.92941150165257536 0.27482248315923663
0.73760583409084124 0.29516500851392513
0.26621078734338582 0.59308075676198801
0.78288751474989149 0.46416489510343073
0.66224603469737731 0.45144808720259716
0.51456759559429244 0.36582496248750696
0.18423885903220558 0.80246914450268469
0.85591267471534005 0.74999191962375633
0.06667565884718558 0.52471043376595827
0.64902603207000698 0.69829353213111123
0.65909071164379374 0.16855646490014395
0.50981583865782643 0.60112825202396081
0.26551282123220432 0.16852980291905315
0.60256923503278803 0.39081232422864776
0.45000508937807998 0.72176973544681200
0.77619591923635578 0.43877971108921299
0.38132002386039093 0.19994529518612345
0.09767917214804529 0.33804467341162664
0.68785041063770602 0.67708779734270830
0.20265010955320178 0.21747967315575276
0.82810089573113810 0.36608654910533389
0.36655444210154448 0.68291135494672328
0.24373142762312192 0.78077758510919559
0.11695425216594575 0.59709838693039274
0.56180811962933341 0.89639618085752426
0.45731577423782860 0.73468159202483552
0.80180213914471032 0.84892674782973188
0.47313199652608157 0.59924894277177931
0.27113626315629774 0.23644949450916772
0.06352025918731928 0.50453065671611097
0.80257267777676355 0.75074461613317922
0.37395070982295392 0.11647349021425490
0.20688538103131143 0.26050667683939355
0.20767995242976756 0.17281284909700009
0.38785849084110380 0.11977627828640568
0.18909430057125101 0.52264482638570775
0.76988838961402806 0.75694855362257729
0.46941898921290448 0.96489363075816215
0.56421223722421865 0.29578817513184491
0.78388797121032450 0.72174391834480600
0.71985047193442175 0.36018113396217810
0.53755531393337830 0.57482668743146026
0.67923407064499519 0.10584151724322803
0.90759150874710004 0.55938221733600124
0.22172765108851863 0.25596324164007850
0.38412865096133103 0.06899745558997215
0.39684515971496237 0.39989793993976180
0.71340190795803859 0.75956918575754973
0.73080984006636018 0.12605890499010758
0.64975046116550828 0.42599889844465355
0.69624434890450992 0.70482486814018686
0.48520011178883043 0.78253540614892492
0.46605488520914062 0.02982431838646275
0.76827165003657993 0.44311789064843027
0.12919049525943049 0.76708975206506469
0.61090270709737471 0.37981183003705971
0.70637091857919232 0.22831675985405769
0.69908064815735016 0.11666667249859193
0.64974555739429063 0.94970829038454818
0.46641094462501542 0.94093036912489192
0.08369233636141300 0.34363204618784166
0.25062954193648923 0.75235774406473288
0.70081981545671612 0.60205966739026306
0.12846968466705322 0.30703212708950145
0.75384439581742801 0.50540627818829786
0.46323801007036375 0.86283343514044430
0.54168775733342600 0.61364902698781920
0.64849770503423376 0.54351975822309917
0.65681111528342884 0.08021257170902235
0.25179558900524635 0.30442410990685154
0.19036724930517165 0.54149754090976920
0.15807864364970525 0.71698649511720691
0.58455830735478631 0.10992403706926326
0.90356208712843622 0.55394749203923532
0.67578355934235357 0.72593616930982452
0.31478272903196736 0.23128063178022532
0.30001316679102480 0.71390434243586776
0.82174637733958245 0.16831556079228235
0.12358478701014136 0.41151257922570900
0.81744882285079901 0.77114404256159952
0.25272671328295060 0.13477778333734816
0.53806263499520701 0.06209438424040183
0.07924406918882297 0.56746333193675147
0.17105680862648023 0.42592989237835310
0.85664636082328849 0.31589839072482639
0.20700197199748269 0.73278255825688177
0.62319331182747328 0.65024161015411819
0.20799094886744485 0.68290773980713360
0.20510720063552304 0.22351563451502243
0.26010607219802651 0.72123363468632518
0.37617793213628931 0.80296791936013245
0.17090508772921703 0.21778805235505094
0.58214318229742013 0.23438374021397704
0.91323239823723490 0.65939963177485750
0.56788032329023030 0.89856022877976505
0.40616624297251724 0.53419363687403221
0.76792278370842004 0.57234367016107390
0.42776805572513565 0.79452960330906941
0.08695778646169250 0.33884572100468396
0.93991985682612200 0.38637823502949559
0.77658576423651582 0.68085830079031950
0.58347503889385566 0.61986081019564054
0.59899189646602047 0.13967161235908607
0.52723001980907269 0.06236543587978238
0.22155783997408418 0.83961291662806969
0.80182378483178662 0.26476255067761767
0.72669294680427987 0.88325795813143948
0.48247574639781354 0.85504005984089593
0.55476067865823819 0.46107598630220675
0.29948192096500387 0.58266610366081151
0.15049331565636451 0.56817167875507613
0.75648777650686916 0.75659229887608148
0.92869111204779342 0.58597104280391599
0.50880670784287951 0.87031364842429004
0.66649344815844802 0.74630186700849876
0.46167642028404543 0.02047936632726972
0.71912413210765280 0.85680934613707271
0.50864447069074736 0.70119128666510677
0.25292387449096621 0.33766414040178838
0.38501136707822453 0.03451484295421194
0.14664293036873424 0.17625399875472786
0.28082075235313242 0.30051659490279725
0.70171327967890007 0.22261450422435575
0.28807213795527731 0.47811887421683358
0.80707719925679511 0.36963459404029281
0.22454250068875403 0.63895507808330265
0.10841976280316303 0.66706514589000243
0.45037998942747098 0.21991668555869009
0.39454985252788854 0.14723288517244576
0.79304831097901773 0.13591688334770108
0.66953741904699571 0.33384100141536249
0.64472244334504758 0.25575506851057089
0.66784937194389160 0.31111340640004997
0.46090741302931387 0.32120456024177030
0.33171826648992969 0.09114337327329852
0.82680412712659568 0.49545770129614852
0.56800718900270941 0.37943605368610855
0.06447872548108738 0.49398668709924665
0.68509741523922718 0.87088302571543930
0.08048140374134061 0.65260340292265240
0.48938894268144917 0.62629328991381050
0.21274261651501977 0.28710074626899273
0.86352295698914794 0.55540856766695035
0.84000348869627528 0.25413502055307208
0.28645285733918308 0.43881565399368555
0.37715555626224645 0.29594186804938993
0.89616210461807888 0.44503314456044252
0.92793792588272894 0.55330625172618808
0.29583118465663855 0.86426873755962208
0.57934109356286145 0.90478055333590879
0.70613517158081018 0.63308767874910277
0.58360516931989126 0.24977162549226858
0.63229163328764337 0.36468847507366370
0.38474141718076454 0.91467555940237966
0.17498271316695635 0.20271817265096781
0.67275396274476551 0.87937285052624559
0.55929922173912883 0.53113130650697382
0.38209735886973578 0.58362816548852747
0.12930584530778566 0.31235398802468733
0.22038070444646410 0.33231003363705602
0.52295534997114379 0.36203597502765933
0.23271221719152779 0.89174086244680273
0.73026800609118714 0.52282909408781875
0.63368940555867148 0.31029291672900194
0.91921474010008986 0.27811185992607901
0.93879856116962457 0.31225176317025122
0.40477938028775312 0.58545074857666646
0.18091989353585655 0.50429319339725209
0.05138406236574047 0.55220169196381130
0.96082192408146982 0.52250981568174137
0.82023005570223051 0.77662231324813458
0.16555560031496447 0.44998155814340324
0.09009413957730755 0.40142929216822903
0.72637277315974280 0.16830508092651317
0.04612149307974604 0.51817503865619063
0.50743649718968464 0.74628610998527989
0.95528222968308796 0.56427781761384266
0.77634864483537736 0.75717691951211696
0.72276880259387866 0.56378367070804103
0.75706794368820962 0.63602095810755233
0.88672054414571622 0.29507232228833996
0.80276981757109911 0.60650465682672072
0.56876638503783172 0.49924061665549935
0.77657971757962063 0.83389914197913995
0.69403926102940650 0.44290967880489390
0.68571665786130420 0.23344929684709284
0.31398533885186208 0.28760275722603090
0.74954040976066494 0.72595975074955088
0.26552920078037723 0.21067823199352792
0.93192047991817928 0.60570513093318756
0.21983163792588595 0.79639451709351095
0.45945286920899592 0.59973191421596228
0.52534141520464972 0.90640738960478695
0.14161520608581840 0.61819421394586649
0.08159295965873710 0.72877336441620633
0.64400066866186789 0.13547797169806700
0.65697159705393904 0.89631968131733142
0.15259279131282405 0.78070739808195033
0.24026069144938564 0.10588224573079445
0.41387599002640618 0.84705223692791598
0.84282505099726912 0.39342063804603616
0.24904393959421003 0.22292042331344558
0.43298350952434456 0.07990418573339016
0.42475231620243209 0.93998004837286597
0.17823925275961519 0.71408904033968579
0.89448006996427054 0.67874882344763254
0.21680456455359146 0.85912491232735444
0.38338825036511975 0.73462754887117943
0.53064098587180342 0.35254436452969445
0.45478264698244952 0.03331551751422029
0.20155560161241007 0.17527664045549962
0.66876413562830639 0.10656289192583644
0.46303618625568987 0.58680650534796985
0.48759998738310023 0.15781748895818426
0.55248780129823594 0.05214886009620283
0.71156460216924489 0.64357548974864709
0.32438508551058148 0.41320329059271144
0.76170544189168543 0.41788775982624354
0.49627381000842596 0.95156820269171172
0.32686151008387238 0.08855025910248279
0.49191803135500650 0.88067925518530576
0.27621521100212881 0.29491442761095454
0.43346137488569436 0.17253175204013135
0.56528070689046617 0.85719800407240809
0.21380895799463953 0.78829927302163882
0.15600338586845861 0.45958225598969094
0.33127490368303508 0.57013373357463204
0.86856137918541687 0.46608302343378849
0.63778250499506928 0.59853470904401251
0.14583412216927935 0.44213408118780845
0.14802503155028685 0.76998235044732954
0.53443582583343219 0.20371001222497354
0.30580214938006961 0.40215945464026481
0.97021746582211033 0.54198107388869399
0.90786836867215526 0.33410361073795469
0.16453850263640662 0.40011257587502774
0.72565393424015445 0.86279866861575416
0.56343134899435421 0.30851821491547154
0.13496298871260176 0.31235368115058992
0.65775937128996309 0.10678770557246546
0.62217079198872072 0.64238769527694550
0.17684652596493061 0.59516383824056462
0.63913637980913096 0.61746546152931336
0.76694985307016605 0.33182609637861560
0.21854688615706058 0.12855676126922436
0.23527390514359697 0.18909930281709220
0.55315424877806241 0.78009750023335089
0.10699066899914290 0.57277578161441678
0.66331850271317305 0.11804508803354881
0.74478308328036213 0.66597968158644039
0.27498847786369862 0.16206465165544526
0.07474448306666426 0.61942748710983064
0.17589628497857773 0.23709344033629756
0.78763972282280847 0.32104001575498842
0.25671113224258946 0.39073023329574635
0.95098907791494491 0.46833846080534619
0.22058165591557038 0.38339802377363935
0.17218221144029994 0.22751999627152647
0.72902458104910761 0.77568061979865477
0.40030107315884211 0.82499941622990092
0.88681846936743136 0.51248787253777639
0.58746014127052382 0.22894601002107659
0.86439341005159820 0.70369513936876504
0.48372349614434917 0.93910485312590541
0.80392595150890989 0.43795199319108069
0.47486217526737029 0.29283498980309730
0.55856285376231407 0.50185267948472057
0.63132076886684163 0.73576341084406660
0.37552797340475091 0.58070063225311164
0.79973929163884894 0.31985507624044573
0.41963377078576264 0.76307313755053052
0.04205508910997537 0.61178081351819158
0.58446729390308305 0.40941977299402471
0.57354374685136267 0.66817510622670695
0.36812887518608545 0.61301888523538040
0.73581792400987933 0.15983623471904593
0.86271824279339304 0.63618150761221337
0.82003082285283080 0.15557179847366584
0.41414322559178118 0.80024208754770032
0.17109509726364833 0.19657080094477780
0.43609388076261563 0.27558547745583967
0.35146079279431247 0.49617341756168182
0.56286405450901444 0.52532836435788965
0.53059384382863006 0.72086866733815635
0.88073615659071425 0.36189272820722834
0.80695400422197838 0.74571786376112192
0.39247439641593912 0.61661955830755100
0.71348571033724006 0.39153264959793804
0.68565085202762033 0.31978105086506370
0.48494023525455321 0.90579214306509026
0.56403991888291682 0.32800313808587861
0.11075351840511610 0.59703672097058758
0.27794255317167721 0.40062512630253083
0.53724443189967885 0.61968210238849319
0.75773567691047305 0.68334433462203603
0.50420521668343854 0.07755690593113967
0.29925133012070565 0.45182889323551373
0.61580293954027676 0.39403642385342452
0.70249203891295009 0.53199107771159448
0.57204227106549776 0.73275350880398893
0.57336473200970950 0.83816086248048172
0.17711866154346523 0.21145086749291594
0.59769461236084198 0.82755049156875415
0.58346280570001785 0.27466293838336459
0.61707552215014050 0.88434511719995390
0.22698812126632897 0.53183460081476996
0.35856699760617888 0.76913733300543607
0.58674422123159131 0.89404024128369253
0.49415255114178513 0.39305185580178098
0.44224761318639622 0.11526873064555203
0.32627985676202698 0.92028785336872931
0.03396525154555927 0.57591722991216987
0.44467726279160913 0.06685008033862805
0.39277732486710892 0.66365556480897958
0.59046117000174758 0.76628103457925878
0.08689243200264934 0.37840323704530371
0.32277824094596058 0.12189262232094653
0.31734848050714448 0.46923989564728813
0.05453653507965334 0.54727346494384110
0.61189773937847036 0.41341858910038043
0.14808304982752024 0.51732661696151028
0.82618565393253207 0.57425487414493603
0.31852055954145297 0.78826944928189335
0.73637753501609615 0.90888432230906846
0.72329099093871441 0.49046792539027323
0.66318274282349021 0.65674389133562083
0.43156103921624278 0.25314598313930819
0.42551176790065570 0.61488240951623452
0.28386085872299727 0.73640227451795393
0.17184272828452207 0.30911790772329423
0.26085156805426085 0.47012805450547951
0.39852767402629818 0.68868728560286008
0.64524161079500253 0.47121355112284402
0.45437969441791365 0.07731569813108508
0.26275393267494240 0.37919306777533013
0.10372784578403345 0.30875961124496276
0.49249775656321848 0.59903195982088520
0.29245746831184949 0.68973598610270548
0.19802036187794267 0.31052922999069432
0.07835781542426005 0.65919643854605647
0.86078062588884263 0.24667489794948352
0.61590483181516720 0.07981197907286119
0.15749400449277232 0.72366350813706204
0.46843796786655906 0.71288091873237425
0.41307021475739092 0.41424466291946899
0.48414515179997569 0.26880735558143060
0.35114875447932720 0.29014031634683646
0.20888872371009012 0.56189623528464827
0.83052274365567136 0.55985866061082357
0.29258574152924449 0.51403208095404818
0.86634733134425579 0.20913989784631312
0.52963740012169713 0.67470946910536456
0.31969483579566876 0.70278844224880477
0.83572685359126742 0.69397344601127675
0.41322716968347856 0.52108210092049956
0.15209180968842206 0.19434442328528759
0.69779068892906482 0.78525117437588954
0.45619344658400712 0.65185876982800672
0.48048976541417127 0.36184468402844516
0.36733547721330884 0.87313694540529396
0.60120843925587519 0.43994423408405392
0.53784625194169100 0.66401610978122183
0.59127382904331616 0.11251507949021934
0.37130861666246484 0.36669888178745796
0.49937331286530429 0.53614835057068988
0.72992902483551081 0.24676638458735242
0.06670446258851816 0.31421662372336095
0.11526280779116807 0.32567402645254012
0.18432203493523897 0.24636385270818731
0.68526838254478106 0.47562911137930608
0.08292136336890918 0.68803310796521555
0.29801055974600388 0.35812408238966009
0.42441443161600700 0.43601231161394371
0.24839827843077925 0.31355092207092605
0.11704964880518198 0.47008084963488106
0.09213734746365414 0.57012620880362075
0.88569719537853198 0.30442942771999248
0.78894294650201202 0.70040875039723194
0.28542914045734125 0.14458907119133380
0.38340758925974194 0.71051698178326428
0.31091756591459591 0.80031167447142870
0.07682544615076416 0.41953272552483345
0.09514955969229423 0.67504567845258812
0.27177132621677075 0.87914936709073799
0.23971302104766987 0.18434944572591566
0.79796238409130471 0.61773523202677150
0.60324276371951102 0.53503793819716072
0.18514889945106255 0.65715975949041783
0.11308098210358529 0.64855313590868435
0.63783564177317975 0.51129890413357149
0.43280504743823783 0.86736020599137376
0.44147176467627902 0.33120726171363668
0.83549672860769042 0.76742139276929278
0.87258944441812814 0.72433792942490438
0.47875151281065009 0.55227191130066977
0.72621636787201338 0.66602997829124033
0.70802627570030219 0.86566372070222042
0.47681395266764365 0.44571122079334213
0.67535569821826380 0.09702185350393361
0.04480290815964741 0.64066017381449425
0.57003955247934979 0.92047090360682882
0.54813632161027859 0.03457780874061645
0.51245626458900173 0.09433638079684475
0.46859921498511298 0.85889870729882789
0.66011210550477173 0.90232131227778312
0.66912925881645791 0.49531316397940278
0.07368205494615289 0.38517312043810337
0.64098871368089483 0.64020298317628355
0.78148493974773314 0.30011962389054481
0.79959546518357560 0.14873075501250335
0.47128976330905820 0.54588727417253258
0.70379190177959350 0.48382551223129677
0.49381154925381421 0.41883535780631248
0.33781122859727664 0.80208984574787423
0.48746977599545660 0.93301799636657068
0.38051960991082834 0.59363431681272838
0.47792311989633990 0.13601722758393800
0.53327566573590435 0.87848307444525442
0.59818162111830264 0.27233847678910345
0.28346484564500801 0.14976538591574409
0.63833874373485777 0.83915374603391302
0.42139291260600148 0.57493698873661792
0.68418402611701612 0.73791940754086616
0.09893969006923757 0.65771756501713741
0.55344598658806521 0.93009543351707158
0.83473962254907863 0.60537357311321716
0.32251488063789757 0.09164446105327811
0.41064114642426114 0.03535200787802819
0.81731811961658452 0.19641460604557298
0.14979432284464780 0.29202263080604551
0.37200382625609618 0.75493997617009700
0.39191975234452620 0.73875983000645118
0.71477885565898336 0.42474016864527220
0.84504442844581162 0.24823132916445007
0.26154683376425353 0.53653669695054573
0.50020354120413857 0.91635491503469158
0.84047872698851556 0.31208754418932511
0.26094461834589111 0.27737347529143203
0.83487776906664923 0.48602447314692421
0.60687753929722166 0.60630085908857378
0.54157959553417501 0.11654418012540735
0.43846125794951879 0.34917059614792839
0.97160972065160867 0.45977464805322971
0.57581036623961346 0.84434187790908677
0.22340417892595951 0.61095613248889391
0.04295986370521849 0.50017205118608199
0.03864722743422809 0.40823293775309677
0.44402782835268040 0.72508938014602531
0.41639838522323847 0.70845624944084851
0.96558800722600424 0.51388355557306875
0.68532289505532384 0.28473208292017965
0.66164043890296997 0.42071230793525910
0.62653490545208257 0.55948170623392890
0.14634878752309213 0.36404450271365207
0.02875816300096320 0.39295443381954787
0.35155960909482603 0.18488127938167473
0.49279364736549824 0.23408351893544244
0.46362185778012188 0.05453465156310013
0.43237356001145300 0.49007870029009293
0.83009566614652064 0.81353659431181946
0.28231251156658449 0.72644778111164632
0.49199350505468087 0.89306119379418014
0.62793299809823189 0.47756623098537204
0.55850251183073607 0.53857689814037646
0.49311953819881826 0.37996315281849091
0.55778678939469750 0.07482308108584292
0.54902566498602356 0.58001684665422371
0.89831456236135598 0.38653981593650849
0.39178337291280008 0.76720644745485000
0.83296691750548901 0.46588860648195662
0.72028312717325471 0.38978854688836384
0.52505430673466036 0.27655119814509843
0.41185809780200655 0.27359781171903003
0.69348463896010737 0.45614351721703877
0.27045818900250373 0.37617228593537660
0.61989982618971051 0.43076984791406148
0.25361193627119200 0.12955503288865530
0.34803733272799653 0.86438420088676904
0.55140565659938989 0.78665578000536274
0.91657801114099358 0.28654165031289691
0.72569372650965125 0.34382794886926177
0.65158931770230588 0.41965181437197419
0.59304409338444808 0.18389632171192405
0.08239868789706709 0.46835223769199352
0.60853515108127043 0.32098046932868818
0.40449102728530417 0.41616813814356191
0.36302002035580722 0.62547793636991078
0.42731133460957160 0.18596480171006111
0.29147902986104829 0.20785541988397102
0.64680776031411491 0.24212526749769428
0.59370571775617442 0.78336365781030215
0.74564401624353693 0.10183445991837756
0.92393939875027364 0.39893005043964386
0.65097455989873776 0.21494521065533179
0.40582613744849583 0.88783504907031974
0.46776052873121843 0.28948441168885758
0.09427550805599880 0.60373273743474198
0.05181125811285982 0.40071760269125795
0.65433734427052759 0.63099156494309705
0.51396852539779325 0.29458040487997922
0.55793524376104964 0.20870321516494256
0.22283322715188697 0.45249659180854479
0.74107152038277935 0.61109114441710055
0.11858703788284712 0.64537374884407017
0.86112687404147581 0.38330992802845182
0.29572923967144310 0.94393100767336424
0.64881959006634837 0.80349268229613469
0.27281084537817962 0.79770610557914656
0.37005825629784350 0.42701990894825026
0.03792290176179772 0.53787704609707021
0.62919774133630368 0.06599343851761033
0.05817833980757114 0.72037490193997544
0.03718640148427149 0.56158261396899978
0.42193949466670916 0.28932407775484864
0.53321492674556636 0.60441134712836087
0.28210620777508083 0.65285694689403895
0.32882101938009667 0.25068184581076497
0.59713854185998250 0.07120108896398429
0.59186029177553223 0.41774422857679250
0.11735130734818347 0.38533115246419414
0.18766958963040917 0.68093634572612305
0.25937375903649751 0.77060819733408747
0.76476546862167161 0.13715561686592612
0.59773363420927172 0.54653660237185431
0.37817607083604105 0.11107306973742545
0.21101860355916136 0.74417487017988060
0.68991644893934423 0.70233310869667587
0.73163996883959526 0.41593456500374631
0.67525348344778402 0.49202495516450978
0.38417196252862623 0.93196977905048317
0.52026635557402934 0.79562284337054023
0.42705839294259623 0.57152675930512953
0.47830467121507642 0.87694169099906449
0.35135112807926855 0.35336201737183359
0.47477786760506407 0.49478879787412561
0.19207208317180113 0.47167603536126540
0.80593663970040630 0.42461265456661951
0.55592791568392164 0.51473151372882298
0.59896320793907554 0.82110840458983059
0.44566324804986990 0.82875299464638497
0.33158353655774170 0.23666152724295006
0.27302712533267520 0.08592930130365109
0.67813481670989928 0.71053712574954508
0.05449925619615822 0.49338841569770486
0.54882010181353824 0.83840761874931324
0.27349636718241938 0.47598908862983713
0.19221216950678596 0.84238336749602616
0.34396673560627328 0.09918750423587158
0.57723362267168421 0.30998145796850601
0.29145379454296128 0.79054079318912240
0.48160857569108478 0.59180889127542913
0.79501533487686538 0.69786174267647749
0.47080917794485833 0.62173963717894376
0.47083416823764068 0.25547374837954712
0.57850161168979486 0.37076767743110151
0.28124622390090448 0.83274866081758614
0.53252179814351441 0.96370917617947549
0.12736482567830337 0.43153658986207044
0.26139725107551276 0.21633062917963797
0.91782712485441631 0.38881338625775996
0.36668578657047124 0.69092784118889095
0.58544347593027501 0.50804210594935817
0.16970980616971809 0.62031656216756692
0.43926317171695245 0.60794118066015523
0.72816587463853522 0.61453042516452139
0.43016338275608662 0.36154001258066376
0.37588304547563267 0.04702895010380825
0.32128046877697236 0.39728490922519999
0.37043290394833472 0.47470334048061547
0.38763356957605444 0.95314226713154437
0.13531541471305095 0.50535871677729294
0.73960747846848174 0.07018051552177491
0.16737491142436620 0.82509897334111271
0.56274405151974016 0.03407521564352115
0.72563225706879630 0.35068719923193281
0.10651089755634811 0.64911274336348790
0.35021794756921887 0.08369563510307246
0.37763292938931364 0.27451527822778082
0.41073482119683852 0.34199618254089564
0.56612611363273946 0.18997379883829937
0.60794732349224156 0.61288778363441343
0.48275176105945067 0.82334134189895558
0.52429646346725745 0.07507396453049507
0.87755171644691832 0.54735273269983009
0.60696308264356391 0.31443975805493812
0.59722465604816377 0.33672331731770605
0.39462133299353697 0.23585504618959785
0.51820740785977404 0.51639188244673284
0.57860259063110875 0.64507902643910409
0.39183234220470414 0.36745044054873399
0.79417128212162380 0.34056447870416973
0.41185663595016148 0.20256198016007640
0.26614445470445125 0.69236134076803246
0.38578386831902822 0.38216887974081742
0.53229143777309429 0.13219794872390700
0.24778676591831597 0.25213698449834537
0.41909692006538829 0.55209957197457293
0.29366905079997807 0.39350773692457697
0.18797118864129228 0.76915009909666954
0.72169811402746153 0.16379731487950169
0.81998016953728947 0.70468012730554641
0.85552827522729591 0.54708296010893265
0.59304367967483029 0.04924434921813237
0.69753929044313234 0.61474903233302802
0.32671942947831994 0.56316585355228910
0.42574173612987581 0.47007362023066468
0.30763541419523444 0.10051701106437558
0.17814386510960073 0.51592289309206973
0.91539420569659447 0.49894682983523775
0.20340219166309073 0.74715065436532102
0.48100222357163308 0.28932431246474682
0.69709549480841082 0.90512013273448688
0.31056119218112216 0.23958079876032681
0.69789863548724529 0.89728306795917967
0.77354646420923279 0.86712996359079320
0.16695239424309968 0.56963830470012544
0.59030389253555793 0.93206991875659650
0.52063382030038885 0.39290600292327882
0.36278610848516640 0.42353964410853195
0.27958508225100748 0.89625677114225588
0.51092134551905732 0.07702300010980986
0.33620680530570063 0.38789094521869655
0.53253458091956873 0.05697842699518270
0.39150023871132283 0.91748635971186832
0.44843380352200718 0.31261065348653522
0.51829019287845735 0.25841811543302506
0.66107253891396411 0.79801162256531821
0.09234500233339028 0.58288752711690228
0.36870651825391570 0.89613288477628927
0.46630555038534005 0.57708545837715852
0.34704761428291975 0.35952218263429397
0.05894178918564677 0.65754878755939672
0.45828116988756190 0.46126563393194447
0.41909852195108144 0.06560448011102622
0.79121357745331922 0.12255921200909506
0.37262892749466858 0.22173628014171753
0.32876738280222750 0.55619875065352054
0.79688904187341414 0.43736232176165468
0.06701334351470585 0.39391849516880306
0.76909812659318344 0.69949058928069430
0.36872049745063062 0.60127275733161045
0.38478155819011545 0.69499410549094287
0.76581422316277670 0.10287041965546768
0.06941227900096283 0.41356671094403202
0.63201110408487549 0.79444286024835375
0.77128486894207027 0.42919601923227263
0.53251125230911089 0.53812598295879444
0.47518418297184700 0.70165318474479599
0.88990517328415231 0.40140084026818779
0.73260187541595745 0.21949076604691345
0.34526404380080911 0.24883572877002844
0.71105749722593858 0.46597022467000693
0.03835831025149165 0.45672277774667580
0.66429962488387406 0.77094832109250300
0.60064683137875097 0.39727855169057041
0.03748963609921359 0.43687862764038748
0.70515202369781693 0.34304954093145790
0.47553594021676138 0.47165866400170969
0.75153329266949076 0.17165819140224153
0.74673437598982817 0.75956123595558944
0.46596433311446089 0.26050806730460924
0.83498607725868035 0.61214528937772050
0.34344441801035042 0.08897358374026856
0.24425292948014146 0.26504820072215574
0.51300084279460989 0.46646840778613974
0.73372694322841425 0.34121133450155305
0.31301924890330068 0.31063743449860703
0.46198804191241916 0.79857118611420985
0.65823910649338169 0.86750595045942724
0.15738083792502203 0.24268842593595949
0.28073586887420421 0.11978992730633388
0.51581062645398490 0.86185023283842843
0.72498013115991233 0.20040007491192838
0.15565563378199074 0.52759267840426338
0.37598029531603833 0.88650563053541565
0.56047625667262690 0.44999127574189129
0.85855248843566756 0.71494652662206870
0.16280849180912699 0.34583163557311347
0.77385021201649551 0.63962787776375618
0.15284465312109571 0.60083224483872322
0.55316302216010305 0.18969300916120910
0.19205417357671842 0.21334724514931219
0.76326583122562552 0.79420159071551355
0.54466304860082471 0.41547168310300775
0.17106794755183155 0.71604413700554581
0.11412386601615403 0.33670620120633332
0.72004332307893959 0.38119061780157948
0.71725809981104993 0.87135658490835455
0.77741492097816778 0.74403815142203178
0.75016001840964908 0.87549791998654503
0.24943102545393150 0.23310002982173023
0.13969820469672362 0.44655677843238872
0.76021226132207220 0.32823967602131665
0.01363211553537558 0.53486466408755740
0.94282173345954301 0.30166105354593958
0.89380736235365599 0.71279066755105913
0.73418503751857123 0.16730142458719879
0.18504181177244169 0.52867204533195056
0.43399031375185915 0.38738839273962039
0.37704281625395114 0.37160017298431969
0.11129349099797374 0.44749595469485820
0.55126230706562429 0.76656298214487384
0.11058956003665481 0.29313153790159163
0.23301945911648875 0.76123708862319472
0.42996015619772582 0.11141591233577042
0.76788199324694284 0.19077252046189483
0.64501694245919960 0.88264493241361142
0.32126028801369899 0.25145330125334597
0.58115636298139606 0.12187346974067642
0.73902483812031083 0.08519084043730103
0.32280776621287766 0.42820446389642519
0.53457956596107381 0.64055916395965240
0.48171879731610312 0.56493728207797567
0.81511286457982102 0.52595918108123607
0.77425626172471540 0.65733890845391407
0.48865214214816455 0.12433244705332297
0.05265266533013332 0.56379063221707626
0.15155067837027469 0.22805381986537468
0.28296972435708079 0.13048953367296404
0.84518988886813151 0.58102688103561473
0.91588922006248874 0.62932509976035922
0.66234566548605234 0.49679802186402627
0.59787792877317270 0.02490697211113151
0.25651631858936996 0.49574097647997362
0.68316993349906874 0.39250925976071399
0.49247991453647855 0.84431190105951359
0.54945598023587561 0.15435604339122247
0.17442466530357575 0.38973887042913480
0.29460639210100348 0.08237614332227317
0.18717998751656076 0.27796004002692598
0.69083920971921065 0.90027347115217038
0.06163022534086331 0.58790315696207840
0.90723783862647012 0.56552486659793966
0.47373618030179987 0.38967146509072975
0.19780087856031939 0.21241255791072111
0.64972047103972996 0.93890534826556593
0.08585221668313839 0.32233052979358462
0.60516259809224970 0.80795657433331236
0.24096161687123982 0.34433796497541702
0.36963918366017801 0.52334311116187471
0.46396396627614894 0.73355346724913884
0.81943091472818852 0.20993794227645443
0.43080197291114120 0.74216719404816145
0.18563489591735324 0.34245963485886333
0.89144589203240765 0.72373455784799023
0.48919791550415898 0.69031681136628875
0.09166168363420439 0.60897858881039502
0.40709045611935002 0.09008026846570640
0.77940085448071328 0.62296945925470026
0.89959837314260060 0.74323251718513172
0.65197736222036151 0.51756241832910876
0.32596814723264805 0.69490102248398822
0.36042386225073558 0.60171519669093587
0.39231856597678094 0.07428059543304920
0.78736478084185846 0.50026985965862791
0.38229364986596853 0.94821816058723141
0.77404379116977617 0.40048827830377248
0.86394049206473866 0.67877529743706855
0.87950929219166951 0.24735872417506213
0.55579717069701806 0.84997349939109867
0.36558949326596285 0.52890273501662444
0.73571175148683920 0.45216072931070189
0.54234272612723256 0.05310644401769039
0.35870206057547932 0.77671786202696858
0.24629370127958600 0.89261771171443982
0.47960067450344562 0.09959256581678365
0.32628224156420099 0.30157247810362525
0.45492458441579520 0.65856557778207148
0.92856650513546313 0.37988249648893330
0.09631063552492489 0.56564016925198846
0.58486820054988131 0.42275079124414516
0.85330324052311290 0.47130628436474825
0.31788804284365157 0.79602972936821559
0.68439079505914313 0.19356837779684757
0.35318544767189003 0.06819638020200901
0.40087717071489032 0.93272031089187590
0.72941776120831514 0.25916064588158211
0.41729822773164660 0.50861471765166366
0.06257474762532798 0.53021985267368288
0.51944873625697163 0.17385409294347806
0.88402133306020136 0.44360416893207971
0.43913674232586608 0.08244771011497733
0.23471035607238019 0.43178194337860781
0.51663828789938948 0.94030702263333432
0.58202191853566476 0.69854584223464844
0.14443830886900422 0.23350276468938372
0.49118527015035629 0.77916301728269821
0.12720452183930045 0.27849382187343896
0.91867205758587167 0.63936066048988593
0.71315225262184856 0.88503307604370129
0.42906579916386484 0.30311070988137695
0.38393021913273745 0.83728723611710454
0.47497939385203464 0.14841679238924352
0.44367626908096047 0.74651425613748457
0.26011190643206317 0.11973891920433080
0.90787175214527394 0.32783064081836727
0.43152820240461159 0.45545686542200980
0.87600223504862762 0.35204110343478401
0.50611606997096925 0.28483547558666955
0.69358835666419194 0.14886709124090952
0.12332691302368019 0.30713189009715236
0.85724804551303246 0.42474406346723681
0.30104820199401583 0.12846602498312970
0.88815274772560682 0.64094308840179082
0.92320366640141749 0.42722963344534143
0.48006053113528080 0.50762448321588782
0.52993200937740215 0.07323595124883110
0.52306296722619949 0.41395543830528164
0.17589102944606308 0.14724856565833569
0.18217114411376376 0.15729771813262772
0.51049729798772359 0.83548823972042208
0.21201603754088921 0.43347687176854460
0.24379900115622691 0.61837899749685799
0.72050227601522399 0.49723610156799858
0.21007991951818328 0.48206680224180748
0.65786479129008024 0.76672708912287513
0.17548576649342879 0.25304333646565635
0.32849226605411680 0.17846585620297464
0.72800867721631179 0.49568513383192625
0.29556889013160326 0.07561829542689599
0.50875288377158667 0.49917969238570814
0.69383992599064948 0.37224410106642219
0.80745163582323931 0.55166253214085481
0.53706782952179044 0.39179553495113462
0.61675998760893402 0.44708536823801487
0.24854652235484184 0.15030414780604584
0.70366930188951426 0.71651863870249310
0.83963936602073652 0.30410036949724856
0.13728065053504371 0.21835746123207750
0.15267086991158271 0.55545259031808780
0.10034739019796805 0.46506855907139977
0.29357440687583780 0.79815310865375899
0.37375583961600911 0.52922853930368419
0.59848331737773242 0.95869873516235626
0.68366288982291146 0.29159602580513228
0.35008829640434819 0.96923761299745503
0.31193304429756191 0.22473484369688193
0.37064600474035581 0.48807860529573965
0.37509914631121183 0.84605512135897276
0.10982623468793457 0.55190292715230904
0.63733821306125826 0.80012651461242512
0.26074002274814284 0.82036445193556040
0.17558276199392445 0.83590228755437712
0.11431676486042582 0.32011726754370090
0.51490501442907177 0.80888034490468608
0.14884438015477175 0.57562654551896120
0.30995149387263826 0.11124275032438725
0.11141391487038375 0.56817428607402454
0.88340955759757389 0.41434387277207740
0.23197784391849477 0.62275508089735543
0.48052058169648704 0.79548719573927806
0.26201803832333781 0.82654355859475104
0.09333816284057847 0.37192230936846621
0.65345270804373001 0.67856392792531506
0.07795470466672529 0.47790427956683323
0.61211981208659061 0.90942385664761083
0.70608369790621506 0.55083687258121405
0.41001977423527353 0.78756956241765608
0.32452275671887593 0.56983518819280055
0.77629795402424728 0.78211304296805984
0.45892141652662910 0.11233567268774167
0.11042008308302266 0.56015417152394364
0.74677754981713806 0.69368901714929132
0.15424840151877064 0.25620430656479909
0.45687851225235737 0.49919888467959977
0.38894127293486763 0.18765861619921656
0.61802961436579884 0.48245506771613678
0.18574362518556195 0.81512657718437609
0.26757052862474462 0.89742088845513412
0.74943634147115923 0.12841719937685359
0.30059048959077567 0.34309895030964022
0.84237909333647554 0.56294428775077276
0.07391578526409040 0.59360272308954820
0.57949646445295555 0.93503023633137750
0.41549894441952206 0.01840615222305176
0.63982812146610024 0.56413618213358463
0.16651609814871163 0.86235260447733808
0.77042122630355092 0.36778337579113884
0.85866792241391032 0.43601969627649417
0.50741742586319216 0.58440865595581315
0.11203845349077247 0.24889815078205102
0.17762323273342351 0.52735783918213863
0.55019780126632090 0.29473168539657213
0.53330432194739907 0.39720245957568445
0.86224048968620703 0.21494799847781806
0.61892459470460948 0.18817772295156360
0.17381799031286188 0.65390911736235524
0.19813406959849023 0.55400670335450708
0.12774826710873466 0.75528836064162386
0.36597052649963502 0.39957418080018869
0.52577542520182674 0.45478783675639034
0.05701257495134615 0.31603423288619176
0.64704284408024182 0.63582051741670775
0.77408375183755462 0.18870396919782884
0.71715989991995521 0.51945017759731893
0.52909631176601168 0.53272123069275479
0.51232215976076356 0.06921080847443377
0.39595798691024914 0.56539611143829072
0.61459848347786483 0.78098261499459487
0.46096052534359616 0.25519406632578157
0.43109226444053800 0.44825764795536172
0.65379395013524966 0.02819923382141386
0.49144889280106141 0.25752733806017825
0.21891999338609233 0.59184379735101411
0.37343722076589797 0.13575178968264484
0.50204555377660909 0.67643531136285817
0.09483987668655108 0.38600704058393515
0.72827029348525485 0.50244837003253051
0.56825187507107833 0.58556984026259895
0.75627046676963017 0.58009012567401408
0.79390457333345477 0.32499043006024436
0.57013240570904933 0.91445316933643461
0.28358987879936937 0.26852012977222722
0.41853831404587349 0.39441519302649830
0.54640202831017204 0.88300718627843833
0.59367323671839778 0.47058496105354058
0.88100386936250874 0.58628417244628328
0.45895524304335561 0.53835883722075895
0.59407591928795878 0.75595948402866409
0.31113491804728310 0.13409416353694972
0.28040612724789959 0.52332171125870153
0.18938353700531874 0.15809663752624681
0.64225507578707453 0.17829478971878435
0.86089444481673449 0.46873007159593849
0.58675886772185049 0.90122399524242003
0.37690406842450380 0.45439727663228335
0.58936688676890903 0.02428228085661876
0.79410563545340285 0.38155205541251203
0.55986353927866372 0.45661008198289227
0.38036909737653629 0.64468753551576496
0.49976760334410480 0.79058981407325646
0.50092513765469782 0.93315627815537128
0.96316330214010071 0.46902132145086511
0.54626328129176860 0.95254172956183603
0.46640569555825911 0.88815395281251286
0.45286009631503427 0.88624850047977077
0.32849644142753215 0.68855493289735936
0.60738743435335496 0.65163479558473425
0.22997444744736925 0.20610108797475610
0.33734554837381192 0.41429398622515445
0.17727006686985006 0.42282185684906981
0.53599210040915457 0.48926239748961242
0.82193276171813223 0.60245399901801389
0.65176627403850063 0.91229860978313915
0.12404023523753441 0.39335221675248777
0.81080860519588849 0.62549611696766994
0.20829500824131170 0.13527686294450508
0.86140174065587249 0.66205140063056900
0.64785657340735081 0.40023465802344904
0.26634441967402345 0.70160699379864244
0.29082628264517491 0.86796458855794667
0.45287912373221623 0.02418775297085820
0.89469807836280568 0.61574849721029090
0.40650922675879358 0.63918712653613796
0.82491029868124943 0.21247725914276921
0.67434269039163419 0.27213248940587609
0.72300163008669538 0.39644428995739994
0.26868467276524299 0.28392974939928178
0.17132016094672159 0.75977124290015818
0.81083274682421569 0.14629291546667300
0.55684612599065197 0.83718606306553389
0.70781889828750721 0.24874134904595688
0.19899420847188559 0.14880582336713485
0.58556586373706665 0.20864803763723275
0.56723019560935306 0.11931600788957933
0.68839025508248930 0.68585426620871437
0.44087352987057876 0.52945394242393851
0.63069973452111050 0.76579060116211706
0.38625609185677573 0.46578672095622176
0.87941548268202951 0.37828121628441413
0.68712532963398065 0.14870679416896776
0.32529536688422306 0.44470704120305710
0.09053047962646402 0.75838028282020531
0.09455177578147644 0.33250004116389992
0.46581090406649156 0.53979236890379445
0.13156620279555092 0.79858291148219740
0.17996667926018170 0.43614711014522195
0.22042289922524902 0.53311598427770401
0.80037144874573130 0.37208327347885928
0.57720130656340507 0.62299827258163776
0.34353356223962145 0.18495218571235630
0.21142817533167751 0.66251866752710642
0.72515199360166116 0.82819211200104137
0.06936943291594407 0.66572435736496183
0.81281235736865809 0.57443449641771704
0.64347703544073753 0.24881146222889808
0.65824996128399382 0.53582194413239748
0.09554295303345972 0.29684628534684410
0.39851251028734047 0.48959225888812113
0.70319748469661847 0.82847836156266697
0.15106348397598632 0.28083024223681008
0.93522711547397319 0.43476687137115355
0.09386300320230645 0.71630183237876588
0.29501032100289748 0.11441616328262562
0.22215389374845654 0.55513120148840778
0.29076779621793775 0.41150494876287247
0.46184914418704603 0.93640642087460457
0.33013344348038320 0.95553889571882433
0.15438301788697384 0.18096274342438085
0.07870850251876925 0.48923846157089773
0.34801300710434263 0.52888203670067380
0.53394840361983342 0.79901592839823432
0.06226053744017212 0.50986954537108209
0.44233242921580118 0.29611022898954420
0.62439141894317207 0.47001739089575295
0.78254014319680232 0.75786244484538756
0.12161524829758615 0.81168493543734332
0.77534706375347695 0.78836775144727067
0.39449178783609251 0.11725739328814003
0.81688833705877961 0.82926463408527729
0.32190083400095154 0.67121710770325216
0.42501008177498406 0.80220329132104518
0.60649582442198147 0.50556858468474297
0.87308972218588177 0.23467242479293907
0.75644988418691539 0.39082264618569668
0.68813186636553780 0.64763816659992124
0.73440158718921456 0.59698488966115704
0.54629049447966560 0.77758370886642825
0.66709836526103494 0.89130875432863965
0.71178249648798964 0.41013378298381498
0.22200832329683642 0.42554468499575115
0.21706935564860891 0.14741062651105180
0.44563826311408616 0.52411480734089666
0.20609657228497677 0.57467403854808641
0.31879550175026777 0.44209152698562504
0.69214367091407225 0.32228608176154960
0.40476570542919194 0.25078458997748665
0.68900476081221718 0.85850333726493944
0.44682925760590941 0.68627837477296583
0.13532220902697775 0.31799408136447321
0.58585694559296897 0.73220407910114704
0.55922703901397253 0.74097873173332496
0.50779929855684225 0.47552688637919183
0.88769064152434340 0.46487504998949436
0.31765667817132787 0.09991179198691029
0.64457327507849282 0.73618620037145077
0.36468938667316325 0.66902256232333646
0.65160058848519165 0.10416756374636200
0.29912498517203534 0.58994688974960063
0.88326097861927166 0.67493999050968956
0.18283813222110901 0.72479955657621464
0.21699149520540423 0.83596327338659304
0.63966941884588391 0.04966518633631704
0.82042722414972846 0.12157607727950456
0.11182919146295037 0.42145967990825417
0.06842400474769100 0.48546097943140548
0.45802742778306826 0.08745925749213140
0.15836829742783620 0.35884013419111732
0.74575100255626869 0.83258201391079734
0.41019749078192369 0.56476663585017017
0.29958187882563780 0.90031497582149977
0.12194882860409940 0.22698868867821792
0.09060231747621962 0.76648115966840291
0.65606185972201059 0.90782257924864107
0.77561650685777472 0.35977485207224891
0.40754924673977344 0.20881781682622252
0.39247774863780271 0.68479107855012245
0.78684926913401565 0.57310744676781145
0.28603587352394300 0.79503957682884152
0.12103382883552391 0.73176675806738367
0.65209585057511232 0.25588318550161027
0.42705461537260420 0.82286310666995333
0.68100396394175378 0.37477536554333868
0.43044382236605350 0.01650940579720186
0.83213160662001862 0.64216330941334365
0.38410151924472047 0.90800640371384223
0.36396201296307096 0.60717764103884519
0.23697380738397522 0.66642724772692752
0.16778906746688940 0.69731656431766831
0.69112598488826316 0.79903255331015766
0.79342963314910531 0.55491405718870468
0.56706397678638554 0.95146708727088458
0.78605710898602410 0.33631541056700065
0.10154260044369479 0.51852392395102709
0.36011636292593457 0.10200303661640132
0.14782305143678021 0.38929072520242269
0.02646467781087188 0.40527803772642756
0.35820398324911390 0.88636056684612885
0.30891555131158666 0.18324407098861442
0.63823488410116658 0.27576847904852669
0.75197892133837729 0.35440833780062103
0.56360536902005243 0.67841236553908635
0.46440746662344062 0.67589367626511965
0.54106517723881564 0.18322330961515088
0.32454330281976068 0.37486543337789596
0.53739002698324623 0.73895225854018531
0.43261104301419306 0.32282165577971306
0.83566817527451931 0.59862707564034945
0.86737900635863174 0.69363794663435907
0.88611582655569265 0.70875784866365910
0.37125095792230339 0.29030173968843886
0.51091654689083621 0.26111981028429992
0.23631141978645598 0.55052005312351493
0.32560826918803892 0.25713297336771684
0.33628650029173029 0.07506306193185544
0.38999367690777281 0.16685984482999397
0.35481078026071622 0.84528502503751568
0.71930252261169014 0.25333547924904715
0.51581585597457713 0.07347085655389725
0.41130130512243168 0.28877108719346528
0.30116728127621151 0.30774000238844318
0.29374235254804476 0.19173454202901477
0.32336394851920786 0.52932121302095025
0.19354758874125988 0.26790922291254521
0.28897914145079773 0.24761374682670223
0.77194149419264579 0.61590076893794687
0.05897385764938382 0.50166927411658080
0.57335051914862567 0.46061649305747998
0.20173376111266703 0.80412814554948719
0.77546631157444024 0.31375496557715266
0.10603758343306904 0.46297935135040835
0.41736924391276009 0.19880802589635369
0.13684324838855966 0.64740480406459167
0.35183938610023752 0.13793084454708590
0.50781911910786259 0.52558553763940530
0.16702492557317317 0.27392658393271369
0.58661933323289683 0.71219096572961893
0.16888327210676640 0.29647803245957871
0.55996685228329213 0.28979033352108619
0.89429394180811617 0.34744858010446011
0.45805341419550666 0.97689030240944286
0.57058658506805660 0.61165587534326826
0.56176989083717821 0.72219940062447641
0.88327833879151019 0.61016485026619782
0.71355219727592023 0.65292470062982300
0.27815026288830819 0.12871643005370587
0.09644761443729137 0.63319649211196671
0.03563738850129711 0.59999418218857659
0.18464584029089917 0.80879014986311393
0.20790955925197716 0.60910959593454095
0.79621267321473554 0.54050637988817352
0.86546441875417235 0.34938118962259784
0.61183006890185965 0.26713561514092105
0.27264777431885845 0.84274340312117146
0.23144035923703402 0.26915257368536888
0.19179027541120935 0.82416131305304385
0.70000489052151194 0.56993029447077448
0.27584856755037257 0.50367224312794767
0.25220169402463571 0.80224947222099530
0.21524382691567201 0.47685510126856212
0.47314706685519736 0.37451965718483798
0.54604141387957239 0.14804353209124591
0.57039598504421929 0.25863760527916063
0.14015024080831601 0.32991499439294852
0.69886663259850190 0.38559966877276036
0.36248234089071329 0.08280216699110798
0.63209677113043028 0.28217364126855243
0.46258161320126701 0.03524600075534743
0.18813976273096381 0.56604630489586483
0.92241072887908526 0.49939020858339067
0.48935472113818684 0.01640211814293302
0.72571306106674838 0.59720345759404370
0.46880890267600711 0.35333212111758061
0.32402068981665505 0.42071627062348721
0.64659091741121821 0.10857921993012533
0.33665105891081848 0.62787702347047691
0.76129640168420820 0.44699856020404266
0.57593569914124920 0.61645989102732346
0.89112822019452098 0.30744347590938464
0.52784225400840867 0.86566704912047365
0.27308285153426592 0.74598591725739682
0.36127891245922250 0.92844482107840909
0.50223083042590921 0.63672876856549188
0.42051076783846469 0.40930276667168858
0.29003406473824678 0.16636712599192335
0.58845357871618498 0.59176520008398203
0.34502233004964250 0.19744496026565500
0.24964658713534663 0.12344910637079501
0.26260590737858625 0.14173828868843896
0.65260906299164223 0.91941393378229574
0.18856560199782577 0.60873462921519017
0.30353515382382557 0.36309878865592859
0.47630928113575333 0.12911089858914784
0.84346340646775375 0.54141742945794380
0.74941184562634577 0.14800867925213801
0.59617211718863361 0.69174109903036285
0.23450093244186510 0.36263370937603101
0.27076580048387577 0.12296805049841998
0.77997223551266626 0.64447452161544672
0.86511483568587322 0.42340928346666307
0.79396442957561764 0.83338629694429867
0.84745222540923981 0.65801824312962365
0.12941666592213596 0.26082410202905432
0.29581913339465099 0.21368054317166421
0.25895130587315857 0.30393915887847700
0.20277305924660058 0.62878389246591060
0.23191807930180930 0.84500774102232357
0.92673989592404049 0.64116483291672788
0.27385776154491687 0.67293772393881746
0.15698970716732921 0.63238207725071682
0.71545379652069208 0.87806644600498196
0.29485605061898301 0.30419182459406796
0.72178730921027867 0.71185824176097012
0.07440516506231994 0.31916167709306426
0.43532378020198070 0.84713258335587904
0.74098341572818427 0.47035757878741319
0.84221634394961298 0.23050524234515246
0.21993622479773964 0.21207835550688292
0.78645041972029284 0.28745525305462627
0.91858997774108808 0.39574756196461258
0.92639966630441528 0.53438672075125315
0.63507975274875039 0.55878221868469313
0.21764365126279783 0.57975101276813179
0.21141454730528755 0.81375560089304089
0.28733783695423532 0.45870470438155220
0.46811951793530265 0.74790785953285421
0.23289233075516333 0.38374168051598995
0.70656776348627370 0.57298313503358067
0.81643161380995100 0.62108470304982411
0.16700752014830034 0.22786071723954066
0.26264685640018282 0.74566397419720354
0.15612442175826027 0.80919813372517291
0.71836009449492633 0.32634749687218223
0.87868783379728144 0.67052181186937454
0.37270243554483679 0.17826884430102782
0.77972647793102734 0.45106670463851184
0.69936811944492439 0.23016090711277443
0.73571519484190429 0.70049923260622438
0.16058979319863428 0.38644929789252586
0.50958665646315071 0.34563344724097400
0.63844951310023124 0.22205394677852533
0.63123683032464828 0.37742727098612311
0.06692370468844003 0.51401430646869384
0.25616844827580071 0.70182014415523641
0.12764738854986857 0.74934907511657145
0.10525728822548311 0.65602403374532048
0.17843144997573782 0.84479792394945985
0.88241192831578408 0.35552924185982621
0.44950811002599678 0.06840998396159619
0.73535418793950968 0.71403708376963126
0.10385342192053197 0.74267644533888233
0.08814915858305289 0.40721208982633089
0.38770317837486218 0.93681182384441142
0.24176149572110586 0.44949861811720310
0.71957851752347035 0.86367116345413886
0.25805356046029909 0.14748086462641641
0.48567199503421193 0.53467353507640214
0.75643316881300349 0.17637466629962734
0.82484381818518293 0.43336904949672567
0.78171725853243990 0.70189742152266321
0.56716309220412597 0.71807491983122207
0.45164975510678845 0.46433052669669772
0.81147477809832258 0.24533662506516815
0.68653981444613454 0.54440009572372261
0.89873956345157702 0.52013307936401454
0.44036046688985253 0.03133495157369486
0.21954667581512458 0.70528037283258527
0.71430560256171804 0.06684776285528191
0.52125767520165645 0.94447189552651423
0.95073136924463197 0.62482362006892156
0.68011376717446370 0.85107716914775000
0.87311302502142918 0.37893700411939957
0.46135772616583265 0.15604336573374750
0.66057139407516963 0.64011528647572824
0.19705570969031797 0.33733982071004776
0.61808985791370263 0.84916872204563909
0.09070534851430601 0.66499232174382095
0.06137525892415548 0.44081182323696244
0.46760129992158783 0.95202777000675132
0.09100355959621817 0.55454820407287131
0.09686288503237570 0.62134539059534433
0.71540786095647746 0.50788173097638900
0.21152562066365130 0.26491133304869713
0.41333233090873395 0.42629980344486323
0.88731333750869645 0.39544332388590053
0.49783278218131477 0.61788993908760370
0.51139325665985602 0.45451156155051692
0.71542213819421618 0.24013332135439897
0.80898661113456749 0.76532617577266959
0.66549239306852814 0.16785969274192863
0.72331595332810372 0.06586476120075892
0.19357907548475639 0.54880187859617935
0.54412941424098593 0.76379154052305087
0.67720703199723686 0.78651552751214260
0.79140995504900580 0.43344639959130521
0.34603844102424036 0.58694901760716722
0.41647878290915913 0.11600734948448173
0.84122539759377835 0.44543443787856718
0.38453050375481918 0.47215765570262885
0.39397333525976164 0.31116745462407897
0.40996662902111919 0.52704007679266784
0.39040832611047865 0.24695327702412759
0.46748661514727785 0.21187508583428571
0.24176573580895527 0.85273001663116910
0.90657000546842248 0.48606291607413427
0.22984973342163842 0.64384800794580743
0.35977826330186602 0.51416838396560882
0.67099347605753057 0.41643512679295669
0.08689314854769514 0.55880211550581649
0.23971768653653799 0.77456775387139742
0.65347265111615649 0.63793987029035204
0.40674797042135979 0.05440711988937624
0.57157260075452365 0.55894541964885658
0.75733876911324849 0.19964479601182378
0.34826583971633940 0.39292758716354953
0.36005583919019979 0.10750934762014358
0.13485859824558696 0.49728345192022161
0.45334350033467202 0.40489509348671632
0.35447439906063932 0.11385551449333896
0.69888539327709531 0.14363113388511348
0.66916357027283535 0.80975211218030785
0.52170034641361507 0.05776543666493036
0.39483888606555784 0.35326234666533995
0.66047533643831291 0.67626050116903591
0.26422231557203302 0.88810982423418083
0.56823810843873257 0.22687460403184156
0.50748357950140921 0.37786102570348606
0.61987817671050727 0.62118320386949033
0.28547364728217894 0.43203229628374751
0.57582613833559249 0.23820162664405223
0.45486680982610145 0.20619293990529899
0.51947965387816042 0.75383319116074365
0.33253191924880765 0.48643863079507071
0.67431150526022388 0.85535954351488042
0.68357152256699283 0.20668568663588405
0.15468896315569730 0.24740026720202371
0.48763904825738563 0.50945346371154121
0.62126701534060347 0.04245251423692029
0.41866146918358316 0.77074053442276536
0.41516458239575466 0.30065791489014554
0.48135152310225809 0.93254384483381636
0.68377416317183926 0.69147214172758964
0.24008792440483206 0.41992032146770653
0.88734799688285426 0.56974108986514538
0.83984549932644159 0.43096329324655153
0.31438547878730733 0.77107098562744858
0.62101046963817563 0.63504084601425004
0.41489713748287077 0.82104291544188412
0.89469463251083681 0.55921544760905262
0.45722119624313073 0.39885379505649687
0.34024195283227293 0.19089932573245277
0.56492725406548039 0.41320682794821945
0.56490349937034534 0.55660433533137732
0.49673661608288316 0.00796973459809345
0.22586736382738781 0.11479169142493975
0.82117819442808615 0.17486815225918706
0.57060563586197366 0.43403888755462161
0.70462949842989664 0.08636469674444859
0.63528594055906673 0.15833227977515932
0.69826172130980779 0.32602113676829947
0.42100590441607899 0.87761078322288755
0.61495045711278695 0.35493822375292783
0.42661652856621590 0.63974806813754348
0.06788408871544602 0.46856394191014494
0.35697362066901983 0.20870684032708342
0.80045059671843866 0.81474838027025198
0.25378260928857427 0.16487934134076926
0.41405467299724513 0.54748773512045601
0.18776250882079179 0.51580752641676653
0.47227054468143609 0.90024146225688650
0.30616683176111842 0.58058009787730558
0.63096830801786008 0.47100110364993270
0.66762341873123698 0.44650980737695256
0.29803071619630711 0.84534315397918802
0.41887747551997118 0.30992046192945100
0.92815325091424516 0.33642648808083153
0.21668008153339852 0.22014413089585366
0.56729412809987712 0.69628526181624617
0.37832194013435327 0.90633732143314594
0.69614548144887667 0.20033285094248843
0.68216869952229364 0.72840547490357033
0.37888887368784063 0.83195166116969543
0.28308192546835309 0.51678596922812992
0.47860726778676416 0.52333978702381734
0.29828794789503355 0.49767560793590909
0.72922492044386811 0.18671389784245182
0.40204497723554661 0.26351714530261966
0.23422217675363149 0.50035880644577246
0.18129036042548072 0.70062802265055524
0.71533380012094905 0.60714622287871989
0.67015017793062170 0.09421676912155186
0.21503347991828767 0.35230016664535319
0.83381304817723256 0.70660492686220644
0.37738748875628381 0.73111364456796590
0.80341763743053640 0.71675080493900578
0.45561462178197432 0.30182409813713357
0.14648723577998782 0.41396236063102254
0.15336579932324373 0.80088144140182094
0.43889972424810991 0.48757812169228443
0.29333081585526255 0.68298550815067371
0.32291114961063655 0.91534182208686998
0.34129886662849301 0.74837708505024292
0.69394668446292107 0.31557150381575944
0.88630987239469106 0.38070803075262111
0.50612080151250050 0.73943857239664901
0.55871423902536421 0.08797217913358125
0.83938741374744708 0.74497687626304321
0.78850613479676845 0.16049410254087107
0.35510660708348085 0.17798576520047807
0.09069245901027220 0.50347835556184417
0.17996476082255580 0.82485264039371742
0.88219459017495327 0.29895545306974108
0.08266536372432459 0.43795167329047185
0.35159405937437493 0.16413556757315859
0.17267352719555079 0.53394045634632858
0.77044755048998459 0.37480106296886806
0.45770948468425998 0.13584382571752115
0.37705249067370350 0.48934813192037546
0.19254875160368645 0.45121131311940305
0.40155359565232263 0.71542305146465290
0.53901435365845995 0.83096415590248018
0.11758584076060109 0.67195266346443228
0.33236637226519061 0.29642466408857204
0.31893525355381902 0.91105705870151399
0.28545923997661432 0.49064721145490497
0.51603007266246992 0.10650430973224360
0.58504094139756224 0.10340644685114368
0.75589086922628523 0.78955658043279642
0.36225691024174100 0.11925339224172270
0.61697868342545403 0.69862394441731135
0.31012218751085091 0.35960855577153583
0.46015113558924348 0.40504491564263218
0.60325072328500140 0.69863200860145402
0.26977074281688984 0.18881279808940754
0.53614598423874416 0.55161020917180525
0.50094978250198074 0.27151186803838356
0.82549646510602748 0.34838767599300985
0.73504927521952967 0.47379497618230509
0.31532068437925059 0.33540497998208929
0.28198092773133621 0.88277487974305313
0.48541153207817189 0.76155632243686011
0.48419362990809361 0.44802771450864015
0.46933069450327164 0.81974835050133821
0.76541946202809696 0.86396711938168735
0.34221617646257918 0.62157490554488382
0.53772273796256331 0.59943521048751935
0.95745830548643718 0.39606244276177521
0.87936081768006269 0.40847157274846108
0.14947601900371735 0.51064117359270600
0.81398935733477296 0.69183324899083065
0.59301472498076957 0.31565589144609657
0.67342494541271825 0.14879786143024434
0.63242080439683401 0.48271474243121248
0.13493153544572103 0.47414320527392323
0.74411829129588336 0.15225650652332279
0.20023575201077129 0.77460764863066767
0.70959597254776086 0.55948983454407120
0.27281607763662147 0.26041409979881291
0.15696659049127687 0.42512086620997902
0.27505020183316758 0.19311875001001730
0.72811324659256005 0.71400949406220038
0.76031409282938778 0.46872944888921975
0.26363334090463741 0.42632751701291960
0.83580758689205270 0.58425020328884458
0.46540374630351616 0.74058825630350922
0.37390475942024859 0.69473457627439827
0.51873809692699702 0.60081453323527501
0.05960065102956066 0.36689470797690288
0.41780073378008736 0.77814332102214945
0.40248628318073876 0.05841838674580431
0.67562119659426356 0.27872129110237803
0.30244660979819110 0.65588591869205293
0.50037282640000624 0.36234351949204191
0.33076600642314308 0.92519287436990916
0.93922799613541308 0.39492520837181655
0.34314596636064126 0.67516480169160942
0.38932330892053379 0.50799074456380100
0.49367582246559638 0.94336963796862616
0.70502244974962625 0.41030291709430711
0.17572555716045990 0.50957085593444795
0.61025325327993052 0.70137050188784433
0.94936666007884674 0.39846521161289938
0.91765382714315591 0.57664856731945113
0.62481593991602502 0.36552380664154893
0.88519811625467160 0.32422804596731164
0.86701243771923708 0.49486332095657887
0.41256815378013106 0.07320073636146548
0.69326580829940576 0.76484791195873425
0.81287048082762381 0.80591742878128814
0.67846712717376401 0.43160010972849344
0.34214990452919591 0.53216174807908001
0.25719269434528580 0.22186873961676845
0.53767071481626694 0.24469579696793148
0.56456434942599565 0.76831597040079835
0.47937993564118137 0.14251260307200708
0.45850025676622524 0.50654822741364813
0.73856231374010828 0.30771644276439392
0.44125540023657700 0.58585335906878522
0.67484817569928202 0.15550027583457743
0.23405928083431143 0.53493147378446693
0.45807306991433988 0.54475490568607132
0.33674238314782595 0.29051716940013544
0.59816815673914370 0.60021076487060132
0.50623093053425172 0.75369663599912373
0.86754142052318972 0.67358952914935810
0.74066995996241747 0.10574735608230205
0.53885441560619063 0.04255055901653768
0.23094160566296038 0.69824154829792118
0.72066002707845478 0.53974264589848486
0.16659165161364292 0.61415210144616339
0.35318108965748057 0.33394751231164665
0.10240337176300374 0.69544520385979669
0.47650840424073693 0.19237579611193453
0.18380045042454871 0.42638843732535348
0.50069253532017977 0.17679211325307589
0.29820443829883853 0.51095494553336718
0.26753044157022504 0.82190394290637714
0.07111985187006303 0.59816298572354953
0.76887452374599341 0.65305011607637131
0.72111038466182376 0.45012394201656064
0.32024125849730373 0.48811119072756726
0.29263777710512257 0.77391327210327310
0.43255344706939197 0.22928361553394710
0.66196310457758611 0.07708570382146773
0.42297967489521199 0.36080573658860476
0.61983048391648599 0.82139673904956612
0.47924072597714784 0.37045384162219397
0.20465158233153924 0.23818629034742381
0.54739825973181599 0.44556991754517244
0.71958452828725783 0.55533051515930409
0.50501627450055786 0.89824593792588647
0.34143083036258060 0.60821288017158615
0.32574381494652954 0.48294394724250939
0.44435821979691670 0.31867456595482280
0.29519259985916901 0.47795987151321701
0.48590755936075353 0.03699256498848932
0.82816893009440129 0.48823821864914740
0.91015386382056873 0.34329518880776766
0.56884122668122805 0.51924606421112840
0.22081586084826191 0.60482807592422794
0.51561448930736953 0.39745121922138804
0.78811294617766681 0.49336882806677024
0.73773272006005608 0.52077593685016121
0.81165093909452368 0.33581935552708142
0.21633491368478888 0.80179019410683106
0.47962155845357368 0.84770108879433870
0.45675635455789515 0.95926649461097468
0.95574437395087286 0.34682202765332826
0.54356729401841763 0.33226428577539341
0.39839473016510174 0.90579008262287330
0.26797151532051111 0.51744401482055735
0.42001004597567843 0.84957126285456297
0.34809124876444270 0.51451574009253709
0.40324022982847479 0.70859799169665361
0.09405117198608449 0.46293622483147817
0.13381477740836498 0.32881842410888840
0.55099429691540880 0.24979040726867863
0.09253557414299342 0.44460770375618847
0.54559500433463237 0.77077953084751316
0.64726793337633404 0.05020334098718182
0.90844171338925062 0.54611418953204394
0.40851863917953024 0.91335513680015989
0.52053785222210225 0.19459813020906214
0.80195348888742224 0.58619791617889727
0.56471220170420355 0.50446602766848858
0.93187304665974358 0.57207365277140587
0.28099449729361459 0.26141119396601942
0.53251607963792180 0.28481781877099099
0.53378654940425785 0.16933025971073429
0.67401070791997397 0.44474485653666268
0.44423222136877616 0.05054889789159851
0.96932317784836497 0.41338483243981550
0.53656062556099449 0.80533504790360166
0.18730803371684385 0.70508228966312025
0.24885790561435780 0.55335436925312820
0.40218117244696061 0.23664528620961170
0.52496867085144860 0.83420547639106890
0.75555943191426922 0.18376251444393205
0.53154375651237040 0.74798338571651690
0.51897538423551848 0.09252779272344412
0.25978445221692792 0.56604001897661316
0.43375034290505288 0.23685189519591088
0.42302949083830499 0.12397417160843446
0.15672183755699157 0.73011011881871579
0.15196398698953173 0.61322304717523446
0.71747263434705055 0.64710552348993045
0.67025091239862522 0.43794714046323441
0.59040266398386687 0.19959446515689785
0.40767954469991763 0.66133486288520626
0.69300897425842556 0.67225639282557847
0.37222449389526446 0.81978733687393890
0.19541804858727985 0.20272817329059312
0.65869970476359518 0.62597369114537527
0.20032720914153582 0.23347337610811944
0.55893322455624239 0.80767760877029060
0.67801558503112314 0.07193376586408576
0.57371467269954424 0.06201754769825141
0.55850393798020470 0.32229807358014539
0.74368233082415336 0.80664004198308681
0.95470102819072933 0.44132294394434851
0.37781294881051564 0.15718342252499337
0.38099702834346566 0.35632466189026790
0.16470936341210823 0.67108673988927847
0.86658468770993136 0.75682504760054248
0.89570341599122338 0.59311968839026985
0.50302488680773816 0.14640109039268837
0.45795939326594826 0.85864438846910074
0.71771870342232436 0.66902764578539908
0.20146948222771363 0.58278622334430097
0.50543247008902226 0.41520086520206706
0.38453809531224348 0.11354057316711598
0.56468430047421236 0.43970101318240562
0.09304414453614371 0.59703699658110387
0.41339269148895291 0.64494840486938632
0.67561621064556265 0.60865189701924038
0.38562025524877658 0.08308476203549867
0.60851617377822087 0.76900778676353998
0.33822478450305887 0.30626035515891820
0.41786825537584621 0.27638520984711740
0.57758558180516339 0.27860293819377718
0.11426526158145876 0.43598491744361190
0.05101005433981388 0.57559904532759365
0.37752423770617188 0.47595627788408740
0.55848940633382915 0.63131421083739747
0.43669279891285773 0.21736247846307175
0.36961959863136112 0.84158046377379880
0.58122930854294108 0.75780715076190508
0.30560062327403614 0.59450682981897462
0.81559118296674771 0.72622379791709313
0.37118608481091453 0.78910652447587915
0.39971979683696202 0.66497423256391852
0.32788865511288062 0.53783798665816240
0.63782076229831630 0.26872100545130767
0.89210564401893133 0.38298878493454008
0.16871757911727309 0.50731621705350549
0.06798790435579137 0.57169846986838702
0.65440425993128326 0.07539331333283535
0.31004919231982453 0.72865349723041950
0.41212648280104497 0.91850488817633358
0.55179246142175886 0.02846097752806202
0.45752143660319122 0.41147112118198925
0.85424884397425249 0.49193566243220838
0.78928422917473695 0.81378231806171764
0.85059445418774526 0.62217933435545825
0.77786665871397520 0.68833832520686122
0.29272876591960945 0.74552254890617164
0.80049168363215573 0.77778467085039082
0.23864370855996436 0.84635159014721129
0.66183798947849892 0.58475105498123070
0.43396689927072707 0.20401195329363747
0.35959165459159154 0.84006139318641304
0.06898217082502305 0.65808236976526713
0.82596042032054806 0.44014957195043408
0.05525405047830192 0.37171691590575506
0.04348742255537039 0.59147456013830069
0.80184051277431923 0.64706909633365406
0.75860589270160217 0.49193727610501509
0.17930690887214273 0.73771259056349536
0.35496746009837238 0.39462256373419402
0.76356239063268005 0.21455820604132173
0.47436844530957317 0.51067618952631011
0.62099911492752546 0.92912404111194069
0.36369587304910839 0.76422671509260853
0.12306026702552940 0.29277275404812786
0.30832909541898301 0.38860930059728688
0.45178543354795020 0.45673580300685407
0.19615777531776282 0.25137614669992286
0.53807240784429200 0.34365444236558995
0.72233081280400135 0.23978701379282125
0.64226583948235483 0.18605543200902708
0.52989243544460418 0.89249183644748598
0.57688309013760142 0.43046007269097347
0.47432307453113093 0.22168613849670255
0.42898278444436977 0.96672239143845184
0.42992498435418697 0.70460574305978108
0.64241907311951085 0.76162176592199304
0.69041637106192533 0.50782164702882027
0.57989516962676058 0.18122218469719892
0.45832304302180771 0.80420288698603060
0.50982887638347041 0.53254481527981778
0.75561468232344176 0.78277759853416573
0.76568114801164433 0.15923348925775122
0.47327185619623807 0.17776840775391062
0.62012323965334526 0.09948894406039067
0.44073134545747322 0.26131221859750581
0.24356537429702702 0.82896242721508862
0.44902972701171384 0.90527410109068251
0.44488879932214503 0.45300446190865135
0.58400240897939304 0.86184420190130007
0.42004419943438565 0.37322813957608603
0.73901661886887815 0.13955670108411608
0.46053251558181457 0.58067886883188680
0.55310818440635690 0.08364271872340623
0.35277810182146407 0.21393308204987499
0.46616503782824520 0.89474011731923020
0.73600641792446253 0.87325052941856762
0.57202166138233490 0.70724956957308294
0.16012933700528464 0.24738530469058909
0.66969150089695573 0.34789896251967045
0.66283205342668394 0.18199891567863638
0.88190368006685382 0.56547338688367632
0.43697120266684975 0.70751969036210660
0.56686250585988407 0.80508079062381455
0.86170003188028832 0.39115567675394880
0.91889437235752480 0.25139496348394696
0.43187699825833631 0.85388276221657955
0.14411635111038273 0.58152773299116356
0.57728886458767681 0.24589932458293337
0.80462565078280457 0.38439339643761561
0.76363309866079299 0.09082267704674475
0.46499890043595526 0.95942567527094591
0.45418306970402789 0.78777412654630086
0.61935132930562986 0.13636329515775200
0.82051974245280024 0.65045507536209080
0.06480670405968636 0.49928430156776632
0.80319047167884461 0.39282984447480873
0.88856330011543472 0.21831963273203178
0.28846726024803288 0.54810043424054189
0.03404301065971678 0.61430328427504899
0.10466475682598572 0.44427463559850272
0.48826067286409702 0.81080707449971878
0.28118580799546156 0.55067630911367615
0.69602526537848708 0.53497277281371458
0.66845206480709141 0.42297676139489454
0.70988389736058355 0.27015984435891865
0.44411588622125198 0.90120164548935144
0.31322443369591352 0.19343152104404601
0.18914396551096557 0.59425865191159910
0.50719770024961697 0.56538983957496602
0.24094854106734892 0.65310168648401623
0.50449848815867082 0.11198284759842572
0.26415608262752222 0.23451933007954881
0.48000583233772914 0.07539104534555510
0.63119434392062768 0.09821004956484630
0.35373506527722803 0.90637059927448860
0.37096890278375483 0.33218458056369854
0.55103597960349293 0.63140694457943980
0.88301674029205568 0.68389862835302251
0.51697164462025225 0.61807183813307809
0.52077407261840802 0.21763740340734830
0.86227928518891128 0.33616192776253456
0.50534712323706477 0.50514807605830025
0.39292988588354488 0.34666929325553913
0.36419085875647395 0.43051578896102749
0.48156973553654758 0.33889035089990427
0.61660443320295233 0.01743238756605683
0.18651742052287776 0.87387528681837434
0.70583939773021542 0.59765841034164446
0.40058013737087100 0.31579367378042295
0.47313305360220964 0.09803903484985330
0.25754414284865379 0.48901177597254408
0.30105797621533115 0.67004401484015741
0.50736092034664726 0.80039711934855462
0.14126674872874914 0.49305672646366205
0.13634068316644868 0.82987155212276920
0.23397953972101557 0.42413878993500986
0.57113016693081342 0.50685366974100199
0.71091211412064614 0.05893092808404946
0.59347842364363068 0.94009433184893754
0.12170328182763493 0.74280399077126269
0.68001783413424022 0.74947081600100973
0.74240025718442426 0.18641458010036097
0.09365447878331512 0.66001578518625803
0.30642233757997001 0.45285058080256313
0.50033793356954692 0.72125397909536260
0.09937046562155141 0.63998229356059966
0.14570151668732578 0.46756635784817796
0.46508322340063357 0.48602382876634487
0.66368913064901169 0.71809829730313868
0.85262670763379667 0.68418330686967777
0.17386934294693096 0.48775988762479111
0.58922831571164480 0.30198703750371203
0.68841336250387386 0.81233548785979826
0.47701932796213231 0.04495588491104375
0.85926723168756758 0.35187712177696839
0.45196951575547639 0.56291302188717751
0.60124953855219754 0.90690412073621995
0.18556014448952082 0.25709609051785154
0.74084680394811786 0.77944298052790884
0.49782464788370556 0.20613667272859185
0.14232739120674720 0.47582326885931686
0.35218163873002412 0.46346379327563025
0.45948707955787604 0.04481352372400958
0.42621278451873967 0.66144018842018670
0.39269689939283869 0.86609205696693536
0.56848556892552715 0.05818860020622085
0.11629350657386026 0.36100072209842943
0.50315164545438540 0.62283249118070194
0.37524404297794600 0.24679254596504097
0.58360958100649352 0.52783117223794052
0.48618202066493971 0.71796794847094070
0.80576675320982050 0.81141846665209716
0.04466618649159614 0.58556801321320529
0.07478246497153333 0.62522979131669432
0.23942484765884386 0.72321099234613884
0.09720413567281033 0.66437356326888464
0.74462876242903564 0.79956892879377928
0.61836425365557801 0.75960011778524927
0.15599381433646756 0.29240517533749172
0.43972186438350791 0.06083703380233123
0.19060169197822729 0.21850086226679349
0.44385057175619858 0.57967040464835440
0.30327361844137513 0.14221025538239787
0.50014733919047794 0.88583466514369824
0.11764461485004803 0.70494606901509504
0.93552414781775906 0.61546871436881601
0.79939937551102458 0.57368344290625795
0.65928403849970840 0.93421229837948450
0.68231500791592559 0.30719269340075084
0.68977421364726565 0.86553803670168328
0.52422042379007183 0.08931497527844501
0.66494698345547465 0.53531340582306508
0.43985240166562639 0.09452958046673528
0.07618207289892637 0.38060823408998878
0.36095367045909421 0.23371948401535594
0.84913272234000270 0.34011802030041705
0.45070175336582269 0.82282294436632430
0.50965593614992122 0.43004156113126663
0.72879381698187584 0.79017835732782149
0.89655389018264331 0.43815014072195685
0.34862075383956770 0.22627082133141899
0.85322494261205939 0.57407337579841677
0.61622587084702030 0.11069289380828209
0.12689720411594979 0.32858449325481281
0.87788655217580380 0.75532404483687066
0.14565105815667609 0.26041298050919409
0.29527491708979536 0.16993908889075360
0.75110323538521573 0.43757223796912142
0.86449499559995269 0.71616772817168484
0.11962723597879649 0.69345654369292964
0.69122403982538649 0.80567331046690083
0.26969372567396116 0.19709824529978670
0.84507937921927068 0.15578131305027776
0.38228988238541883 0.23517521931528859
0.72552964250347951 0.76215725680991619
0.30731175581035874 0.09485633056316696
0.74760794410609355 0.60901956747482933
0.26555229468737318 0.30149130342721037
0.80367911722965513 0.24528090858610063
0.54708975650161873 0.87627345870335704
0.85067437207376473 0.45934426388403626
0.18044602927317566 0.79317872880055462
0.20097193423033638 0.49278911794266606
0.36283116150356021 0.89242817933048035
0.18558229869813958 0.54611953717665740
0.18109921448559102 0.35503474434203691
0.34167644102632500 0.36909119561597242
0.33406525003565329 0.87392452716628111
0.45922182446564075 0.07432390929395717
0.60754117323665735 0.90540365951859736
0.22748936433674521 0.14458886372907293
0.28777712034037584 0.82352265677595837
0.41309469881255373 0.14226591760318311
0.33564584952626136 0.04357739039488475
0.36639041409427964 0.74900576728299073
0.41917916273602362 0.91719806517580427
0.76427459461636749 0.68289685100759168
0.73295386996424339 0.57117278769166513
0.72553553679744387 0.15763770380135286
0.20361737145753972 0.71849524014439770
0.80136493920231278 0.83891551490861938
0.17843875177073421 0.34112651843402286
0.45476309631385148 0.12292323286880358
0.79643175293457191 0.78449929378674821
0.48774364247550961 0.67814020164059086
0.22891707373005268 0.66968102066936730
0.34741406717412526 0.71889170677545933
0.67303951071320589 0.20091676500478667
0.33826922775742341 0.08862113787115773
0.37880749340869063 0.34992875399784468
0.66910232695571559 0.75359045316742601
0.76749746853177536 0.45040718890695408
0.52541676732220133 0.73560179269886594
0.27126057601535025 0.49623965986911173
0.32462440240445534 0.82823417073412497
0.03421009389753616 0.42196410331501649
0.60626992599177265 0.51196557410013543
0.55100914754374286 0.04025670376772120
0.72742077727263343 0.47104293736916375
0.95271385983798318 0.50509615521541695
0.70034125557573157 0.31830882491114282
0.81350875385084531 0.36805761745734977
0.79502005280657762 0.40877290568715191
0.60932920883359609 0.15500365512910955
0.23524413790818499 0.60330534306233874
0.34448875725361472 0.47381391741804391
0.70392861747130009 0.13800295843338997
0.46839831512641450 0.66167420442560887
0.26105059175962131 0.65121377959035509
0.56288228223097059 0.74794202100577978
0.13330978836691940 0.29202258740342468
0.06668509161487501 0.46204101386069296
0.41619917013622881 0.08832812179275812
0.74619541812460177 0.73240878613647409
0.26956271089939432 0.43090280408105502
0.74677549479338212 0.43213243234575760
0.80372861152544628 0.61393259517082011
0.83820611111798182 0.27192273917677978
0.65968582024042743 0.28875915676171143
0.44493312598726276 0.06134996104018187
0.23806629734657664 0.73552032739360795
0.61227054674759984 0.86206754705831956
0.37843862091829872 0.61168600428897790
0.09315368373031233 0.45650387219529548
0.12460846442687147 0.49760362536422270
0.90011436926733701 0.47659978891418603
0.35228586631217917 0.15690596639700136
0.37490210965253384 0.55408695770835525
0.52780397357526920 0.92308039696055588
0.25647470956339452 0.21190515525867187
0.71991061669788015 0.89954400959279968
0.68181548882003329 0.26068073117892676
0.36618574275519350 0.57941423987025942
0.36305484594449250 0.94442522653418881
0.25252606494093166 0.73520998662768278
0.81093700795876755 0.73980628464334386
0.32831254881628358 0.87007098280264583
0.42632131334202927 0.42803983902041887
0.45292807537202667 0.60507406171508649
0.46029120890706671 0.17108927694248835
0.11744103179271367 0.48563540807631261
0.10479986562692795 0.31993900407242515
0.32855140485821333 0.86361887254025160
0.54396001559835527 0.66803884168937755
0.07764882850614756 0.52301335512443670
0.41999920344076985 0.72618569591758664
0.50408772764385978 0.55901142115764735
0.35390907990351050 0.50998878460227026
0.65641059371856547 0.82978222000061796
0.49866547177693876 0.37626807757214792
0.11430573726361747 0.50543097388175007
0.56085976500750057 0.88305935363689503
0.58413318681728787 0.93077961284078170
0.63682427577399747 0.81095963736378751
0.53206522820817481 0.59552282217657926
0.38816615105873348 0.06411866343034389
0.55580549635991816 0.40844856174111982
0.27358063595987170 0.53061825167839272
0.64465243809788675 0.61112741552225902
0.10422199051355435 0.57819922600272955
0.20843057787869548 0.21720223750175424
0.19461569136725057 0.34992948041736671
0.44784063301506394 0.51815780104905151
0.49729180717673055 0.26240578249446350
0.78969291933343733 0.48547532479033473
0.04947409310041941 0.68328705714981675
0.84626651782708129 0.25418255961965103
0.56300317686161472 0.06793445804267739
0.77345674319872670 0.66504368689014293
0.75235736241017015 0.09716729092344450
0.08247248859075305 0.39315367321025380
0.49797558575928486 0.67041252766459025
0.32679944927306243 0.19165314179882892
0.33976712285627092 0.72065453144255176
0.42840079794965169 0.94519431071865267
0.41500793328216468 0.04514885587732777
0.22523508194375969 0.78613121056227542
0.82782875640626952 0.44737918413764477
0.54972856853411334 0.68709861909437275
0.76918279684524227 0.31798101734160750
0.22409966084807287 0.45926883781507311
0.55290107099526498 0.28780851495427978
0.16178763408358759 0.21220477159646159
0.60867375730896733 0.23837237872827535
0.44530501767892450 0.39428238043297942
0.14888832725076767 0.75123360688604213
0.82784003633974490 0.46003689556236455
0.92607261445494571 0.41284298985935963
0.58086767215535162 0.47133124737626914
0.05816151713310877 0.37758350053732709
0.30316674620502015 0.57437922495042482
0.33673667583372091 0.67849461839979741
0.11524229973185104 0.73224640846073830
0.53076043669208828 0.70548480082920773
0.23705129297528438 0.12385086632291067
0.36453095162722071 0.75603053110268859
0.77875580312626269 0.10200170865115776
0.88124190198448438 0.65754742457873494
0.68621503476687995 0.89116993517690224
0.24460273668865312 0.87810989298075082
0.77933256044070842 0.22833190678076307
0.29994038451192884 0.86910337795892856
0.66588434051603973 0.32799444721869647
0.25865151941071779 0.33345258701642594
0.54349516235858653 0.80436701191132964
0.22158426151488325 0.47409994804104338
0.23101754479364786 0.81500871305055378
0.39905431663895569 0.61833044745164245
0.26195769827399684 0.65804324686925353
0.12911677971939614 0.41462440530577443
0.64952097190857738 0.71814751898084217
0.37826236079220915 0.93017989950901847
0.29864758698749244 0.60451541579824608
0.32458205917032762 0.19927404037956042
0.89417970585767503 0.46693301822868921
0.25754186128290185 0.14237422822826448
0.78219453429526065 0.82391843911461204
0.71787065605124478 0.56930616174244719
0.81991525497944551 0.57177514574433297
0.69262498209311441 0.38231113014752000
0.34372684579220636 0.88400892596483038
0.26166908757763169 0.54351900866052683
0.21978392824315385 0.43216802580579111
0.56950597649271695 0.52566368121385310
0.58787478414863015 0.49724371027807357
0.46382564215075650 0.13243303652782618
0.58597652657725596 0.14262768191913539
0.19108484208988044 0.66674124933552914
0.79919084856094180 0.28407272152798557
0.34723869262202217 0.06807352475975023
0.38002940376633604 0.15078673822478958
0.58670587892676063 0.59829137703876412
0.45159675667129945 0.53636333343243559
0.41919408506696715 0.07167116579046671
0.35662999841071175 0.30178617619490566
0.77336630218937963 0.51463808175464154
0.35483654591639757 0.93039314258936834
0.33178750953846214 0.11402785150379417
0.56634704713992046 0.45968796431344039
0.33808436063312380 0.64147654837724277
0.53704547464524899 0.67164176750836280
0.20024910583871197 0.12550297559511683
0.51455384991900777 0.24574865971432533
0.55125706376406991 0.20511506121965956
0.91972258081286207 0.33562895449129770
0.67011366203090572 0.34055616603857874
0.09362075713932451 0.70632066775721347
0.88737361600553077 0.47823909638297191
0.49931221681444948 0.84482298047651005
0.46794683936826914 0.81286222414901499
0.25086347864946168 0.38598250630353120
0.55943648507442434 0.34330342922660012
0.34456177951981087 0.07354722838637855
0.27401659328281930 0.46329035775394034
0.33527029571269557 0.49256696569948610
0.64413504028501978 0.22743512513007202
0.37839137855419946 0.48262785651924567
0.72298205538467020 0.68537231505697138
0.29595152748530285 0.16314194814121308
0.05835040559614574 0.35416461120130482
0.66331214359948110 0.36043788283122635
0.77238095870948154 0.10712892098696153
0.86041961693253421 0.48245766675217877
0.64234442846538775 0.10419867335472922
0.02768011203340589 0.57172179473004547
0.43111909170384394 0.05250024841051237
0.55037276512742284 0.67264054300592713
0.55441888331492539 0.48102046732144782
0.07845481269199660 0.30644753823663012
0.40463151053892016 0.27654793075966877
0.04730311040329052 0.39658474812782735
0.58568093062693372 0.62639146369680510
0.37834685173177757 0.78685518848283631
0.64951395987108718 0.38505556057018658
0.59373414874645258 0.85249675545008075
0.59186712509151218 0.43919777204809646
0.40106378038584123 0.29918827558024652
0.63288094520854743 0.67058005211670768
0.82697539779462348 0.22226901664609364
0.90184633856960394 0.39878144117389580
0.33847975250668766 0.95221179155246127
0.83116485310005161 0.27198877623730716
0.63957653138612325 0.65964266026489771
0.78468426429424465 0.69444166410435881
0.18233170239227484 0.22504681722800871
0.87808711015020291 0.30410549256338326
0.11385932114884932 0.27585662194044541
0.01829211842507304 0.58714755429632881
0.16042146346966155 0.58699987780632501
0.90214686278222256 0.49845066969045843
0.71098654263877470 0.40308952909228335
0.49867627972290351 0.59689951234610650
0.25334815671845329 0.22789516634030293
0.53370134411038272 0.85209320226585672
0.55204150868240098 0.06529086067841618
0.38519659255251548 0.61449515109109221
0.95228351767995956 0.52147530502822448
0.84658569246598814 0.71411610883988874
0.56426133705898907 0.24813637013855042
0.50036397268197219 0.22071675663394932
0.65145622150307236 0.37778268973187334
0.37186153278119927 0.25340878224689500
0.16956589247909704 0.22278752271993674
0.12250393286102158 0.38030846809042768
0.73955507418734023 0.09210185256990139
0.22195344083492088 0.23565676779219774
0.22418522631151352 0.26851066402502999
0.45466459161622719 0.15433863648086132
0.18401292524938673 0.47629352196268770
0.33809990102936543 0.33220899462749093
0.60400358513651209 0.67554174384999488
0.67819889996660609 0.69530620527885123
0.62127302428244446 0.80012072861314543
0.76062137171171962 0.19394261870917806
0.17356966791090325 0.58155738010206470
0.81846515071028836 0.54062631489749113
0.75525629779955572 0.42073224049818547
0.31502967132740350 0.39184770996451890
0.35450411066243870 0.86911253779378494
0.41147211077896739 0.38348400612157929
0.68345148400022038 0.58250968004610837
0.71934355956080642 0.14813963345422143
0.08227714936072927 0.40804587416422006
0.16388267652510149 0.68355362678524634
0.51664781191219755 0.51012843754999893
0.51443318894927914 0.56613879736788275
0.34625444981926623 0.12724995664809363
0.37845462489415232 0.19313312269762423
0.24202137224742298 0.49737947997036397
0.12375073471371503 0.67096199980884519
0.06601540061223815 0.39936616853453377
0.65112567790276188 0.65794657844305326
0.94792445090989097 0.63940745849591263
0.26797089355935655 0.54617183940736402
0.76285683917120439 0.74356152656318197
0.66031602976840931 0.08844337092555790
0.38378430026537713 0.12433672359247765
0.29051098753906091 0.35939272221855029
0.53665850373135793 0.09267512285699932
0.35804648384670368 0.16096694804642003
0.94693640104632981 0.35160057649756304
0.27938943141068462 0.14526592486930753
0.70088840892640492 0.84518140716773460
0.27652497111832652 0.75942907328050868
0.44169202882182229 0.38671854258009214
0.61740716943335072 0.40902792034806912
0.55444313887465635 0.79986720148041190
0.77935560895511313 0.12983764475634110
0.43470074521271634 0.55246604234671226
0.57211904308063133 0.26627330370216956
0.15993082782353657 0.46503992492647378
0.68978273881639018 0.32873148357353260
0.35983659764813747 0.27402120501909033
0.39887519673573968 0.22168491189023062
0.09615687085844968 0.58765968409705671
0.55339904193362566 0.77353394442424495
0.14749494598987078 0.60622666044405005
0.30307981782119370 0.28512751563188649
0.92713711067264515 0.54684087291187289
0.35533245829089249 0.67967396846298100
0.21600874355757244 0.45433479329130949
0.69538672997274475 0.18818576149657412
0.39770883386554967 0.72872162893651571
0.83334831170834378 0.43994977309712024
0.54645480843506755 0.81118723475269905
0.75501368713542294 0.81098881910724507
0.56399272575842729 0.01130317105540698
0.46213169685822120 0.85358129902611002
0.13979707836424474 0.64106922914973008
0.55816318282638344 0.73425884235897632
0.21484955448053553 0.18068753176076238
0.46441659356143528 0.07176906004687918
0.10557688042546155 0.35657950307268271
0.54623632306184589 0.70760078425083250
0.67524478526958331 0.13409706383781167
0.54702306760273522 0.92844822368955604
0.62198846160338050 0.90261842296419204
0.68402090624354839 0.45744301055657605
0.20725216994388831 0.88972606983877156
0.13479270394698886 0.37820922102105231
0.64100366390491592 0.86625925751338062
0.46415969953691227 0.10830092108469723
0.42669176817500420 0.87369959691386967
0.55437605682255586 0.38264980431436796
0.55733464415863432 0.05721144729459331
0.55787609612586786 0.76760548917847804
0.45562109387593674 0.69888691517496071
0.09853030218313996 0.26441958282450506
0.85952711981761576 0.57622780244255078
0.06213082592623550 0.37240260175438139
0.33932585314289482 0.13870772457541544
0.65429853068289034 0.06045689771937634
0.69866715247373401 0.57725469317863631
0.76145594018096596 0.74999929019083900
0.88214213282009657 0.34869167843186200
0.14701314157876325 0.38243212752086175
0.82245453266411983 0.71752991351085516
0.83306729301996152 0.49957974671425209
0.83170059440224231 0.78049283822501614
0.57772561444353965 0.94834835731652256
0.42200911283414017 0.26963922380271782
0.54568581576009711 0.52336237701147081
0.80775958109079582 0.75862344671462301
0.36376441371088192 0.53702479169687622
0.89218977225441110 0.58039121517446757
0.91819785457574787 0.61074286308321968
0.32709234923669028 0.58370854418188178
0.22215722664910653 0.58503230670772621
0.27499810842550704 0.28013387332456441
0.72981384524387183 0.59121345335788356
0.02884475420320402 0.53017017022915847
0.82777143791801788 0.47057411707298136
0.69047605744471718 0.75829729038216487
0.22957928493574686 0.15579487052469099
0.47941289384908109 0.08133808984440997
0.72975542309009489 0.37068492248756013
0.17233796863801973 0.25822405445465746
0.53547267873986570 0.07364414815119716
0.08236144073392981 0.63453671430436775
0.87585150388283506 0.69999024794419329
0.09078593718803453 0.31836988245850595
0.23308115103057539 0.16536774221469172
0.33313869190056911 0.10220759876244084
0.88496409076788807 0.43553379754016874
0.07801491665833236 0.44092677986733675
0.28710651841260415 0.31262169388983485
0.34326809547183490 0.42034888950017685
0.82501652838145656 0.20630694306574240
0.60105801249140633 0.31786281918059078
0.66847873144173076 0.87478448416328636
0.80374422334838569 0.17078128192700434
0.20499531691770459 0.18330526703215677
0.31859228654890820 0.32112703043520563
0.75678608603748743 0.84779595526790852
0.92873637261832331 0.40298108847644204
0.36547693097775763 0.93797817090933155
0.59991578672648527 0.47441900801811265
0.72445070680216617 0.74841436316020626
0.49709243596939134 0.65729766993698602
0.52671393021087398 0.72834766016074404
0.08760165662568134 0.54964725385046320
0.54787370373481359 0.93460232209714833
0.72660103229063100 0.35729021724399235
0.30672083097953395 0.76933522041858360
0.06870223548894779 0.38313299531303902
0.49648862828579959 0.19629805463243075
0.79463713694323201 0.80209321014545432
0.30676468205301788 0.29092036478672811
0.47423780559829704 0.07858081978985630
0.82521055754542305 0.14978071642702492
0.48809187568217777 0.49676660411205897
0.44561549873398115 0.86765945600543481
0.82140584178351683 0.81368031075868708
0.32165381746065780 0.23082068649382684
0.81863757538523341 0.24505421876432729
0.60733768077669559 0.86646420267078539
0.45768339701928173 0.17752183089851201
0.87903312572630821 0.67956384977452844
0.50052686536956037 0.24803485262655670
0.11199543328175107 0.71495136190465569
0.41021861617914485 0.43992272061543275
0.21458427072420039 0.38638375652475537
0.46155114658215679 0.12582487489935995
0.46115028815193521 0.95356185828589668
0.83434920708002214 0.33224783253440976
0.24070273291864547 0.42706970208492040
0.87156994617363004 0.74954012612144205
0.41151639171014076 0.19367787482192006
0.32595016587559206 0.70825045180652879
0.59875566745684927 0.38494810791598721
0.76872749071717383 0.36127450115077359
0.27399964524975845 0.24879205605549476
0.53518871606659868 0.68577256267374753
0.14818784652150771 0.81930863159163925
0.39037426058733593 0.38719573898188797
0.05624062175876723 0.34039240318895553
0.76253043168021728 0.26389712770242690
0.74016473376290393 0.53694488980496258
0.42046718975621317 0.82566684874228569
0.11718322665853809 0.40947752181651914
0.49176155744285815 0.03958796434310881
0.30174407890900656 0.18111659782851022
0.75348604517620366 0.24468338658219982
0.23172990991455930 0.77398441775727422
0.19250117198374048 0.44403045010027847
0.36432807755525015 0.78531004432910700
0.57297862776877184 0.63247239155832624
0.37779383842179121 0.02771924047387226
0.56503982330087288 0.53879105730892496
0.53488756899641732 0.93775714242219177
0.05674738101357028 0.38328517073121382
0.24818787476350126 0.21237597226940524
0.79336412104497978 0.15539211383598139
0.19105852836312370 0.17422933302116669
0.81528435751672446 0.18557181008093585
0.31751151143751410 0.41073135199401034
0.73516121509876742 0.50035944365757079
0.36105909044354828 0.34891522866788416
0.52040373618347835 0.23289244237737103
0.07230580299841335 0.62998934800718753
0.40890575481380309 0.90074739922761460
0.66162917290201351 0.87302167461189706
0.40887047973446988 0.29664154741359761
0.39208275998554554 0.48518341424374323
0.14731775967212818 0.26514268367459254
0.48073929712376645 0.42266385905914294
0.90164341738082976 0.66044830574340740
0.27832197315925139 0.17376215911112178
0.29126367334934006 0.48512577489026026
0.34105209975762230 0.36223264170717084
0.67668412293324320 0.19319464197475017
0.84221384501061725 0.66220345484102849
0.36107731384692981 0.13114216667227552
0.49113018122632335 0.67096315038320109
0.14922891698182514 0.52486660137519647
0.19264653520774500 0.25624130940765510
0.47569975124702485 0.65833117491214832
0.63113257447996818 0.51140784774362069
0.79596122458886653 0.76540009064830994
0.73928656934454240 0.26526954816928305
0.58290343845637527 0.71858051066280659
0.65371271026615396 0.24227455948639742
0.82612657269132705 0.28806147730547255
0.14773606296073527 0.50293177200415917
0.59409364583286539 0.49378213603406562
0.78518376649873234 0.61759950640440553
0.21933483351773772 0.37682754440564276
0.31415383690307330 0.75062114237871025
0.08046339309850598 0.42333925352806417
0.63933655282743607 0.91417225798695767
0.43791802394000234 0.72221864499377275
0.92839962261553233 0.44354809229759040
0.21170257699737047 0.52185388900984908
0.66048016102955953 0.89146078343585156
0.39866001676711738 0.81274741729501543
0.29550511563418452 0.80452328928298211
0.61892381275855735 0.82821646965920825
0.75211187308165350 0.11112824648698431
0.76744358172723304 0.80572297485999000
0.80041039026013616 0.64029611078412119
0.05622729938194707 0.52316884223736759
0.22230866740189589 0.16687397222407116
0.45521176248421180 0.37174741164262343
0.60241567660905049 0.77416037846709562
0.60723347006017558 0.35991582049106152
0.77549855907112697 0.13436109654360259
0.36974216187046555 0.85887944112677883
0.04106385617357578 0.42426024057706019
0.59357632609681610 0.74792886620316923
0.82616174012617138 0.25831025944083164
0.64059199471957751 0.07821265048133123
0.57652975761584824 0.32865383350140837
0.62621062979504849 0.30914964295505892
0.44485594581110333 0.02468933129097696
0.29882412413837400 0.27975478382133412
0.78950551478062114 0.76613627116654304
0.59545201686994420 0.08659576409360883
0.86262432634170538 0.29468890801342645
0.26831959920087128 0.30784766344132680
0.34100812812289211 0.25500686779761139
0.59564209158584724 0.77679822366317630
0.55006260094735449 0.97165042531149060
0.42985998606799480 0.05871259756088160
0.83183105284231895 0.41391170207330685
0.20490133176268033 0.85711540696193922
0.64965994077580402 0.81733858101419832
0.81403586654894355 0.84759222948581570
0.35867060822040747 0.46664515839565063
0.18758346651152005 0.36777122482384617
0.85658798159375360 0.19008142733666736
0.07623420320916660 0.39914034801833503
0.12500879492929101 0.29736042228904569
0.02271355198191307 0.51866446736712490
0.03922238405677671 0.54402833110242832
0.17970223017150616 0.32466216327313036
0.60930686573150750 0.49090890525827430
0.62691956086791012 0.87490824438803194
0.84538604816380536 0.68321482727858862
0.68079269043164625 0.10016349392815939
0.35186828579436469 0.38031389537401811
0.34011656407658908 0.84651301164139814
0.47666155523319431 0.61169045874211436
0.32152943266542622 0.47713614693431039
0.40012434340318886 0.39190703077536526
0.29863445720362874 0.37127652789854970
0.41642951375450671 0.71552160838439749
0.21347958166528744 0.50705509162512363
0.90604084382477412 0.69162382705329006
0.58840532799484824 0.26228175990263047
0.37231278900591347 0.93640835996025640
0.20913584991555687 0.58080067705304883
0.81007970073262991 0.30833813610499067
0.73664311469199439 0.39783627212496186
0.44464490263348361 0.67289442535240240
0.43772060104349292 0.78492613221201024
0.22734349346589333 0.29567799144818002
0.33119281775273673 0.64015172237840490
0.54272874025863571 0.49075617333061777
0.67604329920309336 0.81644532725920249
0.27735133495800074 0.71473409812134625
0.32791884452658265 0.11045148788176461
0.66669096536389161 0.58983440344452964
0.51773746055130321 0.67538494186588438
0.64458640812555990 0.07402952536079177
0.23962725381179367 0.51689185794831449
0.09163746972441862 0.28825829007946413
0.05089837226287398 0.52110791503246012
0.55228287378434548 0.73929841132128760
0.20275601415531147 0.66884325587706361
0.69766207050269868 0.35344327747714060
0.83411856255824457 0.37329754376285057
0.47869687235699349 0.05765195053314580
0.87177585527540480 0.30282841692302254
0.61263288610283329 0.54517202845105406
0.37214715646060448 0.11046413097107527
0.12427633269723508 0.52098610173589854
0.44448247336528035 0.56107821849122819
0.24743653951611472 0.65192527462632810
0.68625945377193476 0.16343211331599247
0.38766947002738295 0.14083030531154489
0.35477973115324501 0.45617730283920227
0.51684481291490803 0.05977569973043605
0.78243831858499979 0.38857476820695896
0.77457809978202408 0.50764832877179900
0.58832168022266174 0.04475528462283535
0.17087064265566540 0.44606554643923063
0.40310607836629664 0.16183982054767318
0.40538459070944671 0.86170477082286756
0.30145108917620328 0.55313710160021301
0.56702507704088156 0.17548735068103924
0.33692409622290609 0.14449013222717061
0.79838988652532461 0.77145125704454598
0.75891167518014968 0.20917429243338512
0.60371786741776878 0.16932479234376391
0.15851330945351919 0.64995398810434846
0.43222958266672196 0.56510717400323796
0.07808923286909174 0.58935447223308379
0.23770098522996960 0.11723333824706793
0.45526792335818178 0.35192024607727512
0.40468353746848779 0.17487115217582891
0.52702594642321698 0.29078095346146987
0.75556769948968883 0.62847130732667211
0.91038448691574991 0.43641870205412975
0.27232223278805801 0.69461992127607886
0.50929593204713308 0.33232774151536187
0.67688218031365899 0.50700639917807289
0.40282150296518798 0.16843928151757451
0.28379228320571892 0.41302874025098224
0.88364740941951037 0.70213804249107126
0.58747658368156963 0.75321903695267467
0.67325936625706073 0.21510299353422191
0.23501038532993015 0.23399370797763619
0.41127392509400651 0.69809253416907757
0.61449932325456724 0.10329399535457957
0.18242903549322312 0.62908203568889354
0.45718155747600348 0.78177738059219970
0.28963460188002998 0.75929170239829469
0.23606467330687314 0.49306176911437954
0.48153870217213951 0.72853684399164598
0.40107445876203257 0.14229560861635371
0.58042419609679063 0.66574876958771123
0.29589323356029062 0.15107247974535026
0.36742906970652911 0.14707572904591065
0.39221254527333149 0.54647949355248626
0.29340160225005790 0.61587877848283201
0.34684982197605024 0.43890335136525321
0.37890575003875432 0.66503588098276079
0.67913752880462996 0.47236600019125358
0.44295160524827470 0.01581095476100432
0.43377816114457868 0.82103386611955009
0.17887792058110052 0.27828819209151145
0.34274754553972903 0.29387141956032220
0.31121297668984721 0.90188714112911572
0.32108249890552482 0.46373643961291872
0.68128692845806793 0.64199410157297698
0.60649998700621843 0.57821146232314347
0.36860490762488568 0.92045034385607838
0.70545387851189556 0.46152476545619964
0.02887874504741160 0.56225691832981872
0.81995869508989538 0.19052826081892557
0.17726036211684285 0.47444040870505272
0.35693555376741221 0.54909778085751215
0.51448969297663627 0.49634776264421787
0.36785940450010990 0.06357646815501651
0.27720636663223708 0.25508820907803725
0.64864913452722439 0.93058606922596165
0.21152347788448481 0.89789710951892299
0.85622806274437502 0.29406135476652440
0.78824969725572624 0.82109634362986406
0.65079656266436270 0.53680945378944156
0.36537327948818032 0.07830146444646829
0.13208892797317537 0.73390968242219712
0.56475261179008007 0.10584720552541074
0.50984340512037440 0.10836594399141634
0.84529805675246961 0.27154567833873183
0.24684937233595186 0.68186440041928853
0.44527802504901753 0.48634811107797493
0.41935615355294592 0.53515914885414628
0.38312978709267587 0.09595620988431898
0.35294234722109730 0.17075797526899278
0.92340429581114647 0.39114481207258506
0.14122978570973926 0.46118467122000772
0.34321025538698252 0.10431415224627992
0.18869839154455359 0.69167624252357462
0.75998932243997008 0.66310452889511440
0.19624903523426052 0.81980442487521354
0.56468607884741784 0.41982103456370101
0.56102880258020227 0.09379811354553869
0.51414082534356187 0.58495225426147768
0.68945564909289747 0.52314358847546405
0.53186743908174849 0.71257150348875620
0.58829683865350280 0.26993018142693453
0.12955205734572503 0.21288278159893836
0.29149920449553512 0.10453945216922964
0.50096488654387006 0.18349194229221732
0.75071740007217203 0.65255072861091445
0.42444434978665363 0.13804830785328953
0.47042003046395364 0.10986447071471571
0.14384011877770675 0.42740340190948728
0.43352972820059071 0.04692279736801978
0.78798418330447317 0.18994968146059552
0.70310047996188452 0.89149116721281518
0.08558163058052273 0.57368975001178624
0.06258035591815959 0.63613986904261888
0.21032300037549162 0.30790317388291216
0.24579813372161760 0.85734507736349785
0.54916287438667322 0.40964442012360441
0.54519355887471987 0.34610753733253541
0.84668734231271991 0.26023483377494877
0.16016820505043591 0.75787830167792747
0.57907736831811318 0.38229263292759574
0.41921830308765723 0.66354408412270860
0.05057314445413805 0.38391377316274211
0.46610984125063992 0.41970707626762749
0.63116710528052400 0.86989469956514309
0.81821014110670442 0.79360156805733995
0.74438534593159233 0.85651290122254997
0.38541828406409773 0.75631960099642770
0.53698667824761981 0.26614104240688558
0.54258213975745295 0.54987119384210226
0.59998897426375619 0.22575454310210374
0.17512990478746965 0.69631629600671652
0.65840175141713797 0.30186428810010252
0.85266084890841509 0.53095304555072431
0.91131451176866540 0.32300488732474270
0.46360375311878238 0.50189337644454424
0.68245588668225077 0.68283605724715457
0.79199454503958633 0.28338832879629111
0.32220966719389815 0.83571101728720187
0.67830312945682580 0.55546831656969198
0.72794267302630500 0.52967004871853818
0.83308563899433086 0.53854548059093310
0.85541381413915940 0.30619357560789612
0.19783750503364800 0.40265764149613348
0.69391096844935329 0.84600861105082792
0.15647823900558097 0.21246022880038493
0.53782362083526991 0.41426495152104015
0.30952957979589851 0.72220204724535486
0.06288076523157267 0.47764010633975112
0.82472580587592625 0.41252392909390645
0.89718887241440459 0.40307380568363566
0.38871631128243583 0.53899940077409381
0.28447904585756345 0.45264836790434848
0.41348195465409748 0.14989754501081301
0.38314206691434416 0.50363775904374064
0.31646458112215270 0.26909859770856559
0.75128000333280731 0.56137259732290046
0.39054991428755320 0.11278474061665651
0.45502838785260036 0.93626671800130068
0.31483883520191924 0.68414657020053993
0.70344716799944185 0.11001710531169655
0.11634769778398973 0.34950401360781980
0.70772012102114579 0.08139908995401403
0.72431404488908158 0.20708115239710612
0.31239784407679372 0.07814917833803295
0.33238474364631315 0.12036380689966159
0.86811624927250541 0.56793759681614120
0.88080859058347349 0.71336366092120751
0.73532268090694874 0.39105966256722186
0.65500530984464611 0.84514301718391138
0.75890375144540667 0.84213798203057166
0.92638114190579812 0.52333179512310535
0.53705871297441021 0.31595821133174784
0.63134698967316061 0.41781367815945952
0.52484377511499991 0.75879699492499386
0.62279337224573827 0.19980995368341370
0.79340392595915388 0.22718142563349236
0.34567102947331574 0.65379275039976625
0.58895237912541276 0.64565875488703350
0.36453457113481103 0.20481890569522693
0.17423958147658025 0.34723395172891258
0.29737067631838032 0.73961747176245762
0.73988120934508361 0.24913417774377178
0.60745670594959700 0.74522941820748878
0.33406771389664797 0.60746649936523944
0.23953692719644334 0.20237417054889323
0.31867029833744037 0.07566792709710508
0.95320885919531473 0.55550153065741237
0.30212738834893521 0.95473073345396131
0.44968348938972613 0.76409733435140192
0.07905953705871731 0.34897662705417010
0.26431479319727386 0.48823100818006693
0.57538667123386800 0.68617280484800247
0.33812675580627333 0.93064771053028339
0.49873831502363386 0.95803248660191986
0.52181352195031405 0.02328172715633091
0.26281971360528145 0.85159103281303383
0.52584646011397640 0.94887378700603320
0.66741834323234761 0.79599078072872875
0.23372895621270659 0.29898527016903648
0.77857371797481911 0.77027075026813330
0.43515330263573654 0.05607902274703444
0.25267701891104266 0.93237525631080154
0.60022530437268218 0.84100682824346651
0.83060136946175911 0.62202528297337767
0.29374604010216482 0.90119529812787214
0.44188190919366543 0.21029312590286178
0.70869933489324588 0.24127727062566015
0.41999160916317274 0.63536555935217764
0.68156537651675209 0.53978306888399030
0.05444611555883338 0.61448724961097023
0.87221915326853183 0.42040156831220560
0.20243108010550753 0.61808033332827916
0.15352146302933126 0.83518723631853087
0.34667500094925585 0.57230972887412324
0.10873396590904617 0.31170156226676232
0.48105972830944377 0.83522991609764075
0.17914911374647174 0.74483666492951539
0.28627336338996384 0.44605584968866774
0.06395703556053896 0.44534732653809289
0.48307718411924733 0.60860613055839941
0.43158274281503373 0.67584123546085595
0.44798756556333863 0.93853008181068975
0.37728520698922841 0.07773648334716364
0.16056997419247615 0.28754740764620079
0.77914712484200799 0.25511665633298203
0.24081204081196431 0.31152191716784328
0.10970101433091106 0.62344698883725036
0.43944089313254475 0.06620423694718992
0.82216363521907709 0.58841069782197031
0.37825889933871304 0.77211252685117848
0.27976397178814777 0.79766781557453392
0.42330386927235786 0.95162371058393191
0.17559469485847479 0.60846487960301110
0.79040301505476152 0.74686718460855739
0.89143738064727784 0.69111348901433745
0.11160730156840183 0.23566249022954555
0.79572109064826591 0.53349146451994289
0.86597102487442601 0.37753594592817680
0.48971319565121402 0.87389724378638944
0.33650204639298709 0.25016772846752672
0.10415064487565587 0.61035405135632559
0.14840000003371628 0.55025758832927496
0.39882369694255843 0.63082327101171098
0.39368943089262382 0.22752999276587485
0.11030093978289010 0.40924439245491412
0.06165683363581520 0.41465985570592451
0.33997356915077470 0.69306014041903374
0.31259868365085081 0.58624679738193775
0.81647449849115805 0.53293911793449911
0.29173189002272659 0.37889053623712055
0.72739911602566798 0.13863039689946841
0.81997595168501003 0.68745079291209077
0.20642003758632105 0.32874511158423320
0.36452653583689149 0.16069190671223024
0.63853313056040673 0.41747012496148606
0.60119899863836723 0.06474539758043481
0.12394874536693262 0.31750058104627576
0.58068245472606694 0.14761142942485270
0.33970942583664526 0.57461203794290694
0.07290609312089093 0.36752861252534796
0.64660396056873071 0.79036848183561048
0.32490748858741292 0.72841202510276459
0.33945519003592722 0.82698263505130865
0.78792561616106715 0.55095225778522883
0.80574136706312505 0.66513516739500556
0.65857813060221093 0.22164417033458722
0.21688695928336527 0.31023163911079177
0.78820767406219905 0.60765743555154361
0.19992784878228548 0.71020143593945384
0.81303048822945678 0.15336715348769719
0.65841351102459622 0.79184518783962088
0.63641102552828055 0.45756071049436364
0.13188662743180299 0.74001769401270756
0.77069775227205861 0.49396053104945570
0.20036115900054999 0.63651762556399194
0.42518461922452055 0.69861413922688065
0.87438490144763970 0.58702428459361089
0.35363119255329056 0.36090319894926115
0.88483656472632366 0.69025643505953582
0.85219628272393300 0.74487980642406859
0.59589330475753111 0.06597457369589983
0.20048144614586400 0.34306403775886485
0.27712954981670768 0.16780585931608580
0.42748479259258448 0.08692705319267283
0.78165017618052413 0.60969827033675073
0.33630929952076005 0.68713555156905703
0.07977700351796645 0.50021983001729697
0.78107006787565125 0.79059283163348115
0.94476544474235991 0.54217608234258174
0.01504435914077955 0.51014067050496781
0.24535716573403654 0.70562089365921765
0.44886316540467286 0.58413288591949786
0.31532712363969007 0.90616464139565234
0.13498961284702793 0.41784563086628118
0.71113457779636913 0.11446191410432878
0.13270044224710209 0.66037103559151689
0.68697897245672812 0.66920483976021872
0.78285290628730608 0.47306678821837506
0.13099701151378049 0.52444689207822814
0.07115418008560107 0.28292416834543221
0.50638975971675304 0.53807781942997401
0.37718436246303227 0.70715772393333298
0.40287082845527528 0.56539981875649781
0.45023648830132584 0.62612231309676603
0.20330341040103905 0.14320953786233856
0.34949650639145752 0.91404805340586703
0.52479718281310794 0.65819225118640767
0.06051145048433692 0.54799454483947152
0.63475703025626207 0.17417221030287069
0.54158516550483871 0.20780159033395690
0.57438337614422341 0.05677310837593738
0.31675587624056384 0.88380407800524008
0.32797333994947742 0.66730344785264628
0.32321664542213546 0.66249679745172918
0.55873610429320475 0.92548000401770403
0.85331679162118690 0.28851768574972808
0.89417945005933841 0.56632332083338888
0.78159884089296405 0.54631504756438942
0.60844672571297653 0.61948663006882665
0.57897114535546923 0.62921774121442675
0.36500413088186900 0.77870876793329225
0.29279875056444393 0.58774743388118644
0.45082006388708479 0.73686648431275104
0.80133595231410781 0.51934992748591391
0.76200999104604628 0.85620930784709992
0.52161077138296608 0.15409250038618197
0.28271590614351921 0.46522910349375590
0.46810419663341785 0.70442242297359625
0.54146771400259575 0.09769890238154405
0.59221287424954572 0.07369061679083652
0.09558295995904340 0.52076974118078034
0.10056181140705746 0.29937796494297753
0.31719302054932202 0.54821041373226320
0.67635904560997095 0.86168258281455135
0.90626918905988030 0.40356809143439892
0.87099391279759919 0.70569213260805630
0.59121621633882104 0.79079969869996847
0.06585612678232367 0.35935196247277257
0.78336729121498994 0.43575090804540945
0.56708219340906330 0.09235751263378357
0.51112353678422207 0.64516968368801941
0.08944758331754946 0.34924797620521741
0.54211306658579395 0.62612977208035603
0.36669205864277638 0.38055195621687299
0.49870502458511262 0.21379206094832021
0.58561320386079607 0.78659545639436879
0.84433213067592039 0.37868606488714468
0.57121106614076289 0.10634340111683124
0.28548407919294810 0.57878288453776805
0.51154590190618654 0.61294032048331948
0.33947410157165692 0.87856977431274175
0.59075395090108007 0.06794264890616922
0.74706764854316809 0.08827133890275153
0.36333989569788949 0.40657244121777231
0.58411286289616415 0.67880302877303600
0.66481498289471785 0.14956354775490549
0.75551645775557585 0.65802073917890491
0.24193749488027383 0.35901190393206350
0.29869197882424692 0.15617125514782082
0.85580587117240992 0.56054555856728994
0.54425534021664856 0.24003762090398109
0.45992876774184466 0.81108756820681693
0.69515024035110518 0.58837648643566565
0.50073391172809512 0.16008561197132140
0.67081734385507652 0.23584624098107379
0.57252227347756857 0.09968873210121752
0.59672627691385871 0.93403656957395143
0.34264094467002315 0.11574795982613005
0.91462570457829617 0.54502780131741380
0.47738602183384399 0.53424594043270635
0.23970232229466029 0.88400957324880802
0.55223910486010019 0.92399027440031822
0.35323349518369274 0.82648018526161260
0.93676380413312199 0.66772454475726328
0.41237520146542656 0.68458000082506132
0.43703068525992111 0.77663303402335448
0.43440380893446212 0.06744347888006481
0.70310773249296643 0.87753117541756320
0.53840258077818892 0.19769455136488867
0.91784703390603795 0.40930131515120161
0.15302787261873005 0.40954226858505133
0.27213500834623450 0.51052432164937878
0.12077883707858868 0.21133427906649188
0.23066062713730531 0.50653011585064711
0.57173946182625113 0.34650651737435362
0.78064855489599771 0.62976025908455546
0.12353470880920651 0.48180258719555868
0.41638258476886925 0.62511275229589647
0.28486097901883084 0.25519656861179335
0.12287403914037384 0.27593040390673879
0.19702341480877697 0.17037867794481676
0.28210372843554005 0.66675783693227753
0.66902015674807280 0.04346903825255233
0.58700246377764032 0.46771564739425542
0.62467442282644581 0.83684181505807465
0.19955896241794102 0.76813380047930746
0.06118807582859650 0.67378181428209205
0.52033334216395777 0.16693205230117875
0.73974167629795295 0.27967654625676525
0.11353767229640355 0.69431535040134640
0.06806987009218207 0.56640143275038213
0.17638233006387677 0.45018822374283690
0.34610485708870004 0.28037584248054170
0.67192681479877414 0.76748475693638762
0.90086737010949580 0.54011434302577777
0.45986936223581137 0.92516686497310940
0.04773222909769490 0.59947008952626912
0.90796629908153437 0.39699620236197342
0.52829306642722307 0.90041305701786423
0.32123553218225459 0.77394790524962764
0.20837376773892641 0.36439697756310951
0.23668201097862560 0.13065810354934479
0.22996316352851956 0.36779699247530240
0.18409025427524159 0.19160356393188521
0.71112080112235987 0.87247412588694528
0.25406575784444213 0.78960324257815373
0.57422693907381261 0.09362414199749566
0.84688968230201200 0.47946784765762002
0.03363136053984234 0.65365496415443736
0.02823397972237415 0.59735242620867568
0.12026507925943777 0.71069489809024189
0.24991358653725626 0.79477896900644229
0.52929201149315097 0.93532392264127362
0.46237570439289427 0.37077909082790383
0.37799500755682514 0.06826363105868373
0.23525090695663073 0.35577003401176277
0.31310678199579911 0.64597577042042764
0.48634952144599464 0.09950491194123208
0.05644295339727164 0.67895703385135375
0.66306137768215256 0.09725308581649529
0.62613085626028531 0.77156574425673441
0.54141671848965522 0.43359952705638088
0.78759218769003636 0.13184780844506747
0.73921815995108275 0.46363561207988929
0.54068331145513615 0.83728190707258243
0.46961727229233630 0.06920314654920640
0.84811350742796299 0.20087534545917951
0.65066678171840076 0.85756677903525391
0.93020471416576944 0.48787306046431073
0.43350979115710386 0.89405630367048494
0.35547858733875071 0.09731716485173926
0.41622534212186474 0.93198343602118494
0.18842130873444302 0.58688947414849180
0.73749689905550353 0.85305235093662790
0.68672471854804085 0.26506563162836660
0.66334406164761683 0.88595815238417153
0.68682758678417644 0.75160586152860842
0.66115349520160394 0.32248886298836399
0.95246100963490776 0.38864571610612736
0.55449246443740585 0.17533922811960037
0.24865250638823602 0.58545818816555850
0.16951669730292410 0.52810216020144296
0.35278260437614106 0.26057917295057303
0.57263929358885624 0.32304158821812751
0.70783621772940553 0.83384283321943209
0.31738737146324847 0.13150527258282926
0.49234883560102521 0.39954329907465091
0.69300095428790542 0.16144747630199804
0.25657942769025621 0.47613195109453083
0.69538291270240604 0.66579121128739549
0.29949179679127974 0.76767665929109508
0.55303539083814957 0.09093030511434787
0.03636974951061212 0.42984125718665200
0.50991214854673939 0.26827824469009554
0.28322770284178928 0.23006010820671502
0.30722370570891394 0.47273779197113852
0.51193714505813714 0.78007486989615726
0.44186272019573725 0.15607171096285666
0.51027387567915483 0.66529957513998172
0.23491247693064021 0.62904354401504747
0.39655869124009735 0.67145732995831009
0.82498605943150172 0.19348862029332828
0.83141931754500209 0.48044341190157092
0.17015998958696560 0.78504708029513603
0.13552168447759425 0.63597416594879386
0.45228787039886048 0.19784433256063377
0.97308806644492030 0.52373366221778772
0.35746856086525858 0.30944411300518554
0.17914967693419881 0.25852429336301302
0.76617684292311494 0.42407373283358690
0.68033007120940181 0.84461378967767164
0.07936323960545008 0.27372897041864924
0.09206524677327575 0.43814599579001678
0.18958930191089421 0.64437806762552519
0.92225408062876957 0.29566925041509307
0.26300349979695381 0.73666901411808550
0.39264389304256520 0.82690570704913502
0.77247827740602903 0.18114214707265422
0.38289685121753231 0.79245173300142047
0.39718241122613052 0.50806356607248093
0.15015566979798536 0.42901130474808491
0.55164760860955953 0.85541445451350639
0.82158484219179106 0.76454974274558396
0.87364410530701553 0.60696267215898514
0.54156858824950849 0.08363840257534580
0.32489809992300450 0.36157864813832358
0.32580639614510937 0.59718419350263185
0.49894874984727700 0.40215146715099731
0.76371825281273154 0.10972316264974749
0.79446590154399388 0.26513657887611630
0.52439127442809363 0.76665534648336464
0.92436257835135904 0.36239436026958172
0.86059954147402140 0.52947543579265099
0.75896418121137477 0.24067505321694010
0.62251280221142313 0.25569670226690877
0.82422414908154396 0.40561007278094113
0.45346904918536984 0.34559024441816738
0.46122901597030674 0.20901621900961950
0.59069075074661159 0.33439138425789772
0.68091859899416096 0.15215215649978633
0.30756687609035799 0.29759305618236698
0.56464542595561229 0.76166640984289613
0.29567219159726260 0.89524437105642296
0.75791900618092989 0.11265940399380314
0.26291828320192034 0.77804350668609046
0.42356416562931110 0.17834002028777082
0.74768596561770784 0.15973590149349903
0.40425238429975147 0.88115525187901433
0.50258425854702671 0.82135220652895780
0.61879032783215682 0.02778021024898263
0.61532225727027057 0.61652352675025646
0.20121445524795312 0.49986878910359939
0.42032556400688237 0.04845029524921337
0.56257400385222722 0.82068801302090577
0.43749376362525921 0.31766563770843587
0.42056776261086742 0.79696633616878498
0.81140359066626511 0.23371590859182198
0.33700723940950356 0.93767309701338375
0.73917383831527383 0.55032843847128987
0.58418886676260129 0.31398641020052293
0.57910935278497810 0.55616218228965586
0.27514522639032074 0.83024813111699669
0.89211955267890719 0.63470950724989716
0.72079326659037757 0.70105778110750594
0.31709605846864963 0.35648520555014457
0.23990008694514825 0.56071799601281402
0.55934437102604562 0.47660477286630532
0.55654049202512845 0.35668027971797173
0.65251525937919819 0.16748051932141642
0.90493255784577453 0.35470911932359461
0.64425755174481214 0.38091999266462834
0.84196136769338203 0.21176045587752695
0.73752059187259122 0.15232893879551782
0.17567455639430363 0.62877753159465632
0.51254795213530713 0.41599291572520969
0.19195296850404439 0.14687065339317312
0.68295518817918610 0.32679559255992041
0.79416943700683862 0.64484738830350763
0.63015383575609074 0.09137837997626547
0.12392719842339442 0.26316970275424068
0.78642509909889169 0.22739607760928826
0.32668145211597815 0.77954333414502819
0.92359993223922920 0.51629957982313157
0.36603291847907155 0.64021595635143891
0.11089423873610457 0.35896637106456297
0.51562503610935861 0.52979157556939194
0.43568409491867177 0.50222021191336008
0.23673064842215477 0.78098502996981611
0.53432223008052859 0.47524113973923693
0.61743460561297681 0.16767903309045776
0.66303870661930819 0.38031317921232438
0.25113165407980204 0.81363021124565815
0.44804888078131472 0.86167388211218399
0.90004610006216879 0.35079939815705008
0.11165804815336568 0.39397946111135035
0.30134614698553691 0.29980301373090795
0.38448903050455174 0.70325713969561621
0.48837422434033395 0.46748107379265724
0.69403801729196735 0.69015860273668894
0.65177915026733313 0.56738577312259419
0.21563856615933144 0.14173898673496099
0.54166077028108806 0.56902850897777213
0.50142290743682605 0.30138161693857879
0.92788981164478634 0.59284931205877944
0.17796166000779817 0.83043728761106128
0.55978961742229305 0.55225133385567171
0.80816371345540872 0.20547548431972626
0.14779457067420632 0.32026173737347829
0.68115035399302692 0.64875347816871021
0.83083774841402069 0.77181537579831161
0.69120016109456295 0.78549991553697229
0.55265454382545598 0.07119535835126277
0.53258086229590695 0.52144769144056335
0.38055256774488566 0.85864985322852061
0.23285757689237258 0.87905555289530091
0.27240180767958855 0.90923040354296858
0.06462882662206214 0.68923758148681535
0.91432672003079307 0.69048092426228913
0.90873301797270012 0.58917830083041733
0.43746197184121011 0.62121638736371798
0.08526761065921287 0.69348534947630947
0.73117072558862151 0.85629742261348696
0.23571370161510913 0.47101265853149321
0.08533003109941767 0.62985823600432844
0.21767753278409432 0.19081696755317593
0.62772984086337047 0.57910304187573547
0.50095541985740777 0.09888145835531668
0.67548709636986770 0.88725525104510417
0.07854655760343658 0.67658028641718415
0.32910596653256291 0.52397358232122904
0.11956793435976036 0.23428866648023852
0.11122068185227345 0.52026974793915459
0.45372392215532720 0.61978557074940877
0.43164936531984610 0.47626414778321491
0.85232557664419561 0.54127057491439234
0.10415618188295912 0.72032657676804446
0.50756745412339044 0.22178568304460827
0.47177315815871174 0.52145525293354944
0.43812371755182217 0.22424800100583472
0.61162745650263384 0.46661011609586239
0.59146750917781543 0.41087978647444001
0.12491300663158454 0.25764971479748655
0.40403836018328571 0.50870877726851615
0.22593265605989346 0.81130314575577422
0.89035393595031109 0.59642083700684601
0.16595695323239568 0.41406717890827338
0.41995458756173287 0.43010454258893249
0.46485081112315629 0.84596983305278728
0.72527989832562367 0.83831274813670320
0.67131015052011678 0.16196823985091452
0.58517575664463772 0.56402609896807310
0.57802615533911217 0.89157264300758554
0.60616195367222470 0.06127024933468702
0.54932751997081730 0.10058464349695508
0.58375758837497083 0.03801267264865960
0.47584329089582061 0.30711003841287110
0.63978742518810972 0.68164198605972681
0.35937213981005794 0.07858617617269571
0.65654853220156639 0.38231149834363737
0.11284842436610142 0.53993925478620308
0.18067077283904004 0.36879177884324038
0.53950791930685738 0.69468103360863054
0.81984928537695356 0.64219534399827483
0.05941918904297733 0.42984026866433339
0.08188573246131177 0.53358769860559807
0.48686872037401524 0.11796799280280335
0.45885468452727768 0.20066111879170087
0.49441513779989305 0.70226189541891393
0.03748687340426548 0.47661019522615428
0.78214349453790177 0.41170314173446643
0.89039394606773470 0.28652631893111624
0.41537883663144753 0.59730715599345974
0.13381318636876227 0.72160899523140309
0.81385727274362918 0.50340664910304889
0.40936766075555142 0.04212794788023014
0.25973658185374843 0.68045447493885547
0.08339825259686942 0.30267423335353688
0.23143671489486728 0.61035984248594288
0.18288922189188614 0.27336008039327997
0.07225965671136726 0.58821547222689308
0.07670008392378347 0.66613812488509860
0.39945066583745314 0.77159953919144042
0.26383193080698097 0.32938491893737354
0.47069075167873914 0.92781563847370130
0.67336749088031334 0.28914536803814073
0.25736254573615747 0.18389856195461948
0.54440718287311152 0.89902146773052138
0.37098326260344194 0.05852447065313976
0.59508757091581332 0.29693137787196516
0.30290425861552006 0.66299629738509858
0.13870697389237463 0.40581863296320880
0.72613195098338335 0.12296048459502007
0.48783407833771786 0.28691135275230578
0.23676586873740094 0.61772007884780411
0.40680362648640189 0.54508479049127845
0.22933970043740659 0.17491695169781732
0.22434652476208472 0.48055413337074704
0.75342705026253876 0.08147292671281611
0.04847619974450235 0.45025551144944653
0.94230302408498634 0.40102991807500304
0.14313808813025111 0.77686752344841836
0.14634727933581396 0.58770553984341667
0.70786614875662424 0.42443353892074454
0.65266614327556272 0.54990186746080083
0.63238001767733809 0.91054250189585551
0.81299196526780060 0.70393726033351256
0.10993020901091848 0.78317106690343519
0.49348780720217594 0.21978028145968842
0.17427931550762243 0.48047589441363070
0.58206024816614510 0.65791140749760213
0.13138400437722220 0.36917802362053809
0.25252572429082981 0.41756590114607184
0.90147455585490799 0.64774257927352052
0.15663592206971927 0.64250576614127652
0.44657598447652275 0.24030164478175009
0.19293294872482966 0.57952783405675223
0.27896576840086396 0.06919303165267994
0.33221617872460052 0.44408355538133043
0.29099191512089673 0.09327858457684343
0.91769451001716240 0.43145281539179614
0.66536569995413331 0.86789126558765572
0.21280923510912722 0.77166744949282029
0.20715608039757841 0.81872513776506139
0.42141280562455041 0.35173742618615578
0.45591327651501168 0.38714290796846329
0.57298540435203782 0.87097005826218488
0.06249341583558694 0.56649459988172179
0.55884924860839347 0.44324388948314608
0.22255782880594277 0.18872344496062324
0.73509005851516374 0.23632438438047940
0.34527614317953187 0.04784866997608227
0.07898944547509913 0.32607578901105017
0.71045957298944939 0.37845715623416931
0.28160791278812652 0.12484737991742889
0.92750718024951828 0.48178485077882643
0.72529467549890503 0.26581597249218314
0.74309731306727966 0.57425992665362957
0.76486503763051239 0.82478100820389721
0.72179450243197640 0.11877067590316256
0.16240865728931744 0.26301325594475117
0.48998684362688943 0.19344494070888382
0.10655688983044964 0.41658280503857709
0.89506727713240153 0.35444195410284779
0.59898839396149928 0.20514329763884431
0.21638380914934197 0.23214134462670299
0.66720819705331191 0.84491698819672312
0.29567962626379740 0.67656950563298812
0.48430828881589194 0.65185846175895912
0.14829124082154607 0.61938873547601869
0.36132769516178004 0.31533068668250686
0.60956116505735003 0.88145957113659523
0.38321857943699827 0.16053287959031987
0.17618986910122070 0.78299372186699845
0.25571745270094287 0.12445603724924072
0.53053971608790285 0.32594233083203267
0.18010442130785648 0.77056337501278926
0.64458528914281443 0.27039602901627935
0.71611178374986151 0.39771752513924624
0.51412486898415621 0.23784522715493259
0.32948288778089219 0.62528652718094324
0.55279381691308305 0.34596605997132857
0.46412971259778174 0.10133781502328132
0.20018826095424880 0.51367594990032572
0.70727871941772902 0.43924690263458027
0.42967370153903434 0.06464584734115379
0.94139673261832424 0.53381374227538947
0.65900193791961825 0.35547223989349047
0.92502460851247148 0.28660085265419172
0.68969768922319619 0.60802921055581327
0.61128223435356488 0.58313747588065645
0.15507392051352170 0.75455705154788488
0.69052416096726144 0.71776769909642957
0.37781276125728824 0.63097968723173770
0.67386772998511191 0.11001238723299389
0.08839254238956112 0.46587740363653807
0.46136224245246893 0.90779515919031650
0.61685459155244549 0.47069117122917808
0.57755955345245336 0.41067015328696166
0.58781852257188572 0.14910412581852583
0.62129563258705167 0.67132271332301174
0.63459852187364874 0.57766067273825938
0.29205470760411645 0.37133091304544613
0.35224089047874924 0.83911324563616041
0.20704737389875039 0.65477491385712250
0.58749139284985552 0.46116619379706331
0.74020740921111727 0.70735848865113282
0.59977978294546053 0.17647029549153018
0.39279122737167382 0.63593869351912624
0.24997769677441983 0.24503361475238586
0.05347262938829188 0.47223873561465007
0.86137480336048633 0.32862103501224554
0.43594700177082302 0.11619638709716346
0.77053662217557961 0.47061709051444572
0.53504192644713422 0.61179059602992925
0.12592148797606528 0.23314712922707317
0.27350692542944105 0.12706141370039400
0.34728057317911643 0.53752057496904571
0.58940851593853039 0.69254189849336034
0.52156179887491150 0.58493859291120309
0.65869767911440269 0.37428711862715186
0.81520743902453263 0.48716298467330260
0.70965316011785562 0.18858228522755469
0.82476438829271048 0.35904744970938640
0.33395700517181948 0.70121161388622066
0.50839798518828161 0.31922611344141533
0.43665377613575618 0.11001118848692278
0.33990446018709086 0.27627571024150177
0.80141965990588937 0.52595297258672669
0.33942172577349450 0.40707620032217212
0.68286023273281293 0.34788872483328825
0.55498430396867793 0.69130348424742938
0.50779040225381111 0.07238963053226592
0.24677086597891587 0.34045393309389327
0.34672781924911655 0.74426706681433308
0.44937544994969431 0.44276618250949029
0.72953049969675610 0.81929230856549218
0.79518586333650110 0.75856014751171363
0.24861913875789662 0.47841865563858704
0.59394263425297733 0.28347281371263239
0.04796853494508400 0.45941615607845188
0.29414119860518501 0.81378987174013351
0.11944449511648322 0.25867438390589309
0.69913711221169084 0.65988010847201828
0.27725323630958931 0.46947695002199891
0.78956584712171396 0.26039469664534498
0.81534953661814979 0.76529885913376638
0.85485139528089349 0.76425110556734721
0.22665993004258797 0.85551696299043345
0.11860155695634024 0.31139429175038319
0.46875438527172619 0.36908517879989700
0.53020896414335239 0.02529573254490428
0.56877976477802705 0.30092314502852902
0.80708335429459632 0.34912469277277475
0.56522490699258665 0.34867045444406103
0.37773942325838600 0.20679942567422779
0.83862429448250797 0.62612052033905430
0.12373997167135037 0.51436641008599271
0.41248391488278269 0.86168328889737400
0.75494076102382146 0.70526724547362973
0.66113352256110225 0.84179635916469697
0.68207927155082260 0.11818874645605641
0.50523475158241460 0.59597045151549066
0.31944662298006482 0.56412488829265162
0.55447312197417475 0.93623644082438540
0.05117880870194655 0.51518654193199787
0.77228192032870702 0.71155682033670309
0.29320341784452170 0.13585679143516799
0.23103006074468316 0.73507063217178836
0.51535207411732364 0.86968047873167698
0.59344205634828040 0.95124958037487517
0.12730898830588872 0.72678780342894578
0.57000572896885326 0.30788893453602179
0.34876778574729594 0.08877485449053718
0.95697480600662188 0.46329055626951354
0.37188500083387033 0.60735156233092846
0.09496914744306219 0.51425467473470443
0.22520892289674901 0.12460029345510885
0.17316350098547406 0.74719234294852765
0.76304017985234462 0.57730626413936859
0.91397830861320362 0.64490758123748548
0.83612920977406802 0.26592514547178592
0.67377620348912826 0.64330991672388183
0.86481156867835296 0.59572360083893272
0.08636326556936647 0.73925343439413604
0.31777104016882041 0.92786066652646382
0.56670238979321641 0.16852182049206946
0.69023309835087199 0.17518738481379015
0.30667105761442826 0.39502948135126287
0.28726831186507307 0.16093738785307052
0.43512324222499432 0.33571661851724321
0.31601124228580968 0.91664544510748425
0.53461808438891611 0.21842778457363890
0.51585942755381153 0.33874449813968655
0.19754740819313471 0.71633328933085294
0.68655209593239686 0.25483832009218077
0.64063223762304988 0.88700430338214264
0.74958796395141969 0.71299003738795985
0.83380571751919641 0.65543321610843741
0.74063806101387819 0.82781700460293595
0.10130988898997199 0.36001571506614466
0.65608910635288864 0.23535016554530006
0.71580859997586577 0.47960679746637092
0.64383087341346590 0.28763195083266763
0.47757888270875393 0.57195804437601350
0.78345092876835420 0.15817862905559760
0.32734225932936084 0.45757800841134361
0.37737354382418031 0.12348290003649016
0.16922179017199257 0.39532107120312548
0.49573418230456656 0.10273356286686876
0.58928859471880779 0.24400408647893329
0.47400298364408533 0.28533460895798463
0.41500164585479232 0.57764730703315115
0.40303237400526420 0.67433362651264783
0.85920096565632720 0.41807104085631119
0.41046479020788612 0.12099715216385813
0.41717880066379970 0.81317569941563350
0.59305913958467127 0.14302429660279553
0.80980016988160097 0.58044343416332422
0.16471044209795552 0.81795219409011288
0.24397495586612128 0.59879087953007559
0.15932647716860265 0.23793967082914497
0.03528867494894516 0.40138341920264559
0.51230830595014298 0.85556484050685144
0.37424667482322205 0.31839885715675059
0.54328931160217608 0.03824289125775370
0.53322498757935166 0.12546342967004301
0.27530567433037911 0.51725794636180999
0.17881005344018536 0.80590809444447498
0.22865494160909480 0.23556057139369818
0.58418021977449375 0.87824289134248956
0.20660768864045367 0.26882031467265527
0.45832814207266792 0.41793539427267012
0.81768608670439391 0.67223559466697014
0.65824241725771360 0.66144046884952945
0.81035136608387448 0.19687725119833921
0.94813700244978927 0.41355857213403913
0.72048553227485101 0.47041546533997297
0.75841056877427016 0.64301519124339890
0.59751180586924746 0.71997113940850477
0.84855267794153166 0.58736859384225393
0.41877806453678146 0.93862086924286292
0.38626958316785553 0.90211858882330054
0.32742105731812532 0.90390576283190460
0.18139390108332082 0.25218087891310087
0.40443192605872103 0.69493748223491281
0.22793408285256483 0.71635758607676181
0.41850459651972416 0.45803186042916449
0.15362925230687721 0.82335626680574647
0.44851474756505100 0.29862488437640622
0.15829226014054365 0.55137820164672702
0.55722251166145464 0.90164436599911446
0.84708387539156227 0.67035504314989769
0.53296119905040629 0.83706247582227622
0.88411954279990912 0.49117093434749609
0.53309384896919654 0.55854631964348711
0.39309768493359820 0.85283661429452995
0.07071429006593410 0.30495121999354563
0.73574272693452636 0.21274236483808040
0.15924622132406915 0.22289238193478469
0.13510760260090435 0.45873028477276395
0.72542686714671989 0.64211714414157817
0.21411021430712790 0.17263712805212003
0.58815129531930421 0.61528557064092626
0.39509052118505616 0.80023762745990434
0.56230272641408163 0.48959466018242953
0.41405885756957378 0.89435345743156902
0.66251537265751248 0.54212344426826753
0.49474067843478525 0.69526936422388186
0.54710645602829355 0.81801265414113333
0.39555337394921586 0.59732517406840646
0.59623026986463012 0.16969433963205874
0.68932978728417571 0.33664540603358234
0.44212527410712726 0.94919496011537874
0.93611965027825039 0.28668791024750340
0.50161048230958483 0.12291164339353679
0.35772926891509704 0.05580970120455828
0.35795239073515994 0.94039912978700646
0.21260208363963445 0.33096623180278112
0.65182722161273554 0.86832171372352640
0.39303493037500881 0.46518582454108526
0.45375625565142430 0.25249139321134967
0.63815159364758989 0.66642079742751625
0.47193502286842071 0.95665486154734292
0.68350811380923915 0.59520809983866829
0.60636127406589024 0.82033232479611784
0.41182137924858475 0.47723921653979695
0.23212218264636994 0.32539359802783452
0.71824203034169187 0.76482777437579919
0.10983147019885266 0.74137056911679633
0.22672932890116740 0.43583915990125760
0.63211145793517376 0.10565389197786600
0.19774151049714436 0.84677823881322045
0.31594585591908242 0.86455253880216154
0.58808065394395170 0.51467058855797521
0.38827465201850142 0.24044896019795503
0.61294155343320145 0.60252198732190310
0.17357125038447901 0.80262553459062236
0.08667218720671790 0.64678962911941751
0.70012626176688353 0.83416125172276423
0.54705014839160082 0.09451180598000847
0.35430803197735650 0.19354041058741597
0.51369097550280551 0.93435287665805888
0.66359877563546699 0.89730065140178294
0.87815519063745406 0.49538504998563548
0.30866163187887641 0.13926072825574015
0.73896559304065856 0.89619123022221159
0.73648216616452611 0.17913297638999276
0.62499873643535997 0.12595588745159964
0.68783665788401083 0.79179333199544955
0.76465395398967639 0.41047008607854329
0.32019491593165200 0.85206900272779629
0.87724805277680207 0.66442255179916265
0.79669658158864043 0.42850619041639298
0.49416158447098024 0.58387455796752874
0.14380380935658776 0.33953798175211447
0.52585217016995744 0.87966172367850382
0.53851892394030376 0.85734379779828274
0.05761894351435454 0.54295677470898429
0.78044480637837421 0.57099113086569053
0.77842913651859169 0.26816498805454697
0.08941998196967151 0.35449219105141289
0.59432749529563966 0.59499861456320990
0.57340935818022754 0.18505346469839337
0.41887244075500474 0.80546503280542103
0.60282344346437089 0.64637299161941220
0.37628453447286936 0.79438129702508875
0.69330592223313148 0.83309775714179735
0.63529789957840366 0.07527226582645223
0.52485625531796531 0.00799705348821468
0.50347406397721728 0.42700401657047410
0.79163006617725695 0.85272322827161517
0.90646308045581447 0.57180247329287659
0.86589497279674887 0.23496685501032549
0.67688110424134440 0.07867116568885628
0.70019787962516267 0.08136933170157770
0.26346784059395634 0.27059370800288385
0.80976394055564782 0.71526160697745456
0.31308520805792983 0.26326754943042718
0.75826474419678613 0.26920328686318928
0.51150449989690649 0.28010735292432681
0.43014833175754741 0.55787290971411030
0.58403531400328956 0.95208160471331149
0.80955012667626836 0.39060080521378809
0.34929420715668491 0.55041230910301575
0.88498328089670375 0.37407243957333314
0.60352811910853277 0.09613398644681047
0.92227717159514044 0.52881210074044516
0.49273485445971399 0.71659844851279075
0.36543776611355511 0.51818570633933092
0.83873044941861252 0.35749255293722770
0.31655641624615050 0.87751861620084071
0.32402744676577649 0.12904808295587225
0.54139173229033899 0.98125957610996972
0.47696761208934346 0.73344803536862413
0.41255171801630108 0.30696901467824883
0.27511798709550450 0.30752844684843306
0.87510112649006377 0.68387080544148837
0.75020949645206836 0.28983555097454156
0.42508185206824339 0.34639762541189850
0.59851794298319227 0.19097960253997837
0.22279211043028363 0.41629659041273082
0.84350139046895034 0.59384428713317183
0.09310882726759953 0.49111843060266419
0.79431592805850570 0.52646723462784195
0.55263186145948717 0.07772607729162159
0.34416853149459281 0.95949113865268454
0.20612382498675497 0.76986678061161329
0.84064653636173647 0.73267498863959490
0.14301129818349034 0.78562981578401836
0.53311625354010583 0.14919691838450244
0.74466417764505988 0.40286795980914103
0.07346772096761175 0.53950764080127678
0.20935334480156043 0.66957815152098632
0.80243649377787885 0.12920200344520386
0.59753862578902583 0.48841870341188048
0.51790685872161313 0.66134653464295257
0.81202610349074611 0.45869045945729636
0.14466138045118301 0.53736308168259672
0.88671857611234917 0.60320975004095889
0.91605757424505707 0.52681897414681045
0.49966573895594618 0.45945786952819884
0.93455136628573199 0.36153890239752590
0.28692870089006328 0.62046128470024409
0.13765211124563334 0.33558345249000526
0.16846915454908107 0.64038284703128856
0.71411267749990304 0.26053497937684189
0.76501580008454106 0.51576829797922152
0.26412762309301779 0.49510018112751680
0.54555534961514585 0.92162402313171410
0.73684266555001821 0.82250529595474620
0.45052782289506849 0.74423629555314530
0.21910139262503661 0.84579859524207301
0.15205201911368754 0.24264649960885687
0.79363926712308108 0.45285416917868693
0.40501639819667917 0.28540980823845286
0.55180175092163108 0.88779285070510294
0.11291830588605033 0.28157505164918101
0.23721465111045362 0.81752158821002607
0.42631710146687340 0.55242176889513706
0.31287585216239383 0.61497471753522182
0.17484417624081505 0.85671828141419226
0.66778451703958874 0.45568729774714745
0.76940652951869981 0.35433539780192214
0.13346920637065882 0.59157842833727725
0.62969377029369422 0.61085915158550819
0.68299195871060603 0.52612401466077507
0.25997044111026746 0.91231474570904036
0.49326925027675872 0.74501683930600093
0.73034333481389435 0.27307786451342969
0.55229838203298609 0.26415667245702412
0.27679330022173509 0.20701597369394259
0.37416585530745788 0.35908339781541632
0.29420738993514406 0.71054154120862523
0.35747961523930349 0.53989930511850404
0.72045219790020698 0.51252059597730903
0.65073394965684406 0.52395474291765787
0.38204215757515586 0.53989778837618141
0.11185401796722257 0.38813976034092684
0.77821970200217783 0.69561697856367311
0.39855536267280267 0.52034402222519938
0.51515640079989578 0.31822202978150976
0.40497532030683742 0.47591109353995870
0.27803867136501098 0.60370696669530266
0.90181889332606757 0.32546793312202343
0.06181359804917113 0.39272842409428504
0.67554970819659588 0.47840537394581739
0.35729632167199282 0.67263535620214088
0.70297193103498956 0.20119774298735704
0.35287462027800914 0.53403788115003148
0.58267362297812231 0.68549440545164753
0.78829974639203426 0.40609455207834005
0.68214757150403960 0.08852085323828821
0.23297538808411392 0.15125572024176129
0.61340542932508124 0.20294569728529327
0.28003838820202387 0.10295627588560566
0.51124489259507222 0.76585270875264433
0.38309856207000731 0.49222524126374473
0.24668813666599260 0.53155615657512201
0.69763566753636508 0.59542441813027891
0.11481324798078681 0.68864079608298379
0.26299302501318522 0.45412297951623309
0.27474645405384795 0.14791038937682535
0.60590432242772796 0.73776991991951257
0.57400286890252461 0.51313996231844339
0.46129827489344510 0.74725611970950934
0.30304674403410559 0.40836383876627286
0.12799797228970811 0.76081378428803847
0.27919959333058458 0.22427923925955159
0.69342394314404032 0.58173888069318536
0.48285022476370848 0.61590383757746459
0.51870658962106619 0.27950774664502415
0.91574047417786453 0.27031237328584246
0.52770639417904996 0.52555275919146216
0.35017432061162357 0.92573951262679555
0.77587994186221532 0.55867683963089876
0.42831074612837672 0.31769916693795991
0.05170879712861158 0.52692939859033816
0.39034974047709714 0.21101278769171303
0.53826398673046993 0.25207228273231325
0.56220464820459959 0.48250243293586781
0.58899717321173273 0.69903241100470248
0.71575272385062005 0.72343762946483969
0.57422721082880790 0.13384492039672774
0.45285690749621471 0.04208038303271890
0.16024456757655092 0.45462041169378831
0.44455298591201098 0.08458791930407532
0.09807933239530804 0.48718763029856021
0.45814053300241553 0.22885634099175040
0.41254541386387439 0.31464360756216325
0.48674448631614825 0.16498844555858364
0.33567318119324152 0.22967547145736672
0.33154489065930542 0.67296436464900511
0.18155563354802914 0.67810928144401061
0.35235679268005798 0.94489866596052641
0.35646394676307952 0.92430418495509281
0.21970465412028362 0.20633441820187984
0.71091471435405496 0.17504170323194471
0.17615617541333203 0.21671178979759811
0.69207035818495077 0.21866100844742670
0.92256386694810244 0.37735130640287384
0.26713118869760571 0.62471234607348891
0.88662733910114766 0.54555082693242163
0.30015864605139897 0.17414489067510677
0.23300323915727972 0.20089184973073460
0.48155880531346618 0.17207495864931668
0.36797511483683265 0.81379018254484614
0.89918547135849192 0.21607651197432498
0.31302399343562615 0.16860790710837112
0.41080193743203358 0.11367538175966048
0.17715692809763089 0.68290726720524575
0.75319422151330628 0.20590933191482355
0.76159957171910297 0.43964183407756002
0.49893103247339038 0.48577795002375174
0.18501890286829920 0.46931506143404039
0.87420271329043309 0.40484933152276054
0.48945451809925972 0.18607658051232714
0.66857136875427059 0.85811065245985774
0.57341513703163849 0.87857689011619811
0.27452724980122362 0.09986189780614138
0.63569778443438940 0.64585731170433047
0.03772840477934801 0.49051261501223065
0.16572439332905695 0.19505487961716170
0.30670479748409230 0.08826111524264774
0.31369787868389382 0.57919714220066354
0.53390458381550265 0.17651176076826056
0.54139524088471436 0.22238578565332703
0.38748638214234232 0.49818733590730335
0.19583606178896454 0.41796629246586958
0.18665651240596834 0.32180953644455113
0.32653687673705584 0.22383572781741826
0.92698169758011439 0.45637417450706280
0.50330850920321546 0.81353525975716923
0.72901178202193706 0.83323939635564259
0.72728782630012323 0.67883370599034132
0.29310201721071738 0.59508699323168712
0.29502898531041361 0.87300556394577977
0.30136706597482010 0.83173403938287715
0.72318165982665150 0.37259201633307676
0.89793922127500403 0.43185408829517724
0.06818390837080626 0.42299233697592115
0.53190114339777961 0.25683819081829418
0.30533249414496655 0.36985494873360208
0.83546397541922179 0.15210207009912091
0.71407059121112471 0.47244405865141359
0.58606649590950732 0.18637496554455357
0.44454606931274226 0.69380284831946015
0.72001660427813141 0.12473932552030177
0.39598457587635283 0.44720337675541866
0.30105108945190928 0.82373142677552635
0.71100069021630585 0.84010153524288034
0.64415217739981112 0.59653114947859642
0.33359645450272196 0.15743465736204129
0.10845509261085629 0.67862490259644959
0.75002033862584427 0.39290083201130915
0.73502560130636319 0.31765243887314276
0.86621918780680018 0.50249694143477630
0.64192180588606729 0.11378245990204575
0.61420174557364116 0.74834367036957039
0.63021041653005994 0.35091581994640897
0.53526030703411687 0.42026859842709891
0.66853769918286565 0.13120760207767843
0.77310709055278659 0.73756905513798987
0.89967170019918374 0.71906417645520582
0.59956766399541861 0.75103194212268765
0.68540677852611953 0.46835724519632177
0.60736922680494010 0.63232643353465523
0.21570098877492580 0.82729512133115668
0.57135740090277498 0.20701935966308091
0.29661082983110165 0.57513838536566453
0.30595144302976751 0.58738716175021721
0.35665751975817495 0.85601741062014403
0.87520185382421256 0.56724316750346504
0.28385220940743078 0.76306786211661726
0.60137322741488075 0.88225636728293921
0.66373945297257653 0.70279522213804002
0.64217317991105805 0.09132068999032748
0.65164775340441450 0.61516045250081830
0.28383287303322419 0.48359440636450557
0.82573305372550332 0.39908661233015696
0.39762001667401109 0.28806293656482396
0.92156984938802622 0.64707625739290831
0.54617387027318143 0.42856304021901215
0.07745050753948231 0.51135799908036328
0.55204931463405937 0.94773420663122687
0.57948249513518724 0.73505529398230851
0.67885477036416808 0.88142411834394929
0.10790384366406612 0.63010040670981848
0.45160983994428849 0.17507868773036894
0.73947396265772414 0.23103165854467900
0.94436925197647514 0.40760916702264838
0.42681236149300122 0.37430975894573215
0.67419921032756369 0.83613730963247723
0.21833218366197302 0.36972429599851619
0.80890312566409350 0.45224391176394374
0.79494989712206210 0.18920219910013808
0.68578268000189180 0.13218322217380626
0.56150414810171745 0.93792685707355983
0.41427643351157839 0.20990394953236532
0.59285173554134796 0.55896505980537670
0.77196536853449671 0.69344846427278339
0.34815738896484943 0.81208062312790030
0.61288738008271704 0.50278510367498974
0.17172098762947219 0.81443789213611140
0.60865203550431402 0.53919769550720043
0.02936346463592515 0.54991995708870756
0.77225217853252759 0.12772881299242939
0.95327352007911770 0.57451319795402545
0.47130331657240138 0.26434658499634045
0.26062837687522578 0.20677941292141175
0.28020832890516578 0.70387158565477714
0.37047090913642600 0.89009939570420826
0.42570920031240267 0.83719150523285646
0.65944793878026542 0.06408579307906445
0.13675647642043806 0.48053316402250867
0.46216367011979687 0.09209624393768071
0.56015674762182854 0.71472078922849347
0.79576018960702455 0.46720816478131061
0.67283468976649852 0.82967958162700584
0.13315577661641861 0.56455027141672420
0.04581743495879619 0.57190352992054960
0.57246286782781719 0.53819808757619836
0.57043336934196109 0.15652425651911009
0.28511094421637168 0.38142056121107437
0.47590395947769981 0.32838061572256783
0.45671313278015330 0.71309908439642600
0.82274341242735238 0.28232874738882652
0.08595502425926864 0.69918560984387634
0.76947205167188348 0.11339072023968751
0.48565877977928479 0.54630922044146513
0.75948015956272774 0.46110155337492603
0.14082757366307558 0.50057191222402986
0.13755771515557483 0.26576971768583074
0.26797292157634905 0.72270895438650118
0.13064905015103798 0.62372878105659968
0.72213875901767588 0.43774806237694364
0.55355879092331373 0.55357662877203095
0.11794292962269659 0.39212907029373767
0.16694328340530898 0.21178771282246261
0.37423333480817467 0.26038280409427689
0.91755962167168881 0.48746371730382121
0.30662626282664562 0.83648981639524755
0.15950643138638884 0.27254912235172629
0.23313694669335502 0.87331681955912688
0.14418259235008926 0.29028867730804209
0.45925955401172441 0.83050573646052184
0.29222754735558365 0.69648801023089302
0.21894222643775405 0.12101374562759783
0.46281013327951692 0.47940032480775963
0.14437867246611269 0.42022726565527924
0.24775486646679226 0.67384993864990572
0.40864744258693769 0.94247818301841102
0.73340454937513289 0.37689121889799648
0.22549449557509349 0.33788191482409691
0.10009113017186495 0.36512796535145819
0.33029971420011522 0.54846898840163327
0.29773160081278260 0.20640626253721195
0.40746884663376776 0.89449474025941544
0.38838085141866774 0.56437531890534964
0.54832244707938582 0.21934349174526960
0.36432693275010258 0.29319106933172806
0.28020007919887069 0.40689772760801896
0.41316065161128196 0.61199621979604002
0.44018903621056210 0.42494402689816008
0.24144830253895472 0.53853724101258660
0.38336968495856105 0.67815760785740842
0.42941366897032252 0.29524171000535099
0.24022492396439013 0.53141286506171170
0.21496646230958130 0.63544446302176927
0.78227373089455554 0.11966771838801012
0.57283669063574549 0.67475336004658282
0.50833800432654352 0.84969683403471119
0.21495944619809065 0.23850091159172537
0.38188559552866969 0.08734375032721049
0.59438617943616223 0.86955287518373836
0.63095145113326001 0.03249067524738217
0.35654849962435453 0.08319725542513806
0.74549826111498563 0.48374626166599510
0.36330732910244973 0.34210810529030661
0.22921072531981684 0.24853820177025862
0.89990024806354552 0.46355044578223242
0.06075072231374080 0.55707884341033920
0.42662166859766409 0.30968309977896097
0.30081947685098387 0.45864649453034501
0.35476592547036456 0.52606667062810286
0.82264254813304849 0.21805213494437670
0.35096638903473987 0.56384160676346418
0.61175351515936160 0.84811229786904319
0.45503784044424322 0.81599165251496220
0.05139500441690632 0.45498611030211805
0.78610847005399220 0.42882916604452398
0.32115323136321872 0.53568774725154567
0.36715774758769071 0.24784444075519924
0.37462061775097538 0.85433499285921333
0.46193688508117581 0.29984419603683349
0.30089902339435948 0.18750281563624102
0.19741296725064103 0.19720343009808891
0.60202828443249201 0.75800008092728410
0.71464645577148578 0.53299872870477150
0.10491054647883749 0.30241096698715475
0.73952667956298712 0.38189004127355625
0.63804224415101041 0.25407216058405707
0.30935419964560901 0.75632605312596557
0.40054482494816857 0.32380621963320616
0.38424305905439893 0.17415251819047356
0.22565262037225003 0.21033439899545919
0.21956866100591832 0.15782394819390710
0.31299216604270164 0.17512677145311636
0.07808030102708333 0.36992757459550196
0.34996595346969595 0.20637512377637104
0.66290410983322190 0.75727993600233778
0.48898958839306311 0.56616976329029423
0.48505168474335014 0.46194282207772097
0.39254366363512921 0.13394231866899342
0.75795451199016461 0.51861173588231901
0.36635883734405356 0.21996898734080927
0.15223837821697889 0.64727428551816990
0.36060813527484847 0.57481767615732904
0.54078063235631724 0.52938411225694293
0.20399328061207961 0.20608327031446649
0.11126115631560528 0.76512548876141107
0.25349949131547311 0.81972328520892357
0.39304327796283867 0.18098802288777113
0.10606274769351552 0.54394237073894025
0.04664398106921621 0.61863816086297685
0.16086596311927562 0.47877908956176485
0.08109704859329378 0.45115457727100233
0.84662078656964701 0.32667314369124040
0.60943203353639208 0.53198697348721502
0.82386378530742932 0.67324599924498796
0.11569697282842484 0.37293358900808360
0.25082286150231181 0.50927370899856028
0.13995114168464745 0.22912178218695539
0.54536411099780346 0.29958097780611048
0.41393266727621203 0.87547266238227972
0.81878316346532753 0.43880650262980092
0.93812400151916564 0.53979024768789974
0.84092834836207853 0.68908273737882308
0.69722382739479072 0.27335624827963229
0.41039473576837893 0.45148204475763493
0.47468291278380159 0.07247941896406450
0.35783711999976231 0.75232785625427601
0.79727225833489046 0.69052463740821701
0.32158434630939631 0.43569997014871903
0.53053764670416947 0.80920475583342322
0.41315214201953093 0.63822472852602530
0.43912804190599142 0.45931648295772642
0.15855782032774057 0.76471991281264928
0.22357285797249649 0.32138207006856762
0.60545746428488056 0.62598685947744481
0.44916450312156225 0.30589647208072351
0.53736569335746309 0.40328235787461980
0.45266508215759460 0.80063722803877813
0.35612965961778997 0.26825386310746158
0.56084141084568040 0.11681029628102610
0.56351676647318372 0.85062661331510436
0.64391797602462131 0.32700354876525178
0.76532664089329616 0.58430652369630820
0.65660589305622186 0.75955219434301269
0.60045692858886890 0.13174351024927086
0.13338168332566458 0.20573946161552464
0.34951128599660802 0.92004237906535824
0.13913760022445210 0.78077019396197933
0.37118444177905457 0.17059597321443412
0.83616293823437449 0.42009868993405519
0.64481167163717712 0.51726899795435954
0.29975705942966357 0.31567103620672216
0.18522122943881211 0.74071897744275295
0.67201339308910346 0.56353534021697083
0.62535859886141720 0.90783318806833879
0.58776246249729480 0.13624007089281664
0.34308728968471569 0.90368261713328346
0.70438984982364827 0.09242306855348321
0.14455001964935452 0.66538108435964161
0.35832574512289878 0.64671576702572531
0.05692064737528392 0.45667150021749719
0.17318788522020567 0.74025773856893262
0.78110116710633759 0.50323648670407084
0.36544463291082208 0.12474063986077834
0.20617854356111021 0.17788375374951995
0.07320870398304269 0.66167999707535741
0.82826352479411092 0.55300762912726453
0.13068934310339586 0.70423679807621220
0.74171943995431966 0.78609472339598507
0.46826852500787636 0.29636224429299957
0.35813144429923882 0.18735226105860017
0.42423715700986298 0.81044766873783114
0.06095359408066417 0.45353262236243985
0.65894441950543770 0.40899391920474554
0.03759436662433592 0.49679864574068794
0.63020607445240673 0.32259035524724655
0.41603710567414631 0.67900366179684701
0.70638315164869003 0.45399279523921959
0.41954390321339391 0.38662601493910848
0.41228724508598069 0.25220113290377322
0.29735115177688426 0.88960524715401457
0.44669423771790334 0.56726326387621884
0.17824948417274350 0.26922541974287001
0.36872433981130925 0.09352486585266818
0.29441209720519285 0.82073416331841698
0.63885804165262039 0.45130660359279945
0.41721967836648338 0.34514878359152990
0.55481866439977101 0.09678948562023608
0.54473627708403438 0.36528694324182132
0.67603544662530335 0.59565977775683987
0.60695140699175043 0.21124659939400464
0.41930599001885327 0.03185783642708524
0.51674839641431958 0.34540426015681491
0.70504047996927888 0.87160907757275174
0.34332085641865129 0.62840027951092892
0.20111711141827479 0.65056208381443481
0.12663687473773225 0.23991273103427202
0.89844054009998242 0.57968107666053059
0.39102049644647474 0.17408362690620444
0.12391877210809144 0.31227470638674548
0.57538327265269096 0.28782704552168220
0.83411234911343668 0.49292836625204783
0.77541192115868773 0.30554430693859164
0.52682607342655385 0.59032510014940842
0.38680997221816427 0.87057524533565422
0.22471530262097472 0.62426668928892637
0.20322099864740759 0.41889561800045888
0.36001161550587624 0.68476395265941781
0.61623290161789357 0.49615311581562244
0.44757363725570221 0.11914378298208010
0.06042955049819215 0.73193034561510950
0.83534980640019452 0.29818214312970298
0.39587359167632025 0.04749537379673918
0.55744218688504499 0.42214084146296904
0.20401724015135825 0.30581309878344054
0.69535811678265358 0.07630664218924420
0.90432936647502948 0.38478859332933762
0.36379111721704832 0.84494723293893004
0.87341796700816043 0.19305324627966980
0.51222717274268459 0.65221445324957483
0.52535912190359513 0.51898402673718858
0.65132112699346134 0.44548202755346056
0.28133570612619624 0.64598849576144435
0.19978506688941358 0.83498853136472118
0.46985501789507705 0.72998305056579915
0.46545677391715856 0.66812294976979791
0.67029790591856475 0.61706602657300147
0.72227587017390693 0.13563653924838442
0.09822151550888893 0.43996502273445282
0.63399849975876132 0.63077077172972484
0.44849959899116965 0.21161437094036187
0.16597373075368785 0.21717330542709959
0.70610699131324672 0.12675668297688347
0.13540396964927207 0.36371915272422933
0.50059614242365735 0.50033133113738970
0.88712884646556645 0.38822280029218420
0.52090309434520199 0.13310642492406041
0.90232228708788309 0.50680052293193756
0.66915448948749479 0.72612686441779273
0.82066800894338388 0.36523800795129524
0.22886826610991981 0.31126491150412661
0.56010196358860831 0.78094276137398622
0.76864831712393444 0.24789570411679146
0.54215512360497775 0.35932346064457382
0.38124690637488512 0.05351938157862297
0.79205228709882414 0.30847674332922809
0.54070004349606993 0.12334209116296510
0.31918315240995260 0.59599229918296892
0.49577376251537270 0.63813491715614779
0.14026416356491167 0.79075716244010508
0.55200599675100737 0.19757247718472368
0.76960370368923658 0.67858249038050977
0.69998834754152350 0.16181243236748885
0.50744864297566161 0.93426272082771489
0.24304949272227314 0.14899252784773859
0.31434418418030519 0.47526174328829390
0.26809759723545323 0.38342899464497765
0.89854872610161118 0.63583559544058343
0.40322385411152833 0.81857959505824263
0.05185174581634624 0.42085161742584859
0.87625133362039920 0.25276553224874854
0.29575740291244534 0.72572192349113862
0.27780059240655175 0.85513404172418050
0.66946815354597500 0.13755324499045171
0.45153005874861207 0.48729228122005297
0.85961225272703712 0.22079115108657890
0.16776890808958098 0.49975436865279688
0.57077022067791694 0.01983320761587208
0.72818048350733044 0.78307839450231742
0.51258754053477618 0.68800942870723381
0.88126015573251804 0.57904461878623070
0.43546365904416451 0.24646555086401434
0.51955994780246384 0.55374860299997597
0.68392619340508309 0.51069102339284966
0.56545844407426571 0.26369330786147938
0.25276938931816806 0.14530241951592468
0.83907965555057862 0.22306726000892688
0.45419475240902041 0.01449775796700831
0.82635824382569290 0.75942883489630408
0.40740196069237000 0.65321779872444219
0.52653147609412432 0.49183163101066757
0.38597571567263800 0.86316793111893442
0.43110482696736191 0.27088179849005517
0.89555425291100510 0.53608438181077867
0.88931635344394866 0.68469702498747309
0.57566386207493681 0.51957584932242185
0.43319112384626979 0.83493499876119404
0.17804500141749058 0.46750407245747666
0.95247046684026682 0.37049634499213152
0.91025256028434787 0.28115264285100594
0.43526320224566406 0.16547276278592302
0.38884435446787574 0.79817171984894131
0.46738494098686828 0.43811839138845204
0.71066176979396400 0.14040161944192042
0.21606023917259098 0.25283149905518904
0.32050672683083503 0.20556695579754689
0.28563129349860972 0.37352323610696803
0.47890657506879786 0.03477594651318532
0.30723343282968785 0.70873777203284227
0.07656587585546905 0.46021263358909464
0.48905174211983360 0.80417748576299841
0.80602025320938508 0.15184070537001473
0.58509163919297824 0.92483624204689097
0.11127420822468508 0.38176426646215195
0.72460132925223109 0.44436805562864728
0.20125025601350882 0.13454808349374794
0.61694723627134185 0.59649402638544191
0.58746628305881232 0.31978644840329612
0.08997291259262484 0.48608341235618313
0.53970523918269986 0.95049510179214070
0.15774666258211056 0.67079527990668431
0.45481844729476884 0.87662804376395576
0.84604772899313074 0.23793155262274568
0.24779722238278848 0.14523498312905569
0.12339536580299322 0.76503897969326939
0.35352563820302507 0.70189990969109173
0.42958045562064623 0.92234816846353151
0.60111376836721264 0.05871207060441237
0.37974603676915825 0.43755670160069671
0.77008513600276418 0.83471241082862235
0.75325331011625474 0.76240382925083627
0.81524633839619776 0.60583554414655494
0.13160896100469338 0.68142140279677965
0.57152223985159922 0.41337778549802090
0.29953446287037910 0.63359180087808553
0.79197552924082637 0.21481298424586190
0.29713828518844293 0.24396948840126581
0.74672508204515387 0.45310170973490860
0.27730095361478957 0.55653706342848464
0.15383068894806246 0.38509928291485679
0.24552780092808274 0.73577338316930840
0.76394086114914761 0.83751305042872382
0.29880423159763142 0.88359154633026449
0.31880223115470857 0.24465217043387358
0.38361309961045076 0.16736244458919267
0.45631465469456511 0.53153990463090039
0.16291940917357214 0.73143912327020910
0.90323865067441778 0.37113458913020714
0.70004694718658278 0.45703321745777387
0.64442910899138828 0.14728295813375425
0.56341819870027754 0.66622778967115981
0.59440203998354157 0.91627700976017989
0.54911597943034807 0.48605505681748606
0.56596450978411472 0.36676998310827752
0.42257287835448304 0.68186190286016268
0.43563455175013016 0.02471952675193799
0.73706891335455793 0.22458268311702617
0.66441628968170241 0.71123653901448769
0.41788994019383785 0.13696684462082967
0.37345243877050432 0.03749888310537610
0.69151072840373395 0.20505585457457284
0.54272173060058926 0.10974529586650475
0.43905129448377572 0.86918811986026212
0.03727477730941763 0.64045342991259235
0.20178378710662187 0.38148834336877047
0.37060560319201075 0.73501850843001537
0.34589891127216610 0.88970173096850569
0.50109678830937721 0.42053103154171656
0.33696883469362815 0.44864743501377841
0.89156314589090113 0.50792361094025595
0.46564417214260695 0.13875952117069715
0.92376712292028229 0.60667163585608919
0.27900847200140677 0.86378410930055483
0.54787767328889214 0.86141936775724093
0.87715494836507601 0.44711735915419121
0.40138224845896603 0.59162789490415513
0.23799171189333598 0.09732367303327256
0.67389165862638023 0.25795873538126296
0.22140277283482260 0.61823374405320641
0.79670384911264858 0.11369336148198431
0.81763485095369459 0.74100493387084831
0.25118758562264598 0.89912814489173520
0.81382687076647375 0.22126337641498267
0.85959102125047337 0.74314380736430297
0.81584591137666007 0.56058366414246119
0.16274649533216315 0.62075442605235343
0.56705151659203956 0.87718180260231349
0.61607998202235792 0.57801089462088329
0.59606172014867098 0.50008037979073006
0.72337539094550962 0.21844316797920954
0.33812753882504926 0.56808828347186613
0.49095557405187623 0.76599535777578487
0.57908329873015185 0.35063417405975106
0.76646336372950374 0.84377129483242130
0.30212979412403979 0.90747705779990051
0.67486792326072897 0.68123068328406855
0.40249242939435026 0.02416593151198451
0.21238926389180857 0.72898548141004960
0.62895192687120649 0.94166771914746361
0.59605936903533874 0.36299736072742306
0.31184728837493791 0.50104333392346911
0.69730294134865978 0.13699647774158627
0.19451785562587412 0.50181497271518549
0.42756913088517629 0.63302222474327241
0.23199497605407113 0.56440506717997141
0.39426571676950201 0.31873496909619753
0.22572076258727619 0.17070810036953402
0.31092860860317095 0.12287020152861765
0.80804749919127750 0.82608263334039300
0.60653397309555568 0.20452540946918218
0.11152663645329364 0.44150260983785317
0.45317465723405653 0.19006344935993866
0.88566362353746098 0.59134564943281664
0.22783827564251113 0.42115250790181941
0.09930463565498597 0.52643621446018629
0.85397918686362728 0.72091861612614816
0.71715623318198740 0.41832331346927576
0.53303991295268605 0.69231905088306478
0.47461423565668115 0.06669740545746200
0.43568749593868888 0.79208600911781635
0.07225846191241571 0.75433676446742870
0.66622357537436638 0.21433393708415083
0.39066647813598399 0.22136374831063541
0.28833426677865548 0.85412329672434750
0.42014334173150686 0.64222617253365211
0.62421433014821825 0.16685260075076086
0.24279784911738422 0.11275240551413009
0.42868971665608357 0.28791086202327765
0.66401092184468447 0.16133321397482958
0.35501469016573922 0.89974999638723807
0.60603038017515054 0.03803767681698446
0.85176169727863071 0.36364436897438840
0.38343426522335361 0.45037528482095229
0.64498922036347928 0.35890744995159002
0.64160100101907735 0.69500394266551002
0.58900972009168895 0.39003608042589127
0.79740514829820297 0.45881160106408719
0.67436324266441172 0.42542068044596332
0.72865048646826791 0.39293089012498411
0.94467243524124467 0.34089374694488234
0.79604673181564745 0.72705012728775531
0.74386099135733441 0.41701706010787493
0.25397867572640936 0.27707869982662603
0.41187934701920509 0.45786188726217919
0.68184481092182314 0.17556835192884135
0.12012857650277019 0.79368506912121395
0.37537627641864485 0.86300101229113202
0.76598976977485289 0.24146573690724391
0.23220473940165837 0.57479156114779029
0.59184244191439084 0.48502363413848637
0.69693966571932831 0.52739244776483041
0.65305339699549991 0.78755412119532797
0.67099810248145508 0.57013384199503592
0.84031244790896742 0.51495737367605599
0.17474741987631001 0.38255529332540383
0.85859055672724582 0.41153618844502005
0.80982586337702667 0.46517722906255704
0.54760993753944787 0.58676747865923662
0.44906132052788345 0.37385103366154537
0.43680525585150226 0.95294525138034880
0.45620912436304528 0.79494630985107595
0.79814017377449453 0.73622870521148576
0.69804620297919018 0.28856395011554797
0.13764798094592576 0.28885803657325415
0.84168438885369301 0.48479609989365374
0.37957020791079266 0.22131351779459099
0.15548513466111272 0.86251962845928276
0.48824864715009969 0.91139862725625709
0.73970209197745962 0.54359406762158480
0.69459439758450925 0.75253304111448671
0.26004157044809356 0.52250035578297005
0.13330481065977831 0.75821800198193567
0.12694130433501113 0.71003531225566296
0.64346935892718726 0.72834741720264706
0.58495047575230363 0.06181709872663731
0.75637099209515501 0.31131674695940054
0.74323076577509040 0.86326302261131682
0.92344950167580775 0.26350819443064205
0.86460054909506412 0.65088558544121466
0.28328832586020469 0.53665434988802274
0.59134140176431915 0.22225153218798741
0.59984069158111419 0.51362043467809426
0.11917034876875444 0.33271172062544430
0.41478152102767424 0.06859807857037627
0.51776249746434821 0.38649214963490441
0.22430015918384391 0.80083770659074938
0.71368769110989716 0.30179348819305035
0.11913946127487465 0.33866266873402329
0.27185359751102456 0.39580816807932356
0.54127597851939580 0.39787342715280805
0.81077198408457130 0.41114203845283337
0.82260594227151052 0.73727902880359819
0.90763638203716146 0.64933929376308652
0.36581896367736877 0.64717981923334833
0.22881311052705941 0.65253476644266117
0.32675114431941527 0.81473808712670837
0.41177048214965772 0.13448978341680484
0.19080528851724995 0.62309244711192657
0.54765144038899971 0.06176443397231828
0.60436895636699617 0.72078772448437189
0.77281154878677905 0.81523372092794288
0.58133125153034926 0.54967716609326900
0.84657904117949567 0.57450505211142233
0.74375815152073799 0.75063178038081069
0.56746210170334632 0.47800283280447653
0.20717384188436058 0.15617210740102799
0.74277967525326483 0.70057879868659445
0.38087692187025340 0.13037152509681180
0.32890516274535769 0.89711844799450113
0.86763151144647754 0.38433264878137963
0.43000059445841454 0.04003507133638907
0.05885196058413272 0.48572660260590028
0.50320209993226961 0.02580233973860320
0.11889477930025352 0.57895928737041036
0.54770225269224126 0.22643744912617303
0.78882551406321877 0.27711378051789770
0.05585240578500401 0.63226416611299274
0.31820021949482025 0.10499579706269437
0.37220004492774644 0.90606638516687021
0.14033476446943668 0.24304270539302353
0.29087208468292342 0.86019083596982471
0.64273113690635131 0.84524420170306047
0.35886290112828484 0.40094054635046461
0.59080793231176387 0.82857702609692485
0.20864879456665708 0.84330485482674500
0.65042065921887715 0.76312163161021096
0.22697268591073796 0.86656099468943937
0.36557003329942123 0.35449994736187540
0.31033606131794217 0.41886738233941473
0.89360238555675575 0.57336971461363095
0.63093557530109690 0.19427690982077880
0.46051315820844685 0.39260670716134982
0.05239368254804840 0.53334147506898566
0.82394715351315528 0.62386821673705906
0.48941029431501154 0.44365018377883020
0.52948914692992932 0.30491374062270921
0.26873251128137532 0.53889849971602211
0.66630395475648019 0.29055890206469570
0.45092730409421528 0.36548689369338028
0.66202558702901249 0.34943775373570246
0.22786923702582060 0.46621202011792984
0.17562087823579323 0.29856207843103061
0.53824002726606734 0.70827629426873284
0.66155349666120433 0.19540379576324529
0.79799594732697987 0.17254217696033450
0.73466096926142732 0.78219482352802483
0.32765042864049504 0.09431363138509298
0.83153678487394955 0.40721594815456819
0.54063448236370726 0.15194187519556052
0.39583226044215813 0.10913747113930880
0.29423063948374711 0.12930110659962624
0.62228694779178606 0.57502941610810276
0.52604339146605283 0.78821273744796516
0.70711239134433823 0.74684977582154566
0.72111062074908816 0.60293536766990563
0.76287268053712920 0.69669685658386682
0.60387456002304774 0.24704733259184422
0.49688100025231718 0.81605304638605447
0.52385443943169618 0.74333842777879178
0.14717478329646358 0.69624564217462304
0.09856558618919890 0.49513809320180407
0.35179524615039826 0.88811156828887505
0.63899854678061674 0.19214883273979483
0.45485991448007868 0.29478660361317643
0.21190607552332968 0.40747588069710755
0.31545070212881077 0.94225840996781163
0.89606376251670772 0.30340923985733331
0.13265643960280643 0.64182111377408702
0.56557828966765689 0.71101120341632440
0.35800736552673745 0.09220475094201758
0.64092067338574388 0.57542715606543449
0.54043594770259951 0.87687032906099194
0.47515157767927912 0.57886070609128071
0.50604231407526368 0.94560578101182235
0.21752808526955347 0.42065904327467829
0.30103330933602029 0.25722688323937321
0.30002248583878649 0.06920902022205699
0.18662890289965495 0.84071045041570891
0.11439242735047411 0.69990647563189623
0.47437442676016123 0.75193155556538971
0.19800693550753259 0.62324024639466724
0.43069441014494303 0.17955099259642679
0.25754052778852959 0.13694862614331008
0.73680467816096529 0.25877994974130925
0.62882417817805436 0.16121507658049028
0.26019825338430258 0.83815171427072388
0.83363931102853372 0.51304573341001947
0.56117160677741507 0.36154789209063204
0.30726554179878307 0.30530078008674078
0.27269633396223819 0.59058721508039391
0.29088234878974706 0.29139638986892230
0.86062999686909403 0.79522181883407639
0.83834631801737780 0.82256989568887195
0.53816265082227821 0.32319489754605890
0.24602720020529995 0.15876380215884731
0.43365359079092081 0.72741648140681658
0.73854423885738862 0.17259993898748716
0.74418328465352745 0.56273381944415324
0.67211502680769253 0.53844714988546294
0.61217029369709808 0.82695236860696830
0.38823887581524963 0.62198315861848552
0.11161138075099510 0.57800153166433510
0.52601981896733174 0.12876512154340952
0.77845871531839794 0.14696287447971687
0.80129387556655063 0.71017881287399320
0.11705650476143696 0.74921205029668536
0.41482075401716439 0.10167637554671513
0.92012854300882208 0.56472628043949347
0.69456407444919033 0.79241519349151723
0.40457644584355978 0.90686240416388753
0.72512965224263382 0.85655609590938686
0.74083641875921147 0.34229906015748962
0.64506708199451857 0.33532356520897239
0.24551230487466452 0.61185078423312078
0.38925315536449445 0.41914146168786631
0.25371119939655495 0.48290897777930636
0.80172402642255869 0.69553014346809128
0.21459997460224781 0.20255894804943908
0.43850049304782673 0.80516810514904569
0.40235871528749501 0.59819397254454254
0.27648568936503365 0.12270828279980826
0.47934264143788724 0.06377354802562053
0.51721534696283655 0.66802129580930758
0.77717498819192743 0.23474649238492054
0.60071923785497583 0.46758285817684114
0.67070201927404582 0.77452663613196659
0.39299936226521309 0.88496498438499094
0.10017881309588772 0.61629829330843311
0.90614166707396615 0.26669822019755823
0.62892998083083540 0.69708935637179037
0.39600847678910378 0.42328964671432240
0.85030615795607634 0.67801802705557368
0.08846374436826959 0.41750364977108745
0.35211317406933179 0.95489633352750325
0.86091858330505022 0.48998783037949012
0.21082230656569328 0.35781900192519400
0.56045537717867711 0.87633832891860308
0.68678863612956287 0.65451970944627202
0.64229884326869402 0.21370424451730791
0.69275707506768514 0.08783955961117190
0.19371416696962501 0.16320647116135520
0.58747745243693861 0.28808326041498433
0.28097171868899101 0.65988507824146025
0.52313795772427218 0.60620568771379924
0.58716989647535334 0.67268154382317003
0.83418015584453564 0.73233181065324804
0.73398060472977922 0.32462645020555020
0.52061165568881007 0.90189153627073881
0.43319390987716688 0.41309707732141254
0.20300335338016814 0.45975512863867352
0.14390408187112871 0.76568982120910056
0.21778059610685072 0.71455316745416453
0.70999376204450948 0.15801995485974485
0.59340337727875958 0.08013807132779238
0.23468201226446789 0.80243339186763507
0.08666493313105100 0.42297769808983621
0.74490725743274344 0.64837635449898190
0.40697933097032729 0.55875884523264696
0.17606452489194552 0.72685035600039360
0.51540253439867323 0.13720301295280324
0.45728102668630954 0.82320449612513913
0.18490188434660942 0.18646525327532965
0.94360227954722742 0.47055148229600535
0.22709462669372810 0.69260361223621403
0.54481576216130145 0.32576791988018966
0.45924984954959946 0.55195137156071261
0.61030883873975439 0.87261869619111831
0.61236738741104635 0.89400501082841299
0.47967101728655853 0.16546683839247978
0.64452904680477507 0.81185584763755470
0.80149317023239897 0.75714897974891060
0.35357991066607447 0.40469167557300478
0.38821303593813611 0.35457007946106722
0.40527373874378975 0.81069438195186061
0.20738642615463604 0.34356533457057997
0.85502219945080626 0.24495660584228790
0.22071762719109664 0.86562702682326431
0.49583795672705849 0.18801299629037088
0.84224379121278004 0.79106022899027439
0.52091428826474773 0.18034265394962512
0.30909773920355643 0.48019219351002163
0.90443543376083368 0.42708813227829040
0.50137545276294226 0.80594496595212262
0.32282894372714860 0.94984243877008767
0.55261098926319629 0.44042670314728732
0.79447981202344498 0.49025424718360622
0.60983126858764947 0.81311097872516935
0.45516462804632019 0.90738920579309534
0.82092512946415575 0.51395836900673986
0.24585461906924211 0.43185690995986958
0.51446473596623099 0.30167984300404582
0.41394286679190329 0.82830673276937283
0.38710678814466282 0.51402316701549511
0.69743258191603574 0.23791811823362144
0.10619375057628780 0.46998161670152688
0.55766672072946333 0.25230275541120967
0.60455634374201506 0.85300250731349059
0.24293626709867863 0.37372023610734639
0.85963148277073276 0.65525764182712454
0.36458164327924658 0.56233936530730433
0.64432378981776117 0.51011322581522989
0.51410499716017288 0.18147393822984420
0.78191733625729576 0.26145952424727614
0.50527490332237779 0.78476148840634963
0.51004003410780563 0.57156954583526920
0.55768521174330954 0.76058343881942092
0.67492808155055284 0.79573997610815284
0.84576788733237040 0.72646260087769154
0.48930976397428100 0.83808394465141289
0.53519231088575303 0.15654977158532418
0.81816986341813303 0.28726306165776327
0.77500872439737878 0.55058010595018725
0.81286911803832340 0.67729659989076751
0.53405917068711417 0.18359195503671047
0.32800068208345029 0.46480657742077863
0.54230040264648849 0.68829607160516426
0.96126590090327135 0.50579260154561356
0.20098990964148053 0.81680519878744728
0.56771118606926130 0.23520413778668386
0.30508405400629124 0.15433550509514593
0.81395595265894993 0.51161262714016642
0.82645141043288628 0.82362476918864935
0.36462300023551025 0.87907058501535684
0.76778673054286151 0.50965307142253635
0.20847371589918087 0.70458500782907452
0.62201164863415337 0.88049974075084003
0.67552337265245843 0.49978460501561794
0.80760732408428526 0.50065937388807524
0.27973592669380115 0.15827198567901030
0.75673202287426122 0.71179987899421160
0.72081619547681219 0.83330385109490246
0.91898241656078894 0.40293862442580475
0.76084408872898879 0.18746695412750661
0.52120733318879819 0.03566604273110150
0.27544603648107341 0.37143903861210903
0.18473519999996990 0.30807708998731531
0.72056924574511449 0.33888343367891816
0.50157221313110145 0.05251515685958687
0.26958146303406294 0.61311009181206699
0.05560072694779696 0.68866508695272965
0.85734175846925886 0.21053501330853291
0.61270527478527781 0.14169539011064702
0.28042479248980173 0.94034374579475000
0.80211346085067148 0.76388309558280187
0.67391162297697027 0.52064163677838493
0.90708654998094385 0.47212950118158914
0.84685201534815213 0.70777390858977574
0.60471630787383113 0.78934952441324591
0.63154312042569605 0.08557417716197505
0.47998128249081595 0.39192204434704636
0.70299243023081903 0.55675292178054514
0.59138331925857635 0.57793454405749756
0.66328690619087405 0.11031419999113989
0.70364116774965157 0.52432349495343933
0.23433684547576222 0.30744858620588117
0.84193528279984653 0.75078005049764884
0.69852868223363240 0.67626063966389194
0.37500892392364082 0.41693792561908583
0.21004117888954082 0.24209284150104432
0.33868001105993650 0.84018995152943909
0.44379291336220239 0.44650446457912396
0.48531072559859906 0.13688169795756838
0.51689953926984411 0.02833208335902426
0.78738029643746565 0.50775342804843382
0.71793425785073839 0.29600987283976088
0.11132010887490237 0.25760077984258251
0.09110606739499078 0.26776184643721962
0.76655925464050689 0.46504964784842251
0.27309642672483514 0.72790673738339229
0.17352980515919200 0.67677653541172500
0.73459021178901418 0.11442269299976358
0.25376359782379981 0.29788368819792466
0.83819600211883782 0.70055456786232695
0.32455972747659978 0.72194267866596329
0.26874260751449242 0.44966539289507157
0.74814498400617324 0.56835281678870508
0.70411980793178930 0.80376949176927548
0.64042834505745094 0.77953921504605905
0.08957582387075402 0.42928321157515925
0.06407068620015127 0.60281356777926109
0.58542329497104806 0.16208428440561623
0.03732434086167268 0.38790699975985077
0.19726852656450442 0.54262363633745803
0.73406412898215656 0.68040484686117753
0.29551135457352712 0.65682782775535653
0.66285009822302055 0.26290555694766937
0.81970747660647059 0.42509421635673217
0.91345610285697032 0.66819777732087648
0.29518071800939549 0.65007768947201072
0.08398118072456215 0.35428980429968809
0.69024007121753217 0.13640633067474839
0.35993400712071161 0.04214721725804530
0.57276032306887181 0.47411948202312842
0.16021216734081986 0.55804849340271967
0.64481270074277408 0.40876624249387311
0.37122016523134771 0.19203707822533481
0.63009300915742117 0.52571743272857163
0.79550952514989837 0.71343731911603137
0.30436647474826567 0.46556288634236453
0.37114252819242488 0.08851868027694726
0.34052873075981538 0.74080829817089278
0.73497203574461256 0.10788449420083843
0.41517293032862451 0.26770178155273733
0.69077242665725969 0.53023169899772871
0.20007123326845236 0.32418241210820142
0.78003857676773636 0.29338939067761000
0.79704449975424585 0.61005831600921478
0.60945429095090609 0.30223103072512070
0.61925217707007729 0.27712265000912245
0.31070373542872060 0.92925915770394163
0.70911372758366265 0.12099513381096892
0.11873386680069847 0.53068906798258264
0.70156813353958147 0.66969552366444696
0.17848564150278998 0.36186919492517361
0.59659663636747473 0.68493272154829077
0.60241975438297390 0.03129992429875277
0.27025128551758282 0.13118505873886888
0.46820112813814291 0.56547558941285814
0.27696328114061392 0.32895140152446412
0.28817979448364406 0.30495317823711976
0.10163355261372850 0.56894246442975016
0.62784768623441412 0.62299654774882718
0.31375765471346895 0.82447532583334127
0.26528418927412939 0.24803434637121122
0.30823417775047712 0.52001169729643149
0.56869910240296750 0.21938760173670416
0.53112932306640670 0.66781291954484667
0.16788678404463692 0.47832182361325098
0.09365580502763982 0.53334931230833560
0.54392742361234803 0.51662900778188392
0.49461909411684435 0.15719662724416256
0.28175395390480551 0.24937688522551274
0.20656991363569407 0.71166055068309608
0.15133940183336730 0.33625340455030173
0.14338340333024771 0.70221211903512926
0.14183374615059302 0.51457618988873743
0.12944898561137097 0.47008715045207894
0.62078804366881246 0.23360525306190411
0.38837500471080455 0.37470568182296954
0.34646976837169063 0.50066319615310217
0.62468995427876794 0.48403004302661756
0.56315926481123191 0.15526886905118273
0.89572075300554910 0.69818694035922757
0.22788312283629911 0.56969618983068404
0.90536751217162525 0.34724364979283784
0.60528812739484461 0.51925096014035677
0.55528263610444784 0.03461425601743630
0.56679473853877238 0.78105414009069130
0.75392613496639438 0.61354344413171258
0.59918700176736750 0.16310300255159643
0.80434342780201040 0.23322399965284066
0.74063125114220352 0.47874542697107902
0.43094123921533972 0.34229903411720802
0.50247913698573321 0.03304669949542102
0.05664858413617901 0.52930665243178221
0.94050472731538770 0.47860334234598784
0.91963613044934966 0.55838318373568174
0.85241207872083891 0.40769901752036181
0.66358885115777233 0.06836291734891906
0.75779283251026286 0.10542545317707880
0.19570791773051180 0.83071407119637464
0.54189905661859861 0.37804027788809358
0.47903756849960144 0.90230983355655758
0.73048540437195686 0.62966658337847436
0.34176807367637307 0.91045165218456059
0.59639121009731766 0.76211891148227051
0.39180006907025083 0.51986454549491001
0.16033362908531290 0.48592942767557146
0.02757210191366881 0.58910638869170651
0.40034461787332526 0.15571134834117215
0.73206822654407633 0.34819719013583816
0.54503210672437608 0.70116908821852664
0.57095479055026366 0.27469966400728651
0.60170564317464981 0.87067855121902094
0.44402457400308898 0.18340705103940128
0.43735882214442806 0.50830799201795551
0.65602939896950863 0.58788103694523997
0.16871951476508348 0.55837631941194377
0.09322962703679730 0.47536422551075108
0.27962259363225117 0.31496319138897588
0.61986179719921319 0.46466413203529466
0.33872803172878085 0.28368794067216713
0.41139501659648953 0.67324203202742872
0.16050689634400420 0.65769871695650362
0.38338343160929095 0.24819341884813972
0.92011468716481626 0.54031690276051492
0.07475287370617514 0.33204856977063640
0.07738379505205888 0.39404273783139543
0.11425024817798514 0.33068063872802173
0.30608962823759589 0.61444661920918775
0.47943776145318340 0.11727145825638728
0.48007552704309014 0.48311967453432580
0.18244993055933187 0.52131719443745750
0.46462084996240122 0.36323053137049416
0.22236327737031863 0.48913837294152518
0.85569913754317184 0.33975164975000260
0.08686810594788437 0.45381690275243458
0.46239203145766272 0.69993596310402073
0.07141209999701158 0.58290792031315186
0.54000510891324727 0.60666700815415286
0.45564018766326958 0.33116928154702302
0.03100276747185307 0.50005743606192010
0.57553149957479421 0.54624698049055664
0.63907118240302796 0.06048433012105370
0.44202383751844310 0.16284461536238229
0.54521085934134916 0.53627837187630545
0.19778582304737258 0.46583541247204130
0.32827935510921363 0.51718118057432350
0.42124305338536905 0.89684584249763499
0.66492750197190065 0.18858640104798627
0.41830486035881548 0.73378587221345470
0.42655074581678043 0.17230838702005011
0.84670624324154942 0.73256498055395958
0.39085290772319881 0.41257178154795343
0.26504051288952563 0.63132338571489155
0.66857203481130179 0.82363354676233425
0.04964501868124704 0.58257869536566287
0.64991514622893365 0.65009431826649033
0.50206313933821489 0.19120948550816391
0.32441581314087120 0.47104787468773623
0.38289865228078196 0.44336604856629352
0.59426397375400430 0.13504984254152991
0.54301045690501648 0.42174677685319695
0.89776295155006802 0.73106227669823576
0.25041998290856898 0.88790582332060330
0.93752892604542504 0.32247501238850274
0.08697887887439756 0.43439031878417556
0.21207161500922825 0.83184988606777188
0.26071196747995934 0.64350725688195609
0.48851500563700989 0.58016095301011816
0.64175610898975610 0.43039916045923970
0.09998604584664136 0.31729928325631795
0.93008850332510984 0.51829041667726217
0.95630168397449944 0.43086123666141490
0.50437272533537258 0.70980990678962907
0.31748671793752253 0.90004959619225711
0.64970425255347564 0.72560119972494075
0.32454063477504980 0.80043117635642513
0.76715094799438788 0.18454372210018891
0.65938302003296789 0.07222424377273505
0.94751784376360582 0.42874140437062652
0.53134453144442206 0.42551822990855176
0.65922629095534679 0.26953733175196309
0.44030674459571389 0.61543646558917398
0.34268902958777053 0.42718258398383113
0.11475640077213323 0.65987385247686969
0.42322362167626876 0.70565937520815025
0.60895868289156163 0.68687412925260272
0.53004784664166493 0.33269466410624143
0.52410171314471121 0.93055447640108013
0.58707899681629117 0.39634598028016926
0.74430731220695745 0.52291023620451693
0.69436911756904862 0.42988780377735042
0.91425241728446605 0.65199500261730403
0.18159048945550230 0.40123280241499870
0.51376670889828657 0.18935474302569952
0.22020585651170099 0.87758103877392646
0.26259221925393028 0.10946220210598369
0.03085278707977210 0.50740725674795883
0.52252980831861973 0.27016805458595439
0.19284444951600518 0.79230569111369975
0.19048614660195909 0.81792272166830060
0.82295310664504995 0.33463669548867753
0.24126039885501460 0.67469347438789606
0.17807668134883381 0.77708698563911682
0.16082378598946021 0.21782592259516062
0.21781028771879607 0.73408750426997871
0.72611667311160477 0.65894562259858791
0.38073970184569905 0.65165686112986987
0.33460135631533072 0.06701106429460624
0.80239532174056383 0.74095649207395642
0.24740068390332343 0.11715446200382257
0.45177695307985344 0.64483809371496403
0.36336031740606439 0.47615795917215309
0.20665387942004518 0.37599805215600490
0.67625065845434384 0.89869970843855340
0.34020622685087681 0.58141239729993521
0.15309417652335633 0.36278787031574433
0.48268401717083476 0.51402896800240050
0.76231994711929540 0.28249662332863590
0.20836745437653026 0.18730994079244123
0.69335900285359886 0.57241545235864788
0.33965753085898343 0.56005555026939458
0.63462882806438914 0.63836943864099216
0.02863521310579998 0.52296050163162622
0.77349224404953909 0.42235556236393751
0.69627435373630930 0.60750116928302711
0.77544570726897477 0.38948037225281479
0.67065396999465376 0.80225255364007331
0.90787444722476762 0.36653419179882624
0.19923345662870912 0.50691322102394232
0.70701660360295882 0.85245987231013021
0.83170320722130520 0.38633842316627603
0.38490459244805258 0.47884650589926875
0.93120955002269079 0.40862810301004832
0.43269506129395335 0.66179838640473942
0.06928361952982319 0.70959515682558050
0.30792256016380465 0.14603203734905554
0.89104849371088835 0.54081706716968792
0.65051328640327610 0.73279996755207011
0.90717340243214217 0.50205913971006300
0.60003669953846728 0.35767859910705713
0.47158944393277047 0.94676769721708831
0.77403102413298719 0.41217330785431944
0.14556448462997226 0.43507120012207656
0.96580650486305841 0.55795599903180504
0.32946795244671184 0.80837167380028974
0.08420376298971780 0.30957082172491357
0.03061303059447418 0.47168762433077055
0.70208506129245307 0.26715685227514363
0.54636941949180828 0.47131093936944024
0.67184270493794918 0.40958863557246517
0.29281794789405108 0.76674759128852810
0.63413796410798307 0.23673768259265371
0.83501161881543340 0.50640117781153915
0.74944263054043703 0.29949692710438475
0.15596362344331083 0.20709710381135721
0.63805925170299771 0.33108312839088505
0.53397727538747408 0.89757566399343125
0.81898969298850599 0.57885561279833164
0.26253583526227492 0.10310869194297632
0.69201291892071792 0.46926949156513798
0.49546216132688975 0.27671403567289798
0.76133415466327470 0.38550746887903498
0.64608211924249159 0.58008494719899062
0.48755080710003329 0.69680807568350456
0.52375422159555740 0.39888239261658776
0.11761860873747626 0.39825910317142288
0.55125875323600337 0.73255168000316551
0.80146310790080433 0.83046291773808256
0.56610679109244699 0.02756936058018285
0.18785763210186343 0.23487800513783660
0.76685196483269458 0.61157202031358582
0.15049709613102979 0.42236040330466468
0.76442774899653398 0.15145044551054929
0.43534359933402977 0.70081215780324013
0.87035625275619100 0.25330671968505075
0.11745931423288491 0.28438839871739569
0.37835957144132670 0.63828912113508074
0.63810336870775197 0.12346329429155208
0.76965680795341618 0.85671588762484274
0.26476898373867397 0.79647801348742153
0.43973578757686388 0.83348475901530805
0.53630211287087826 0.56447375618752560
0.47187413158162772 0.78728212703893530
0.20488090315537458 0.75608808506697134
0.74482968303755370 0.84428435216956432
0.32209532492539295 0.73491106556943819
0.34573872932829353 0.84007413652549745
0.31759688805969483 0.72698704069065123
0.25724621685458099 0.62008044252903916
0.35597460819588767 0.22937545031109249
0.64809271671178459 0.69160521131928732
0.31247943852302518 0.79163544890704951
0.26644581883820784 0.78574266209065291
0.64558164214575420 0.37339470360328864
0.73059111629044282 0.48800869628407745
0.47106521007565405 0.55931014981191873
0.50833886348570911 0.08262038905917247
0.82839677431163283 0.41987119734889028
0.73159750685454150 0.40804011411442720
0.65812422730060482 0.52267842099826800
0.35696265619009859 0.73664463106333333
0.37301968752960357 0.39854518768307912
0.55917071334829249 0.67230726823751197
0.72091571444611280 0.19507525669967102
0.24809552874571875 0.12869629936621441
0.46950173282070190 0.06315316036877935
0.38154596216153636 0.34251333561852165
0.65886697129026728 0.87870721284537023
0.63495698076830809 0.86423259076223991
0.10240083066050588 0.71123737442336599
0.79065973060710670 0.80653528922178142
0.42837857265993240 0.58602909626272803
0.22109214018501649 0.46717221221355476
0.57603966616680047 0.92243423626649568
0.59768739638595181 0.72667465234612094
0.14133359078317720 0.71885515803913835
0.49976392934184666 0.74225472300193618
0.86035338436838171 0.58276884917051397
0.04883664019609420 0.49401563045499391
0.08632058084196127 0.60693424038460597
0.23478351408323780 0.67351204007002918
0.70253149966206907 0.50319804506365939
0.31416763264548497 0.06044532877338174
0.55448987140285400 0.66732555064005894
0.74366109042774142 0.65536606133805853
0.89622177708839690 0.60905943250769534
0.32579587766784096 0.29431648845099839
0.51119561746882680 0.44194756908216370
0.85109502051869890 0.77782271135856051
0.25251640234265704 0.71852565819688996
0.11822394935128029 0.27272030924536494
0.41638691299875163 0.98403802858256340
0.08981629232836305 0.29448203760569081
0.22379925854628546 0.22337453915266642
0.90125223573969104 0.40765204663338944
0.77430176268705986 0.63077355270236535
0.38199715920666594 0.14429402184354798
0.76623228537576515 0.69010253459535853
0.52670499159249240 0.84049726108067324
0.69386151327806278 0.51381134455205713
0.61158268106375635 0.42101067808859033
0.45941790921388065 0.14245771925210932
0.52169856101000078 0.14080191969464403
0.63829301905782299 0.94449367698400699
0.35410495073408371 0.10802716376101901
0.04553193268921153 0.38951925464867437
0.14385887612386614 0.72917248356241970
0.43186082741921666 0.49705345963641345
0.65470237804541898 0.17531635672937651
0.13033307377077083 0.51751033230351373
0.10618802350970795 0.77571164071142507
0.25125154071412248 0.18188529361426281
0.65194613673499591 0.28949538550645709
0.30569613853665079 0.56025372379027327
0.07372554682449958 0.63580965747312390
0.82111177410764702 0.41827686697085992
0.07352135345716815 0.34594068736670514
0.87119702643706498 0.59367801716558499
0.78022936772770146 0.79991439632393024
0.84221334600201236 0.24254544133034897
0.21499085987744576 0.13529782429478202
0.48923342599351327 0.63264119646675543
0.09591273170808574 0.32723334498818990
0.54496095104204445 0.86957099200054655
0.17416277906462024 0.73349783149437364
0.37609245017888432 0.56087169271671544
0.40764550669991623 0.06040908096599102
0.92901963853746417 0.42481973631151265
0.66698093316550489 0.25699334347362263
0.62658047279332307 0.58573841858439368
0.29566401725666425 0.42821305933205628
0.83423257990472621 0.30938904664611006
0.60317519109089734 0.11071011706369353
0.72851199876361117 0.57712978159536199
0.57397074161984285 0.69909117042925040
0.82991651907716368 0.52526984601629878
0.69396308616734637 0.08213247107972484
0.66413840312588612 0.80397804896941794
0.26718508330517521 0.75062230346104075
0.14299180149099355 0.23862546354986516
0.34806752391203860 0.37322003185607028
0.20960256881325068 0.11975632218322173
0.06774784776387079 0.32135865309704298
0.08358760827918886 0.55378207808524094
0.16570456934332167 0.55254263804102088
0.15714968496145174 0.84392105643636983
0.44542503869422256 0.97457004480590326
0.41259536106967132 0.49055597756342012
0.70920990419326269 0.47837589066330727
0.40644150288785397 0.13868382939490026
0.49804733165814064 0.49208435645877791
0.51874906554693845 0.44191809500223744
0.37461493398243528 0.06366293497230166
0.50209236686574232 0.60995851737014295
0.52319200783521280 0.67983251710617099
0.91752596767882222 0.38233230184885508
0.34748274120859246 0.45859970517313980
0.78004156191429974 0.42511581325912662
0.31322934670357216 0.62948312834193521
0.91554523236593455 0.30249467548883263
0.36790179756262020 0.23431638573318489
0.62983539656909726 0.85675055715923243
0.88251665465513596 0.21162419698307605
0.10397110130966591 0.73103580172980032
0.69177106263437527 0.55837802130636705
0.06146991629166011 0.64285990870158261
0.11893022099176870 0.76894393955572693
0.04710663439854006 0.50529015500352592
0.68672013273546517 0.49166162248866047
0.08680583530042109 0.44794090365462086
0.75464625998411816 0.62068067184996645
0.25517045690943474 0.55606269007630649
0.33500430848212209 0.86677310128342133
0.09375275551544088 0.53952246965932360
0.49555019819123636 0.97339670324738370
0.55903158130234765 0.36893114668883481
0.56296400917436451 0.13672967702434535
0.39487464800963989 0.84615421532463342
0.90392230826357367 0.31277076144501381
0.44030818770938385 0.68707599789152940
0.09863669593342193 0.44587486048637520
0.50964090839376885 0.57782199425175385
0.13634059078899269 0.24631018517933786
0.29272768726873344 0.31804850080925867
0.24076673910679697 0.39491009915532865
0.71684626725614564 0.31406034116197129
0.34650906390039699 0.60189669655539957
0.11749378257100804 0.65315596256887931
0.66235138549198658 0.33628160293986986
0.40941232689229651 0.62579150910354275
0.12077500301927069 0.66512153909242355
0.58722593055147077 0.05063334136365594
0.51057098742520746 0.31270283777272556
0.13116156936542703 0.34637564182160879
0.80030610542108471 0.25237687631513228
0.16420308311483475 0.15694646855787842
0.52497270936884644 0.96235482039163400
0.27430764142864755 0.70835090162612457
0.34053138731075472 0.45974232936337095
0.86989252661742100 0.64635711935395213
0.37235721806450517 0.28255815550462615
0.62505029131190248 0.70276473904776549
0.77266221278869363 0.33703358626601493
0.38616023132780175 0.18084976649906359
0.66218809497533504 0.94390761019879987
0.57488811347516600 0.07842376678600838
0.27626490103595996 0.88390183599406114
0.53691761669911897 0.46220582804799792
0.44815753250308876 0.08015429049107847
0.42898199905638257 0.68358111440715408
0.81767680782799734 0.43199042404168536
0.46452859791460238 0.06000900449888515
0.45772205048662928 0.69232088101079670
0.22746942551964638 0.82069692752992895
0.79289067484468667 0.74088362924342066
0.77266356197664710 0.27254909573842245
0.56017307336752598 0.57385380933719921
0.76465877106430491 0.27239999295162010
0.64187362564794015 0.34386850996506785
0.86808957450674940 0.63932305928801092
0.63793519009434796 0.51824455516622614
0.36539095463770382 0.15380839111473571
0.97306741545383213 0.48779095797728145
0.64268974055750794 0.29974554485007732
0.77104859877893361 0.20195108607881398
0.50094596211644971 0.47340688884777699
0.34337814231217473 0.71321142296646689
0.17298267992264327 0.82747954555789749
0.36493796062387784 0.77144682555717281
0.15763235585211169 0.77878775158589331
0.32639283257138213 0.82149358699808905
0.18601939924416222 0.43991859599106659
0.12088390369920840 0.55955283847666248
0.04534284785734423 0.36133197168414449
0.12508562116600086 0.68256666559331280
0.41852151485842348 0.17242326825049498
0.47971362762029723 0.88352059886604739
0.78580548727800115 0.84498601591541056
0.40598781465748796 0.25728467936964960
0.22093510098607730 0.68822938011220391
0.56698905252592668 0.64240433180796708
0.13931795114826595 0.54948158925761315
0.47037278677455446 0.36019521088752154
0.08304032627644395 0.51248578132398315
0.43352943937316146 0.42678475850558789
0.17067698754892366 0.69098721207896230
0.57107204170875014 0.76741789778351599
0.50607685354602228 0.85786269175428376
0.72446579786798371 0.36529446884310113
0.52517307077557851 0.04098043775260019
0.69858504847451719 0.21665927517533728
0.27068434014530274 0.32173861132921105
0.04586833992968318 0.51166481635451644
0.48367221108114289 0.76862001035982963
0.56065158071897858 0.63835046964291775
0.33171356531127366 0.90857942666918623
0.17583394711060243 0.23194733780069690
0.74155078034072530 0.61892557491782541
0.16727845920752815 0.33407237852633376
0.94034291628698652 0.35721058807976297
0.57940203698456327 0.88288901384508789
0.26781596024103044 0.27675607636839478
0.07138701040681374 0.37860146127720523
0.49615380243217067 0.54198031750914211
0.70896367037313235 0.10868988189083183
0.76283424760965801 0.20326411747224604
0.36705402507469720 0.91495282198033956
0.37633040747977642 0.43159197988966819
0.86834613326370214 0.29702274497652809
0.41788732179521626 0.43793236680560566
0.62528174090511124 0.09521629842649622
0.62626674365720503 0.60537583091773661
0.44393969635448627 0.75874139795464324
0.84918736154907859 0.69588577521006834
0.39097030221784246 0.83382878633835911
0.09935727935963079 0.40655279919947707
0.34314102710413386 0.20422989368471589
0.41738304965225725 0.49865450268835043
0.33946101724462152 0.21049187900442545
0.21379236039757915 0.65549072128000851
0.22860834996813673 0.53900036783638561
0.25246434868724038 0.77001680260312988
0.85351407530103929 0.67209852512179880
0.46774617363933418 0.34685385209448893
0.53003548834093295 0.92895692805625718
0.35993321693207170 0.69176173331377921
0.16973506883807821 0.57583101006223847
0.77454388009238595 0.15115926140953292
0.03436761498914197 0.63253932733557139
0.89048679400294306 0.42652319113126141
0.70782412571683384 0.60506110037921557
0.83342852200432205 0.76102564023204378
0.68629951430511671 0.88285560027638665
0.26460937683748653 0.61854819340610101
0.89661345957526406 0.29671677953083914
0.71397430984632826 0.15273356206412297
0.08138457366205644 0.64734189053911939
0.66257789747092088 0.92348000378063111
0.18301917746226179 0.28355744136328936
0.41240781104944996 0.09262316262035228
0.38534076093849740 0.13478629545318591
0.41843753270227602 0.58382239165082572
0.25194717207714784 0.15995890092104023
0.22790832633928981 0.35911420359274665
0.48275413887915741 0.58498523220122989
0.44414173270590496 0.71689158859423074
0.54234561149726512 0.71362666956502241
0.74008904106814832 0.43388700371019051
0.48526565997947918 0.45510773127370241
0.16134725827710161 0.62727880994350815
0.87256386751150916 0.52196091930033972
0.20959271616308031 0.30037113118711045
0.23580787518146354 0.71595528015944154
0.26170758756441720 0.67324313826265214
0.32935729569258543 0.75400495032420911
0.47740842663383343 0.91655511259019895
0.84277425241586845 0.69526273915446979
0.12849824117537598 0.36322149878079080
0.39921759047231908 0.27226731716387104
0.75212334102788714 0.33249870215394584
0.60564777079716203 0.89400011290927373
0.26234946236338214 0.24062779711184262
0.16994750884759022 0.72271076834233350
0.14690294368735990 0.71567109167585918
0.51388262388053607 0.80159418344949962
0.64303548596584237 0.53746365098670712
0.48023193667690778 0.74670585098923969
0.04936361668004498 0.64617771070950392
0.62530011875950076 0.15541605119786231
0.15449644280338862 0.49928302592543866
0.23781122515324474 0.14797333256009063
0.30072735995227368 0.64053961885373156
0.77053514935749468 0.67191736425066473
0.26911545715844937 0.48197639351190591
0.11511934418808427 0.73777163880487961
0.84861514568198426 0.18723554373300805
0.32831620294140845 0.15188335207460887
0.48962996683112309 0.65791689146623544
0.36169437788731790 0.39374414630740850
0.36527030115725723 0.27875072764550912
0.11835260627544820 0.59051625962504917
0.29164176523257868 0.26822839381497743
0.78682736419082555 0.44806921186427323
0.54524709130046400 0.90601489701887905
0.43854419868998540 0.37011302165888849
0.55294217930651290 0.90727845153648878
0.14294650875739928 0.27587032316530813
0.82887803987516928 0.59381986572856704
0.55076992977888573 0.24186747948413109
0.40862310494342702 0.93252020223435439
0.04232476554282395 0.44903499463460317
0.52296200927362735 0.33535111640921256
0.45134906145361336 0.91287702077746780
0.72667489788466710 0.09215702627235485
0.17652087085433205 0.37564148737221070
0.28779490285492387 0.75138054726735903
0.88693769945509138 0.47140430103990943
0.22271350765478129 0.15183524743323076
0.38982023900776763 0.10645459011772822
0.70396011787889146 0.15601808358863564
0.64728327211261094 0.64318344409417294
0.90677187743659815 0.61917521719973834
0.45119272018840201 0.31899289385876201
0.43958232687031668 0.40920443060918993
0.11128239576993415 0.72506326563404511
0.76793886693214586 0.54795503895174036
0.72743903200333948 0.19329951657241207
0.40337581340093231 0.21511725033855950
0.30222424171122864 0.07916662682485313
0.79712785259362173 0.39591227811820739
0.67611286716348373 0.33104631380446176
0.30882044223304317 0.89011553002438393
0.24046653354505498 0.40415281744806431
0.34928664522244651 0.43174525795886126
0.31319376929580983 0.56164840797910198
0.35872518071916820 0.59522639357871321
0.78099474506459288 0.31749604698456924
0.75676607773468518 0.72533207093197760
0.85452316849993459 0.34696539189112663
0.28142380830370789 0.80460795883207925
0.75040266046910342 0.11693529690798159
0.80855465625922884 0.55879317167182940
0.59360893204219556 0.86129483531731144
0.82294393134729305 0.48395772509161561
0.36448980609979187 0.85430878752480366
0.27835234491378041 0.11520587199147406
0.49655569742140038 0.42567152259167573
0.30328473333853229 0.72777113389019710
0.78746937904687508 0.13937285579800798
0.49501694108187244 0.47822116970767992
0.66059322870619808 0.04675232066024000
0.76473033476272467 0.48204202353851155
0.64198215798561542 0.90352416528636681
0.78860608441226432 0.75326234730639863
0.51018334028154244 0.81504455851647262
0.69974621696490324 0.48927373082659992
0.02376449740332201 0.41856722648303596
0.29270296296650977 0.15806983811412170
0.28252627416436271 0.29250823036875034
0.51215348048525766 0.88965513603855984
0.79876581118082612 0.62591597545320954
0.78116219048745517 0.51733035512475056
0.49822121559536381 0.92765592994566881
0.57165212918525299 0.08796633440790673
0.77721485204927721 0.84609252287796854
0.61522561011479371 0.04676184104236825
0.50041507128644191 0.76364724880352275
0.08560146206053260 0.56798766868316175
0.72125441188525807 0.57607455708404209
0.19251873000788136 0.31655329483281364
0.72262765439791221 0.52482210210433156
0.42132671241562203 0.33265501328676422
0.38345124816828763 0.29335825879636890
0.47554087331240874 0.81432410267132438
0.61631543177805093 0.32218692342953287
0.32536978994650351 0.84245894155769174
0.77959705733103168 0.34602838913465406
0.77274810411093242 0.24113527681353916
0.53810439091741691 0.02555891261988363
0.22631770644503288 0.13162841529279090
0.59418066584185847 0.79681993748079616
0.39381128943653970 0.27667571813863967
0.80791041310595135 0.29454389575399009
0.19632666073667412 0.74750392502906282
0.09136570228644796 0.59156248827163960
0.49449187242967185 0.40714423361324914
0.75103130184087674 0.22890202817054389
0.69769360826359605 0.28025613680584310
0.37390538900035092 0.65037533906985889
0.51064207912975024 0.90978712944390339
0.15132898641180467 0.26088081463365864
0.43884863965033138 0.41697133251207824
0.43311600572984588 0.26089699159671015
0.09692629243417886 0.69594714549907088
0.27297348745336980 0.85118402796591452
0.17217326628170271 0.56480317088612186
0.74934954564778833 0.63052516590221719
0.33457988823927176 0.74813749454499745
0.57185265515927908 0.33792395251474466
0.28659421145815206 0.84537332621606165
0.47244326179024537 0.88045086189132438
0.43830259246327646 0.85464173275953315
0.64540517352564442 0.27732593033598607
0.35000125500414375 0.64746280642630050
0.79502706170773341 0.54746253304162817
0.39491449249009158 0.10244851848173260
0.76955366630632782 0.14788045584958254
0.16846429225426793 0.18223046060812551
0.91914082592270041 0.37224841819027971
0.56399418186043726 0.91987519165031928
0.68841733955543638 0.58703715872528739
0.92170877301412191 0.55268416974671009
0.11440793694872087 0.67799841162959107
0.20881905418789642 0.69702214341649604
0.37679176876512349 0.21473633561070160
0.49258365342363852 0.05314842654692931
0.56331896700026141 0.07364622803075087
0.08219640841267928 0.46246788011804257
0.21487152094456410 0.86486564218135842
0.30532519286430748 0.26381856740759180
0.26326101006615565 0.32278653278189323
0.59936413218524964 0.35106863147015482
0.48687148723699003 0.22384406062554271
0.82982105665593797 0.58717141537772877
0.74938741395571173 0.86658015293425872
0.81359526638008295 0.19127539255083789
0.77877416441141456 0.41753974478639688
0.54963776281254306 0.54777932110838001
0.12314088373130587 0.59910855297401311
0.44817201470626666 0.63296522607969252
0.74228111480975267 0.42615497914848399
0.58782543933147924 0.17014352327462348
0.83375774694465288 0.68740748212436242
0.86004409597186260 0.28784286495388139
0.78334141305069871 0.48838928876978593
0.53714972762633295 0.27333476316354371
0.22683520198803520 0.52407523339479978
0.10972192399742786 0.39949034898620717
0.28712926416943030 0.67215515874339915
0.15022371308195737 0.53268187911862241
0.52389704483164723 0.89539100461994525
0.61786859913451908 0.41692857895197227
0.22901147125975832 0.80585841088580323
0.60896335330732032 0.91653887607486484
0.72491366246637912 0.29230401814012219
0.43850655487569257 0.49408329753887370
0.61986658857887589 0.75311992709833819
0.76607555207884592 0.34817558056865938
0.66080288877584636 0.84870399758580684
0.89835278060499180 0.49008173350303263
0.81195139532878291 0.39685893707695213
0.58012347533981501 0.83697785639237443
0.36044774049340006 0.81578709412782857
0.78661522691785268 0.24084737435758102
0.06700465612477155 0.58793710404416466
0.85220716654400352 0.72660401318785572
0.71541075218217165 0.24682554013035723
0.36781688485653719 0.36091305796339723
0.37164922672448381 0.78214160943031696
0.73358705830535009 0.50823122214614402
0.78649939583374140 0.26669804990298368
0.74956456290190931 0.26768909029321780
0.82773283419366306 0.50390333294986467
0.59104074444282839 0.10597340476822098
0.87109816808842766 0.62562904932338048
0.80879548245495192 0.60173073427704993
0.56633852604442292 0.59227067832608959
0.20405144142631737 0.35742734169252893
0.24589222249688930 0.20447366114784704
0.57763942611016783 0.03370405874052271
0.53188950297829118 0.83078625913152560
0.47253410528342837 0.89390926258782510
0.52267944633619501 0.44814478230538485
0.12305794246566483 0.65022307341839269
0.59990412866690224 0.60669263647455263
0.47784638468420110 0.46513051452999105
0.44813868513704241 0.10445287199131850
0.87473161697240676 0.58062678217509156
0.38517257233607982 0.88393399071398426
0.09894504185687211 0.59902029550691016
0.48554215648249072 0.07344516916391038
0.36949821866516336 0.80641425365358610
0.15605263060913310 0.69999204594987641
0.27160074660569461 0.48932366570705949
0.59777657439645060 0.80923532603313353
0.68332086104409429 0.75776461809155504
0.35947930994873062 0.64023944582222836
0.07069252141013500 0.60876938169584482
0.37489880534788078 0.50250790382698751
0.64374746300753605 0.71389610766402056
0.92327078018394870 0.57873672553588451
0.50921170693695916 0.14919500612031469
0.46833278315688021 0.90677572663391703
0.70414334493493269 0.37368095792251760
0.65767206052145466 0.69850481566955958
0.47623884642956593 0.32173400319070988
0.85845003660261010 0.24007808294796340
0.44654584331711122 0.83532408340036524
0.06100486647600020 0.52532375760225203
0.82678293996351848 0.31145655465847555
0.11770074796658370 0.47788508808841840
0.73925947402729075 0.09930350503175495
0.19808651666102980 0.23953813604125543
0.59320490932388692 0.11947831828254631
0.61203942272810818 0.71799993908886306
0.87440413089659319 0.36576737409139554
0.48168675073910611 0.52935538081700506
0.05051291857403664 0.37729813936089185
0.79228987780524762 0.39067191930615108
0.34961785579357474 0.83268202658995749
0.51193871579243988 0.11442883588983517
0.27751827445315280 0.90268280502165732
0.77999561106071980 0.45807051292883699
0.88619231132836873 0.40777784328007044
0.80543472048004761 0.47161037431807212
0.46932862788782914 0.33294995619522982
0.32069735920740239 0.45649792893123792
0.43702521941118394 0.52412526394589243
0.09575724521462155 0.32117010420643588
0.10554852493771105 0.72538533681961792
0.69686926185941434 0.82046181598484846
0.57616294712111082 0.60794500467880008
0.58944263387263496 0.01471547922276198
0.53048651590622597 0.07934008291606244
0.24066671347461069 0.62436153600290401
0.29474344415235465 0.52781543978024770
0.38653964054337264 0.27875084040950460
0.46535751448135593 0.04753808750977342
0.51295005474608968 0.74217019347301305
0.59793688921003563 0.25206601678599094
0.40326506213013275 0.07834238461697822
0.84417712433239001 0.53052457109777151
0.79870991587060214 0.32965514027539672
0.53359598558408405 0.72688101559500462
0.18885710532718197 0.72799136981804247
0.23946653455493863 0.41190860522843503
0.78166501076354022 0.52522053521027134
0.80457921409570465 0.18265424429420302
0.29568363044948670 0.54870810119559021
0.73758967500443218 0.14619407942105334
0.74791221666822216 0.53519323440077504
0.81883699027346402 0.23271994649801792
0.46579625870520913 0.60278200866368847
0.11629163822783882 0.61124742920355546
0.13511750068430914 0.29701129980364349
0.07963164758993858 0.40353600478530438
0.74319979813998338 0.17923497678544792
0.34078476596123042 0.15260118390695757
0.41684714119214872 0.03856835827108898
0.12709809910556222 0.60425547272111213
0.52828689749997459 0.29778388175770953
0.35896477841518754 0.28807732800991870
0.71154632317969779 0.32799302724823703
0.34716572085971664 0.33002978555659046
0.59204470006875209 0.92621623712418033
0.42153780394841245 0.09126697879763566
0.39100096677936869 0.78099966122368270
0.12224508428966753 0.63925333439147591
0.87954715868952282 0.25782844531143578
0.12105343191116699 0.65841519845875429
0.74889264713180170 0.78644228992816900
0.11041149052914560 0.30036779042700607
0.51961632453543316 0.09879158485601879
0.44886737220619516 0.16309219490990476
0.58375891385881107 0.76710714318756612
0.84292749872216943 0.77674248321721162
0.19102157382031326 0.84813567846424853
0.84361722825881325 0.29865561147678737
0.20093243185517101 0.56136250066369420
0.67846060706372546 0.36000066002213416
0.46223537465459713 0.33487365364320953
0.61056882203288054 0.64573788112873109
0.14244129357224078 0.77132482408038550
0.93036697088800691 0.65058566667729478
0.14682186573855438 0.48075586202452464
0.52631887403921773 0.85320366343996668
0.12107683353201812 0.62711811392489369
0.31455665269517680 0.46094320874451861
0.24727592110745394 0.27750745410230421
0.61561582812833682 0.67560631805154503
0.76737173763335775 0.20823784776151499
0.58725332516068429 0.47486534945149600
0.52673215011237517 0.16940782189991399
0.01886575163901645 0.60024563142258003
0.64179795575133347 0.62534803900122005
0.37038622564457369 0.76148313219053898
0.28825428459777219 0.65726481006922866
0.81153237157973379 0.32754135766398923
0.33376980808890905 0.88123544972565993
0.19361203704293134 0.76563441290465595
0.73323029090398018 0.55616390476210242
0.67677685486096117 0.75591248564261782
0.23569552343092473 0.58170288318746977
0.75993333315488343 0.71813041476728512
0.86470793434252746 0.18936473229793077
0.49829148551138525 0.43900277870027687
0.74679658645256775 0.37169617511033254
0.28408423428031199 0.87004550493870680
0.06680275645887253 0.32947371433999917
0.32878731960576479 0.13255091202997610
0.30636493636751716 0.11933950758383888
0.53495541742247998 0.92514284298090377
0.60524628297777727 0.70599593292677243
0.37718308822376995 0.67393892628890562
0.77760987253952729 0.85906109837848754
0.79518085423012641 0.51169173909448429
0.18588771573928817 0.31512025584229186
0.48583137050392372 0.08604407830062856
0.54972068087514303 0.71448816180397512
0.53803218481861370 0.37116810483345963
0.90575316574263387 0.62549213315700880
0.86058547319201084 0.25706358559035486
0.10784557007153997 0.50862974475688527
0.59002255010757176 0.71914109022689998
0.46859147799886547 0.85239176151338614
0.20035580082705040 0.53116454485476061
0.26843999210132624 0.55559867193636980
0.27563006956467617 0.21802137128836244
0.80488814895631289 0.39962325681655769
0.45342140819966947 0.10877646724735932
0.61460829709692544 0.37352127501657645
0.55704311404546736 0.33712417637481157
0.14583321987720413 0.22853150370600453
0.37114164411400791 0.16331777918299378
0.37878445078114015 0.91276400567184168
0.48822883995546396 0.24554385362267478
0.12113565492697702 0.67758810424654892
0.76483340485386808 0.25358422727535374
0.42053829402250104 0.25365567075099316
0.10515088740440090 0.32547185387322619
0.65164160262011228 0.71158150786434959
0.42719471524015390 0.09280560034952427
0.79710102398534877 0.68265535333227512
0.42757853256185069 0.15156238905690736
0.10216194315689849 0.67847297570241172
0.43744270316320488 0.13552754364885508
0.44258332840954667 0.92340000647886655
0.28770657983864800 0.36545875508217729
0.80101724463618518 0.45164955898439568
0.38601750805991158 0.26518751691058395
0.70986676811583138 0.71821989705499523
0.83209071622423469 0.14368606707906675
0.57606330739644396 0.04587343883022298
0.62021060806103812 0.87421578061951999
0.39370862097663584 0.57769998622007146
0.40849242430154797 0.37732097836919920
0.62953512819713897 0.57193121912189593
0.51869259911939891 0.41903087994494820
0.16876255708923968 0.25309851381126464
0.10225237902195677 0.62872456587177550
0.42857384886526456 0.06993706020791154
0.49169044479478458 0.65150238423764162
0.06149109417111875 0.68325304734058179
0.06554844542088374 0.45071605379713559
0.46712016148622770 0.17397736947000830
0.54299228298340085 0.65945925759706192
0.50466769474714346 0.15474447656828200
0.28226415738922478 0.54353307391699790
0.38456885533914398 0.87681468682174879
0.75829946986643582 0.59714863954938224
0.29609059545411071 0.11955080896369430
0.19434718119151564 0.48715595831036379
0.15816756134261173 0.30518442650651356
0.24977357245370260 0.76411539873112932
0.43647838143523904 0.12881742569220234
0.76045267739494082 0.61655309669358704
0.19483044171726244 0.78628890353782754
0.77222311717224856 0.84090969722339448
0.18120140996735729 0.73148072799858932
0.33971146192500906 0.50366300684121423
0.62305983687398858 0.44445028749616233
0.69988135253874229 0.54745549531687687
0.58103567684182711 0.74989068011667048
0.82072402695737179 0.25170334060637956
0.87704393888648990 0.41596516252333221
0.66284300453573597 0.13650151427080631
0.59589032380994866 0.90952189775686620
0.68146842921343176 0.83829009348158590
0.16350677440500838 0.47221828375107988
0.78096481434045839 0.77753537141448559
0.13461908676659673 0.25155589955643193
0.37694965996374769 0.30364612502765098
0.38373184908886399 0.94146567196444608
0.42868041926683287 0.16524960043074544
0.60373750137965720 0.93207843720337102
0.48560820378728620 0.97432545569032702
0.73838394818529585 0.36019592763891961
0.29359125860815649 0.10927739059832554
0.10272023940558664 0.70088423098931585
0.76266942000620819 0.17296301500991329
0.11487778944419878 0.26235184757476049
0.67814249936575688 0.77139092501002782
0.53653568664061246 0.71735201852426600
0.69549635484275896 0.44951434449410788
0.54099590051384572 0.96720155228118732
0.09251153215717922 0.73614044156275704
0.24781580281780727 0.09977584011512274
0.32384256818462098 0.11361838920822465
0.55291419361543948 0.45396615842035298
0.48270790796445490 0.63073723752781130
0.80048009669857623 0.66076326350810177
0.91289988133344213 0.39287850883350600
0.72309800970486371 0.61925190371097782
0.24260118600080244 0.90596507867594545
0.63677635656803766 0.34836170128354776
0.07526823490139956 0.35963778907822208
0.82989585104720309 0.21601962040887052
0.11022311563314105 0.37105608496737130
0.27632214938066851 0.24264462577401413
0.24192055212997357 0.86154023685951164
0.39631371771439949 0.52663561523808788
0.55221591105095735 0.59938709526663558
0.58532975481016736 0.63297929559097299
0.57530071248666337 0.48808253710586857
0.41502986758168448 0.97193532149986384
0.41734236019123000 0.35735031483438701
0.26379225617075130 0.18684555706772146
0.89973167945373533 0.48385172090231321
0.09832727231819194 0.57395013157757879
0.96239791001458119 0.44669986450003923
0.49022369788339432 0.13101516204298896
0.83604146095832677 0.59218356996314814
0.50585145821632127 0.55281903207276761
0.57292728464525844 0.57215129579096646
0.47117347718564340 0.60674345847939859
0.12757822141358791 0.67595046713947227
0.43254232050080071 0.48325885193654577
0.57139281953159693 0.92709807326894955
0.41700617642666332 0.54183863151397638
0.60269111901282080 0.81447696806707537
0.27223724708833580 0.33558183678843179
0.09725616760021664 0.70163447798908396
0.66074503726200740 0.59298406112521063
0.67593655747353987 0.39606458136779865
0.73287746231390838 0.38433324429154042
0.50744661508907074 0.46133683371208473
0.29841290520019853 0.48424306919803051
0.71061266365889353 0.75328387159288168
0.71712517857969860 0.17625528425996562
0.91367521582305988 0.53908905395935813
0.18577630128779221 0.15133658095165636
0.71035351727021256 0.41685696032463648
0.57137551587441038 0.89272237830067114
0.41626603931867057 0.56207411613173341
0.57007274654021367 0.33071615135307175
0.39728571691276943 0.67909476094023857
0.10078529709291693 0.60493310774348086
0.55235224285637607 0.49988165020058628
0.24746045265235792 0.80837019938192789
0.89973496891103355 0.57335270688334794
0.18006601039743117 0.70710180532057776
0.60792573467999222 0.76108154675849193
0.28913405820163718 0.72354002574250420
0.33842927225464436 0.09900559440140946
0.69430518363760751 0.88169837306810095
0.36125714169825957 0.18138862804686184
0.63924322587767957 0.85140959805129390
0.25448064207751087 0.25146519490680613
0.55113071505619704 0.31284955551806620
0.24145736657347250 0.44278656212848932
0.26405137061382816 0.11489934847107164
0.47223547307957287 0.20679064473187031
0.56019510372630288 0.18568190590617945
0.92888494230658347 0.47071855931926110
0.70002329772863470 0.62179457435777041
0.79825030412514020 0.70402728105985712
0.16009906358081416 0.31805601406131090
0.46547918238808350 0.62681320392361928
0.22428819763272365 0.17674086283563720
0.78621678647680837 0.25415727946462502
0.02758588591497433 0.44969435093339655
0.43235597978908857 0.91645969611869083
0.69158262729932518 0.43652746604242831
0.89656292948948013 0.68478617492845584
0.24128675562306043 0.38608245026509269
0.11130598388873154 0.74686909654852784
0.87406141160179240 0.50777645327669529
0.14645627675121375 0.20038980888546465
0.10553105955629194 0.76894365930266761
0.30254611271799264 0.52411589793891522
0.44017237173261792 0.32461706678828667
0.53871931651383731 0.25956971491214414
0.90836060760840309 0.61329949850741994
0.41663114013490438 0.12268876009222886
0.59694861330130433 0.05435516548651165
0.57218914318306702 0.64746528518178215
0.05475755754871366 0.55706336856797634
0.85273091695766445 0.23832917533464901
0.22357346265588759 0.22971864808025391
0.68796474199766611 0.73228714355231339
0.15013516234613508 0.68821912836352095
0.87690122341697918 0.22842193882816361
0.62873252845132943 0.17977638956818981
0.34980173662300501 0.38658676323627617
0.86706239097334203 0.47271437438203057
0.25148119609128766 0.59846372916114421
0.45338536468661905 0.89274751853911916
0.04388279761875286 0.56053877616592940
0.55756524714081557 0.56686522691143237
0.49928364560804606 0.73536988398268410
0.27103562572284956 0.88587525431994951
0.89702745389277228 0.42551198135147295
0.36812117551407925 0.05137174147721368
0.48238941158869791 0.02193381719441502
0.76202561130005897 0.60242084353620207
0.53549744521694442 0.93154404704341343
0.20529421926192878 0.56776872350386620
0.32581321770828320 0.74072499747639120
0.56591212043198424 0.32177112148802384
0.89274652091890450 0.40767238879842027
0.64166934756486993 0.50347469440765225
0.60361005422995362 0.05348573820432820
0.22622743067298637 0.32833561345931478
0.68336415277908058 0.87677616024411076
0.09583362745000641 0.40040326966434225
0.81600808748730735 0.45215789505067883
0.60084544831548858 0.62047865604209951
0.30190932888019856 0.33592767306734084
0.17718217853561694 0.22634916116956036
0.55267983658384345 0.02114057101772320
0.58285152788799210 0.77397346551043533
0.10492345825169801 0.36794501150743242
0.55748699717251793 0.04017417108772819
0.56590118629497499 0.53239083351970917
0.83160159485892571 0.34488207929301046
0.30692710357687164 0.84948807420465944
0.31098058295921083 0.84241211873792698
0.64882899273637407 0.03668743873600757
0.20093118558445439 0.61123439558071602
0.26483267309552644 0.46477225230259267
0.66223447429553406 0.72493192363129855
0.70003157519435666 0.36840808662771229
0.79395623727284292 0.79075588835729194
0.15690332207445878 0.53425927799101447
0.50648541177013262 0.68472688982492014
0.31511165570197575 0.55476684550299293
0.63000211178243004 0.65146710685556886
0.37552304771060163 0.94860270644230427
0.58691617069625091 0.84021940567835574
0.75898974455314239 0.27665943486647748
0.62413207823868688 0.88707005771134262
0.74006200714295467 0.50538398970342291
0.20621027888003629 0.83391611910371144
0.22894935370949296 0.83956252797447783
0.44598234535878495 0.14310763967425413
0.17721110892437478 0.62206926577805277
0.84643473908669487 0.29061492623235136
0.46165624304215475 0.63233528765253311
0.65028044378157723 0.59304626192837895
0.80992506063991765 0.72973180335657961
0.41552311163803463 0.16468323619764619
0.41318661318510519 0.53320690976965324
0.89041581890901411 0.20659830793254194
0.15250859020488086 0.35566256845660249
0.24955940404845267 0.62332359186912090
0.49803126176974261 0.68959317998034464
0.03004606041227696 0.51505498953647122
0.89898639182356410 0.33765643729636158
0.70483969595017681 0.66355699852283212
0.81253471565808566 0.35322072671123306
0.90955637427614444 0.63061637803897808
0.23425407125396455 0.46368602689536714
0.50837222340964516 0.24287825992838438
0.16559321738347502 0.66430428235622718
0.62969798208759220 0.05434381883116206
0.88649975852299590 0.52561484388605595
0.24601173884759167 0.39984312831722046
0.64861708576690280 0.23512629043806746
0.12140977956491009 0.40429003131901714
0.30517328357763801 0.22572040798987617
0.56179712698734707 0.21711464064994151
0.82356295691796133 0.54688777785150178
0.79330575485788701 0.14949691318995170
0.76443160528765219 0.47418907587878883
0.62827753807132181 0.40417125907260232
0.45392686918293723 0.14643692302973621
0.26622100353417572 0.17517509803823725
0.74310511157424319 0.87833318932892501
0.25591149401656088 0.27066064540188595
0.70380759552430339 0.41844992627924132
0.24413246572585029 0.15397305130515329
0.28953313139722409 0.42577933699737142
0.03554046139930299 0.51857338741694026
0.53577520085580477 0.82432192538219562
0.31707715570310951 0.19965436532387909
0.29985644880233064 0.80960194941789509
0.51575988865833033 0.82240279756287116
0.56699685725728510 0.18243179594729761
0.20454431445007371 0.31318243180097805
0.70044885733510298 0.92717042650485537
0.58426143913039263 0.80612720613307298
0.49854415596690949 0.15181127047831899
0.20291560795237074 0.78155643298359845
0.39403764833550070 0.96025469967865562
0.31827896512133458 0.63371708260153758
0.46568929473044213 0.55371160118731799
0.31972430183939915 0.74693641086646734
0.89723774469570028 0.51104375696788873
0.92997156467922026 0.68126962073479180
0.56669713792068932 0.70306793655076050
0.12631023850144332 0.64426751076095179
0.60449446008337449 0.42478845118840380
0.51786485812105687 0.76811458128054044
0.16355283843842569 0.51482460895105608
0.25190101034755008 0.57796175256764770
0.47766537521919772 0.65142376093732302
0.75783996425568756 0.39819898025822431
0.58031556028762266 0.05573527064863876
0.50738872104963151 0.06021685270404887
0.85443289996872795 0.51185398191640763
0.77712308632812832 0.46833066164092985
0.84109559611864981 0.52374674478619310
0.34703410971294019 0.09378199202675028
0.33389093539486764 0.64770428315254736
0.13346229205788557 0.79092219127229779
0.87853559286227356 0.43946250164598782
0.17032313248644801 0.51433948253008299
0.80919368978756789 0.12249386975871958
0.45265703774384619 0.83015857076190958
0.48471923857317301 0.52159108582448876
0.35039538051547092 0.47765852106366363
0.09911608522762010 0.75232920165502448
0.59231618339732051 0.27579100145818392
0.65807881922335265 0.14859428013378159
0.44760391767238922 0.59050476301814570
0.72751924635710019 0.22409633251871433
0.02786928297095295 0.42733867499831873
0.58248830989973432 0.50110684330404398
0.82657345962690365 0.18748035443223277
0.76231811170627950 0.78104813411876473
0.08018812287288114 0.70032458653871887
0.47208498447606251 0.75890564703059726
0.63254097199544768 0.88673042752533437
0.31178942497639062 0.60746330987324759
0.12795599803176522 0.40658729641104735
0.45534569442117084 0.25918700500068120
0.58687517632741948 0.36909365476828282
0.89297310344762915 0.62192936238484808
0.63124177707953388 0.56419758996075886
0.48748924314893111 0.17828696740426830
0.77899032021755266 0.15488524521196526
0.53511806856284927 0.58235353072040597
0.72752081001706259 0.74045693874576746
0.65927402406868996 0.36743859215257429
0.25666734260615720 0.32559454762313261
0.35830448493595701 0.63365179485162648
0.25177881882351627 0.18792827150200750
0.48060815485499031 0.15839228301540029
0.12622873114580416 0.82012876263182699
0.59582083476636116 0.06036313271072740
0.31993502925084233 0.68953428031328701
0.36443145072443639 0.05724798375747765
0.55348698795752982 0.79341054728359661
0.46217070219161216 0.32782015586084440
0.31791700557136926 0.37819316326091496
0.31822531296890483 0.82993441771432663
0.14006087890967528 0.69611936906014660
0.78143587026920924 0.30864217629745860
0.17003177859182356 0.23780114574044145
0.09845780221078458 0.72132246731370664
0.52316121844109198 0.85978257877265307
0.34459487427843133 0.63558464381063362
0.77479759264781045 0.52918143169759346
0.46256223358445259 0.47211074288250898
0.43895552634099699 0.73166197524757182
0.13072287589998513 0.64927861173116785
0.88777606839183065 0.27471680015749744
0.47915093803800735 0.78838897267370034
0.67784493225968145 0.92856014204588821
0.45900665833165294 0.24806724075637604
0.29527072024112472 0.17833149809338478
0.68107962227729091 0.57574656539660118
0.53101084475548099 0.34606123652753557
0.38986781881764659 0.67077824504916450
0.22076920522196636 0.65349641950583148
0.47582356080871352 0.71570866990476756
0.51575101700926995 0.63898709617330751
0.36225502245104918 0.14188999495390214
0.78640863965602326 0.19599212384822001
0.86931289145427337 0.21641119410565046
0.26411304357471660 0.37204026841390031
0.54441956340740105 0.61956884815554392
0.64890134482026840 0.55517639506979155
0.66422987369884878 0.06023228510492666
0.37629436278871997 0.08761571030471293
0.13659654115478245 0.69025429344897460
0.47437083714372036 0.50296183642718684
0.37948240607870926 0.93606449140420389
0.60937001492891107 0.63903766022416997
0.74125125759370614 0.88664085282388128
0.59536089354615274 0.39157205292379421
0.31315409103927022 0.92278979046870346
0.45355499165608915 0.68471197650300641
0.44450853493240494 0.43185063992090816
0.84038174067043170 0.70681315125058364
0.42230622972949394 0.50329951035862286
0.65672755152581219 0.65337835407141787
0.76777755061012631 0.59707342983382528
0.56107622457025297 0.64566744355380534
0.87055373542600012 0.71640820284055562
0.86409705593024755 0.27783267539096790
0.16084718600279668 0.74547283090661587
0.17512606817988113 0.86496075210854850
0.60942050275834514 0.92948796176160275
0.74582517946894045 0.09509309296576456
0.37415540811649783 0.50923737202243125
0.24173770477818735 0.64628666235688903
0.73760860389612448 0.85907105661653005
0.78462725785300536 0.20269555882456464
0.65528685226864691 0.36187986738308681
0.21763814237197315 0.51254763765790246
0.20609000967778618 0.68963821603611908
0.91197516709528470 0.47666714446900360
0.48119922077107785 0.15163488611323039
0.84832993116320821 0.73877298617967380
0.26615951449316227 0.56386451391593950
0.60978881102230642 0.36781749226662430
0.23668808259753127 0.37070744465680189
0.83588130225057911 0.24121000368399148
0.23612356672409021 0.16129496262848583
0.63564156589089427 0.21448684173019245
0.79322793615720555 0.84300126010384324
0.31933942156565931 0.37003551508026733
0.54892547813940251 0.66299841803638315
0.45348151978858858 0.26597107313770696
0.60372356356628609 0.72942199428060583
0.17053783534889103 0.23269054994211369
0.44864106737810733 0.49853139727221768
0.62143365411230833 0.29412039460390194
0.35059621182660666 0.31239860613993187
0.77092326470752526 0.09716717513095477
0.80116331686891051 0.22566478549377852
0.31214565568745767 0.24693328982040913
0.36823467274399257 0.92635839431159483
0.56112390418019964 0.79369563877829119
0.88394313837337335 0.25279863352087423
0.76023836550136314 0.60921043692050780
0.79079937125459654 0.47530556032969951
0.33914722957171656 0.44141976096265934
0.56565733215719349 0.11238281845829570
0.92649013967650484 0.56596870015254497
0.48878147492698715 0.63944351121971388
0.57400339353618723 0.60178604597120333
0.17860938826105671 0.65840214515749773
0.24801613845003986 0.34843334909478302
0.81599250144402191 0.26481349997657760
0.38945630171471102 0.29781177587088559
0.39901620362216494 0.85835333671571712
0.41728773388423035 0.36650050864989281
0.61784690657515606 0.57011070214567228
0.72902560936574845 0.43831740733279373
0.16140197114935867 0.70394188604748609
0.19084589985212869 0.85754524916756847
0.27472487064308287 0.91674773038730206
0.83601309724929407 0.73848249484174322
0.64922221354648568 0.90559569867138900
0.44164771523008056 0.31141003403925183
0.37861869969700546 0.69962468577864678
0.88558290777985715 0.26902210416322980
0.44427677431932955 0.82133858110355606
0.30654765968442255 0.31289857283347544
0.77983429798841919 0.24118644098534897
0.54938750548099269 0.13546373209152518
0.27258755003816060 0.87301044697200825
0.82858761467705222 0.33813890303760419
0.40130566067558832 0.14885685259940756
0.94049500789072604 0.42460312182099269
0.43441557667841868 0.59653871251390145
0.70071551478666749 0.85156360812311238
0.45358192225178795 0.83681854664800204
0.49891363572774272 0.50722343565291139
0.67728729526150078 0.70370695954410312
0.38232667095686673 0.82310992443995290
0.09503439242882608 0.55030617261582804
0.22233628420518736 0.72006598312413184
0.13305357389920353 0.77957744034545662
0.05711033853916828 0.41895867324629776
0.25517992828843483 0.66159257025600171
0.41657054419924655 0.28402550465963378
0.34281935514272910 0.11000023552931136
0.90347175024239113 0.25891646448736622
0.73392665259111445 0.53437881441176349
0.41095683588537840 0.90707305671469518
0.47438471347857086 0.03934535094129034
0.48695055434338652 0.94392003871591224
0.21877438902077898 0.69470001745239107
0.61902273539618713 0.50499406218833531
0.45579218626008017 0.58548069774012712
0.29875932990867232 0.79369276198791483
0.92783157314032649 0.34909724160530109
0.56837334817097007 0.84383429789472497
0.47974161293582362 0.06973461593434116
0.30778299058392306 0.08217991751609552
0.54968377637581634 0.74552355966686901
0.75057024455682986 0.58533264561072962
0.11358606250026342 0.31490504360706928
0.15942136389422804 0.61385854513482030
0.40605707307465572 0.86841844756567388
0.73618576035015981 0.62453482989605169
0.53598796968496798 0.91388934321230253
0.15306476377986966 0.20074102973021943
0.60562684765318464 0.84620793982089204
0.07552680262098284 0.64928673738981113
0.62810646587606245 0.92056226418476894
0.43882332877592056 0.79853135150842003
0.40156403215373437 0.65853782011432127
0.50087457513671696 0.74869885095041799
0.64253937666850780 0.05536950293397015
0.31308000353444387 0.37347110245831555
0.71594013498760067 0.11718328460130532
0.07877407976634386 0.63843222799363863
0.04554670813322860 0.62564042729500435
0.76992895519352156 0.79319947398565749
0.11011353940416715 0.64324894539048982
0.46260986593228437 0.70844451467102088
0.66310391424249848 0.10349885593579956
0.70887808006635600 0.52888183360498353
0.49235672842550393 0.48448930713337307
0.88753115600271948 0.36320920978189930
0.64215956840202992 0.36768606100775680
0.52386244047261632 0.26289285416710495
0.50227425413543758 0.08313500593771851
0.55850332275169412 0.85650238840173432
0.46923699159593818 0.07507387553201247
0.52195946097661261 0.06360973156790539
0.93465535070155792 0.42760603722518875
0.63020480876104845 0.72783607684194584
0.43061273120503490 0.78772377000960614
0.84173252300461843 0.27783265077022995
0.61720355757882894 0.25202717906245409
0.62678595737232234 0.20761311186963299
0.58049216138168569 0.46393071410288139
0.20531792181318212 0.73995528754730167
0.17516599286685050 0.81003496158966737
0.84263260027496767 0.33812079439761689
0.38475962539006808 0.63396878946099566
0.24328035415745122 0.49033155516786231
0.83471417366820677 0.27790030110298036
0.36058753093351287 0.11335553821427655
0.38479533173495772 0.57131048726084221
0.61663127317576949 0.72363430307493604
0.79069432930738537 0.23358514317278559
0.45946763716986611 0.89516919878751267
0.90806771841356626 0.25148556844172232
0.34198804060879950 0.34397022542640915
0.73980667725154603 0.13313309052003491
0.64198932530994413 0.38778947783129880
0.48713785309271129 0.27999865219235287
0.35717357690383567 0.78329382521561275
0.52080548427481943 0.68605287446439811
0.52272840345630645 0.62802847570821796
0.63815550553146294 0.70755230089895216
0.31727435538904875 0.23796417970552702
0.75140893386753915 0.36616834772451845
0.64133258703470808 0.87721282892910113
0.20872407744345609 0.21090640521383927
0.43469441828687888 0.63410439825806797
0.19396982507444191 0.15398398455976461
0.73549908642240236 0.61669994893818869
0.31948251784633641 0.16753333917031502
0.26167164500920181 0.55863277669644151
0.30751123214872433 0.82060291179137002
0.33209413900921242 0.16440293520841909
0.81882112912129290 0.39733740638887133
0.22308454481251075 0.86059575939882149
0.80034757127317713 0.48516966167945730
0.38611812256230293 0.64055390620159103
0.52074766173186349 0.21041030636058117
0.75612589472121206 0.21573689088433623
0.53942472959915622 0.77538567793798396
0.16358524267307983 0.72467343152630592
0.23455738703799656 0.91101991386192971
0.65496368422729045 0.80075600366442745
0.21559508929485099 0.54314153875764126
0.62713706024704474 0.18632511017595674
0.44612032150023267 0.05630061501255519
0.06160647324774998 0.52023053613176551
0.44475931145167730 0.41403530572555702
0.24253119030712364 0.32730522816104141
0.04788916124812177 0.47740690665605684
0.40002222388229686 0.54601701762740806
0.18504208679699841 0.56004359786993219
0.37784000188046313 0.28814094691973302
0.55351961668034311 0.36366984951197934
0.70458997813661295 0.61681126264996555
0.10351759955849907 0.27434367836240020
0.09356868538731890 0.40593760613437119
0.39587487695209550 0.33946553548055453
0.28766017050572501 0.22482593914025140
0.87229851068920161 0.63401646707464299
0.86265577442754582 0.42976746853101799
0.10531724552834537 0.28327867480619845
0.23993781888431234 0.33695467794598627
0.53859271024684041 0.53572994381138328
0.76909885342259798 0.52092554053978690
0.51994926383896778 0.46637011392138777
0.34470452593624035 0.37950787705779182
0.80215419448880132 0.59354236009329253
0.74944673193634614 0.73837127594561658
0.63431563093500498 0.43132776067737294
0.72712527041576258 0.58376247325925357
0.46180999804503703 0.16410943205393247
0.45033902863436098 0.93244375601134388
0.28626331978555419 0.09924592376151295
0.65566699302960951 0.46353329941856286
0.70796551753478787 0.31560589886394780
0.68198316627134004 0.54940530612283289
0.06389158597541511 0.42608264747978025
0.87282779580989500 0.24681908217276557
0.76411658527266280 0.63961312031908779
0.20584002510282651 0.27530803533685810
0.52441042843036145 0.70872920546546236
0.89114058253259898 0.58818062065522281
0.69216063690981056 0.28512928652661118
0.84636558031468478 0.31531447177830940
0.41343625281302959 0.96314493679972391
0.42306252203007211 0.84332032571050608
0.44271857129876696 0.62951026611020511
0.45339084013274644 0.96928785952306906
0.86192626233378533 0.69110356652039318
0.13751211718957526 0.27102748545211625
0.73401949361257945 0.35502609462383528
0.29986279760945017 0.32930440836970076
0.17530640754126120 0.78933917568150669
0.66491100901676026 0.09167355751271200
0.32522351800480248 0.34728639861030070
0.17882784986591754 0.28852519308499447
0.76623532520961746 0.12563651654203706
0.31474401024767823 0.53414294030150611
0.05859710041694579 0.60316436277271668
0.38069168004544363 0.86704260160706192
0.44063704923731539 0.51915867299104224
0.83067406554126644 0.54548426715923903
0.25250672150034476 0.70744952978744913
0.69905007571076450 0.16819526027923873
0.40494167881242582 0.36177915532723992
0.06625865585118611 0.58268455551611098
0.29674825489952417 0.46404274728996397
0.80174043899560221 0.21820105602338694
0.06512638845079596 0.57711394849837194
0.76640655240989564 0.61966064223888728
0.66380490262241632 0.51936016875841895
0.67619714887406357 0.34646587469366041
0.58506691548732759 0.53679341712197404
0.94005561559153283 0.62306061581272187
0.61802882525031877 0.30533009295892488
0.81020395274534940 0.72250005494083369
0.28574777254070172 0.33249472935655972
0.08646410889868697 0.65229587459885929
0.67721383447912731 0.68765514199578726
0.57956646958893976 0.18878819916235093
0.65907587166585502 0.12326297322231290
0.86306474873436179 0.35837387237214618
0.40350913853858733 0.49578799344414559
0.47610894191461095 0.42711368188679683
0.48773839429819427 0.29406422514826724
0.40246990866995291 0.04687002486669552
0.24202577835579162 0.75269518368713151
0.31259229105191211 0.12809550518414139
0.50334122319327856 0.91044435482981556
0.23020912881227243 0.22309054711745699
0.48238970866499975 0.81610034618653926
0.05392450984301778 0.48815957904023044
0.93954013620712473 0.56980421786722912
0.48981388589250485 0.60635480419309595
0.31972528111283233 0.82163543850960163
0.17395234285553879 0.17886570565762963
0.64218077589138534 0.55694669983159106
0.64545611091821342 0.87103342798955063
0.41952971898169261 0.87064344484907130
0.56408486382595635 0.27825394300080747
0.15258696577157022 0.66129899413806237
0.33152643470619519 0.47051412886103772
0.56649787903207549 0.59901367543334938
0.12485722476859444 0.33944701158714019
0.48405847668522783 0.26009673956349227
0.53231718174010845 0.27808590231619812
0.59109410190528355 0.87644341973285222
0.87523398649776296 0.52911368879291321
0.67575290585768055 0.14117404351286347
0.72431204308238673 0.64913190600824144
0.42561839202614082 0.83054526105614168
0.66048676563163078 0.27591543295174764
0.22244233499964522 0.81670745828906421
0.45019423564663669 0.24622395523795723
0.39190304890173444 0.76033222883008866
0.17423572298308823 0.27439713188744830
0.27522067779595150 0.23022969735475096
0.51254312262561053 0.73506663992749555
0.57663042787785834 0.35860980257230396
0.27061561526967171 0.09479539127614911
0.60678713474125989 0.75203290215681318
0.66097310900786066 0.24247233357274500
0.57856768301558070 0.87452198266481573
0.28985415754101840 0.80879182050059806
0.90791434291785689 0.64218019736508825
0.14526997093666083 0.28070124754906783
0.26718172390610628 0.35292435448703285
0.64434119837259951 0.83637435689272621
0.12438579895067636 0.50550214316574116
0.42481007206155408 0.39422814177297327
0.63058499166605209 0.90480892089238873
0.16218729583546054 0.27768629965661612
0.39203841136397632 0.77383944939376981
0.56436667484864811 0.83849403654783239
0.38919891777528959 0.44576964165318422
0.88743215348079096 0.33076530785996688
0.12577740776690721 0.53421273551169812
0.68724307160701270 0.09633042179486316
0.37398265482986170 0.08267939550210848
0.33227820635556765 0.59160283842233519
0.70969214872338593 0.62096281638291617
0.46923332434599363 0.51478639754057276
0.77509977204471547 0.70299508441910830
0.90723627212940505 0.54013573051213004
0.56072580862036203 0.51013046301151832
0.35996758723970734 0.69853815646944528
0.62362764905536694 0.05525346449055807
0.77855452246180268 0.61605235513239742
0.45608144311906751 0.43118724722978619
0.79394752604597629 0.16720568598914323
0.87833201173973230 0.68896043839683629
0.27809364454639812 0.49738806272432434
0.49177055642480555 0.89963599815563622
0.15371499602511657 0.62600976421773491
0.38057857377966997 0.24196739298284597
0.53232016869930443 0.78438141174623510
0.78392130462985288 0.87184435968599394
0.56662607644599072 0.82609163487792803
0.82857969513890406 0.60052503627290188
0.93836517353422499 0.41079308223964434
0.47209218505408457 0.91310609544671661
0.20433810242035430 0.51900355741711568
0.18079873460543117 0.48250487369320616
0.88145102623935978 0.42161124155314400
0.48636481029771350 0.09266568693112850
0.73078017046266064 0.29612918676854755
0.90266888123475897 0.30654456441597910
0.88838236647330038 0.56307709998172606
0.63308968909545937 0.93351655707021741
0.51489250954944377 0.48599534090575519
0.72305105038771667 0.10095700242214597
0.34505867110658078 0.64245754443425174
0.40648482169851674 0.57158470182243459
0.32437198918951454 0.92670729289087450
0.57356728025470027 0.55266593582106560
0.92348356983072277 0.69515781789877928
0.63291500955018076 0.77315471778440104
0.42056255821066235 0.18503981561553395
0.69983611454208650 0.20782876953897791
0.87523028298528371 0.27468489090839776
0.28772628734371952 0.07302670133105062
0.72813499443752783 0.69939454024951819
0.32790753166889258 0.88433730037916014
0.26114178909120050 0.51589205232762314
0.79808574592832648 0.18299478709588032
0.57473304766719335 0.83117060585414559
0.44438784973093615 0.09947705895217783
0.20896313410932094 0.75035481339436927
0.53234305977740037 0.49486610669805287
0.20638552869367022 0.16575196267741804
0.68158698692288122 0.48113059277653691
0.30946010513050154 0.66513684731931011
0.45781475856153514 0.36516208884776530
0.79296765691668591 0.25318979813935055
0.47838154110992981 0.54574886792491162
0.68543386690963637 0.76472614282298834
0.57674575655237637 0.79464014531509886
0.86634592035700209 0.41660593448176475
0.87532156286395446 0.39223129367028914
0.42069832881482772 0.64941586483333924
0.82741154561682828 0.17169413288937141
0.34825780643626858 0.52154333069301684
0.20746935429140007 0.77663623994103437
0.93050525353335267 0.30668015682674299
0.07223542479216009 0.43847845489915760
0.46726904575319772 0.15904459805690008
0.77662508515572026 0.73131638837104151
0.24642800446887550 0.23871271883328396
0.44161406997886871 0.40139149946146380
0.87881652009496480 0.74501459386514723
0.72939589228349044 0.17991717790515530
0.59242482663841700 0.58559622184224480
0.20460386879761455 0.46759378510293625
0.95276391022817852 0.33290240416284578
0.23084702604304927 0.51380241684222505
0.14332175042941844 0.82439359206399176
0.74482553121804340 0.13937794494317085
0.83818221657069492 0.75698659701597149
0.13367300794259568 0.62975657000790808
0.08947295847551151 0.50952178748423560
0.66316894389948478 0.34289952922676964
0.49964501970212699 0.23433699747651535
0.69896192929303502 0.41381805137556232
0.46444139118302857 0.22437363417288828
0.53358901357922361 0.81518500009110351
0.81599309988156254 0.75280604117048722
0.26454475029295643 0.76464723777171451
0.46961028363202634 0.19142326871419854
0.37855100668876640 0.54605269444664684
0.57424324003970384 0.48122417300285247
0.92580355457237007 0.46522387187149333
0.28616340887829622 0.59296968382289517
0.20441013138642253 0.33614441401740736
0.42500115709617126 0.47690503565497827
0.88351350716983712 0.66323476817925153
0.54161467555809295 0.07120435251008271
0.43034909561980528 0.13171799646773025
0.69268606567922475 0.18139792589032472
0.71119341398223190 0.59332653432526183
0.48905813409180843 0.27365377876964608
0.43959987865865796 0.24001026934593006
0.85623055307578044 0.15801862084115001
0.24519041886325540 0.17967634509767122
0.66808849858405861 0.63644932816583000
0.40350288742820439 0.37218081431510580
0.29916563321894241 0.59774513936610540
0.41910263107155882 0.83387494812694485
0.19366614074295782 0.77282931872701743
0.42631015543729189 0.76040622100740840
0.11022225084171609 0.60948419372753437
0.37147408784297298 0.07754789709053909
0.80030361100319591 0.23916205940856669
0.22920684323905091 0.86144868610210756
0.69853625595642643 0.09319141565285936
0.44185835819786951 0.84789901028163339
0.42174610191641360 0.40190933594687395
0.71698619005994324 0.89136786993230133
0.60548131034177632 0.83359020810512274
0.90161592273147861 0.67700179582923403
0.67141218344826925 0.46166689536925976
0.65026196640671496 0.45840311060437455
0.42636327300560622 0.52397947273749135
0.83566988548280019 0.16056823961092737
0.83776203964715334 0.31812117544042134
0.53743460908578700 0.95723775082273788
0.07363143836978134 0.67099569127206948
0.76616555098696104 0.33930275031430512
0.40481735667748669 0.11773413981593946
0.55760656203135850 0.06866638079615382
0.76637635687239403 0.14348088084388458
0.17796738610155777 0.33108680327436069
0.88357381764018394 0.55134796355150406
0.44206975961164185 0.68002454530314616
0.38063738613367232 0.92493556856312231
0.05144413762413929 0.35611533019620212
0.65999221808876052 0.46920106515676785
0.82656938440299776 0.65310145589702640
0.18976010001851629 0.80462211762112046
0.12317839744542340 0.57414064512959251
0.05083944556857881 0.43931542622518716
0.19154493525637298 0.57266894443774008
0.48908668351030876 0.61308678965564156
0.69178407387757923 0.25989770975613813
0.80035969755708880 0.86189733642570987
0.53023221994239844 0.45966246830472279
0.58973170074968717 0.15628847229441786
0.61880464134765312 0.24563263716667649
0.35345138797199188 0.65310955386965763
0.85988635286249271 0.51835119105580352
0.39924584614410713 0.42904071358782409
0.59411994079364983 0.22976257285348572
0.65610173320889176 0.43184624392977261
0.47108247210006204 0.22765239829363601
0.37232597328297712 0.72109030200677493
0.37033847756647270 0.43447937124825203
0.36362054972751451 0.30000438950600200
0.08770068914881285 0.61384963608885645
0.70830378554833040 0.10266733043804845
0.33440833422628663 0.45498273864796357
0.42308476609250806 0.78946377646775190
0.87968810204304904 0.60475667776723119
0.05629779066529457 0.51794960503360188
0.52469940969650675 0.61503779562607219
0.41179160837651596 0.75266512373028793
0.53786953182914587 0.05664961409087695
0.66288605356256047 0.81209226503521059
0.70456828194614518 0.23543462137546675
0.34773393294388050 0.99999985914325429
0.26015476953212940 0.80262076730236664
0.49708989448503943 0.11012949739326003
0.42374860399923869 0.06814573459287568
0.67687037698871488 0.38097218338604860
0.12336770273078154 0.38676503184058680
0.55328228688036751 0.57310144872596214
0.72595083681060601 0.80678625700049278
0.25290182520387938 0.40277577343931398
0.15343007327612918 0.48543704303346330
0.25878371721564242 0.59653837651666364
0.70772060961762473 0.64925980622389912
0.71228034440944232 0.89998019934072704
0.27398169686336937 0.11825128472451020
0.32136271471656741 0.55724977197105585
0.27405711862398741 0.64623535077208194
0.23249935287579318 0.14596289255416209
0.54011104700680845 0.84930895255955374
0.88970229021293601 0.41427447828877778
0.72391286550080713 0.33140665703407601
0.91180108051891284 0.40626641573263411
0.83059363726855173 0.16577595822682947
0.41281640613035414 0.72905599933629206
0.43394591065868099 0.64789851740660220
0.46528322035804071 0.78451523366758780
0.19894804629290538 0.43881636560891091
0.58036662630756675 0.29275355618838406
0.41212846266225972 0.83481036416160737
0.32446012754800896 0.79291681559122240
0.88208047049665250 0.36834627626334371
0.05279269472153718 0.50409212990356866
0.30021863927671411 0.61917458324080821
0.24958794730579270 0.63529715456588010
0.45240945490878393 0.55032535378443881
0.19231832079039013 0.68617239240933070
0.50861268892706224 0.48191787671612651
0.24460034861829716 0.89911874994232677
0.41717857128202596 0.52688979420759896
0.06105086795292668 0.53890906165974128
0.43236826687918584 0.92963463086416254
0.57847384457800921 0.10229454449922992
0.89348194608718412 0.33428998217376793
0.41132635654562200 0.06470920789863750
0.56873947279481329 0.49203955680633277
0.22908728685104790 0.47327595395737376
0.12463017233249681 0.79940845954508921
0.77912173319585831 0.39544307418159214
0.02372728044683289 0.45714245123584424
0.72409163404650345 0.30020334377373886
0.12446153265133512 0.36876960437179701
0.86300719969378969 0.61632053207280468
0.07785521351981191 0.48362500959981680
0.32204874204517631 0.13504162726482880
0.80021578202237498 0.33691696045016456
0.54385816071446635 0.10346330964917480
0.43909055309900163 0.92940354368887168
0.72968560428900953 0.65310383415662221
0.39803188544590640 0.58486367942472572
0.33253589943862105 0.17115940295184368
0.59525551590445458 0.23839797935779933
0.12947021619493801 0.78462325467522331
0.82423306063348678 0.16246892596726512
0.91853816540646660 0.49367677340086530
0.65602355316423644 0.26270024896702032
0.19103029621059106 0.24623399064514734
0.91659756610443621 0.43767818281091936
0.52084675066192865 0.22523200697005691
0.79460872337065802 0.60373540983210239
0.21231349657684218 0.78060294737631897
0.28706414066254515 0.27451246568671528
0.63599350792458886 0.72107692906713017
0.27497030426202623 0.13312505426082477
0.36672959624260604 0.57070786542338370
0.46004898230379698 0.14945722941506004
0.58080265455255686 0.82826886573792768
0.60250791742268783 0.76639803934511663
0.44628564965413597 0.26709850275417313
0.33831989095539811 0.31999575029159610
0.53080957953634467 0.88480410223099015
0.91235786906154470 0.60120860825048228
0.18491634191522341 0.75594000826977359
0.29197614610104300 0.60866207156605645
0.41789826973750022 0.74884438809271492
0.71157818837064202 0.43128849892310034
0.30013575664770031 0.68357971779926530
0.50338635275285304 0.35666087959270881
0.42610590429303002 0.51636457668393398
0.40941243297536023 0.84154085440288184
0.84473501835420706 0.75672808824918714
0.39004685451192356 0.91068203438898032
0.58947126302456387 0.44827931188116554
0.81494702632073746 0.23922202411396301
0.82492466110918194 0.29915276072627517
0.82304264754899858 0.79931526577405754
0.65096915479643391 0.08228282173697872
0.67024425386108322 0.20818563165643292
0.81360068355467230 0.63903796773128774
0.67135034785693815 0.73316043851230628
0.72462902642443539 0.89086201917907293
0.56358687422468012 0.42643619715881731
0.91584649100728988 0.55129032373620390
0.22722992597091848 0.87238038475414104
0.84311606295871411 0.18189699064485823
0.37045116701355629 0.88277739695078783
0.89173756430528006 0.37567970107031134
0.57495808803446824 0.93984375589539970
0.66774552877636340 0.93091949816953445
0.06802158739008206 0.37048718459890129
0.24563098411310291 0.41504361842478849
0.30950863315805016 0.91743069044952197
0.26952097030247268 0.25386032308054290
0.59177218739030313 0.53794852186359265
0.13661211767195444 0.35407310939589121
0.43378539114657899 0.68870960679018201
0.16133366358914297 0.73833228643709525
0.27630911188758583 0.72226322706574486
0.83000291629110801 0.73991116633482235
0.54263733968230055 0.06512707721113281
0.82096311542305511 0.49120549303550470
0.33139109536797579 0.76052374136917600
0.88615863502898196 0.62231876961819055
0.14533399009912812 0.30230644545549279
0.24554345049766244 0.38074183579575949
0.42885892976603690 0.21343917949960220
0.65320531999905851 0.47065497019918801
0.17999642379666245 0.22042905426474640
0.73397042712427163 0.25253760624840182
0.28018002096325345 0.21321683728269822
0.80851867466763661 0.58754389710204580
0.73056203495742889 0.14786368171591435
0.65266360995661676 0.30754417940826367
0.07380096254256695 0.69557267234470865
0.30214176260984382 0.09857667739445868
0.90880942277843468 0.67438914982366005
0.61957326556775028 0.55662144479741815
0.66272370811397263 0.86198459097679780
0.56603511485503355 0.34133156672167886
0.56490504491046367 0.21125441444328000
0.67198203993884242 0.07591746649663435
0.48251774238612821 0.94845569894319648
0.41601644455130526 0.17941276405431580
0.75442229223964219 0.19132081001152204
0.56933564061823805 0.54416068974378928
0.39242449943216434 0.85944923480289537
0.47291054501925534 0.97755794240851002
0.25919785910834880 0.16629349907550009
0.84450903316523473 0.41846482288109077
0.11324489936054083 0.77128265370539384
0.45010960097101665 0.08799658448363658
0.06274121980380302 0.38666378579034288
0.48098950282829878 0.04062043716090386
0.75388853903533226 0.54168888203502819
0.49749476875283416 0.35214206970761025
0.62479491528431619 0.08801966074695207
0.72023216740381713 0.80995006536971825
0.47395035641322969 0.05481812166503413
0.56435569885616321 0.47208514795353962
0.79228150850507162 0.14336226281922745
0.73214212867494122 0.51569130414105901
0.08131500178637648 0.54746321042993373
0.57814966160217085 0.57606993969424258
0.18445556658274892 0.67148223610720537
0.04817029338182499 0.53746447578200662
0.77803951020935902 0.20211291367912287
0.38872762945707257 0.82115807076445269
0.40839667581051009 0.04881647693995651
0.59632995243950293 0.32910435344653455
0.38699899849720515 0.80567917578464510
0.64884212119866136 0.34119580490077456
0.94637761548316002 0.56055810967448982
0.80254730197189639 0.57949836819154088
0.14883850056398065 0.74531748752220151
0.39559369617340584 0.37322643952575080
0.30998435886448600 0.57362560442323429
0.69017733254084435 0.66183074816134246
0.67591835570804715 0.52698557720847061
0.65184935532456356 0.88215486601012105
0.39582208416435921 0.89902502090912917
0.45149681571789263 0.47183208168379603
0.32744932162585327 0.34044312532088661
0.46101488677055258 0.29271938010046400
0.32214710384220374 0.17988983377543941
0.82506942804946992 0.24490153291722055
0.12525436672996654 0.44479029701008976
0.25736922174904309 0.38301108364821274
0.56437025924613393 0.25513380644367828
0.81609499533089747 0.38964499640258654
0.24784711853577743 0.46427530884453716
0.45151823018670950 0.54297772094428165
0.39004739046888370 0.42606125769795250
0.03205357184324429 0.58308368327274906
0.10793852574870305 0.69472117729580440
0.33142296069092697 0.35996319985976943
0.69408071247455727 0.85230562963641143
0.51907588116642533 0.61163802937610035
0.58479483970532264 0.33794116043677175
0.38561005515424629 0.15402083256222865
0.52136155004267981 0.38053980545528227
0.34420805802191834 0.41319511557710736
0.45587008664246143 0.66562266580637863
0.79398183836407465 0.81850870240851037
0.57157008171791102 0.31524216402015870
0.08942538203416495 0.38709998720067579
0.58306779001003672 0.15471792384105426
0.67487965103963554 0.24380245931777522
0.73301465832236123 0.76805475414697788
0.88866074701197673 0.55589966146490688
0.14331076369936874 0.55472551004990223
0.46880612413401840 0.08150430884711682
0.72976695253932367 0.68647377491354911
0.81044599848437526 0.47946005258434549
0.24367872268282151 0.91378595271907204
0.20812642153753858 0.49558187344921373
0.65869764916258233 0.22879716595644325
0.23562225625390060 0.39027634132800632
0.42292412303032317 0.54597463702412996
0.74775902412857831 0.59422007411322975
0.45739297274916491 0.46809022874116291
0.41985311927073116 0.23364377638164602
0.65957073307895098 0.25587065528114383
0.74596375432994722 0.24468531540293051
0.17334098879096316 0.70943575430139749
0.03974732625704669 0.58020934118846745
0.90341836049932545 0.37819258779371895
0.40690917418775324 0.10324784917908227
0.33799816802241428 0.31333105280263190
0.61559532167181008 0.03855850811107493
0.19049167201822712 0.72166369604296121
0.60991136823444292 0.10818318109853446
0.75468785510043401 0.12394407617337330
0.67913233547160790 0.86802099561559398
0.61451510613810101 0.60933489902943272
0.27242317801011490 0.13732994201078194
0.76285917933585734 0.65644403450218314
0.65580537158487184 0.72203766139044079
0.84770961013408652 0.22003756631866800
0.79361901599099416 0.23955092899110866
0.04268368098280851 0.46796939324858972
0.46956937079752559 0.18424848302291807
0.51878751965514192 0.65447670178235395
0.46885557633686437 0.91864190783560928
0.52881433425286806 0.60934476031487461
0.82388844893935897 0.78263680332367969
0.41075374400160547 0.39610995083213424
0.46896207201405055 0.77278569303196798
0.30659875782012896 0.13073347571760396
0.89946475143498594 0.31680550289667903
0.17208708981740473 0.40224132323733114
0.51000678732148019 0.35910427409658235
0.28716645479012287 0.64230353711127108
0.91749901112957166 0.32585749755762944
0.63194467656965025 0.16729441852044799
0.22043630411469628 0.44603872137507855
0.57272220420302566 0.35302848138904674
0.31874225367618297 0.64142378120333154
0.81424294858831425 0.64721084519572536
0.40081152312655255 0.05274522899241312
0.33927793453144334 0.94399248827900140
0.27382524814392023 0.15603976728742994
0.12534893173957645 0.28655608643107428
0.76179281298881019 0.30676260173130193
0.60195082646486064 0.49330103644712980
0.64846463376124586 0.11583886454186051
0.88729020444090256 0.31243438784412680
0.05236647635772480 0.62021615697499666
0.83380200747907041 0.42633410045038705
0.77449981783159871 0.20850726305674949
0.35347864426384173 0.25093641988001225
0.51074131901652609 0.49096196184952057
0.08142094492532499 0.37952075407077512
0.69678715214169762 0.17458841974192263
0.64504803000206490 0.22010018078231749
0.41297406861148234 0.86840362215352018
0.53734624802708053 0.10405459837999362
0.38853927746209488 0.88972403347045070
0.71916746061561432 0.85043028473208693
0.84182182482664802 0.21775051361627970
0.25001787057707220 0.82961556802601655
0.81724014619588103 0.33077124621292137
0.16589815431372582 0.32655311409319254
0.52937255148250695 0.36720915959460759
0.70880091877823259 0.50580144260318805
0.47495983262492880 0.31508047431745140
0.54621041425157602 0.79177239501575125
0.47498097575247533 0.34976703783617352
0.12639673371691565 0.66190399544314138
0.13386146996569648 0.42819507519787364
0.11713035021234502 0.75569110400408379
0.34311053388579765 0.83320005562447719
0.14254145440879745 0.26587482137421869
0.48720014639138354 0.84845996234209087
0.78140770577394170 0.53945120042592154
0.09084128573536830 0.38205850444893619
0.41405485148206117 0.65173358495144962
0.31236807677459238 0.59389078915499749
0.36990709140808320 0.45431378435581571
0.60310509930250400 0.44678254029384373
0.64011513345924709 0.24068381898736693
0.69170603068333425 0.63465273222618279
0.66701942268469328 0.57659299248633256
0.07953375534181367 0.57288353552284887
0.25383741551584327 0.68498489906387050
0.72960539430416282 0.16256756718002011
0.39578162002435391 0.78604944916268771
0.20652634907921982 0.41232332631175667
0.90916188780014684 0.72529071355941177
0.61553865417312270 0.68348476756484922
0.25516965639096245 0.80809063038267026
0.83975781499192836 0.49960909286787897
0.44535072223641675 0.79859067472133161
0.53357616987136003 0.79131913177003110
0.50564966024573577 0.65005833300548588
0.58835863220906048 0.65952429372550236
0.51829521098034015 0.11260762413081783
0.61793392924478918 0.38055541175585772
0.03972055259243776 0.57333076639287806
0.48835662908208038 0.33440625141980918
0.09043612185052255 0.41220099368268143
0.54330468499942841 0.31186659796126909
0.90124471647993554 0.36480231976532851
0.79707311388123758 0.30372883327968547
0.20322876058364761 0.16098217729277062
0.93236036710867021 0.55881833149796978
0.67185960200705797 0.63053110307217897
0.82007867923548727 0.74776035871701063
0.50161634155116996 0.27935954485922027
0.46647528625665108 0.86904410531087728
0.81703783900803861 0.82065520072088605
0.57344909392952537 0.73937465049725137
0.24129828230324035 0.27304991958821534
0.66582314090482397 0.20163490452767929
0.61210756336999739 0.70807833554506483
0.32342243533945408 0.10720714933021680
0.74623052325265538 0.16594702801407582
0.13934480601674737 0.28061595477084650
0.88739357311965894 0.25835556779004132
0.87272448038410200 0.45208643273854648
0.49250529789807290 0.50409871842116849
0.16731767617020019 0.20660362524088552
0.46042075937001198 0.26426923810479569
0.48212133426736409 0.44134897566491749
0.73109498629916825 0.36244367288973905
0.16881130185855509 0.60781304828044547
0.45574799860750081 0.12951931464744521
0.13140856943911869 0.61001760459926091
0.32994290778490099 0.42389996356799514
0.29467210564233104 0.70317894987395502
0.57257360439740379 0.38469566485982054
0.71054713957392746 0.61248466398430268
0.82590508540724039 0.63050456346961214
0.71851345491552865 0.23281858631765723
0.50952480930373589 0.20235511491355535
0.08923478182361154 0.30627516597075971
0.83634424359644322 0.22891876628859958
0.36640233932851851 0.71742866610968026
0.76933013842455511 0.78096912315435785
0.60980402911521281 0.04324606140287554
0.55465943713087895 0.21455468316477505
0.83626365949857207 0.52933158488468701
0.23425803963953623 0.17661127594201864
0.68320861761797791 0.63505895435127357
0.51012296180622707 0.72210995293822888
0.46859902290221450 0.93487540710735839
0.93924489666965139 0.60630140053693260
0.44284414692288693 0.88327293064953538
0.68527148898394286 0.18100976729547116
0.16622992955518814 0.80280090563661943
0.40944588657868974 0.95643233760048063
0.29911087696444177 0.35035649036577465
0.54569065523729121 0.40309972381487147
0.40053231609853363 0.92375149098645082
0.94069421786626761 0.48533862979873921
0.22542298216636381 0.83443503974323174
0.40550811897253136 0.74842294927088082
0.31353437305237847 0.39828612680250419
0.83740700116021183 0.67461682124744826
0.13015372488636373 0.42296139205983818
0.68043567221607171 0.46401393011567738
0.10131897543111222 0.51201200738726815
0.91809220086956300 0.71134374747045592
0.30326665533065739 0.92916432438825114
0.70529049935721588 0.28940417323785178
0.72905522088736929 0.23963368986846409
0.62696048837901508 0.75655651630503651
0.14001477339032234 0.67099935795737797
0.71183401993821394 0.30914667461757761
0.14049028722293042 0.60543639752847200
0.31796528233626686 0.05066359971459320
0.10034141060590133 0.38375089034872956
0.29626205735553540 0.38563762532246665
0.17479715798583745 0.79573878520262531
0.78007220360917917 0.57885167910206758
0.57859716646325898 0.78804941792533956
0.61134629003456897 0.03289811578878117
0.38373817348139655 0.43134259150107529
0.75099726934746536 0.76967837265433270
0.11728868067059886 0.71589104406357595
0.79052993685091599 0.46092222160958213
0.34051806981319988 0.69990822174598089
0.22088488806750087 0.68072483563125330
0.39444190946641183 0.05366384763424189
0.18237173880208879 0.19684050323832772
0.26436129927466873 0.22296103721231031
0.11962705424436663 0.50962906445452671
0.77375091951188224 0.14364748939123542
0.43202047153141476 0.94007239473795101
0.20045737572952566 0.25680690162094522
0.27273651522173448 0.34889795819746988
0.05924818646659685 0.64990756918239456
0.44826157672865086 0.92491250155818283
0.36608108228752190 0.28568362757582044
0.37971177740743384 0.51620962265848136
0.62226068309076354 0.69456648518931818
0.65499535387880958 0.31669745851855374
0.47331958350697190 0.16276716327802121
0.08229845451227755 0.75570185554094316
0.72250407903730374 0.78677005258047916
0.48117288420598697 0.23691302740793094
0.26890472721761305 0.89154052730313560
0.94266014554298361 0.43825449144842937
0.62000899105300378 0.31194533909705696
0.20380642358765810 0.84618713927498979
0.78656537573161556 0.58032151755644423
0.30663993777056214 0.80557462970400040
0.65562513847780368 0.86157184123094965
0.75448915206988743 0.13085749737553692
0.19122333131617641 0.79862408190261880
0.48876096465084773 0.31464487782196354
0.68468927688748737 0.43803154286320034
0.09108303665785175 0.32436607252305638
0.14465151244370256 0.21273151244865796
0.44974522001202344 0.70651498141112201
0.14256483236836917 0.50785139978884541
0.40597290537156150 0.96514138292333695
0.65089847304999804 0.14816046513782671
0.47688393993816452 0.25862846214741442
0.55967760448352455 0.59594860197483479
0.56462991673328011 0.56346206717720682
0.82704882634054599 0.25184969130402923
0.24542645321030923 0.88491592238375694
0.33493965831776629 0.17799760605766335
0.66879671185669465 0.54413711665176812
0.82168446102779591 0.52093591613495849
0.39570942737834652 0.09678107276814045
0.70529018934067611 0.16991203118279197
0.67971766837716685 0.22980799409530586
0.71171409770372718 0.78526495962460541
0.21418609044729123 0.34533071154677952
0.52420956695202503 0.16093777553416980
0.43141592715047816 0.19751103266378003
0.76647737324289522 0.73669813924605243
0.87743058838574339 0.39904144409388548
0.73468233463057053 0.48205505961542949
0.30319241306278805 0.54585950994355248
0.24000655956609476 0.23995241342230259
0.31302887103712074 0.50785212058445328
0.85230397356145626 0.27125420387485882
0.88191809627638618 0.27621751433915898
0.64018059670599381 0.06598594407382941
0.67501020403452094 0.77952298050262991
0.29099088426915004 0.24122033744385793
0.45837240551616182 0.64576643058596550
0.68882521850915612 0.83949386665829440
0.79876113650969627 0.29502100210922755
0.18968598214378912 0.33686312872036783
0.23455613801624858 0.25402122903743357
0.52034412495002402 0.52280756303523834
0.77416355068329523 0.80216355498931591
0.57974765952078489 0.80115922372089332
0.51828433048222078 0.50180876824280973
0.13300520591764711 0.44309534764635317
0.56495168213526004 0.28517666135704239
0.65706214431583498 0.67050396383853250
0.63375977573660491 0.54639459912866728
0.46433290215376422 0.82512216401815464
0.63321511218189241 0.04834090385605960
0.93384414637662760 0.46723775524355071
0.18614055608493543 0.24090493091460755
0.16528494046170278 0.45906471820753875
0.79208996207218130 0.73326891309585907
0.73560409346124134 0.07838437598090220
0.68707786113796743 0.21216383845706027
0.30556028977509381 0.91291577164706939
0.68819362396481709 0.38795882852204577
0.70562898564847576 0.51212566600565046
0.19913988043186551 0.47275429708552702
0.15473046961676096 0.70665794965991680
0.66902374573643797 0.14414718288797926
0.48412938384992427 0.62244198420983499
0.33882084750813080 0.23704535275667923
0.37693609879695167 0.41055772171183635
0.18946307283569372 0.60141033597769411
0.14369664815093947 0.68457407046393559
0.61729019947629893 0.64732576233855721
0.52514861399411894 0.93982721960664795
0.12293561856191164 0.28221196649379893
0.06920804388822455 0.62427345421853175
0.67825189681512310 0.40463502142518815
0.38029457009463580 0.46269759568111202
0.83047515334863364 0.20934019089783015
0.40013184926912188 0.22973904333546077
0.87885787367992940 0.32311523984664881
0.10096328444392982 0.56129821585067352
0.44719973590029560 0.16946408342155900
0.20891644081606181 0.39166621749388025
0.44500844430441816 0.17675544881164290
0.31719886746016662 0.74078454764896706
0.11629416609921853 0.37874537711778156
0.53432779570329425 0.86442263955203302
0.29897448117805053 0.49091908879297985
0.67277883797495330 0.90420530408387878
0.83274399539382171 0.40073056990433364
0.18817071936448418 0.29676242406996184
0.44070291493013158 0.28110174209385586
0.49766032335871324 0.09365947273648456
0.90992980589957584 0.42358539186612831
0.91266130177752158 0.63669876547816828
0.52222400225792320 0.42517439023136505
0.13908842552317774 0.76190650681134076
0.77589907168857064 0.35193403359547060
0.61090171082885036 0.48324685314330978
0.61525672777241858 0.11688938802522010
0.51239770330872902 0.71421359741315749
0.77050690108089737 0.21463751224387259
0.45757376106583741 0.03869450830522028
0.07635965312791219 0.59960611509592243
0.78078153263171324 0.18987084982044924
0.72762036359562621 0.30606127864120980
0.44993147691373347 0.35840805139851301
0.86375461032341094 0.64400074468692237
0.44328099762958983 0.10863909540343945
0.11322627504467564 0.60345026160626014
0.23736641161058533 0.14263272959456863
0.43698966549111168 0.55951921304228547
0.50985971076589032 0.94014695746067289
0.50255778310386778 0.87191791766369253
0.18321302708716503 0.51115022565651180
0.17263563798612111 0.20754431191200032
0.40614426132805731 0.76963973426307331
0.65720907646605564 0.41546417268050240
0.44323826511312353 0.07769340437247417
0.38316219353938358 0.07825986588029508
0.85162200259964715 0.75671763009376514
0.69517362627917267 0.77838450449185992
0.19930275321808053 0.33075336153287832
0.38301751168647247 0.42470876512359934
0.23666353374186433 0.64113406692189601
0.11870916995235695 0.31659604733154872
0.38478958588742618 0.76986296764285500
0.28321713689675432 0.11280012461953348
0.14399526945194888 0.80687336942897403
0.09908891142265019 0.76655136041982186
0.67362046408535248 0.36680110570254321
0.71009114669460704 0.09717371084465046
0.31424971961715370 0.10850267391397841
0.30163783562474800 0.64846528663762892
0.08265046309439703 0.37454086267534770
0.79406974956217680 0.16121040877289974
0.46996133733681716 0.44466063693562780
0.31752623240471017 0.54168017106531252
0.16497645823518362 0.84539296576854062
0.35673787923999634 0.62001672986599898
0.44736979996662141 0.78619198245589350
0.21068194571024229 0.59394673302456358
0.46243894662836316 0.81795848200901744
0.97375574046800373 0.47311214665286844
0.10627993121910191 0.61685637748758571
0.91560892329959842 0.44407897280172881
0.77486187946156493 0.16701168820750176
0.76674123946288564 0.81892441351265355
0.20594899920278745 0.88068786514184028
0.53021602913626908 0.82118609021396372
0.22062128795155531 0.26260514745854990
0.34445779506079266 0.05748812186920171
0.93951453065965618 0.56305243996515009
0.58134795606531042 0.45000699612201717
0.15872532129208769 0.40503365141574887
0.66943527613617315 0.89843919978584852
0.58708624296986933 0.74600211370040237
0.39808437500724697 0.17625314871342629
0.26618843904682238 0.77144826101925734
0.50618685371455552 0.95795079937969441
0.86561635727925701 0.43586871239512492
0.71325150140251592 0.08554004885109584
0.38477435706811192 0.60746145712943134
0.50068912553480149 0.58335050946316036
0.38189614181437209 0.30877406482124231
0.36846752513181308 0.34734597732605788
0.76173295005412633 0.18002272766839805
0.75954008910245407 0.42635646127168619
0.69564976881475493 0.33234357914222751
0.05059342106810251 0.34825258409873150
0.70134922365970598 0.65244411798506785
0.94431017614510881 0.55230818498329726
0.64966682045057267 0.05650669522489991
0.45911681383584946 0.94184474671866725
0.75390126913779765 0.46533328852594408
0.24760514198768438 0.08967398177118498
0.47555697644467121 0.85331091383057744
0.68505144871350554 0.07111123916833401
0.74015692328420413 0.16535454990444035
0.86568155577012096 0.68514494717142271
0.20141139304433167 0.58996274817645644
0.72207554591815426 0.47750999174284375
0.22030147489409460 0.49602703725331987
0.38644954698125183 0.85535737424279035
0.22640810923003934 0.59095689489637959
0.16302735290003290 0.80735961590207261
0.16597317289392452 0.40639366587566855
0.49242078034276432 0.05937832905120678
0.69087646706436079 0.15507082097156258
0.21355226500145286 0.18635039530581471
0.37061190323384208 0.44754753603111636
0.60199311478465323 0.29341680918280028
0.84782586034539664 0.23236163455454545
0.90646590709685171 0.60709001225813553
0.71953060082742026 0.84371249239648816
0.41881153657678255 0.61811880016680787
0.85008591303439385 0.55287894808111171
0.64832109148747052 0.17332603814394620
0.37641439876492899 0.42428093337799200
0.43710143179021765 0.76937546567064408
0.54115763048701682 0.63802414235713201
0.18051954437180578 0.56666560607581717
0.24489480427734542 0.84727735071016907
0.93054473971799423 0.46143900917502617
0.40344825967501879 0.78428551256021839
0.60294975834115283 0.68326113342529515
0.57101083754926762 0.24297365231703058
0.61626791334126740 0.92034930746653687
0.72656328855483132 0.43090203667178911
0.71370512993562440 0.84626059690820044
0.28130354842457683 0.34235127283953276
0.76993143652439655 0.39491079382328825
0.56470632030014956 0.62930926655442854
0.62843986718331679 0.04056462405173331
0.71054861341186604 0.48602691603423337
0.57435527561244493 0.29633005866528445
0.19558044251275855 0.26196338434570754
0.48691124656548757 0.39272599329114027
0.21532456297916977 0.36305344281130530
0.70404670556233395 0.33015745594916140
0.14733068550419312 0.49616761876181215
0.34640562120951979 0.76167543218983980
0.46279934097852610 0.35662791514504549
0.40269576930401407 0.62531409073694677
0.30514523370665175 0.86571034219449705
0.12297406571929899 0.35066988926339215
0.58210373328775344 0.29943070375352521
0.25331827948266222 0.89328643570285005
0.64651697938667541 0.56286069885185308
0.36878607505000827 0.04439953000425403
0.14536215062053601 0.54447520767700708
0.75558152945635693 0.25178747832182413
0.44053473506054619 0.86210418008629586
0.47864355337648118 0.43337153979896209
0.30447736711328027 0.84355138622872061
0.49729886883780833 0.01922914271427969
0.55440524908697797 0.11431096828180408
0.20100279406088531 0.68309101842078457
0.69233186508445477 0.89365223409500949
0.45256518514360783 0.23564470958458317
0.77504180781513099 0.26231410101381636
0.54667788366198378 0.12924173073074746
0.93653220828244765 0.45937325278990504
0.55992479278383367 0.93165130201599866
0.49028534352329467 0.32085191760079973
0.84844946133376198 0.77050811282379705
0.64512651482092054 0.12826008168020983
0.68085208884758719 0.06612325608625286
0.81467877220421636 0.51921412345594642
0.82160936885317970 0.72404250427371630
0.16677384428915609 0.17582038851594559
0.88147033632529947 0.54169450037223954
0.06885921302334373 0.71706756555011053
0.73183168186921832 0.22989218350941959
0.14164184036580724 0.31818911839488795
0.58142086638289814 0.51426972395746484
0.45332808586246476 0.10060034098307309
0.11864670887527243 0.27902300436690841
0.40468067572138228 0.73269633144743307
0.03188223585363250 0.47936915770338284
0.20201887291788659 0.82964732824065646
0.89760066392905025 0.37337980402319143
0.76243017516990197 0.80121151472046048
0.79184243158101419 0.27138289672518029
0.71382745272866110 0.74510897226069539
0.14924893655390725 0.76367495044840294
0.51777927679981417 0.35202002880810279
0.48939791538885730 0.06963705012010553
0.46982092937105535 0.04363088249210113
0.33613614236998196 0.91300782288315108
0.32203477795691376 0.86583710484693388
0.65623614677970465 0.13574787371985250
0.39666801639074323 0.05896422397651269
0.53013397118536687 0.65302950620810274
0.44666618389240098 0.80506533272277081
0.37259694076078254 0.68749015555298665
0.07836597304854406 0.34279840349532392
0.75145774421854361 0.10420499989273153
0.79281695248082562 0.63803223616559801
0.58564387210721314 0.83296972166795979
0.55318182099466617 0.53418971531683268
0.35823749416584594 0.96199015574882418
0.82024629800336035 0.47294615182484367
0.12256587456361807 0.30225483229908462
0.48914559967749111 0.42402503771961325
0.14598878788624653 0.30807794855772574
0.18964750363217628 0.19017930062073973
0.67147576647115503 0.78998633495931014
0.49827368831361923 0.41360386706105212
0.08167837313217974 0.45679149167252248
0.44136037032027498 0.20316995551929026
0.89586952614436077 0.28283528389579837
0.42571674975368762 0.14462070791036871
0.50203229082066336 0.44853376909775922
0.78703015550793642 0.73736005101746216
0.03680074591620916 0.36599472365869240
0.28299077572493081 0.56085610417021159
0.72571432919960066 0.28537512860956465
0.20389972453698244 0.86397281672253889
0.74916091391951800 0.12278675180699589
0.14543612670726508 0.62541421237465711
0.15411317333983279 0.77406981125284058
0.76973544243038994 0.13303620376000411
0.05633438695112626 0.41354560785057520
0.20116230548031533 0.87045032535970790
0.67961439172128746 0.12962018567422187
0.17390009835697373 0.29228272044851861
0.67128457170120304 0.69195629856944385
0.80474294754098596 0.21146858733209689
0.61413176803006042 0.76489547860625529
0.93929189799276969 0.63234647309687209
0.18649061260480007 0.65065147381886623
0.31046487663769434 0.20100308732513258
0.56604561779256790 0.12546883672459117
0.47849773565134868 0.26523328596456175
0.58470336490422015 0.34487244388187088
0.29433102862880156 0.91832522348277035
0.24253884537584394 0.14393544281489840
0.56271227659141809 0.39431201719389769
0.14854139746807848 0.27561547501313355
0.40574061052265931 0.66838345189998682
0.31993874546583156 0.50855412555867308
0.34062299050180400 0.24387196170858727
0.47961228452705318 0.22798852666783725
0.43983827672347275 0.64334037863544968
0.36530915566182393 0.59551289040668254
0.43552062286087206 0.68134567001424606
0.47671922006808565 0.96228455669332336
0.80497203777836290 0.19970485188322001
0.50125439032744401 0.03941199303908172
0.28776306723844647 0.26225364222896191
0.35476429273826099 0.60568625950631438
0.96839113735743043 0.39760229929972130
0.86732065926982527 0.58103470278068958
0.36105259433877168 0.91101000801349441
0.28088928298008153 0.74845079418543636
0.32020389048279818 0.89361610946793479
0.55923473433792059 0.94958896811335902
0.18313629240138793 0.45329238895801294
0.76056094641808747 0.54631645919358884
0.30083481926233008 0.23089084776200583
0.16965352701455344 0.34200623979521777
0.73791624475764550 0.64070958921077770
0.47745170384409108 0.11118731491171062
0.43259345064811616 0.75669388631876078
0.41227750618799924 0.88793800514085419
0.13725552674858518 0.68406734988245566
0.85698843969078231 0.22726702949198332
0.31308308415505443 0.27568631369411417
0.32589067629900231 0.59026393639222219
0.60960231849484259 0.67197856791354582
0.38387247954391834 0.45701526246070157
0.33816676910869969 0.05314390392693005
0.05485019484898911 0.58000001981460281
0.15673923045579774 0.68343907790012348
0.78792876627401598 0.86170864897635169
0.87007219714134520 0.39772181963514164
0.54952912873197224 0.62520670018233648
0.37981384199915785 0.71646615268184499
0.69292142993316375 0.11602520415222073
0.44700287698902275 0.75249948188077453
0.36305235577062178 0.70476775381529022
0.17874379834523113 0.31129381883761836
0.59604607538680399 0.24544666714291458
0.87465270042660959 0.30948736067968030
0.27435857286411058 0.62585207935340448
0.34385361073990933 0.66716787021366863
0.20160735740652636 0.26381323822687497
0.71354356434475175 0.22607319724747010
0.58921680090926531 0.40362152689079683
0.17978244699027193 0.24160694082802875
0.55391376715253005 0.88154996242180073
0.48903801364430916 0.86728271561593206
0.67730852972541511 0.26570317039002062
0.18370100274264545 0.41111276203401403
0.25538745099556509 0.36675983864693851
0.28140452228673046 0.19616075801561791
0.35846903130366148 0.25669534530832261
0.61415792055990581 0.14834168874178552
0.10007438844056546 0.70647193997695901
0.34548926275943603 0.13957497958972223
0.28359758180074890 0.93051850771603850
0.77410276791195853 0.60006175684890217
0.21104436420133810 0.75825638970264442
0.70177376790198942 0.64532099382864683
0.45557042366042050 0.24198858163085885
0.24669596020785670 0.42305128176475354
0.31905326850624455 0.31405010497797137
0.47393745084500971 0.92214985518259851
0.86325983547030838 0.76473467497966652
0.31558141360409886 0.18088126167488044
0.14682232462853376 0.70834068093100211
0.02806817318725881 0.64262346185229402
0.88039771662361288 0.47345504193517013
0.59789904838162511 0.78886084808855250
0.44917793166023562 0.88043874622150431
0.24331853272472739 0.58141589166847696
0.38670687890570976 0.39397464423171763
0.18996801311532016 0.81109724760776680
0.33263245983903167 0.13848612415437056
0.77563233821899824 0.52158431145448902
0.43199508586938390 0.52824886539927496
0.30030829380684931 0.39171382297021634
0.26967977613105176 0.41558361987599279
0.35530031119045091 0.91230925507196925
0.65464261950461211 0.69261772628866736
0.84791635183247771 0.68965301774446619
0.59845731813598413 0.31139527765952973
0.57041230995880854 0.13920757181569751
0.17909448044737344 0.18786812309218823
0.38101282253787550 0.31600201259190419
0.11824014941848839 0.30633578100179171
0.40135678781658468 0.84386824536975169
0.55240864472388751 0.69735116825232679
0.23457520214915245 0.80986744446749281
0.39107496342544718 0.69185103368828071
0.30662223156933660 0.62825135292568846
0.54654181784916411 0.38385657020371677
0.25894114182866562 0.31707852755954308
0.54813461980365152 0.50553540072926051
0.60873262388759697 0.29524321767869210
0.87116326873677796 0.53538092305421181
0.64010979975739968 0.77271511395125481
0.56947883770687580 0.68989279476356102
0.86508228163552037 0.26863771295978478
0.23471127855655538 0.64905368160182808
0.12079246742665804 0.69915827467748215
0.80940036174936780 0.49365927123772163
0.20837116355318058 0.54176864785160084
0.81728672463456153 0.34782084561312349
0.12376740425520223 0.42636880682649198
0.70898102889840264 0.87873224559547825
0.51138272576985278 0.02254896256949504
0.33651909235758154 0.42151150538222004
0.82536777394323846 0.79208181535990907
0.57674485655568919 0.52577981986923761
0.45067193158658303 0.77922644953154907
0.57202882906246888 0.11351379335153750
0.14995458880369375 0.34240665941959020
0.62409661415811923 0.86803833437126976
0.62405515959190383 0.85212039604816692
0.76378049803767500 0.83126483272253515
0.49845671959540472 0.78326267015839901
0.23333244398745281 0.40751623172465368
0.49977528686536865 0.54942448004814071
0.27719165063172990 0.87734722534987419
0.19867052020600148 0.27617065918373485
0.82482185299693433 0.70035633182756651
0.25312945069395015 0.41076516332806734
0.65221281181736535 0.77065726658724576
0.37108701619828149 0.20713598262917177
0.57395041601508867 0.82411027450115482
0.20292802152593500 0.17014439983469165
0.03613829641449588 0.60712609856209210
0.52064846208609128 0.93547465940369601
0.76326151273182274 0.75660649613516417
0.25013607359665607 0.19944565799628530
0.43331312935921812 0.31243853409739109
0.14353061279722032 0.75373913860459119
0.45476179242353859 0.59181119606830979
0.03678380090421868 0.46947412497126628
0.14351711865834019 0.24716702700156731
0.62221042940599669 0.49086498227116332
0.50522820087533515 0.17151691665896054
0.39842316180711795 0.35990527840872033
0.46299191545394053 0.76915547871731116
0.54030022398245214 0.19022437932629460
0.39449551269111854 0.06475048342586301
0.33244758845380834 0.21165748643538440
0.30541366549028393 0.70118902500341751
0.71391348998922322 0.69884273259230167
0.80557829865800079 0.31508927686030447
0.80894903222393399 0.81859180346885951
0.29848290707246888 0.43728546376107874
0.17403805378307666 0.55365842983088398
0.58622663867214730 0.91598032658868600
0.43889308769134555 0.39329731945236795
0.39280835032870337 0.64258358773995849
0.22082638881143579 0.17265250823846434
0.59427709551746533 0.52639197787314418
0.90241154656787159 0.41471331671053169
0.44734007266285863 0.04470941215965347
0.69639246592886195 0.69745184948649908
0.89907176350858009 0.62376814446064865
0.80714211664555224 0.56560671381938432
0.60445005061342272 0.30764389808458209
0.75134443109498872 0.52068168562155148
0.16099458714709794 0.49295170301799796
0.37138475847123370 0.83376984081430783
0.83013934795505673 0.53247346589242694
0.11793867056198219 0.42287877647086575
0.71583001615203823 0.79668117002664374
0.55658603992248901 0.72715276083536384
0.49213824415409918 0.09726030257669932
0.52291310965128590 0.72278256463793045
0.08730382690773385 0.63674023533698565
0.19096090060020399 0.74386329312425636
0.50578974765124773 0.82851612223063753
0.78837319834139841 0.16660015567167155
0.82660580364764025 0.23430100662888684
0.32668896241756207 0.27751440727902926
0.35201957183178273 0.93708706959750965
0.35406486540045268 0.71606980541273657
0.67736502760456219 0.18211907790863793
0.26058609801583466 0.12645130375672256
0.81097409283997945 0.28782311218881640
0.57490362750813484 0.89890695441422808
0.13468208671884951 0.65435657173765294
0.80080822683546382 0.17740439755157422
0.76649321988004981 0.19751433812275096
0.67475793517771909 0.11633995691977694
0.05779607950103215 0.62580484684516635
0.62148755054011484 0.08027115002197642
0.33415125178386035 0.49977902208698766
0.51094905084121833 0.65887759188024198
0.70588183063985344 0.36440691902855021
0.60483529693064930 0.34678890686693664
0.06240449096167390 0.57184553448165487
0.72700737451359221 0.75478579308934324
0.10502401990387908 0.59082064542788459
0.53443321417821510 0.50171127307813368
0.57996182124586837 0.56932990872361089
0.25860386243250122 0.13167150181279702
0.76141055142578529 0.53155156831576866
0.38308751177349837 0.67056802591871689
0.70631471958324665 0.29800405566518395
0.11232630263774621 0.45994710670076766
0.26398225249875096 0.29037059956764633
0.43801614978576126 0.89825795239737405
0.14661129487247410 0.79087826579343390
0.87557141445814601 0.46199117653825017
0.33740698462323293 0.90635245315134894
0.09430685139097170 0.35282675886040477
0.25235726091570099 0.26441180086384813
0.34842051971370436 0.10890280613324260
0.94643022422693124 0.42090804165837259
0.68806454626282576 0.64043997496617022
0.45014933633937149 0.71399711844065894
0.52799420385601648 0.64435422439675571
0.28327145546063759 0.71047779152710921
0.35289312070103074 0.87563191269768537
0.49495059942896302 0.33965394626004475
0.43109920814040253 0.28022916065238623
0.57509138107079483 0.07265493180010336
0.51670559147394379 0.04760669861576179
0.95066317746608353 0.54680515812096542
0.27035375899085823 0.32863465306241274
0.83826423475952683 0.38746616449827948
0.53037001439653109 0.41450450453751125
0.45675744583529210 0.72019165772034199
0.69393849734447133 0.49528882219121706
0.54412306791228993 0.75694363433820133
0.25998958664070188 0.26411662445103212
0.59372904977432306 0.25769754382433041
0.14555243601427212 0.85209157872534536
0.91996399076510549 0.48102604976348706
0.35225587551832888 0.77268558347800043
0.78621002966242681 0.55860417964860576
0.47607691991002266 0.82161741913848707
0.26512838251593529 0.40243847277305084
0.81724443781973743 0.33909495411889529
0.13472830246083461 0.38448790574403485
0.89293403127969484 0.65301383908369459
0.73209576815666511 0.80349243178486940
0.87293692990962835 0.29192555793806896
0.57951869933620770 0.53321014793555643
0.69797855982826373 0.80652454649694605
0.28136415752277183 0.82518815016803104
0.21476596866522091 0.58623539621813436
0.67931728768071320 0.25339217912949580
0.24764081437613739 0.16386248313139529
0.78056223917643985 0.51074306346980625
0.33304468130409676 0.25666517041297987
0.51294010677635649 0.75773222917327121
0.13788115623463867 0.73132843190291075
0.90335022489843264 0.59585518205869836
0.23153144390548983 0.63654834541121452
0.89986543821858489 0.35883338091276545
0.65448268325287084 0.39679861932180810
0.50660811612469414 0.04225412817898603
0.32026275492553230 0.62503156530699389
0.58230049762037450 0.84479522434065768
0.56848542831050397 0.06947336756238000
0.42205596396655520 0.81813813383962763
0.29375188142627517 0.99999995612920256
0.54211695132370952 0.68170763732364104
0.17449459576277354 0.35441514071373403
0.30504713860458910 0.35514178565089294
0.90849885787628160 0.52766213349826463
0.70651241990655711 0.88543480537663444
0.44895823483753883 0.39972857985162519
0.66380747883612778 0.29713085178240833
0.63495217532922221 0.70075512246218408
0.18498360977746878 0.82762691075778005
0.13398935326284822 0.46529215786186995
0.21595061386264838 0.30266190768553525
0.39913300922530082 0.61123287186343722
0.28856691763695491 0.66397990112304295
0.47523865380199021 0.69301601112664724
0.54798260223283879 0.17926205029157646
0.30091874858146711 0.11685954470385559
0.29250829158125136 0.06447556714573822
0.25983088060546738 0.62632703337090445
0.62363698789671118 0.35389173329910556
0.70470586673248936 0.79688934130885780
0.43225345328334530 0.46892570126592581
0.43430125457910129 0.32921875380714649
0.11888067586713418 0.34441486053801568
0.66178692478177670 0.14279990476506180
0.38610046241133333 0.74851186290670157
0.15189096353829187 0.71973187094979396
0.67904347632047024 0.56223073591842643
0.78152225539334030 0.44343093808020395
0.50823961948513374 0.54685175471563319
0.82960899056027793 0.80487263555250010
0.17907477395104385 0.57722864842970467
0.41519355088647197 0.44498627952732595
0.38101168513483319 0.37698339993906627
0.11433337914087519 0.22805877235525229
0.85256807751354236 0.78862977342276541
0.33700129733785106 0.33959303862942897
0.76424856079923043 0.43235792039546761
0.64850826215881119 0.87659253951757121
0.55147877850826721 0.27103335481284996
0.58177742590460613 0.92005129918963890
0.67880414165856440 0.28520247310987346
0.75071789058865168 0.63785878644504901
0.83655247997162829 0.61892892807164046
0.51806244898262488 0.64678994128575240
0.56508265581847106 0.38639671399499459
0.80306529486372102 0.27702526619931944
0.66069441675576834 0.15551466410899248
0.55601497056532145 0.42865267164545617
0.15082127354391692 0.80684557267325074
0.46483741408100754 0.06604395071841569
0.16298469614472647 0.24257643950752436
0.48252042312034205 0.31830765620940499
0.60676955661174814 0.17638540471069228
0.71166028815238502 0.28518026574398975
0.12066150944576395 0.73719828450401947
0.54801223650043862 0.17200744000139995
0.86655782077627819 0.63065483407739176
0.15072244454045211 0.79542578954684529
0.05161530818830608 0.69915910194259656
0.50777667745647626 0.18649108676382783
0.64157781004320069 0.31113592706950977
0.14391749406208398 0.37248342759990671
0.41920147214200632 0.89013524043635783
0.10856678100575931 0.48668335653792555
0.15746588448890583 0.85241617259180091
0.21705000369020860 0.26851211374748069
0.85754345011825039 0.25193802838066898
0.18272468745969636 0.41862036125183966
0.50892979949951100 0.92196311047357482
0.77419844760042122 0.38208046332922763
0.20803966267084506 0.58755530794153066
0.55462332166188255 0.22864645820624041
0.58994519622313935 0.30925938873318298
0.52355752267474798 0.67186213797945105
0.92251935317651790 0.30428878875910942
0.61055946694398400 0.59518778193307309
0.03947863755110326 0.41641082508664168
0.13326252159239754 0.58301097355308162
0.41967696289578538 0.61043666635686988
0.18532170257985395 0.71175051832203118
0.04412388251287687 0.45509232002036948
0.08673939883366934 0.72404445840338882
0.21952029068110857 0.19949785917509033
0.45110339217083001 0.44952238117552856
0.70430452227561158 0.68026774321845573
0.12511138214527873 0.32303452645171638
0.50248630165644426 0.09003754453305740
0.61833552258119984 0.34254491216666105
0.81110388330675132 0.13132295079724601
0.24900925853375327 0.77676594531849807
0.45364731622273075 0.56990432383727840
0.69868267300224907 0.12682671439645596
0.25022063729114746 0.86273226261665192
0.79555729684839949 0.82517828418793104
0.56396904215588217 0.04002129250151729
0.34429838962994097 0.26216189118231048
0.91270244516732180 0.48295477315561747
0.34667200449811258 0.82586953335463120
0.73587062112706725 0.81624904193644932
0.04912882695819077 0.43308580197038005
0.74278740507142715 0.25545011179516824
0.29456919899980999 0.25995710738371469
0.84054011552584251 0.71328868573125659
0.14078399848602813 0.81657936777662821
0.71398847837409607 0.86577923399419954
0.65311859647299042 0.56033305337828843
0.66808825226208068 0.52442634455074166
0.90679288462621166 0.36054485574176970
0.43767850875392444 0.43232206564627340
0.37068673067678931 0.29775810909328837
0.61576546303999236 0.44052374716732118
0.39433981881400076 0.65716016538533295
0.48809075790302575 0.06296596691664220
0.45167097286634761 0.84334110879102131
0.69226210169706437 0.19483644613493931
0.66180874184699889 0.39394351536110989
0.44278472630189575 0.33802173359283250
0.43007093243835232 0.38171227177060940
0.59360459499786233 0.36939764108192036
0.74213337085907993 0.53017034982244859
0.52856624803324115 0.38083149033789776
0.52242569067096367 0.11768306536650361
0.53690515741605149 0.32975757297948249
0.50854656393172004 0.38533842276114372
0.75018768772041289 0.23844970796516696
0.78902661180099409 0.58666499190514232
0.34724096313264052 0.27308048375902488
0.16504407696478984 0.16716354131829092
0.47630163859047847 0.58570539237144459
0.83171678806436466 0.31646124938500347
0.49739940227315860 0.83821252998589002
0.41895172713392120 0.47141311581551459
0.41118396520155243 0.08550202541175163
0.78685830850830940 0.10654305041046103
0.48135906396887179 0.70527947990631890
0.48554940324346879 0.89895913419399798
0.38484469148952927 0.78463789752763313
0.37096444936418638 0.27529314223485213
0.68550629079578618 0.55542713855581571
0.66198374705806540 0.90989493042844405
0.85288902269981848 0.65368464028783102
0.05732386872310345 0.63849651253238870
0.59754294453911705 0.90192417880737819
0.82825693775045117 0.15668911351445303
0.44169963916821020 0.12251077265581821
0.70167200049741640 0.42696187491055093
0.73790348854078891 0.40479058402333301
0.29975606615016159 0.29261426876491897
0.50158639255668591 0.69738478084716171
0.50528440963019694 0.48761421469138605
0.06418836459646256 0.56156357155999537
0.21454532787854752 0.49055911873542180
0.63243704803251677 0.34268744101292664
0.46935184250184531 0.65497277477926696
0.46944097152152287 0.69682442840925185
0.51759479310755130 0.32500374548927480
0.08346836989300595 0.48222923617265667
0.14806250515795674 0.65234263637280754
0.58960208589191054 0.77322346676403075
0.54945545303080323 0.49257111139697957
0.65008098206617237 0.18762324824582255
0.27235148219457067 0.43748655202964215
0.61935400892871084 0.56315943380126399
0.25005125835080749 0.88073355318463631
0.62311001699146518 0.81459029314081211
0.34578383330746676 0.49118754530719189
0.31367460655032331 0.20728331718988066
0.72685571858032738 0.51037191872001064
0.80947431474326592 0.17123789079033444
0.35245229309540849 0.68710337622651940
0.26825840853093125 0.14623461895972767
0.24623705222767595 0.45574660797537292
0.55870010908997858 0.75411384750091104
0.07695284245556855 0.58394952570145209
0.53981297547047180 0.81183168046840815
0.52421596922781166 0.35540520681127397
0.73175348746521318 0.15460581187738046
0.37893101815892855 0.81716932164547440
0.80284148638473252 0.28958107433821051
0.80136027360120410 0.59999277564232567
0.27422281771467638 0.57542911938318264
0.46951442120028086 0.31045712142954029
0.54429493498916703 0.54283690977457177
0.24155295886825370 0.92313827640497292
0.35672836637381494 0.62711312462780300
0.88477929267416244 0.19518130358203378
0.84769071891759784 0.21411813948817018
0.76977345319820301 0.43641304906297718
0.25459991711496011 0.35968422323687643
0.59267918508957917 0.83570042542774980
0.71221057533989252 0.12843534646408231
0.56746751741332413 0.81166947449830373
0.61007737469562917 0.16767725146113660
0.36797628689380679 0.18376562368644911
0.62224172806106615 0.39494592912782744
0.65550690450326576 0.82178588756983695
0.68014452601066011 0.11228641785075302
0.46453514641682409 0.69229027187388592
0.32284164363747947 0.33472717859455964
0.87505797707208877 0.35880995597457993
0.72191064951305406 0.87646217387916370
0.38090587221673594 0.56567749234268516
0.91411068594644873 0.33105930135411876
0.36780096241515520 0.70970631982409960
0.97400141597603573 0.50477387193913548
0.58255505734022373 0.38895961055724704
0.79341914482433928 0.19518756091781708
0.15813695608631798 0.80359096955283560
0.75710693148276709 0.49938422679475231
0.48275540986378490 0.87205221706824765
0.39275909418481525 0.12384485425648467
0.27209423554563583 0.63952034024167603
0.41058983544250888 0.28080783908985041
0.84527761227492848 0.64457525454973641
0.30252758588692308 0.20151038062997961
0.58779160853020862 0.12315929178536542
0.48439628437508836 0.06713452992601858
0.27331168073999418 0.40921695587631352
0.65212841183465209 0.74681858240573828
0.22818101968056706 0.25536234386697754
0.43577797987606953 0.30611499729917746
0.85305083543626814 0.73272377990884563
0.06780176755875901 0.47965605864535432
0.85529060421478631 0.27650489623371310
0.63694858179380820 0.44470270732530959
0.10307630586402261 0.37881723553111996
0.20039129298286945 0.36304019774016405
0.73608154088048772 0.65498778819822401
0.39665579487621805 0.60439798957390989
0.28784994658971569 0.18723902268886930
0.41010833802927060 0.26343276479965955
0.30553830262746517 0.87352063592368057
0.44446001922767042 0.07216911453056725
0.63135035288350660 0.83407475476273496
0.52422781716797429 0.66493835758494269
0.57501729204651408 0.37691784712038134
0.38525927687206113 0.21737720960635323
0.18305049936567380 0.78097309522110780
0.45924755364327019 0.08108261115904498
0.85579302679364588 0.60193233115005551
0.03789619023115885 0.58649917009752628
0.08784551373163658 0.47198497016999236
0.27334174141557144 0.30098756190837089
0.44327566476500496 0.12946853369275754
0.55298241567579798 0.65765839801208703
0.51607861748983119 0.53663823037168168
0.64553795772657929 0.76840809684649558
0.32762641098034462 0.09942050403535417
0.66376301574617325 0.42789713374816324
0.84170405223525313 0.58715837016856021
0.07995009092505581 0.38438406874997449
0.85524607192320867 0.39472239133635595
0.42825421113945417 0.59975626849977737
0.84685115854961179 0.36905368262896115
0.90214666142427347 0.24330817742370259
0.51433476381445398 0.08176970522328030
0.42040218866324841 0.92706377072127821
0.45680246639928113 0.31562196153027439
0.18847686627072710 0.69862195916681813
0.19904907879174036 0.79418879391057229
0.67941844852195854 0.16757631581017290
0.32274090309797815 0.87982559566217822
0.50268123131931508 0.86471594383188388
0.22685420899294892 0.44350683121147055
0.72831393517870258 0.10466378298897364
0.53259302411840814 0.97317879805597740
0.66324852711619398 0.23573606362553040
0.55456368809853573 0.81890086728423805
0.53607905737559414 0.03709887623229945
0.85278851504191233 0.58081010546234024
0.04614185621356435 0.41931652063977332
0.55475183262600225 0.22163509690563690
0.21054450590032878 0.12827084780482076
0.33531309357418121 0.48035536256434747
0.43908042489246418 0.81708501716029813
0.20539686198796137 0.76324858547229757
0.33736268321495544 0.75536721883514168
0.21624458868420035 0.24620853029524825
0.31661350904826752 0.72068652015683921
0.45114238202987034 0.05693847532437483
0.40739870137332962 0.34776954250462655
0.13797876077793508 0.76800892963039902
0.64173580341188963 0.09742247130830313
0.64086496002795623 0.17107694069798712
0.88615138872483812 0.48470364902734131
0.36551258201968395 0.82134427924141862
0.52208484469209460 0.52936015258410196
0.48142783324166766 0.31161372097780499
0.38617208193957320 0.66311831299354806
0.73672808633811937 0.67413339787703763
0.55168934256788038 0.41657559502858021
0.33685563437663035 0.38125583228344451
0.34729798544755269 0.78523197027325431
0.61812591064388478 0.21941519222368949
0.51162181544960572 0.87673711376926011
0.75334396021272421 0.77648766923692458
0.53685584117661977 0.33687961096125046
0.86293554314909682 0.75019598988163316
0.12716808869953244 0.80610951886744897
0.66625566699126915 0.91605885667171849
0.19052526187044486 0.77860583187383370
0.37811890473665399 0.60460692801726101
0.81319910245322535 0.81256865935533240
0.48019150929191468 0.09345089053533348
0.63495912996625647 0.40454654118382682
0.46682479564476737 0.40623505619069061
0.05071108949626768 0.41405556313693481
0.75533570100812197 0.09010256108731003
0.65505683672017934 0.06829973796181793
0.22169450856264000 0.53999191619980413
0.22889031505049912 0.34447121664330005
0.57962468695771419 0.12823319613651624
0.74847869056805438 0.62327458119364165
0.91516173502411413 0.34745094963739154
0.85196225554618921 0.31143162017906989
0.07770714028638512 0.42770178729920805
0.46003328206750094 0.06312830266305750
0.44535478291864050 0.42116664903022005
0.20889289439673922 0.64787732961587863
0.28780305567299780 0.88103199538848587
0.31919714858827258 0.22448133233990852
0.56090610490010706 0.83134203503372761
0.26936629943265122 0.77917956187764736
0.67431218976658913 0.46774973198420844
0.71913650889844960 0.67951443401237621
0.12483550322369634 0.33383780692383397
0.83393065985659676 0.57253005589748207
0.82936987411853880 0.26584470154536649
0.60893676325208024 0.94422433423091323
0.10890564544476940 0.66121590189831425
0.18959647273451377 0.41419003029475920
0.29272822108777691 0.22001791632258447
0.08240628518471213 0.60038774757413660
0.76229507676683639 0.36436535381776913
0.21918965650672242 0.16289559530828526
0.63875532956732062 0.37658085251863899
0.66847973464384247 0.11396807778890845
0.48171136428808276 0.71232157358826276
0.26008942630927401 0.58916024029398706
0.20902381264091335 0.86743493857427956
0.87829057788034326 0.20285965017948049
0.23497720841642153 0.79334241929177973
0.47548013456682847 0.80132299832889387
0.50304543448044980 0.32387888756521049
0.10153704625251231 0.35343956362085088
0.65143704099723820 0.04453057026292798
0.84382435601072914 0.67602064089902769
0.76864530214712856 0.76308592685778953
0.27545228635548857 0.53716993605040686
0.36041293165396648 0.74603168493926697
0.20487314821749952 0.55480699682968104
0.20562579199085618 0.42789153542751968
0.37939090510966222 0.09234212036170256
0.09524569598371269 0.65310502738855813
0.58671306702622628 0.57106956401178888
0.17325885467699348 0.63544811189947858
0.15123888349830730 0.72663219392699829
0.61515767757509965 0.58853054277839090
0.23538762501068297 0.27612261894455614
0.21451983125231988 0.62037701329516881
0.88679165105451452 0.33728389087576044
0.64055448153080674 0.20647566250585028
0.16299057716524779 0.25247569619245902
0.54466682034080238 0.27511106872581126
0.59900757809966110 0.10124221700075686
0.19501104031230010 0.38029929438440796
0.62731525587415338 0.54594140768397026
0.41854231201330627 0.19165332408556104
0.56126427646558508 0.02047971667555151
0.81658921545240071 0.46660458819112405
0.38573299299253216 0.68578542305560919
0.30104082233054907 0.16696078351433186
0.26007746121191988 0.52938457096104419
0.54470627120547599 0.94526369877132921
0.06381314680648827 0.65399003985597959
0.41528065785059221 0.40108166841647386
0.26293159549361628 0.55161515238158032
0.77766969988840118 0.21524831095681679
0.61573682237429495 0.53921679095325259
0.63232243368924512 0.61719434021163766
0.71619478438293671 0.18880965295861010
0.85933068729304340 0.68462940087005131
0.83866511460218629 0.40679538002902349
0.50477881790536638 0.45524896649764879
0.29456043114864078 0.64327104510236688
0.55712667137764604 0.52193530502275554
0.33222673624454202 0.28241581134560229
0.14637548962027619 0.67240264817555884
0.69413122353244383 0.22497343749111673
0.62826568298896912 0.43718188393298957
0.71762869140583252 0.46418868625253407
0.43636626002873063 0.62774299174184689
0.81372220409275564 0.66172918031202888
0.75727830399221874 0.28717573418970660
0.85133658703260762 0.42144343236984549
0.56373622798845135 0.43295902277819243
0.35086774295713291 0.41163312916181044
0.46512190016885241 0.72462686824870071
0.94654098457221647 0.45125593407039138
0.52229068110067267 0.43656347337032858
0.67572424287889399 0.35322540022938509
0.35917805968921496 0.79001402296404977
0.08109669900424478 0.43242343607054878
0.79812477098285062 0.21238124169606687
0.47704225726604538 0.51693324058433276
0.37353381068438035 0.32539268477293898
0.06614191538605105 0.41748972856380345
0.49296137397679601 0.22715878198513667
0.49389992591973297 0.75985726278017518
0.75408875022390276 0.47273229917981374
0.11910255303999126 0.24750225107825791
0.18412611940326112 0.71825925289965786
0.40442139969959395 0.07259534906552208
0.16933748989192271 0.79836253021665893
0.55571301524509642 0.57944188407654529
0.72576192074831247 0.55105420431528429
0.52205565601032522 0.64126616519495505
0.66770571910209697 0.35427345153014184
0.47644640387860898 0.10501563607692559
0.74427310307635275 0.58819490064665247
0.65868680922883016 0.91646346992310102
0.68151755301642958 0.24688486361247627
0.04273590300961089 0.63302109777473081
0.37829226685898698 0.38370167681568684
0.86351883265511842 0.31565352579550510
0.73258211132570339 0.08873344118158701
0.19189231288549882 0.24023198337428556
0.42351747047361354 0.38063559165762650
0.14808875638012894 0.22328112541946213
0.08925386175023017 0.34369221543679179
0.53775211517035126 0.87059450533269633
0.24168208569806426 0.36594936830311842
0.42551020962372099 0.69021544114121935
0.35077708796252843 0.05502997146799119
0.25777694058655798 0.15980583191080483
0.66119974949416993 0.13030591390377674
0.51460867189106807 0.91511784022958020
0.69945215122096482 0.07083945604482490
0.48662333151081616 0.74134304000527884
0.62331266724795242 0.72575404347861094
0.68017725887283109 0.04773941703426132
0.55065293251272907 0.90125364749094583
0.62715923187101696 0.65797786084280097
0.13851975107163281 0.42327086207410658
0.88309915873210509 0.40173230906258811
0.44657586121818721 0.59721147483141268
0.52912982842907286 0.63709081073004126
0.61393539697086330 0.36162193820163840
0.69511410209304669 0.50295280902673367
0.33346565552766216 0.74132949770917933
0.14007756022791523 0.35952046377065966
0.58434322873356714 0.25703889691561199
0.83914998792493389 0.57775135174804204
0.80721266878296649 0.44535599537086495
0.53801532359256832 0.70161889377516373
0.14802253353676872 0.46058952576025336
0.38343587253070416 0.89496527219839328
0.08292889787718208 0.51942104056073546
0.09849847765155235 0.34962380410606936
0.61268866342383499 0.55991842764592381
0.15718521763509324 0.43171220393562787
0.21845342268302012 0.66108832304331033
0.56665336723297532 0.63544870230450701
0.71440945482423635 0.43792956133053018
0.87763554363631757 0.21836144237496474
0.09811314858293355 0.37558237870015454
0.78092823153373614 0.38101092185464819
0.56166439211485786 0.69216628033815319
0.80999170527934761 0.69787315964291874
0.22071135930682625 0.85505687437214484
0.50675987562374503 0.16472079514340471
0.77133369941622998 0.68543499968165800
0.50559332494254583 0.89107698020754422
0.70309846238751816 0.18704041827485507
0.54506070082657332 0.28987240330516589
0.53359551447316889 0.19069146649066823
0.41240589857784660 0.05668570993543725
0.74556671729631308 0.72025256807806726
0.34439879452622857 0.56550646324029563
0.41621876401143204 0.60397430287723752
0.47234582120017399 0.94071994594300845
0.07960715755532720 0.69410904074074264
0.67736922046869485 0.51385614119338241
0.60895031951749046 0.45733510564066815
0.27700343547184647 0.41506213619006055
0.12084044415757113 0.32756307418807928
0.25313489239757025 0.92155939021524780
0.79419611554485192 0.41727382349004855
0.61998396413440582 0.05938031020541292
0.59152357853611537 0.19159614720080217
0.58667608421502937 0.12967691909349702
0.17734942956140215 0.68944012297865509
0.53018656060182623 0.36053827072945988
0.58010701565569434 0.39594029636131295
0.31020200556466049 0.42648275239328343
0.61470543209354267 0.28281960249851557
0.49981546853908698 0.96495708277433390
0.85430865307255499 0.21585430947697704
0.47262138959896538 0.03234649118751372
0.42530764423120831 0.05126131369248960
0.75035358319948497 0.15429146522422127
0.93561338542411066 0.44104597446480931
0.14405000867487600 0.56649637274818587
0.04717889016172652 0.42631166421439370
0.06978879744551979 0.45408729247943841
0.53257144909553733 0.23315728820078388
0.23239080036872242 0.19459297154663624
0.61890339097322067 0.51239476780085791
0.68691438533312132 0.84572957741552612
0.19099780218161336 0.89245145839879680
0.62724139234921983 0.91376267084017992
0.92324014747953032 0.38394765537149994
0.48234504893715008 0.65875145621609787
0.28517393568175770 0.49772097866025122
0.12317186734592256 0.46734804270119717
0.49353105791121271 0.46346922473400237
0.52656963068468532 0.46540890402543539
0.94658542942162216 0.52801331877951807
0.08793203552397701 0.27441030275103390
0.57298437653255185 0.71469649737543473
0.82478640938090542 0.58222949280519964
0.86110859398826589 0.34386594219118261
0.25964688985606027 0.45986738819594736
0.54117058011771513 0.17635699618808928
0.49516547752613288 0.47048991730197803
0.91385545659632050 0.61627249444991927
0.27631661286548004 0.48286340627729207
0.22730889932355119 0.19809932914586026
0.15776739955005675 0.58061970471557700
0.51102727187805086 0.04623060630278790
0.90436068669558489 0.43383983120881320
0.15650408107001870 0.51317354874537069
0.82581224411201559 0.54048657050176685
0.22007725442572695 0.79022326960097589
0.52233107239910626 0.82121216590664237
0.19903765048429869 0.19144716899962089
0.53295831633997459 0.94934346983450135
0.69225523690546376 0.56580278245892313
0.57651964116211885 0.77096573774916377
0.61088831547123423 0.05112066773480065
0.63753494414833090 0.13619018697623397
0.47993485366575761 0.17862818786361320
0.70065774368075395 0.88348793852366347
0.07642078164342804 0.70864281296561660
0.38883579384605516 0.04141855620903552
0.51530611305859442 0.68184075410931266
0.20324209010093544 0.21181986920283641
0.91288757177669200 0.33779342803529649
0.31890145303811063 0.58895592155866927
0.49623392842276920 0.44556644757661878
0.69504289017654297 0.26578734340662041
0.76848146871099199 0.56184499669968790
0.27217858467640221 0.68688512997451812
0.89605657694158758 0.52928310976943505
0.46192965017146814 0.91838640925444526
0.66496910972815004 0.30485961361419778
0.28600889170644150 0.95027151429600043
0.67844323447983823 0.76390260940786703
0.62615931643746991 0.74040346907345822
0.60128155413396311 0.28607258055764551
0.43661610528033828 0.04150610233718224
0.60440230699595476 0.43222821244699855
0.33319789381338255 0.08612499857142754
0.48934957987313843 0.26429780687072751
0.45389725538235115 0.11637169668880055
0.26702051397046417 0.12714464733867442
0.03080255737695780 0.53683460287969631
0.96343966838667183 0.38566993652727799
0.61430771362649272 0.31580344717295766
0.10506783643811479 0.26071921661710412
0.68273008718421757 0.92094013356138860
0.87040882457322832 0.55427072931680110
0.39461445011224833 0.89197307264108827
0.30902883042400880 0.33314568756909912
0.55997476453880979 0.10126473990739578
0.58909097797852439 0.84742569657820299
0.49290330174557806 0.83212477869905210
0.53760296344342573 0.35027014021734543
0.50199166487059910 0.04608259431910504
0.43106324310159816 0.71206207558217083
0.73985608715973705 0.28768730994389147
0.42504268446535109 0.05671735461435506
0.92428800950360535 0.34177791410860392
0.77854715908912620 0.40605945446426484
0.26818712354248891 0.65377203159444752
0.68513775739553529 0.21952857317389909
0.90623216174219523 0.71110860578897506
0.73150678534239655 0.17361453182275208
0.64355143937013692 0.44419599397326781
0.62306442902184034 0.89485366498846108
0.75531089190780676 0.31807284902042787
0.59940359247397967 0.86435156197791996
0.93600727501886050 0.37007152344368677
0.27217956553979150 0.63235530790974870
0.52366482056459251 0.32821475585124210
0.69759966858418176 0.11074490415246441
0.44818276091788939 0.53045792075909759
0.40596401151270539 0.83045806736604943
0.48113673435363358 0.01004338657801420
0.28597450010256892 0.58569253825166179
0.31934230521710094 0.11059554109969193
0.65072759039244021 0.24937388822425333
0.81125976485250650 0.43804091170947285
0.33822191113929245 0.29925260209025839
0.30517638331644120 0.49939543941542408
0.27704001581824383 0.09194247713738565
0.34783710242485472 0.90831407675294773
0.08787945959898019 0.45967189240879425
0.45479827635458508 0.42456992286584988
0.76728230570642386 0.77480879390018487
0.65154666208123291 0.62304140186165313
0.08036785765163644 0.32027170436485108
0.74545658444389673 0.26235347125774083
0.57032594621986532 0.85040334709822918
0.76048150678296245 0.22139496995675070
0.33590641787564163 0.52749581274447177
0.85427647121957428 0.60836751716561088
0.70156405987248005 0.81390280952577787
0.79344757203910321 0.44531329117894403
0.58899149007373053 0.53109836360771889
0.30984082802072055 0.86173057181770796
0.06986722998329868 0.42778616409317188
0.74155418733231515 0.30129033971769559
0.82152419137974053 0.65851846183090701
0.81586098761911519 0.49634696837102632
0.81158601839985545 0.79292269500868129
0.50727038194646923 0.29216041567902196
0.82468208608280880 0.74379686360144592
0.28661765914913034 0.55499668934332258
0.10585963766015685 0.38409608880147605
0.48982320640642651 0.35328248167202780
0.04141407061420580 0.52891254963925893
0.13956260256994152 0.30622558544374007
0.30459868597697520 0.24469485457147991
0.83483658174365949 0.71951393187368051
0.41069004605073467 0.21624494357058197
0.93119475069779467 0.29699816941128915
0.47226963762113633 0.84587162347537126
0.92852796484375744 0.61935405114176023
0.37196333023267691 0.09885092886767213
0.60592545603601267 0.04813519908478898
0.30626363520803451 0.51284520402124811
0.55361408477378482 0.87503094668906323
0.71152086925907754 0.29325959243310051
0.71196937780218328 0.35514115334573593
0.47673372409592146 0.85994190102942791
0.28552415782897778 0.11729735669025626
0.85500975137763235 0.18297022351842743
0.62539914456459511 0.24901022841241782
0.59145199023366191 0.05584429043349454
0.55477157841560765 0.71886184096174610
0.60921304595679682 0.12125844681914730
0.32618404044448446 0.84944113777629349
0.79080753499777023 0.61392145395617026
0.23645474757122606 0.69438283167090076
0.14909996959824726 0.82919515668307930
0.26178879832831281 0.28411230549660854
0.71490461505686564 0.18235099713205527
0.51913565578244103 0.85439243912541396
0.71827306376620137 0.69330958080928740
0.37044852446544513 0.79847386335366066
0.32211111892613564 0.88699417853864337
0.83592211999471833 0.19899610448380670
0.35863181221885720 0.75970666181536883
0.17497316568511889 0.22178915052944961
0.74187931992011835 0.72657667715966390
0.88989588139397580 0.23782789568087662
0.25181755387646731 0.39533941385150001
0.50527680195831859 0.25724635565051374
0.64791306148154115 0.86356533526087098
0.73611260761386521 0.24352976242380245
0.57790556602422671 0.15897100880562443
0.03287533123328766 0.55624311373466417
0.03427576376698904 0.56795587061333452
0.37562631227723514 0.82570465802220272
0.53709527715389449 0.76103475352111227
0.63623811228173388 0.49055274208937338
0.50611346559501802 0.73261903740864343
0.70646124210479233 0.77194560315077398
0.86106619934480166 0.62774519228551739
0.68490854709260574 0.15701841087186474
0.50568639317606789 0.84324443554699036
0.78820699364597901 0.52983891942644479
0.46261013911157628 0.49460140073342784
0.40303549405827543 0.04008021885854590
0.14313897188053026 0.73575573810608486
0.83073955931833343 0.79698838854511000
0.34602481277320463 0.61522287522383479
0.75192106445370555 0.57377592078223416
0.13289786849956187 0.54561314582038822
0.94888637384019170 0.53583118651761030
0.29476501245092984 0.18524621240341169
0.12520454278765339 0.24610997052088088
0.05965609815700053 0.57715341113905927
0.60281644377545751 0.69121562633449685
0.57573386818379135 0.97281694736932456
0.35353054898525910 0.55569495023671789
0.08709283716699116 0.49375890368157566
0.92983329122563474 0.36606348507329423
0.39812067105605919 0.87925208262954069
0.68654637436670185 0.11381345948679837
0.80227568700111007 0.46522211311797235
0.21288868435713945 0.88451380927200296
0.92186358327976237 0.46009737063548262
0.10051330085349047 0.53938474030582950
0.73023201774504587 0.40053798305091454
0.74649139348130555 0.30653514157350908
0.81737111403504614 0.40425207549217018
0.12963484543400519 0.35202329396552418
0.15412396505695425 0.79094554723466981
0.08229704697058550 0.26333506147393965
0.07714296843721556 0.68834377781325640
0.46858120827874999 0.80025518197358836
0.07382273163670949 0.31213105917205070
0.11607330134015365 0.25375642110136393
0.64925156996707423 0.07711835932936387
0.30382724409893791 0.05731393509911466
0.35332529596113799 0.14996247741519178
0.90807560386550890 0.53376359644184934
0.42627340807298353 0.89277968721366807
0.20026793374848936 0.18592556631621793
0.67293639224387647 0.12675410108707139
0.07953161586919014 0.67104142320311966
0.37683701246659790 0.73834846667607235
0.46765692796573888 0.12184718375919699
0.32820395912439199 0.08332524709958465
0.14717128661640735 0.80134162926846608
0.35138584583206578 0.73108189896512765
0.29171832942561854 0.60189274806826809
0.32805209580340289 0.43790400525359124
0.30514864979496142 0.60768500222008759
0.42559975983759363 0.95814037460386459
0.30602409434911865 0.92291851320916585
0.34402417359269871 0.33642588507827242
0.59810203264150341 0.34350391281125969
0.85573432070399791 0.35817213477349463
0.28530117963759388 0.69253136008297556
0.92362298791184150 0.35476025980680498
0.01714904775455033 0.44867567108088385
0.25339791994433308 0.19429954353134946
0.50731181395048119 0.10222880979538257
0.48080511661139358 0.66525880994919517
0.13473648592002757 0.82151313034029205
0.21213708659271735 0.73754801774350265
0.33310764193661796 0.82203158046014113
0.58990007399515465 0.91117409309063380
0.42027231552748773 0.05977219386043094
0.27502922479350228 0.89069837898258430
0.21744081190808814 0.15296083620413978
0.68789810188699951 0.37744775499612565
0.50147599044677238 0.70394476587474086
0.21410026521170089 0.16462487690136815
0.86060291733405747 0.49764909428941323
0.26641264411411036 0.88203519818262333
0.72342947902612020 0.86934626478205834
0.86085626743607391 0.30927425451264728
0.30043473911382490 0.87694653902097852
0.09158325775705047 0.54488835301303729
0.58394526800850244 0.64122841584474555
0.44233887897194973 0.70194815901807250
0.70185096896676424 0.51770869080890780
0.15975202312238998 0.25711000698935377
0.10569320366962739 0.70567195881629585
0.22354988079738319 0.74827563344541081
0.73335187351844244 0.83783028664431591
0.71365690177556107 0.80664989641924745
0.56786652273913651 0.06358666392800374
0.27479736891847228 0.82341359472245401
0.51977629209581000 0.84150450561832935
0.91181999957061777 0.46258325156192526
0.75089662066591911 0.79969303455495067
0.71340993140797171 0.14575246653389218
0.71887949560612774 0.63172866814920514
0.71350283180827534 0.32017626877623367
0.17196277217499509 0.84880448943497766
0.60417025348057041 0.54390128409677430
0.74265343968863107 0.71409796107364909
0.17449877123484617 0.52152714904458353
0.25524547493912769 0.15527495406820502
0.46678622688353455 0.37664309915943900
0.56944449591435364 0.05255777007632549
0.80876687150396731 0.59509865602681544
0.87098057241819260 0.73219668762473855
0.68905046509536161 0.46170838351907850
0.96277727344781106 0.42226150563582981
0.18069987806901006 0.55360718055107372
0.53098983386544674 0.16291126476622983
0.58148584330783648 0.48597411340773355
0.63010815733600245 0.71397827415357351
0.16523921905768740 0.65171727991906891
0.47897697966924446 0.88967627573678321
0.91558320958030992 0.41913092986970441
0.92145499369394834 0.46996313160227876
0.81355808595736478 0.41770602928255796
0.85418873215961710 0.43061454737024762
0.85365605378298437 0.49875218399508231
0.80161864939248817 0.73048898236621040
0.40594809748379362 0.46304948050381739
0.78693962479462654 0.63351248804640414
0.50261486969088953 0.07026716430933304
0.80765577145842005 0.11158383912382561
0.77426594988471886 0.64892049062022805
0.57487911554332261 0.75428025787830910
0.14276281498673551 0.27097454150283418
0.53814088628472223 0.14458798621936206
0.75030986577055847 0.85938403758799875
0.28275472224942194 0.20252771455253180
0.19074027641059352 0.17958112133404308
0.41216059524761195 0.75965050358877773
0.22644784846153901 0.50044211404132810
0.52083549765548343 0.07047777056056254
0.15640503291145064 0.47163669085541249
0.55063721747114647 0.33969779824112784
0.56243727661055343 0.54526833234813132
0.94843611505516179 0.31860230191002153
0.95074799519605802 0.58370519227301987
0.43461490441178713 0.06164304761415496
0.45908958728546306 0.86887727882259380
0.44156714625815219 0.55409565030559238
0.46534136922737779 0.88183141118385699
0.79301465623435319 0.31678894055535606
0.71383727629044635 0.53985149268045396
0.04934740932891177 0.59391951030620049
0.73850051024080732 0.20642037407335603
0.78826738295145637 0.11502500705582946
0.42208518114264398 0.30359046100762399
0.37867153979129392 0.72401263802763460
0.40615407130140740 0.63236675606017523
0.25576577479850604 0.35218512364683785
0.51475149561266842 0.12928473207450125
0.85392889430607433 0.48486415929875304
0.74081509397093503 0.19327395059037916
0.65116746383261159 0.80986942902273251
0.29954129374101746 0.11188599883097572
0.61528945837582216 0.40142012528740256
0.80073855737884192 0.34498480905996864
0.27303666567486223 0.81710733146027126
0.63575968497731283 0.47658973659331549
0.16128756325114840 0.78352821387860128
0.67054281215772704 0.47371349648334127
0.81401436422794993 0.44505265261228294
0.55355121160158194 0.16782797015989437
0.13713822545341869 0.34809178078033826
0.09255279993412975 0.72238058130414717
0.27610509319592424 0.42902501868290877
0.17971787327793243 0.16427522972538627
0.15267148267155908 0.71263896786691594
0.05119487747148169 0.63880851116931769
0.91335151981066598 0.46953030348342328
0.49909760055279478 0.89239959911510847
0.66927549344079973 0.50217296899554698
0.15456514650435568 0.76060395282556859
0.30863195674081917 0.56681757913123831
0.14130920027530799 0.59308118170071422
0.78999135144684529 0.36126592458492973
0.64847633125183535 0.84203869859208957
0.55339608706260790 0.12800863020818470
0.05977674513273130 0.69516058842958628
0.88495551048830101 0.28900106070566661
0.32622602972401460 0.24427006134429774
0.38952461094476981 0.09516691607665197
0.33309847737638693 0.90180705016994800
0.51640849434747538 0.57852416291730635
0.53954149732160084 0.92015883958022249
0.68329411825958675 0.38309094623976492
0.83142935386176464 0.57879935250627346
0.07265362659911784 0.47064322135787939
0.85179677667311526 0.64000219167964190
0.16954171390593067 0.37531325402953986
0.35422951441026990 0.31799078489701271
0.79417629399184997 0.77841695171933478
0.71531676712084091 0.13615990762552568
0.36072370178790625 0.24987114207967220
0.71749827875063610 0.48667638242695521
0.70518559722644647 0.78653463345322316
0.30085174551985361 0.51730160323823804
0.50107094283119991 0.34389487753835313
0.55835603331068406 0.38858771651214363
0.40157211472211890 0.45073171907135967
0.79814129405413703 0.74574849143929145
0.91914320700537500 0.50464104169227153
0.15768112648175706 0.28194003264195472
0.07653361720186196 0.46600259059941113
0.51307830901515283 0.16677812087068564
0.03047348553255884 0.62183397414185648
0.48743335247194086 0.21659984855182843
0.71324239484788665 0.34099233257121475
0.14892249418080866 0.47344522872548656
0.75936181884575693 0.82218298517289834
0.17579499434533208 0.54080513709288147
0.54591603855063386 0.43809020848716795
0.36086696767328824 0.26347452186509007
0.59619821751814772 0.15700973450996414
0.70778258134450955 0.76437151603126419
0.36472976281592862 0.63266844589797633
0.90325113675747382 0.70033573896319767
0.72590023365150280 0.60804748224931593
0.44903407653963995 0.94705300330337672
0.24088114616643175 0.68866747574932985
0.77686027524740964 0.47631948733179647
0.48946427284605826 0.32789527317227002
0.70045181403991008 0.14997376737546095
0.81587042502071927 0.16802314674090357
0.26526783329968057 0.50947414833614524
0.20066722946635873 0.18035524658171437
0.35894448121792710 0.15440112045409096
0.29763715939392399 0.78676155036761830
0.25382740894397060 0.69410201819421780
0.56103806014201785 0.38084816839377877
0.69606224988407794 0.82698151630125571
0.06540360284483011 0.45679349464585350
0.24902624504835644 0.37092168399085507
0.67926360945657016 0.62224814627302172
0.66105820581691166 0.48972459575799510
0.32184915651446316 0.75420472769196978
0.57758371198238145 0.72797782138249001
0.42463812213642466 0.78253373854482777
0.05734176166313409 0.38931867774741086
0.54154769661860791 0.07690431027172766
0.59020174748214649 0.37600677110719327
0.30820348837027450 0.23246456049906700
0.56539297727087889 0.19754983062065770
0.18168685097348333 0.61449817966012277
0.69842069259116779 0.09912500492503466
0.40077841006755360 0.37868535183058100
0.68672807766201260 0.22634385518409908
0.60607913388381640 0.14160522979366805
0.40801414290109012 0.82366265148303131
0.21533962742368309 0.75321667826445204
0.60725994201192124 0.47162638312160826
0.84797883494822190 0.42724298888561446
0.50126777567143344 0.58991540052089741
0.12285100746769319 0.27004323316888812
0.51764582448028773 0.57214241349745520
0.49426159627564970 0.14664055758840924
0.19357070184504968 0.40849708260354939
0.03157089001553758 0.48654775722265692
0.27248866339636929 0.38939182570067754
0.49755097891195349 0.31919662142587385
0.21792573360562106 0.62656959276986601
0.36476004555308750 0.83592293732712308
0.55155106781088714 0.31943898309507496
0.54585591754077578 0.19435876541540320
0.59405930372308313 0.39842413886654227
0.22334423520204888 0.71082296246136689
0.28647032511596598 0.62864794555870063
0.86928307710371833 0.26398699580333301
0.34942677778450054 0.39954326545809166
0.82868254608229253 0.72081549030490910
0.30720953910287441 0.77605406057305626
0.12811938763044942 0.58714734190728990
0.73312867558527739 0.45888168502701931
0.58786555543542751 0.29473877725157005
0.16432566915432884 0.36191192529776167
0.43735026642349351 0.76149358304977055
0.83288625626470114 0.22260529172169305
0.16562938365440097 0.42112080961687415
0.43102483785809503 0.74966970819207279
0.62611703648437367 0.14063839764338268
0.24942934895187580 0.29260202365063903
0.33808256603221964 0.10410619143592388
0.38621114408213358 0.20426833406597197
0.41872353332864914 0.85688690198215334
0.25042585358149988 0.66649266772943994
0.59823492670524581 0.12341922524577865
0.20823741867548179 0.67624522492389139
0.48048572778267379 0.25248224722502277
0.44840016090040208 0.15644970143923956
0.13816073849252392 0.18565219111827963
0.24711934376894995 0.78678315068325499
0.51785241446787722 0.77485185587838445
0.72822318432605215 0.21345643097790154
0.25817271976783118 0.24580461706865453
0.35127435931099360 0.44501930162195563
0.55658981937470031 0.15539806310660845
0.59163189648510350 0.56547436898176817
0.26336568640741426 0.71541534627476977
0.85996224434856516 0.23408981607786264
0.40027982520148936 0.06352315768514016
0.70610958884753472 0.68736004364894088
0.29130751077360451 0.28161718357704751
0.59811988796421645 0.07689593693850080
0.53554882607887866 0.08623044938609510
0.22101874153017070 0.56635399486731131
0.58159338559826046 0.59074041277880152
0.79334134219557872 0.56882502556725856
0.64467476092469100 0.90969947048127486
0.17191347350725550 0.21253438416102652
0.31322460827713150 0.44715639412389108
0.30973678060825782 0.15821403628239461
0.13929873337048662 0.30071632438864837
0.11169538728672308 0.67224837180172248
0.46434934789161564 0.18000048394776638
0.43500953330602821 0.51510463117299010
0.32469297303350264 0.93326800185918302
0.63538601528633676 0.04166356062916638
0.24364767380461921 0.31836574769393866
0.26943347500069847 0.16301394109951656
0.12531478809265428 0.56437728339751159
0.78259581432752579 0.76438567186448658
0.59054247038932661 0.50370264354247085
0.73939423836984031 0.84099815557719038
0.77002169072779691 0.23455614082010076
0.65457443543396665 0.05126042225392535
0.60084155786897364 0.66974334414947834
0.43593305732750953 0.53357036285013049
0.49039933554484028 0.57406954224101536
0.38967086535886331 0.04805188751368264
0.76784957524928699 0.17687031381192933
0.84210231287683068 0.18841327153552950
0.11906493100525234 0.41604896404214442
0.78670444784898397 0.45550466873350132
0.48050777590168409 0.91057626406702874
0.33089606814309291 0.80182479877560231
0.86989221417887663 0.45838175889556748
0.25458935557888845 0.72542185596279740
0.65549597240916269 0.54301180560256035
0.80131546182127988 0.55989044878911332
0.13548231688716897 0.28431543767126488
0.68616820101813547 0.10204255440367130
0.70894825287286767 0.33576443451589449
0.84183636074259549 0.20061478808100305
0.40416469414760708 0.70175895446882586
0.47157374421244969 0.45798215177761886
0.48532920033674415 0.87918781708146665
0.07276871405899496 0.39053293844176995
0.93548097200535374 0.58349133726654701
0.08027721636484386 0.76535526013177779
0.67643694512279817 0.66278522226875469
0.26740044722782874 0.67772915994807537
0.27579125521883824 0.35591580080560298
0.64713852433028018 0.78299760040205046
0.67194884595256410 0.62349740456256364
0.36012778275038065 0.56812335284553284
0.69250856653598747 0.14261808821607247
0.29087986557388923 0.32520288839261707
0.68534833165871445 0.74471797810941442
0.53293549669483664 0.91930603984102788
0.58518303518175097 0.82317091799608211
0.64303460835557757 0.04371790226694233
0.25231271315163967 0.91327374248118631
0.79799904672826283 0.23212377473594945
0.27961839017893764 0.58847642606223838
0.74755863130369349 0.61628008850591676
0.53354948058960794 0.44428929050519700
0.49944851247979027 0.94545300802858012
0.89893297857573051 0.25196886613137326
0.31112352094622742 0.15105949239919367
0.78743509041411186 0.83625264615349792
0.20921601126462444 0.25489610269284396
0.42534258735899161 0.73203051796901308
0.94111646980191810 0.59687010525843520
0.33325943571115246 0.57702220840211127
0.37754323021271918 0.17253000445645447
0.50512494115430073 0.51926882265409346
0.19359050208873305 0.22306691747558316
0.41591330973135698 0.24008126353344297
0.21847538817905462 0.18519163431902916
0.23926131756343996 0.57456391671418194
0.45338513307890527 0.95272006512734631
0.63320244081611965 0.06134480452607268
0.12235704145933687 0.36221367479283229
0.24101108323252096 0.82270502599336270
0.16152280023154661 0.69634021409015845
0.40584250284168705 0.74033570903102852
0.39970833354457580 0.08195015479232075
0.40106521367738579 0.89378422826115200
0.32759238874795460 0.32966171892049217
0.30663124497237182 0.44616687913373726
0.50109241315546926 0.79821387741883176
0.69841237361186870 0.36072575729321382
0.50497105305287782 0.77735442325312953
0.36201934350538995 0.65965547698123916
0.56468576622882716 0.20454389265393449
0.48792109253436999 0.70369190664855141
0.15149246640415753 0.54012876153893297
0.58155521389561060 0.28456874319088366
0.58034345666840403 0.78058498920851627
0.15753963361521645 0.33694532236736230
0.23292821151569035 0.68843453107816954
0.36788102962424640 0.26264583037714356
0.77431743276741283 0.77560679394254606
0.23128464865118489 0.17006449631758411
0.50761204191792553 0.91599858348759533
0.60744562139046454 0.22490068336570290
0.54126062284455667 0.44338515561340636
0.77551971428228250 0.17534624624664585
0.20206714471134690 0.54729763711560753
0.06963951793303168 0.65211040225724670
0.40944023705345778 0.16717236962795118
0.71239013164551812 0.51422984147792683
0.32282542275312126 0.80773414639522956
0.89088985489916162 0.50073353658154174
0.91076281101211876 0.68197814309178928
0.42434917243634879 0.21997110273897102
0.42802141513277675 0.33610979265375102
0.65430958432003072 0.87457892252338376
0.63804368169393466 0.10901723853802939
0.82348591426788631 0.46536296125352555
0.25276455273234150 0.17635643914577373
0.80829292404617936 0.51690694076094046
0.52969603149930755 0.43709662884771933
0.22344469050954333 0.36449995618027198
0.47046160062373410 0.76624290212655377
0.66532526789892865 0.12490825236265934
0.10842398531181759 0.70029215508357567
0.23925927923899901 0.47804583188183669
0.34613634870489968 0.94932598032677562
0.37281905134549786 0.68016371164639866
0.58993958682355718 0.63809699867050773
0.59465343190244491 0.66528153238115972
0.18195204063072551 0.81949377288150704
0.34170921222258327 0.52413074897021694
0.88831646622104776 0.73750865848694458
0.61025654061411261 0.45080099286007869
0.53913255379345815 0.88363178060488934
0.84502537165864633 0.20671675208875329
0.76056022736111251 0.16311817943961093
0.88303388393971738 0.45074279429481073
0.70768722709418452 0.26353949659011866
0.17533255798949449 0.28334879872892582
0.17960040580890985 0.75148155730762800
0.90817141072232965 0.27412188875862409
0.62869137401479624 0.72058863436817577
0.57463763807035051 0.46788392406964358
0.82635295721434410 0.66668139383059377
0.48875525804011272 0.58796603689090021
0.67815881029228930 0.41217313159034713
0.70084372892566205 0.58483880669591704
0.02429063934497601 0.48571568732155229
0.77544752949457929 0.59286212400684957
0.68243507171313855 0.27111045499731190
0.82108099976171889 0.44640188738156256
0.27010172091762719 0.42327570147325505
0.59641901456042246 0.63723086153215935
0.44803009501850088 0.14965184557520342
0.56503814964541743 0.89050838985662140
0.64897522612035607 0.39212829101108848
0.84480714145919711 0.63796895655215469
0.71378164701411861 0.83201151453551003
0.54456955076084990 0.31858095514337020
0.72129198549807849 0.72728772993674984
0.48070413007109908 0.22042368646859528
0.45892676462491960 0.05747423825312505
0.31861116563273950 0.34911971161036609
0.90736436434396783 0.41071365238053859
0.28820293274841580 0.13937923846199213
0.60321493609311438 0.58447244197957793
0.95937155487306325 0.36021029601254556
0.33652345539502021 0.85319465361841362
0.24914480922484855 0.60530854617257701
0.73256715527054206 0.54918223288602508
0.26089124769629390 0.22848143737913298
0.47395897700765494 0.66553895249760175
0.21764887039416500 0.77586565310078581
0.78949375282222622 0.36880050837426354
0.67414832876995834 0.67402266035360048
0.29930600678656721 0.69054770909212559
0.81504650636417042 0.59165555959463645
0.67733697307132634 0.71834377992479592
0.40037964731509790 0.87300998621672499
0.90883520207165525 0.37369194552971463
0.77920228776938016 0.33924844437587809
0.72226771272362000 0.42452635940019351
0.46783212696160198 0.83987691388983499
0.65035027766663145 0.89496634402595354
0.54496269814719056 0.78412609400869404
0.54691152461034842 0.04928580579849615
0.70681999831611175 0.80986998418190159
0.31896601268690267 0.50138584555273569
0.22880109746522304 0.61661991575727138
0.08268000660545537 0.41837425740713718
0.19918234693663162 0.76090127318128509
0.62189678875827348 0.14927809168261408
0.86716504266848704 0.51639629542751331
0.34630166599945233 0.15821848213109665
0.26858333933577427 0.10235383486355812
0.55507724198746711 0.86259939067389935
0.18846374818096920 0.78448828932423964
0.58345577744266663 0.30654040656750536
0.60573445406769599 0.46315729550246654
0.80154272347283284 0.82146659819777612
0.52720692740475061 0.05699678262657659
0.55409046801044526 0.18233819958241673
0.18665855429724321 0.82225488564734839
0.48847170868063550 0.92152288674769367
0.31846427421390228 0.69615520590362290
0.10997277059175345 0.32779843847513762
0.12621833779313024 0.73799054014105425
0.63784569110563760 0.90808702701589072
0.56438760110815656 0.07967946944775205
0.09016260992120570 0.65604136998696760
0.35076693684066035 0.24433500980214795
0.24504825413610834 0.87207760512815924
0.21115945019025323 0.17676128134501259
0.13449935972288374 0.61768750819630924
0.83993396044073754 0.43766041319058713
0.38138650437628879 0.26033190171373394
0.82011929990409904 0.13242197573191428
0.35889130807667957 0.38111018288665705
0.42180493227036620 0.59647861422134885
0.20072519382563817 0.78831122180616420
0.54485381245913556 0.25422927688327346
0.21269397447075686 0.44030630744203081
0.11302253254652167 0.30478674202983169
0.61848723374636283 0.89030215530311130
0.87821735871445405 0.59292071139502311
0.53306270149784041 0.46778443104800682
0.04269751054307856 0.60463645494831719
0.13162617272371527 0.81310113124364525
0.49644562168808182 0.03527134831050852
0.38556043823564840 0.25493680837715604
0.12483824628867611 0.52767688463013873
0.48771590145071625 0.23892278966886130
0.63395119769505104 0.20730237535126458
0.51666115951332536 0.26548871229644200
0.18580239216893288 0.29072953958809944
0.16456708687442248 0.79445973380594981
0.19186416487362731 0.27402239616677793
0.75402575304410746 0.32564590943764238
0.51428435434480846 0.22268534021182840
0.40539797162251745 0.48248319226817055
0.85771341072462504 0.26753405655688400
0.36302954981208418 0.73955312490428693
0.25500840716595707 0.88454940993708542
0.60058578387757355 0.57463227651684656
0.31330832443629530 0.71442493236145832
0.25015065266583764 0.48876573129537398
0.20744416607287189 0.62338816407390929
0.60356443740255594 0.38017522751117905
0.44856435140409701 0.03781024660028581
0.23938799576450423 0.78742549895513381
0.48825543574395747 0.75542066250250373
0.48140420699991882 0.98563443691604857
0.08561566557105574 0.62396080306302526
0.16178878605729494 0.39333007564907901
0.77842815026701295 0.72494455649701373
0.52100721901143376 0.80244604172426148
0.38770217109933219 0.65576023282964668
0.39583493187990215 0.49611223736844917
0.53975434960333624 0.46975093969368359
0.80870981633242944 0.79878498318362390
0.49952059410781324 0.43260979591911863
0.33081434216947114 0.79506254538781540
0.72149372163929493 0.09493846394996454
0.17374828630961053 0.33684794669570184
0.65052021600043386 0.16048055652451690
0.57317986843369795 0.53184698810073472
0.35404596555603679 0.74412886816902313
0.87699085672807731 0.26428728572906518
0.80748763488514019 0.22721715976934612
0.21360345917701751 0.70896799496853369
0.74557141794034598 0.76599284004042500
0.30895160411136380 0.25744425026818285
0.70409239131117085 0.09793449086818518
0.32996883346206402 0.65939909369301664
0.34103429007022013 0.26904326596204586
0.65879522271937530 0.74438329085881993
0.37867225271922628 0.32961957238485451
0.56546663213382409 0.16195287026912977
0.26297447920954442 0.85802864459296690
0.71742126872287904 0.75081928236890327
0.60654976281046702 0.08707497231425210
0.66654648576369901 0.85217823263839065
0.26217644392671174 0.86520497254429718
0.64903170807711463 0.50350743277417120
0.36105959128194748 0.91721059435880703
0.63145671139873072 0.27457029240963537
0.30688375339061974 0.17707458239332355
0.39992453069638395 0.85161926373661878
0.11574071635758261 0.56384452234880322
0.20925605963397440 0.42216226441083038
0.11735168374105326 0.42980693072885240
0.16780096993478660 0.77308319847147433
0.17028598441625811 0.30294123530823519
0.63364334941642886 0.78033837214398905
0.30286806080735468 0.16088463491147417
0.28285014333967839 0.87638715624423902
0.91108658073852045 0.42997263977541339
0.37830972057255058 0.75855380915462867
0.43096654633352599 0.66899033637861982
0.57785429170537739 0.42398524542977445
0.50454808018921982 0.61605204825262860
0.63828407432539946 0.33795836090454279
0.68986642347481986 0.72521807454103016
0.23946709127241805 0.52411531979621662
0.19706184306340621 0.80023681089690568
0.20142155290448546 0.85206437921868616
0.69199218281105435 0.73937290873908112
0.74487103840567004 0.29421795088533470
0.74782507827651801 0.19234999302164885
0.72432673749933263 0.62675784882260133
0.73703919627256986 0.27309505348553148
0.75327832851447385 0.22217754936533571
0.52216196511885793 0.63459726592577581
0.17747072437534042 0.30490352922648933
0.35979275255897164 0.58172118616289503
0.11344404977438505 0.30971872704057352
0.49900832687656660 0.65059421396496442
0.76210615576554097 0.63155714591810541
0.20937727592294703 0.23434398042795304
0.65305008912898510 0.19528560682360740
0.23069488674523378 0.45762782871533664
0.12489690627951357 0.34529378019928741
0.82207937047475510 0.59526263027756865
0.44493104691190033 0.96575599872561224
0.57930516149019406 0.96208074025179025
0.43349345123206895 0.64074752698012727
0.55115198424410883 0.46647601756290341
0.35430467260471282 0.08798855711398652
0.44854004852635504 0.67951342056901221
0.02538681085197841 0.44184360856590826
0.39415678523549541 0.14062118741679011
0.18632228711848453 0.22968681150811202
0.51398316809919298 0.23029009690259133
0.42697359753708342 0.08105564052258729
0.49902874841170763 0.85844062685545097
0.57936373598313828 0.06664870831622240
0.83740285084562294 0.54389902435947513
0.50302666216648806 0.53073668166247090
0.66146787479717462 0.17525854355906964
0.57155155150598447 0.65544422130188329
0.77058146303787578 0.58006851196927922
0.29616927521334030 0.08965903501179762
0.21458740709396790 0.70077413285426593
0.10516699483994293 0.55624700115137504
0.52145366093529621 0.30021440163044116
0.63612949012552067 0.85714796761415002
0.03181845831970884 0.45617756950703742
0.06850789857873534 0.72511427146902407
0.53566974726045624 0.01781821371211320
0.57186363727718270 0.90491449632487453
0.05989743577819538 0.60857822155846575
0.48838677887835569 0.66440569765865032
0.75337636101855487 0.28164112439558692
0.69159516482938532 0.07102138784707941
0.81574445639491000 0.54662908498978358
0.93375820953705957 0.59815600440129335
0.91256723969659703 0.50498617568640014
0.47685701346134518 0.68512528460556210
0.80907422310065258 0.53109400900715287
0.36482620053244702 0.49074205828192746
0.81480900254961952 0.27120536153994640
0.31308847690781177 0.10305491919864976
0.47757241445729726 0.67231781619590314
0.69712409608880288 0.88888145074392977
0.78454003789289217 0.21554546959901147
0.04264451224060525 0.37374335096830247
0.18277908437576784 0.59170813877092410
0.86115975231588793 0.51115553762152666
0.33242911481559084 0.91902399037583948
0.56170474025457995 0.23142437944728883
0.57371316653135507 0.02763935506828828
0.87839437605930371 0.45596504507315594
0.46275154137810287 0.53208202171196606
0.02136353500056485 0.52786056555092142
0.37668900529886518 0.33671743558395145
0.64626142685414090 0.89918728447516505
0.73981179154723276 0.83501767221288414
0.54032917160908445 0.28042594381997948
0.36653001511838273 0.90215140647434966
0.92111808736036982 0.45307410916302437
0.09231868107916663 0.39602276572536549
0.85001726654971499 0.19427119969666268
0.12080328312973306 0.24078403502672616
0.23025685806651225 0.16075668773595206
0.82807928591987456 0.73382823514381268
0.71499424509984111 0.16221137146569053
0.23769472459986762 0.56765710204442210
0.72495826084193327 0.69301834866315326
0.17236592882771665 0.16509779158761753
0.67792428598866494 0.05688491699582331
0.28156252075304627 0.78215184396392823
0.68734994541498873 0.09036497235189972
0.55705551346508775 0.46950923880517353
0.41206821706452135 0.02766187850927217
0.24160024545451522 0.72953806461294013
0.20395765705794025 0.36953413000044566
0.62477411689121765 0.73288053712072609
0.86994633947840350 0.60078483169293850
0.47190850054020717 0.86516616875193930
0.34936761839056624 0.26660689878133065
0.30616030731614940 0.12535133319861064
0.82998976133976077 0.29444724292800289
0.31727616272505954 0.41743184793418608
0.49407455452884946 0.93279610373855726
0.52401543348097346 0.65005006013288380
0.11461910593236510 0.66601765762609233
0.88305108142489797 0.26337089501027761
0.56029482265552921 0.14816654914697960
0.63999749187330279 0.03535734087952053
0.49644615357652178 0.02767791776077946
0.08078201603520468 0.60559835514622129
0.42586401431303511 0.22811438988656774
0.73797081832198730 0.60408876634241127
0.19103550952745663 0.40027008226662747
0.60263160409655114 0.32517459704128066
0.48558174107280838 0.36691232346067171
0.60431825928418847 0.33955396899920320
0.38983342770518475 0.84143382638509145
0.76576674116520504 0.48915241398089976
0.14424515201434157 0.75956951423844132
0.78289602004904468 0.16518679206686890
0.85591391400849870 0.69649588439515664
0.30622445809227405 0.94448439425647712
0.31291781257607465 0.08559478604221829
0.75802827195480615 0.82887233904036961
0.65608463931826499 0.34221467103217584
0.51261309880441719 0.05177514462581728
0.63632303722402739 0.11707683263809056
0.60209412068697055 0.15424082857651164
0.86102644228735559 0.37322315352492624
0.18779661569938111 0.22387250719544388
0.26762795963300395 0.86276801585362140
0.65460240100770561 0.68523538135820894
0.85070708988809529 0.22713916543832660
0.22132232571733065 0.27460833389245953
0.18409980858248176 0.62178888265991117
0.86002775255749087 0.72186212410540185
0.06782149020220164 0.40533141111270621
0.18297526010881307 0.59938826623972796
0.62926763147333742 0.39754984471809729
0.64209080835522236 0.70158827504255705
0.12928147621606112 0.49278071812160079
0.36727344223778768 0.44057452458428747
0.54401672559292413 0.14156339814816318
0.43916697253366521 0.23163588722792813
0.11398735784530165 0.29684319314728319
0.63094020908727022 0.33609872244867101
0.05989499964176939 0.59782653906352923
0.69890563438339748 0.62964947794783410
0.73460567901540708 0.75328868718975717
0.07902114632909207 0.61576144610420303
0.94499994147033106 0.38187246733639563
0.43760404059958918 0.66731117656576822
0.92213701258278857 0.61601515568045218
0.12235105683149815 0.75931416568554888
0.69251392818016266 0.62802564533549288
0.67730117823575964 0.87468164396396564
0.28371149907050403 0.81126998302431141
0.94198234807213754 0.36589351356917155
0.65424687246908741 0.75319354442771813
0.38559956125770395 0.19436060952739778
0.74252721564760427 0.62671320096058003
0.55376416458201039 0.59262860389711225
0.66557661407934843 0.40709841135127978
0.61805282489060431 0.36770540149715913
0.09202571370149752 0.74397748858686097
0.40989677897302140 0.09822393978836810
0.66251005101001315 0.50325210627511674
0.20416677285470097 0.47841172997705900
0.88234084831705095 0.72267204519788775
0.82815181984729536 0.66027147956098220
0.61072669439240679 0.90007690589469069
0.56636799621774114 0.93210103501861596
0.33804825436764258 0.19764488461141017
0.74464675257508428 0.43990629710495838
0.69282164921260836 0.36479762113007286
0.61210150295480448 0.83384907368897543
0.70734227977033082 0.84610677301059634
0.17326215540129469 0.31599624085854128
0.20633176552807184 0.50975974788723222
0.47070656552071322 0.41316341224750969
0.28155270906218449 0.91657100845151718
0.65411907782501644 0.33557332601469353
0.24168365940399858 0.17310698822320142
0.38848315502322811 0.97069590661400407
0.95375793121911745 0.42302289855920944
0.32993372972213908 0.06030169411382640
0.32247735306230763 0.52217690310485210
0.44330906428909839 0.78081686883747792
0.09392520376343218 0.34712329349427146
0.72949246980762861 0.56460420437407988
0.31676890836761895 0.66657229537261353
0.45902003633633404 0.19380276696504550
0.74764235770549803 0.78016532709906028
0.39915197274394199 0.20988847198758587
0.91210753960753654 0.52202653251960851
0.45162407875641836 0.41837667096188424
0.41937428313385550 0.48549754581200627
0.08340637740708870 0.65742323303675809
0.71067669683441903 0.80077828579191224
0.39067883403532799 0.73209518751797908
0.81999557181898020 0.66508899840703850
0.33986742794767383 0.82040602000621743
0.44741306159615335 0.61725841203466325
0.54167818254933575 0.40842814650155701
0.56505234766990386 0.92612150186137143
0.82702443782025648 0.51082643868062960
0.56390181934490391 0.90370048045389051
0.75882966505459160 0.58622287454669497
0.36463097484828888 0.18981420228497839
0.21482006232789869 0.25962153332993559
0.44492510688131431 0.65644524861167552
0.37455979445363374 0.81151224681928535
0.38809433575724112 0.14787956036219499
0.34735057837997402 0.87083950099370755
0.49617249933861018 0.63103596994525912
0.26938593612480766 0.35986094906224608
0.12666091896584639 0.43862713727203784
0.50166446324200520 0.38211944221533367
0.59340575597981926 0.51012869407756833
0.13578018456270818 0.66626078767935493
0.49593365013030388 0.70884611247661078
0.69252154574472169 0.23225837993311002
0.41760311701076142 0.24728833217089136
0.30148824293099857 0.81650591297001307
0.12830779923110677 0.63632998891277859
0.32673806481910894 0.27061530804329514
0.53498041870754376 0.30913167732545577
0.53736222909707210 0.75390681300502027
0.46131967189189194 0.59332124671573605
0.31588059146275210 0.13744133638239645
0.29040361410618903 0.14694515282212472
0.49928488172864643 0.07476030643078412
0.66101878535798664 0.75064918626710242
0.67342904245385282 0.55026616543852758
0.72317161296225085 0.72005379728547425
0.47822737916927144 0.55866161224698163
0.55217501641426947 0.25709007871969569
0.39537517913092135 0.81980223438464217
0.83516502464843756 0.66191690883947596
0.20541984398223662 0.43550056719277741
0.85051183776064276 0.37481605874015095
0.25425684306995144 0.53507836715870472
0.70598718787206671 0.69704008070250834
0.42466621748033390 0.53982950105858363
0.46006038814733707 0.05038246982428519
0.08659474613196416 0.39693013771182539
0.17897298547373625 0.17065716141259699
0.22283628439551922 0.39715075867591743
0.48753436495237673 0.05049668461839108
0.21030492050691857 0.64094043895727681
0.67274000004540224 0.16837329349569499
0.87293821869921129 0.26865855067791039
0.47104760679083163 0.46473592312232548
0.39089077826237706 0.45220607774458488
0.78883642514032914 0.53674725273195034
0.44369336653379154 0.70915710647078745
0.50711283294743970 0.11874986048676921
0.60277196380496911 0.52822247463837280
0.42201722441223050 0.62876582914742207
0.77794119907565107 0.27658497680371730
0.39666907783539357 0.08692079755357864
0.07727294672327839 0.40927916631285377
0.39330991630032114 0.44053476587695678
0.29388443172292467 0.45709728882253209
0.22257010510524694 0.30636123588124792
0.34240522150578745 0.23129460343692942
0.50717352349240408 0.22893649142517616
0.61398370966551841 0.08937292206536898
0.23801673060047948 0.85709320247977716
0.44374212952658831 0.66504102822227418
0.89859487497834090 0.70659118645960328
0.60273975113667877 0.63959760858182146
0.59005405968672475 0.92046317763340590
0.82286353015132585 0.26427183543328170
0.87386494871870934 0.51495368384027007
0.01518980955215360 0.48780886986249422
0.06076851168385864 0.71147159589830011
0.34106346069197735 0.49614856920687600
0.26443951002424165 0.19336461176747868
0.85802380480305807 0.44304107706167045
0.62500776981155115 0.26395343239891367
0.85388362218197578 0.20368501151410978
0.86329508751159001 0.46205278323715976
0.51853439004676993 0.56023669370459328
0.39037703571314825 0.45911381104119842
0.78667674681210820 0.31321301125432627
0.41220256840737940 0.47067340295270849
0.06712124850170074 0.29449596566675079
0.47615177647865164 0.95082820347775576
0.39171915181821482 0.72478031275269761
0.37958328934437868 0.57546173215306318
0.62969009830016343 0.20091829626792951
0.08413414963642217 0.67354960659791863
0.68276977179817255 0.07675722433791786
0.16746218907321797 0.35618344209728564
0.94774109510276172 0.60356480038921889
0.55685420192171886 0.68436339261535029
0.71658256481181770 0.26670746383990590
0.97296355621975872 0.44532405683019655
0.27341895057302851 0.55092797161789919
0.66319082367842142 0.57077637349959931
0.70752554924491584 0.85882107971050359
0.48544172210622344 0.48756886657099674
0.67414928759237269 0.57624097974812583
0.64888089488714407 0.26259020427916829
0.16154017559731271 0.29528061119494553
0.42489655049092695 0.76816007776456752
0.70521975110133406 0.62625619105169483
0.40854021113692834 0.36788067171380479
0.46127098591363952 0.42466146401015009
0.62778075373805819 0.05982389128016823
0.08164389425310285 0.66382120564701941
0.20254967274775590 0.29860413507612754
0.92834550076787925 0.51164244720800500
0.42615635150394743 0.46343251628400761
0.07481127322549523 0.65486569080099455
0.61460213879095760 0.79944873087792723
0.73837215143938439 0.76321049922316864
0.73839101759102788 0.74659656394868323
0.51706456499852138 0.41034528643542112
0.69692399910529479 0.71888281562517375
0.03954427500087556 0.67857050417233766
0.10204248026820135 0.58538663982750505
0.71978005573429460 0.88379794288917701
0.39649902837643353 0.92821690659616807
0.40325542033885931 0.24337162951479016
0.82362764345310879 0.22866736355377773
0.04892512827638346 0.36893387921749077
0.21211944859584395 0.27290345300395835
0.14162477578449231 0.71185062542627298
0.65377607128690207 0.88979670666818977
0.88591998814326700 0.63484969443444905
0.42464083207639464 0.58085674439328083
0.27195130070083823 0.22347782409033695
0.67285392435409053 0.89284091410195709
0.22065551681238554 0.89908584920471790
0.89155433979313858 0.32597001785787871
0.59265211422034514 0.89711532840248742
0.41690422168806818 0.51507833801090475
0.71587107691495055 0.27425231641519654
0.28706853914801189 0.29781645284882102
0.66311927187988384 0.47533562462817630
0.84624697109298974 0.44983189522096667
0.46902831830158170 0.24450836058728215
0.75123143448705598 0.40038548037101135
0.49115601718529012 0.92743296038160195
0.40501476596593577 0.77711873245864060
0.67822751608333687 0.32188330635838386
0.82819517882339322 0.60795570889286910
0.66322937999988962 0.28259337756792552
0.92039916651271758 0.41487693467017461
0.28454740257153793 0.60715321815726775
0.42202562194372395 0.08515369625536144
0.49268315747970270 0.52271193596837751
0.24864468322437094 0.44833157787782602
0.50990653233652139 0.40937273281682535
0.38352021297915895 0.10732276014894634
0.64272312820592870 0.72128036354790637
0.92716387396572575 0.44986749161773576
0.73219724595975255 0.76018226267278022
0.66532314359671108 0.62825247592040223
0.25206448400143711 0.42715354965751479
0.49280799944395259 0.54797953041120595
0.91161335625029327 0.38591525127982884
0.65586008361936687 0.28236427767230787
0.86241048756566674 0.60185886210195583
0.72356071620148865 0.82210625156941486
0.90584423183450591 0.63628027480202420
0.87441621466612618 0.65907258452353357
0.73535104230025816 0.49331940957351045
0.76866499363720098 0.75041356342772991
0.43500452713242310 0.09837343880619534
0.60744176818567652 0.26173157429102611
0.70424591701562411 0.40259581971068975
0.84921153692312867 0.56012407316535451
0.69551876521397471 0.24628820684436747
0.19387009403388972 0.63813169451431995
0.40685611140258698 0.23007820296112128
0.67521781183921648 0.06363152254819518
0.40008706752834911 0.50170229501016661
0.13879361686903086 0.54236566416551268
0.49377485694073497 0.24964457002251708
0.29013730180883462 0.46533614483879537
0.68322046903351519 0.81859578768184327
0.47326720929983818 0.83457093911026436
0.10437963429812488 0.33630254857474057
0.05737264903843103 0.40267274390280683
0.73708571161089587 0.58970156232284832
0.93411350371157009 0.39063122210240642
0.53525310883433130 0.62658485885210768
0.29890727782314386 0.61153951061301259
0.67665861830225527 0.09139604221619708
0.04700164108514077 0.56544825625171879
0.69589299184569220 0.06493434455772730
0.56238208747692719 0.95712127552684700
0.28475552170132540 0.20864548717181808
0.44518519340244045 0.34565843031647941
0.88087742780399758 0.46602443930781806
0.74455040852362875 0.19955040968914262
0.10995122954128229 0.73026299768222336
0.13130393006181518 0.33417216551094403
0.22754074228781135 0.19124933901866170
0.34369591286138784 0.91608235675234240
0.20610468057018316 0.44309167177285980
0.33078339099851883 0.63297992699449401
0.66492854126662426 0.05251095365448774
0.16146463006689066 0.82364909146770249
0.10460084667327510 0.22972832922197614
0.71774000795049697 0.13067319626844101
0.77714273097921804 0.36646626819329825
0.83341581837076673 0.72612457218255255
0.76904885067095108 0.64438554062915987
0.62798850418376706 0.63700832450895095
0.08251907439752362 0.58477142179492281
0.88490893914619195 0.49852863655964258
0.26342071248322207 0.16250618431469507
0.50957913224297824 0.02974665300193231
0.86980583004143230 0.20166473264676760
0.89303682437864473 0.34110315834748861
0.15538542381749940 0.73616763954587439
0.37147621023823041 0.48112253533897009
0.90274200509322955 0.44010028477469632
0.75506962421077772 0.15918180003800531
0.39108889165039595 0.05937176984445984
0.41434867735155412 0.72208911484329275
0.92547958356275151 0.49349195485581565
0.90035467297040661 0.56680070134797400
0.88279096070748919 0.64934531556206077
0.53097324455201778 0.74125195389686005
0.63369947382860192 0.75957852402635473
0.16072058949344095 0.60028679735041057
0.89304089986909529 0.39052946842050024
0.02367180046735259 0.55466844805516935
0.28804473183406037 0.91921169106001566
0.41678524575549580 0.07638345162817416
0.62711200217673746 0.04799360735994826
0.37430743956258777 0.92430616532966481
0.61327828190271116 0.17450440662394784
0.55876290875926315 0.86950998163366100
0.40681589689923120 0.31929705486411414
0.47423804859151536 0.15557794433963409
0.62810776451917816 0.92772463464476906
0.51248269230017018 0.75066235798502312
0.82075482962294610 0.31514992923210139
0.15084806836174497 0.21253522683856296
0.91631288588937598 0.45753251368583059
0.09357993676272985 0.36693886727684261
0.41214361792159004 0.08000334893916752
0.67026211518880119 0.12083202935753605
0.09646729934805094 0.28406323154058410
0.58080213640452216 0.07212305680142984
0.07023331007846140 0.34132140434534686
0.92232787253866422 0.58521905266780649
0.44611954942732995 0.61043902694921881
0.55972802674498723 0.12327874096727924
0.43860430801393385 0.14272571024717517
0.58674138096699213 0.17881127389802359
0.37479892541123705 0.23656099066870140
0.32227523862428403 0.26528974912174558
0.81248561456643764 0.63213870051910825
0.52544891220927059 0.81505507366225238
0.56208672312759489 0.60916798368250569
0.47140280749539532 0.77971428709175272
0.88907591664861974 0.45425497856692532
0.89773281197177845 0.66552033470401462
0.46629432539343368 0.14599972126003202
0.31272115856411631 0.43937926500945990
0.66826674698431099 0.15517036008210233
0.04254392829412740 0.48063334059899815
0.50704523178827920 0.36505525641612524
0.81437842519109582 0.28153193433744195
0.49833454420710011 0.55545680369219153
0.49179087946409905 0.90599650512415142
0.09397630178340842 0.41826240146477078
0.80727951147237353 0.69161696555376151
0.40948936438118677 0.23760107168200306
0.47462603847020379 0.27096407661792032
0.41512116721312692 0.06116149682333900
0.68665372443510930 0.83250650739825882
0.20709012903813115 0.44991694026162310
0.34766762622293873 0.84625929451799276
0.88786919846094770 0.69675352669957080
0.08034522928014501 0.68240079083359351
0.16546909199536761 0.23273591127996332
0.51107100236268699 0.89618162526990197
0.80483446454080443 0.62948722213779862
0.86688624525006164 0.60749147468299225
0.61538270867317135 0.38708843642273377
0.30621979749838640 0.32675211717300640
0.27890875566232631 0.39340082258644554
0.07623515000263537 0.45476569893074803
0.86892250462170251 0.35488539883796694
0.72927996326962230 0.89852747501092811
0.88255218919265777 0.55869453870016128
0.89167997357303475 0.55026167209056409
0.38471570556307078 0.28580743186497976
0.50986155706695246 0.62587478603160163
0.28227751649997135 0.13988977519605897
0.10209878975753148 0.29404826457978606
0.90387893726476409 0.58425576448882455
0.17156934972555943 0.41008607075373255
0.62841459219898788 0.14684190833519786
0.15171180612374316 0.25172654280459872
0.78372924813373723 0.67305229744983364
0.48432553326332234 0.57168892102778091
0.35952017400273467 0.32927630340977121
0.66371039679491151 0.51041113538907756
0.77396551013531600 0.22145891164904943
0.57002110978681608 0.96263365722105665
0.04014183283960241 0.64799802237661386
0.88997345760429036 0.53158319733965431
0.80412742580161778 0.62149043899042911
0.44139061186645923 0.89271878007240457
0.62255832631703412 0.53618566788077404
0.58408758878345601 0.72549448776381864
0.43768901350280981 0.34244793902568538
0.25411104420776709 0.23996534369715378
0.68773886513211080 0.90654689769040298
0.51324623085062393 0.10060124957673577
0.16723262124489696 0.83883183763413793
0.22135388472518458 0.67329866127357152
0.88852979085220074 0.64725999455584016
0.64470077965245309 0.82166309035702800
0.29329208441494359 0.33140715454340147
0.85392042964632875 0.32621547666268091
0.60400674454896852 0.89993539765114594
0.69545502241915824 0.33994403272818685
0.43395929697730501 0.61248699917869454
0.57996836884399205 0.22773923677153604
0.35250264943558712 0.78977599791070219
0.86854855897191430 0.27336000388446635
0.08470248259116579 0.41271246131727501
0.69256536995654494 0.16782784595069983
0.76739208254871605 0.81199575231909293
0.22893547704935860 0.18020270959832352
0.68286849226447743 0.39918914705781966
0.23892229346110927 0.87800316769459719
0.50470588291559593 0.20821271921786316
0.49524657670603051 0.56922590231372105
0.44504545218625380 0.47951072525880517
0.77704177910835304 0.67348175352953266
0.44599909716856889 0.40632351852049103
0.12732711294914661 0.74366846463923875
0.12456762277489601 0.41934715150491086
0.88988411318160054 0.62816862239368432
0.84459746509753986 0.45658512526176981
0.71523837641512977 0.52587804871545085
0.54824840870315261 0.21126823707371467
0.24652784421469359 0.51709535057748179
0.43084693906345434 0.43423134259850449
0.28858987339542685 0.52057950752641413
0.62842544239973364 0.21411282232178092
0.31102819155765643 0.76387315251504573
0.65904612580067423 0.30950699257210179
0.09375690790843086 0.34141409696322911
0.27808105688993717 0.87056599995064987
0.62858626430227538 0.89138843394386580
0.49460118838775652 0.67771778220817702
0.25943557788636401 0.75223850222835298
0.34420445567284097 0.89676425212311761
0.19924240123348377 0.57650570575560023
0.59479321388276263 0.14987132145781518
0.29827911281218733 0.10659951155492721
0.25416321435870703 0.60991490595254461
0.42672137226614248 0.41472172670875768
0.57583537411037788 0.66072008581340702
0.85711093937420435 0.67853284269582859
0.74324483819592879 0.63436629362919283
0.56680016995745985 0.74214220468019620
0.19507925824868666 0.68003472615517868
0.89966324020567767 0.65374625599318614
0.44414172091930232 0.77352888731274039
0.61807456705714536 0.79270963263858896
0.27268813322116331 0.14312443485351040
0.92865408249783754 0.39435735880046341
0.28749371990393680 0.80205531957951681
0.34831903468475678 0.25535315172207840
0.35316115588524760 0.04790334872096727
0.61989439376781708 0.65632731048626380
0.71431428276528031 0.19566153553098570
0.38463623356232174 0.77700199123105096
0.68737520535741803 0.05165253691229638
0.80782425936283209 0.65805997298189634
0.87076015467685119 0.27932153041547342
0.73398964790952670 0.10213463245374749
0.18649050919079163 0.20023855865419715
0.22391124045246374 0.59793392773121579
0.60746496260722649 0.84001453010988447
0.38898670812439218 0.34070584896562434
0.78495199341038457 0.77114485360243490
0.63159183425979293 0.07938645634153270
0.44308401520755558 0.81082464977849544
0.56270146672119747 0.49648016079161811
0.69483022215102752 0.64902497687742045
0.31523021351275227 0.18732245709082387
0.54360660314106024 0.82515872172349591
0.83092564680715253 0.18271223137823261
0.15384931636358923 0.28648546572585343
0.08688302601182356 0.57991528688058247
0.36511151337291264 0.16778423789206365
0.65072134900214584 0.60805715893719359
0.63822025479496358 0.16490336104090117
0.57961162052713588 0.59707920046593788
0.37322770478893319 0.37885441196124298
0.07691894510611962 0.43562564774541668
0.08720568375934160 0.44148700502122151
0.51806633516517409 0.74649973884052523
0.82199363207655618 0.23869553307459804
0.38391795850898963 0.41148125506521760
0.64208439426621366 0.26286049440537884
0.93519045222033825 0.53125419685728326
0.21993379505775279 0.72715474317986040
0.08659783848022314 0.59599007798939607
0.38092535388490539 0.61975399134409037
0.74141419675976716 0.31388413988032532
0.81731768034382790 0.69769801413841681
0.44338040654225364 0.76661176832430533
0.12993462862099017 0.71557613573556311
0.20769324797902328 0.85133834313826007
0.46735137904194268 0.59615039131333636
0.37238988964059272 0.35264236838872304
0.36410398826644103 0.80155948099716889
0.86534221300159708 0.36790942467169441
0.65406775201025369 0.15470676147533499
0.73755466241896006 0.84659348781820365
0.48600487672505127 0.20730586346812635
0.35790785072870329 0.88006792442717108
0.06212020013023305 0.42112733724900536
0.81910061756097163 0.25807117409237762
0.89617219560570971 0.54508993427209951
0.10229969955791661 0.69014516728036857
0.23575659716004385 0.24708395064068628
0.27766133462880710 0.56638436896374977
0.41248265377153515 0.93716445445477847
0.29596643672563760 0.23625759863528670
0.87675364805001277 0.71877396971624530
0.26765646134496107 0.57756852063346509
0.23350938394328252 0.41622307635607336
0.39219008309548753 0.43229138981114978
0.48087900801662264 0.75391871590335691
0.26349383297671020 0.38827137770290854
0.43751712181458929 0.07688484916633949
0.29801851953485364 0.50445223887747337
0.24359828359208421 0.16814403780824400
0.54840523991755208 0.39602693890313140
0.06346683389265166 0.62472094052718985
0.51273864861116891 0.79434866327123743
0.10858823885869712 0.43340297548718026
0.73158557613395148 0.20661051345169260
0.11436362850394623 0.70991960590901892
0.13235306831855093 0.40202829884709690
0.73110920947418367 0.79645677229474710
0.44613032940915459 0.25335366893518518
0.66429266134851184 0.62135732495154883
0.43369607765202012 0.07257612878369413
0.65789605058631928 0.20136365798882710
0.95510818857788315 0.47444208390390241
0.47033507534242375 0.61449156347576517
0.14109492356720055 0.38533397486172255
0.52572543176551589 0.14731594278839957
0.62719070546056965 0.68265347799896392
0.06964301130622533 0.43408715715563922
0.16964315473575090 0.20174397320432996
0.18526508615193246 0.17544208385612428
0.69710978829636772 0.15563956373973264
0.49459864179072244 0.59135606799703511
0.46474147286723982 0.93033090693118314
0.62161090985774037 0.71813031019724560
0.75776229006196927 0.87868756832009254
0.36563572241180875 0.79313125001176776
0.40622120734097078 0.19788990711218116
0.29703269384318337 0.10158945782772959
0.71313485165532853 0.73846732533455905
0.69158730681700253 0.10429316785110457
0.61897480516258996 0.34917046507436117
0.59387781139240259 0.71288029001064246
0.68558420037673784 0.17000701259075038
0.24336878020430933 0.79246565180721984
0.85149648715847892 0.32001221246637224
0.76129894559962019 0.81543423220626754
0.12608275685477638 0.69271232815873796
0.51461927462432300 0.97223640691566349
0.94065219930848210 0.41662768370122261
0.42759441139909654 0.90731213163065771
0.71964356313237043 0.54733294537643551
0.51294747043376610 0.90222234931849421
0.79127103868498594 0.18412547801598778
0.02465906810073952 0.54417314254434768
0.40833915638162405 0.07651765453606603
0.06898035527358203 0.34934592571010775
0.04630647360332257 0.52471597213066234
0.61963418673426529 0.90986049862265672
0.59893816924102128 0.83416100099779888
0.42806133565722043 0.40061044256818984
0.80828608202760210 0.64334663603804021
0.45242885930516191 0.80892109078036989
0.19016655800456553 0.82966349491180014
0.69775980089554046 0.71188010798236834
0.48157516659361993 0.38549248653294571
0.71134087576218219 0.56722402769576863
0.82006072925862605 0.37199161403623299
0.87301972035681863 0.49118809918651685
0.53086890960108535 0.75580585493029218
0.58720856266378141 0.28067670137111173
0.74520766891958745 0.33483113063554237
0.34475407284083082 0.46615726232983817
0.50481356302920410 0.97290939296554824
0.59201720438592642 0.70554430282795588
0.33940413563651178 0.76174736312889502
0.62077128523696434 0.28606807052081695
0.43508426352865537 0.15862939199656789
0.25524718973346522 0.82571936906181742
0.62594028964623105 0.34583016606075467
0.85698105165500571 0.59519753898848871
0.73402501101285123 0.60958550924904598
0.16982209359122194 0.59458476239070768
0.49846543071674293 0.89879349184122559
0.53862404109166973 0.78214624185270165
0.53800328191548408 0.23725756901890716
0.15489242538808609 0.33032975948663157
0.65606969814910998 0.52969669308002021
0.62858489724782218 0.88197514173341696
0.23963780997204465 0.30321190516383772
0.13917230038205955 0.43255285701095236
0.83626034594414567 0.18549314054123195
0.71847054641168129 0.59569734872331603
0.58755692739976839 0.76018050258604553
0.07332255783946816 0.56730956415878575
0.37261276846055019 0.95590660420200924
0.22155073506662401 0.34467960321188612
0.24449910868330971 0.21821367746956197
0.43266145105036807 0.14557326889356811
0.17848723096468896 0.20671445540059386
0.76702052793227882 0.38074771434201121
0.60947191902733788 0.69433084711156745
0.16976198503384871 0.76615068205494086
0.40372821831980721 0.39750457174288062
0.46605291716406722 0.97200429836357805
0.85169680247938417 0.80838193993824825
0.65020578243427907 0.13360151976837953
0.92507236644059887 0.47618207205599661
0.66177201436119881 0.82581141202467478
0.44570397211021862 0.45943696027762271
0.61278800798581101 0.51030388418060824
0.41719614352060075 0.78497175221139504
0.08460102950043331 0.32772653865451812
0.27852642386251719 0.58136991782292091
0.12337483354440913 0.47433341390294748
0.81357959642520894 0.20181526128412397
0.84696228121650918 0.49519265837491344
0.13828707479527513 0.57803290830956866
0.28314137978707948 0.24269796551145195
0.49365355055667470 0.72369872912973499
0.59877396702712060 0.85654985544076778
0.62757722552205042 0.28808531725284525
0.34104177367172461 0.07837973405267841
0.16437126181891912 0.69017730796811727
0.29218915500882381 0.45036756657520061
0.59563406973176336 0.32196148515421136
0.74779175756006477 0.55496667981555514
0.81062398795101698 0.40399873410783643
0.28371845848204158 0.50413907803316083
0.32288034468509996 0.10204843855912962
0.20191020426261624 0.70333210828400317
0.58476587183184903 0.54371368910291240
0.67176968666183901 0.08226312429024002
0.19280881920971227 0.52826650438377187
0.10444821324459572 0.39557238592892474
0.80418301481023802 0.40781546416017772
0.24118931722765249 0.25268414011180568
0.34054922052759212 0.78195448266163614
0.34145652678062288 0.13306281408660961
0.07746866359265822 0.37524942045253312
0.31579423183705801 0.43269353716574938
0.12711742594790360 0.65505156104595696
0.17038460849888140 0.68396331053734594
0.39163726649772423 0.47836510914673608
0.42871003528765672 0.89902383763160254
0.71315106319123100 0.85288304963445949
0.20134622003890393 0.67611775506996019
0.91538632742444181 0.58902786265669715
0.60860344109082021 0.77644542186655319
0.36846512039957635 0.62137557759544049
0.85281280958931371 0.51842110682206943
0.74806303882625469 0.42291350888526980
0.54777150803741748 0.05533527011419698
0.40948678880470657 0.71244734440937918
0.75132011311351332 0.48830990113937456
0.11115598802167413 0.42769475759477554
0.75635978254854053 0.69771961090304380
0.13952180149070711 0.66071408521947439
0.31096855886889102 0.46695937317510949
0.81195775414580051 0.34397650470529434
0.05385861607588269 0.65274935829722303
0.06074263490979571 0.58271232985735943
0.52018448858707822 0.08485542327400107
0.37898943391606127 0.68308979203837805
0.08378346505779019 0.38840775556617407
0.09781196728955635 0.75897819053500959
0.11000192700975259 0.32266542251523761
0.78744980658920183 0.66369293803821150
0.72042608342133929 0.77163890269563373
0.28599502564760304 0.28633995561733749
0.67675297176926097 0.45771137389143179
0.28980757544000135 0.78343953941118094
0.34919504007573576 0.45140339732811291
0.60577030127315001 0.56323558591216449
0.70628614314348181 0.54346236619072086
0.29586059319658387 0.28673152031361798
0.49089260738191381 0.11134613331929888
0.50232020864999349 0.33762519370128452
0.21793774249529374 0.41168239790616101
0.55348158108627199 0.96244268291509516
0.78444811528199454 0.74436946223089018
0.83510497353325852 0.52072342920441972
0.62693299785798628 0.07593860646285998
0.66236664236234288 0.20791781831274639
0.70549578873370311 0.57948361409290416
0.88871244716384235 0.35031327426595871
0.43222300035999001 0.79962454685759976
0.06008449733504694 0.70342945749233887
0.58123174442117942 0.91231789715740907
0.27949053095403287 0.45865463440807003
0.40885117652782121 0.94963936398643489
0.50315272860687499 0.93976410253543186
0.79958261009031317 0.27106846277095015
0.68030329366691233 0.66924233906809916
0.19870186465224637 0.37434187898408083
0.11997692717628353 0.49305173156227849
0.60832843747771015 0.28790042096166285
0.78099843016268378 0.49602198534026271
0.89591907876614996 0.45147631361256907
0.95209099676216857 0.49013029569711286
0.80338251817040907 0.30699641689105384
0.45648751939579674 0.85006190781470148
0.72560693681955468 0.81421230593402427
0.58784170998009644 0.95956675301422267
0.05074571671760304 0.65950988899918950
0.45908117731742654 0.02802606604228887
0.48029648786317275 0.95588173161426271
0.33155294387490686 0.31235147248930512
0.57722062742707847 0.67977127099506951
0.36368676097062425 0.30695445508733415
0.35196117457614673 0.28344913562538493
0.72790736195508265 0.72719995148269156
0.55762923747793902 0.32978403537562045
0.43523228873474828 0.35657727818781759
0.86946521838377044 0.66330905783642302
0.78286902748638965 0.28122746342294075
0.49452322047805519 0.75169755871001598
0.45435224675140795 0.86426966642097747
0.30659459759993712 0.07399324369718678
0.10467164955217313 0.76103597146843138
0.36128102329193273 0.09687281242642100
0.12922705808684473 0.47798479120744197
0.43978745642925349 0.18993399493489305
0.15037037804252007 0.29788243765146499
0.26282031957293900 0.75795855544734914
0.10620735964450762 0.36261031383298253
0.06680348789159460 0.54799974780934335
0.29230481590300100 0.49194225320173274
0.38761491075610149 0.84802198192211020
0.11171369743125696 0.35342408716781781
0.47165125906505673 0.48464385829081313
0.09092159922711318 0.62652524846939617
0.93055031312259040 0.37406955828006166
0.46017522280255896 0.63920537081090989
0.36411208987021548 0.73241394160707485
0.57311468395593690 0.78397217035732658
0.83083358851575728 0.28296039704217513
0.11998717496810329 0.29735486614178103
0.21966308370109844 0.82265612034850999
0.24131507345107928 0.23309115398119859
0.51561410707782329 0.27327450602991554
0.74731282617250405 0.21912391120228558
0.09817987036995114 0.73265963195562744
0.07525266013939765 0.60491844059735689
0.39652127021276640 0.45579721308278620
0.70526929272927918 0.11552181994998530
0.09956413831467438 0.23876452248153973
0.44366263569043562 0.43892824575721068
0.49600612060288007 0.32624729530116930
0.06780660573579560 0.47432539333106460
0.47995709605696885 0.64490022395335012
0.11178470852149475 0.47418043331371429
0.59748626116824399 0.67764102230903756
0.12211935002073518 0.68776466773067013
0.40280694423949548 0.20377151605608804
0.42080708099335218 0.52058520744408898
0.12439196268625272 0.62157982274758428
0.51471028655431994 0.42509477684771546
0.62977553705691613 0.45685020562935680
0.07055045003255429 0.35632100375561226
0.60816019658544662 0.43757732749873046
0.51894378790135998 0.71413738778849001
0.31981644809403564 0.81406953684388661
0.82160165423601261 0.29347901388092795
0.59451061764797608 0.74085788070127745
0.15174623061401832 0.30458346764285327
0.80675507010309622 0.17659208192952361
0.44914940771993928 0.66125455136199851
0.20404691747556930 0.18966853741635448
0.58813634612502186 0.88363358311098650
0.37643919705011003 0.83891079434399396
0.41322912288860414 0.37261261338421675
0.75829162178989140 0.67063119767769819
0.17369213056705429 0.75410473461897731
0.22814811835769155 0.63049029529204215
0.09362544163070527 0.72810652851926527
0.67890979273179941 0.22223584454236017
0.77981719998556864 0.33195943517030796
0.88964964127651736 0.44742455862012254
0.53885477518686464 0.28694722194357242
0.70087318903563256 0.76580797945148960
0.63756407191232689 0.32417416307870772
0.17479508809811392 0.61533452596412830
0.11720584189542577 0.51727463753252689
0.15315070506926276 0.31058197231764934
0.14861690830077323 0.59442537780169014
0.42972895818280604 0.24303156485389737
0.57226134230486647 0.21357438118739761
0.64796625638687855 0.08708893572386141
0.54726713657728976 0.79886890267360300
0.84126279422236649 0.37255346893526436
0.54753500446170511 0.47906062952746042
0.14901661938294888 0.73891252476333658
0.16659070115930089 0.44077457034348466
0.66996469823899207 0.88510479649608875
0.46937708472222139 0.02382044128483880
0.47821142213863943 0.45221647750290839
0.86142567167642092 0.58972720418114088
0.53269575450602225 0.06224451644606119
0.35044365811887057 0.41832972820948389
0.13777523191716437 0.25590892344569849
0.47465135287422672 0.24913467386562896
0.54778008553119706 0.08726204886313572
0.07134271090082804 0.45886252052549559
0.65013553031875049 0.06471469952978143
0.76212391683952729 0.55343540963562832
0.01546230979808656 0.47641381492483809
0.61302189316508404 0.62495974892722339
0.51299093243255334 0.72817660773313442
0.75928581495895064 0.73649366428878382
0.86041665974174164 0.70894005953165717
0.75715000380858677 0.79622035014824499
0.45899644471733209 0.27150496079739744
0.90945875455871161 0.55216693870697453
0.46819319116572561 0.21893190507934829
0.59951936895754843 0.26145921519790788
0.73151951007375704 0.85013779967486236
0.57304516487241675 0.44783547497662141
0.35675234759002855 0.48062426679012360
0.23215207911646407 0.85610633437664552
0.09945005282987263 0.25629152015577983
0.58369049779629167 0.88828590217467795
0.21474231693570722 0.87124504760941102
0.25547763077081520 0.87829095824550796
0.51103929393336034 0.37157626282394496
0.84749941214468805 0.56703444587915541
0.66800394310052391 0.24289373836758205
0.61336046217101992 0.06905287320151510
0.67124728483041707 0.76030450878604550
0.23707242440920406 0.51030920349755071
0.72578873790609599 0.84430658877924292
0.07705352810268884 0.54374514898522652
0.77029455784967260 0.16317740554918717
0.47454374056362009 0.21409919710615494
0.36925922694268509 0.84964847131296561
0.91028538884044685 0.45549515131408874
0.71291104929050708 0.76894364973416329
0.80697220714917239 0.27068933225257874
0.34965455955233038 0.09836316925931102
0.27773943359639930 0.84655680873966610
0.92461727458636322 0.67047560212118296
0.75520647694336462 0.53422251156597866
0.80388935901617531 0.32510525035381060
0.11440389579108519 0.28902443041562098
0.15536069369529082 0.57413919560201321
0.43805939012644646 0.91859420874461595
0.10453232036215937 0.59704967585760793
0.78027770207478253 0.83931736742902818
0.26656441118900964 0.87555158699757252
0.24281798610386710 0.24578620669716847
0.11508856469930460 0.82102687289163989
0.41362407803363954 0.63155881733559338
0.37294393399008668 0.87701408844743611
0.26551022968487137 0.47539134384840104
0.89026255711382452 0.49317097542030097
0.58332195472279391 0.37541557938380649
0.44974314718557878 0.06273193088623021
0.69092073304404156 0.55026741587207750
0.39697924130002138 0.18651209647589434
0.68185544420741606 0.88699766374890698
0.46474575388880068 0.61048561079808827
0.63214648319154509 0.82659959401085514
0.30636244779379973 0.63511785485084205
0.35333156537538674 0.07889753629372789
0.20122946150534313 0.35014795443623570
0.51188976737444136 0.54152980182530963
0.70247204253375017 0.13205909750586231
0.25869141550748026 0.43086968768296341
0.67893421173975321 0.16098505903400709
0.83238760771995324 0.64902225916273870
0.19299190993206705 0.70861288738932304
0.13623211196650609 0.23940565716128664
0.48659865058455115 0.38086640054446397
0.22137606536282284 0.29867944785097356
0.68598046302896598 0.43154877466151953
0.01360529415799428 0.52167766716756558
0.66694256544070862 0.46787579108518473
0.38564451570078034 0.09086137014877084
0.39774625709605815 0.96775384436663558
0.54325018060672992 0.91504177625801320
0.81079838871498966 0.30169107439455423
0.70112052925918766 0.69263398784271957
0.37471266995413938 0.59805849562719282
0.41730673446816907 0.70143545359137272
0.28492934879364090 0.35401918703141438
0.67150432033059060 0.92206475960627643
0.31276910626929144 0.70499198515476225
0.09514151366972227 0.66940679120915947
0.75855655896752439 0.57226392409557936
0.93202818192618730 0.47644733277175366
0.82846942183628458 0.76553920004884324
0.21702198429347733 0.89082955290169596
0.57998277199013726 0.67248522279329070
0.54368026065696295 0.67487104222204786
0.24459146060921086 0.22806901745020527
0.82533462479029074 0.47759297445467935
0.87977069297556121 0.29268660797672974
0.61397844991938988 0.05880073885111652
0.68751310315829417 0.31258991860259039
0.05727565591083133 0.56719844705512013
0.63157773502459214 0.15270796252613614
0.69404006636270621 0.21107900836549104
0.67912802886291868 0.30120374970705049
0.13231674121251860 0.53873502206232182
0.66446894059167239 0.78925309920786679
0.78489634726631552 0.18419675115572609
0.92188243724957253 0.42128349760361089
0.62824274803812641 0.68994782956596934
0.79369248287963190 0.50446261786896818
0.64825646799676573 0.75683176530980645
0.36967382056746195 0.33888595650194875
0.84591726530379574 0.51878776531928705
0.20864271125183723 0.47307999252114397
0.07420936846354169 0.50037850326459665
0.45459922312185153 0.16793495154943017
0.30885688196162742 0.65830188892691210
0.72011349807963609 0.75719795997623529
0.51252436521800926 0.50490593807906281
0.38583792932079825 0.58910859358315115
0.14858253707501326 0.23798204292467678
0.57099404228745509 0.62638620091032771
0.61138128012593651 0.06362366824836907
0.19802535279538344 0.39531313066485313
0.59866920821764458 0.89549630888349252
0.41746965262459135 0.90628322111407233
0.31785613880378599 0.21257103122420831
0.89808727247676945 0.59879428226516707
0.61708498489708219 0.73047085314817795
0.32327692234851202 0.38285768310381740
0.17738274385952033 0.43005139646677787
0.52093177449034145 0.47270449806959841
0.78133104800527209 0.32529445152441028
0.66665365072002869 0.08590066146689174
0.63706358320138889 0.88198293590751431
0.37022676355097572 0.21385091943773699
0.40866887999027074 0.51620007659646494
0.26764541045858736 0.66970609838292883
0.82282548596134364 0.27072002311911475
0.70339574232177571 0.82178547520033185
0.69355606124176838 0.29846136937762274
0.59350556735480653 0.03184053055889582
0.40849078638174718 0.55171659169605358
0.87334453234010723 0.33905855290577286
0.61025053079625602 0.12904477548038054
0.13733841141662176 0.79632060584848086
0.91419947617462816 0.53258496795301324
0.74635943674730421 0.10905092616768404
0.37902592981803784 0.88089238865774677
0.55655885060276722 0.29615243978440536
0.27646738434746160 0.42167869880902209
0.40113193121905910 0.10604340595929042
0.43820445024149229 0.94083704660192813
0.52694694314060508 0.22100449990116358
0.63483062462601081 0.06768142522700228
0.65466648200060296 0.64493809872545571
0.81517057339479693 0.71106813730418561
0.93604710218367970 0.48949385752582525
0.57627956773218991 0.91643799596613451
0.43153872520233777 0.13855433480163626
0.78350143931371485 0.27279405077085750
0.38835485590889035 0.32241563611737833
0.65005286938258955 0.20141585332798184
0.49951518810078477 0.83058250146313317
0.69573790426088988 0.86467600355714247
0.18290628828256356 0.53961327150325200
0.41774288098274903 0.32710868817880762
0.10954329340383080 0.73580260037355683
0.48256404755416871 0.04746860152541490
0.53116066043928556 0.10756073269035098
0.39759758269991990 0.70319059301975551
0.56770786877501678 0.60561747858247050
0.35874591539177503 0.49450178939911998
0.43328513309649958 0.87460169392956510
0.15946309592195387 0.54038530063302381
0.87236986561630103 0.41183272273815275
0.32115092936099748 0.90541376961752773
0.07235147384718714 0.61403782900047410
0.32222279224292039 0.09687133071148080
0.96153662964651421 0.58450471879443722
0.62076196340869971 0.21314864966734784
0.40071097172817804 0.72276956268638570
0.65646508136431092 0.50711678749423106
0.94211617842230311 0.33008510815190750
0.35560698460040557 0.06189832874084417
0.30885695668767943 0.93634017409442938
0.50519624448309952 0.01683735621523708
0.24233241247490719 0.54600214774372291
0.12897261576733990 0.50999120413291255
0.39468580531484432 0.21596791560160833
0.31858422391441416 0.25941278204693835
0.37176912134326956 0.38604151725167302
0.09710637073204464 0.77426783782528896
0.70489853647256162 0.35762594852297203
0.56892746095185542 0.86428560885405692
0.52110898061912780 0.86666863407776162
0.13625824235318271 0.55610711832923532
0.39296442028909445 0.08281500260174834
0.76356958640109163 0.84948974348769801
0.39634701259735017 0.16244940731870508
0.72684657108536588 0.32532428667898472
0.84967056952022124 0.63307429005249793
0.90681793380810449 0.46602208437581671
0.76317317951099695 0.39336997744657887
0.33336343687779968 0.56261377030919191
0.34994687748667791 0.71063134026371388
0.14310218175386921 0.74775096010296760
0.93470241394579989 0.50019464897568244
0.19626915767109956 0.14080170601987427
0.82504512496943661 0.68033741926272684
0.53325445713755359 0.90568779521281173
0.15410060988611671 0.23792206072796923
0.81732484891087454 0.47950953915970740
0.66815877167784776 0.17492276932131448
0.41658704205855396 0.37958922690585256
0.76173519780434062 0.50506995368929353
0.38894253296737180 0.12858588880824146
0.07991579412358034 0.62158908125008694
0.37272432592309773 0.91230685235587983
0.95564569593369708 0.49705582558425748
0.26282767292048315 0.15697492672683222
0.27415237810939852 0.10580492925150672
0.27003902023206344 0.79135367435292814
0.09183669981359928 0.75119285449276174
0.34229328737228643 0.48095234550076976
0.55053968713215373 0.72418658434212047
0.76099954024170680 0.14688972335448738
0.56826011021166345 0.77448510603580900
0.72256657039845340 0.18742660219721438
0.36925179580658241 0.42030784420293127
0.81862925354483695 0.68050945670276297
0.72534352720519069 0.85046859707789502
0.32070979951006501 0.49493789489849888
0.90194684885896537 0.53306380654465402
0.13408451190936604 0.30688459883586672
0.40683939045896506 0.44596104175161272
0.30325468764110514 0.38392505849854519
0.74507712755572797 0.60286586263920472
0.89981425216716049 0.34380980708058095
0.27022577647479801 0.18211152232543895
0.58133181769986353 0.61253802677674740
0.74612441567348853 0.20588753533796483
0.33270111060030505 0.10778604277854097
0.83197312761766207 0.24697181591046757
0.42836023657023509 0.53386381776928937
0.12332450029672501 0.78716823912891098
0.13864333040180196 0.20043059131385779
0.04287006173732986 0.47409088894171203
0.36172238803949025 0.43688461888750285
0.53978973705989952 0.38488968150760466
0.93154704760195328 0.49459821298706841
0.43833956503069327 0.19673134162443848
0.84473248337881024 0.38556946575820789
0.16499293825635192 0.28332452058254703
0.85520310496802454 0.36995037418972626
0.82525950997583164 0.17931149647025096
0.19777268458778369 0.15874465958495773
0.43929565645682167 0.07151517493640773
0.17396532590267688 0.18547527723621601
0.84910663493455496 0.60090563678302378
0.47510263692294225 0.38256609810381736
0.35171700819765911 0.75691458347876273
0.63821116854851279 0.55180957965242206
0.22947445569274422 0.48645917141457312
0.48482587792836007 0.92700543766717480
0.28074546871484918 0.68143064362775652
0.51710779772659210 0.06613588514145677
0.56743110858378532 0.14965239707621833
0.34863280111657785 0.85793549384259693
0.16383785658312067 0.30115466980486300
0.53052133843618698 0.26377919391732435
0.15529489475828662 0.23297743228800533
0.49065627496503295 0.94915511587088963
0.37799196076714486 0.96427494149050219
0.64153995013654985 0.80546446372025504
0.40675853968416431 0.33596773007134084
0.41577648124674049 0.79182957422652112
0.90585325299065467 0.47936703528794439
0.14972498168553891 0.20681133118493586
0.32969422077618182 0.73458052406563301
0.89505015330058435 0.65921453378654060
0.80656936769055709 0.28293893303015910
0.76865147744026663 0.78714647333078336
0.21343377408421482 0.87753522444689958
0.48522047011584291 0.07987034808760589
0.25693906394356186 0.85332223308090349
0.62662555835055866 0.10253752291275678
0.74586823570854033 0.23314574718754902
0.73784074144119227 0.19985076872051316
0.57417476437135595 0.12048001431022086
0.63384366898199873 0.68590751335241229
0.26259660216345576 0.13639787955332083
0.20755889829526042 0.19396344567864740
0.40943767345004484 0.79464779363016624
0.79483969336667293 0.48078390335717380
0.79635302177830547 0.27708087377558749
0.30077859627022235 0.27214883701629355
0.11505773357575842 0.63978724628143235
0.75515117329007875 0.81747414584505784
0.29266642330530651 0.88551214615777296
0.08813073465449751 0.73129793863997128
0.41727430012507305 0.09590819081610276
0.15474981431072932 0.51971676643377018
0.82634056836695269 0.63782306028909164
0.51298222725060372 0.28715786719044289
0.28570437306968538 0.61377266282656584
0.72307874891609036 0.79392412795155398
0.54137096801023388 0.47700399388761255
0.40895884205143873 0.59854564706111923
0.31655455617806283 0.87129817628821571
0.25788230265894024 0.11413660210948656
0.23391918718316240 0.33985895218028817
0.61716133757463154 0.33603879526869068
0.34845210917681968 0.17840649948870216
0.39854165732947600 0.53398297843597409
0.14732548543537252 0.48875400412939746
0.20440396351179127 0.79817671783336053
0.87427713534750096 0.69391097704004356
0.78110709223089914 0.20897046399885463
0.91150777382448223 0.23977229160523120
0.64588802913311982 0.67815437906502096
0.11181020590358869 0.46666702823966960
0.45737795526051078 0.44770959167623159
0.46135091289633140 0.27760014134205929
0.57936124994846883 0.08971189978141589
0.20793202684576140 0.38411746047021172
0.22426338685402208 0.77189503742054921
0.57109195112926858 0.94535357777969764
0.67339874849836345 0.37352705055042967
0.59713914087723297 0.09417785656398606
0.71931532713423185 0.80228070609541358
0.43423813467231354 0.57147704485190820
0.22044115565481798 0.83137466361619694
0.80623660387439555 0.63645588756361082
0.24249753807195262 0.20959683977485150
0.50401860539746934 0.49460494054055426
0.30558412789235301 0.85623790377379871
0.31348633281588850 0.81664381264559349
0.88345784593280074 0.59758880817466031
0.52977430778720946 0.05169538706989697
0.91181440880712072 0.35682558648068141
0.25183968457296052 0.83591669313123040
0.81443299529629021 0.17405768018030604
0.49717016127167091 0.08637588932806475
0.76839777521971220 0.38783395621595457
0.40431753947217236 0.38416656600431165
0.85675202846349163 0.53603739229990344
0.61979151242353558 0.78546947550744850
0.95349312297398980 0.38005708130461346
0.11418164961509977 0.26904867183650988
0.87402021934692109 0.21049423360145392
0.10013991779725771 0.47136613558699342
0.18110885825442088 0.58483037800785143
0.47958525616073527 0.73943835668921720
0.06243787157305588 0.66743026423032636
0.73714269377635067 0.44066484707462550
0.53923640874060497 0.12966185657595730
0.57270006743462876 0.80071710447089861
0.69606782121424737 0.46353245670724375
0.71916559120175183 0.81747560862763846
0.87939033476669315 0.27034337108894546
0.55567200095491620 0.13465081811568830
0.54316603441934219 0.05894922926203473
0.51561101899711104 0.63195513961093264
0.86265734069834066 0.39795496657441604
0.39579674470153448 0.06994060151531863
0.64145711477508061 0.40279357378799457
0.65453841557737835 0.34902328322531512
0.72953229636839922 0.07162331316093756
0.51529952422572545 0.47942076250034854
0.22036044428875440 0.52602157715071685
0.39896811857052300 0.46875415477285576
0.50124438161481200 0.24124612511041565
0.10522374114974462 0.75484135100048910
0.83465991253910587 0.55113541160619772
0.84763476146584060 0.39870518598929644
0.26840490195975647 0.26604545070634911
0.20304570300461339 0.25141341866447359
0.85777638753063357 0.62137979376755803
0.24801161949948222 0.28497193528058262
0.49254052788236696 0.91641745321401491
0.64597804035853390 0.91626171430974779
0.19728099918999215 0.30402007345579624
0.06769896397676686 0.50856833999786466
0.47583119288864778 0.24140905336871132
0.68922291981917561 0.82581085048812031
0.18216316978773447 0.60664988778933338
0.11901172471580646 0.78242320334226778
0.93646854961612380 0.40418835191413077
0.14408030461127350 0.32520182093097599
0.19513337421633087 0.61621256004183211
0.35458248351266680 0.51849136650758054
0.87560552360001320 0.29740213456180259
0.53838858013335700 0.76843205273227944
0.57447696052304109 0.81394378371815967
0.17099967826375742 0.54762219947125190
0.58915722336788712 0.36156254949350469
0.05112159536780735 0.50964508714831980
0.70628729712208493 0.16358811550929211
0.03564747276274086 0.59249301900704654
0.40460800402593133 0.45638523376463103
0.04368342397660920 0.38163437320091848
0.45439519795865446 0.74975507722043200
0.23016688981745845 0.54605606074864466
0.25743688747489235 0.86047244366677400
0.28298593371886699 0.85056639546409141
0.06820131715030642 0.52978320716031191
0.42442311412717959 0.73911621963719076
0.40813094178410486 0.92306588081428009
0.27163191072895693 0.40289238965005164
0.62514650841816555 0.61649778366075592
0.48762980587421539 0.64595361043621025
0.72581050140525893 0.73406842614359913
0.11640107931248712 0.72674999854586619
0.08799084814926804 0.70515715112711652
0.70196974593011774 0.73104036834636488
0.75758609125249510 0.65083682867653025
0.25386693869572613 0.11908521840448304
0.60259485148090530 0.40406762607941260
0.10497388698807947 0.45680681030653592
0.27390030972746504 0.89675894541779644
0.19888563807478360 0.52406164980748371
0.18118817181640692 0.21515650399255107
0.08498325287892441 0.74777027287254438
0.46427662902058753 0.04133759049162289
0.45864976417001541 0.62405338297982060
0.25176356838557240 0.11284789887997190
0.75614166136276539 0.15146666667995518
0.54106649148852737 0.03231244556365835
0.59741244019452044 0.21948169286124730
0.45194923506137363 0.87077321297502341
0.19218548160535506 0.19853557982833564
0.20200611512039751 0.38944068722694108
0.54392566902644557 0.39102470795161570
0.65442289898642425 0.32459705126166377
0.54406866816461030 0.46417106337694874
0.54701065310562769 0.06853752057275415
0.53239114830694068 0.56994798074651298
0.84231843300212339 0.61413826991446496
0.56493712072288604 0.35513376382101280
0.47850959234199730 0.45873287335066354
0.50502548364223709 0.92815847633786186
0.39128622643058997 0.69920542126687413
0.33212316794945052 0.59888667130519191
0.22877703526018944 0.91984107105186885
0.71831935579776529 0.16961538243192706
0.47354256356246921 0.80767543148512644
0.18802446682125321 0.53447056560025419
0.66113604121772418 0.64814398711279164
0.35313438388509499 0.27581226338395115
0.64595605434698788 0.75043689711800299
0.80796757006851405 0.50864690545546043
0.78106083856086428 0.55407105679914315
0.37117641399474133 0.72783131858259642
0.53545791821836464 0.30017436859517810
0.31850162234113233 0.12575007168374400
0.51007078679050166 0.95146839311697273
0.96062512193609007 0.40674285158664303
0.90885928656895520 0.28871365070255756
0.25346773299302083 0.56286524653981374
0.60921347176696883 0.09967321955695808
0.88236733117896482 0.53072376759084938
0.42431563913529902 0.66859494556164556
0.48344638278509811 0.06039768229108838
0.67153540245713084 0.08877535064875340
0.82707444009776088 0.37267127188998023
0.15499335947307488 0.60719473588063599
0.60898973482067298 0.39307341712996791
0.88032014094752875 0.48018391113927333
0.51820584781476220 0.87623562474456795
0.61956007629583287 0.60419512528685670
0.63380023006080566 0.18771558020518936
0.73678652807810496 0.63223796028290702
0.55608848371598696 0.94242656044230266
0.93599538593984921 0.64219492275582324
0.08922280873643457 0.71093587207724407
0.44866434718029363 0.12555852146739974
0.53059946895006793 0.09234307584367031
0.28638595406242101 0.51082719891860606
0.10371248051580551 0.73664868489724966
0.31359484109901570 0.45428323635141032
0.76373342552635159 0.11685227343243261
0.45370240915503030 0.49351619592884838
0.05180383477162003 0.62661225481429572
0.29129335047405097 0.50634550993974292
0.34067366267246096 0.66037159791711053
0.75013298531132955 0.21252175772071558
0.59275290140760473 0.35582316331190061
0.69426429299018566 0.54361604692367105
0.31219580030148114 0.83288379524940837
0.21077683881398979 0.19846021717343010
0.53402401541465383 0.04636519386343119
0.90575877913130620 0.52108856373606816
0.80190022991820087 0.51250350205787598
0.34802803735445054 0.66040643509235109
0.46829386600109502 0.63584926118463780
0.31558939829344584 0.52137283031639070
0.86094226095253057 0.20493399234351195
0.86331028486250649 0.19760914385426892
0.07668669933121734 0.61043283868290787
0.22495718352239882 0.18392041160834474
0.44396234569599063 0.36135713396323205
0.31826831744220857 0.60948445971723253
0.61896503851199436 0.93921203947145093
0.21762567617580578 0.17648605254581487
0.51571938036063714 0.12020104473671669
0.49100091085083747 0.73106939034807672
0.45583587676127746 0.30905488878688198
0.35655447323903128 0.07357096116058695
0.54646444009042683 0.65348238444811224
0.30865241438723989 0.10583293366415174
0.65848003582842141 0.77497889234700812
0.50901358814974695 0.33917960498993632
0.23643663791617672 0.22747682888310969
0.80593866028441841 0.80462537075092666
0.61500043328952581 0.29083702523900795
0.53143877947596019 0.06766584049580811
0.13699435042120192 0.59817913964146063
0.49465883277000378 0.49811155360897247
0.63634760066595830 0.95613664472337834
0.54543415825865971 0.26168861337384608
0.71845267942446278 0.08941286249638752
0.39930255997421754 0.13502419544694466
0.24061445869885770 0.45922047023403584
0.17573133703929669 0.64316070285820071
0.83029457651435679 0.22871181809320359
0.07358463720440997 0.52939070408823496
0.67108877080815599 0.60277449273627814
0.28089020281434252 0.77319786380157784
0.52912822065727905 0.55270995288661595
0.31638667565895223 0.75834529110513582
0.71315331489738210 0.55358953468007932
0.57668923254201465 0.08398837856735560
0.54619699804609134 0.16467464472544380
0.68568065343726714 0.56299790052493126
0.77342503532355833 0.28246622637788626
0.76210805397405035 0.35689073152072726
0.06907002630290186 0.50262223500508019
0.64188276770542385 0.08540750695724737
0.49630047013544470 0.87384505059834461
0.61333753384353018 0.82008628314762666
0.61492190363094279 0.77282183000607207
0.24098752928276890 0.66034865865021364
0.02475146067243179 0.57875730669912850
0.34274277680356724 0.14596044402029035
0.64480371273717663 0.79807942937506993
0.66069818340205744 0.83494022291634240
0.07267340573458259 0.50662053393261086
0.92923037563002697 0.65972154112389669
0.28702242859915700 0.12737949104046561
0.27862148354351801 0.68892610430253354
0.19219161756432601 0.42769405353803752
0.08071888931551775 0.53949169976064237
0.19760055653551989 0.24549578380790452
0.70457921173197657 0.56476402935858971
0.30357140097483110 0.41601201216009087
0.07740496556607156 0.64372335445890694
0.34434113657971505 0.30823418657010604
0.59570644435153997 0.64389375323671771
0.44260560578170383 0.03802461915833965
0.71946231524391824 0.21198034538209887
0.23310293025089515 0.82304674386881538
0.89326975569521849 0.60285168346545437
0.84816452905633177 0.46672920076619578
0.55244239155012120 0.40229828287466785
0.25449135337674866 0.63995372322096256
0.39018647824348124 0.67797934429266038
0.47652685577910997 0.84077769885912856
0.18525391546144146 0.21920320960492240
0.43181312478812617 0.36836959239393691
0.87818604607650841 0.70587687088706597
0.63555182979373448 0.39042666399079912
0.13291674914371165 0.72763492060727408
0.10700620552634431 0.24283399617545878
0.22753260203975598 0.88469247557292852
0.26526902888025916 0.63856557865760977
0.59671417951892514 0.65049993669713169
0.59349868496396663 0.47809526388498425
0.54749618184542204 0.53011611674705172
0.93157380682576751 0.62603245018746256
0.46494217285524575 0.54634472354747621
0.03666286314753463 0.55026980400527681
0.43088172403475616 0.22130639082114961
0.17729628912536632 0.56031914398062643
0.45478682671363257 0.06613736130622735
0.14009659424746793 0.80185063000241907
0.26745805995219707 0.13531961990482519
0.26708518316937890 0.80293534219195417
0.86508558487066634 0.72907281509194199
0.47097248876425940 0.43263337138564417
0.52333057762500079 0.70185710510531440
0.67386286043584853 0.10273396097030085
0.86429281953685377 0.45498463493379254
0.78171529859292932 0.85240895601757094
0.54961800646874603 0.10861829835640648
0.13716470472048767 0.73752691694228711
0.16798196337048565 0.38202819974800611
0.52080974598508178 0.31460424904654960
0.64998578096451465 0.47701705294894448
0.13878674928146956 0.72486639121395902
0.15888955562233029 0.20169711599367643
0.56507642083238296 0.14329234582472472
0.09757980098542811 0.61027013337279101
0.32697050101319292 0.74738230844080489
0.09656211500225281 0.62721113076648449
0.83770575602732300 0.38022896592794803
0.90043961466558375 0.39247474171804919
0.84244944314112746 0.46321408772769496
0.15486146806471837 0.74862883234363942
0.35537404558821045 0.37380818165844149
0.62389686526886645 0.41012112904290465
0.10657285842527328 0.53719086446775688
0.19511688246494840 0.69500453874650958
0.60866393937873775 0.05645934503485772
0.32962821059028785 0.53138375203892474
0.29074644759675067 0.89124772323528645
0.92852553345133004 0.50029093966868410
0.91527360957346260 0.59532349650166072
0.19638896334392744 0.17593922639470364
0.38631331952903913 0.57837097365888723
0.51057339239344068 0.12419191524800118
0.30402942605406708 0.74210601295140111
0.82640377553685784 0.42646460576196948
0.41330008171701155 0.66666637965618936
0.25632014690331845 0.87253319243659888
0.72514767118586931 0.63478227035145640
0.52749431619008424 0.20667700949732112
0.68852724938348675 0.77843700772776714
0.78729014240218542 0.64824122119821348
0.71460958805314312 0.77556320864162187
0.62082189538778210 0.10611162323089592
0.68253097675756824 0.60845503428668046
0.14934639739305805 0.34928232040254747
0.92237560896717274 0.44018543926563902
0.32649413143693234 0.13902269040547960
0.83298569881947115 0.20403192640496629
0.49813229597270081 0.77615506208401275
0.05830251902152494 0.47536900318431258
0.63660789803585516 0.08839089701231047
0.59443234421628932 0.57204512650379835
0.59982942909367121 0.27940462270102873
0.43034768569076476 0.57743297610038347
0.64246256529127921 0.31812215300925784
0.45604995416812238 0.44127116330105315
0.63572886558137320 0.53242815482016093
0.61869617939311694 0.26953427318770995
0.86448881995464610 0.18035023838726066
0.65859855054258476 0.56430407694650764
0.39984958235604501 0.64431702064362328
0.28589387581608217 0.74381473935313380
0.30369207997101583 0.78163862201034229
0.31413523235292340 0.84843134604311055
0.07789479285552298 0.74437397219819090
0.12747171693975351 0.26696630254234038
0.26871164035168088 0.85565623155838211
0.65089909862734863 0.41212652227992957
0.63545403201423267 0.35624528989187787
0.82290337657450974 0.52740306375727053
0.53075185848196726 0.76343093571509268
0.73150224329571223 0.19953058606049387
0.34597312485509152 0.87718536181031681
0.38241231368399697 0.38900001851268706
0.60315851818920030 0.45391116645602092
0.26192479781134059 0.50168848052319226
0.31099043303899931 0.74386600594766827
0.16758778292689294 0.52134344498051144
0.44404633013360367 0.73914768034299838
0.47133054958696247 0.13496774483421661
0.28529969396486982 0.13496193378748203
0.60373564388827228 0.07576569618336651
0.66303757526520346 0.59920981467854373
0.36258246133781757 0.61724538688014952
0.63964907455107101 0.58341051658019238
0.59846008100096038 0.41982317882498327
0.49220953223038372 0.68443333037142950
0.56924921814178442 0.29144285970257766
0.69491529436480481 0.81307869902622809
0.46937274174454480 0.58286019872085959
0.70064500665127194 0.49688666234016454
0.58681632392722916 0.45441752157538595
0.59668961124420028 0.53251467341760972
0.04965800429761674 0.71013219290820406
0.71893654393568474 0.15642849879022439
0.85657199094320147 0.37860909965364581
0.30184976589870749 0.91833867245725320
0.78434563392465406 0.09386468189399745
0.36564568918495166 0.25578839585670854
0.06566220019813765 0.43740243790994637
0.75544061712960631 0.85444629690880625
0.81222821123027478 0.66836888010607476
0.46035967822548729 0.68563355781398860
0.19490308034204848 0.58650717710205602
0.30606138908639741 0.79548996216112888
0.29084364858225614 0.56245208677511938
0.67244368051315995 0.05072526379352164
0.79941344019753269 0.80697696383434758
0.53673683116803028 0.36483030052531462
0.19024220109198664 0.30301770332446709
0.49653997617348200 0.82402653088895739
0.49399065606571446 0.07258026395781089
0.81035668685629703 0.83671672480614478
0.74140379893362440 0.68045396526883961
0.37249838444873257 0.93058834540997182
0.64371398723850848 0.12084114392075648
0.28352715313185400 0.71902690714357564
0.07659325565691233 0.72435382007744098
0.29245157692109552 0.35234496811916743
0.90991095655098764 0.30955273499796543
0.30572603879815591 0.11410252610088108
0.33499074952963864 0.40183075316540590
0.50231631852254766 0.60270150131380262
0.10503856122600123 0.43836421857833124
0.24666057122218543 0.72229576706676613
0.61179123289573112 0.08376488071429526
0.17191719776010908 0.36167457856713159
0.69088112015116798 0.61501584540805365
0.36826392120524865 0.31281831622116718
0.25311657718851727 0.52182933697440304
0.57843865861258881 0.44415723543797986
0.52915557481561737 0.62314824817449876
0.69969891472743806 0.18133818482556383
0.60712910021210698 0.35330688133812238
0.79581969614870640 0.58989512060058369
0.15326454740924905 0.27138165444542456
0.74354473668171239 0.39564409766454361
0.44958214824406134 0.05067820497336474
0.66564958152513787 0.25008904148554184
0.91304666827962355 0.57029959765825888
0.46289336343294785 0.24184636272787804
0.30632610985720155 0.17074813468721695
0.37048163500533610 0.62905103405595364
0.19425592454375382 0.49443421260262072
0.63608358455554781 0.18128561682695268
0.27688307542929580 0.14005720477592395
0.78769049779523015 0.52184789060057402
0.57821129019148809 0.70477772512485304
0.76764281060732653 0.54121474244243273
0.61814403750901270 0.51950643562841581
0.07563090130181079 0.57815948543861928
0.22431410092080528 0.28130098549636923
0.43872622891253898 0.75337253855119479
0.08454725618547332 0.67903930655762534
0.79535028237528194 0.75192301213055979
0.45130538384598512 0.47961521905804783
0.19549260265610879 0.29730225170787877
0.45441950218716054 0.51921375241931311
0.50733378972208543 0.06627274240631358
0.94150176000158858 0.50079307009565677
0.05812347128205692 0.48058698735966865
0.61304966721583276 0.74036094434696365
0.94412866922405314 0.57751409907794404
0.09985974854399650 0.72655900043773358
0.48429453058752686 0.96250156076678062
0.93857364492030948 0.55601101816687293
0.51043225748815513 0.61943009565949747
0.06800981983560707 0.74297653709218636
0.33293621490395936 0.84745999918793313
0.85417755138179585 0.56716227353731186
0.43841699565238940 0.84036720537178278
0.36684157497558711 0.49759524125293270
0.91802491873782766 0.47512264679427163
0.75983990488761699 0.77494869865342764
0.88724119763498310 0.76040528152363540
0.20771867940871377 0.82730123183229598
0.55646521193889931 0.62531195530793349
0.80441804659855898 0.77025917664327470
0.33951429399310229 0.58834676275873277
0.47168763487052001 0.62960197961529141
0.22976984596431718 0.82921233530511274
0.15680635344460050 0.22815428634959151
0.72018766862792627 0.65488841534106779
0.55036344099898060 0.42346859703963735
0.85489519761167132 0.73883096049308583
0.44502775885437623 0.84170218030822663
0.38155496657088006 0.88902140390432483
0.73991669094912016 0.11181517309668612
0.29771982066405328 0.25058949602031927
0.78272776857692761 0.83126703629291099
0.35726544627116652 0.44967330836375941
0.28976164513870800 0.54126308731789430
0.33088895877494806 0.35228261418455958
0.11611503681269816 0.74336598908066243
0.31261157116780919 0.91142172836099189
0.53125024268440735 0.61716923294119863
0.15721159574856611 0.79614949904290533
0.69904865872076483 0.63675644690091349
0.48618618717060585 0.83089595676562811
0.37427076677040405 0.19978989929817678
0.62649636318556789 0.82174414157135867
0.34753926607777896 0.50769200289055394
0.23479724416955264 0.70426337124901051
0.53036150948238836 0.94308228692954332
0.12302666851736194 0.21984022191819930
0.31468658038995068 0.65308173540384118
0.38137278351447440 0.39775182887785154
0.70743465906793224 0.53634937163253305
0.11164763272417182 0.70505635822413582
0.65732727950927761 0.73695408934632933
0.37945286689493979 0.49785521365080848
0.42181967918295671 0.31615358360933632
0.86559173540777290 0.41027382886019315
0.82276845150928313 0.34241927929940813
0.10933584002783241 0.50172657413556432
0.12249945933702247 0.75366244807553084
0.18936571477008890 0.42143821243343521
0.12927194053459790 0.77535826416974563
0.56437955212824764 0.61544418601907291
0.31060844313256675 0.86942248677699197
0.02317956744053086 0.46874941176215512
0.81560129858627928 0.59851829774009224
0.22445806296030044 0.73382618883333184
0.81202790764000532 0.25808847525377765
0.24611022423854409 0.57433671859444058
0.42656499821327204 0.23567551132182135
0.40650865926268975 0.72622211399680359
0.91333479059498790 0.36969790462023283
0.74534091717087358 0.13341134516816999
0.34084784319819644 0.51024774671353268
0.70215135208690516 0.05939161445303120
0.45884658268269590 0.61517597484753517
0.11077357854577012 0.45393673496298614
0.30665359646753720 0.74911095239822978
0.91045574437403709 0.58327456673305211
0.73507530393194831 0.74025445357311948
0.55603077392950573 0.74713727887751646
0.30927004755906362 0.73662042297207286
0.84252777859673988 0.60016497609137232
0.92125019935271335 0.65450707290509869
0.84377540679401497 0.62083122136674196
0.85131100120263359 0.16744835925877888
0.62553307405596492 0.74896582502901032
0.67789274919125997 0.23716473151430956
0.65125470032130106 0.74005753556568610
0.32896596207393597 0.43119054400165402
0.74743059224862063 0.34105614942591495
0.22943914486809036 0.45008566897608143
0.59086231725598726 0.72594787817133077
0.25803622820639827 0.73155161056925988
0.23914092149098307 0.21470150611864158
0.64243221256012562 0.58937908621718449
0.26993090340463893 0.46930321070624492
0.28671118890704939 0.83750272264092818
0.11150233253485659 0.75264244797989954
0.44490279199973937 0.09101535712619500
0.52987800566373833 0.95532757363322207
0.38175730171837186 0.06398237974279175
0.46454828386374747 0.64897073638730451
0.59792050101770722 0.58899204067217159
0.29942346347271187 0.74757567384542767
0.86647928223490578 0.57453024426609511
0.41597282046414669 0.29361878063193031
0.22241278563729244 0.14630352032776567
0.40163315559911200 0.40441989304956327
0.79488245877475960 0.59682882498374590
0.72625751188377830 0.45776976835687161
0.29994883713391940 0.22008183423175451
0.56155091749667441 0.97787282009639864
0.41204535232784401 0.77343295664895895
0.68550969881189383 0.29819851555583821
0.87915645048052316 0.52376981917654952
0.77586034423052974 0.24786407191027732
0.60218648948558884 0.59408175407039387
0.22829285254808662 0.60449095802211983
0.03597821245974244 0.46304179067010970
0.04770335625750655 0.48316289530338985
0.33785204789995366 0.88611705762315929
0.23828277168738424 0.61116720248863010
0.42098646531750256 0.15170689170804044
0.70311480055850084 0.72380368567723863
0.94564509258685903 0.50650817521927649
0.15440623475170709 0.56244925551965896
0.83854820805464680 0.20592323496095805
0.62865036637301497 0.29523548647138731
0.18403120402548884 0.68621078044885142
0.28484386139341838 0.39922869071993139
0.38798751413990640 0.05401538229501630
0.66689204149045189 0.07962772604771767
0.54903530179860138 0.35896888078022099
0.39386910669748781 0.59062529958213517
0.20821248188616931 0.72368893622822061
0.44881503623853319 0.55584902053696261
0.70241050500101676 0.47722239356361795
0.55630214728533212 0.30841983277071888
0.16085100185699272 0.83670601277027157
0.58188491813656207 0.17367482149149066
0.59380938787646298 0.12802175631491552
0.31624529409103069 0.83836734454135164
0.90168292917725912 0.59009266997165954
0.69168840140538490 0.47702809856710721
0.46904962213479862 0.49859214815672448
0.69725996953945657 0.10477686620519326
0.84551075206252324 0.62799489392092434
0.72599741585693522 0.70609470269139296
0.63030124015632039 0.42447855352898028
0.22446309563625433 0.20309758045577114
0.75086070824523432 0.07007703977175737
0.14377135779312167 0.64726876913765163
0.13391151426281256 0.23034401178505259
0.77809847791164466 0.13958421682609184
0.35328325249844850 0.57026573169188877
0.62432609696877284 0.19251898662446484
0.10334228071764026 0.54947660825926492
0.17881759982184661 0.79978949507786434
0.44960876362241420 0.66878352354371995
0.94730995909866655 0.47654281686554201
0.64986192818626964 0.83253855105710495
0.15635425558296537 0.29907150748086880
0.29411020211343764 0.27471285386015087
0.54132483937734832 0.45687078086285238
0.45860547003956320 0.84379265089976330
0.52715101304952516 0.91670702482801869
0.80328054077152111 0.47883023929578361
0.54803568755624998 0.11551988363902348
0.27494904985615076 0.75244859863287672
0.31755500524212155 0.28138304074652859
0.73191948610061741 0.84358920181936148
0.25095803900366143 0.86895876158484286
0.15970985557284514 0.79063309695941275
0.47437526511024253 0.70869255717827528
0.50628598410925052 0.79240153631508159
0.71223099504596499 0.21445573035209381
0.68706838404787240 0.19986955919222138
0.61451783228205958 0.66137081353722371
0.51762001256348256 0.89631890755046606
0.20258428206045109 0.53838024771636250
0.06690417646328957 0.64109814753278160
0.30581344566762153 0.37662183926014925
0.22943521067134243 0.76703387904793396
0.32437111060602231 0.54360884927361131
0.44793243610031547 0.25993101967429655
0.06376795602694670 0.61905735784723659
0.49191102746591781 0.43080799176882634
0.59832683240399231 0.88928285510060689
0.08979631188481085 0.68962967684564325
0.45477653923593231 0.09249522959447494
0.06008141090141119 0.36027314361718354
0.66139723501008063 0.68978583474578659
0.62449548531090238 0.76274464042431322
0.53427106676999803 0.52906912013919183
0.43815289489445558 0.69462526381128664
0.96474999694849639 0.49715896025416867
0.65831109073635463 0.24918475094216808
0.14293320903302084 0.25554392675427057
0.50096901134473515 0.29407916623716696
0.37038471160450520 0.58501181173036754
0.37238601835684515 0.26823895636949574
0.46065969168625071 0.78956971447855084
0.62608417170244013 0.84565588408319037
0.21007455200472414 0.40100511497334401
0.09843452279774785 0.74597178887129456
0.29944885386059955 0.39943039796290070
0.69006492077801573 0.39631002986385344
0.21166117515331659 0.32370813718205937
0.50236525818613109 0.05826628285800874
0.52353937443643994 0.05206782332720856
0.43157400978324234 0.39352038478726625
0.26311727989333683 0.14684114245818511
0.47007012036108181 0.68807805630737373
0.58094053118129052 0.13545387774436116
0.69781444250082447 0.37759599133892097
0.37869811916962648 0.53395937834101681
0.29640839472508124 0.90678372094479565
0.21781023413657050 0.48367006151420788
0.73140312497824833 0.81120078942668694
0.71376557829027765 0.10369280992684922
0.22335565431617371 0.84993443458792506
0.62187194549365432 0.96098496422977520
0.79330991370322324 0.65954950358383546
0.22386514322784393 0.50979219334016768
0.06925260389824472 0.44722485434282711
0.86730700411243999 0.34143563042919817
0.47410512332444255 0.87208309329073874
0.92298191485816672 0.31263884777444079
0.54176378758146526 0.21545472554541267
0.03398174894655140 0.37861594663873477
0.39926557499164139 0.46163656734358949
0.46046247605861107 0.34289233689806570
0.43171401917741548 0.78055689015092256
0.52704328220822583 0.42053429070483289
0.50658216186741301 0.04925230857498177
0.73279086133974380 0.14217225089709129
0.48823071696174858 0.34092313166205407
0.59483378553553168 0.61699101261981359
0.71668561743888226 0.09913506475126706
0.48552937084737047 0.19954566060119353
0.37172759432602226 0.77545804609411706
0.38993749621255924 0.40047056961891186
0.07552630017526775 0.33786121980199940
0.80098338849377582 0.50546085846233924
0.12168314490896678 0.72089859618063312
0.53682681689204526 0.06799701081222237
0.15894310297838346 0.77116898284326574
0.71449118362102793 0.09359872837492400
0.41529723849570038 0.15641611991422544
0.78054166029065541 0.65191867774426715
0.35452279000942860 0.10251584165152576
0.90226377353577991 0.29294945165760444
0.52480565742760821 0.77335094984030850
0.54879716760499475 0.61306793313344266
0.72575613784886550 0.23266688778877076
0.89445609554314875 0.64101246378012466
0.53233577808211607 0.73390935309666949
0.88325262545353256 0.31746015294145274
0.94778279675375610 0.49810014252122181
0.21733792983688877 0.46108153419943709
0.46704548252936395 0.33968408984611936
0.63070022885322929 0.24317450463879192
0.54520111500949364 0.02657735193532969
0.23192831265901631 0.37561290713890805
0.18276895342707325 0.46192337228226205
0.41520389329566093 0.59076322203605736
0.84227661291572609 0.73890746458276402
0.75010903445194921 0.89794098133319766
0.34656989348391359 0.17175532459863080
0.83864251830835901 0.41357725706393822
0.68562557761662746 0.62872016159717681
0.71924978880552770 0.30617086894229240
0.61427697238303869 0.18152943385863221
0.61188334880244821 0.30876492859269117
0.50728978670422209 0.27469698697342648
0.55804562651918033 0.56014625352195213
0.46009943709105450 0.96550618436721569
0.16709629894327432 0.48522521551381270
0.77587029667314344 0.58465328816008444
0.60205965999093392 0.30049128889448024
0.38183253841450338 0.18727173868835714
0.51917445722087152 0.04155400556553204
0.24003170930286552 0.70955663555138526
0.33290488757169789 0.76725443717541175
0.58660025680719163 0.35121740541508406
0.32594455589900212 0.50303898380639467
0.63324421275953824 0.58552473132786431
0.54788405204412427 0.30631534059843663
0.46718967833909825 0.09580506511875606
0.55980961790764860 0.60279910984527474
0.11932134233139360 0.60502433935335220
0.53874597794102730 0.90216242956040504
0.21027866141424173 0.46370886730320160
0.60802166827051696 0.38592823237063945
0.37927770125613702 0.18009228109361566
0.27905753838496189 0.69602040168315471
0.63629492774666896 0.65373236718258421
0.67412604317843960 0.65016674199386415
0.41907425513163832 0.14490302881395464
0.43310727470282379 0.98273066763265737
0.05455715711055253 0.40779670929731210
0.33191633053225522 0.72079580781670927
0.59931509175397690 0.52213441586035025
0.36124884354740883 0.89865243296799147
0.31948945159218001 0.17401538737267580
0.63120418195225658 0.26662704991407804
0.05864801413451316 0.53408269497340821
0.34736308884524414 0.07894037232938864
0.31595138698227265 0.56971159144686212
0.17348069727017429 0.32244457028678786
0.69292403505276123 0.60062830683661494
0.65495311324664696 0.48520423663129564
0.57293089723331414 0.58064487732025771
0.35942720403233475 0.93426593229138999
0.15289953950501359 0.44350862706677402
0.30957274738224461 0.67943954587129773
0.39978975188900995 0.30719881549775857
0.48239017323285621 0.46970037448476809
0.47990689908124062 0.67877942061306085
0.36026676266695079 0.87354915175325443
0.68400239643753113 0.24065270955853560
0.59121660452367164 0.97042268362842521
0.78365457479975531 0.73052345414217690
0.87269064543031205 0.22314966609762613
0.06427808042211391 0.66157476125701842
0.22871655741161537 0.89805839897585071
0.75010826750320303 0.75390085519294803
0.75067385588506985 0.25761358305936538
0.10947810300128752 0.27223610338432219
0.56441530444356802 0.65799172198358569
0.94740525749118187 0.48346635850564085
0.33095081836083579 0.68191638626339446
0.77146933661202777 0.85003334908187300
0.45916012953991364 0.60696896758332985
0.05562185891461293 0.64510942625383716
0.28535372577379992 0.47157000891917650
0.49164243072748137 0.43743698730658764
0.73580380418148628 0.52772703143065092
0.58357620026732937 0.35710741969203230
0.80655249309654065 0.41694660142611994
0.67487139638278615 0.93977682794598838
0.47021150838737596 0.72008230095464743
0.09497306804557117 0.30283829326316830
0.14290996749545223 0.57327857015807526
0.24413024872422948 0.51041072400437437
0.70236350359451349 0.77963756262495332
0.25837566792454120 0.50869965467087086
0.29550771005190307 0.19937930485009595
0.06632854784411593 0.67783758566319763
0.64137539276280620 0.23369111853044050
0.64194083161555859 0.35274017803907587
0.07415345329668946 0.35226970591821433
0.20269979831138399 0.60414158115064132
0.37864038587507903 0.22918058367253727
0.12948555481885296 0.45561748649139716
0.37425383745459589 0.09339767830268131
0.65851678243539646 0.51448999687408692
0.73227426124164874 0.66178636713856853
0.52523651708671404 0.55803920262358553
0.75402021297371447 0.33914278928114322
0.85620886355486425 0.52441016573059229
0.05473044288821621 0.43302253781550420
0.24041359378905119 0.50409629998918826
0.51136513822274610 0.55983822062630129
0.85773495959455581 0.45752616777114563
0.40440259556910352 0.12524460425657077
0.64204323105293770 0.85985019933282369
0.62880747055452635 0.59243811672823599
0.76084323425296141 0.76263945673573230
0.72265669054900561 0.27206952353120639
0.65815980355101988 0.80690778671169860
0.38825311411974506 0.30653775917261139
0.25255496647420289 0.21733215672500378
0.17058087703786970 0.43309260498310059
0.68772726031903664 0.44493107992628683
0.43312520575015934 0.09218000475118675
0.66387717405215130 0.73237976703136642
0.50145038451351021 0.47984167235139913
0.31946566157371997 0.06730397845667155
0.42990620251435613 0.62634506397865841
0.32887524561518666 0.07757446268682140
0.06182862434464672 0.30531318105682059
0.85184613018102584 0.44536171599250662
0.30615799179265102 0.20702016048202854
0.20325296948600774 0.64265620122033718
0.28218283078169087 0.08696855318008696
0.45528972283907604 0.63043496722878856
0.33607530723219653 0.42863105562731596
0.80154915246049896 0.67067220752165047
0.34161565103449565 0.39315841988400063
0.33483292178948765 0.39483077298583497
0.84536803629717039 0.28436504689623215
0.76897836951485254 0.55516184551315484
0.76765363754064198 0.28671574399238370
0.15414595467501246 0.49238557525632187
0.46346940246047480 0.57009862378257281
0.86600354535298696 0.77274840219002761
0.46638103274374931 0.68243781722451569
0.19328301594621827 0.20827106016602015
0.23522466155400823 0.85118689084396304
0.96412815477038349 0.47893387241630647
0.89121247675514681 0.66582396407090716
0.58586396695233556 0.48125194667951543
0.59478851725792647 0.81519908763692506
0.16316182968759999 0.59349119218862811
0.46598334951463022 0.92393003811305752
0.64976165940452912 0.12398731630711501
0.75554644711723851 0.74210960688826588
0.85872279321299239 0.78075300233518163
0.83890689771330462 0.64862016346717355
0.44219151278298163 0.79080439831668581
0.19528855624471497 0.72990452255833005
0.60519810504852078 0.82695822028902133
0.71130212073001209 0.34800157266864512
0.34277150650974525 0.38568594140441975
0.28957919239120256 0.53354348806465735
0.94136506427116984 0.65348682798832214
0.62545037631569000 0.82954683665348805
0.10659164758351017 0.35067194385953310
0.29833789957639933 0.37835517641390337
0.64259413136200882 0.39454117700974684
0.36986838228498758 0.14121431904999429
0.47646756641703675 0.77385379691158829
0.80088754262028272 0.19462030212194814
0.62485340927995958 0.33911236770192482
0.55881164627702240 0.16279942189990790
0.23353970152709569 0.11123420689722278
0.71557839268709511 0.58828908627433218
0.17915152437253593 0.85131206728099484
0.75265034482043069 0.16503679161349319
0.64532231614826130 0.06829751435838063
0.78538495553090870 0.17237407754489345
0.21182391680986884 0.15347231751105997
0.71848571369459757 0.41171084068862512
0.62168422875845997 0.40227009523082746
0.92597814392018540 0.55976039405984468
0.80779047998988796 0.67325806388178444
0.62704045267379804 0.43073657536946736
0.61584227590507834 0.53258329702981233
0.22222162805128784 0.19476468765861998
0.52542034914494640 0.71588722467551424
0.79837068285996904 0.14227499850882314
0.68514893413375644 0.10781791810938389
0.08338725246190173 0.47588203281483937
0.33731455802927607 0.92445447752601995
0.48124979291520842 0.54000329676336634
0.04651809556324751 0.65229716144234495
0.90884236003100727 0.30342535391649067
0.53330113042644511 0.03124779122486499
0.63961835917217347 0.48419179123557571
0.20003114952863163 0.81043757626918278
0.86660515900037638 0.71012701444048720
0.83021761341193934 0.35347981270034601
0.30525129401625523 0.50644464637145459
0.77999667133230555 0.63704720445623819
0.48942168437137512 0.15140782687525745
0.31224440549635424 0.31862520202806305
0.39612189777491019 0.04089013202867868
0.62749462785916976 0.66643756372384899
0.55823599095295662 0.41476981613222053
0.78285068221547482 0.14330998817724031
0.61729760690954627 0.42460514706626995
0.46840619943679385 0.08951429336139791
0.28951634005326660 0.93667698024223056
0.78306327641570417 0.68046806417781136
0.93386493317693198 0.55084379969005037
0.63275590392426351 0.66132507225609116
0.90195865086165294 0.33224023514463780
0.05642241376845088 0.51213003091887088
0.40827265492432635 0.59187528377031962
0.11534758621823737 0.57311351042512138
0.74696806096414026 0.54190305681415207
0.21178126470148667 0.19127056750595900
0.57542608217363023 0.49500151455362396
0.18300256522730826 0.83331931581538288
0.66642927842011401 0.67228100767919041
0.72664457921648495 0.54368385410117548
0.50943357160102620 0.59064770135196520
0.12540568871356897 0.78004577501882855
0.50640449707420188 0.71656967509566516
0.55365004185539779 0.14862171280488518
0.05114641502132451 0.54224992918808768
0.48080813778085763 0.69756572717767529
0.60814174506825691 0.39961914604509985
0.68733310735721698 0.51651021624745164
0.83969210059322708 0.72610557506839402
0.48187244496964077 0.47620459194795023
0.86696185141705717 0.44860206694716198
0.59950895895732337 0.45938429767926908
0.29273693347339064 0.84955098955692376
0.55546674869009038 0.67809714957611789
0.71381221007777251 0.07836655517694265
0.52185677695388966 0.47941541782699126
0.14435203145406961 0.29643336410329518
0.29718329380658853 0.41367164307315335
0.50923798795042630 0.82179482009447646
0.49553933680424600 0.80940270762259758
0.65883810664390796 0.40205166198052250
0.91357927515043458 0.55734326806334755
0.21494245503406664 0.67613627040848134
0.39836963276860315 0.83190126932465180
0.52837675079505564 0.39298833505523056
0.55097397026890704 0.51992491939223651
0.50969667945273422 0.86395636804599185
0.30986912990695836 0.54711321023875692
0.57845425473343015 0.50795785879181288
0.10242146415391015 0.66757361266446602
0.12386327610836419 0.45077193031147356
0.50237658651835260 0.19991641151257078
0.19866316365757866 0.68929922677895961
0.04710902988202047 0.33921522624759420
0.34406102257469712 0.12161874867660449
0.36826117101393580 0.50392036500966297
0.79881311166311075 0.31224594889260848
0.39159717002990418 0.81344853385175087
0.61429380814310175 0.63172635083718620
0.61700454928871529 0.71315516872224638
0.72835770468171024 0.09841065630091038
0.18645800142902894 0.43264453806365422
0.65753344838786298 0.61872327678323980
0.28982397428750922 0.11396157760304043
0.63178309573770208 0.22129680618542322
0.43968605544153727 0.90590392399695996
0.28008909806719878 0.44235803969881016
0.43774849892637296 0.45295823474534386
0.30670387160880086 0.71554841846516259
0.17634166604929702 0.76433195050877678
0.44502601013943255 0.93021376959268121
0.60912909368976786 0.79488197593437093
0.47808129676931277 0.05104244449925042
0.42996146762397952 0.95133031145866875
0.09881045035797432 0.59298536812971059
0.27493445430206398 0.66622950612839416
0.25549091534184093 0.58412687524636120
0.67273620005824764 0.22903853866239565
0.91996021197619515 0.53436762319275144
0.62970213387941831 0.81274023747399071
0.83318549739971326 0.74531012638226490
0.29842236594719307 0.56035138281745800
0.20235469917752008 0.19554408407416288
0.23625098190816532 0.45379601969469024
0.71432122527966757 0.20772412437265186
0.79062442781015274 0.35462309850974427
0.90948201962296182 0.38034542274473171
0.83064074613157424 0.19620739275325746
0.19403994374723108 0.23395070898141623
0.64893153410113680 0.43248339731197361
0.46786468291669209 0.16709057854176915
0.24929789210473147 0.16902532146261820
0.65511231018889249 0.08587525153507916
0.07818195543044036 0.47211026450811516
0.32934252100110872 0.38634091444227542
0.25443164381068628 0.75784161483662826
0.32533025352338413 0.61098116000520974
0.75263349271020819 0.42858216194542814
0.68890165697401884 0.30448649548284062
0.74514296741941188 0.11484359008500872
0.47808634388781573 0.96978795485519831
0.51005575698313010 0.15857687457322797
0.63767285729652057 0.76638905835943039
0.18224492842016154 0.26405862928643031
0.48556245436772505 0.60154843184084361
0.83081196566025850 0.37978787499805888
0.85604191199929447 0.66639669854762906
0.44662815469131550 0.18990766307545415
0.81946961025621878 0.20358334552559279
0.61022626033697291 0.40640004813126596
0.63491581523580209 0.50462126358181103
0.69811511058232356 0.39827137192867507
0.45082772012698064 0.41181354194010600
0.34946316172183045 0.34044278068227740
0.42922460455928041 0.11772422072309446
0.05641526420391816 0.57282126047925153
0.64055487177032122 0.63249689035326306
0.13334297111434043 0.27995753784539545
0.35927561205063835 0.22360656522185338
0.32330766601552097 0.68356121533866299
0.61592953846111231 0.29834868434105033
0.44757576599846510 0.32568295074780429
0.51365224052672898 0.38081366783340420
0.32693531800757852 0.70161357185871975
0.14387570610131151 0.53007442543396754
0.30844500208929110 0.26981476766299189
0.03613507771905843 0.66683128594101304
0.30821873482612672 0.55387549775550637
0.26829960555106913 0.22939590602207588
0.67206881362680859 0.22178181465614921
0.94458671904683977 0.49108327838420585
0.45903872539653207 0.48926871604817496
0.13193962350462562 0.27521967687859472
0.16649986341564033 0.75606372202585648
0.93340217323521157 0.52369646725526342
0.37778858783704422 0.97461528478418513
0.35147141008413063 0.59202010834674024
0.43150528220639262 0.76539797322858838
0.63268020744777442 0.80528135877111051
0.34721389058621888 0.15148222214143589
0.26494575633919693 0.25975941026804544
0.67786308531853512 0.90892047688000144
0.88546380423837356 0.66900412984273816
0.76395483528415187 0.56680817360342495
0.85885357455058453 0.28196900444345530
0.66302063177931547 0.43439367645544075
0.08222930101996073 0.44467035686671025
0.46734227734634748 0.52741987433776638
0.27590849081158841 0.36282761609501313
0.86650556580263971 0.65779632259683907
0.31068433460968570 0.38134951449677545
0.11131372220797564 0.79662716176893433
0.78340102061612271 0.36303844884395714
0.66534870871323226 0.40006280955802576
0.42285869916010999 0.24211796340654979
0.40848265757269614 0.06966000142150049
0.24047948793032933 0.15792758382635885
0.39119758160309248 0.02536244022789653
0.87468318778659282 0.67525536666369457
0.25389904854616907 0.65493664938239082
0.73001444441841745 0.72076959840071753
0.83979090609626550 0.26029467137504447
0.42994567697869374 0.03013554462283157
0.33248384139040982 0.50671227789963491
0.27638973116176602 0.18008544075740399
0.20733055959682414 0.87378753191195901
0.90245994190005085 0.51461504602495400
0.47479198964041258 0.27782165576001155
0.16126617197664708 0.63776695616298285
0.12653397152549622 0.73247033835145048
0.30585632973932286 0.69292158295342232
0.36772686768708207 0.19860234620504144
0.88104708775977914 0.38521502690738801
0.77516947628806809 0.49969421446388096
0.49189473404572504 0.09006220206168597
0.94087353819758401 0.44516220478257351
0.44113722849643766 0.14906311962473773
0.27742531992516356 0.79081734155616412
0.20665274485938065 0.79222442874822174
0.14778096269122848 0.28582893194317827
0.52800934376455200 0.04665919781080755
0.68189819957124975 0.85711193501454397
0.23829004830786865 0.37942401772214657
0.59044117734868296 0.06186596885976795
0.23513092279118555 0.39938831405074959
0.52590924248212778 0.06840631477163929
0.14463446331937233 0.59982612391674961
0.68104768806984728 0.79241812048129057
0.35265629148217847 0.59897003961840467
0.13091999426162479 0.34001339745628140
0.52354291402883490 0.51228052262221357
0.89794313455981922 0.23525252734667798
0.33361370428405607 0.22263214860187583
0.45753876749573302 0.18463657401195188
0.47718316156885926 0.76716878555995649
0.81374861767251960 0.13967629445541307
0.18756111585548257 0.55264460693942763
0.60979264838178682 0.25153779569711965
0.27316814060279648 0.70154389079106227
0.90181168546893764 0.52622327984689377
0.24083801313765019 0.80551200804475831
0.86904120324518741 0.56132364098018239
0.08806013483680568 0.58681076923771791
0.53973143282314096 0.59301023158297972
0.37309431859423592 0.86947260480806576
0.51505420643163458 0.92159925823082356
0.64075354288359698 0.14218947054392667
0.65864675598277800 0.70716624929854932
0.30635757165471733 0.60111311201720719
0.19928209149822199 0.44600006195337105
0.10588123584649652 0.67322704310423853
0.35838881225431374 0.72884899881649068
0.32584935267678578 0.16552210064433642
0.16490808765293780 0.30749952426645694
0.59953054767519776 0.73569537892505932
0.58402033175673718 0.33030868188584134
0.15679979275020073 0.39882972590141114
0.53986091064452268 0.90903494425472631
0.11234096012528269 0.61675695861261071
0.17947730658597799 0.88401929824294745
0.50426487228192651 0.76948092138008173
0.29972290989011824 0.77440267551415809
0.55785034562778990 0.23722974729501894
0.16127615657947125 0.50042558145167515
0.33748862693517201 0.10982751465802310
0.38540184841822023 0.54613582391438020
0.48551986872048913 0.89229953883327195
0.56139945933107149 0.30238720605387770
0.51382244289959300 0.21540197094274363
0.69617327509859117 0.72592300078899685
0.47922244002643000 0.86658205199602156
0.78889576156439467 0.82764493507689707
0.78559502553661575 0.42018315495190212
0.77833317730051577 0.16188965269818820
0.92129039497190257 0.32014076440163280
0.90166095433842619 0.27867017056684207
0.41607415027824790 0.92293921620708808
0.23548543538945221 0.31545489273561317
0.18541508087217920 0.18100535046519353
0.37135341691051366 0.59236665732840288
0.92157602293704932 0.44640958648727791
0.57838363383982905 0.19630841045537339
0.45966813045408889 0.23549208921898457
0.60107018482864372 0.61378371966828704
0.15538618679692204 0.37900742520618602
0.47698479753526163 0.61884302141613623
0.33659581119210180 0.09343058269123708
0.34209443380054338 0.06446269156587224
0.71379949716270585 0.57505571033356850
0.70610502746847825 0.30514159964226795
0.75441236879089779 0.60594005915664317
0.43656240209367420 0.43913599611628895
0.62499321751734016 0.06978315751307713
0.43535250604270598 0.39965947423053411
0.54309180877351793 0.51014409707069830
0.15489492075993225 0.16702120579151175
0.33411132076680533 0.46188552144719885
0.81759963288791748 0.41146530867433490
0.55821380074185722 0.61837544466431671
0.28768275561503676 0.67881586505625768
0.18072306650754905 0.29515730786509786
0.60890814919644187 0.49740274507098231
0.28962546569795661 0.13197864363827400
0.47882574282286866 0.41556620795736232
0.63267470976677709 0.89640199313694102
0.62133680447825579 0.59081803415429979
0.43115089273799850 0.88755540200989480
0.74213688523480625 0.81394331465992076
0.56097537094504935 0.80104940818351444
0.31690767781152640 0.09431807313725518
0.13769825108649286 0.61138730040622646
0.73630453917037308 0.57683787887313609
0.07769305635878550 0.51705648045300856
0.53670067063537119 0.43827757739702333
0.46870669126561543 0.49126508725114515
0.20942490781153766 0.54852850485351357
0.20575824042686783 0.19990861922039246
0.69014814958411075 0.27799962242685183
0.67997417087793055 0.21418333321815200
0.87213773161836161 0.28532445776439658
0.10652095475083945 0.29686144175652812
0.68842463835431145 0.12064253818315561
0.27857162790198453 0.90979873767479402
0.13597277343374253 0.39127779380848160
0.79952759627458991 0.15470753448995547
0.88164394845107796 0.39278809618111499
0.41302209016080282 0.43328280882733183
0.22937585369582156 0.58386268070426361
0.31966548469715589 0.92124408572901939
0.28082567036881267 0.92344531742583968
0.61721859847809213 0.19612253450067185
0.23000427736641904 0.74830027143584765
0.30781155487106265 0.16465737276473574
0.41229216120187151 0.80838901741136360
0.61068163145147625 0.73307976839091737
0.48684262431415898 0.95386705567350005
0.33203203397647452 0.72748533435583940
0.72069398665471029 0.74266856085724919
0.37477548165139524 0.31103051042982055
0.42714415840495046 0.64689328899490428
0.84226042737298978 0.36385919377241910
0.73888555920401255 0.51321981345158330
0.70655196334040693 0.47132936016490323
0.85813843118135391 0.64846497908596201
0.25903537384619929 0.39790426734514450
0.38301041757324072 0.21078003837549106
0.83426702984101531 0.28913980834851050
0.36593385830064212 0.55121464360662054
0.78731120383755371 0.65551361904260386
0.61414677418366148 0.65324225437729744
0.53601343116167066 0.65663190738682675
0.63669316763718498 0.24645063584215118
0.45589951851634730 0.16103719220572521
0.32804916079100066 0.49679831336965075
0.89321128190104182 0.51607350936081742
0.39204293396111950 0.90472858220925589
0.67865178544865712 0.60181905108687017
0.69045070896607630 0.12715474749926234
0.17645605668137121 0.39687881961725413
0.72656060815577339 0.37892436151878689
0.35019773496990597 0.80433689638549055
0.83598233836982705 0.35012450867115891
0.74370841854515657 0.79237064861932693
0.58583911583840187 0.55756836770877649
0.92967089847022955 0.63357607269013960
0.35281990857575241 0.61415576851673415
0.19862877605236537 0.43158992967758703
0.22464543875439877 0.89082958247814892
0.78488840392159798 0.80964799393465325
0.16987851242450058 0.27927926420687571
0.78799063066605235 0.15402855724660017
0.84763552908104489 0.76327292436107275
0.42239680134050855 0.55845787573398720
0.09926004422287098 0.45841334603015954
0.75629191752876690 0.56569466307629745
0.11157150544623624 0.75881348682485561
0.26819094281007128 0.73271504768893414
0.14610155406276981 0.25174800426692640
0.74176766890533230 0.23944561087767627
0.07751780171323319 0.44719218766126673
0.48776393895216968 0.59479261187873156
0.64819113709380560 0.88790269811988454
0.15343400150000608 0.32359171204223486
0.85572539908926382 0.33287663746574619
0.42732880079639846 0.65403953580969998
0.34353700172049301 0.80679552720741887
0.34082446983405074 0.22406465298843081
0.39421174995982267 0.98096004618640842
0.46215036089097994 0.65523634550193033
0.81402127724372897 0.75913120441902560
0.31420650743984313 0.80900696679366868
0.82939072867536079 0.39281997607234337
0.39222229593186164 0.25381775630839604
0.66627468764855213 0.83128933014901818
0.89673752335429757 0.32900953325382215
0.67711355455302280 0.41915959046990481
0.42317413199875736 0.71925684011222080
0.13874786349479096 0.58653297252687198
0.96025020941984396 0.54872272758205176
0.18591999423029218 0.44697115837943735
0.41254226904087332 0.33173065449629396
0.45887437797291292 0.90146612171553919
0.69200626080935002 0.04164599160940177
0.49668356003862119 0.86692611229226668
0.17775113758956132 0.67185021117613342
0.48515317228152338 0.43551805978936364
0.26445105375994860 0.43531154577069453
0.52855313903492041 0.15487202700433100
0.31923284198649443 0.84443678154736179
0.10911631745162374 0.31719089882194229
0.79235865194219102 0.62937590848830383
0.09749660463160001 0.27198546288142400
0.36836572680934832 0.94948955012422620
0.23003286344624749 0.22928767501833802
0.44163379028520383 0.04495848071708551
0.75535735487696931 0.13830577767590779
0.09118449753878526 0.68092131226933683
0.87033817407969327 0.37194536995176081
0.60056472142608652 0.71307458036924243
0.43263470969908058 0.95842414064119275
0.33951987097092950 0.76879226737621253
0.11810202954942038 0.46263914936613837
0.84133983096861698 0.60710380471947556
0.66966126388371472 0.39379893702859736
0.20025809596408578 0.73415554159138297
0.85361945242233284 0.22166162497685352
0.15116340894438801 0.40316246660854466
0.51948244837564284 0.78147064280617928
0.58544752651887666 0.09058096985790398
0.06697327978529068 0.62985725265835779
0.01519688880275018 0.57394691493825922
0.91668426899775068 0.51728475646782257
0.09948943586493976 0.47768067983416451
0.52965686950799840 0.08584009837867823
0.66036666373434283 0.54889109226604282
0.37539568055840622 0.56979902975352137
0.35635880888788185 0.42482161864833418
0.62458417571659763 0.24094296507052204
0.61299130534292889 0.13487905875199602
0.58085583703842036 0.86781146709152790
0.54615349772392585 0.57370506681078770
0.58281702093702692 0.52086302238648763
0.47521665281046466 0.56547578055217684
0.74321553150084763 0.21221179674910196
0.67766180831185596 0.38881353961147802
0.09186402694629710 0.57601233697841181
0.16735285594018423 0.74998619034538017
0.64213463503679968 0.53097793518686276
0.12994116976111039 0.68770738979959334
0.65443106065844503 0.12828719193204441
0.61869342838499286 0.80706829499704313
0.56096913760592471 0.77442021721233423
0.24950247561054831 0.49560991431941542
0.13257275468865909 0.26496135490923173
0.94852103323756753 0.51325011205746007
0.45830134295463643 0.10461516504142819
0.90330122546074454 0.45265666538866223
0.57761913845737778 0.34350263008678483
0.41828686834318135 0.75641284194365321
0.64227556060241520 0.47797753704795121
0.26499623187736521 0.68484225511738672
0.62645073972955634 0.10989521901832718
0.54473334850342026 0.60025592665789318
0.88639677697242092 0.23096160777324973
0.49233297873646825 0.78678497839055506
0.75531036136830998 0.29529342330486369
0.86046111002598580 0.27317588788899350
0.62024512626962325 0.17452703973496542
0.30069986883175553 0.70634000212915704
0.10880883313457448 0.37660767087583918
0.93485526374538508 0.59088563391491311
0.70110571947728884 0.79151903336630580
0.35809744980366526 0.24352355230641140
0.10003164413591452 0.30525826837049624
0.37451636122858800 0.18597251056205516
0.90799427324811866 0.29652944428296191
0.63122307759411589 0.25167606134106479
0.51086040071383754 0.70737718892973311
0.46641342777387279 0.83292572978656920
0.52243363948718224 0.48579720267786880
0.27217394194401190 0.59847699306986657
0.20725950497226553 0.63457812009246461
0.81043636467474878 0.43140717054870609
0.21109159919636841 0.22252867402039483
0.76012850659910525 0.45442205031269983
0.89346430002240229 0.22670029654371715
0.60169740129355720 0.65528361346507302
0.43037469044634979 0.54662938996163291
0.49653549492087862 0.57661719592869254
0.21126374461708583 0.82282076521616465
0.49344858175176037 0.88688228573045513
0.78899841112702573 0.75976036828472215
0.62123553476895788 0.18115513264282632
0.44441937640314472 0.62296610044709066
0.63209589508615915 0.11257049036302363
0.87698183723008372 0.55387898821444170
0.40334139507657046 0.60501383738886960
0.76526020173969866 0.66801409483253138
0.37143194937615054 0.15649170456706826
0.61827317048289832 0.26225020996688020
0.06532210824012759 0.43117211585068838
0.50303991213261245 0.95161942821411416
0.09599334306262657 0.71128210536620218
0.93195649932730062 0.34367294285298328
0.47047012985348280 0.39580190044879143
0.86635899622535217 0.72293126682811526
0.33613262003853744 0.83377107260326588
0.63622571123164873 0.22926102046612445
0.33489849918483638 0.66400933383136251
0.58966380137363883 0.81034936124640466
0.10611367766616552 0.40442665688844420
0.19400929377506748 0.19292455113947959
0.19865601081295500 0.20712902801213406
0.03818065466676824 0.62573722621948646
0.26189747363854221 0.31002851512253254
0.92931526379654184 0.43749448131085200
0.17120047320679643 0.66968590387021520
0.26692002386489455 0.53145649197542399
0.55956402271342764 0.65290322686245539
0.15997132822116988 0.71081667368878887
0.58427256592070642 0.79381361493975344
0.44539655850326088 0.54868635776693209
0.70842440782996841 0.81772224311263830
0.38467424091183200 0.72726770806504026
0.37932643139863331 0.28108926806372136
0.27946171570002565 0.61722578749524304
0.82547952009993408 0.31985592331440305
0.81767768606169255 0.38239771948670809
0.20994100617543474 0.86054431641341833
0.17754926585238226 0.40631664282456498
0.27110850580492279 0.60597823592019007
0.28732086948651231 0.83039635363392217
0.65222214592864913 0.37054522621442787
0.74956599709235039 0.85180973744426902
0.26804643537746442 0.74148645377023970
0.34469396091414251 0.75455210931307737
0.73877301222341063 0.34891870114235440
0.84541478277731918 0.41183903757435436
0.56844843715431348 0.93811696101735020
0.72718872170774640 0.53648279222036366
0.64755103892704258 0.20837998345919759
0.19946205069335898 0.88669586737941897
0.66462613489647160 0.76398797902313531
0.60167270063429423 0.04332966267593434
0.52238126286637143 0.10443327558809289
0.62765997934023543 0.46360954057045139
0.69902954902672987 0.68499197828041192
0.87238411714220920 0.49991812470945451
0.65879168283426759 0.21468899793278082
0.35701413362588280 0.43147768492999922
0.59640947596147487 0.69835835233230326
0.18545327975997672 0.36125432633203775
0.17090699139118828 0.64787961530627991
0.41373631288656265 0.65880058890179205
0.26901515497275835 0.82821141563752398
0.24875207504508093 0.35571560510104305
0.28648129875398920 0.76927782282110913
0.26992462062533640 0.36758824531706796
0.80703747863478692 0.19149194632617575
0.07676437286431616 0.29097841753005804
0.35937394170394987 0.84991492991138340
0.47063625972505529 0.67245322087862269
0.25520228668120748 0.10151207148240170
0.20308841787885223 0.82297260865126820
0.82247026084843011 0.69357016186474341
0.57138993823798234 0.28222442369202094
0.10312291741188649 0.49080038693032368
0.52512784653950884 0.57188704927079814
0.07360084356209697 0.57263976044044984
0.84081096218512885 0.66837136854634505
0.38997641797785088 0.60296142136103537
0.72465095557961479 0.07770580482917774
0.36813109398995197 0.65386623592646875
0.32233467023604756 0.05978035052215416
0.36105810850578013 0.50741593866994672
0.11431608919771841 0.62763765300462493
0.25843720078577387 0.17797702521358277
0.86910908338935333 0.22938247087115848
0.22133202601823806 0.63246583351116459
0.87213199721457757 0.43525181685113751
0.35817911396625690 0.20191404878975616
0.76988531702226937 0.58906399035686619
0.24846292830810607 0.10725066250110096
0.19065044476291373 0.75196935008449561
0.21287975232176806 0.79457714513686450
0.46061161786661858 0.11933464740079114
0.60692737929064478 0.96606794728768985
0.19184137669196710 0.39288795255715553
0.36486072472522735 0.22730842245103100
0.77451336169669982 0.57436562949449732
0.14904154241986720 0.37650657913411795
0.37847909209924041 0.36436826771343511
0.47855402823831916 0.94393194915046896
0.73405957514081499 0.58375127307423980
0.23082422963830440 0.66284088222197302
0.83230332316868316 0.43326021830193678
0.35790637455530183 0.94954671664596868
0.17506154923004816 0.58819042325945081
0.63320281650351395 0.78779663495952623
0.39254292700408222 0.50236319526193063
0.88981782257173581 0.60955297120439289
0.82858841701282726 0.61536542527989957
0.49499675127406456 0.85170771077712160
0.60513793623454337 0.88759138663831050
0.65125128463461301 0.22877558048474098
0.07199808840190558 0.51248961460982390
0.32634375066637755 0.61928100218421578
0.10582176832032235 0.53061262768571005
0.10415000218249060 0.31439979343339874
0.21839865305318890 0.32595040478492088
0.36659042388875401 0.90848371232180092
0.41919254453863597 0.49230987452418723
0.23444665058741193 0.65727517352410314
0.15408722832725461 0.47858084954810287
0.26827431888088621 0.21748689589982528
0.09462587818415334 0.48192422464513490
0.27275071427765529 0.56156831348409397
0.28723816320108708 0.40567305187250963
0.12100982216646151 0.77559244616526191
0.11913848345411854 0.54387729644765892
0.62157517866934409 0.12081793558559897
0.39997070333761819 0.63764474770866564
0.34514729119374649 0.54486546267384739
0.07382088917122819 0.42429696513855675
0.48304941672405960 0.77581322144336573
0.25681100031813703 0.79682513975671598
0.12939891335941958 0.38863228842805847
0.69861596205964760 0.43549650436854986
0.72177108790505007 0.50425599654015896
0.49388936371615899 0.17982852743369715
0.49546122736707099 0.64486220004426464
0.33328233944881019 0.24349621027795787
0.37376995604560076 0.89965363723875602
0.24910871181446081 0.85162680903660681
0.64113106546450349 0.68813283438997097
0.49155910162602395 0.36424236436359292
0.23343649686285992 0.59001416965612608
0.89599017607527998 0.62915345027902725
0.85498110690064688 0.58731374081952681
0.18840501125524098 0.76107548807410597
0.81741741911769772 0.16159726361847046
0.63156960628152981 0.12887753457232198
0.60297926010513481 0.36537899492245485
0.91791496323217603 0.34169024579489510
0.50031331552499714 0.39556490971930142
0.13199676016231998 0.35819650317348245
0.10361412060016988 0.64364242292108542
0.10900009998871822 0.33918683282037382
0.29855798241287712 0.26568286477572461
0.89240252657606833 0.48700791792851733
0.18807132902370219 0.20896411995366343
0.40481442756184771 0.32889648366493851
0.40934544257114619 0.35572412907471368
0.44413801477090681 0.53561691138048773
0.81075369054567292 0.16538681659286389
0.46442422528304772 0.94660546982658655
0.37107174593298520 0.76845367769910922
0.33033651766012662 0.14498566677697836
0.10469584882204837 0.45017258757549872
0.55888059373810273 0.26740211001567954
0.54055750085311782 0.30496166513574008
0.73950405945848263 0.66121598788407787
0.17528730150480840 0.82211728711817555
0.32055634467172472 0.60318124673226403
0.36112234024341422 0.36124724345027498
0.17774670395291073 0.24694780199700736
0.09394833720106356 0.39113382024873172
0.41561087902191551 0.33758671963771197
0.79866431567996155 0.63352963275728691
0.63704818030191990 0.52514100770160832
0.58643794927651738 0.21567992218540855
0.75482874494800556 0.44349179860036697
0.65837426992557868 0.11417971187404681
0.75852051617634986 0.47787537870038943
0.77979146749280670 0.11142702255959504
0.34939467245748757 0.06194763191233006
0.08577908217619491 0.35935849280020343
0.27945716642374585 0.37723233889277025
0.14306891403230604 0.52232372836182805
0.36980355975251117 0.74175959812595105
0.19900210770766452 0.31737569216593581
0.74974199329460001 0.17854331008844970
0.02383516440777429 0.51009809895187230
0.75799582723115921 0.16869768158755019
0.71229430983697639 0.45812045609007612
0.05356453719829851 0.46092518160188600
0.66620807897118428 0.03391814696042322
0.24240703189223597 0.12747536990675254
0.33350078466020522 0.32654881625738741
0.56738262885423540 0.88437419880632284
0.36465981250597551 0.58799761092732239
0.48961810083283847 0.38680845508671091
0.18540054415632615 0.39544179707206334
0.37467604835992913 0.54034315897884222
0.36275159866777373 0.67676592188801199
0.72381528073230061 0.90957311776271077
0.48653674508383138 0.35894133595336425
0.65752216182601542 0.55525391854992578
0.21426301249456542 0.15853958288813225
0.48635301171264278 0.79022207563214852
0.49727833475275462 0.93847879155658998
0.92146891375479134 0.59128343758420809
0.62404872089089070 0.33225148263056320
0.80706035931858722 0.25171271950176055
0.21399159273539464 0.42700689527394575
0.05917678186672799 0.33280581576649604
0.84905868834897069 0.33315165007327585
0.65529520022826993 0.59724695624519863
0.27283037439459668 0.77191980694975448
0.93832151070803149 0.50703101853762000
0.81454089505464444 0.29439652869167166
0.67759953986570187 0.53382493654307306
0.15527705934769134 0.18837079935828197
0.86028302585795491 0.67247159350860386
0.03260398614017808 0.54335256066656024
0.70965092198857294 0.09027275471522359
0.17558510657570534 0.57150800917492406
0.33307223533851593 0.12706538978046994
0.23358311836319004 0.24091725199830269
0.61231759271749531 0.18922001754933471
0.75004822051582287 0.88580152927375977
0.06530780371568452 0.60831367299152184
0.27351493410003858 0.52381334906283972
0.93251861067501451 0.54366633780652107
0.73898911735805961 0.12486209880064379
0.31938668941865406 0.30607997434993511
0.36321275313333340 0.95482978634836913
0.44897585686717145 0.79313005509736922
0.16107794700062747 0.33132513521885298
0.82165771580086500 0.18447028269131557
0.71289341591977751 0.36197725146230586
0.36511623557699091 0.72509692899695022
0.40218662762628266 0.95178649908010482
0.48090606992583801 0.27482835059503452
0.74995916586898559 0.80638332803141222
0.61900401254066872 0.73723486738023170
0.49999486183133124 0.75645945550658278
0.26418428722728915 0.57170445667441239
0.39021725499434273 0.15983228893934337
0.13158263480041063 0.55192614300790976
0.24390722360299108 0.48347242726681616
0.16587135463872565 0.24769196787411216
0.48721886547431587 0.48034950026018686
0.47352592435146645 0.79421185303610198
0.17104003163180553 0.47156432096165640
0.46039595778606074 0.43643883045375637
0.20059151744187931 0.20135899950594394
0.19515391940049681 0.70219729284133647
0.94454532222822929 0.37353030888760186
0.28323187229714819 0.85808727770145021
0.67314633527412471 0.74797910143941670
0.49030992351648933 0.03248760811400185
0.82183280339681319 0.50014044671675251
0.37440864346623026 0.34409196499182720
0.60535162271541254 0.19009687474879183
0.09982280715678929 0.53282553072832617
0.68205861654974942 0.42546646687384754
0.10276639956291221 0.66176473583995032
0.81554236450589490 0.61353279878498823
0.26487121086628368 0.60006184154630793
0.53612795351291420 0.63307447512009896
0.71784045881162528 0.40446426635207477
0.11019445705576314 0.28607850488433795
0.58498250113769212 0.19405132180894522
0.16781070476727722 0.18875920899094625
0.19160606914028269 0.65922019742688354
0.17170197120431660 0.24819055246969915
0.81566219728190625 0.58479160114619955
0.34103566951429520 0.64897243626023349
0.42224248191930164 0.21227672197789124
0.53968714515030014 0.72408285276473194
0.52335677637652422 0.57820610420993090
0.07329970736662335 0.45036207655949967
0.08938190783401959 0.52160788690088911
0.13328778673029437 0.77085215225002945
0.44812950404865254 0.03126504231850875
0.12846197731367345 0.38129316617668807
0.76825188255625332 0.27807594095860616
0.47343250583909213 0.08508770529590354
0.35214894432558858 0.58419684182053544
0.66267236317517186 0.52863165187122030
0.53144132249552711 0.54593230907873003
0.31633993542937255 0.38514192379184808
0.65990413413675608 0.78407192491121891
0.92163020835117404 0.63291217586495219
0.20761745019225988 0.80579912082978811
0.60091676981894770 0.79546489687715360
0.51822280337216642 0.43129392249782134
0.15515116089387693 0.39199970205430251
0.53137386297482636 0.24960544555690381
0.39212069151910228 0.75353438009388263
0.37364307765515142 0.46067720321014838
0.51559348538887739 0.44799873664178447
0.57822998811614945 0.41720645440726439
0.54218752284948613 0.57954634404649752
0.42477270300216885 0.75386213914834110
0.76951262312755797 0.72997386517243357
0.73738504634667090 0.41962500567271488
0.64515834619564061 0.85407261707143611
0.16265544535895410 0.77613539104682949
0.88428329856052068 0.45900083424436133
0.33162822290849719 0.82862884977909057
0.19609305962400406 0.45869467983754325
0.80339902763258841 0.29976140803036788
0.29800287780937468 0.32282509764285122
0.22208790576019111 0.75502401416231280
0.24023183712728377 0.68193013538347136
0.64898029819724135 0.53063911042247558
0.80078044658686021 0.49874825894297370
0.44863411012915189 0.38843964168753226
0.68349197173239529 0.72180380899768637
0.78898518081268787 0.43983084744118295
0.30181777285897604 0.56715887943009968
0.95583815053620458 0.51347039823216811
0.85355568317593111 0.70855621037568051
0.90762982777753298 0.66380396841766276
0.22139150973154781 0.14082291984652914
0.21887584912648131 0.28482095218545167
0.38466785383648933 0.76314595126464069
0.91666991759964489 0.58308946517207005
0.92891981415791502 0.38703924941060197
0.60524479721243052 0.87664998909805203
0.66786295959848596 0.83811531595038324
0.09718698641491513 0.42730892215936789
0.95798736822200403 0.59775491191320917
0.10148348598820897 0.40072155636374318
0.47234658167563442 0.40296466930346447
0.62162634160792041 0.91598628628958201
0.39728636963766262 0.12853186800352789
0.03776798365702327 0.48414867641168541
0.39604404965346190 0.24259312502535618
0.64316189940496060 0.49008062730853436
0.63877869163606704 0.67456250765060166
0.70528563557347568 0.06709021195611682
0.28632066309348830 0.39276583974386187
0.38733980815474961 0.43728952345035255
0.05650944273842993 0.66352347421663749
0.03230548720207799 0.41296278482246085
0.16762335593942668 0.73640276463659959
0.74747067001346779 0.35983619164155795
0.94686255754592519 0.56880522996862160
0.60509827908941549 0.56978842636271843
0.03138894278631994 0.49312258359705391
0.52854191595165823 0.58367254745594632
0.36823223530238886 0.07319636671997463
0.39368535871508709 0.39340956146384565
0.33786764250062801 0.67042756647988300
0.74350133621166425 0.87094262218442209
0.68520503762649176 0.36177897992247965
0.67035069233365552 0.91047272415018676
0.41293666312475513 0.18639331902685050
0.31176504422215495 0.09149958543144765
0.22926306740118174 0.85009758317359052
0.09353297618529879 0.63802761069791902
0.58552200405900001 0.44325265682785042
0.09200322151209217 0.49756063600796674
0.11793218946182614 0.68305332751769965
0.39072651534174035 0.62957103134219650
0.77210011747534135 0.87989558705969939
0.09987401395332680 0.33364652409580742
0.92766732518507866 0.32431890196449664
0.55811132377311523 0.20106676233532469
0.66517111650266669 0.56423579811991542
0.63019298269513657 0.59887140614522072
0.09305406892253940 0.78822829519427973
0.61301172185749997 0.16121733444072045
0.82815719742563765 0.71397263173582948
0.34647856881931233 0.23941048850051047
0.14076899955001917 0.26090822506902306
0.49551251685523051 0.92189739922447145
0.53032467308717002 0.33953193538720866
0.60877519584383810 0.07233061993210721
0.68388782258707059 0.79889419011510687
0.86715398138894373 0.30732397642765241
0.69461605927204895 0.39125037459059664
0.75662132017764039 0.86903499531982131
0.06344015378700045 0.33866852873637365
0.37068998216175131 0.40527676354813907
0.49881389872147036 0.25512646229814473
0.42367857944293108 0.11129041221025171
0.65592831174649591 0.18242304402204879
0.40216565774165108 0.91277190334299108
0.29156088306866790 0.12458079784166202
0.94522148788388338 0.39156794944123913
0.88988808823712362 0.31926941069400444
0.59434464284950417 0.46402149540541904
0.64603639578423200 0.16603435787111934
0.16209650444425339 0.20680443775610888
0.28907794495439565 0.18058208578650775
0.87476433481346016 0.38552064421957211
0.75663194737658701 0.80343753023765618
0.89156577471985243 0.25258934545140965
0.63746829736076183 0.74146355879053039
0.53563685470405864 0.88915993546566263
0.27949245226782188 0.13497450704034369
0.41784778040836623 0.88332425630012068
0.73010956592473553 0.60274029150509834
0.62019314914597989 0.84275374209259457
0.79851279446105317 0.47377588324964448
0.15159487837301608 0.66784725067208750
0.49168536578735628 0.95826003399200632
0.64188061506772642 0.43697060287581213
0.22509982227191247 0.37260005814419367
0.23359923723903606 0.72867667144305426
0.32780438854235339 0.60463021456027399
0.50213286065168339 0.57017479429042872
0.57919559529936526 0.58359478560129796
0.71799780881736652 0.20221664436316897
0.12764490775028545 0.29130789230020659
0.68461585161354765 0.70700931971551373
0.20095829122986714 0.29230954552774580
0.44509843816140199 0.54222237257625006
0.24126462638920604 0.81205864734355893
0.74125253215000408 0.32112064826373088
0.52539885405350795 0.24591600500796290
0.15898651903328262 0.41891129860845894
0.13944388183943274 0.29399774648791394
0.52719999242523430 0.17654426525249797
0.85781045494293695 0.64119914761577868
0.83809744375941486 0.80005167955996692
0.49446145476198139 0.26894146003315711
0.45497623254237413 0.06080256002064682
0.10831684022440349 0.27836297444223684
0.48314306321891437 0.13044944682849149
0.71436213748452804 0.49296205636941148
0.86324160694782792 0.54879275743954392
0.44853559116068320 0.29161185734233441
0.35231479555907985 0.09300666959020085
0.37113161812889084 0.06836687282968697
0.55756478400519416 0.82545035823185164
0.60452805868023241 0.21849717105746008
0.15801259013622640 0.26708771804610093
0.39354466461829707 0.87289591707670311
0.42471508219829635 0.36741211199663709
0.44384120031656343 0.21798464900903367
0.47086612296810909 0.82721265111084463
0.96362640598765936 0.37411378208618451
0.53515430338915304 0.37952128303435356
0.48440965537471908 0.11182956376714802
0.16789997966381423 0.58743709900397212
0.06504059161094773 0.64777383274149558
0.86753758440708373 0.58745225954831115
0.58805408081257982 0.73849817939858897
0.32814802298425799 0.10443635608815603
0.77209826456815966 0.48524176464398211
0.40478032617267262 0.93759910318001538
0.64331117808753091 0.82890211139909398
0.17983669779883030 0.31790598751065863
0.57443399235322112 0.36524708920315679
0.11276249192897851 0.41493084760530291
0.57318052710735234 0.59504304650957751
0.53242554215068283 0.38699891140995235
0.92931789766936446 0.52916039736036791
0.42254437717010285 0.93325263781894163
0.33265257325764597 0.34527367990949043
0.67534175102471461 0.82309577733458428
0.78982918062808116 0.67848320143584984
0.07628650709846758 0.71579577148216333
0.51748978937187140 0.81529917574463373
0.93995235474139904 0.46517277734623858
0.22895566218400396 0.49357022541497508
0.52785848067342478 0.60049233143124459
0.73254721270624601 0.46634173407319929
0.15606712763887581 0.59469028787577582
0.79138854618366217 0.17290355114681652
0.46641434250161384 0.38998503812368907
0.65262305651820907 0.09734009427806076
0.26064916048255071 0.17250787304833023
0.81520213875729530 0.65482664504413879
0.43921372058786046 0.65975659371093032
0.59187495395426126 0.82154685939555161
0.39077215668920434 0.49166070028886666
0.51662489329490491 0.69970286017608585
0.53371570967088422 0.29266448651353116
0.54477029725725079 0.37179148298605319
0.27291566120073973 0.31456200515732435
0.70215503450820238 0.24359617522306734
0.61588374186031669 0.90466982384975869
0.19943811803846062 0.16540348455114287
0.09703509930471679 0.29137134375985835
0.13665449070747118 0.56996624856414568
0.27120844637198799 0.56933472658665796
0.48007518507982239 0.59818786165706861
0.07068632862331056 0.64638971386483046
0.45879257548001051 0.09742368748942525
0.78793318784233202 0.20916228262279996
0.66264396322485963 0.66668290694766141
0.45778610475998277 0.67929609595854756
0.36158686106023941 0.06268248571730729
0.51847105779447844 0.20384544240084437
0.56462324424695876 0.31522404178895441
0.30048265651820394 0.93641483055521968
0.65793996888119222 0.61051388830873687
0.77999336006249309 0.56394064781454001
0.54007560199157567 0.89430689799838725
0.92906420710550830 0.35792688606053125
0.51816080732299719 0.59051978861722976
0.34152750595440878 0.17836457938403169
0.09601987729155764 0.38042421383726732
0.65821020366310823 0.09370169661251380
0.16759781144821584 0.65786355904607052
0.92499080877019069 0.37033319936551190
0.51455013352576728 0.46005744219391231
0.36099366085878554 0.19581264369191889
0.34805063307699774 0.34747910416560113
0.62326515611541966 0.85859080214037176
0.54382018469273996 0.84346612411011657
0.75593246424863547 0.23434856996060674
0.31322349547270756 0.48782975928877081
0.23932703635922725 0.87224054166117870
0.41047106747261730 0.81589469579127505
0.14928013403103402 0.73273628322238338
0.52746321534219121 0.79526113465802684
0.35966420925635489 0.21703751796105067
0.38634039879443233 0.92056854820032097
0.49297054140552676 0.06552759597664179
0.58170388052260891 0.32352161587596423
0.20887596047583640 0.29387130187908028
0.18479523451921942 0.57289626570914776
0.16099118704310836 0.52203380117290776
0.58918504956064999 0.08513904587593189
0.27517248233473729 0.11120544598627498
0.36314969812808212 0.45378204805924205
0.84102947067986744 0.57063943005397333
0.26962783633516973 0.75750701202588755
0.15136484917866447 0.58224224441434091
0.55773481129509550 0.14149318972833388
0.43811113599496454 0.47364711304034435
0.48852657139477756 0.52777290889270767
0.50809748260990295 0.19455467661479522
0.16057259945405700 0.81302922961141522
0.55339965966140447 0.52707497306572137
0.73298727602790892 0.69320135673531669
0.11750308026068011 0.29296632036732972
0.40012026060577183 0.34753033612727596
0.33753444783610548 0.35669037767719997
0.29345792621298306 0.83454809977131972
0.66785536924819788 0.27606833841190276
0.39776585937488568 0.69549437434538375
0.69449220581896753 0.13164802068490866
0.79073181128457792 0.69208765900513614
0.60660364704626091 0.37360908301022000
0.39812415611993451 0.24994658717650856
0.28713423926295484 0.81685073990094748
0.61285592985692727 0.27455885067881247
0.37819831161013673 0.40375418446968014
0.90529481773003406 0.33966554700363166
0.31328722291712258 0.32659199416379392
0.02380705520542340 0.50174916045204598
0.07044058061951006 0.54418571889428224
0.22879125312745544 0.55326092804679594
0.14836069537190366 0.84243945557603894
0.80061192777571466 0.41371085324695006
0.21212962028869534 0.76511308262302846
0.14413983002655975 0.79639352038288014
0.91913714756052423 0.36585602822437424
0.79617656964014871 0.66662510454403012
0.41744156907427959 0.12964606124056255
0.33594187187425156 0.53475153912023066
0.74201260853018147 0.38865380397653226
0.13661142482232955 0.51988774048234287
0.42466066937443253 0.97433389976786333
0.31788662157364800 0.36327185471625578
0.76873831702365125 0.60519268148688432
0.78729044887381150 0.34294227848161851
0.80054788699149704 0.55329431835864917
0.26059789348637874 0.66594950416773213
0.85424189302425946 0.23272681286714070
0.74946394317546561 0.52839883535360987
0.36465661854305903 0.06867164463876492
0.81257586119290803 0.68537540761106108
0.61333887026978273 0.55314382608275725
0.78974746306064825 0.78412563887969167
0.78634852204078221 0.62521271064159811
0.44106263506317089 0.59306534658083454
0.19475748124085435 0.56408486224179555
0.70118855118041157 0.44211051240090532
0.28544277363749515 0.56774766143549438
0.17756853220969929 0.41390089171973976
0.58897222273178684 0.23604226327286251
0.56404745709407156 0.24120389698541025
0.44175211296034422 0.57203603121939040
0.43619401342600023 0.97281099646460245
0.91257044800125919 0.60788468734404977
0.69276038110516491 0.05820658850767323
0.77316773855510956 0.45489179931613499
0.05750785782568957 0.55238102295742864
0.50915299468292996 0.67846252953759378
0.70222475937248396 0.75164469385636101
0.42514288778378961 0.49735237973919383
0.73224838242961243 0.44529336703922162
0.72918660128363344 0.47790655322605469
0.59741412696126828 0.10744266956210018
0.52210724080025206 0.04695166869274205
0.61568710664774484 0.12394626372806941
0.92919320937008620 0.43131912075955725
0.66383571261983454 0.60594584292999065
0.28248166920146917 0.42599297127604718
0.76920990571394554 0.26673145638770057
0.40553476088504564 0.22262718746048968
0.06744619710464933 0.53992844976550136
0.54854149176976541 0.84827038960573453
0.69103761376897033 0.71056839051745868
0.38214691019519598 0.79989768040891140
0.07554912333084948 0.29898241652440594
0.55247722617082051 0.47438097859933498
0.43113462725497143 0.71897742151108057
0.41742941337265227 0.21737683894419951
0.09870956188028009 0.54515525473597171
0.82252272424111439 0.39140427270413691
0.20253082526127258 0.72691830121958623
0.51012929504516402 0.98284672157346831
0.07620228396537952 0.53461611305866485
0.22336651754724349 0.69958834852919738
0.34699838137979566 0.55789361179728980
0.49979500589093279 0.28689720580964517
0.51667981018966969 0.62523451459042367
0.33763588018952245 0.26174510775112719
0.23822098239622536 0.19605188671464308
0.26875517016216532 0.50263957583102803
0.32014578932300491 0.44981458165944666
0.60737457397086325 0.18340798454535898
0.75738518384979636 0.36980162458651283
0.66200134120728382 0.31565504046580661
0.91154940444891575 0.57673679731580163
0.70179403263446527 0.33713916457729309
0.34989156372613800 0.03761757990099313
0.79733722119019756 0.35895055526865938
0.19321124568309711 0.32361469700829887
0.52439240249178654 0.03005708150480227
0.55488542226784021 0.89545666573736260
0.50594018657228756 0.40209756130233476
0.61374392254994115 0.21109384153542721
0.20779209110726971 0.78590492363844500
0.49889013841158991 0.14143529265611568
0.71697363912241718 0.71652632043336750
0.44816721642703283 0.20413897021101088
0.72334109506249211 0.67302879893103262
0.51876847805631110 0.45405008272968223
0.80718473582905303 0.68176535986834808
0.68992426667125839 0.53793853013952109
0.24172928245414782 0.60529673945887175
0.72964429894854821 0.08239606039632079
0.86221643982250862 0.69778782181573751
0.21330910100567241 0.56757495647293377
0.58104831531739798 0.81196677727524968
0.35092570644365789 0.30515963874838464
0.84770347046695860 0.54644259187168820
0.88513354211023010 0.50543820127279437
0.57955652999831975 0.47786511731151887
0.28978458503360355 0.15277415533914912
0.17051383722371644 0.45509060869922130
0.24501438599495234 0.59207092316127585
0.57355848952406796 0.93262414153889628
0.31386167616847371 0.49447056643610654
0.89012088138540446 0.44051911183239612
0.13731390430804780 0.27589539531649881
0.33152824739659631 0.33529503908858482
0.69713625195077089 0.87622381520428883
0.86671074707447626 0.28972872567771718
0.82261728465078710 0.14107661249367159
0.67861707878993605 0.62915063599682863
0.75527557536916701 0.14524310653168951
0.67574216727893499 0.91599389788007124
0.84479615556448395 0.70178300828050766
0.69173642932140500 0.92023968181984328
0.74056952957836286 0.44730836720575157
0.14346093289890036 0.83495969042605123
0.25836599096296997 0.43880430598410097
0.61489798029313825 0.87776055431584998
0.52525715016456409 0.25499492461556489
0.86673751376346764 0.47956200742598820
0.40379468382313699 0.42263937600743395
0.34957821608136347 0.62115276756947735
0.90041768991873372 0.60457136241391329
0.33831495601672140 0.91852086907655495
0.65621413847657539 0.43852003195243183
0.69529536378824564 0.85844908570306766
0.63676637030684791 0.19922893692086935
0.52944261493582756 0.68224102338338655
0.75754254386498110 0.86206591909192432
0.43137703531576499 0.84174564059220502
0.95609840670989954 0.53945674429281532
0.49621539281364924 0.91091645667820786
0.73783451878919193 0.33579759856473324
0.39084739447384581 0.93057805800278159
0.51198955533486623 0.06308991996317269
0.46452185601120327 0.46489924318616072
0.62336928923576707 0.59803091988411872
0.45013806678969687 0.96081398763838777
0.92688765217161895 0.59985406310213785
0.37314169426853289 0.15007549870441400
0.92142075948070634 0.34818105061492988
0.06457616666105626 0.35300029175589559
0.15499174765658491 0.27647227803035251
0.25602369288009474 0.09349067074774137
0.69389633729034039 0.91185914755335584
0.33948710201126486 0.17174671796361507
0.24148013601753485 0.74122000561908230
0.79289874233827284 0.57617988388615637
0.43397347554231369 0.86091871942441767
0.85917162257455160 0.50453845987439383
0.66330508224652263 0.44128881836142836
0.35810026139107481 0.41056683749895551
0.07154813483143607 0.40877135010966048
0.59900299154065462 0.04887475635028321
0.81380853828009614 0.25164437118282640
0.39727244009917506 0.38558824066123376
0.05311484185955512 0.47764670995638753
0.40124648127321483 0.10009761588269608
0.87359967174411746 0.57421936722384104
0.43182227031895842 0.52036536556609558
0.85436301580180296 0.40132089377672353
0.08226797560923295 0.70614881205865310
0.03514315379873985 0.52528538893690857
0.82924783701292049 0.78675528118615179
0.13785604761373516 0.39835442945745769
0.72964993043916671 0.86966122566609416
0.60607291961911491 0.27422285734244584
0.80807401314873617 0.48634873952191471
0.57923891417482631 0.71223739433957034
0.74295986666721436 0.82080793319563894
0.18710244798924119 0.79043626848598303
0.58782813085708685 0.55130772832661201
0.78181678036002511 0.58744573478834017
0.46509099705383111 0.91288489765944747
0.86008148968069942 0.47555193913221033
0.68205705495517910 0.82492040975490044
0.38062362008429551 0.04105842646134530
0.18059660876106887 0.20160687399663882
0.39085429055616749 0.70618095167265371
0.81123014581497555 0.38309568702237357
0.41547012674043016 0.94998825743652504
0.28584264353708355 0.68578072891272956
0.01560877512738074 0.46283170830721304
0.84877961694768589 0.52516101109718061
0.65244403572472220 0.70386272896388546
0.20994897037025359 0.18200581796136986
0.81276020210754518 0.42440369761813396
0.13096659783782738 0.48471164639635805
0.57024912712116416 0.04083940367124100
0.11345922033897730 0.34225188808598861
0.46857721276642078 0.50674627022333441
0.28733806994130623 0.10942364215783942
0.46389131257160965 0.51098395372267758
0.89535919274800513 0.25914904043627285
0.23146380502077127 0.28209957350400128
0.05982221331155825 0.44832872724770617
0.14485529861656266 0.61219247281945544
0.17021681796010718 0.28667008897952745
0.67521749560816446 0.17511022463678405
0.43846119880817491 0.48032857841558119
0.13834122056443829 0.75610088887366156
0.51248221571045993 0.84191705726687871
0.86753884221926003 0.40389716073176574
0.10085098170397558 0.78147013548356303
0.82334872723636421 0.55877960170920338
0.26147538311722235 0.69702687343496328
0.87725333408648254 0.65284487951779779
0.61114927612449865 0.24481243427998858
0.70657538176142043 0.65680056785317531
0.31692177352542045 0.42491474481608316
0.76540495216207749 0.40118018660951615
0.75574172054296740 0.67697725109234064
0.69241746059535936 0.77134078950606988
0.59548952102782182 0.65852785080515275
0.57896936533059873 0.63666188323768758
0.40288414897338504 0.94514535981406045
0.46847124230335546 0.30373867002252164
0.16416968316581709 0.76832045827493678
0.31986160655409623 0.78169460662534396
0.70789905590440394 0.39604464475107443
0.23375672275009635 0.88554715601052159
0.45500861829227357 0.51185342150663615
0.66164444126431621 0.08299326042582648
0.14894123793022568 0.63119272072249111
0.50174674282309717 0.85163214941362553
0.25525495260562109 0.46568416523347711
0.38657166783175656 0.92656187452030792
0.51087570382386716 0.35241624227807816
0.04722919104715657 0.66649183004556434
0.43545946964455157 0.28547350253923887
0.61481666201182683 0.09579966611503081
0.57896932830594894 0.21018311440137250
0.56982877331397286 0.68161890684416915
0.38109550519535346 0.52661511353715462
0.83897918681122674 0.68204106497023953
0.15762099567452217 0.68984628853407504
0.84377200693521048 0.55570440698513079
0.39190216272952000 0.60995239840009752
0.29626863413452303 0.53535673942243533
0.57888422600519707 0.85780750387316385
0.26560866032910974 0.58547730528794639
0.34776633970106013 0.13317597777779397
0.33251521721017302 0.37239676203339217
0.93469996968293745 0.42062841585839056
0.05069237133821091 0.58848829280103632
0.41911625896139076 0.42277101402306499
0.30582396839559078 0.48605395999068146
0.06580943582504875 0.59773248543418356
0.61595094565696618 0.86917424012692956
0.63824839026646429 0.82397990233992302
0.32390547788021179 0.55083381548090371
0.92996705978974059 0.31656126916557781
0.90078097562122927 0.56055038063564744
0.35804273009396853 0.58830446374431233
0.14776092351209177 0.27051931153082387
0.07962315187529284 0.55799296463215375
0.62714930211040154 0.67441868637402835
0.19783296944103740 0.82516213316417075
0.19314388321169992 0.29119279270284087
0.62665365639267812 0.78645248427464221
0.55065031550213039 0.33283642228862947
0.51060144242238825 0.32583173960159073
0.40483833626908611 0.52179436957671876
0.56020129775115013 0.17019891072993815
0.73269212933026973 0.26589831179465145
0.76758598493985419 0.53426234199108991
0.71056762845064581 0.20116008807172570
0.47414642650817979 0.64145485503730304
0.38280892381440401 0.10161940958303796
0.73524769720245631 0.83094034220275870
0.83062932542161660 0.67435921048643110
0.60837096956863568 0.02479181138705635
0.62778367014978531 0.11733836295964419
0.84739852001251503 0.72061047205755391
0.11826119433532008 0.52361559457094287
0.56445020499282972 0.72872627734911177
0.52851382558816218 0.10169401620701329
0.41054892451002206 0.32492533450821903
0.86065074967738409 0.56906439135048648
0.15254871345902837 0.67560195760008401
0.73797424076447338 0.64848890500141720
0.38487431616926382 0.22593939630215684
0.44926043350036210 0.33958900157157873
0.34117659448680931 0.32612343457236309
0.37982227977026634 0.08245333777817968
0.86288966233668962 0.22818678581141563
0.22018703823343433 0.35830752819233702
0.35120572535469596 0.63428121966152073
0.63700883690210630 0.38303453437060797
0.23517275630815232 0.34801710810162595
0.16849738732786623 0.26325917680088678
0.33494828183330994 0.43597736370522372
0.66834940864783565 0.68597002939714136
0.57547405388578554 0.05132683376181305
0.25155393206248822 0.61643469850855026
0.74651746256246221 0.83848604907248192
0.33797002979893459 0.12153803570981417
0.31595006099260087 0.15524701652093781
0.52345299046580884 0.97124572181924174
0.05618781056570424 0.43828905957504949
0.09056130658950617 0.62045232110265847
0.60371918919649192 0.19792054059703762
0.31347136510416940 0.30277056096842359
0.27215382714341779 0.58375916192393507
0.62547333518871617 0.80723154453196522
0.87703707652768781 0.62958394529404671
0.96410274519892702 0.57133694480956809
0.51965944749380766 0.40401194262068862
0.29721907445255796 0.42142637407703482
0.87208189508810363 0.34704512874019172
0.03698397341524674 0.50301076349009066
0.45977802952469515 0.75461886168244585
0.58501270521402304 0.70557137139370685
0.38521907902919855 0.74101003516579667
0.60248965927658948 0.49992207348919426
0.39194481161629363 0.36083380021682881
0.13017121869399842 0.59727678645685911
0.25266815499654482 0.31923556345156712
0.68576479424560322 0.14197028554682711
0.22467877116972362 0.15667326212657975
0.36915525222164969 0.39229374358669955
0.41366802307141554 0.38983201475225798
0.59016805113825999 0.03803334928373885
0.65660319326187266 0.47798349612859392
0.41358533523247804 0.23112325884682319
0.11351785661027913 0.49072609748283963
0.22826835984194921 0.10384759483237770
0.12530371794613362 0.54789534859958988
0.09277119056879717 0.45044122747241627
0.45294512807225817 0.67458883485624854
0.19526609086597632 0.80671189276041533
0.87038851843774923 0.68018743253313318
0.06809776000909021 0.44198502452574512
0.54050637708649185 0.29510852805313031
0.41467492049059268 0.25843017617103847
0.66887325889545113 0.06533944895472608
0.32454440433491427 0.63032856619357180
0.51677994614448841 0.35914657278317502
0.23319006286161084 0.43900522016976007
0.29248400789804735 0.91174099350579985
0.70871401385220278 0.04763451869076189
0.20197523851900176 0.69613499263529044
0.87585831581434404 0.56074878908638104
0.45721428548476956 0.48308968082941467
0.56587117553613475 0.75523743181325054
0.04464740245123697 0.54194747649537500
0.54947214516001297 0.94092072045261244
0.37817451415180214 0.05906877522366964
0.45678208649610613 0.47590968317533550
0.61236730205933843 0.75593453292350166
0.08305730378681625 0.36959608043089376
0.05526740186859639 0.45077396709552020
0.62154602250504165 0.43726746971271191
0.56253318649517936 0.51794163341131372
0.33989845091455351 0.89177381294879887
0.87848657181838707 0.62292669790269861
0.57047453903382839 0.42682896394565151
0.81705157899078540 0.32194048203097042
0.19320329759610794 0.51116483542368996
0.11839786018724992 0.55075234329341805
0.57892567189906607 0.11508794933279065
0.89050065032965464 0.67272941581561008
0.57188388504404664 0.19922516487932176
0.12458325660272666 0.55447268838876784
0.28498024898593921 0.59969332566426226
0.31553662013674333 0.11396781660541899
0.34993947787687751 0.62772388346167263
0.54574839693248767 0.49843093699633934
0.28638111634028457 0.91203579327842943
0.59578105715879026 0.44440350805829520
0.35535430397338408 0.91868480379423445
0.25827345503537835 0.81410600294605406
0.06429810774561595 0.48851203847755059
0.50380879479588037 0.34965955739577331
0.19566554615018875 0.36836949088190812
0.49441765510862329 0.13588730463264764
0.85556131265477064 0.46454865445985899
0.45015483819494267 0.91913453039090176
0.64072919516926818 0.54406926946786061
0.84369341148592258 0.32102753995039607
0.40422975492201613 0.91859545423513977
0.83136311028436571 0.45407512588659310
0.39821701634007828 0.77880488616548915
0.65756169289972310 0.71492770568145003
0.75379321539182931 0.30502866886108293
0.25713309895359543 0.37354215379331529
0.34701270135280338 0.69689285992612338
0.78844484685929761 0.51450602160256564
0.90217561389387080 0.54725455701478765
0.41082722530824556 0.53995194279829195
0.74753260290286327 0.50136851665160043
0.23265980849750953 0.83448321150627081
0.26512964975713910 0.15180169913845740
0.18185106639225293 0.23622946621811541
0.45108375414822682 0.69208364900893604
0.47476103273457448 0.12261726205297309
0.43293004763336473 0.46187494257711981
0.60634572065288561 0.80103050428858158
0.57730143359145303 0.20362042944568573
0.76216006583152907 0.78788196807117794
0.63679814738988716 0.89154096605246691
0.55855021158643325 0.35039065487184345
0.73646911058906506 0.66729000157839358
0.62877190704214492 0.35897541449727927
0.46350847253189398 0.56025959505898260
0.42794387255791339 0.59282511086028755
0.39925098109545859 0.12195512170424946
0.86601814991963932 0.16861688069300027
0.18669477423691141 0.16387686864074991
0.29413379970382009 0.87925563903625603
0.08273149537893021 0.71252034426128708
0.22785224774785154 0.16572872219321547
0.39091387848968973 0.87887704268663425
0.37443075682072036 0.12938560875430977
0.07267504294866876 0.73361298314823087
0.60759837435461905 0.28105369994891527
0.95165687630183582 0.45740704079558309
0.11298271256717242 0.63400535839897132
0.78720782798037048 0.29453936596619529
0.34980932006315191 0.73786436288830071
0.79540393236493223 0.67469170466294037
0.44858330715080302 0.84929976869686041
0.75280908358627596 0.27380831169568332
0.24110933195960232 0.28119395759158672
0.26121928050643151 0.87735818369968133
0.15042291117184503 0.68178383651960817
0.50502906969387051 0.67034308497134665
0.84114222190671772 0.71985058383880196
0.72999750943772390 0.62158217727633969
0.86829078364792878 0.39113980066871434
0.24213458293792289 0.13859892357157003
0.19249745559758902 0.36190719074155930
0.47387690903423907 0.74424084851136818
0.23184496871774948 0.72203170124004523
0.18924328032559132 0.28509441666295715
0.27921623695063946 0.27408541598531094
0.68734114854509898 0.85217455470233594
0.74757535457856317 0.44605813868250271
0.50728265305949460 0.25002574059895810
0.26099624952791639 0.44707874802269221
0.38625675549840077 0.96154463843292060
0.85762770861870474 0.70320324403361989
0.94909928393571241 0.36106248702640098
0.61741322307975210 0.45375411948096522
0.45761016108867331 0.74151364886542059
0.35292537936619528 0.48922219854168059
0.24005503193276290 0.29533264399878029
0.41017376984842563 0.24507993678621529
0.15250542928009980 0.63752430930912807
0.34394625937219830 0.73437021095611066
0.26367611336830737 0.83272765980530561
0.04852186648265577 0.61239911339097697
0.82566280081838495 0.83644728240570210
0.50722258076829863 0.05463035140504544
0.35494715353418199 0.86260398237610747
0.53590452141627987 0.35735323052259765
0.72539953985502525 0.27852956953485397
0.42486348348479597 0.67549651017999190
0.52187666992451343 0.91176143140444688
0.32176681247656580 0.18658862781592664
0.29377046154507303 0.67023222329627363
0.21750868153893785 0.16861038008459023
0.71414245472092852 0.82179175757834044
0.11981510003621960 0.63339590132331713
0.64845845411073400 0.49715509301851601
0.51918988651077780 0.07818654624155900
0.58187876485688028 0.49336506011311454
0.76815900382246893 0.25986589895872036
0.19222797567026725 0.55761709378420543
0.83586420002927730 0.36677075692907624
0.34171539428379089 0.43428186434782973
0.58073542073439477 0.09624901717506822
0.10842289922144846 0.71034427415874102
0.08469360928676833 0.28940731860712166
0.89130453973764412 0.70400267141928452
0.56915444906196910 0.39232304469310292
0.82012942938637268 0.63490846305068360
0.63689565549595184 0.14787780809814330
0.55050949325779674 0.91793729176723704
0.86494519141347670 0.52310945754951343
0.28183922616005136 0.30756238899406718
0.45641147562436979 0.55780794639368914
0.14345824578418437 0.35219661723872792
0.56792817227819348 0.46688310760710494
0.82097445026302684 0.35348592376258192
0.67090547708924175 0.29654933427807290
0.87645126654769434 0.64671636035449298
0.58387449744488273 0.65045050643399016
0.74875421179052204 0.38562499297949893
0.29428803879374782 0.31121437137285074
0.21943478410430370 0.74061059595288536
0.33122501208195620 0.94621469155581883
0.50896308613117591 0.63238868064835274
0.95448016031908689 0.52981092485645220
0.40995403708824235 0.60581423883818064
0.44501389052959228 0.36847122089612616
0.27711004034035147 0.61075982667836870
0.35122982743662728 0.85201184782657091
0.75924335083428363 0.40503320682879856
0.13733611568443696 0.45257732662458994
0.23767070318234254 0.26699233800668309
0.22736611278747831 0.24224729044123092
0.57553829363560338 0.86433702796500733
0.70006306058929413 0.29527966497585700
0.19115731675896408 0.30954000221390232
0.70820349462815824 0.49820269327463235
0.76120005541517377 0.12218857003747913
0.75504258280701753 0.74880758039718776
0.64282535040197541 0.15971706475972933
0.39587275412076173 0.79302245294899265
0.71090116831733108 0.69203870020780778
0.29306921161918037 0.62975369219579092
0.61243712633942837 0.95447306060621429
0.67761878057909475 0.12259814240625019
0.34956858796111179 0.42507438772496436
0.55601398166564420 0.48743031869349174
0.58510261454514656 0.03102197828294481
0.28072718668341179 0.09711550969330077
0.30358439802696369 0.53913739359451429
0.36753621796492592 0.69799830675342545
0.46510319521572852 0.76201176706084317
0.88867988746552118 0.28076638430666612
0.93668100849966651 0.33777564498783091
0.90688053272057789 0.65585246875822589
0.73287652651925317 0.70709157486396446
0.76021736413874941 0.34299780959610593
0.70579431926386826 0.25692064053765862
0.28062495274981802 0.47673446010789861
0.40476622663829409 0.13174588498219020
0.37376275541392506 0.61667861538831437
0.39438619447274154 0.51363968292048601
0.46048130588756359 0.83728222111638051
0.52709482991499235 0.13658166472541003
0.30759488031683274 0.45930352499687632
0.95572675123336370 0.41452641620052588
0.40556631747188415 0.61857357760466902
0.65213587934259210 0.40528114907431745
0.26182755732774965 0.34855602489667747
0.12775786080158913 0.72119736862524286
0.81125203683069080 0.53801667016774390
0.33340262101587409 0.69425355598885885
0.28469566293633303 0.15549448483602610
0.42386174692107487 0.32360264248942544
0.74798592349743942 0.67863836229394348
0.65549903959255751 0.49381786467380873
0.71188412920330868 0.23325691395642953
0.93944068904068712 0.54687046404709438
0.32243666373724805 0.65561111876394362
0.55524719491625008 0.91355774657789302
0.94253563666074314 0.45714339926319553
0.73332380255981977 0.54190706920415610
0.50253690681743379 0.62947235591314121
0.28895806537524399 0.71490232488617733
0.20805081073511805 0.48854324121807957
0.23826405383023244 0.32201897846556499
0.14633510229861665 0.35771909509117378
0.62887607157155134 0.53949713401133526
0.24797462837446468 0.82311677803085526
0.33452708008302368 0.89458069882772373
0.21656969373428417 0.85143273966687483
0.57118547882199533 0.25084850783018475
0.39963074097762713 0.57233806664050269
0.41945568691973567 0.69478943820169803
0.83929828528762473 0.47821958024282879
0.03020067044321282 0.43546233517052901
0.76699688418930634 0.29680302025278910
0.65088971564934928 0.51070204923211060
0.56729890266771510 0.13216316301329506
0.09847028752564102 0.37005711749402359
0.80279595569499140 0.68671578671964495
0.17839558402614458 0.54678640013270741
0.32037361627782990 0.64875178063287553
0.27295392753353720 0.61897978348458849
0.30525738089580706 0.88135762031749620
0.64894190225969228 0.58619219765683339
0.24063853204341099 0.89002153224771541
0.63568802323647844 0.26054320760323363
0.76087376739954315 0.62414115651562674
0.62734794974913466 0.17330014995226503
0.28128486832698912 0.36805340862142866
0.49700248883752896 0.45341386883493839
0.22214860622213889 0.21759429770381583
0.66816826206460633 0.31965049677187274
0.18215304833961360 0.69392324442879039
0.22038948687875742 0.57312510918288806
0.24538669781068254 0.86606222665903587
0.47648614291592323 0.63501284357196774
0.48805146571544278 0.40541882784299488
0.30231539222561049 0.09219581160972161
0.69029502470229975 0.81940961943096791
0.48595133491911696 0.41780797218762128
0.16463662443445978 0.22242211709380527
0.75550963687352546 0.55531206092874974
0.25508840613237416 0.45219222377900342
0.41737028855525532 0.74104293345541539
0.88719262184723857 0.24675949299457181
0.75875104165774898 0.22800922168393542
0.37891893738909121 0.87359007665595600
0.54163138782807241 0.86362261249879790
0.28445569501215195 0.16964321721929804
0.12883784131885842 0.22681823742762125
0.70482914519024675 0.21416585541004735
0.26440813260155832 0.20137279547675901
0.50604297369850937 0.43557775485035566
0.45372825138406281 0.92706366104498306
0.13158982922220080 0.23551227757670884
0.49930299448696441 0.71473614560949983
0.77257887346141774 0.22831532828149512
0.31757126789829404 0.08899894871951948
0.32431905791321530 0.14612966787937809
0.62021615318368484 0.16063334402699064
0.85196967335408147 0.64702690513539385
0.39085936296878926 0.58426008321794054
0.73420001125147449 0.13583729372517694
0.48527781283209709 0.55298154859905169
0.33464956846262772 0.96609613639435588
0.48545847642398654 0.39915524213724923
0.71359569453026450 0.45072260024475796
0.62182822193166520 0.52938814822385138
0.29339794361257215 0.34511635192530188
0.19949064421121881 0.22257328392273770
0.23678750976547847 0.48608343885166672
0.33933368698134775 0.72747143063974173
0.48450628335470769 0.91661110229511999
0.48288630706407293 0.18513569827995560
0.66342143411872334 0.55774093983218220
0.70258404196809088 0.12169847629020365
0.52027781371948101 0.12496080556549262
0.56749554658564672 0.57662162711633180
0.71483727363256611 0.92048133673190957
0.33512988012880435 0.52036335758797125
0.76144044359047858 0.70406194027578073
0.46934185375494808 0.42546405547519817
0.26543320851109425 0.08924476274755952
0.27395541154333797 0.68033587917647276
0.35390520190443719 0.50276939294021716
0.42569119920114118 0.56430427417679252
0.85223929486627559 0.28266079037171982
0.36373271307644794 0.38668601039293982
0.55828375207310232 0.27460116926004940
0.79963478572604396 0.13558505559838105
0.64730326133942606 0.15441253972708302
0.67376113344988808 0.31604291699721820
0.25975921952908737 0.41344803122522250
0.57618412154201903 0.72099147886300630
0.87209196630720154 0.66922504101217639
0.87099046637065480 0.65277101625634981
0.16447559449680543 0.26859239385024153
0.57639008125939195 0.03979781828789401
0.60442297071521922 0.12594273071523182
0.37146569718674993 0.70347537685596995
0.44225096267996467 0.51255769237118409
0.22283658919879706 0.66626398350333249
0.56722117796100668 0.55050050947977525
0.05809056155479711 0.56177394564451122
0.69642016280738017 0.48142685522706719
0.67235536071987301 0.18805774581828433
0.45579823351835547 0.33814794228859335
0.07435027739314261 0.70234085934696466
0.18552431887329657 0.32870076556573896
0.73963630710721207 0.73452742337114396
0.73760676577813111 0.79499693517087666
0.86955172268143122 0.31378371958959722
0.81343694597278404 0.78716151920329658
0.56299619838109594 0.40674737520700999
0.42501384164976297 0.85436175191272956
0.24265137130511694 0.71622398681912203
0.67290456736861415 0.84921334654536318
0.14083749003116697 0.31224766780176094
0.56459809200380628 0.08629822384585820
0.60012887331177656 0.63178859763603090
0.68838888041695834 0.57718455900714727
0.59265673723945111 0.80401890909865392
0.73983020587817394 0.69339583389326465
0.52615810350545378 0.23745515661477587
0.38139794147123535 0.55262962402413418
0.61756185535436903 0.94627447840202650
0.19380904636639845 0.75757116125211066
0.83801399463458126 0.32579766372236957
0.28121983578756837 0.84097016975748939
0.57426137448240777 0.95473355862097198
0.22668009455972332 0.87820942630115872
0.48722388549055257 0.72518486295043572
0.19517597837842177 0.85300243461503733
0.79273120276287112 0.34764888336027894
0.44254573749538334 0.24720403542364650
0.84684091651489601 0.35879073375327597
0.75740988640901996 0.76856271521783837
0.37633426999496411 0.89380705384459591
0.50499547212712870 0.69183557476029933
0.45924747223649776 0.37740104319518769
0.58642371036108620 0.07296155276211577
0.58326977421575832 0.08372678938789989
0.80787355411252393 0.37664119345297165
0.87792402507738521 0.28685564862289387
0.42296727698931902 0.09812130822473381
0.60985379212938129 0.33463361294576521
0.79398656935614875 0.49763483587779500
0.07969951002996849 0.59527910903016390
0.47596301125394957 0.40919942405741683
0.59894217983208031 0.94510115339592105
0.90054776003357662 0.61785008644644057
0.88279707950129982 0.22400490374787332
0.35641982471987255 0.89325676152895084
0.22816813614563902 0.21674357271486183
0.44008685861625096 0.65138086291701280
0.83887329336862559 0.28454787028936768
0.47960800874953868 0.08732884130211647
0.31907278524641247 0.40366285456057949
0.14347841909828155 0.34584936618941708
0.32556476250944022 0.31643825072751630
0.78887020253632023 0.54354955931043469
0.54031184763059925 0.55760992648794960
0.77783258813716549 0.43171560250754620
0.83591558237769781 0.56510125909181663
0.42584911403141318 0.49050192000251780
0.75717842657486101 0.43436484486746663
0.22841432060885028 0.40234372384763611
0.80022473890217682 0.44467455206918582
0.23768496804254741 0.74692548209976839
0.48384292002743312 0.84211288234878723
0.17952833084062891 0.53379952501701855
0.19542829388911842 0.18731941278114589
0.65457474665207205 0.14224647933337173
0.44403279969717047 0.13645421176273140
0.22518021439752309 0.84424517662776988
0.55295080752432701 0.83165381807422689
0.06077031058078929 0.43498790730148296
0.22433173087650904 0.51743609597727935
0.32527039625878179 0.32363090128536137
0.58885533076103236 0.86603623786851169
0.48341471070947645 0.32493983810661453
0.84979173540888486 0.30263793553704921
0.66328151188195450 0.38734589577913758
0.72438456646897187 0.40367397317507075
0.43557223833600145 0.94641753921424354
0.30295882346385150 0.73448656706502047
0.64782335618139608 0.29461907186218333
0.73138488581204908 0.82554104440627263
0.29499973316862610 0.56792636234354499
0.30596236462577320 0.27653353471063485
0.63688312699394534 0.08199042771210732
0.36605998793144479 0.08739891581477537
0.23192641341138392 0.78776248746880118
0.33356853971675771 0.81511144490778920
0.49182068479962682 0.04687416009756584
0.46524231825604251 0.52076393442616709
0.71919249179547606 0.08198627511015787
0.73541510159293455 0.78880711082496613
0.22668956668319615 0.79282328334579377
0.76962033531305629 0.12090198661938088
0.25598490912320276 0.77668538312446189
0.15504015344697297 0.74244540894134670
0.45061552345624811 0.77174296404274356
0.15552731874254141 0.21792075457602375
0.52994816927943778 0.48627029201978017
0.14906675257299809 0.32857326873129356
0.27199887085741581 0.92346261148401643
0.79753188505176664 0.79585376932046981
0.40573952679214853 0.31114377263619986
0.06826136698788833 0.59297536051936994
0.65160153095513929 0.79494566426577740
0.38859830893729785 0.23218563249458415
0.34911648321666083 0.14479763907409310
0.24232039263301741 0.76516373360940670
0.07280515169360814 0.67665539855771628
0.42746557763346948 0.32893223037908792
0.37252404533932643 0.64367311792776927
0.08915946262175561 0.36314775421105971
0.26697627365973442 0.34372230501710305
0.14534776144773678 0.33364628696248766
0.05305805533612907 0.48291207144502357
0.70353851120912902 0.07624527239528132
0.61945226243496909 0.06917752601544151
0.05212941539118150 0.44559858627325172
0.48892366731852588 0.71034024485572489
0.74829307528537337 0.81294352465489994
0.40681984342445693 0.87511185555917193
0.87273359341433576 0.73949774174231264
0.27361195229264168 0.73697830160529854
0.27868668350860099 0.07957081791770937
0.24869418432428589 0.84258746800523510
0.25047621628957950 0.87492383691217990
0.37713279523610022 0.44716233087522705
0.54648263737719560 0.60681932786068615
0.24656312100000211 0.75825356634402419
0.10339903737542278 0.42910385449782623
0.03626557918496471 0.45026600670864692
0.56978973955727985 0.61949158098160018
0.60419819171789135 0.95148330936654368
0.31362914198628494 0.60085302065207824
0.10657606479397953 0.34377701115230619
0.26656574089912943 0.52405244345088120
0.27928583835785598 0.63193834320162379
0.57798704474350460 0.76370202959262579
0.47462500152242570 0.36568380729810346
0.59106296963330107 0.62248248492708713
0.14141453116800282 0.48527361742416181
0.31244992924191500 0.69068583804223349
0.08391377401145181 0.42784512720523199
0.21594114639480319 0.27824761196655373
0.33023991541191389 0.37926084920259434
0.93230444772556709 0.33014983458437019
0.76605485309323884 0.22764498303410122
0.82205787566622979 0.56534180415504010
0.55360630451560922 0.12138531009157663
0.19031454116582402 0.46474988274431384
0.62128175592699275 0.67920966623186674
0.23862117665243451 0.15314123202165511
0.84819821145588836 0.27728319056970430
0.81390669729115428 0.55366489189736923
0.60658104967286064 0.23148688927820094
0.46926919348022400 0.05766793822410667
0.35760763704998494 0.56190046812152206
0.75069476317211614 0.84531338953647783
0.04297590234450423 0.53495361574648970
0.64073827781320536 0.92872772035917683
0.63781086917099095 0.87212957501430488
0.47527340503482468 0.01766930411231879
0.07588985033900310 0.56226741889999210
0.44556753635139074 0.23323066965722070
0.09693534077033310 0.68029837310936736
0.67107300669291237 0.55707386596645747
0.21074510164446478 0.16856187108043819
0.61522288563879746 0.92643691793751881
0.19229812455228021 0.43614348329151642
0.28393552615121903 0.17626741729608647
0.88798142807266256 0.42062910109007051
0.44692259753199709 0.27749842195372459
0.80271429859555776 0.43140295548488955
0.25810044029739837 0.88977044445588971
0.76317727023622217 0.31434631789278050
0.51375096706361678 0.52321011859724353
0.34028391905365674 0.87204697170806289
0.15971104216081555 0.17511930443152329
0.65760351705031972 0.10053304933875602
0.72527534252324000 0.41075132241938994
0.16606941958142607 0.29108732266983328
0.23073119365462585 0.33375755061759516
0.71661569922854851 0.44420499195602631
0.54750626745260411 0.63913070669046368
0.47995496790649922 0.72120741898225338
0.17834232354343341 0.66538731073163571
0.87719467401959528 0.28050068925218524
0.76582601674831352 0.16708184053593753
0.45316276033420255 0.52542282516282546
0.06532788506899768 0.41037362112203407
0.54671446208018770 0.08069337094446412
0.24551478949759961 0.83565125368770798
0.61189695348288775 0.34829094379128567
0.71939783440336980 0.73564128333612044
0.34870153845210505 0.48419514377093464
0.49285235976116049 0.86111593855164270
0.89262403608188279 0.45969264691916634
0.81689099069343196 0.21571440818685184
0.31055793680618177 0.88404918195099258
0.15202986945460945 0.43628734748022213
0.10822204744797859 0.68916312430689997
0.29997414276146789 0.62667343368219075
0.62241840771787216 0.31843914922361416
0.21211100198998967 0.55550086576880786
0.33281783669848347 0.09715938229054837
0.55360754280870106 0.44761611329926504
0.63818548300079070 0.30496500846116714
0.38927239046914214 0.94589051987776485
0.77180509953893228 0.82244636735765153
0.41140199856200271 0.58480527522186432
0.70171955385424656 0.46699411164128851
0.28043507866340139 0.10845014738317622
0.51690708388240203 0.01657176883458871
0.51060196656932999 0.77267309339146695
0.77460027134498322 0.54331192930276406
0.29239488963879812 0.84195333125756378
0.44062686681788721 0.16999844592582189
0.91502221940462314 0.37707044820372498
0.82172682248001228 0.71117331758756419
0.11190840271706931 0.48112862748498336
0.38072066511438246 0.65836176441492766
0.78995737801935750 0.24673802752314064
0.34531809410918551 0.21885357251187407
0.70292725165158609 0.91603357347615666
0.22432250705200379 0.82638916946238261
0.23581901689710164 0.54237348195133706
0.47668755584410166 0.02685853754433287
0.12780841544502472 0.30195656703717222
0.15936320278738131 0.32467101029829171
0.31154761426426336 0.69797671478245149
0.66939794536106656 0.81676196591431072
0.50964904540174583 0.13388870924390989
0.38081093734051197 0.85117673773379332
0.30669970246593670 0.68550037213513348
0.17994189856289056 0.63623060250137708
0.14414958277566023 0.63613386567424990
0.80951283814661545 0.54453617447088232
0.72602501122181784 0.38621776971493338
0.15595512239087128 0.37237684596972026
0.65022274194664653 0.82550749390083411
0.31741060787522041 0.85822274202327253
0.56364210974713358 0.94406328126700700
0.51238098114407626 0.17360331056291287
0.60873065059390541 0.11439708382741609
0.28119843868448507 0.62433328777579988
0.74009260445264458 0.21859035868050811
0.81239811354697877 0.47280890918557500
0.40640956389967997 0.08264526416045213
0.51291424090680160 0.25363286288759268
0.10121477294271429 0.80088045709609801
0.70484532532126898 0.43298447430175913
0.38510794015342981 0.53215273581926703
0.19009354429893474 0.67450318956593081
0.11701832049751164 0.45412183499939590
0.63849803599275545 0.12976541834519284
0.09808450569857434 0.73909323984282704
0.41113873650927868 0.12759170472607667
0.79869515260000512 0.35160499129937695
0.46907996550687092 0.12821106825574052
0.66468890631251631 0.69543455464976389
0.47564025390009634 0.33599516543432728
0.31057456218563589 0.87698441828704754
0.88026603328498065 0.51030139957971432
0.68432757770280450 0.91287274135444163
0.29287869892069285 0.58093366752074649
0.87362360669909978 0.47620393935699390
0.05409818948834159 0.49879600006141367
0.56380838313213266 0.33514742269609238
0.84389714411817629 0.14425836141200646
0.39073280952029088 0.27092360169426327
0.59003076356534379 0.25174403518007421
0.40659306478928980 0.42867582481038075
0.92544795174669681 0.57248205907971350
0.19045376238356831 0.37366686414065869
0.04847939761840678 0.49946695849704031
0.51247228946134959 0.40321998804062098
0.72806151489739501 0.31779946295082950
0.60405172847787958 0.92505428547485957
0.81044002795404868 0.21389456403339599
0.83572894347800197 0.39421625027153029
0.11694092075057982 0.30136179694758769
0.25761652883917324 0.74035192912894421
0.58503046807107628 0.90749705738550068
0.71883275568077165 0.14141805220680895
0.18561685425584323 0.16964012651973678
0.36031426406050132 0.14787037918124826
0.32894716272065805 0.18501026128234269
0.55445239883999287 0.50748139660422864
0.11435149928896181 0.49761708386617515
0.52553038496158999 0.09587313051662973
0.42154357709153728 0.94560648547773174
0.21849333762443010 0.81203011194920904
0.18539371393291473 0.77497655617632999
0.55676536115958153 0.06281522439807996
0.16203417158053479 0.22770532916425160
0.06229052431378533 0.59316660024090195
0.78868273241184883 0.41348642325295587
0.84624176220737157 0.43369809190420272
0.39746883592110632 0.91862526094913588
0.69673941102147885 0.55379048251984631
0.06970391046099560 0.60325161996093146
0.64473641818451555 0.74338846921815571
0.62037942447423944 0.62794691515520407
0.11463985990860411 0.58453343203750996
0.15612125850719649 0.78549004463562511
0.69176559599029197 0.40286603574900171
0.65533960435413974 0.92644304604571537
0.19295603994036542 0.34339030445026542
0.73785850674585440 0.41204681160198459
0.13209570520024261 0.25617658560495243
0.42637243113246764 0.92811391086831385
0.81439641908087979 0.37559172706665583
0.81749118836915358 0.30071871616120122
0.40276924173520950 0.35407058545837039
0.30206175087545717 0.89431597777129146
0.76828737404613112 0.52764898021515771
0.17445688299042425 0.50220465873731579
0.86424083229255499 0.53506684832691809
0.22747566451849749 0.67663321662317621
0.21366001713359778 0.53601637821278292
0.43835536664096725 0.54009416540782540
0.62484069032782752 0.56694507080874834
0.76887890999633945 0.79925901833259838
0.39340749158982086 0.80701101562118316
0.55340278316398028 0.60591197312077882
0.12503661872699051 0.77120242377077153
0.75292791495722389 0.69154488490998600
0.38017023706313341 0.90007061445738878
0.66924502243662876 0.59645340749058640
0.29989669173159639 0.47068534839750659
0.37728994884933398 0.16506968449456849
0.72805890280059538 0.33725876418059203
0.52485431204775512 0.08127958069749407
0.60518587448452865 0.85999270076749235
0.78904123829233208 0.72689405125665563
Code file agbn-serial.cpp, g = 1.000000, G = 0.500000, t = 1.000000, tNominal = 1.000000, stepCap = 0.500000, I = 1, q = 1.0, scaling with v[i]^1.00, area pixels = false, parallel mode = false, scanning order = Initial, precision = double, reiterations = 1, iteration = 1000
