16384
0.41503059543240900 0.63747241221484507
0.27963566839888654 0.36010051144466060
0.79996469078443389 0.58964230499205872
0.18241769935181729 0.50560677419040778
0.37657715254995716 0.39860651396155911
0.85794137161924833 0.34201216741604062
0.67523154323536416 0.24608330600340325
0.59056810318792441 0.60068085256610848
0.76183720107703534 0.65405124293587458
0.44942623129154474 0.86283591715298824
0.39384777934012077 0.74885495250603307
0.32022339084062240 0.30452247164062529
0.62618981236222715 0.76632085353191370
0.74905755483226000 0.21562571841996650
0.39581034127248127 0.55738242472855171
0.46013915124999560 0.17194714990964743
0.58173721548092672 0.65149000797086254
0.81911000587562688 0.34562794051447560
0.62073533352944377 0.42539334350288327
0.20418860183494408 0.68486426318598703
0.19792438755057176 0.64571020402296597
0.25482281618278857 0.84242734984534462
0.40307255291745242 0.50995983005361056
0.71353514809968877 0.43375875998679791
0.59907889699897732 0.23671417731572625
0.43388463783676112 0.18400255111798342
0.42113335485720571 0.22345020498696627
0.28145117674175435 0.78033329982764532
0.20787046394072087 0.62691162749582641
0.43391129180165933 0.87228217964721977
0.48903515061996999 0.33704721350843686
0.32096320623342356 0.84063960758699940
0.67291453712058447 0.36110451928144710
0.21160937114401671 0.70529021534825165
0.56668244293367354 0.74388246438115613
0.71733373551352164 0.53358958969663506
0.49380958621289284 0.35176695267280494
0.68549358446878483 0.49109322705361308
0.24096183665862950 0.77858944281020959
0.28132773434648006 0.80423590228765729
0.30103219189741309 0.33081816071643511
0.44493337266288330 0.85239763794628598
0.83945330159328990 0.38233025766166084
0.33817703243561659 0.29975915270652331
0.73133525519059406 0.17937774505271525
0.23784187208937504 0.45496108274117064
0.34224233738802684 0.29271666062814239
0.30869911861417121 0.58147759670044941
0.81569196991620974 0.46389012820423703
0.34230115103429737 0.75110289010062536
0.46937429545853432 0.18044858529936209
0.39690504375398078 0.58901813390294400
0.40538754173431646 0.64395398263868364
0.42221878908102739 0.59787201598237938
0.28194293588960884 0.58408342678686553
0.46593568441989242 0.51491798151638513
0.76722978683476273 0.55790751637970559
0.50367867296597746 0.35998130289874464
0.58270604221271238 0.76402479809838164
0.51796604057691886 0.57366756630128490
0.24623388648531236 0.44412766234518070
0.63872914977528938 0.74004353019879832
0.23320121042771264 0.39999188722963996
0.30929607208520299 0.39170926908347869
0.42672036323589702 0.54771652029114559
0.27820310346974980 0.32317745332021103
0.74124744847745072 0.60966864952009880
0.55246263310921628 0.42208000231488474
0.85806969461115590 0.35640215525886132
0.43956182256958587 0.83483707299741838
0.27271305122764034 0.49125908209788094
0.80947759109590056 0.26069424320924739
0.30655638247486738 0.79444694706447305
0.22736468091585860 0.74409094002085219
0.77471851941359715 0.54323882770440557
0.25431315653234332 0.64582085813124335
0.21369744595452977 0.64809098674669374
0.24439372854592367 0.54982920134346380
0.84643248020432971 0.43834825341902595
0.26439181315300542 0.66808481759051175
0.36193519031829979 0.61184295059669203
0.79544236936700963 0.43668481354108596
0.44164111181411914 0.36849147533439208
0.39148753157500560 0.40307629138022349
0.45316587775144629 0.47745320756918713
0.20660486985339002 0.75544169358697610
0.20167407902477263 0.43641968564537004
0.37119173987533088 0.30883089485776016
0.42280240743659803 0.53051238130455047
0.39003984238759093 0.70635503791296261
0.75468429937981507 0.20046744440458214
0.68197805572703674 0.53208379035850339
0.19810955916139367 0.51124591601620850
0.55371582166472744 0.29768324989609518
0.17809313841222330 0.47895969608211320
0.53895946045524679 0.80475910521040750
0.22596807851949874 0.78977108290913511
0.55091343323923536 0.14080494212944844
0.56336461094877577 0.73448462593290698
0.25108411584666712 0.47642301043057383
0.66884492562739539 0.54048370670892476
0.82705932121732961 0.34305621005808951
0.44504850292268233 0.23068303250515421
0.50378003646522451 0.27996106790814718
0.82779922877574696 0.43074063069999147
0.39208154494205788 0.83104624037531716
0.48262041426113239 0.56104125987787024
0.56022213175005098 0.33825553149142895
0.58129079020227503 0.79556099072706044
0.83174682849608950 0.39911872539741999
0.73939556168557685 0.14051998631122792
0.19771571750578970 0.50604617632334636
0.68168400338218582 0.32919527185973468
0.24943945837793879 0.44829542720208870
0.74426088217911801 0.19366169866863706
0.74148886899372224 0.22402852190317524
0.73039653089182743 0.19322229358135834
0.77712747060758602 0.38484059342566335
0.29049541520346844 0.41322288871279100
0.53697913273294073 0.69930157729792453
0.70660350349281043 0.36939772517506653
0.82912890132669548 0.29078589647063025
0.70576321860338864 0.70921368340942881
0.46247866587979680 0.40022743351776535
0.25970968149125107 0.81680942109524735
0.34890870948311081 0.33140041437071638
0.35673480139064179 0.68979963503258501
0.65103053785673748 0.73845106509709446
0.59885165826142028 0.39190757489541483
0.72772529428771771 0.16196226599227395
0.20696898945134518 0.55734026307564999
0.26238686254724919 0.57977003711367670
0.77747265665395071 0.16226913447030070
0.38006711078415045 0.82887486192788917
0.63730075616843063 0.69894085933624561
0.36416134067285399 0.43450793855605940
0.63347411820845601 0.60381627889528355
0.23652324575284778 0.82837446493661138
0.28302169195767313 0.85064701232028672
0.20679941551606310 0.49853658190515115
0.73460760567647987 0.32133551321593096
0.60948630792233627 0.24410790118150472
0.70763687690525146 0.69562512152003597
0.32161674316876726 0.42470907768818655
0.47017785448661403 0.18664034635374022
0.34534942184632300 0.52006638893831103
0.67690822388699046 0.52973878863101054
0.42399361842642136 0.36861578134542583
0.29908271472873321 0.74123897093412305
0.41585184313712098 0.78470109330608295
0.19376831383299647 0.56306467668243931
0.64475181503388912 0.43658897280287429
0.66146608037102506 0.19383960114460619
0.42433200570731910 0.24571186705377429
0.57419826532058549 0.28605121129822986
0.53416782455077327 0.23114346449776824
0.22566267387197936 0.69009969552177486
0.74415543262571471 0.38449634958516238
0.65813808942459195 0.48357435393298154
0.24570783265958218 0.39950233021907744
0.55920592425570392 0.71595157853026736
0.60755439818578949 0.28576832288565468
0.68909924231899355 0.20259890852881174
0.72241837510739748 0.36314583501688202
0.36124230438821014 0.55268207703280070
0.53376256028427571 0.38317384199052340
0.22490884817086890 0.72528168985768149
0.22873927961930812 0.47487370456957595
0.49492756331916504 0.85043253149388787
0.46585516946526051 0.85733402798730574
0.35142582089855817 0.42285528096606384
0.57707465782289658 0.67202912301743134
0.65607761986725444 0.32980512492503344
0.74218048357957944 0.18328884513408600
0.22014767177278949 0.50326298907894218
0.57290353698449170 0.77690143795006661
0.60424630096763754 0.24096167478547981
0.45456702084609990 0.85470142582706021
0.25908002161360622 0.68760156086327939
0.56488536157327141 0.77466447129219396
0.72514687141908696 0.39162751059340506
0.75445139058979915 0.64671532456838643
0.64150416163217172 0.23463765231493555
0.65616225477467216 0.27511705577404305
0.81003663255860969 0.31821684960464447
0.42009266849296073 0.48196605251515884
0.38790478956089036 0.85232860871960237
0.72208035898394152 0.29298385932398541
0.55374536403891383 0.31071243342927396
0.76998918609898237 0.32749959791860661
0.30261332587067458 0.53545610612230421
0.67371041599669379 0.55736721504626474
0.35835064954864670 0.50946710105750137
0.47394201495033250 0.82010555458775602
0.40147558842976794 0.22655986724533300
0.69885801261775804 0.62241686139534802
0.45543760441315029 0.72348401159673181
0.46975456256755510 0.81173902670176523
0.23357211676373579 0.69397071489058437
0.41526446641102416 0.75683997788955548
0.24089993395123549 0.78894418721838167
0.71251878666107493 0.27685867113093704
0.67736723657529163 0.69768140932254896
0.70608408411752932 0.21050836137758000
0.74416083822842838 0.63486377638218316
0.41931664371130306 0.36498623227751981
0.72791961601450117 0.45444245956744572
0.42291165148628362 0.84802944482344378
0.59750760886369569 0.72824407662432167
0.47585441756090452 0.69993647385755375
0.38289634308135789 0.38955142981898150
0.42019645995963806 0.33125051378168824
0.45910736202076846 0.85144950250325169
0.15931814141205183 0.57920373768813382
0.45449302093387622 0.77427149452549371
0.24224540920530474 0.66978108708490391
0.23648452391515901 0.36944690205674047
0.45006087387550531 0.76457883984762509
0.46680633143536210 0.42081662269167058
0.20194884940673688 0.64623078525213673
0.35118967761893427 0.31643519590244812
0.24241718773750498 0.74161859778874017
0.18538451936816328 0.73429558483591706
0.76732115685174662 0.25361644125444810
0.58473048473521838 0.26927912978789087
0.48815927719631347 0.79237697049450917
0.47711349484710308 0.28594564026942104
0.67552805886739764 0.73282656718934724
0.29534967220113040 0.82503550152747729
0.66302791227956037 0.18924821141732845
0.73017568541565281 0.16958138248758425
0.65280572724126740 0.13711479356051362
0.27965076196976474 0.75079444115805161
0.42039980241698338 0.79832815824965153
0.39884528420220039 0.32449898939565608
0.34220722239939910 0.86723342686061100
0.78793767222149080 0.22412437212157357
0.30912148211852847 0.70539050463659081
0.42422361936937070 0.33506091599559018
0.62002272545227644 0.60996961907987823
0.23084033300897888 0.69743563808864728
0.40272710122981670 0.23768755949833548
0.75365331636658328 0.58093179371026016
0.80776886765555167 0.38352649009345186
0.59917199594717430 0.22001407267350331
0.50504865446959102 0.74858421673206232
0.39961109212629464 0.64295598517568053
0.46752266950707499 0.52091208634971320
0.77575558601636163 0.48796508885104212
0.62349499634667516 0.71691591324808734
0.45786084824499662 0.42006527791257359
0.35559185277429367 0.42650885518607573
0.82040483085987237 0.32658793772654937
0.32669603427551075 0.63748074799345544
0.31154861674105505 0.51708951036623119
0.56942362570598859 0.55635900120883752
0.82666774292548961 0.29550266982595524
0.20737272350759089 0.49405827949432829
0.35018824445513463 0.67014813156228636
0.31358054456080992 0.76423908657374384
0.28098279660099901 0.31517616935771187
0.50224829490145440 0.45043426445637502
0.54916626329748397 0.56186798499954760
0.54390743428945643 0.72804960982866840
0.54521891678965051 0.74267113126406348
0.48176540457370587 0.73287762634399223
0.79739506880171884 0.28257425456533303
0.65569926166313452 0.23458949401550891
0.50644207679952680 0.26389281356564509
0.44274111748928557 0.33349057423899509
0.60244261237015828 0.72756142987982653
0.66898114224627747 0.48860032074690368
0.59275281539411684 0.78151101689940505
0.66985214011577021 0.61992405630132230
0.56803617097444392 0.38505546565561277
0.21208577148574595 0.69819265488655424
0.52359479516681873 0.59925682745355036
0.57083619698473131 0.48915110251103899
0.33997599184535360 0.71146499399674978
0.69343431163222413 0.64931313450454942
0.28820102049981228 0.82126833164541591
0.74204386631249153 0.46226160723838372
0.61444691122296469 0.42614781762140685
0.29923757794996836 0.60967441590857518
0.32369465358152605 0.38279523849968922
0.36332815654947465 0.60520486746020419
0.18387805767844184 0.51962664783327273
0.25930649529766492 0.79322000796085201
0.28816560305954309 0.83279308700838350
0.65978942022291465 0.26428683346336523
0.69112464680067665 0.18833010509322304
0.52212065466390101 0.18483948564274547
0.74105496952631278 0.14559362703963383
0.67567491662463275 0.32732047084300175
0.35085470111893119 0.73344292643350029
0.19900609845087705 0.76043284220877005
0.58172387371588774 0.26393471137784646
0.23830582502726727 0.78184442424195710
0.54621132552710006 0.37030099742654776
0.55272578424627161 0.19610713119806994
0.76921949478551854 0.53252950336663540
0.21132188057246254 0.61216963783855149
0.55664103271551180 0.64836439934869650
0.41508590460272743 0.32230015998185080
0.67046179580864096 0.44097010233339085
0.82437854546982692 0.26211701523725700
0.78917646765252603 0.48650609670919154
0.25184672674923397 0.33207635505203281
0.43858855813610687 0.34383112211125355
0.46748431538711488 0.77777368121278478
0.73920160460560691 0.17564601037989946
0.38154193566424321 0.69810544711954714
0.40384059821801160 0.71724775187439405
0.39387164153239773 0.32773221835339345
0.67536745581053115 0.50987461961400060
0.49516393508255074 0.55880624607623841
0.36368981346361717 0.57068711324795240
0.48834952053471137 0.15058525245338322
0.38211953851866931 0.40100740415719277
0.29782242612062609 0.52668596028285930
0.73665282682252520 0.14682561244385300
0.27261094873569697 0.40247618344679281
0.30302742158201335 0.35893442501460360
0.54643826481848157 0.75221814529621533
0.29843642729116066 0.66418383531038949
0.29423662352939783 0.43827309247464175
0.62191630795937658 0.68473580731394279
0.47382401977901961 0.76193066038212631
0.24234496743536144 0.84170567607359548
0.48119598984259843 0.82795750409132585
0.46791310366796984 0.45671893801872931
0.75284247533624971 0.62462835282352069
0.39581629347299990 0.36923084057516414
0.24685604438951098 0.67117050010571522
0.21684511420695490 0.63463810813212396
0.38773744567686164 0.46838896356796189
0.60319560348607593 0.25213753635397129
0.58023047604985356 0.61645932063598530
0.80716279329897356 0.38783121850091162
0.39764447666690605 0.69924524613439465
0.24187466817913997 0.36162666526285170
0.22069219829180545 0.38528127342242319
0.25138217010790931 0.61076188919310082
0.37635791905654770 0.32758021508859103
0.60011050322712223 0.12172647745525589
0.56186523223161722 0.16233874279575886
0.26359283387037657 0.49670211257629682
0.48924247255936315 0.18769262750248866
0.62925149714824635 0.77858203608576471
0.50465012253900143 0.34729152785510908
0.60014901124693254 0.44670887198785614
0.20248119826064753 0.45625826051542562
0.33576758258893213 0.28931339253212857
0.70737675087510254 0.46642558544772539
0.34948575841369067 0.53708576614138259
0.43714474297638684 0.33103418100396004
0.79023728526985582 0.27309593949928246
0.18543534229172845 0.59502793356671224
0.66582106481435788 0.42622223837265028
0.45684989111726715 0.22476890744124522
0.73340478625727545 0.61279112780340184
0.17361045251248958 0.69803425202113945
0.80808783454217958 0.36014474275886177
0.82737697843509184 0.49974239597168962
0.31076999612499440 0.87161716299502801
0.69818478082208446 0.44273647508111957
0.47735730480790095 0.36883318524099129
0.53328656182350342 0.81116735102888993
0.44636466349559184 0.75439663671276658
0.26560265247014075 0.48419246449970760
0.21427654941264368 0.72696956133022272
0.53213005412493641 0.56522680597868891
0.73837233678526948 0.63715211609337863
0.80207214425460560 0.48760969512854757
0.44412452569847871 0.81041517461601464
0.61359824459843604 0.76160606813176090
0.37501902059525483 0.73665021733086289
0.27194826482593004 0.78221278283523976
0.31861400518388366 0.26061465676259266
0.70635247579189908 0.31110503860443206
0.43230301798806720 0.30335121927822462
0.55232706649696817 0.51355725458705392
0.67480691508119173 0.38197683263970550
0.21027873005611319 0.66465970992305445
0.82051775918293490 0.46481942886581523
0.79470289681674644 0.57862950183979522
0.43110113496333924 0.42875449262909371
0.60940997781229211 0.56281791902642453
0.50938377560746317 0.41824434568576185
0.36409541747064422 0.47089323555566320
0.43767978305068767 0.24432983348862616
0.37617608711065764 0.31185364283750305
0.61617154848601685 0.51281707064470283
0.78501458270495306 0.39482956454942753
0.70302210324326997 0.49711512828505461
0.38631875443460306 0.23092646124660560
0.58118029612115485 0.69289585385569563
0.46093917946722252 0.51725528495230422
0.71568562981459283 0.63093953027528515
0.17174652588819994 0.58634932654576266
0.29286786960414823 0.30644225502963185
0.32587244815067906 0.77252993266670089
0.22030001304590835 0.78416495243843176
0.37047505274069459 0.67480572622977419
0.60075457707313507 0.64282441304620175
0.48079621129535421 0.53298441903661786
0.79572974137175401 0.37737866948440846
0.20773995872101142 0.74396402112148641
0.45322262263922253 0.20975349199800408
0.29105212319055562 0.82503428566573445
0.29103138769899245 0.27205998642877582
0.37290663559931142 0.87106021016597357
0.78584433489592009 0.32176536635229919
0.21520065033200297 0.71690706060708598
0.33876260475242059 0.41189457114059685
0.75642117086162197 0.46324834627719913
0.69630247560479552 0.51922827277659978
0.39073576995862180 0.54803483282471110
0.70181392169241008 0.65217727601756403
0.53673509652536422 0.80042985601372063
0.28997561603060246 0.36818152834126272
0.70655670107711055 0.20529796729374239
0.45444076727282617 0.49539663577242316
0.39434628105819691 0.52437448619378080
0.49608300941638939 0.75400070763732829
0.73988744044844634 0.29282717425150651
0.72495745612308415 0.17562869251054841
0.15885742980506401 0.64217251191474711
0.19790422670456631 0.57319060519964415
0.80502126185768008 0.41797669903119983
0.24486431239478959 0.45172649368074330
0.30148956570921775 0.67975622275051706
0.79998154854332537 0.37539296000807526
0.40399665062926260 0.72884037525331258
0.46426664732495959 0.85173178472578848
0.52742187598745094 0.62609043251702112
0.19211354433075295 0.45444159460197597
0.17117100403512042 0.61525973307541204
0.20425915902350317 0.65675286098006547
0.57249727169024900 0.17712112181646883
0.37578668437521656 0.85784916922032883
0.19428299191412979 0.62141740364929698
0.75648094085607331 0.33519996419739595
0.17345680927499796 0.70438471062992936
0.79027852756432204 0.40557299968530214
0.77700159216574471 0.49632909120358831
0.54209739170386007 0.31815061842589265
0.74265683222086665 0.36118026687881788
0.38056473966375493 0.26006132587439168
0.26368461051885217 0.34051696118641850
0.28601955283921016 0.68397524610655236
0.20949112905417039 0.73286011546750141
0.70449966453760315 0.33274629621512208
0.50519024897150056 0.18977980764670158
0.59981565348497612 0.22554575689034118
0.33199034680149730 0.34965930703523407
0.64279469687677182 0.74835547169490435
0.84282172256850907 0.48345250957438535
0.69159404110013334 0.73067551621508353
0.55884008859832268 0.63236760647221402
0.52635308171079287 0.50475968951419459
0.34994210863703523 0.24302441317034620
0.82311418717828222 0.48274378222732600
0.83803081795125300 0.39333312636357631
0.80217319947186039 0.31372683297911214
0.40086211394589122 0.26024007126963533
0.40907918863780429 0.27047506210932920
0.47425475023226327 0.76856996440085201
0.50289717039665316 0.37211941228898682
0.28279262630069435 0.79523976457215495
0.53716377465714604 0.21945140774638572
0.58237853968704534 0.21507325421473489
0.60318645806295756 0.13663978363428342
0.79405559277897908 0.39125243558921685
0.66524813253974124 0.71328181178552674
0.62776231347242062 0.32124447191110717
0.76499599938627949 0.24138958573191904
0.67892050420014982 0.49806876384714777
0.64481846328334635 0.64261594506658648
0.30581731895507036 0.44997818304332149
0.83350553384031834 0.30482306351569383
0.64343417148420645 0.30061808181804872
0.69682509302390994 0.15671601821899017
0.48820058384948944 0.62618138722513983
0.42391653694342013 0.62578223317352299
0.72587254402636714 0.59270943207024540
0.65188330965247276 0.71270684602282941
0.30266078542030300 0.36341472744531889
0.47505216610573398 0.23604533947913814
0.47096890711496459 0.20754722106523488
0.44317039171662170 0.39351837348890745
0.72355658816911839 0.61188868994715728
0.51556519858227723 0.49003988561326828
0.45578828060703214 0.78417071405098282
0.22215941070977854 0.57114051810387156
0.53981682483767746 0.35990972366187002
0.29162709502136214 0.53391498974906737
0.53104096947578872 0.63135241950129295
0.73736902882177202 0.16712239693633979
0.66396172666852549 0.14788529147210489
0.73753422542975589 0.58513627245380284
0.76570547024986935 0.60192693014072562
0.60479087835712919 0.32852545766204905
0.74972889191257353 0.64882222463458317
0.25004702718272798 0.73047117570727038
0.27644188728392433 0.53781037718028046
0.32713195887323793 0.33716867149458274
0.47210765703543128 0.21184316455384977
0.77387837398585291 0.50500746078981495
0.77679952671833041 0.27361390623759374
0.59328515926572556 0.42020040151909965
0.20247049766825403 0.63747534399955041
0.62616776205142055 0.70807893096352070
0.48771015456871686 0.20554117448127635
0.23654410144081900 0.63659159838498214
0.21684460893316851 0.53343505243706868
0.49406396707414169 0.33358503644655313
0.33919995883139953 0.65195640535568100
0.81317505201340057 0.40346021482156408
0.60286464670229323 0.59025137503258662
0.76445357944498804 0.30501248938067721
0.28321519178594762 0.73077750256129648
0.52707804898322752 0.78755318073744773
0.53379540475790110 0.72704832706691724
0.23152166369095198 0.41004492053258074
0.54018228107213806 0.13914092605980530
0.68669775647487263 0.51705683252484747
0.62238000939973825 0.54620900702169883
0.61552015910121360 0.16259330464164276
0.42977943168913069 0.81985514102869050
0.78079163081337699 0.18407100940628646
0.24150793051125477 0.39985672176805731
0.41536001070103212 0.20924555419991719
0.32599608063356500 0.27490786640603720
0.26309021471971217 0.79611561698747002
0.58337280050615081 0.15490123886276747
0.18786714953870656 0.63795947103669093
0.74380408716325797 0.60633986256311467
0.81956995492736218 0.44711081278670828
0.49848995469787916 0.43808261624350342
0.63962321713543724 0.61281789293249345
0.35085657292342748 0.23839525084207380
0.76168883343269678 0.33849875571859772
0.62342172999384249 0.40295043197066971
0.80361715007108192 0.52159070509047623
0.54334196367976784 0.53321152290743634
0.28485501279391029 0.39497996409353392
0.41572958959090922 0.56000778779979510
0.26568497017536052 0.45635860138360412
0.61543951070670033 0.64991527959368356
0.69828522800240012 0.58206206397179416
0.64144393102194486 0.12225107514562988
0.21046676046061796 0.68917722821471594
0.71682821600057534 0.16033738463251843
0.51485871774059344 0.18203704214099373
0.63092493100598368 0.23172585860729014
0.71899193094045954 0.64228520756576002
0.82429669321202503 0.25006745435007866
0.34824589669304290 0.74408041966648508
0.73564346361926669 0.52015117370205233
0.82346205385690907 0.50443635281352817
0.26329080934013299 0.42086215757829343
0.82073335031172390 0.49882278722802309
0.48919250485741295 0.38957001334156705
0.74802589914407014 0.18309712012743923
0.76096074166656069 0.47640467694070976
0.26803980039006559 0.51572437077802258
0.36690004834244883 0.59224629590025546
0.17960724536951880 0.55721753597549661
0.56740065996629807 0.64704935891285165
0.53369201659969456 0.33254376425214416
0.71188368931680657 0.46992561809946032
0.20456199232240016 0.71378812937719083
0.35399703040190500 0.81574397059015791
0.45558481022394737 0.24973565954781346
0.30124626091328122 0.30572208278713719
0.25271712261679291 0.77995958205123250
0.60084298997746932 0.61783512972736521
0.25108146100749756 0.79934842187791810
0.57109360182419944 0.22482766455172676
0.56323681838130035 0.48352984871415128
0.62643105413074052 0.24101560921164158
0.80802750279878977 0.50736079398675826
0.64428560280636837 0.33504896742552887
0.41701070451173194 0.57809813431063395
0.50145974520711123 0.40970265958371238
0.73455063380192409 0.24429836052975468
0.72462008225554086 0.15801745446328891
0.27501092326361631 0.48152830091071930
0.59501845763751893 0.71898879078096467
0.29895051739498651 0.86172246871279123
0.51719387197123723 0.19892688192733790
0.81566354863210178 0.43821130322421287
0.42443523517179294 0.22481461004612829
0.25965603729144349 0.66579789064371342
0.25766572054333792 0.75716898450927950
0.49032863522674297 0.77296463652728120
0.21694598865091819 0.60260300674437994
0.52590909105232830 0.61556305780506504
0.76985226977980470 0.16075591284091970
0.80630158465486312 0.39205966513264712
0.70218420039712925 0.20233263501047827
0.44754338113744879 0.29324850740891545
0.70932150655279691 0.45436373879776448
0.77314781199648408 0.58307987853001342
0.21873914526766683 0.77564729553898615
0.69081743880046820 0.49128715155264385
0.72142922382285635 0.51412390461492496
0.73701097534126725 0.60936178432143961
0.40046691835415654 0.36595086533191101
0.83488265609213719 0.31831410238575591
0.24028481023495699 0.40348717480756902
0.74355008591756877 0.61780526240320111
0.32571537585393695 0.72652542880608861
0.24266376175192264 0.60031593133226879
0.33523933217341451 0.59803958298922766
0.52819345237299342 0.46511318083856823
0.20960858047378564 0.70833363639306590
0.71606886917262869 0.57756854291346438
0.36156200889977136 0.24483002183314240
0.68993753925479118 0.12167690002523146
0.31532515554838259 0.42423295326314781
0.45110742037063228 0.36736683027976313
0.16653468887623496 0.56501581338148577
0.67986717088020365 0.21962665403632642
0.54654874217190730 0.23888265259051900
0.55204411643374485 0.15628691866184322
0.71086939375450087 0.47535390725616883
0.48943053590208185 0.42179724465167917
0.68627851961378039 0.43891529163849802
0.33532459844850793 0.79910154132742250
0.74650501772672495 0.55211829464606943
0.24489400193787969 0.71326186827642690
0.46084257844127868 0.70082977137331426
0.21961024275790089 0.74305893623562436
0.70813226695548315 0.16443014077448326
0.37373642921035033 0.54119339636410180
0.25040626387093295 0.69011055858906734
0.27623769664310371 0.73496497632791347
0.66353370325348027 0.46356832216775368
0.55290988647423589 0.68176930111969614
0.22684978607375794 0.37569938211496323
0.20060895125401729 0.53308462336958806
0.49332177859828164 0.50597255488027582
0.71519050440512999 0.12495295209566659
0.26149407716157469 0.59646648930325241
0.71120432215215612 0.19855645841789032
0.84248614196184834 0.40086897095607721
0.32045336311337425 0.30072221812812616
0.58243481960398746 0.38235490522234411
0.28073714301687835 0.39781865011320600
0.79764311228825746 0.47517874984511566
0.65003050886512170 0.33161824267117268
0.82222571115581822 0.34179259458822620
0.51722499569536495 0.44974073864030040
0.62778567045726152 0.54887114771901924
0.27667978959003714 0.40020542352162347
0.62562132666335801 0.42886856787635647
0.39517265319447226 0.77109195287463150
0.53372283778649232 0.83490014301268023
0.71790742936088781 0.26854063534861661
0.18639632129925404 0.48346586590879370
0.31164628651715121 0.52381323762308618
0.71849991611679631 0.35922364289040343
0.53100765582843157 0.81876038571077947
0.43894205541214576 0.70821919030240310
0.71732662060324692 0.31314711316774596
0.24293654179637172 0.40660236501396974
0.39470712761536647 0.22977872499600407
0.51888517778800791 0.21730576735064336
0.51765474832867098 0.69101646985289200
0.81716155660281964 0.47888391451517753
0.62954237486505038 0.37297565349500666
0.59634766799193728 0.68443288011021841
0.78298833187502803 0.20494986603041304
0.63964370242315105 0.47182216621802980
0.69490908747057090 0.45580239623785745
0.48326699618613289 0.42063048976465384
0.62312425904372670 0.15860414658588562
0.48117566496474418 0.76933809612434079
0.55804646638699928 0.42145542866702429
0.62422054582448183 0.35049120959961111
0.29487779639171746 0.40533198412173821
0.16588019351231562 0.53586482163563565
0.57784761424580078 0.70323475650825895
0.70196682213394468 0.16559472059949698
0.30399544147282620 0.65470858044730074
0.43252952727614424 0.18888552131335640
0.68116253541858485 0.23857974162440443
0.22134282956769682 0.64649524301143013
0.74794830867937689 0.60732043582434536
0.19821064428120116 0.71763212111788210
0.69835591232087924 0.57683410586214090
0.38488415900862877 0.79878730225261063
0.24041730881149639 0.58099668742442623
0.49556187645735539 0.47127392276683400
0.44638491546765202 0.41468574973937422
0.22454964175624775 0.51607007326401555
0.62705794773358259 0.53771644766069138
0.50118400835966292 0.69993822591205390
0.30689486914505260 0.31664113558989115
0.77446244617006021 0.51388627877357773
0.49481985852355748 0.66240177266806755
0.70810935637889794 0.61126300459953498
0.57953893549305424 0.13158468426839490
0.26684942670343703 0.48927788945500411
0.56663488933468020 0.46662523689406848
0.40948370580601373 0.35930354225514205
0.30015917131497061 0.62199262700280000
0.25667967650644707 0.46115399199167972
0.32061654356469338 0.29698002670704582
0.52357599271385480 0.49816087484206961
0.37119448073402606 0.40102048626617726
0.43198748256224040 0.26560008379451311
0.64434108477600693 0.21734557646845298
0.63645458286977719 0.13550027738792297
0.56662733438128887 0.42685060251992490
0.81196048072491644 0.21906306081049032
0.74200919263987075 0.55365700781822991
0.69368123480967991 0.58905221583166889
0.74777039728213313 0.38075920816023545
0.24617401801937072 0.72139593850715289
0.65841035384994651 0.15590949890311265
0.60402573882167787 0.75877006602192776
0.36061522091401321 0.47737857516314525
0.28081049350456355 0.76963220988735093
0.39282611306956500 0.42691153547897037
0.82263315930238612 0.29228050966500607
0.73329034596674314 0.25931125716708414
0.72655639639191094 0.63901722990600729
0.31096111528300330 0.61820624980183159
0.26991198749304701 0.32639389210963238
0.83069519229460020 0.45007642732282355
0.37221625368858163 0.23232257433711767
0.61297287980316717 0.43183096910307422
0.33966842767256200 0.85351974836805289
0.56867147811726704 0.30639181376181956
0.28359006878068566 0.56119771505256522
0.66021189890080656 0.12627223652619157
0.39285087873195623 0.57740365612544098
0.28643937286272381 0.64450633892375175
0.43820966980661941 0.64789298021648067
0.50114236021156366 0.70575593329552500
0.67808932241410114 0.58678247948096796
0.69772758943772395 0.39674705291131107
0.31858645692086407 0.70723628240441416
0.78367750204124142 0.26189978455153118
0.45268288769121062 0.81327757267931444
0.46183877951754537 0.63585229396518961
0.24205231597852189 0.78211784398352791
0.49906623164981045 0.81352625662006428
0.60695193122697322 0.53106869205000606
0.25229476506325721 0.67113948648066313
0.22706643169248000 0.54695384173061812
0.17746971105358911 0.67273377841783166
0.68923985218689987 0.51120349703560597
0.24358711344798614 0.57673725384004693
0.26604930217140199 0.59345779003246235
0.44230474030167205 0.18530585356709112
0.20562860748027578 0.54240499801366182
0.55701261549639935 0.27632959601438167
0.21575380888303711 0.54949996429177572
0.42492622043508199 0.31646534494564815
0.46823005018459685 0.84672353325215177
0.76930297398587122 0.30183637837838401
0.48906967102029708 0.29727385631309111
0.38951185091834950 0.72335662345909735
0.56680158262387814 0.53605883163950718
0.53837211276464259 0.17681511305263442
0.76432378455666039 0.36038769897207895
0.66869655176308340 0.67691789467901131
0.35745537141027228 0.29141143398099045
0.31309187744103684 0.30292522612986938
0.60829088797548381 0.55650030403109974
0.22329080702815635 0.48900699961947397
0.45361004709601771 0.28411089435250969
0.35935094402683948 0.36547969853798007
0.75688089621838472 0.56607856684530833
0.40660676690953912 0.68452069214927524
0.50257081338867216 0.23101016473507058
0.77878923372250963 0.26253827783095313
0.55831929626643095 0.80850632147577850
0.31293081780841880 0.82432761676499844
0.43516797711777283 0.57344475660789906
0.42227206552030166 0.44156413827733654
0.59850668265848128 0.33705463290345439
0.71704406709798163 0.67541059388677405
0.64013961981511003 0.16200085113749038
0.61363795401360655 0.49480616020082169
0.80276445278379782 0.44121460059484152
0.38902772602523578 0.76186069153954439
0.45827563069767019 0.82860031721275496
0.54188548762425603 0.37727030176862242
0.40053225832197042 0.24740544508623574
0.39535910968993448 0.54417132952366098
0.42542577840388729 0.75836269151488689
0.55907381371432630 0.20967247798256686
0.31573814198960515 0.72385546987703941
0.63456143600375525 0.69518067004706163
0.63666424552480949 0.53247870328401470
0.40233172103647874 0.88435135351444516
0.84930476403727495 0.42317030500730257
0.65178147760123428 0.53254157723574813
0.33095124769185125 0.30379379251757621
0.70014508287442778 0.50922201336734851
0.61287978815054134 0.55257297149601303
0.60825980207036567 0.49373302673409847
0.49944364459920243 0.82662399334505365
0.81247534928566267 0.23649289457486702
0.79471027895615898 0.41489516387551478
0.65295522305266906 0.18840548622600142
0.83293367943594676 0.36934547572714577
0.50917549577648913 0.39430780250974251
0.48628179230441781 0.57498232144199812
0.70659220170791071 0.15265368150822345
0.54707645571881869 0.73689417716090921
0.61244206235894505 0.14859434167522817
0.21594650957062267 0.81381694042940977
0.39503056225558197 0.29634331406960263
0.49772950982233533 0.83074357362587881
0.26217762442664982 0.33606598926588416
0.78761733171962689 0.44043973824901733
0.31247438077307238 0.64758782917054158
0.52164699445408880 0.14939488202654017
0.44872315688695785 0.38647672078360357
0.25593903211158486 0.80766162929996899
0.57796069649699966 0.82227520552373612
0.30855427590759743 0.83709481040990208
0.50295906079789954 0.23632760937335945
0.37046001906646403 0.79366763149928421
0.77951683621239498 0.28256621365778534
0.20903879886629007 0.46118491388906768
0.28599694732183301 0.46207395745534363
0.56728743355666444 0.72334755948002960
0.41645100723693318 0.81106559634950504
0.29813993690309532 0.81696192669242740
0.39956588521906977 0.43585281171901796
0.40998862429045480 0.34430339903666174
0.52186738033289837 0.41399229752577682
0.23574014427831325 0.42599140506170513
0.74663962062375966 0.45988220963524690
0.26600022955509511 0.31794228973894401
0.21875934435747807 0.65359425751128186
0.41478496756256444 0.38267673927089618
0.56274262515991247 0.75814667524979962
0.56390571559459390 0.42139488850443041
0.31086273898504058 0.62950069148633503
0.23576889305564075 0.55535992246071098
0.41608695412989072 0.65570845518080012
0.58543755574784195 0.18087388790562667
0.46203167968375281 0.16723408119156494
0.66797400158136533 0.72192819217170101
0.28472928207915710 0.40030940038080687
0.74863190888690978 0.15572181572040211
0.26349555352670495 0.47959939511565924
0.54553732283397360 0.79964680038996838
0.66486413792644017 0.61858400352281606
0.32417489790589221 0.27860701846749392
0.47862551994771185 0.47786627034305790
0.17425149364817655 0.68149239065208544
0.25313778318449531 0.34644285487441701
0.50779891892258577 0.43666206328812462
0.39055420329057544 0.21949548848069961
0.54229630734067324 0.15118112554032020
0.72074435315678054 0.32321858349171040
0.47042404954389772 0.20070538665916166
0.19676644158008350 0.76474438376446108
0.79166260756064555 0.36476511405757284
0.74709320379199362 0.19721162548826257
0.66176178968505261 0.75438718837693997
0.53879865743388722 0.47720491519607044
0.76361971758028446 0.22780276165414495
0.70761310746285622 0.19489730670417388
0.44898932226445681 0.24136369666927907
0.39151826649899657 0.30023197863115580
0.36160348100528317 0.63570239401469675
0.38835593954882414 0.36114025466386324
0.20953331728686647 0.76849131078429433
0.54829208243016681 0.29590674494071345
0.30264257884590695 0.44521325226764519
0.63136625143673797 0.73622595222866938
0.21139769066572489 0.65301755667330841
0.57064565825237112 0.57721373680112786
0.64065533418687948 0.31749403315521241
0.36855846302429340 0.28860293730018943
0.79981998877386262 0.19702760457495294
0.45583453790904804 0.27011050430438621
0.29445501771925420 0.72516547787656249
0.77627770123074558 0.25866245377188046
0.73502999257942947 0.57614723349494468
0.22656850054640010 0.53861990249977354
0.76590332249517834 0.33045986834623559
0.40255464791003576 0.30789628318639473
0.46762101345954277 0.39801684355031780
0.27290829599436384 0.83352920619433601
0.38046025026222829 0.70380781243813795
0.17967407325090690 0.61678725148455338
0.74238578758242824 0.32426892037908528
0.61506404137780124 0.72042030067722307
0.25879418891971373 0.37777734152215181
0.38322142918686408 0.85076705660119178
0.69942745282178242 0.25433688428138174
0.32128125936921381 0.36649976921714594
0.60552545394885859 0.74863971755621483
0.26252002891768955 0.39176096362106949
0.37892128644725243 0.23076009599415309
0.61276648669512679 0.41529932963654975
0.68678760781087800 0.40969825412771932
0.41078497164162320 0.78527713776389030
0.55478704606245333 0.60035669028306571
0.48357429432506449 0.66275213397497734
0.52664950245653974 0.32879129975875299
0.69857375298825231 0.56550731625505835
0.80224918593899530 0.44790216192912663
0.52674528913806884 0.74509461182102765
0.37188939808688148 0.27211055891769409
0.33487881581557255 0.47619525084273451
0.55732313650594534 0.81314238373888970
0.65983119646967370 0.24744615123148764
0.52583390726767332 0.80127310187877765
0.60926500335197376 0.15045482480049466
0.81312157106073557 0.51673762010056024
0.77289564811950950 0.35454156017882876
0.58757342686544234 0.58688535448097445
0.75348999222519231 0.56853447247579736
0.66079565622854819 0.16537152212909442
0.30849585653877498 0.32430242006195442
0.21260845821202368 0.55125986335361288
0.59539591392209013 0.14543147813469187
0.51208458233889809 0.73132300238247672
0.76529827482931223 0.50767539448307997
0.73562615608699045 0.51055548622489499
0.40900424606279162 0.42497895075106196
0.19137956138402434 0.57308608127149840
0.75662082486847670 0.46810369619208181
0.41132040606074305 0.70357000843673978
0.75277017309108674 0.32040038384519420
0.60130129327303283 0.17693325223106027
0.46145968498378576 0.24898835505969436
0.57895351514295545 0.27467194252493266
0.58660167981573375 0.75575647396372903
0.62121584046751788 0.65823553541451252
0.39286462204141231 0.31620833255122266
0.78925654170360215 0.49074123468676611
0.49167936772359355 0.53704777205680787
0.74099126822935013 0.15972807143038675
0.21657543436702847 0.43310786941808421
0.57846243043634671 0.32889325259583246
0.21120692864217300 0.75474143750019684
0.17692003477476048 0.66777689685662500
0.30493261847622155 0.29412527177459363
0.54669505093591175 0.50064158819936122
0.58721337520826900 0.45662542093318509
0.40577078452282561 0.28453252694632863
0.53889479020648556 0.65999068689671558
0.43760335301926695 0.53523308983556728
0.27365947816766234 0.67123660555344433
0.37847735469344645 0.24749351342932385
0.63192936597744032 0.68633173555034088
0.42305529809954068 0.67842372493487801
0.46323552236316068 0.84670764625387795
0.36751073666603129 0.62916905103092335
0.78141323728568124 0.53306392071978381
0.20123699162480893 0.70694783716427945
0.51258482864433663 0.49538206910070054
0.77740686794803893 0.23429101374497110
0.32895570348405662 0.84558096824379314
0.23344848545289834 0.81179858654841763
0.66923383239741541 0.38176224077588389
0.52567410975444773 0.17859821016888669
0.44564237518426625 0.61437179619887428
0.66962612648169317 0.26722901963549839
0.36715753543131019 0.28398761417413854
0.52694279850968717 0.23922626766755234
0.18884435456997967 0.44082349868976356
0.40504964605075999 0.66855753641350868
0.55905907270832977 0.66325750228209079
0.31646522623341028 0.63068411240872235
0.58754576208449294 0.14493880790431113
0.47897700407794497 0.52599265953343255
0.62646229106341444 0.39136557617176854
0.65188889221088842 0.74829381602498235
0.48582416440384291 0.56597847096992115
0.66233514536275107 0.43702182142206880
0.71111878522143779 0.20822638257663731
0.72503983587242393 0.68008869931085913
0.23855355474651879 0.72548895414790904
0.71578583879620150 0.17071238714317430
0.73298361566904113 0.16658384518386710
0.62761026490473037 0.11235935049023324
0.66273111244935790 0.50821341175540669
0.22315842028888044 0.56705996563434302
0.75839348928386241 0.53955758414630850
0.44699707270873384 0.75949697958367923
0.38737410835438735 0.39864161395159120
0.84264779529847988 0.34834043510056234
0.65760121897012780 0.63641420921154745
0.41693348955780274 0.54625299509512271
0.82458827022626002 0.49455537231283697
0.38214543130180362 0.31760769232061825
0.41051067997289331 0.79927730400686614
0.82882066902945140 0.38413277928178952
0.57296784891590957 0.68218571988982202
0.54677469665111456 0.19709252275862635
0.41570939006461083 0.46480153869228596
0.32747546758612689 0.61851101848312240
0.43664292312935016 0.29535981963520508
0.56035265543106949 0.42655535806459122
0.78962215927988233 0.45319413686438620
0.72073640199664912 0.67803558841575984
0.67708278712944836 0.68646749786956107
0.59593512210782396 0.18402798681551491
0.46908638762840438 0.64466182957726814
0.64611400182729484 0.41333152056850775
0.18212283505556476 0.49098076415082070
0.39245804318296951 0.58536244110081226
0.62334303279543990 0.59082132910181384
0.82323267627101493 0.39672088801213140
0.60224418113703493 0.81749138115587183
0.30193953840121512 0.30179203733479254
0.31342594608912400 0.44167327690043412
0.31588655324390491 0.30871764176206740
0.78482773266488615 0.61481437236689074
0.74019338641324950 0.59359507564653646
0.59085409787289378 0.62840474212816977
0.48119866865533967 0.81477888966098011
0.33267511421666107 0.51241019076625904
0.29009702644105329 0.44182277090701089
0.63370804584218232 0.75519620524910869
0.70878852000777237 0.32212958149317750
0.34661353010434853 0.82295349309622523
0.23812907036978531 0.45082242678906836
0.64135197058938975 0.78216584051690852
0.76619664065262250 0.52904442361184623
0.47124765715915806 0.63918978889426703
0.34818645115638180 0.72398787137282472
0.20594578168824879 0.81090845375594944
0.71165773652504161 0.37286518452265172
0.53627275158375798 0.78631019526351653
0.61593417403168582 0.76521034883127481
0.42805424404080461 0.30705784436134170
0.56974522634063407 0.77387147178990823
0.60332532580876852 0.50154421580121278
0.64775003089963912 0.73529345673197155
0.67590128999771804 0.71898191562235747
0.50526972122812186 0.72199226857908783
0.78355464285295007 0.22292485710841395
0.46744524665151643 0.18378990215217020
0.31445627251671149 0.72949091484433004
0.42584214539410414 0.77975136038869064
0.23998060197739152 0.42511780139222044
0.38709253617760009 0.34888112728718884
0.27195895888175609 0.59607457541836317
0.48444824513370532 0.55564225424998881
0.21816676741273255 0.75026488947489400
0.33895277171129612 0.37215330054158691
0.73181948997780721 0.69558616558224484
0.23544653945275423 0.65072965996335863
0.21616090425228432 0.47080641127488032
0.58656862496234374 0.78620823144720797
0.43553255917369726 0.20443965328781669
0.32307689331684519 0.43918535231490902
0.34263024201613046 0.31426318052345975
0.62875026123131950 0.14944635537928191
0.18126082927096002 0.56141335132390202
0.58027669601476783 0.52707769557761985
0.42561123477915130 0.21405123087476086
0.60241081982432731 0.80114373227365887
0.33433888017692404 0.83669709664247671
0.74243243121583413 0.18910613779914304
0.50268091708665219 0.67778284685990675
0.74715763014971870 0.58726759044229371
0.15937717218846503 0.65237910728769322
0.30077445337863873 0.84555190026568117
0.48384592774635515 0.17554632655545233
0.77173956940445021 0.52887833569044229
0.80560497269515130 0.39641092615190432
0.33533961938102441 0.28149464895208021
0.30004045565329529 0.34934049699190428
0.24459189173552137 0.37951841522223889
0.26567465831036219 0.58794730947335472
0.60608320359165735 0.14376749798364785
0.39530767803392441 0.35206323800493428
0.61183883919432480 0.53446791436129126
0.47048791177996596 0.29569174159447598
0.79605393953165104 0.36771160579293904
0.17179833518680337 0.65442877709308844
0.50587966556419661 0.19782823525287230
0.80071545278925105 0.41525016142861759
0.63865966333419544 0.76586360866740499
0.79061496882537852 0.24779911890483824
0.64779965720477106 0.66798530542189893
0.27272579474468961 0.69605805369309004
0.64307434073926351 0.16491565376099818
0.27764395827908517 0.62138777405865098
0.51573920983489530 0.81153782938550023
0.66981995846497588 0.70060889908212021
0.46594698302862125 0.17844514032054254
0.67651303037463306 0.40331644615453316
0.52600869822306628 0.25796683935815251
0.53795128085840105 0.56425975639598613
0.62158813502444343 0.19314727792406194
0.39254311212817838 0.22661890294151288
0.52108865218176781 0.64056117463327400
0.20511150103964831 0.45956252086502963
0.40597537435697234 0.23208808378426138
0.28808347149998587 0.85174071211860591
0.40082805908612562 0.82512613906030707
0.51957432557193928 0.48500774935169644
0.62989598304478467 0.14546018265217400
0.77879907560058292 0.61117141224715033
0.27266959801064283 0.56193915124002980
0.49566778717428939 0.77132667842440461
0.56279157044200301 0.17960946738530081
0.47256962444861955 0.19024849112312864
0.67243273707178819 0.52726903231883160
0.24267908045790235 0.55904466831810640
0.65577891846109915 0.62613386136830240
0.40451632974241486 0.45837212001771810
0.61354492341491307 0.25352367094299538
0.44278830774938444 0.53162107018192084
0.66811437083469016 0.55026634463979573
0.55492327577035894 0.71209390030133957
0.35823118742262072 0.85017580691815087
0.18164454890725371 0.60122033883310899
0.43196560520945321 0.20558205861443671
0.64758406513015498 0.13040563947736813
0.33345947321481662 0.76669479813552388
0.51283352562395235 0.82004085082194778
0.79380663809871976 0.58752117274879412
0.43955141590616187 0.62073121799806841
0.27979862817973605 0.65407870689944481
0.31331839109608739 0.38309829942922513
0.30516832891872547 0.79896137117959709
0.78151721340754943 0.38209651390323113
0.81109243299318146 0.34183790183489160
0.52188068228791074 0.82138007452421435
0.62216044727620168 0.52837777812507969
0.48733816603142832 0.50635754143573986
0.30877568927796017 0.27470789557409558
0.57886353595665685 0.58968082913837616
0.58154118672398503 0.40348901473984428
0.21148760432646041 0.57129247870730460
0.63566716322968864 0.49981987625100160
0.26647994560183941 0.67645539239274766
0.64907226833740883 0.15280540697633727
0.64717880871503886 0.75806539168836562
0.60720277773995268 0.60322415365469051
0.82563198038173191 0.42286205693165907
0.80723849145359283 0.49307002714972803
0.73846784787698394 0.64146109094418513
0.75235263410099917 0.62937135312243764
0.71395648939246570 0.19504478146188378
0.55051167953666791 0.62331726840588852
0.23968262509387098 0.77511189492300780
0.81652573711757681 0.38625925797931476
0.26106467416539769 0.45772649425641132
0.47761252008449084 0.43560024157496324
0.47944649052711724 0.57583457465486143
0.73538603463711061 0.39799012335110856
0.26852675782618940 0.60432117435267185
0.72707003687356275 0.64783150826036784
0.31521764822594883 0.38816652528803797
0.70120823767887863 0.67225015151306577
0.39384805980167814 0.37544870403483299
0.55026410911946877 0.47602481522103168
0.26228968890048832 0.54507007824236586
0.44105047654778989 0.44940486905127963
0.19280041637272008 0.51695351732766959
0.28526467310804937 0.43260263251364944
0.53518880233561372 0.66367678276063247
0.26685955563172964 0.56443568025382962
0.75246099991048665 0.20849795017086598
0.35006743705248505 0.59976933373464680
0.45162575764852991 0.61415977962234469
0.39217587148275845 0.31100594926438019
0.39583462678851689 0.23755521920987133
0.40614082419430653 0.19351379671829150
0.26028595611465910 0.67761860235929083
0.36675973044392851 0.21450986610295231
0.51838809030003052 0.18336389109748003
0.46244724433434264 0.61960516096201013
0.61933008847235360 0.13318508187756251
0.39840259776786735 0.69184748960610665
0.68070440820483280 0.74231858802846840
0.33679314620971051 0.34629368911631508
0.25319007821176981 0.69539355634642430
0.26904014800755227 0.61018274166178887
0.35499186071055022 0.83855311202033844
0.63342463026878382 0.36175517966642007
0.64343995578495583 0.22251949114425718
0.29959021765652311 0.33827778048752166
0.42916084762833984 0.66246352235249917
0.21194651482117757 0.73003435939703210
0.66941708964204438 0.50880990452867569
0.20404553639934489 0.43128721672669557
0.73184889740852477 0.47496112863468071
0.48979372382115699 0.81357798584424590
0.38333787669581387 0.47794828918723098
0.62326578371579600 0.62973331209960870
0.24153444866399820 0.51679848086235536
0.34593168455443024 0.48023834229966617
0.28660777969937939 0.52692629239834610
0.38283782900158930 0.34521593724931499
0.42776285420405036 0.46748486834770131
0.76725053190827552 0.34643371844485854
0.40846274443274988 0.22631114779349248
0.18998883849907247 0.51026855864717680
0.75506698668511762 0.35618336942979822
0.66413948805756617 0.43178380487853946
0.43417796295288658 0.24747419914292604
0.40450120189276723 0.33027194526292869
0.25171533368256671 0.37492984453852174
0.70391346404315369 0.35330638081045218
0.33234675836590671 0.62186476238195865
0.77380814117955143 0.60139316483777983
0.32417135165015581 0.53947539589328142
0.24083326380566611 0.69876263395311766
0.49436893603938731 0.55052332974961005
0.38886941342424453 0.34316269597955462
0.30422095935892479 0.85538251098134777
0.55347347499599175 0.16376053104775457
0.24518450613792148 0.65996466236655549
0.22065665392427519 0.48622642587628739
0.55623590667702927 0.17442507950023062
0.51030552044156141 0.74689179687221152
0.17823911772703710 0.67828263093110497
0.46019587912475945 0.38293997271161506
0.55851073361459447 0.72136885730456968
0.48159465746204100 0.82336491867960504
0.52036795645245559 0.43750779595213729
0.69363518314216899 0.57408306928952624
0.58202657293072924 0.43493201206380061
0.35721313692452200 0.49257442240886984
0.28548900042212250 0.48349709991485923
0.70138356726750528 0.50398688777470735
0.37782468796710444 0.60551986851085715
0.48196853544863727 0.18626582938415309
0.67224626560586975 0.68543173424184700
0.73054234769587412 0.64129561977035876
0.49293993729514229 0.36341679189162512
0.75283217676295289 0.25478159870938455
0.33892786752589499 0.25921831764695580
0.22350251289981615 0.53546477085299438
0.38025108951115022 0.83452637082811265
0.39099663995386252 0.21104401172044421
0.47158536649285954 0.26899294537126228
0.76394433166100617 0.35435726011346774
0.51469851869819561 0.83964155362080439
0.27104037585036689 0.75370332031064313
0.72780887746799339 0.29030897429456315
0.72517281555089252 0.65627669542850142
0.59464992741720701 0.77756493383299707
0.54670633075141917 0.63911915718804047
0.21164267296375527 0.62821480174610889
0.60237025145658851 0.71341766141388219
0.23754638615355295 0.60026237427469087
0.58992422177421155 0.71946615015798132
0.66746261544839069 0.22929513692745609
0.48585091702017058 0.77745001567331529
0.60811159125036718 0.65762683880921480
0.48236459489796890 0.24353726120571562
0.30879379426883746 0.33153109058849167
0.69875029684798573 0.51456783497102410
0.50734591128686102 0.20219897525177649
0.28792395868373927 0.56506823276553908
0.28372831425032746 0.69919466763257665
0.37996106746692548 0.78977146762360340
0.73352487493794716 0.55707056568487046
0.68017139154097672 0.68325919004280888
0.61729609785543893 0.54867138620710276
0.69588476279993128 0.50500357025046716
0.76357181208667524 0.56007006857416997
0.19981833378407768 0.80332674852643626
0.53119743797604169 0.31550820661966683
0.46754130954430018 0.65092652250523786
0.77956373069625029 0.55973403995665738
0.48406275712976321 0.18293950890697155
0.40650900544363378 0.54548824030416787
0.30854705686484862 0.48854067481186242
0.22598548924743567 0.44026476041431134
0.24222753222250681 0.71733827762490876
0.22224660828569534 0.68166054450900537
0.75175112272211564 0.46768359913946417
0.37944553185537100 0.25564631667316318
0.32126875877918248 0.25630977137124461
0.51274305053022162 0.54611857383907247
0.27971816682727524 0.80806945745393455
0.82304554392732054 0.45660765867822783
0.33895069682759577 0.25469527137829751
0.70927194824790141 0.71421256615992368
0.54163621057187783 0.61020467631831987
0.28489891276487977 0.76614019806048672
0.50883991176137089 0.55072841041076193
0.43555534693405679 0.71453097177410285
0.57811919017112068 0.39861688148210855
0.57781718604567978 0.11697137170352517
0.61956354418112003 0.22077033446432928
0.31537132748518537 0.66921000761706095
0.19653914958155008 0.57861597273493792
0.75464783763985077 0.50797083610135640
0.56469715577770385 0.26619581171059170
0.70412002490703496 0.72732873001286724
0.41894938911062707 0.60858017431966704
0.29396053885157847 0.84088942398240540
0.78060153148651690 0.49926690073741048
0.19388298005773319 0.64477474039586646
0.57051167900970290 0.19360864803419711
0.42968111502631967 0.83516068855851078
0.39082196620911774 0.21525517587087553
0.72921365493020496 0.30778566829707210
0.64338838135296761 0.46644672700237494
0.38493861609662267 0.76509900567318401
0.35403519592966004 0.34150943395035466
0.63120514649052373 0.39546656732823565
0.35572002712286632 0.77332024865331939
0.54921184155250713 0.22848321372719521
0.74381997752644580 0.20518459544710821
0.57285250932106413 0.58914937932954858
0.62190446746601180 0.16639844205409982
0.47681336116320305 0.86246201244789333
0.80276119061277429 0.24477603353036040
0.42364028865965558 0.66471423116126727
0.28884925851385124 0.35291734345985548
0.82367175091627365 0.34697514184482020
0.62492993331286406 0.18280282661840269
0.71641695127789173 0.19135252390302585
0.25480816822592112 0.40386688471764420
0.31839526143058189 0.54268104023374497
0.33202360954806165 0.33872025687600399
0.76978619231872047 0.23434447868127262
0.41784781424626971 0.39404826396143489
0.27632692662753483 0.52709187717704076
0.80116429547576873 0.51196282577434649
0.81088006202736662 0.50391650298092816
0.37936383839904880 0.74103810059614905
0.64686158484284673 0.16383581354341795
0.71458457151897659 0.39429921762220560
0.34882476247764604 0.79227532276903645
0.32512189407800540 0.39322934094655770
0.19098531372126540 0.77228161815040530
0.26073898760956515 0.32616486552826951
0.75008983155339970 0.44515269538533975
0.51900811990840379 0.76811833304537958
0.33044593608944428 0.82661093157340138
0.48940495838134945 0.44965802159536172
0.52496141328218793 0.51577252002874685
0.60865264723661816 0.70099568133954837
0.36058986256370174 0.77057784361607995
0.30518726429029730 0.77554730092288360
0.53256978143309941 0.73735638879742926
0.51204407638973415 0.55599185462802680
0.45624621810604815 0.35312269091427712
0.46857848720624740 0.18992495592078407
0.56962139476106788 0.45337176756631786
0.68062758846725402 0.17546172020168804
0.33700538554334625 0.61120389373440764
0.33073557864745518 0.75078244570846286
0.62703844177704382 0.73115850007241479
0.45825979157700086 0.18393928136019916
0.82831926720812699 0.27010951904273878
0.42456004911530076 0.73353666074711810
0.64431907783057474 0.59113517692877882
0.30398112230439200 0.57198803216917526
0.46850446251668965 0.68525280507439279
0.22258567332832094 0.52420457524148978
0.24038776984606197 0.62007413372798648
0.47332919064763651 0.30779800619825487
0.62025991856861018 0.24771342703366028
0.71468712358945474 0.48132358395971697
0.22914165466097217 0.55108351578372483
0.48476967933800996 0.32659971945947769
0.79077576471671274 0.43476896742627741
0.40001628219123586 0.34085880105881561
0.19927031475923890 0.69049908132469684
0.36759925011254568 0.35936051587493245
0.83771646515743448 0.35311896373538110
0.72221286263848117 0.22477172709140292
0.39534189417702448 0.68144204989539348
0.67106554237212190 0.62998488730877655
0.47675671145709525 0.81499236031155653
0.74562529706632308 0.51930832597259169
0.64353494697216496 0.58556215201295037
0.41445432771949497 0.71606979242969770
0.23008484068908699 0.74105910940076192
0.42097297893003904 0.29297437108198165
0.67808131000215988 0.18428459441527970
0.58223083723862745 0.67149002118091738
0.67499500781755928 0.45567819202803866
0.44831874211424549 0.19096647861701568
0.67360196147686602 0.49919053155397752
0.18725844248793888 0.61189647569971428
0.55547358026179261 0.25905790534217904
0.60693154703878305 0.30152458273480309
0.25189627864315373 0.55581088949415136
0.37785191140118324 0.58745199901257994
0.31658940713263839 0.35184327700800494
0.39309354860586454 0.63615611385696424
0.83794362456151505 0.40485805450658813
0.21941109995839830 0.57960199946546154
0.66705311927025657 0.73716627572527016
0.69844590769328385 0.59732100933166166
0.47612160100184209 0.69393200325261850
0.69360460558818904 0.15501126171964505
0.45058229158119611 0.73267142684561315
0.60426116925211648 0.45707560924382529
0.59086922176724188 0.63368200317471790
0.42165844323369389 0.65376025384142633
0.39323040686030675 0.46471155398196579
0.24056691764999186 0.79571156429608547
0.22543186058002207 0.46523865086194471
0.34066307946848934 0.73195506493899098
0.58900098243851595 0.32603085797331011
0.21950718334371577 0.45929302221320623
0.79766433396180014 0.45542757498714836
0.32695444279768726 0.43484660263962382
0.65833884075207316 0.46385863921939491
0.73549986685782964 0.52956500889637048
0.62288906559268109 0.20174795316500221
0.60091100627193228 0.18401887330497102
0.40243056654503362 0.30273508143663491
0.28634243607692667 0.53799720680865881
0.46096632208133337 0.43571711045247608
0.52561665064421104 0.20968782905280176
0.73293132366404834 0.45192898640211410
0.26894588522789498 0.78625394726239328
0.67375406930451531 0.28473217468711359
0.28218179462709725 0.32569244325094993
0.47895421753191336 0.83191962958859822
0.28268693201377920 0.82431907048090425
0.58912733142110785 0.47896926555592040
0.59244474226226385 0.55657132957997291
0.72885794769290269 0.34004813465585687
0.31927446424036843 0.84526802998503481
0.57719578007610450 0.15543439103722648
0.82453635594550223 0.23641037441164131
0.76012327606000496 0.56250685024291491
0.32733317883091284 0.75768259059344656
0.56474628287669892 0.79101780236351527
0.61543981661325708 0.79824111007751575
0.46295953833546793 0.17582327293380290
0.70746549754382793 0.63072576088379662
0.38064414939531788 0.26404866888518030
0.25196215942942335 0.40150680390474319
0.32211917163986054 0.71575663299468817
0.73395737527633342 0.18186061640990142
0.67721467128997048 0.12755813642992117
0.48948739330345653 0.66306870806425744
0.23245035097724043 0.57736992703402912
0.75170787569501685 0.42198395523933063
0.51222760403235035 0.38113879259956540
0.44136770156145599 0.31677378284852781
0.59207667399871444 0.69026778269870059
0.37129892179885882 0.41316352665221212
0.70900542360992180 0.46116489844106201
0.82533472398232066 0.25629825610461959
0.68952393303914539 0.59680060704152882
0.31463435253672217 0.69490275419408276
0.37953612696442296 0.48714985974341707
0.19121344511835181 0.47054312547375093
0.24194702019298733 0.48317466092204092
0.31666012948829564 0.34685636284100108
0.63371978629731274 0.14402646847638456
0.36237069110930098 0.68753441690846029
0.61203570316931699 0.25918581320466516
0.39230428837829379 0.23545750680837124
0.54203409673961100 0.77464780006144562
0.42852840031727785 0.68206306345874135
0.69617546265877217 0.45060970946830065
0.63228487692908886 0.48717185913354771
0.39662270310299724 0.36179553587366359
0.20967153258150623 0.44781324138865758
0.40544609096386136 0.53400355399507327
0.65938776295229218 0.17315049843359823
0.69495331042925357 0.70736776020992687
0.78294300615641976 0.57232790940967382
0.81887844296425361 0.25241282293555278
0.64326587704742166 0.26802261533281246
0.62725485856663388 0.14266044041423714
0.70795074770549915 0.13283130943024457
0.67077057735462486 0.37659979881697658
0.78781213837473163 0.52273912910664144
0.63682029065487700 0.65827267498754549
0.77803679239412316 0.35847940748180229
0.39798365915586575 0.34636556028619359
0.36967917384205573 0.33434940744565433
0.35326572846847132 0.61102334536448555
0.60299598263975007 0.55519446065648037
0.44141731121092553 0.66471720983902682
0.53462496541015758 0.60897360342434614
0.21488588039916567 0.65154392989745002
0.78897562392221188 0.22888707978934808
0.75711369013152741 0.51209750224141948
0.37922832516537097 0.23565849113971793
0.36780617556822232 0.61528994204023757
0.29846603397250027 0.27102761256627039
0.44881150090072397 0.47342449947077958
0.64572809599444958 0.23922578912009032
0.39010018080394016 0.26113638519075738
0.32332615219360550 0.30867306808491091
0.35053253323363337 0.84012345811352951
0.56531296224876770 0.62516334569297483
0.25272962330530857 0.46828727176287166
0.58788845327876904 0.43611929938051630
0.74027648475113916 0.40427291298975321
0.24648673356457840 0.48910449745327728
0.76738191753152551 0.55368694168406485
0.61809039330557836 0.59013028954366420
0.70052546268604887 0.24339310147898077
0.54958256305788811 0.57946782206087288
0.29997133578265633 0.78119705939507444
0.38795115435540672 0.87595322589650038
0.68820938547049249 0.58194739676343255
0.32109915751486873 0.60933991831467571
0.77903943166831491 0.41181956667173775
0.61087431833702355 0.16302656108756361
0.66248166360409932 0.66984235837753614
0.43818552437338776 0.48563230963613480
0.30005321472976632 0.34547421774458131
0.64716346094284538 0.63241357238097207
0.73155804163933080 0.18504260960890120
0.41096384470493652 0.24263055062180261
0.33889848696865665 0.80270937544752086
0.27981874567532172 0.40856178478933491
0.62785896486230630 0.17903646194707235
0.19943848351413723 0.59024737729914178
0.36024959296401637 0.87046442977204852
0.52581451971134463 0.84446578087501001
0.53218769136956812 0.82860721560128514
0.57049055005393745 0.53137830701581346
0.50939097066613703 0.65620445074165878
0.72247371146819150 0.52416206782182584
0.25842395376455107 0.50013821000256065
0.73445807930263829 0.63996664658566316
0.39718115849251934 0.19900251248912804
0.61792207542783129 0.13815360268486965
0.73609532878207262 0.20036088998437529
0.37303996165755804 0.61807597026715921
0.61625899683918384 0.11214982337483448
0.40263656941399556 0.40613729324112668
0.22185345232260181 0.54360455197211333
0.83882426293051870 0.47463483992933198
0.70295726018957883 0.30115868407881269
0.31951687367152198 0.56950336061926210
0.51532921869341286 0.72014856076730704
0.19243750889314906 0.71349984142057044
0.76122096922694349 0.42607770816618207
0.17776667056611434 0.69270833531044329
0.43413303419049165 0.22400665131932473
0.64773365809008221 0.17427990336866217
0.78714612913014359 0.21038852036631653
0.53658829347730985 0.75044066410381882
0.45410657175734603 0.53917705450357634
0.51550092057961616 0.71481788678608793
0.21864999654720318 0.68013452834734278
0.32688045634519286 0.76705791461388406
0.52362050500395096 0.62119077812711232
0.46597809846290861 0.28434861557220081
0.35450818592262823 0.39021801871813439
0.80498122857045251 0.49666064698017137
0.55271065593940383 0.16827758972657914
0.60118802958366235 0.35270281473660964
0.79425351040011716 0.43163404451781417
0.84516663913430556 0.42984837952369193
0.66613764402696307 0.70928056448199828
0.18694412032648158 0.72577245921132838
0.71427351069526734 0.16309337861885428
0.35814166484423771 0.28587784545901673
0.56136786705518937 0.66828529257910607
0.59089758756748911 0.78571426463008243
0.26886074270616611 0.76269010614874366
0.22713041414767338 0.63898447231764366
0.64863276880629739 0.64819072153744550
0.43997748870464420 0.46068819485698864
0.64019060987704512 0.77201372017190240
0.45005797425339367 0.23152200068599893
0.57079974843264525 0.25137111247423322
0.19288525450173011 0.55930517686851888
0.57812188666368347 0.76432966894101650
0.64294682189745445 0.30631420476534221
0.75709074884273042 0.23467808079552990
0.53288930425922687 0.69118842302689565
0.54814449661960951 0.36417388982397758
0.68502571201039220 0.72215386225668210
0.64895928294881089 0.18540462099484403
0.39894216708981906 0.33024335792817594
0.36695457180294905 0.26166604995155085
0.29187110387369813 0.63146888653840083
0.55291291026517797 0.28044407932445009
0.74620995954904235 0.55673545529290980
0.27387616492921285 0.70119733435990783
0.55181386880914174 0.29110875134758496
0.38949766058427604 0.24895943202415605
0.46686228360624948 0.19398289609887343
0.21532034963313909 0.57995708708331406
0.81795973983842041 0.26830062582329384
0.44811236380818148 0.64231275645704433
0.46639090897440250 0.59191881352206521
0.60068509900992373 0.30359936571737511
0.73188000649988949 0.33558357505728209
0.54420918469811275 0.79136868629176560
0.25615033851187552 0.72149471390409137
0.39781942234258716 0.31321622111315367
0.28872790132401660 0.61068527959080876
0.34919572361543949 0.75440653969142413
0.34092450414784492 0.77966124403822934
0.41524342571053585 0.24356121578307161
0.78768855092922019 0.45780233230513245
0.45404052237846126 0.50662496679258306
0.54731259524532461 0.31352001162692988
0.23827863853114631 0.69430003303249432
0.31777105417376422 0.59785318878816984
0.45575268931576818 0.71681273447336458
0.43298941549999570 0.22785713163271695
0.58718152465696360 0.26370428477875474
0.59642749477403467 0.77368676484458576
0.29960042020901145 0.72489383166158217
0.30246166610432279 0.38455384320256486
0.74026791840712225 0.19278084323251504
0.28539935148977852 0.65216376337032700
0.70678980267405533 0.66254172223169416
0.58477981932017564 0.23045615138754333
0.66066333917248810 0.71283875570851596
0.19836586085598862 0.61254980999691266
0.42501267405119059 0.50380376421547557
0.51105979825853809 0.50758592966997806
0.45800007394161291 0.24493675538614107
0.59442569587244720 0.23072070970117947
0.69307985477422540 0.50042013059188151
0.72573098918195988 0.38131530858074147
0.66198076510522275 0.70909241242127874
0.47093266104108605 0.80648303819930867
0.19588699254232370 0.70139084121758422
0.73543834540843822 0.41802576650376838
0.83605780518595729 0.37778154424467086
0.69932095033330910 0.49317902078102988
0.62127076782179924 0.53533582634355681
0.50109394556941766 0.73836251780820439
0.19042647449282724 0.62747669056153721
0.57422288400958066 0.63718990544843568
0.60044469554527669 0.37521818063408274
0.65606027541322187 0.63148457240242561
0.31883978274461933 0.57552572494163101
0.34710402349495167 0.26704715612220514
0.33797489859405588 0.47172804588694778
0.33826134408343395 0.54768340142873828
0.73498582264032075 0.40328284158764249
0.67016876035682238 0.43050616156439242
0.23478783868327360 0.54113419081370806
0.28057237960470277 0.77559026809097298
0.41810587395967491 0.53911312377086729
0.35610237057128025 0.32467058580521557
0.62275867282211861 0.42015441233250567
0.40455764067042288 0.56533672128663293
0.65526346711845629 0.51589216773633362
0.77407258759449649 0.20588644592497335
0.16961484410566902 0.60510150959216324
0.33430561282671156 0.52117020393820068
0.73313745478177206 0.46337953527292608
0.81020530014140468 0.31330175266091481
0.30645393527365977 0.47569409614081948
0.70745578907507878 0.58312085074774012
0.41763609669276969 0.88254622155012341
0.19053713805789410 0.58327210082911485
0.49911411240761311 0.71704802130773848
0.62917348601086365 0.64387896060590422
0.46825423766360363 0.19748663612832157
0.45354121745358938 0.83962255499681948
0.40662560701767758 0.62742786983876431
0.42141236669556764 0.55013811014802072
0.24380928046607686 0.50760076946921007
0.52270167379061883 0.43046080880041504
0.26986242096984264 0.47167215223430159
0.32052239984465508 0.60339386303215958
0.74499011607997467 0.18075137188038715
0.59771330797127886 0.15490293278087858
0.78948029482082460 0.39363408351011242
0.71136440968864600 0.20332792461122923
0.42245370480261502 0.21224542657594042
0.65523183963232468 0.62052404669661820
0.72913087795690723 0.43059158097416261
0.65103425499004608 0.68648073078291150
0.52919414318290547 0.72439059711721410
0.40810494061187469 0.27723780211254706
0.44644984970304835 0.51272704080281672
0.81766672923406469 0.52438042845260435
0.61814767497394030 0.56125402172873717
0.71067713109141617 0.15019279915715969
0.76334941590025940 0.55573626442904922
0.28516213029912307 0.43909259678163620
0.62472600770274278 0.21692925525162543
0.20044752545604674 0.44138712798420188
0.28348969710692701 0.83266012972378622
0.33666870497246648 0.49479490814091975
0.42974800177461658 0.42333316051615755
0.59530611630542563 0.70910457661561221
0.67621768281471317 0.18015673828581447
0.51932589229291926 0.75269872321415232
0.77443140449933057 0.51831805975938527
0.35727101899566144 0.22187930457056176
0.51948702507059363 0.67902035332833954
0.43491185586878239 0.64311578699616556
0.46021670619734195 0.81438708507894753
0.71422553307289860 0.51693164020506677
0.65965593909632925 0.64094831886604708
0.43169024631713371 0.19771607172203501
0.40339929717993628 0.65395659727586808
0.61614096712064503 0.47112963748055936
0.29244710988358291 0.76582582419002476
0.27024637639813803 0.65424071625005520
0.36535429503662870 0.80133349974742052
0.68257324144313547 0.30926694706643493
0.41452571070137961 0.75151934751902494
0.37003272465156556 0.65108865458594345
0.82965121407831000 0.36046336527064021
0.59040690800690865 0.52391647568450705
0.77190473900811685 0.22770224459860466
0.45951076134490620 0.54157148980234204
0.79777880594834871 0.41157822723870791
0.42205901780442978 0.21615118199063293
0.53097193388677111 0.70756555841164315
0.63485051474524890 0.65289182363488685
0.80094020279775857 0.29413165688199300
0.33785351527637492 0.45449655301252451
0.61835289287001927 0.38332987500315507
0.49777372826969191 0.50037447450194084
0.26324264220777760 0.56018624992461885
0.81020232549653415 0.44477221856204224
0.32766925166445260 0.80464904516673341
0.23502417489480459 0.75995149752350599
0.66155047761168118 0.65989737929581893
0.42509993144657376 0.36251902085048343
0.32029358785143153 0.29332041779731477
0.29167842063529675 0.68382615526279777
0.36778284412257867 0.22436497273734329
0.34363782063235604 0.69995660486083877
0.33875080125297014 0.43339603456228698
0.57632947493222786 0.14761834649168157
0.22625941404274075 0.77487544717131263
0.66346970559418361 0.74836825324267964
0.23065484300640784 0.46761946554812939
0.78235214323049285 0.23992368566446137
0.55201444728135696 0.79410716405513038
0.81370851358750285 0.41947346636847721
0.50511697317620419 0.18223958798395068
0.51907269782520915 0.79637520297381781
0.73272844431702011 0.45746522204218321
0.73042450689775429 0.39276849998206442
0.34236861998144225 0.72607532610613656
0.40416532041639930 0.71195589627643863
0.37601330021696500 0.46461096559923543
0.66757995956307870 0.14808704281872953
0.60928903237601761 0.64944120313639275
0.53944582460559476 0.79705494138479926
0.42337602204181790 0.45295971755343967
0.59645625272143565 0.80448151361625042
0.61966214897129679 0.16949049772430691
0.37877639147229403 0.68762408493539129
0.43852018858246433 0.81588594263419278
0.59725596474278309 0.76223967887896527
0.48034489274261399 0.32283127535556289
0.24938631996198748 0.39833626656528232
0.54544835376793421 0.61416340963308735
0.54933925654642479 0.14840839787693838
0.76351284794525709 0.57589237655722347
0.49315342623366032 0.73083611406955451
0.69133171125238102 0.69051968616670334
0.79645737399151717 0.55705387202373824
0.30705657183380963 0.36991589438112926
0.45892642628128444 0.56539525775108879
0.26676027154011855 0.73042247649492253
0.77860233751866015 0.50427103688502273
0.79862392940334515 0.50849868537756138
0.58188721803537491 0.22058267236959075
0.50709180366277562 0.40781826793425058
0.49378579503251618 0.51559865848396247
0.53105456933793116 0.25602492501967627
0.43599324141458740 0.50457691331772603
0.33583182457624239 0.57461869311710012
0.35859372409909895 0.49811990195281075
0.42617985213732690 0.38603632602017401
0.60167842506910341 0.25748466727018382
0.47217534379719139 0.80167511573941275
0.53463338255865245 0.57015171076924331
0.39684220000296522 0.81796043654079542
0.46734618495080538 0.23084668449875417
0.79435751316072500 0.33971150496465552
0.26060354735049729 0.65498073908420351
0.65337815806429467 0.60365915362832201
0.84075567953793540 0.25505081918205991
0.65528591062833952 0.54812082863645628
0.24791453022866033 0.52701641598570093
0.40104678188746901 0.20171459608061654
0.46990704902338010 0.27956689336827867
0.74546214613249406 0.61056305259642185
0.35724220799556244 0.56017768943653024
0.53739341449703271 0.13408857461431573
0.63731936874348261 0.53812247164719873
0.51655862835458166 0.40978901907847065
0.42117122586955924 0.81914726187679554
0.39654502403293790 0.83293636509121538
0.36645051078370783 0.31650049079111159
0.23227879128633161 0.66915140826791930
0.65681853315629901 0.14572075729397577
0.61796365460560754 0.75126029721409593
0.48450717378990471 0.84528518089868021
0.59337500042757707 0.24233150940726070
0.29820946427309436 0.67537241197998066
0.75976226660562640 0.30022758873872213
0.27045810118204966 0.33071089576178453
0.57899941991708959 0.18800340090545747
0.48989966316159017 0.83457000218590061
0.62691975214876350 0.51967058505488295
0.53099452703388383 0.41733345868103977
0.34448826413113909 0.27806888700010735
0.50433937575201460 0.20511706358062756
0.35787058527629512 0.37169191699383930
0.20938455920169918 0.72320659232510609
0.24538390791822054 0.68994311071532854
0.23403102071576312 0.74187840813049821
0.27572265222984188 0.46084194268305728
0.25857466773945864 0.40626549517997701
0.32691552530232054 0.40351819396980121
0.64177270598168035 0.51555561425630214
0.67048283246755891 0.11930088261073696
0.20523880569462438 0.56383894195558892
0.29341602534899480 0.50569450575646835
0.66271486079028463 0.32911455722362765
0.65009162879751337 0.21547355951205971
0.75960940599841120 0.48189731062588159
0.58514830221223968 0.63517721828941287
0.23344759207577528 0.60608956084756105
0.66175206241166018 0.47966574763742492
0.62649499641656758 0.32769911753095515
0.46203875854827092 0.45924406926392702
0.82698786679407132 0.40019497729273312
0.51648582827878475 0.47329171479161225
0.49256123982850825 0.83891505467264516
0.31433739710008979 0.43288222244851032
0.59316465578006827 0.16443074265731622
0.39593201144655971 0.87779547497742760
0.20415032518908763 0.57770094876157230
0.60286049630329064 0.29748979073974335
0.39420250107966753 0.38633303384589024
0.66005421860822588 0.65486994285487943
0.32233089381534796 0.82364577442573161
0.80847806932442867 0.25111822743378254
0.25409901980599053 0.33825304419528496
0.26656822766051169 0.33664076326244474
0.51709132420369119 0.74024905071668234
0.24998135461211418 0.70459515575657561
0.74882105109468888 0.19339518705261141
0.74703140739370588 0.53345068501391868
0.68206522274908776 0.17187365479612784
0.21670390303638390 0.71015244408354938
0.58998137012762719 0.71015835517200343
0.20786750031807005 0.58782641964417381
0.74607880151647621 0.42074884295055998
0.68183675137072186 0.70898740406393135
0.20211706487417672 0.51153693622020091
0.23095111096719440 0.65252654278774636
0.55237946414513972 0.14522874277068470
0.58676001070859818 0.69175802510083306
0.44299775973035566 0.20507110392867614
0.28175847965984230 0.85618814095305917
0.55764657007088159 0.60521685642425394
0.29963353472621296 0.64338514983217110
0.44004810271531281 0.76644118133769867
0.21898767820450393 0.52583956767142714
0.66963011003633977 0.74753967906021690
0.67145857937007980 0.59942605355509815
0.84872377000559163 0.34385528252773284
0.58574182239012573 0.20605100337488569
0.71581825764147322 0.47626975830491369
0.31517902493979866 0.68890248382634844
0.72200577138673128 0.59552322100848087
0.37296245413942875 0.74772179154159002
0.30886872972690516 0.30595138076942907
0.20630727447403169 0.77915616367579965
0.71420355169872585 0.39970255121805676
0.40920132445000462 0.23043316907657402
0.62495889343686239 0.76145845678740287
0.56175145081503852 0.29648374603785504
0.64821718328200972 0.13773750611386587
0.40619712818388543 0.29829656178095321
0.55786671101924123 0.39807693630800389
0.59477545195637971 0.22481991009603403
0.22705902751241450 0.75431797565321235
0.26321045067642701 0.35430416980242940
0.61996136851310579 0.34586681132066316
0.56774152052315785 0.65807081528150535
0.57763452475918742 0.47339750957150328
0.33947199650310261 0.83703387850311506
0.79488824449568640 0.45188593283846623
0.20455220016143741 0.73223467106658602
0.21017667796341444 0.69493265825011508
0.34185860533643991 0.25162629147551002
0.58605590906249927 0.42412879433918060
0.52795166476193900 0.16835901204517989
0.52950293987276065 0.58519481379793103
0.23118851021609721 0.39531806400987951
0.27279359242277990 0.47629120837369554
0.44375545995956833 0.48572761394270869
0.55528154187131284 0.51876519653967779
0.18481565014162171 0.58232979458669076
0.60443433922651513 0.21894601771299660
0.81759799912731435 0.31344034822991257
0.68608781078769598 0.19044957819686772
0.32445841487305571 0.85396129655204733
0.76785498427622978 0.18292787490183063
0.68208467484522584 0.65915278705908420
0.71228746490633399 0.70897873548324597
0.74476295881705135 0.31788304115108995
0.30737258088216868 0.85045924998366673
0.28579291737041879 0.31396527284195608
0.29848610866454328 0.73605452335651589
0.64683257698223340 0.53656418771096293
0.27260777852881973 0.61858635878416135
0.66589412786199376 0.15186777397890422
0.60755208080301726 0.18919663998437913
0.30117254232024326 0.75103016042755888
0.20353388996446403 0.47191756465281998
0.17808322513668567 0.56685187665124048
0.35282067658690897 0.30080979215456560
0.51138754672271447 0.81133970796087251
0.68847561133266366 0.58693832654033029
0.60760972856505768 0.72736044499694019
0.50761297946463591 0.83305778406335063
0.42144350212135828 0.22729874399927891
0.18857833138643532 0.55320166555640360
0.62034652249248601 0.72095361432533100
0.53771438936460503 0.49553235737401258
0.28172146572750068 0.81438844208153960
0.76770663208570156 0.17839946667435172
0.41580388985203470 0.66413905730315659
0.20313413290956356 0.48388183827949360
0.48091644187407101 0.83606449355029988
0.61141625647423292 0.13305876674467593
0.79629119927738590 0.42779520990972286
0.19354966219200215 0.51281271832920250
0.44725156614959377 0.21257271973409991
0.54586983536344813 0.24864853831560291
0.56713955270505401 0.24137276659099693
0.64169891985391103 0.49315951749165732
0.69203714726407661 0.34153842227920117
0.58993611580627658 0.20344070942237272
0.53651097963645356 0.19048478782961786
0.54680704809461367 0.77361772428842102
0.46728286431199417 0.35528046646516637
0.22637890681396405 0.67875521043274389
0.59507418149947799 0.19421097727347031
0.68390070726918373 0.51268271552829758
0.64120282794302041 0.35421060373642310
0.33255603198207428 0.68297141419599527
0.31836849060016736 0.33277534964403566
0.25531987009335089 0.69096240252495589
0.64933347264216579 0.33780924322743111
0.25537339990978858 0.65616684229791100
0.55327084544263205 0.37741967504832075
0.25504761574679924 0.79890398615824076
0.24314865161813870 0.79908818936970838
0.49702254379891198 0.37398561666852093
0.72749676614917613 0.36550179311196107
0.54670717964667703 0.70172568767128651
0.25001525720129431 0.66116932006207896
0.43740687313357390 0.30071081734390143
0.23721728290408600 0.51512748495161220
0.72331361209224521 0.13235057382963467
0.22560398843728735 0.74102811227234666
0.62725048437790876 0.52554863742772973
0.79690165466227358 0.29201584522759860
0.55563215331782623 0.38793048834815569
0.68236961967802889 0.53850572412783060
0.23732458844649287 0.72096072983433124
0.72018825432250222 0.70254046622682620
0.72665961423948222 0.30303108124666256
0.31991173693092489 0.67229512497449051
0.41407705270047185 0.29112685604125926
0.50362930897800129 0.15376295423619427
0.58410499916831549 0.53873670359226888
0.30926788739067490 0.73796483976088656
0.83208319069563252 0.37435161924342092
0.64150406078506816 0.14144322410155954
0.48164414602292555 0.17184483613782076
0.44405077035718632 0.52510880735442234
0.78283634699164106 0.51603720849658807
0.47803610213199654 0.30467701009755976
0.82525469013667618 0.38080616501945058
0.28964824593581162 0.68907750380746258
0.29865387213349948 0.80422848864419960
0.24924662592122432 0.47158694572865306
0.70524724877332567 0.45084989331302722
0.49079174900070532 0.70405662925596779
0.56927097050154107 0.75285208461905306
0.46655619060120596 0.20696501388350078
0.41907855782076986 0.31363039382177171
0.74924794357339863 0.54226036123382193
0.29703131664362797 0.34259694618784226
0.51736796255871442 0.82501937870046693
0.66884456073506504 0.30038004741218133
0.36136343752487687 0.48846544353438393
0.20067781303402693 0.65697419006369029
0.35013746933655021 0.27817186702129754
0.48660935940042749 0.55035618023107513
0.55987129867286034 0.62695280341207260
0.61309081795770515 0.36706425675628518
0.62709350177564682 0.28280746385323391
0.57851925746939048 0.53789797003100337
0.18225087301364157 0.60561578020547580
0.51397879837400418 0.78102995465329184
0.25041612210706676 0.73858140162588193
0.72070906158100922 0.56963248002061928
0.40685489320641849 0.21877021556015766
0.66304610063142166 0.66520667633633002
0.31503121752431756 0.31715981867635668
0.67001180123953596 0.28063422492318646
0.17095528445730956 0.62004714624347823
0.80444333386481826 0.47975727680969771
0.24208991483238354 0.48776926416531319
0.50221680252098555 0.59095496792552649
0.61007529201474175 0.22208936279485295
0.42684726528400896 0.70303219186961841
0.30782455825498234 0.25353982319251733
0.69506152138241462 0.66394107174646022
0.73804086202277797 0.22823051297049513
0.30495053624302759 0.48114738509910349
0.63900162996552468 0.13862699812195589
0.24531052543033977 0.53708570584247251
0.23883984323835875 0.79899209478114752
0.39984730427869841 0.52591987990887001
0.71662218453412418 0.29170172282423523
0.35425483128497126 0.47723173193975787
0.31985721521627281 0.27849032570313648
0.77456373594009942 0.58803618238473232
0.43188463170269031 0.24334771842535458
0.58351094560792860 0.70272587476591442
0.38399561930633791 0.74612568951601843
0.82525399336556804 0.36332754377390153
0.22187733268764220 0.74012702357467497
0.36608522920661257 0.31159334417272960
0.78536350424924928 0.38505180270997297
0.20358312417342062 0.50083276235070784
0.17601166347333669 0.71006865852199152
0.56537433377057622 0.83697737834777253
0.55713975336760835 0.53986658735407111
0.51416058396768394 0.48414254771358467
0.54130812889000757 0.39794625620415169
0.70957082352132295 0.25131780399109793
0.53517671028411629 0.16761303835251318
0.47750700073281072 0.17206168195208998
0.56612077275610106 0.19661611008844326
0.62674732554563262 0.46778702813881656
0.53806521749277003 0.50578136324289147
0.36189958098105729 0.62997309727935180
0.44825834823515676 0.83221058773562329
0.68517632617920410 0.21760742822942702
0.36995231991166477 0.79865838062471539
0.76958364259297840 0.62271440433777103
0.36109930481180458 0.64368953150817609
0.50160958695085700 0.17450720946066228
0.31031774726619349 0.61228674582697173
0.65988888839434079 0.73193097186193923
0.45351015034429382 0.70196471659366744
0.61563261904829414 0.70766665048660082
0.42114042376968636 0.80894092666956552
0.49745359786005128 0.61030707821566277
0.80951594618832501 0.48448995864399136
0.29870754521530984 0.51263162861542833
0.56297333261179661 0.69911050668761154
0.34403671924509804 0.26924161105521577
0.45267522247976377 0.22401484071886649
0.26571324509302552 0.37288508895436989
0.63647288065971264 0.62171642938073246
0.26965976055953977 0.74863726987451473
0.78235919350829053 0.45024573292491060
0.47348792062315104 0.50329573056361854
0.23400293233228711 0.72322101104723324
0.26988393116086762 0.85941196803866060
0.57590538620845544 0.74627147527087101
0.69611288232889934 0.71193700827494422
0.41125767400530377 0.22361037754210783
0.62220562133902990 0.26294841616105524
0.54923647816204069 0.43793328870455245
0.63712389815392367 0.77697903430650395
0.24256206692560062 0.76141851424004914
0.71034737193733033 0.23970262708636220
0.62606919082510482 0.16073853866926352
0.72845617596142342 0.31314782103434274
0.44700728880265372 0.37110347063103455
0.53014187773278287 0.71287201876259287
0.46213251430176033 0.36331391132081359
0.25934629735063580 0.64437126612240947
0.56230527243504680 0.16665372138754145
0.56918439703237256 0.63330949227342459
0.56887861415630303 0.67827460326224964
0.61222000858757486 0.60464537969506460
0.66804768348898325 0.58229734428808066
0.75636041612285532 0.62176405436238391
0.71915772502793340 0.64651232444282558
0.34275520288463190 0.80665453871455228
0.23639126891218987 0.38383737737181167
0.68861848685056570 0.28267674154385913
0.68838836048512164 0.26319385841026366
0.79641049086172022 0.25824166371486951
0.60898611738793229 0.45360330347317557
0.48683180661058223 0.21939131775875356
0.20834049280964317 0.62289045019991307
0.32702811344675264 0.63138320640412982
0.44143752548383974 0.82945256057534489
0.45786345763617886 0.68518930262617328
0.40006228663017307 0.56155992527550158
0.62757254518199268 0.54340889439901907
0.46089126009939801 0.59280874031815622
0.64767641708994161 0.20740100984764864
0.21085823471779758 0.47583484558403422
0.58778459704891528 0.40855504428500300
0.49012848466694414 0.17191802641218262
0.38558619363111296 0.55212851779432970
0.69264425800317131 0.71655788970301604
0.81666201075357814 0.35816490957976282
0.21086196110908029 0.49198020921575308
0.28941398969876275 0.69417555293080879
0.22127310518028867 0.59999179737649200
0.64583620590738711 0.40174359644885121
0.68434437870433507 0.22285764789829354
0.75164250895633811 0.17655143005016172
0.57273049321450875 0.39983790220150667
0.82095926351681059 0.42355663735190696
0.48590024092405026 0.64710110324784342
0.32636921233146265 0.38813530810511715
0.77096958838933460 0.40081222716671205
0.40369834314388064 0.67470807585648140
0.26646968243043767 0.72096282379982646
0.62496876053963302 0.15093794621091763
0.58087525268486184 0.49497418964369788
0.57775757889798718 0.78638192257793194
0.55622788498707798 0.25323845434118797
0.40118485782226387 0.35127244954857934
0.56527646998621950 0.69429390660363266
0.38749027996193075 0.58841912645178562
0.62842301013205504 0.13837144833789683
0.20780244913875526 0.75159228453553484
0.68342445355140713 0.55350989369543180
0.67291672700834182 0.33634984607159107
0.51898852373999416 0.28294114424667138
0.55616405545126513 0.17065065379786915
0.28201717942497395 0.73572266446630163
0.39352858719814177 0.57030801516096197
0.26688372150774209 0.45147886846348628
0.78624833538831007 0.27513286714436347
0.24366525202473710 0.49325015765255809
0.53839590570043250 0.35458479543110732
0.20246559921342047 0.67167686354932554
0.66510302223977136 0.15571116980020699
0.23462794438788659 0.78134098436436461
0.49193880493512254 0.63094256597041620
0.22692771323673339 0.41697388720547612
0.51305117634857433 0.39883412222267278
0.52936127110388143 0.37858930969699300
0.79381393739328421 0.60102223450397263
0.61782408745579986 0.69445190140563950
0.44169046970304576 0.50251010539114793
0.69225937698829043 0.43000276542525878
0.52996717673963478 0.21207242098981599
0.77597738529385074 0.56233004398775854
0.25823423505774418 0.57035213818355190
0.80277618408760976 0.19099356993973665
0.52652637600410379 0.31184446462486209
0.50648220325228965 0.70581655222881690
0.69164160940941577 0.38093966134698048
0.68290454606705930 0.50225224436605931
0.31704704551634899 0.41480774599601367
0.37293361458858382 0.29102680028233985
0.67013131156230321 0.49388207742089851
0.45501621728584041 0.76373278365374997
0.52933000268842345 0.37273384087232930
0.63037413786240926 0.67696788089490290
0.22437461630427916 0.66560835963899656
0.72575399291866127 0.69255450618516712
0.31904265269824428 0.78793715721137358
0.22192165400743150 0.52821238396741754
0.26887513660641027 0.72568834079400268
0.29837531034274156 0.39432937079506902
0.18512245355220697 0.73972842059878197
0.36731899080973324 0.71304046223672657
0.67318086382278386 0.40780332475822989
0.44756598568448847 0.47962440569343034
0.26549994122924370 0.65156382193897810
0.44033945145880271 0.73089001819847887
0.80806047269082104 0.55111657274524117
0.37229689732940019 0.82917205108388914
0.50026940276440157 0.75703138670285108
0.23882682060398247 0.74643719483925297
0.48082772584918576 0.48604647353619335
0.28612775196306550 0.54356742903641986
0.57585780755150096 0.31748447190809265
0.25621844046978032 0.53278966778840131
0.52230823936132786 0.24182736810422090
0.23706956316279895 0.76735757461504328
0.64664042583696513 0.49999318684950983
0.57797606675959645 0.54827316605358001
0.77157218464533062 0.55092690458702676
0.68914813142068321 0.61467729888443146
0.68358416590442195 0.26572296843916721
0.25525648252118693 0.73032497396188178
0.52434000751845433 0.15272491016975820
0.59617976778391757 0.43136806584186288
0.32183215378176216 0.31613027198986199
0.73741294666563983 0.66141399708308313
0.40994979996209713 0.38641643910119228
0.60282359526209950 0.49578671979872779
0.33011657267587302 0.87428120893413586
0.23204415935670653 0.46235591625445199
0.60858630334914698 0.49929405843095692
0.69810213431732815 0.71661082327385606
0.32369664822481342 0.84471351795085747
0.41341671162872085 0.58492932880190029
0.80028194257031093 0.54215117151812753
0.26554561627900719 0.37688649596474449
0.22848359245963537 0.74777646718141400
0.25294760644150599 0.72593533586762926
0.21104618711215722 0.51826638897040234
0.75864701332781803 0.37340193907812524
0.75775129262057717 0.20352887183928386
0.41999140662378587 0.77136704831103531
0.66414756384178841 0.58603430175354432
0.33733629692638856 0.32166803374309594
0.33196608154432794 0.67465898930759427
0.82943472436534171 0.46995428386420995
0.49797159052410472 0.54636278336708821
0.50685439245532415 0.65079205994731071
0.66333773082768732 0.55407999272861419
0.43672319771248058 0.38452762293900744
0.36234137215683615 0.30313808995451075
0.33242943930456870 0.48712042943070755
0.81426775012708419 0.41510597651647418
0.25826941331355202 0.44684850978302437
0.20912968064636753 0.40631107411099149
0.66264143098541683 0.71640455467980335
0.40075186209926389 0.62612212704463832
0.78718732896045784 0.44939868388682191
0.64566294187200535 0.67711664301669949
0.83184434830800269 0.25757980768056871
0.63134045646010351 0.78856402614729726
0.35260967605557370 0.58148791426559876
0.80035953754207845 0.50431775740798956
0.70764273189620319 0.59533940341578051
0.20455356168164729 0.60844509036294325
0.79697078452031234 0.39874761893525468
0.64452583941851738 0.19946520878840457
0.40985952709487511 0.82346887429429361
0.60708273181117978 0.53735428429208110
0.25335564510462805 0.45008969982865987
0.25359611559442424 0.41476417208796812
0.75614577084935708 0.26778387121841796
0.51004189338806616 0.31251585583546659
0.43229834872341311 0.47215351756671287
0.29910469789826238 0.44923049102926993
0.19931381070986959 0.48519897857543387
0.32691044302833833 0.84155940534576390
0.80540644104914771 0.43758056772812509
0.42858353465858651 0.20726649497822930
0.50729161261065769 0.23271510924399899
0.52923707079196491 0.45230954020379122
0.57314784623619752 0.70196445392075424
0.18368634004378762 0.76788654565106473
0.45884538010835968 0.32347578663776932
0.36412575423011628 0.53494133879628580
0.25908432993004271 0.70677307003732248
0.65132828000469700 0.52649967828633759
0.59528127514019191 0.13736794418353176
0.70986412369453333 0.67550510547201059
0.31101717052902866 0.76943609508279698
0.73191487090694196 0.41387589704000527
0.74157612449873089 0.65426789405125763
0.61877818581366006 0.16411181652601764
0.40445305771474227 0.46415794939040295
0.46569952887413552 0.62456086723931881
0.50295601497702314 0.51151281851252195
0.49626762194626717 0.40528945175073577
0.47152867334684118 0.21954833386292022
0.63884388162038697 0.72392630588085494
0.66323383284437754 0.63754068470020697
0.68595860146928511 0.46945797297987246
0.61644688677064929 0.61521379867204051
0.53127382319473671 0.13262044338232498
0.63505887199966060 0.37664573973102466
0.24054888373840294 0.67442479119303256
0.22495573391349713 0.59624290491626097
0.19798656456368297 0.67770435243322580
0.55670574093886827 0.12034798593045570
0.82034702347696586 0.33176133946896741
0.29379889641290835 0.32520101831482384
0.70180380485430915 0.20751131283902469
0.75529433265538537 0.17479831548398900
0.73620032214999775 0.55315826694152714
0.84389368216656035 0.36928941783360375
0.58802754651235167 0.46215080647412693
0.17682216636404363 0.56202308340716534
0.18028476690286410 0.51533889035389602
0.29473768186439880 0.78624099471218400
0.59512616896280390 0.66455960556581872
0.74222277929441605 0.61366830433371589
0.51528741426763180 0.17468880942163778
0.65495166155992313 0.65356216670145739
0.24823184385849098 0.37280063124482010
0.60877571160956512 0.16010631850536539
0.53659822692202819 0.19954787355248038
0.47267073152862149 0.34587810071368597
0.63080415902136144 0.15545196768908465
0.49788166800186562 0.56421413317156166
0.56832928044571029 0.34794129218332759
0.42040235635434697 0.77659669769092687
0.25624060064862286 0.83728660177944703
0.57088866841060693 0.68840371293360758
0.58268154639224734 0.12805536128200373
0.34161787406080235 0.66226906820811515
0.59292202397120131 0.26287715164450998
0.26143903696212956 0.72132695469791019
0.63428283280916986 0.72431319094043212
0.53499278873398548 0.17920156352618880
0.32528617174593821 0.82704790092172165
0.30373614955869971 0.42048561072440116
0.30265887905864941 0.45421571920258763
0.49432648058070372 0.47690522367442678
0.28288476109273847 0.33737646523902509
0.57978882419102540 0.55357864757750874
0.72960289400149059 0.17560201707998802
0.22304188011505599 0.67354598695831003
0.80955368935665639 0.54554474207827020
0.76838428413871340 0.27185991957932165
0.44002178064917247 0.46635067849876999
0.76242612570785795 0.25541696547481796
0.36686046698540903 0.82186630803362726
0.27181129676861748 0.42221580488650046
0.56999423058034471 0.66296889135346104
0.75612043026074893 0.39533647628575974
0.79308191254745319 0.39645937661037550
0.35528246639313693 0.25452648864955824
0.32914927789031029 0.69424363284022506
0.50672495923526983 0.49507099775563090
0.72244390435567596 0.16864187051205096
0.49920139365565219 0.34963747724212074
0.29555880544681645 0.83667451661071524
0.70464154479697561 0.66999221632622930
0.34842123725729579 0.80614879110407567
0.45165034669557219 0.37481344345726719
0.44290541624586216 0.21883224792913542
0.20937917829019359 0.79330070924229024
0.45645809733935133 0.35917477573453849
0.19632097830237108 0.77587396160225641
0.84941551446937968 0.38881279594304841
0.23531503136041193 0.51921631104409305
0.78185295789967191 0.42701681810911435
0.62187202768761884 0.47272191371174366
0.48698949627697208 0.29098633316062550
0.76979011724459001 0.20808118960637534
0.52999724555147409 0.27906223386319251
0.55309234915546468 0.21861553643258017
0.21178482750293354 0.47217292405580891
0.75244472514407112 0.54603152661943033
0.78050444504406946 0.18946161467960110
0.80255396154140524 0.52635553271130520
0.49009830344412203 0.82638018547017889
0.58446745098108199 0.41439451978899960
0.72519996989210322 0.21151776451926957
0.59593219971276901 0.69434630013077492
0.21429327560071687 0.47802577546463798
0.30686769687528132 0.38257893787756020
0.55946704043123452 0.69484780486892150
0.45912774836014619 0.33520353506515149
0.54081356804649305 0.37175192593965561
0.80739681106429173 0.45483747145841258
0.61622765232355525 0.32607393250045574
0.62945707026596143 0.72373741418850834
0.45131915268216771 0.36121752082227421
0.36849941615089243 0.23059851729793085
0.79143414088094555 0.21221407508647078
0.17866224529043009 0.70272437271840471
0.22829551254412211 0.76159626426010585
0.61262005272065656 0.69238963819181010
0.78674225761287886 0.36978715992338818
0.38937069824582127 0.24165550541711503
0.46272575561165852 0.59831436476964051
0.23198150025736647 0.40373305885724525
0.80561594417029769 0.51141422164487282
0.29229542976460265 0.86617492572025978
0.66478144763343727 0.24534241314833050
0.37084857098126595 0.29856028842465554
0.76082085934387422 0.63978936144094400
0.51188168973189552 0.15724317075464145
0.35589523452073835 0.26900934225421069
0.61001875546985718 0.19409008726005331
0.22134714153299501 0.57585394008528046
0.61233385290711784 0.52854309651459774
0.38911625289407492 0.23768390313611013
0.73069917405744866 0.59295039041060993
0.31043932673974850 0.43704045497203842
0.64356919205194851 0.76776776970376615
0.74526487949092113 0.50529830737283943
0.50780741720028710 0.42391625532316662
0.65582425692370339 0.76960242098791964
0.46658979771636766 0.80793715116691578
0.59037410781621880 0.27400321415267065
0.63171764761244753 0.57632839667416513
0.30491547713414230 0.33100368720016532
0.37197338017525716 0.37644717512899795
0.54019819652220513 0.59676427220256434
0.75464170311567869 0.49261731010348192
0.41191095799306005 0.64487523659343915
0.47186237473303178 0.15415524873398045
0.72996795477717280 0.50651283667629055
0.43187641878449951 0.84840249335551099
0.64907029201080646 0.66253051530084694
0.17506650179427599 0.62242406049270982
0.60579815480065458 0.72304561207130080
0.34788980079625964 0.61332401237878864
0.69486316637047518 0.51054491468353691
0.19163410642789408 0.78856663230512958
0.53814148462696909 0.38835042773175710
0.27053578827236102 0.74377210325784615
0.28099856796649386 0.43531740123350193
0.60721674288010441 0.39826346258662532
0.68561517577311415 0.52268473429001383
0.32109009402823369 0.72179952669831460
0.21713449064916771 0.75596283850162194
0.62187489001402685 0.77979514405001604
0.74683723200885199 0.45404978161498633
0.39992113405932928 0.29810553605941736
0.38566686721846410 0.24328622968976005
0.41774662921314154 0.57144151919979747
0.32047594288115822 0.53121607581512498
0.32753959197875238 0.30234925672727619
0.79615166747265453 0.51998010671794948
0.46826082547649267 0.55074964771890189
0.46164030451141641 0.27009600033599163
0.40493851032159661 0.25304371990515551
0.58670978687921893 0.54506683846010184
0.17940070125690377 0.55293141943357538
0.63220500293127702 0.46665155702414368
0.44952019195120130 0.77535148899834350
0.76943997929777619 0.30682526668310045
0.67632311398798484 0.37663645082429453
0.41263863904189824 0.39725040709028692
0.59226731810702216 0.64967686083043108
0.67871678197532281 0.47696305818377083
0.21633975959450530 0.42823141500836626
0.58019187224431379 0.22656600482183722
0.64179145214815458 0.53438380213759251
0.17082081233644814 0.63021978782710109
0.30579343061166336 0.62381011137500564
0.53010819780405827 0.48853264981107369
0.41193947569809419 0.49138032426469752
0.59390279961561032 0.17995239653883377
0.81206248353638300 0.46676161842185981
0.36046090885670401 0.41690299142863529
0.37379763055633114 0.26473872205559967
0.56383021452643445 0.59477357249782792
0.30005743420574349 0.38016871279650921
0.59484286200168646 0.65460828063309728
0.23320801567978050 0.52834681930271765
0.77349921785139131 0.47871273899431188
0.42189658728435997 0.25410048731065316
0.73644281006566614 0.17870537303397530
0.38587030654517884 0.25077482185855349
0.42411810077564904 0.19179178706952676
0.23587356166035028 0.47621756586856950
0.32655236922529152 0.74669412566455962
0.65303132701804201 0.58337243481762147
0.40829104372030822 0.58812394706624804
0.75493389588960391 0.16250312954930293
0.22961014319103262 0.63274145893641864
0.54024952593073117 0.24892221701502532
0.76372303284308840 0.17237869120703134
0.17080483992162454 0.57614433790029107
0.65512597788651483 0.73704107169851496
0.40174012494288208 0.80563361110330067
0.30252325486298903 0.43078488808276505
0.59911329392544910 0.60629516771393566
0.65667825819741166 0.70030046950784808
0.46628699462042433 0.20088481208595735
0.52822020172723172 0.67177866303373279
0.53163037163725835 0.16992435897727401
0.38015137694005469 0.78413613414187833
0.37123616752112432 0.69594134813468955
0.70305915537916208 0.15559760393314653
0.63121944699606203 0.52915221638045684
0.74815409290615609 0.63693199898534236
0.18133676451136585 0.66483201819690607
0.21113885243660335 0.79827008196209048
0.47058623415518308 0.21557413003539749
0.79459852580036339 0.24061796898964743
0.57834392729348738 0.17196992210045098
0.34840768318852683 0.85395062266105093
0.28412260531369860 0.30638479494068477
0.20577614017006740 0.45305046282602501
0.54289538693422834 0.63101074717541494
0.38511184552099792 0.84205893309202362
0.39118642692542777 0.67732606882493385
0.74375463537207120 0.63039061742918867
0.62975149904333327 0.18397737898049385
0.25577194906201439 0.77757172044497180
0.39287752183513802 0.29074988965961085
0.43263593214366330 0.21331935237607869
0.82146479988948917 0.31618292380615870
0.81767912461829573 0.29288089364099151
0.62984809313210466 0.41175904063428109
0.20797753406467695 0.69202070273580563
0.36700991349690454 0.27811084556486132
0.81782198288209784 0.34039730226021447
0.65685682680889035 0.50418068830351803
0.61404538727976821 0.13993041258441336
0.56385718796624129 0.31636690403532630
0.61925037906752989 0.29799922218401259
0.78710069453876530 0.40923802940118442
0.60192081601331393 0.67410124086245782
0.52058160253133567 0.71270668010673122
0.22254937531345614 0.62672978831863013
0.23985182610749689 0.66240454377532187
0.50162530473603228 0.69410601960291418
0.52914814237843122 0.62060264283221711
0.71591069139750374 0.62186365692946266
0.68150857206803883 0.67621669268471418
0.26766457571512181 0.34822048601303424
0.23524398382145112 0.61991651195404396
0.51264485803953086 0.37471085723959213
0.42513311494098505 0.18707319692306118
0.26504756248764105 0.34447885270098305
0.34744705287615779 0.45368608940794491
0.77676396049746765 0.34398998492586219
0.55267250331030549 0.17199185974616615
0.67748858626165476 0.37096673644926803
0.75099754066762525 0.22543961110013372
0.81941163704620623 0.25775770075292598
0.18733734521119666 0.64923125079655475
0.41780609862386275 0.26546501328727967
0.70280600303592078 0.66145886265241971
0.25605201322626137 0.43788890486667614
0.18585665422656938 0.70744215408553646
0.63725019058149546 0.24999353204740107
0.67213249261448926 0.67366276215122078
0.74060077038048677 0.39882891202512660
0.63210025496979871 0.62533245544624705
0.63163743482100543 0.19339268150586858
0.21733093275034304 0.48806578343232460
0.75038135221741831 0.16488667365590595
0.75322437627064232 0.20431353032517652
0.83650717312157596 0.33636762750780935
0.75903670512750221 0.16465199094163033
0.41241127899765889 0.24657234856026605
0.80597522760399776 0.50306603783982251
0.64873547449924196 0.17025597782454815
0.19679755860495032 0.64195841512816620
0.77028983795519790 0.28690251057018212
0.47473980116483461 0.20825216386157214
0.49638255440293549 0.69544506603341771
0.25801379775379130 0.34773708939156839
0.34124240461683081 0.30566504850223475
0.42608519937587863 0.43155402742599153
0.24097734546117469 0.43497149537482560
0.54925656854311455 0.21097276168562765
0.43988474293307278 0.55448470163397379
0.82546605972294707 0.32385503781973496
0.44021019467377986 0.65763256440797013
0.48002413738834171 0.18962854966842282
0.41331585609274862 0.31055665158646439
0.76783980933184792 0.19582476787473180
0.64797818164879029 0.69994022698622971
0.54055426465702860 0.51120991312380060
0.19126934139012364 0.64927180865801937
0.20787751856695003 0.65476269278374821
0.54954068716931059 0.26165257439835021
0.52033797785592939 0.63392239355284519
0.47513588233311710 0.74291317419836123
0.30414429499338169 0.60612917551180334
0.20070308885686888 0.63039331961757394
0.49245368234832221 0.41697689565107693
0.34712050024153196 0.49607182769041769
0.63497955197730427 0.72841706043477750
0.65383047050610288 0.35396198927348976
0.47739306159096684 0.82394896646252225
0.33377452024791682 0.81768020308681300
0.49213938012528757 0.24026015734093270
0.27528696437334904 0.80911251002292528
0.19016758923172905 0.75520230904731234
0.81999995441180151 0.27823025842959881
0.84601244946186172 0.31011013981029051
0.54438485077229559 0.18165962865661101
0.28164955223445443 0.64832598702211908
0.70066889705257840 0.24867367162262782
0.59286641718163169 0.50200353494296901
0.22431776501230477 0.79636937840311495
0.45332849421971966 0.29600826000753511
0.65012658798755418 0.13397414634233148
0.34400197183358744 0.38654476881914041
0.55807002687319374 0.51337906621379048
0.52055064306728704 0.71848033965429137
0.23826816995141736 0.70781164180908607
0.78343496260590495 0.32593378596502237
0.71305131046479053 0.13381011689074893
0.40214847178746327 0.37810571387471797
0.53506516806164639 0.37208019559203348
0.24877344975933946 0.84035280119059863
0.31967674744553848 0.69256514955107840
0.19912974509499676 0.64924963253923718
0.72286931424846623 0.34010132393362835
0.30953947846777358 0.60667167274574740
0.76155962537792088 0.62922874074375512
0.43616466209518762 0.72528663840199892
0.41449354534810534 0.43406449447688922
0.73744346456962762 0.18986166799484666
0.50744433215298446 0.15008624503934365
0.49890444126808792 0.15310035668297622
0.27572156827295546 0.82003077063156593
0.56446000478010983 0.58598066067087207
0.63074678738961343 0.63860179887328583
0.72556433610062820 0.66039181611585362
0.71043893073361197 0.21828362380830960
0.80664156475161986 0.21609596484283533
0.30693075289493610 0.67723485763484992
0.21418143571484063 0.48597890231864121
0.54966308702070921 0.71436221182298187
0.47573143998640488 0.28017297421608034
0.33073749792924184 0.30784366081396458
0.73316006285063251 0.65852840884195674
0.67486802327925965 0.25808010517522662
0.78888617686089768 0.50558133167864150
0.29399726563577072 0.29798028851017033
0.33554519067419752 0.42886109372154696
0.58827190045695166 0.78173010831501122
0.85878643349827366 0.38943208649069022
0.34215129021841639 0.62930851485919570
0.28820984923750675 0.31787720700862909
0.79953718307403110 0.40669049108987620
0.33038662523524487 0.77668644507638984
0.66614700793584147 0.66163112175489858
0.42607921970047352 0.47282752192565375
0.73347438282652022 0.66351414310063794
0.39021644277124695 0.77314164099523419
0.48742013185337824 0.75394959713167387
0.63313095451100398 0.55127887433157019
0.69380503327709964 0.36050598908749509
0.23770258227923458 0.80366695560341928
0.36132796944208612 0.82196618656805243
0.35792872799816206 0.45006699286572616
0.39366459974908380 0.32144142608649418
0.19495100591590489 0.52375750854879533
0.77924958381283860 0.57532201164416708
0.16651177185532590 0.58743673000317054
0.65521166522294894 0.67725084128559243
0.66809563776123526 0.28669078036400764
0.60999803708436040 0.73165828383287945
0.25470541069806346 0.58565840738582198
0.53816223265905783 0.16157408580009480
0.67333915907892194 0.27664338186824888
0.21213177852907067 0.53884409978135950
0.38979948203483805 0.77827637312284925
0.80429258776137058 0.37309308630262256
0.63399981965092822 0.22178580631997757
0.41446438494328985 0.72224777270070573
0.19615939619047942 0.78183558349785698
0.69708172398978618 0.38022133960240290
0.74369518700197812 0.67706981135066369
0.23617464007997668 0.62460518397299269
0.44558159259785224 0.20177687244623771
0.84858564879509601 0.37394917127785404
0.64317685703308292 0.72362733040728033
0.60464488614012180 0.71833668176481091
0.64784426558485420 0.46261706154346266
0.58567301482478540 0.74240983008296446
0.33722209802416647 0.62561814115980408
0.58227390560988135 0.36097958927134266
0.59239514728969733 0.72880267778872743
0.59606345776838054 0.12577849905968091
0.68648144399273914 0.72673452441756936
0.51570922266278174 0.31007861852872187
0.52822450401094612 0.17590265328665444
0.74961187605727519 0.68345519531143473
0.58827944385804454 0.46764181363736068
0.72521221071769626 0.51116426118626190
0.50826777301511883 0.80302012167068471
0.52789337469978326 0.48255777949681772
0.77338068528007331 0.28013228483027403
0.17986324084295319 0.73404663614230314
0.65546428350288832 0.15370058997855265
0.35442239383121121 0.78507752685524423
0.25793067513947621 0.36519788282515969
0.26882840062456048 0.80440940072613110
0.45154009298153791 0.68597216967540287
0.46071301779621870 0.17999826579307143
0.35803626310785958 0.46688078942273697
0.44933424781559883 0.84117773893103553
0.65587436330128024 0.74621215042956202
0.78409294506504379 0.33113593106146666
0.56341419847263219 0.60377107905218286
0.62737751859337487 0.58124591633330736
0.41028657090722853 0.46147606111485390
0.30568451158991333 0.31289541133869625
0.75850907477238094 0.41073861032839548
0.55898664922378705 0.26789493408140119
0.35639763325385354 0.22738151544712026
0.19170834944990991 0.57766715200207963
0.48764962841477966 0.16835110591322688
0.74745318694056673 0.32230714883484507
0.42343675913465284 0.49837266357543286
0.32408386713368520 0.58672911325081145
0.34993187360336464 0.69812278786001480
0.61680756016934879 0.27936074202588823
0.37654494728746413 0.30676471993835247
0.52331143542948166 0.18149545544298609
0.59196672575851395 0.76326486338480815
0.74783011789477805 0.25672322492705768
0.43578361083044570 0.51647218605978984
0.61706862428913900 0.52529945388181010
0.77707430031103775 0.42596773862005399
0.62013303593640412 0.16083909832374271
0.73944293118719173 0.24430713718822253
0.45581517121323351 0.19160840511084432
0.34495043670005709 0.32845816261091154
0.33198467230658962 0.63495980739735403
0.24160262304587357 0.75761729850672910
0.41999268061953687 0.19976702117870077
0.49094829860284400 0.62062951993969828
0.54525765617116240 0.71194891584224118
0.84353889433749907 0.30005416134843238
0.38724492489193985 0.20623719565929771
0.39879490993897337 0.23234087939976744
0.24424881069546325 0.40293027884723109
0.58683048547977934 0.16087892565050566
0.81808919056893548 0.51893649472479564
0.49553516173001000 0.78149233027944898
0.57444877058502819 0.20807852664262208
0.29369950893505287 0.74138254942879400
0.64907871836142628 0.36435046872148363
0.55629244617806783 0.67217262868063687
0.48457727163504349 0.78745272301781499
0.66133608751010131 0.42183642723874809
0.24069431345931297 0.37197084573081662
0.40829294192811877 0.40595091651599785
0.61784510777842094 0.35679579153234925
0.54711226574882443 0.74706542573832491
0.76773519966343962 0.56212500342197980
0.76155139648163672 0.31515170379109164
0.78776548593728579 0.57287441015481511
0.74597374041847853 0.39007473883760169
0.73452280230112477 0.64406712704588942
0.19490257407072634 0.47857551186510439
0.51210279319792096 0.23543930972691890
0.35680995365967261 0.71030990070261180
0.78973389757431267 0.51781095863970483
0.31210016266033436 0.85029519538280751
0.60901011664690863 0.48833246892181453
0.80945061945619989 0.30383406297102650
0.55194328325558617 0.73520613025902759
0.44841399595344122 0.29871714169505964
0.47447180821415108 0.67817362950192506
0.62663680118096665 0.62342091066558458
0.24158310664291410 0.83132694195340895
0.29781675697892529 0.50150546455503320
0.39343449498595856 0.56287953953241410
0.23930801848899474 0.73370565579891212
0.46237442629613046 0.75241438315955711
0.44831611442671188 0.74918763994435844
0.67656858088968486 0.17580590811506350
0.28922970908692369 0.81738357345015222
0.23282923613646617 0.42309037401222682
0.20850609418397842 0.54925175205545651
0.60463389655043387 0.74071881751238267
0.22345568084757039 0.45485798245005921
0.63185969779225870 0.65802376452984512
0.43066983564521744 0.75657156926581282
0.42311889952134940 0.24130979373867184
0.57436176815881612 0.16165655227874465
0.29414721273110356 0.37098162339220686
0.35656812485990608 0.65407622370412877
0.73129794572619888 0.63261226626788336
0.65055227251397740 0.67740585427927824
0.36062226842356682 0.59421241644746314
0.76551194655589083 0.32492842113302023
0.36005284439634899 0.80815303591269905
0.19364666366503763 0.53240927573433194
0.41694076142618025 0.82173535672406228
0.75889434612960760 0.17807081070971745
0.62151130313515313 0.11711694205026676
0.46031362398156039 0.73357174085490229
0.75179509146562362 0.26516344130858704
0.53529346816285106 0.25220280816927149
0.44752784530267586 0.63121428687304748
0.26061746797999519 0.74332769062732318
0.77743611105205468 0.47637333772715706
0.66703353166965640 0.19221498129703374
0.36691568663255786 0.32139040058734858
0.21908785339158490 0.67587451102026375
0.50885188802762826 0.15997925887276943
0.60366065877588881 0.15977855250128328
0.23858173208725367 0.77145418347567118
0.37174045502812303 0.28556807597658002
0.26487053525276771 0.32269329285570358
0.65205994237553755 0.49946072439678735
0.71742302711570294 0.52336461177257620
0.37345317873141726 0.61225307518909222
0.40536459684522785 0.82671284150493474
0.61908125624303334 0.47737406052499587
0.46696458146788544 0.36803361700924253
0.66072808890541679 0.33447960754819245
0.71072322490682605 0.21321277126084340
0.66380155478231573 0.55950732773434608
0.66180041706390824 0.77620622475687340
0.35915390514516449 0.83638375438247892
0.74456103325270917 0.62229242660267436
0.17803651221742559 0.49516427488005976
0.45424480181045213 0.20622163918342235
0.66556329543441450 0.13372058039692603
0.66386735530065111 0.17967858014473495
0.22313529296890322 0.70764886103679947
0.23716080042297061 0.78853264946903467
0.56242617299263942 0.37144423070853311
0.55693742556521397 0.59457254745126731
0.79611137922044373 0.49513942306517766
0.32683086941205608 0.74138206755295344
0.18447761129298484 0.47839171285987986
0.45178383168745145 0.65900295971209344
0.49151649802721936 0.69809959238354846
0.33059814170961216 0.25167995216992534
0.55387853337724891 0.21314720081892852
0.33831468912836848 0.53799799620605671
0.63835072598096887 0.62665116425799483
0.71577396815564331 0.20508803280870871
0.58995377456962772 0.18127164325002826
0.57902011009319210 0.41551126957804618
0.51683706790828277 0.70273014750226448
0.34192041053452821 0.41666223543882153
0.69052628935934435 0.63375652020993600
0.65579310667661628 0.68195784221353928
0.67841962158431013 0.41037129555578455
0.32855769934189472 0.42534301026159210
0.57759248016610265 0.16356751544202855
0.77961148076563669 0.55139598882706076
0.70638878642536618 0.53589473920632147
0.22097606656188162 0.76764305482431461
0.19806412267747830 0.62024113824246840
0.49772330304716400 0.18100215065769812
0.59676288466170668 0.45234170284365827
0.45315060467084961 0.87780138702083654
0.40841109116513286 0.78959739327480138
0.48718557919572725 0.60194658815698809
0.42984349630105401 0.31262730411942563
0.82468068178358200 0.32868989981580549
0.51468292440837304 0.80735639438317852
0.75013928627229287 0.64332252215592556
0.21947112752246917 0.50708597081509121
0.22357756510360197 0.50144747926164701
0.75962172322460120 0.51605694277447023
0.63957120482057861 0.18454130518148837
0.38146478865123190 0.37859280577867382
0.78680080204643121 0.50193139340577164
0.22267362511997157 0.40251443732729669
0.78174467334134112 0.56803054880091364
0.48737147746659992 0.54140951344649424
0.78644447395412631 0.56837890315235595
0.49897876832064064 0.36776515455014624
0.71377090651858000 0.38147552379446426
0.52667464571331901 0.23148742276720838
0.34575599142526375 0.53190505740063010
0.50424881929141518 0.78549422146315839
0.71360955049338615 0.26033617328994807
0.80163114711788208 0.45403123137627710
0.22751350620874916 0.67042197108591817
0.65243089116252406 0.54374452199734669
0.21686182012054134 0.64593888582899794
0.57756089689743428 0.61199501279199764
0.18934634783487964 0.56083889340833237
0.38214972397441782 0.28047635818817390
0.23627416310147631 0.37466715334744793
0.22658601636197567 0.50782591765094365
0.29771403927547269 0.56711468752373095
0.66778098005547504 0.18293167900286750
0.58344065997867889 0.71196752449799128
0.18069180412684041 0.70728449588980802
0.22592512837648507 0.64849956464373126
0.19946572265419396 0.47180706012530532
0.25623043449743788 0.59600319380273670
0.35614254188853101 0.73256439723253330
0.19920211742557106 0.72197577847391181
0.50616334923418060 0.73268862732581619
0.19525544340825543 0.43734923272782433
0.72380070329164226 0.14681569526049076
0.35064058268209097 0.83096088097375143
0.37775102380618975 0.81238371968375411
0.81328536485070624 0.55945472247247907
0.21379139950519213 0.73327554866131561
0.48239405926687029 0.60569584850638414
0.72463359493709523 0.71609170793742738
0.58710996717200981 0.29614335703244643
0.26567492068860482 0.78886085216411050
0.47493760975764032 0.43066997399258689
0.31771704067437356 0.75256929641653125
0.71252492857613181 0.30729433625114627
0.39605152676058852 0.82797163180480826
0.68092096770156063 0.54865032181711759
0.57719928980624724 0.43228055577546742
0.39621175170160866 0.33563812332844312
0.59468853887650175 0.74723366398250568
0.24996692347049346 0.77294902870517801
0.62643940767442252 0.78340307091872108
0.68156258108104173 0.40062656492554483
0.78769449441911932 0.49514511823413332
0.60952441482030695 0.80167486510542407
0.22469927127100980 0.53132844404657820
0.84908893759813486 0.35917332194086843
0.28600523594192384 0.78198600572242150
0.71133890859405402 0.63302496206473635
0.55365553527590161 0.14956323452856421
0.61506172250021174 0.13521881868883900
0.61891382546528129 0.59543065690694408
0.40989702974835690 0.83761506831969434
0.36385278752085559 0.56401872908297224
0.27196388717919845 0.42704107572896188
0.40482523282205524 0.79765496158114779
0.41711303358081098 0.74010244899725852
0.20823455332052268 0.64252009203481730
0.50295132331974490 0.25240465359129705
0.80461481093896936 0.58027743690821310
0.61309330292979392 0.70277763664161386
0.54192730230948527 0.17073262552822521
0.72089942508957094 0.15008228506840596
0.41732235033072956 0.44664581292210748
0.39174873464813842 0.60408271619586251
0.35148078470760874 0.79653579250499584
0.58407039003835359 0.23638140067421021
0.28624260096968579 0.37135965276533212
0.54928875697918289 0.78591058059123298
0.52197727298589736 0.21337565904082206
0.57899106412994428 0.73721786105049025
0.34280147205337586 0.88412965481573025
0.40000539657128470 0.76333698035902886
0.18843332463080614 0.51863837008141145
0.45623816696473735 0.63647641194743243
0.75632343880334008 0.24072414612107301
0.57680049755920182 0.33458917859620652
0.28264025801825127 0.34565640225068728
0.68540232059262074 0.12487979396762192
0.24328525974733362 0.72590114159361585
0.36143113683095496 0.35907414973641960
0.64766646359767621 0.73098400582723422
0.46678054943219710 0.21429828965440059
0.21517900557988695 0.52701709535938823
0.29178649653266325 0.28030459087036225
0.18946014719178372 0.53895356898965330
0.68525627626777919 0.59972673077987804
0.78499221237794103 0.47836891077285487
0.61428753016095761 0.78683773022710946
0.57858337554308337 0.12401858469453461
0.60586107134435108 0.21263753145805930
0.23439068041384237 0.41971506198951869
0.62141053276762026 0.39425141758352122
0.20325327662013939 0.66408998082319282
0.67491370754924174 0.47228416982832089
0.27561698198218793 0.45571168665631057
0.65756792269548958 0.69107533361886020
0.25192663899262202 0.38328892830524997
0.51436200552661526 0.53018145908085568
0.79327410078697280 0.28045917818414262
0.69437898517231222 0.65936263872464940
0.22994475407942019 0.51018493797898090
0.74637411086732963 0.29662867001635551
0.65617372581610645 0.46988086265849327
0.21093933745025165 0.71226067802011461
0.32427950993900001 0.55718265832688996
0.72557295091495499 0.57477604765975887
0.21829867932047023 0.64960117881893176
0.76214733360131981 0.38686693982990861
0.57512116691847082 0.19093660578340804
0.66940118833935813 0.71277887778546944
0.58822521106390269 0.44664772829677207
0.49472196727355816 0.82640628789353843
0.26241412397638647 0.37123725674862718
0.61574120509931529 0.39368802190278568
0.49216385286874537 0.75052657814493851
0.58381055416120087 0.31575154831125241
0.54184278858512158 0.42813095071115237
0.21792594764823747 0.69626696823157408
0.76793866968534408 0.22103084415941035
0.22921936374138721 0.40674767443227205
0.46104085910807441 0.58116678535455391
0.18560994468700370 0.56232229982476156
0.76159379300063146 0.60453067557890061
0.36052820181538087 0.76510661475898512
0.53491463432077424 0.50072050504308430
0.40513855395888398 0.26215550161195517
0.18213181814009372 0.53426327374025651
0.20796948901153500 0.51620690362741084
0.68900281391135398 0.59185694384475351
0.43853099179198785 0.52778859873406936
0.47905879272701357 0.20784245497321568
0.55039161678946713 0.34151069713088322
0.22438045976608995 0.56320315937849641
0.53376808425047462 0.18719926905707079
0.32062467080533713 0.51068644151757936
0.52598664197234046 0.18664630669973487
0.73502076005583583 0.14223638810424072
0.22686828759866057 0.49957262750568010
0.27932691461838921 0.34365069059784381
0.36446669538341619 0.45376935360207249
0.56916416043394413 0.15184763507556853
0.53051111650780103 0.21875195528266381
0.53749991700811728 0.22669897328444080
0.36958342275991074 0.78319731294904327
0.32837335481954272 0.44874219483159444
0.82117078701141377 0.35562052291676427
0.27070914622329245 0.46191586001400475
0.41140219455231763 0.57978456841972659
0.27234927226920158 0.84869435937225424
0.68385730748816775 0.56384256869767513
0.55471689053610285 0.73963622283586705
0.74629656057088867 0.19018848596721510
0.34151619392657429 0.33273125585347552
0.80889749537325406 0.27056799543698573
0.23831506946876579 0.60534163970633947
0.74795447014852201 0.17833277046254506
0.38254454707595642 0.22346735644788099
0.53440160427350780 0.81547137628853827
0.69871927699529357 0.25977740403530125
0.53885216541547043 0.16527345545142633
0.17442605434209471 0.48798312159918888
0.54439394160319132 0.69093163888099651
0.28823282457774552 0.47879702162212362
0.77251934176852344 0.45012433469182367
0.28530939126890897 0.86311759399146548
0.41980982754486168 0.66856397604121920
0.36955597677382684 0.73822609350066071
0.28604642836919736 0.34778808529228261
0.53287257918988562 0.75968268051276389
0.60603902525304210 0.32249027967972849
0.21432682403035178 0.68841750306036409
0.73048245236836173 0.61653342151751478
0.57032830883494356 0.18889074478146223
0.21264183172521958 0.42542450657909298
0.73993284958466177 0.63336084598141729
0.58056300326328092 0.25356748500929838
0.81750445013558481 0.46845280129827505
0.26589216775982505 0.38505408437343519
0.54758856772051434 0.57437936109742349
0.47929122643845201 0.70923334886145917
0.20029806061970507 0.71252142485552006
0.71169654532200077 0.58017801912842226
0.62454926911716568 0.59648115358273546
0.49569714016263650 0.70717399208703813
0.42048601641644928 0.75505415204420356
0.53282834492101072 0.15641167277633969
0.25539540995904841 0.55938225676007658
0.23592612404587537 0.82256045469961603
0.77347180623129330 0.23180181701400862
0.45319487880879455 0.32032108151148614
0.36791634013450247 0.74940263831174037
0.78339653951536259 0.48349228952844536
0.81804686738280719 0.37347456347312807
0.72792011751240970 0.41795248799899998
0.77034441770907414 0.33865851659762214
0.23378122836898366 0.55076713829199919
0.78075391753505152 0.47981086062288669
0.45832082547414910 0.16136659175728768
0.66489398503813513 0.68405313917476462
0.70144500494370554 0.46862270100332309
0.58432679589215419 0.75966579262770639
0.79914236722986276 0.23812310519847482
0.28826672317396701 0.44653745263186562
0.35219068758799882 0.64976717655052385
0.79823112210241143 0.46767686178993517
0.77938435625627422 0.32995930232156911
0.82555647067384053 0.47390995866973978
0.40053430361776465 0.80072383169574235
0.29228198170821218 0.56966304369647369
0.26417269817253236 0.69714731984204781
0.35771768103439705 0.85627722051453248
0.47331812027102405 0.64912498879060454
0.27182017513199297 0.37211987421583848
0.75539001779774972 0.22720746908110495
0.46598526671288287 0.57530502084492119
0.71530112861976924 0.41470125818041198
0.33649853802375340 0.74821284053146897
0.80152577939852432 0.55732951028299316
0.34991664595064131 0.33833864629039734
0.60411464955264127 0.69904817734512537
0.53782396576177827 0.41515552144940543
0.42442645740873841 0.20120723873351287
0.32430943874080698 0.81925517181603535
0.69665998158222608 0.30884277653095815
0.56382055321202140 0.51412950628745269
0.17506123312838512 0.64973052919938501
0.73565933054283195 0.39255862188210167
0.73710194127413420 0.47143728771225907
0.43384219847241734 0.74137401370877509
0.21556095818914695 0.46070240709992483
0.36834040760194986 0.74383065002178539
0.64642492947641284 0.23285677650627695
0.77879067654822320 0.54126944195756199
0.23866859366039772 0.40708119557858113
0.74345325342901991 0.37128937453185817
0.62931012791730467 0.29290331463039371
0.29375629472144454 0.73100114245270342
0.66509620852250007 0.26313172733269297
0.29896283674321822 0.76132772028252282
0.46249167679550873 0.70827172263285409
0.19822378790144268 0.63529073343558107
0.70975500237256217 0.14589909643031762
0.77945397325130339 0.63869218746443490
0.77180757034569203 0.18813673043566626
0.80746950815451579 0.23677114025757362
0.63409541892719257 0.66307682849194394
0.40914031705975229 0.65512381756599114
0.74018601828982811 0.17995912981127585
0.49812157202354596 0.28225220830644149
0.33298734420173337 0.73989287044536678
0.61834739072401823 0.35118846542778737
0.75073650577933893 0.51883846132053590
0.28117035953904035 0.64224939935293879
0.22146080635811763 0.78829518211475913
0.49774585858103265 0.21156042281817838
0.24761908515203551 0.70917456026702208
0.24001432833106795 0.38922973688764906
0.72435987333941410 0.40222654011264880
0.48535308530314475 0.19385347184175072
0.25944966943820486 0.55631879664310879
0.69712360777857940 0.23909675108763845
0.23795884665609171 0.43232460567970016
0.66028372424803816 0.37292071758641782
0.66828334100628539 0.73205473903443496
0.83972625276085433 0.27610796767166290
0.39468613160051907 0.72243317630336357
0.60747032551738855 0.52566484432596328
0.25803121449953892 0.73459587062245868
0.74186198367002176 0.68431147484079757
0.35094664135150966 0.52383508552362723
0.76881040205167195 0.28234988493081908
0.34165670037523233 0.54345771114530850
0.24158882253683284 0.72172127997360191
0.36092395641131336 0.83003315804790234
0.25513461136942717 0.66127367753337962
0.76506965974401253 0.48943079329422634
0.19728393234097302 0.68156772059119564
0.26007125659826641 0.80765873360347396
0.72567998467632422 0.33526972416620837
0.72223385995814215 0.28155549677951058
0.39451934525409388 0.61904244525328000
0.25760151787887597 0.45140820085143507
0.54168890379476409 0.70187266199045073
0.40848275759960934 0.50688798207643948
0.36839199373622905 0.48145034381739926
0.36099172757753928 0.81384948088087816
0.46373586952346868 0.82546017050090970
0.77038520952703604 0.20353422203788676
0.37765526088482415 0.75159948667972643
0.37536427647399712 0.54692730869792761
0.46416670709869795 0.47611771223725580
0.66558669541133431 0.51292686708874835
0.58470827751039423 0.61251148936947653
0.65261768346511451 0.16866227574203890
0.37534595658080538 0.22884760131943271
0.70810376056824120 0.22974567606551638
0.74770017612243511 0.54717968008104267
0.46380839363536153 0.43101050144937464
0.76581929869217735 0.51718220612988108
0.24688680083432396 0.40588799029870298
0.69382105559689011 0.16240078734597282
0.53896824942541710 0.47151317012524158
0.35156071633408004 0.81997654245172547
0.58857503434649905 0.17736703429659517
0.71519459545756192 0.24290110956127234
0.27228730082419056 0.38933344458206204
0.51934922891067170 0.29249806770959352
0.79562240542363849 0.47146878958636018
0.18314508147675446 0.62227569218494483
0.25813244644337613 0.63899664890968921
0.38785156866838877 0.83394074201208179
0.54558330860279591 0.82227726787861144
0.45501612500878175 0.60958469464950482
0.52654387851326767 0.44106792723169752
0.40808506564151253 0.20639776267173143
0.79082124167940127 0.24320627556374452
0.58115390175521120 0.80007634353434753
0.36335999221743509 0.83906150351214093
0.40015164719496787 0.85184664786903563
0.66447315860753187 0.37767452985951877
0.64950656528912420 0.61246150683903589
0.32753428206835900 0.29067464120177411
0.72663672953837288 0.61506250412069252
0.47593718750389741 0.83650335367217599
0.38850969524166806 0.58106414186786526
0.42993075895724725 0.41219328988031934
0.42504946816628891 0.40867311771592651
0.53322754197872468 0.47916238419360574
0.36076522722768783 0.52312430746149996
0.21861803109928080 0.46334592173894623
0.42848859451311427 0.21162558095777784
0.57092383867565133 0.60372494645977670
0.72392636381827824 0.48653010801397456
0.64191708873261011 0.66824905650357480
0.53765343763130180 0.69384223257383904
0.45956237425203122 0.64220366509853299
0.51030254530274122 0.44204477916215473
0.36268313702688199 0.58828120505299020
0.72258252003866952 0.66371315703357903
0.31563088605448247 0.55384215231275502
0.40100808329070159 0.82005052473767259
0.55585319758266627 0.14283349207639842
0.72397707940041744 0.61822140971288131
0.36545308319481529 0.69784083017820819
0.71976627091568457 0.63350888510897285
0.38162303249440999 0.46631117570247838
0.77555554407585947 0.33415942495046569
0.69664422723824337 0.41435754715523421
0.49994950917639236 0.17782621872358512
0.29810256118160994 0.58935322822454916
0.46560242431385929 0.70396181717951400
0.63129639409910876 0.79749158769760009
0.37642750785520224 0.20554325558858577
0.25293857364551708 0.82805196667118586
0.50095098341009647 0.46951415108108974
0.62981300799541617 0.17519296455482941
0.36560004343677832 0.34473590792233266
0.70323329823082503 0.23201630971057918
0.24220920987919919 0.34800029573749147
0.55701397537717401 0.56913106230949917
0.47027797462157978 0.62771694587672799
0.53898204696698071 0.83816405232173552
0.27817749397784419 0.79729943459629660
0.22256248373469140 0.43875343623151358
0.35868693052648509 0.56630034680292873
0.24222867859689548 0.46680850823486836
0.63878870128573473 0.22449062553788127
0.76251110714481873 0.43919681636567343
0.61434718318058357 0.45340147154733451
0.81148813906122763 0.36693228057232385
0.19547900567827561 0.58427182695540147
0.73262747437624809 0.37281924222060875
0.37417182376309011 0.49010359825027339
0.40015070544345166 0.74508871551266376
0.56774587453978087 0.75756616251260411
0.54441945173745354 0.75675961523259350
0.43265442655401476 0.43397689793345556
0.64506240478360555 0.74454400204937221
0.66142520426911866 0.59606706926967190
0.50384176182194140 0.65641194050359286
0.37012201338277129 0.70176849656301832
0.66128571509221468 0.36229990316611071
0.66039736193860343 0.68699304103471892
0.45401574027790548 0.84410376641076290
0.38327754741416703 0.51451401121835083
0.56634753185994702 0.74876138676167392
0.63978725081133858 0.73597525896381077
0.76692071798597961 0.42544870114731215
0.57325167663304044 0.24010533448734661
0.52416573787341458 0.12877627133312855
0.31725823503031486 0.43746819126216230
0.18404320343938177 0.49632788890053225
0.40208765380080075 0.60956698856131575
0.17297074940787419 0.54707825294309786
0.35201837117149426 0.58721880780888314
0.38597780707523266 0.86182714874008060
0.69059177401153993 0.45052348654054769
0.55420964909995396 0.39340832797056613
0.26604829191689994 0.35174191811920463
0.37681154629427160 0.62228315554490421
0.32432096666185967 0.78758435557246198
0.71602055216824634 0.20044538892926295
0.45636440883630514 0.18037633487170934
0.52217792287727893 0.28762197666933964
0.20095338565950660 0.44655037890853017
0.42764414727219752 0.57320664582118941
0.81832487849707425 0.48327017073798434
0.75347325631993356 0.24987071047265511
0.45467771668786727 0.51735784533341145
0.72622936453254161 0.35945151213600224
0.58583942182895865 0.70712630891608530
0.66363710175293789 0.69700718978575082
0.37366597843297489 0.26059266300431427
0.67013133523446133 0.69112423602576389
0.52683182928027772 0.82209398322480731
0.23363279012730032 0.45906349259819990
0.42761475209777983 0.61486299439655268
0.22057030541581271 0.45099216210811777
0.55690428469440789 0.14728848719554810
0.64723073405268017 0.59551928016645306
0.56723464146394198 0.27095124402771603
0.81746033368500570 0.50279729383752292
0.45657851173660435 0.81700480600585035
0.51725683567034675 0.21133600245699871
0.28628530609589314 0.37961640760533838
0.82166485401300149 0.47738522664797972
0.53217125575392910 0.30889686909786462
0.81697854177790030 0.35368358601062450
0.40325574759454763 0.84844645244704431
0.21573641153028317 0.64216521056241316
0.36663507516250304 0.86183313796554373
0.37389490309396789 0.68436529445607353
0.36150526103822089 0.86466733387873074
0.81492674747225202 0.53548942901482344
0.21494686065433347 0.62260701061612811
0.74679436445084058 0.47543871131225812
0.24131008205205623 0.45320848140439085
0.66504885271638647 0.44199201358555262
0.39861994039512549 0.31863834767495414
0.54764919394321665 0.76852102189425531
0.42237980427974048 0.46444433276710351
0.37609536782495567 0.38077817495410293
0.58850732064449107 0.73831053776959277
0.37065833278704341 0.84934591176976526
0.61430405622730500 0.18140976744274451
0.65159967091218340 0.23072116435052528
0.48536873924216761 0.31971490853539541
0.32827881722829655 0.54343121159923524
0.36197908763314063 0.20912925621604575
0.48933581430556511 0.34335019857783028
0.59316561471806439 0.73833574702413962
0.76361365266051084 0.37610055556863720
0.77107639662480143 0.19867490090236584
0.36011121372713056 0.46100312836654866
0.49407759690107739 0.13847266708776876
0.55898988776445968 0.78025822586406834
0.27404583787903503 0.60704122006979377
0.22607096739424740 0.68285226248189246
0.74371216636715964 0.59051989556211315
0.27845278250901684 0.81203591543048914
0.61194176212455276 0.11816060683935072
0.63476287516245389 0.19888252498915032
0.45261540874432038 0.58862067825347308
0.58097810314775677 0.18057853677254904
0.20270951551991315 0.66793935284410266
0.78201519300921629 0.60045575926236894
0.33489233281946174 0.54231977114189034
0.50879330980969217 0.21349141839974331
0.67925439029610413 0.26205574810688559
0.18586007808008609 0.59062078215051350
0.40664171139934835 0.23944773243780082
0.79257424461258030 0.20752691667965112
0.83568986490408537 0.40986594920251473
0.31247106182804729 0.30669638703950886
0.27170392084938111 0.82800058463791992
0.68735952038429726 0.16602777742318808
0.67875093393502584 0.22468209206373738
0.34734114764648943 0.27595469217545571
0.47945131938179808 0.29215638525707555
0.42190273222056551 0.83914737196094014
0.63274424540972096 0.67126893007878607
0.39861558373284278 0.61449717975145735
0.46232358291595110 0.71529057718164113
0.63423545494243239 0.41719370063518924
0.52936512874867103 0.15414522755098453
0.26706413256094724 0.59868435346207549
0.67542156756245197 0.30817697698186930
0.65112676294233141 0.11750299623594304
0.27352755063199596 0.86817372225357281
0.22661273691160327 0.61487810085618266
0.21414463501933337 0.49013526547169184
0.56369868110557197 0.14200240817189477
0.78071761724884237 0.53765257065995165
0.25675820824179418 0.62209936167867808
0.44684086927353472 0.60269642432447768
0.61529406714548607 0.22518631634164890
0.60547067435992952 0.15182371849446247
0.40154917150286284 0.58556867662589762
0.32553398411460105 0.32227582496614926
0.38125820585387810 0.30223956225540149
0.46452055262770309 0.21030202572716561
0.58795638311351661 0.35971165288503354
0.42282741645204003 0.30460128029632766
0.66532555819646766 0.54579821174094389
0.43636278125023292 0.51017965013416244
0.68908349007731906 0.16963640460539645
0.24133951818081134 0.80240996806138853
0.53416446086097058 0.29039774764265480
0.71328525542043808 0.54801458572872463
0.58595573502903231 0.51179265289240461
0.83194675797838902 0.38830671493239299
0.62181342729506806 0.32321937144797619
0.23086384872578652 0.67791764655827491
0.33375318525473840 0.31847383214423419
0.62883503120877715 0.59214170208284389
0.76482960140764678 0.30986509926121586
0.22315225312815060 0.68594307590485770
0.46726428041785839 0.42662510069218651
0.51469129716222195 0.43794741087975164
0.19312997740572119 0.64102321403455464
0.62355258366453115 0.30188607154184283
0.38707551940170598 0.31402825496275427
0.32992413210614735 0.53011810959136274
0.37468644595615502 0.28215679678087691
0.41164529784780385 0.44398534499187647
0.47489678330925555 0.21554825340022127
0.58199523210628645 0.78682707771604710
0.68311347836282965 0.71319926454662852
0.42022478366799743 0.18942087076216732
0.19542714117135179 0.72530773010597960
0.58677922097712487 0.19916969947170593
0.18367205490198585 0.61406488127257697
0.45840973592660028 0.41324769801562133
0.25014298538557600 0.44415151840191913
0.26391440528113380 0.64102394627403059
0.62487046046634132 0.67646392073301187
0.22637779742138325 0.61973514639885974
0.54868779412577795 0.45735798129502175
0.46894021799814267 0.33619355317456706
0.53740510366486660 0.83033691302785395
0.65485381741632775 0.44876307286518236
0.21765113129895314 0.41919616048292885
0.43348474414061472 0.37770169535694037
0.45438084209780538 0.23342453715500899
0.35759963313845505 0.44430993869408569
0.58655196005983956 0.25218097516562488
0.43580829688150391 0.75765692051434641
0.29243274981153122 0.49154859199105433
0.21303035503274295 0.50666777434007926
0.26943857390530668 0.68790075591339095
0.48911360541553101 0.30682553855265177
0.79124153426614552 0.51334050368036432
0.55534175721530454 0.66704671833229190
0.20711049624200040 0.53358258904080447
0.38311542321008185 0.52627449909665525
0.44948724712545568 0.48514534323565717
0.23114640093748254 0.82103211598473058
0.53981546147312565 0.68308251159268940
0.37460132912626765 0.60038742141283175
0.55767160225404888 0.52440283842038571
0.22659288676826334 0.55529028181169260
0.31227454690433060 0.35851233060496834
0.67757591762082570 0.46616662968825057
0.19453195565921766 0.68439447677464238
0.60840673868903861 0.17260503353183376
0.33199368649832073 0.54761910448626949
0.27543329379709125 0.31680370605500080
0.74912628970138528 0.59552657539187237
0.24153229320394856 0.85023717239508756
0.34925790420355868 0.87830158441648543
0.54176637496117253 0.52766450939396270
0.49589858225137823 0.20273785031910641
0.62437626933265045 0.41360528774643979
0.38483821226642156 0.80426688964446413
0.30469872915031210 0.49285469634601675
0.63163039275029065 0.42886093875273673
0.59050468505652498 0.16699608039961056
0.77269474219990075 0.49596455342807177
0.31061157612464385 0.75982404169633233
0.56581515347340150 0.46083587306478180
0.27233155789400465 0.38507651649052482
0.50831097800075398 0.81920533986683308
0.45633052680079761 0.62006820867551993
0.21177875427317266 0.68555125978733011
0.48686184761123441 0.36126471427985385
0.79183483717466052 0.41110882973055407
0.25863192949297270 0.50518385928945830
0.61469212928610606 0.15617142259453837
0.66499071726835390 0.36726005520084787
0.70122623049122601 0.64724447578836453
0.51011529618407969 0.21848908057322375
0.54255987604373646 0.66414110847055419
0.77388529617150836 0.39620507090784463
0.62869227815449213 0.41781615032912650
0.49266422108421937 0.16025276635293378
0.59546962666808478 0.48831131789817911
0.57526622794472626 0.57275367090422580
0.47452613174712549 0.79734600639919884
0.57224359703110594 0.14598826879474658
0.37080875434228222 0.41933071932367083
0.30628811584424720 0.40156695131394360
0.35472559254222347 0.34990130853834711
0.24709053168621564 0.79933341261701352
0.52546391381998192 0.70989085134083219
0.74055915924193561 0.20120631296152236
0.19023742349416189 0.64543940142602207
0.22765982554604852 0.55993620881556372
0.21448634324261678 0.65918291259063777
0.45858314738819567 0.84153381005994521
0.74998846132009223 0.35503194818238631
0.24056458382841897 0.72951603835943346
0.21865828088456046 0.61989696255863114
0.35050717920664198 0.49141397740877379
0.57056292247090457 0.19894155971822614
0.76462599972135037 0.29984646684977156
0.58430129031164357 0.66657194867876957
0.47451472787000792 0.78803694539886338
0.78514655865029259 0.48746489764261491
0.58176604461004955 0.60818782465980847
0.43554615843775957 0.33661926239985240
0.59952408634101684 0.29295165141286139
0.69376639210647850 0.37023760532827021
0.45294015812480498 0.41463725741008961
0.54756235890835003 0.48986408225957839
0.24393586796543770 0.34227066870059991
0.38808120417047975 0.26466198769046767
0.69884242108487848 0.62725972685862641
0.30585893531533104 0.26129711643749937
0.42190412502417929 0.85654134952052241
0.71974946290870045 0.65074371480702597
0.70331500559086746 0.19689866272444770
0.54543804871682033 0.17365400081357096
0.82801795173734105 0.51707224441287103
0.78971312156327944 0.38879744998013199
0.32510852867492168 0.47851722504522620
0.55353915316488300 0.78531817407624782
0.72079365327024603 0.37960174545992231
0.53508878664831339 0.68063768418744797
0.23003947726600599 0.58214972227307871
0.82310987389000534 0.26770265569356938
0.57153618895328040 0.50553145540435862
0.38198372918190754 0.24558828098829916
0.26656800056928909 0.73914295031767385
0.54939848084295595 0.13619362691093756
0.38076354657131073 0.54868153147386378
0.40462754976662307 0.22440505254915644
0.43383789592984484 0.46660641102507655
0.59887929592300215 0.56015027588586719
0.50158667905192234 0.18140168765629300
0.72560879284201063 0.57005102352398529
0.31019522882875000 0.77946645851581309
0.24778363883783272 0.63962586720085302
0.79284314882039997 0.30020614389534400
0.76459148092187013 0.54634735755260033
0.72697875185523086 0.28399291635184681
0.23589513874414128 0.65549230423869687
0.64076775659580587 0.74417187532217599
0.61039876852101038 0.40413210746940115
0.74183131041682482 0.40931337902542342
0.37578064626549379 0.72115973794228450
0.37738544188570461 0.39152108842705580
0.24859564097677828 0.76908089098589971
0.52884746952450157 0.45851019415148497
0.71932600232810018 0.44195909704962888
0.65897810976422355 0.22285276972813486
0.53189471139507594 0.59012290013400337
0.41301614956476862 0.25082293800399480
0.41786480070967169 0.58864337182830395
0.54664819595763814 0.44307043817978697
0.35653579879793018 0.79521121874726541
0.50896721382156707 0.78470118258477062
0.44413133081214018 0.83776268862438519
0.58254020498950387 0.46322742147778567
0.85089948183557473 0.39615751651782910
0.57262651468446601 0.66791503199489854
0.50097018928719939 0.16875099943546079
0.33310036747084265 0.84392754984850082
0.67520004794651278 0.62560386657504063
0.36736165410761756 0.75526360098358514
0.61672231826099166 0.40472380976261740
0.27045691838167962 0.45674591618396665
0.72328280077922469 0.44538611315120258
0.60458527060511769 0.39209902062198015
0.59784543333317230 0.28296797148978758
0.71974074723926784 0.41132079579783121
0.52331584712488044 0.58366817500599266
0.39595101695416474 0.80339592480201993
0.29991543829762574 0.61591927013255887
0.51548476028982582 0.20645927066707620
0.62657090989824038 0.65746725670748407
0.57778429333005266 0.50571056386663804
0.59392933859969532 0.59598807319762337
0.29646511884088844 0.34672603566007820
0.25688854478140832 0.76904207105910172
0.33040035651924521 0.81372489763519307
0.32475071386085047 0.59277835445697535
0.18410651797887773 0.57383418111182360
0.71859555387012075 0.70941373084044823
0.52755072880766107 0.22311101867152822
0.31359092333523314 0.29890411040987896
0.60332753337328504 0.76749606537616044
0.32539101886367000 0.77760366970365258
0.81832842312944998 0.30196827124606440
0.51260543201768494 0.65070749728067079
0.43964720761450354 0.23876062784023749
0.21340281472668499 0.78983161448435402
0.79783259377070570 0.20778347633109887
0.44832622644904097 0.58511266555356212
0.78660300165147157 0.24583366292991021
0.47862615927542762 0.75942494504124580
0.80079467514157321 0.27064911712928513
0.37878051491561859 0.72552947912654742
0.77576956790110629 0.19107210195707508
0.60567589245138687 0.47364863997990125
0.31069697862218476 0.55028186411952551
0.46015131425065803 0.39499504799698448
0.65989256220241410 0.61689207685822156
0.43420558525621278 0.81800062251159322
0.50924604250629468 0.75225387239110275
0.38915565177168815 0.22400027186195742
0.59090659254259326 0.21428282030820678
0.50185604127057226 0.19634787863952374
0.44857318050000133 0.39819464949988298
0.50153457411970648 0.18877854906599850
0.50935151857716621 0.83879327964341654
0.65738035645990922 0.76307477856919503
0.32593612388168464 0.28275093534424112
0.23477060179210602 0.50050164321991830
0.26913760128109399 0.39183586502066192
0.81412054375059029 0.39918657533572033
0.32438660584721413 0.58053334211587870
0.56198037127552325 0.19976732999840702
0.32543781232261604 0.35144690148087920
0.77235679956185344 0.17783522148554309
0.36086503202902853 0.27884269377873250
0.26561989390076346 0.38110024246393948
0.83946184099950039 0.30674021094272802
0.61792723009527428 0.72932148529053997
0.29286997230465456 0.33658246800759239
0.63529639014269224 0.43341610441576528
0.57046533594711124 0.42290878663107390
0.58849266904098663 0.24025449099178756
0.19869207855213258 0.69867964216666822
0.78018016835685988 0.22594650041631398
0.79451413588852948 0.23612208434805187
0.23593854651435153 0.44365268958780935
0.39763300959908709 0.25310980228301289
0.65731770536694345 0.57928599031191264
0.28399190616215531 0.68895505631454146
0.23776124039409233 0.75709325249730841
0.34895817514530325 0.45955492508753293
0.52972770474898834 0.24419079498906476
0.34902469386387969 0.30721796496605080
0.21723208590567006 0.70326277717776819
0.53952021598639166 0.48306888749926491
0.42726736669902438 0.16818383825767619
0.57016669382571050 0.70620270642282990
0.47692392088665103 0.26933092171948525
0.63646912590792848 0.35029002827650424
0.67425142502092106 0.61588970979660873
0.80267603003041521 0.31888778074852392
0.41453868438397229 0.79508056935527782
0.72102577052598971 0.19235469189189483
0.28657147447517400 0.75740974600425270
0.61551317662114080 0.46501896322537317
0.18341914639578116 0.61830314406904296
0.42534015312088630 0.77453740289313411
0.49398997539631739 0.84406357099804774
0.43811253804576278 0.23454428806779173
0.73928856600884008 0.20984211380010065
0.22852668704013115 0.56473727929391981
0.77997274650895687 0.43152923214767958
0.63786774710173622 0.16913514806694246
0.69961921363259094 0.13594576962989174
0.21418830617778420 0.53076053698041292
0.21426347110741056 0.61442800861825964
0.75529040228777344 0.45333327958136449
0.48886507080153702 0.71505975705883418
0.81797650382295573 0.30781626666784978
0.44120421883734429 0.22253394181714437
0.19215183162735433 0.55564685856630169
0.48804501762869623 0.23538185768345557
0.76495579691127358 0.29490492165990012
0.57423830450691793 0.51053202172931345
0.26060372021816275 0.64952604904007594
0.54888401671261422 0.41107168186871856
0.52274095994230085 0.79278805561853405
0.81900744735429631 0.28786832572809196
0.21509786114717488 0.75299433937781235
0.56632175008564811 0.78234584877105662
0.60253895355710707 0.14533604455145172
0.36134514465687811 0.28368728335335625
0.29599672732527260 0.44361068635480450
0.45121488659227016 0.16922365139847989
0.73973901292997868 0.16397911947004368
0.71742887826035195 0.41995569355609091
0.41852126080932367 0.30777159604639653
0.16902308612566555 0.50845268527195053
0.76144485196878542 0.48617632333458416
0.70810879206532873 0.57189732113479053
0.51231521784206868 0.29987601086470317
0.57358684054221265 0.76516910227186108
0.61160546512876068 0.28963788004281266
0.63088617924603796 0.50385547099202110
0.26985178293870932 0.32188567569044874
0.34545496402650278 0.54820693776623064
0.57745271660001007 0.77603285895749230
0.37138131116519763 0.66365317206150798
0.35808159966345587 0.39449531090865597
0.27537378005968199 0.65133931384130839
0.68544826895709321 0.16966521601226980
0.53750851938053312 0.30749086612946591
0.65849286108893290 0.47500871898126806
0.55489279351264598 0.50799787870515334
0.42785717395670686 0.74232267479589487
0.58783608332906112 0.32057485220438503
0.47989388972237840 0.51924063256092601
0.35566125264737170 0.86683562019919069
0.21568268443362162 0.73655362938631375
0.76345848380822345 0.51348009493149038
0.61118258170420536 0.40963679370507278
0.67043386195550370 0.64408477812879206
0.72809093329084029 0.14699626363645990
0.52687781509984144 0.52690064433405670
0.23698352491438152 0.43592897436081446
0.47266738247239892 0.85714857975041581
0.44440366829088851 0.19043293037786005
0.54999278753834169 0.65679182018244786
0.60485266358865952 0.46822550632156257
0.54612897902632040 0.13982181400685806
0.51420038126441037 0.35634161870413178
0.34165297328357125 0.84092860790129675
0.60870434443221866 0.34320129407570793
0.66892684092562726 0.34000238694558793
0.54674524629461607 0.39971107259400918
0.64123544934155996 0.71980686044234443
0.34259978467145091 0.26133220987142997
0.45939763881971862 0.25376495226157103
0.33532590106134696 0.50719427232525349
0.78229937423833651 0.21855377445733398
0.82844425822458834 0.44525121874423201
0.48140818606579916 0.28110901782250253
0.45647387662897632 0.20302781913789147
0.52784192555424925 0.78286521417679422
0.55755822190873705 0.23514087733515190
0.22668215315722187 0.41052707428481028
0.30294454229562118 0.37317760328719063
0.48045396785403699 0.67636460879691529
0.61418567762342935 0.50089584008344712
0.39613930685170012 0.24155491351408367
0.66235396689694515 0.53032981268532664
0.73810405393682921 0.51515036649552814
0.30811204369050627 0.43211312402763424
0.42735143899642403 0.54076841196473446
0.66670069596995252 0.33405740687314145
0.60754202010927105 0.75685568610190534
0.65112332904713299 0.68197989785224133
0.29694077744674663 0.83255443830727194
0.38375068790030281 0.37276487988765639
0.25370187426721924 0.82281841788125576
0.32775789282257212 0.29453780826993925
0.69644361877926153 0.17762822152240232
0.69845514886931381 0.58733378226017208
0.22261090610898229 0.76411492527569447
0.76159738133702248 0.60007656530295250
0.67090085653470233 0.16888168239792906
0.48476252839736989 0.21078007381180222
0.34358362330885034 0.60941550872992278
0.31905103878081165 0.33730357725913668
0.49452685939206115 0.34589639252148452
0.44216040467246776 0.20857139516732029
0.64096267739165147 0.37933050271032487
0.43845252433632176 0.82096861890864103
0.25899025501031775 0.38160944283229453
0.72051504830091706 0.20503285283551020
0.41241097435690810 0.57382357934324979
0.82067354613613186 0.53759843504651927
0.32296458342862655 0.54611123607669909
0.18978888887694206 0.71744471315611880
0.68163955430313117 0.44829108436208864
0.27835533235573673 0.32734666795165757
0.62100339487587408 0.61995746293955900
0.25230628239082975 0.36591279770987761
0.58348335252413464 0.50599225214567811
0.46818152618357589 0.69125007783376458
0.28388210010731318 0.44394468792825836
0.44043651121494864 0.45491972133687941
0.72072671423811729 0.68326501115459282
0.55872314656164734 0.45370578558984331
0.44098024500992061 0.31103298152525016
0.57511977158957595 0.19587340595906305
0.40942874859378980 0.32003537293098727
0.24327030137050853 0.69436557102231777
0.20147684979534233 0.54833672687971102
0.61132156073316335 0.12374359701277027
0.72730185175967565 0.42501155517450884
0.26904988399770924 0.81558877293329923
0.30215758330045428 0.75607383789471183
0.18029189847973795 0.51007908133461444
0.29703684904043387 0.53771783428452946
0.64895902393533533 0.22091859291588029
0.34643361500014913 0.26321527307895332
0.41121850993613857 0.54869687580542059
0.22195056487454945 0.44284630280811693
0.24600806696554905 0.77206580051506712
0.32364505708628316 0.28976439629129402
0.53897260578848538 0.46498468063170439
0.61558728884967895 0.57254603190738673
0.52583323539302118 0.19662717444971545
0.28877568179518898 0.39781931577389951
0.65869523193659529 0.30671281086163354
0.19866834068795736 0.75241458942881156
0.23681992542936886 0.47255149581947459
0.18191110802303617 0.64418057779621707
0.36052408366004662 0.21668705096326946
0.45074549017533272 0.46520896486933805
0.56718517690878967 0.60799875014991400
0.31512415911355734 0.40848975692446332
0.23145999512617235 0.51717084017236337
0.70096855739358621 0.45397304649830228
0.34147313074679919 0.32353209579448439
0.62797988124378246 0.70288124870932123
0.21323360497899352 0.40170976997153929
0.73291024539505101 0.60854788251924430
0.52641433709066288 0.21560916498441746
0.27249636400489124 0.51869890623266302
0.71143119197810967 0.53741493177646260
0.24615072594029233 0.57213377944580290
0.21430765023284154 0.48200302570146158
0.27172557004635345 0.71081256853285657
0.31387002776144102 0.65428391398649322
0.21713659770333829 0.76821056845808100
0.76589324526664715 0.16428567891457599
0.76746678895657738 0.18717738911334375
0.52755448413974637 0.66256148079759269
0.83561547685240445 0.42436607579893498
0.44282572482002069 0.39979839097097708
0.83648984395533654 0.34194211601003788
0.75043353194567841 0.28937122231717038
0.51545425119510224 0.18590943971470986
0.29101542701346228 0.83698048410229353
0.70071018157745857 0.36945569223438457
0.48533200255835518 0.19907993468124244
0.56107728380982869 0.50840124477006643
0.46497923777992872 0.81259793800493685
0.75208400483045434 0.27731466394964799
0.58917096800348567 0.81158828540136962
0.61015396327649085 0.70654584254566821
0.41770715192480590 0.21834387689828499
0.78983284245980689 0.31886026495021658
0.63525742535491203 0.59844320484527169
0.17541370688262176 0.68735435498153330
0.83703095606711786 0.39886210473643735
0.71069767722621346 0.66406530723111645
0.51572242810651692 0.36179815800165588
0.63551754635772439 0.12334754714610148
0.68198804495436427 0.70490395651824012
0.22668305933675381 0.65730101051933421
0.69278806151725503 0.17161379052382097
0.35018001405272875 0.27378524862112347
0.55555716768903063 0.77665431956882358
0.26461625428946312 0.55428299813977822
0.56107281713457102 0.46596636995980101
0.25834330889411372 0.77324433321800479
0.60091537785341786 0.21463124811416029
0.50261126294301350 0.43387647986900457
0.66585378886539903 0.74344007353023178
0.45756993507733901 0.44465229247779381
0.79973975088601290 0.44428677416765106
0.58725744131464563 0.13670621826995230
0.73430323583083468 0.13044310237985135
0.67176121104095732 0.64919455587774577
0.59053451275872759 0.69540581394775880
0.72286082059634382 0.27071902964188216
0.70189275280369012 0.34280967463330858
0.26711597635668188 0.42877174611876678
0.68430637153792007 0.45810684638548815
0.52597890492966992 0.29287516734121155
0.62865389896396606 0.66211076408085456
0.39544396656401598 0.77652946094604758
0.46748538597665018 0.17415988927531592
0.40450213850867095 0.36969111357668683
0.67510325727212495 0.13280665809491474
0.65346455565871531 0.30899628580902505
0.62546807720131303 0.50267111734989656
0.48958963252171839 0.80516936618540313
0.25183770341119138 0.76655569436385007
0.66227094346074444 0.60170556521647156
0.27227473771442523 0.75873672039442730
0.23474834942485739 0.59577992530036405
0.56744553804993725 0.13952967801447499
0.76755376673968700 0.19144354307652378
0.68607103725533192 0.38148349255835712
0.39650329690577657 0.83747799296543191
0.52343543117158176 0.75946112854366954
0.54619807920564523 0.38131483798662147
0.77786758049704974 0.49221767500137614
0.46626675961111325 0.26765286065589527
0.40255241853899348 0.40056689393026446
0.84713672687710384 0.47320369863656719
0.21263685815080063 0.80885617055952341
0.57110080606207947 0.16356157918696856
0.65693383069643430 0.40141344298336146
0.39009163293464161 0.86490444814005862
0.59614822212742458 0.20796379693617179
0.40225540897256928 0.69578272927901197
0.41939241208529376 0.56488929337302629
0.19754693679302004 0.62403855900712124
0.28770873686655618 0.46757996385857226
0.57250537350193054 0.32902746127240112
0.76815881991734636 0.59424924096312137
0.32386308695645627 0.30499590283992495
0.62163439757157790 0.75881103886302870
0.37972136628862285 0.36893840416410495
0.25360828720464423 0.49397433835768251
0.22379305228509050 0.69357090640323782
0.30187130956380470 0.54130842220841524
0.41499666881644459 0.21327009564055477
0.21379831246866454 0.38136591954853072
0.23865836486402883 0.41905960230157024
0.74023000181949539 0.56349582159850575
0.29399859653138549 0.79120924019195171
0.66383183725865935 0.20161128864773495
0.57680262936496307 0.15134229854762998
0.45423435867633921 0.84930132491787502
0.27581318543979311 0.41656016712343830
0.82946203730628609 0.22247582613653638
0.69722302474283870 0.60851144630235399
0.52437405064202258 0.39540528841048928
0.67394037338656343 0.59015714181174095
0.64576793246220898 0.16789591005588547
0.76121406721546647 0.26527114764664705
0.85140124395684635 0.36643451962750878
0.34196518072178272 0.45090501552004186
0.26242085050290315 0.75732787145967029
0.80831960689739424 0.29343883734577236
0.51178909308055398 0.22466230947944357
0.48985793743798989 0.53144428971972690
0.69618369267881675 0.69029938131746338
0.30581179764010935 0.30192633521923373
0.32855516622595182 0.39796259202259310
0.66039193081567416 0.23683558080297712
0.69725017292654368 0.67260455188801249
0.54361046736069929 0.79584043317412068
0.21972241001575032 0.77975146130885675
0.60556109981434214 0.62512109816169081
0.66762278242405926 0.39275993975055423
0.78184911152277747 0.17872919017642713
0.53591257136041015 0.42043153223814489
0.21495802288541446 0.61855426840366101
0.45823208828470030 0.20651767178655600
0.78934037501112031 0.59173333280185259
0.40769497484227546 0.22237812743173449
0.73733663762957102 0.45461592773080067
0.23105810982038213 0.55573872983871986
0.46039594081523372 0.20323779238487621
0.32765685497938946 0.34716351885236973
0.60910938011311477 0.21645172599928864
0.67331848471271982 0.61056951377124846
0.71013222226369310 0.49106780518161730
0.43908952168707527 0.35026252315798312
0.39506075784383599 0.21356469813950532
0.76554018107053667 0.28993360652903089
0.53656781951214971 0.57560267644069141
0.24618688090731417 0.48438349338692410
0.39943761172069420 0.23989015763212373
0.57735850675419309 0.15955633360191557
0.59392151891677025 0.27890450530274191
0.26961903973506574 0.35859714558454076
0.64622170493581188 0.51170123691727432
0.20032284630446967 0.69525825064958513
0.36276457489420699 0.70957982773839956
0.34514650434181526 0.30908599438340872
0.18967787220217383 0.53455162111122712
0.36364616823597445 0.23722855205156013
0.36775949614552605 0.81522652871278034
0.67212706214499884 0.44595377634355760
0.31138162921076956 0.42792015260313665
0.56549658118099089 0.78673062767562885
0.61083247467570190 0.13757319611939028
0.46462112508495085 0.50197245379144828
0.40014302762665804 0.62056693802891760
0.60715028723302189 0.13539471101136477
0.38689566099373823 0.62730732581690052
0.50281079752966340 0.83154516111069787
0.21405985344076844 0.44176670626383097
0.31739238299337913 0.73960126489643407
0.28090050580519499 0.75633429358189885
0.59022844460567925 0.76701086895695969
0.42062666811774779 0.46969627172139711
0.55849574061348672 0.58507439678593054
0.54162382567394662 0.26960928878480367
0.69962596716627901 0.36055200106345786
0.52284856871566365 0.44960733346530313
0.48060497788866746 0.70379420202998455
0.33913544617660701 0.78995009148287920
0.23772784698980809 0.48348696719603979
0.62959958402268146 0.35202477504301166
0.21704364278581692 0.42366661451388510
0.33457214776974009 0.35654349710986627
0.46197758056428662 0.21766183097811614
0.45877088476947475 0.63042455258836538
0.61106763830441024 0.18510444441087426
0.31017235681189637 0.68653889649917588
0.45960666047152149 0.82432311828592963
0.65606796540458034 0.72825507657419930
0.56365786466715195 0.80733478647491108
0.44264499627228948 0.67248363296935110
0.46742481321841090 0.80233643749178074
0.50190637848114750 0.68870055452552692
0.39154477083508143 0.65657286808503668
0.80165185976322173 0.28452339898368362
0.80833521476938652 0.37479370147693436
0.29538466733691926 0.38034713177644397
0.45712175284066958 0.16740115396774724
0.81547956026326296 0.41086792736836242
0.51846709416199566 0.45585213982277495
0.70408206862213607 0.61553194859277005
0.83938968139477010 0.45814861893003911
0.43918376551582639 0.44395005818139827
0.40376480301707329 0.31912763301715158
0.64402652326031673 0.60480738185758576
0.37493816450140677 0.70551667329678946
0.24798557429959991 0.80615571809881414
0.40506086472354852 0.39497327001363686
0.80205302546550561 0.53702327442736353
0.38868838119810667 0.64580952178135542
0.64805589504470906 0.31001517360236264
0.36128775244245737 0.65839556617914585
0.75787382861128905 0.15869884060288778
0.50205615821137983 0.35449890734568817
0.22166198453285640 0.61342605317971832
0.21571786989997588 0.53741558118172117
0.59028226790778948 0.49079161401866467
0.78018166579046178 0.34012515543903366
0.59340361413835785 0.39297506100215723
0.60219846309230907 0.65799145742093801
0.21170683847535765 0.62051806219705918
0.77768521999146911 0.27817488897303688
0.56636235388850675 0.72863363546980375
0.35603042848937416 0.41242800775379523
0.38336003133523661 0.63865021027540725
0.76688579147098379 0.61789980997095550
0.63593959452314819 0.12813906222316884
0.19477727276311280 0.57534966828425282
0.43660679558401594 0.75214039275487932
0.52767139814762620 0.44663839748492690
0.37649538230638441 0.41102750546802314
0.22977390946423804 0.42021816476049045
0.51793098049713726 0.40270673534290485
0.45787840993591666 0.31200286094249902
0.54053326959672732 0.82105926777088478
0.44213552026897640 0.79623862735562290
0.77138997283121802 0.55953596609438416
0.49040411557530594 0.54632475802575675
0.28277680792582371 0.66493424643430210
0.28079177441523778 0.42381849047983422
0.54769092694689869 0.52889885176711904
0.21275158379957526 0.43068610952556280
0.65444073779247702 0.26383372441837710
0.52069006260491091 0.49200873756778640
0.80253696733717317 0.23498884296222405
0.64109087785853791 0.27371134097787680
0.68803254625688082 0.66994075176506684
0.51489770415724878 0.13254195714634787
0.54616423249222446 0.80866082319153076
0.36364743956098611 0.51225025867629581
0.48660687933492297 0.81812249314747065
0.66428494671143834 0.16683434447492873
0.46837146376662570 0.84185741004975156
0.56234745970978484 0.18431989680067123
0.45542130162141248 0.86818100749124194
0.56024351324234511 0.80414578496350775
0.47721547540531239 0.39240686436970013
0.57575626512027100 0.17463507605635797
0.21989277462348170 0.45510521992915376
0.59281124578551814 0.24782581383828167
0.65401804654235285 0.37404254905595824
0.49907232518392003 0.82219887763176080
0.75393216421795839 0.37135215764571861
0.23569638237698270 0.68969706199031811
0.30496632763807852 0.72362195345389746
0.77065374438998480 0.39231255903205625
0.37283243163249719 0.56324393909104731
0.24468895946802385 0.78886823355058588
0.31045457040168312 0.86073015506647021
0.38655337218050878 0.50921992707860742
0.19665150512278246 0.71367487053565659
0.62604885718982217 0.39803018706113624
0.71809763877044497 0.46610950993750083
0.55584857757243111 0.81966765445852796
0.61133122479485680 0.57661197943764142
0.39981256192271802 0.53175094747362706
0.19688179886934101 0.65932246796542460
0.49638287125504932 0.74711476235492003
0.37159113461717524 0.34389555367995095
0.52296958118783987 0.61037431429475386
0.70497328655454372 0.60179327967923102
0.47905124511557440 0.59334306749576415
0.63213408798272042 0.44489015576762642
0.60775439447980106 0.59225516473981377
0.42531303504085594 0.82191467509504179
0.52089532589612153 0.20781684581924822
0.66306029609599693 0.70504174175307299
0.73007237444785322 0.39829618242136500
0.44566505075745877 0.71040571844276323
0.30751198360849552 0.84125631181740435
0.75960842653884986 0.22507080775979307
0.52664225013743682 0.18308319727839040
0.44542149812390758 0.28128043701461186
0.46348733302417322 0.44705879021933004
0.77912907833338851 0.29883479297149662
0.41160703849412195 0.80439734803310048
0.67769135985375073 0.70985367671129063
0.40505056629844677 0.52173865853749601
0.20528885543774769 0.58137258569305006
0.75531402021862282 0.44711354521876606
0.33438275001776285 0.45876745207232572
0.43278633917922438 0.53825048036190948
0.59679067115768514 0.44204575805981106
0.46120357279640456 0.86352159278629337
0.20121545194024654 0.52894527022643700
0.42519591882208319 0.79627844277559912
0.35113877388280118 0.22850801298206125
0.21687937596027390 0.49694347304598974
0.70233533618214994 0.40560698783005994
0.43602998372170210 0.69673358513015815
0.27522229678246307 0.34938966686779127
0.70759345860122569 0.64052494695089723
0.63660882947936925 0.76021101431638161
0.41234442677206495 0.69565639507736743
0.21563456107827755 0.74247301845088209
0.78199966559227052 0.34545111183344634
0.70783221809270069 0.62090334613922016
0.48859013472642587 0.51872269544557104
0.44590572716211041 0.19452437522329402
0.70927938359559273 0.35116360821409193
0.28721647732682803 0.58766270147180522
0.21433691571285310 0.71318656642930300
0.26245608721486996 0.46752675191030357
0.65452847537855285 0.12191952373978854
0.45849047192321835 0.42904222144755871
0.39694448420490641 0.24913169675025792
0.44003608963719204 0.83944456090041586
0.27012416566382635 0.70540037727666305
0.66752083093623948 0.47883321743002677
0.18536824520788966 0.66226646555862478
0.71597303264537948 0.14396485783525720
0.51352824403206021 0.78576400138463165
0.55626734453870030 0.74951341790391868
0.58104782755613615 0.66224453753643797
0.71566643773566985 0.50729084294687454
0.71226622987992805 0.14233854436743906
0.47406498668330915 0.81079616467631843
0.35068582738597676 0.85009786340192073
0.39746175802866551 0.80818801036784960
0.46458229371137116 0.67579362358797357
0.20951078520622662 0.77266134636827721
0.60462977174313370 0.79027135779098823
0.43357662000315322 0.48223078521528301
0.19494193423674516 0.50895476009728224
0.23060603410002226 0.52160226058040404
0.38902348613280485 0.32467971746513180
0.35070699978034697 0.77027039150856480
0.41104039505056345 0.68851955892236849
0.28607773833175254 0.34415885026077520
0.43975994332183010 0.77757478479226683
0.58598690754516847 0.76717323610859511
0.69726256279451881 0.14296105753246907
0.78980745273958242 0.49914265760842730
0.17272717961868178 0.65931343364187645
0.40721666156353331 0.36452369651982341
0.24145344397270643 0.42164652467245711
0.44971878656913639 0.19479393663660372
0.23074020541675383 0.69027181733759213
0.48133758062733667 0.39687157827716818
0.37196957678284598 0.32386941090736088
0.65756020641926949 0.49834785542752535
0.47797619750440279 0.41770984126963412
0.28750995795583123 0.51571608080599174
0.23884927714599075 0.51077254490022050
0.50403611090270917 0.48934982569191537
0.69930889001777818 0.47907190258423338
0.20992852851030996 0.57514477001710174
0.73336327938342016 0.15111371204109580
0.19545094740390123 0.63790381525346729
0.24063601209812790 0.65735208153705993
0.42342892753838807 0.45853417860917239
0.44962740490362468 0.80447049225083822
0.62691343846938785 0.31215108671185066
0.46171265908314046 0.80943903591676847
0.38832217916488349 0.83877818993320974
0.57511498436135966 0.50069751132204177
0.51317324224147298 0.24057902284410493
0.82008760994917651 0.50868810951373100
0.55569938091973514 0.46966927370427447
0.63755583427797824 0.30740767469658992
0.56925033163061856 0.69836021367923595
0.32427105010648877 0.29721158387784535
0.66846651621447795 0.41509105370148136
0.44072424824104317 0.42274883778854672
0.32017295523820821 0.49421121753423780
0.70352801203211790 0.66570245481704271
0.68993646512154672 0.62906797259741509
0.48043723251448101 0.46006774561508357
0.18805804977023682 0.67444426681163638
0.32022961108551895 0.37745707008243851
0.26090012368474647 0.73863196784711882
0.24463359866464676 0.81838949198617272
0.80054720899610721 0.26094848472470217
0.33983938012691978 0.32804735146429376
0.76568009840891027 0.23665842140996174
0.31365619707708225 0.58448797686168241
0.55292744567738905 0.81545018256438762
0.76747293312987264 0.44860305450920285
0.21843064536445139 0.62424918200715585
0.45502447506273991 0.79795290564747312
0.28920735707036482 0.62205205312265832
0.63466590016829882 0.24003122191045800
0.57139923009649918 0.74270429112213887
0.25655821663731510 0.32922133400616382
0.26377181019706364 0.40114236370898448
0.43357585829002965 0.67979950069497497
0.63976051948932777 0.26002311398002553
0.24577836716253765 0.61048699320502364
0.64960442953548858 0.19727161768572071
0.49567571320919723 0.56986462627999934
0.70211706118525030 0.12215780369180021
0.42859882013215356 0.88077592953112416
0.41015348682330821 0.46739569298357436
0.24636921381972027 0.63468521427406732
0.27099530376641090 0.59053237828692939
0.25234731404095656 0.57123933824089990
0.32610109870583548 0.44375017906874070
0.77212218900730423 0.51001356026276046
0.42585658704666662 0.25155651963279568
0.35617411833025026 0.23252272165833188
0.78118268706263372 0.48940992593527477
0.36994375971047810 0.77146876912501905
0.35723604446482865 0.30065107215476633
0.20872258685998102 0.56788046633930023
0.74777721520866003 0.16162263254403303
0.42248942887844065 0.83473197057774140
0.49822876132898497 0.36207732226930861
0.44132618189517420 0.24789295366661673
0.26872690198730065 0.40982776879969990
0.37169046116540200 0.30392683027993200
0.42341145707597605 0.68419011091493920
0.53099429547108201 0.67640635043763853
0.33185174994078886 0.61471276095864558
0.31915898292966760 0.44310475001304550
0.35789104910072655 0.76060654133232675
0.38235308107551103 0.20404287406448965
0.52650761267779511 0.27445291488681656
0.45016183152271771 0.52339154798044196
0.41215045058468186 0.53638746445296748
0.23143583402084750 0.61370849368881131
0.54495391357234402 0.15903408311068923
0.52082708143656498 0.32603991398703547
0.70401797396654120 0.59145587884020967
0.59520168845924448 0.76582446047586672
0.73316457656167267 0.51580379389336106
0.23203776741669996 0.78443173944552957
0.42076068459151977 0.78196931607155307
0.21930161419522590 0.68431432522849400
0.54080735477247199 0.19046298764452990
0.43340600661238976 0.44463560431003935
0.38023478010991862 0.75625765347431928
0.43687523379556803 0.47757964701653899
0.45293964071658144 0.20237446525447403
0.74103530378397897 0.53933333439185416
0.36925582754789998 0.50389092373851052
0.21697180330502452 0.78695589197851856
0.18332674410635111 0.71140839356464003
0.39248091826221404 0.85390693843107190
0.35045809140677547 0.71266472316564466
0.63600502952987426 0.57257751101145971
0.36139224716369389 0.73017761462850095
0.20515029419460354 0.54634572111192026
0.68202569201876106 0.40638905623170635
0.68559574895843822 0.48556541798894021
0.30029403069062188 0.29383729633617328
0.26224412635987604 0.53085050057161676
0.61281825168535897 0.58874622425590528
0.82087864142259070 0.36019282501262073
0.34230832225278990 0.31867411568506937
0.76301012020992198 0.37047550348829006
0.67314124752413940 0.39309168737882538
0.24009616515229298 0.57295828269717064
0.41381343209508864 0.23989210399180955
0.24407032375287888 0.66500723539813400
0.34644584262389660 0.83249836823028311
0.71996393875084608 0.48185449253671797
0.15974997051040313 0.56853505651248781
0.67445364140682096 0.48848323249268516
0.20917998687991260 0.78801979556464330
0.20283567151532284 0.52121052034229365
0.34669851654034095 0.34217465494251709
0.34155979622323807 0.68295867840378899
0.21300638576242592 0.42079059247015260
0.33294411332346907 0.45163601213102267
0.65043413645659665 0.12498196385556234
0.39970287451742204 0.75055476725145720
0.76420134270487594 0.38213115624582072
0.41321503952406191 0.73496856697330770
0.36593997401916945 0.32652455919063827
0.39644713225705269 0.82311275574417364
0.75414603674997704 0.50273818935081149
0.49118249700338334 0.46079751016552273
0.41077267279214780 0.43842363535121504
0.33221648258730552 0.70355092407387021
0.82583502159014011 0.31334547752879494
0.35132172713523169 0.31119874183116536
0.38568866853282813 0.41872251029705471
0.71662748080873162 0.59404776707742446
0.57468075300951560 0.70821796054740649
0.34968237353109155 0.78723277397694935
0.48830213464039718 0.84111644560096377
0.64028684155022386 0.63983061351070225
0.80535550086737473 0.22124519094776754
0.36135125057186368 0.22491490117400437
0.47267913985961335 0.41968978999977824
0.53190847034060262 0.65929763743756731
0.22257387287692379 0.53944381290502919
0.50643509847828316 0.79867638453742451
0.75357885186642548 0.60040956199620443
0.63124214608333007 0.33068951765647736
0.19488280973419608 0.64841463520379050
0.45063384142553908 0.25964405976575006
0.27345258506335934 0.63566010876690682
0.51752725765799634 0.85786543910758317
0.71970354267752912 0.43637155989206222
0.72679655293940093 0.64332373874113002
0.62912890764478413 0.16282769965626667
0.37472698028377782 0.64692103996897110
0.48190632617433288 0.85013144627884518
0.21444239898405631 0.69526549769936763
0.61450728299866952 0.20646853907055310
0.54012256670779735 0.23139491734498888
0.35630986060146946 0.27347185269689334
0.41814440065915870 0.67418757078442415
0.17677268919902400 0.72736976090155192
0.65704222563444548 0.53919114059362916
0.63810517279797585 0.46627510632590030
0.54595762535204462 0.12395115162423903
0.65528490892133950 0.61445151870795323
0.22609726834594118 0.38660092865424450
0.22630196991602464 0.76457167341863275
0.42018097381848701 0.76061058168399831
0.59098896268590573 0.57127825233313501
0.41496064366543661 0.18705342448687196
0.76783548887192854 0.54907286449911608
0.19058403886489722 0.48070192637570625
0.75581833165238088 0.56177725863263084
0.23061031820253680 0.80117549359956675
0.56632740850317664 0.58076702003647918
0.34102710896980365 0.31003858720021160
0.19398354404432941 0.60641871609930487
0.20426790204168860 0.57082682744522284
0.83535398087030543 0.46861160505056421
0.27418883550124440 0.30696627215026540
0.37462967635931826 0.77518118077738052
0.36366697596622172 0.82600123332929087
0.37444574871031289 0.84120710726380654
0.48141858657378572 0.19303283543988062
0.51901445838020210 0.66709862001842768
0.32640503288734712 0.68439211409993750
0.20486113018205235 0.67737260598919047
0.59569372850890878 0.56795934977265083
0.40773297660876173 0.81762908346414886
0.19019291150607781 0.56475415791580419
0.35384436803233110 0.43913513958277528
0.37088105935706062 0.83867283926138259
0.76070073160184615 0.23770579778326384
0.72237674915143946 0.36902043949037450
0.21266835896925554 0.64444590134807278
0.50176405788382417 0.37851093806397335
0.32896601461989761 0.38288153423583360
0.52861637487284341 0.76815626286503869
0.25871825527938175 0.40251097218031578
0.33374350069365177 0.69763958586318875
0.31824069776919844 0.31528329307828756
0.46031701855937479 0.76822177479763298
0.59658005660505853 0.26731187285967700
0.76698751421957279 0.20022214293770063
0.69890443747528874 0.54295079993018880
0.41252776152587733 0.19454075446607383
0.19812156638224526 0.70926767675410940
0.26557017480214667 0.64591028505757286
0.53864456528387117 0.76736429631051384
0.72829274269357447 0.46019198301418657
0.19480410064163337 0.72958908852555082
0.32505485077006502 0.56840058455477749
0.60412658761556226 0.33550598440356383
0.23624751508366407 0.37937709006772069
0.58724522447166150 0.21800154981277886
0.36857120224157669 0.62174839811635607
0.54911662097260994 0.24357721666003418
0.57274411464196917 0.26956311061605415
0.75239650868280927 0.63912926695488514
0.63981020190835114 0.79000363478261149
0.58358542742881270 0.75132702025959530
0.45654148701095776 0.55414205047269049
0.71520978235957000 0.64446548277679483
0.40962640269286715 0.48604096277095732
0.76605600023159526 0.54181071281741389
0.37063218437918538 0.36396119826889561
0.33770016016242632 0.79471074122178154
0.59749160771849508 0.64856805117742267
0.29321321505531978 0.43217451991834066
0.44656478163653285 0.55325822772084687
0.77276554306024292 0.34905800929155417
0.77956704445111102 0.45498513169884558
0.29339440692551377 0.46925022551674211
0.72263829645935296 0.13716959464000800
0.62024893301417494 0.78518913160065795
0.33221978925388496 0.75585682554758660
0.21481091206822614 0.40706805531794188
0.37821728468544819 0.47533319593358703
0.51206892494080258 0.18456995191665038
0.36828966655746892 0.55996101313489755
0.55611818689040848 0.79291694682351577
0.36419304932010932 0.28094847933857076
0.49191884128696645 0.80101378383482047
0.52590628808290452 0.28286345162970172
0.51114527419857936 0.79863778295788923
0.70138086852693615 0.12737124868026500
0.32968003594056694 0.57752886137943893
0.19253187102466934 0.66417004851605799
0.35326230310452145 0.27592381612598416
0.36036886906450316 0.66433395880466040
0.47924918889411178 0.24778108289818462
0.82480646803456559 0.44886865437254031
0.28210464785511902 0.37372193963125722
0.49930337479094899 0.39300575141772082
0.70155580356474756 0.32787287322470260
0.54471385801853001 0.14707351509648442
0.78497958003952384 0.49204053824158117
0.54900657379236539 0.51851118659849582
0.47421261483714117 0.68359236992233063
0.38980168695715772 0.25275601585244384
0.71277649611278637 0.22251897877016938
0.51224688194848844 0.15141964694567217
0.32329314991332048 0.69672409688278081
0.76187272286052798 0.52007852201138194
0.59003605629739175 0.64474300890591796
0.52915887404585638 0.49989018932942075
0.51060360397886140 0.52546489666088281
0.22582579453584467 0.42146452984789906
0.47007820613610690 0.70795496336936270
0.70312409246220586 0.17337095993314433
0.21047080094356235 0.43927763158304356
0.18626371585086776 0.64506419298134965
0.46403105697479874 0.18185256806001482
0.68775546474782179 0.69238019795205052
0.75631783078830817 0.64214041164430880
0.65769863512899951 0.74088517549489974
0.40417073213835919 0.63829755808206090
0.25466426820186994 0.39435166666768728
0.30721634772505768 0.33893132579878743
0.35308989731537499 0.27155244268795292
0.52398301634441746 0.75456408893975502
0.64444392179003773 0.66386302925180729
0.65508432862476318 0.58825551561398592
0.53310739765682980 0.58066826278202699
0.51470283312150011 0.77134670859834087
0.59914509739988131 0.46903502767771332
0.75080492976115654 0.57184363674178540
0.79637185746884498 0.22238541741115009
0.70812468686684227 0.72122937077202220
0.54327254875636444 0.18684629239024753
0.30818832982103317 0.74476101322291044
0.39020721161374494 0.76744982744262069
0.51377350662887977 0.76071027930023805
0.49597477157544190 0.70165747285867053
0.21629246514254191 0.59064453061599265
0.35494331163713078 0.77929505384733022
0.40000836293506736 0.48536863215530418
0.37693818647617550 0.21124196555615316
0.63928250245683838 0.27955212908615784
0.77296871597380401 0.17204535844442184
0.75869774041445404 0.67294972502470041
0.19105938671520886 0.43021351752608777
0.50723833102350446 0.68928262506444993
0.59287899728051285 0.75161088155124856
0.63165945691990255 0.16548075879400381
0.54939844540473559 0.41664649752009680
0.70121803906445301 0.71116995519476212
0.36848961207437936 0.44495006214506000
0.70543973744923438 0.24184647261260372
0.37754365725293054 0.37438894388213445
0.34696445797338082 0.65153998549099201
0.33037892811106329 0.56614924240753173
0.36519196074436067 0.24608526477826537
0.54360676071050018 0.21795148334745032
0.40048201378631865 0.82972286095721026
0.53063813205662902 0.42380055165220054
0.85296843438721637 0.31671921146617060
0.59673380237635443 0.57413621760786449
0.16860503558389622 0.54309694684408527
0.51662862031883361 0.54154468923471055
0.49300054086511463 0.23498726193687269
0.60208030891848341 0.60178864612826322
0.55953105721497343 0.49142719275831526
0.26767869640834424 0.44656684558976228
0.48405633613209065 0.57988003475963634
0.39947274922074816 0.51976094179250953
0.59110168381092176 0.67508051674390090
0.57039010768462717 0.76142815884618298
0.57417444895782110 0.75148102465531841
0.53268165114671984 0.35620510871537270
0.31432465559129136 0.60240107459073544
0.35551643486098206 0.76736925976967663
0.66356080483247526 0.65118772586377760
0.48654623497501692 0.80100408110469079
0.65416491387600129 0.24062700955568850
0.69226475764639095 0.17963844217134267
0.78701166781332432 0.51470264627101603
0.71331256631589990 0.67807830818266757
0.82154309838783779 0.33701866957902693
0.63946735449531977 0.70312474210728715
0.35431578780035244 0.84744135888040528
0.50618918876650643 0.16294606482515228
0.29343155859233366 0.33248593527152343
0.32966440230381788 0.28374820006995854
0.71745372062212287 0.65805626592608268
0.24867311576365395 0.50818289649631754
0.81442477233987631 0.30517983563260143
0.42029726608677798 0.74971255196576891
0.70471467302120927 0.19154520472395820
0.58715490982301843 0.15286398760393610
0.22365018376110515 0.66963996389025759
0.52850721886329954 0.77794196091550571
0.47064100385509444 0.22631142311302432
0.54961094821587086 0.38872265341244516
0.28228351333591462 0.56676271564219494
0.30222853720464204 0.29765639140395195
0.70313523445326309 0.51759845797921478
0.42925222344040892 0.73697739461418899
0.67963507446660465 0.75798930000781362
0.37952634611657105 0.35881960456092071
0.53521975395869159 0.17133467789900772
0.60610349712615474 0.16966386991265875
0.69963427907562903 0.15427563893598484
0.36136609868451536 0.29848323529056331
0.85339419756392854 0.43225043749354325
0.81492096861274377 0.34404383491187351
0.35444151682618863 0.82860256745192640
0.69531339641860479 0.47065209566942845
0.72910003242341004 0.15109090537609512
0.57248172673207831 0.73123215220705440
0.41313286263566346 0.85952902131715947
0.57150549782776083 0.81900227731318709
0.59288490630756896 0.16987427867355576
0.32508568736635313 0.52085073019026640
0.65609637378731600 0.71231460363030064
0.77940556310229558 0.48543312328910215
0.73807832333364876 0.19639695273357860
0.29573943537285641 0.64721655498825048
0.32227707698075059 0.62151325166724880
0.58635483664608645 0.31049208934267736
0.80470870607720402 0.47139323089515461
0.80953340127462181 0.41603406007540805
0.72149086416630104 0.16492812781068972
0.79186055708379011 0.61955158540300093
0.45893986206661441 0.23503425627108038
0.19200868346714611 0.66825358392136336
0.49136545021503475 0.66893804653946720
0.49174616370630608 0.21972351727279549
0.68746533227562223 0.35267387037369646
0.30423494979190796 0.70764899797011105
0.54601433727170900 0.60711437882064989
0.31014857286831304 0.84575038046237483
0.79000712108467308 0.26839400074589265
0.26636901382359257 0.33225000220824197
0.40172537037811790 0.41187842904378835
0.46088569164416571 0.29850461525451255
0.28952115961573244 0.39264005949742314
0.53235220490835222 0.52660879775574454
0.74887232268812476 0.24653664594126301
0.30879832725311385 0.80267506231251073
0.36513837529968685 0.26846511468081274
0.30061696775460195 0.70306249506234675
0.40177900600508487 0.41741801938235989
0.62739989547322395 0.55440682887563997
0.64252170774845618 0.47845002991248015
0.45554399517997962 0.82184173747610312
0.30387702870232730 0.58415251938434998
0.50378782083400764 0.17149726724173808
0.24549161586859158 0.35220331720928699
0.64330080538625345 0.22813986890875232
0.68045698741245142 0.49252307203417961
0.30556997022079341 0.84574514888730135
0.28412139899369687 0.84135468211005460
0.46327355477909726 0.47068131404375302
0.67741143986944374 0.44399168185203269
0.82952597825450902 0.27591648152681220
0.57166011981568832 0.54669869229151424
0.39252180302822937 0.45912245386199679
0.51076549247136604 0.14639293137280149
0.52850576859439402 0.79706806185080215
0.81795833553898112 0.45540218823683354
0.32540422502324251 0.37769349442335198
0.46291482074900780 0.41678887443745327
0.25686490730849376 0.45591283287729217
0.79898802675651370 0.45059833542430583
0.68901592875428552 0.57121517496406593
0.26021124566241516 0.41756229368905784
0.67194372219577814 0.66899417320888444
0.21352423721978581 0.70235614404405378
0.50925370532475145 0.59614582181800158
0.27695993469268276 0.83557531045212141
0.61298751406650220 0.76822300070910976
0.36327398566970692 0.84380884162701908
0.58075854122159132 0.74223341961054179
0.24866178338246669 0.45683965252188419
0.40679280240328614 0.53961251901949148
0.26630772704250527 0.36107224911366376
0.63132491016993497 0.73211816345123248
0.49334540490772139 0.27397092039617055
0.67083668901310145 0.13340391207386293
0.39388506209861107 0.79350677754070809
0.20148555234150692 0.67557111051393415
0.23977626789149620 0.54111938493110079
0.39641938996479542 0.22536363465753106
0.73991726436482941 0.66583386012317414
0.48594562293463733 0.63163269542356981
0.22113853515845852 0.66321476313727412
0.27570770031559622 0.74434523506216599
0.71084483275315213 0.19186672545948180
0.38762735113682695 0.72906009974474872
0.62449141605884728 0.56997103726478215
0.27667527621254906 0.59284047613040269
0.67059060453312114 0.75887857192468300
0.45523746565012529 0.17195954345291881
0.22823403350609422 0.47895445205604470
0.71880464129249821 0.25201000787731609
0.80541562451593951 0.54119739387506449
0.54294480260460121 0.44733093272720770
0.66517675034950119 0.15957730198429287
0.20405924099690992 0.60407967004998397
0.43449459405869661 0.19264246896657017
0.22066711819686038 0.42670679079621143
0.38069386180251730 0.27536904893582603
0.84798964759397122 0.28107127801150911
0.64969608913021615 0.16621734916745451
0.65353469075250858 0.64856121091057672
0.22270654281009331 0.65507361054653468
0.80832300173888394 0.19652098556243502
0.26153645041562085 0.36700419310764087
0.35084595645490491 0.77585631271136402
0.68132609829453661 0.60278481607004131
0.32603313313062260 0.53413158546353867
0.51453055356925104 0.16037284752239411
0.54478352155363596 0.47329280678859892
0.26026387281165858 0.83420030551631696
0.55301079181601220 0.12757308805158060
0.74443814389093543 0.56530410571079315
0.37116129127978936 0.24041792371272622
0.36360087605184060 0.68134190811536532
0.80200446775857037 0.39231609852790361
0.70771629051492202 0.27442637558935545
0.57351621338769943 0.55204985915780624
0.51366776783073553 0.58948977543793180
0.75845888221255597 0.36271510222109821
0.67467952934466302 0.74522757798919737
0.29821310954531211 0.66969781525373673
0.29284842855031501 0.80909776221849150
0.49688239215421942 0.80058368896543675
0.55634582869096338 0.37252407769239376
0.24949070272446588 0.68081545700504720
0.38354436788928387 0.27184133463874982
0.71372090420190537 0.45151588974950335
0.46018215779932947 0.76294482297929189
0.49545659501860700 0.24532687968894024
0.80030178613505831 0.47142005255449637
0.81584035427012780 0.21384220343998064
0.33111246519500070 0.29972508200081899
0.55980884561229738 0.37732252803839234
0.43907228521079444 0.30601581556351953
0.59780729807046440 0.49901413020478791
0.42620539580305905 0.18151778421593939
0.25065653035799562 0.80909335969796015
0.33900060029311252 0.71712933082418329
0.33961479801106559 0.28871206761719970
0.54335352567819650 0.19415763883728704
0.56913691444052672 0.57162423549431374
0.43253162167681392 0.70427909248684673
0.59372816547621721 0.36518272763626114
0.70451035048586130 0.25295325481198949
0.21109145509135191 0.74232212224347172
0.42182224790695722 0.39027842249623168
0.76508763478338448 0.26826383666852843
0.30951609390430912 0.30221140719965939
0.65342985862561953 0.16472050615084921
0.69634746647760903 0.36572855876266075
0.77336525898664255 0.36547133869286441
0.48537258854551069 0.81408842799726444
0.40428450364972357 0.61552436212862904
0.74943362844151706 0.16922967186258986
0.74813608984377389 0.59132215781320019
0.28997405925186148 0.45829836722935957
0.19084268104569180 0.52555545741934007
0.54906372666323267 0.17299979374698099
0.68742130691658576 0.20765405838051179
0.52380821300086888 0.80879063505608184
0.47190530699019134 0.37150684615009799
0.69133646497743284 0.73723751210115485
0.51284519441658072 0.82460808699317412
0.53635022717892000 0.21069429354163430
0.82107678721750110 0.55557631169578303
0.64479266189994200 0.27777497825458908
0.27951113477734152 0.33908372789017416
0.76988792945874140 0.60398462115970619
0.52887617987739610 0.56020627714436388
0.53023206314956806 0.23509310251927976
0.47262117455242514 0.43837304199216215
0.60278671971254183 0.14089586653262273
0.41974697299341229 0.40587419225816779
0.38082867023405231 0.42166116706387358
0.27897399666995487 0.82231027106900279
0.59270312782710044 0.49595571815472128
0.29578415198805141 0.59804667693013913
0.40933426773203646 0.43148773706799215
0.26862382275778807 0.63862207614952293
0.49063116956632152 0.72583010376610357
0.79876484961067018 0.24258578608500153
0.49575780975795214 0.41117512307133697
0.47823823672450683 0.42391597639197293
0.49955029653164634 0.80491744326278636
0.55670207495769197 0.16156037789219616
0.36552765326383541 0.25369059798356081
0.42758058115365694 0.20354339680521388
0.43533743907584466 0.80770840584387993
0.29248590873013613 0.49937698260458918
0.25853548963816708 0.71659806293561346
0.21385862005709544 0.60549463685860216
0.36745756212962122 0.23897484970290006
0.46342900893056771 0.22188231133958886
0.79656260567848092 0.48312396320861317
0.43672384708266743 0.54856347012651829
0.27264137486622864 0.73915364652855287
0.66488462028209461 0.16318288969248079
0.36391463466550938 0.81787562485786225
0.32733727893029263 0.85876627166172637
0.45092985357409721 0.19856568423046109
0.60264513911674045 0.63392296926597924
0.54073521988398432 0.20854095035329967
0.33489598800734122 0.78536973011794187
0.44977096181722598 0.84601671069350304
0.35364558292972403 0.75704194663294255
0.25253405832391146 0.41849030860528136
0.45820739730149118 0.29359806991168913
0.60548668978338704 0.40921005936298066
0.33004187350924091 0.57186621066880972
0.47190518025691036 0.19691522781592163
0.64079623553880616 0.61853206106493752
0.71991369594092203 0.14547615420677670
0.45004028516059302 0.25324964348793177
0.68275850040580199 0.27914684742160378
0.29251516396432153 0.84929164845000504
0.32880736611783479 0.28727668029852532
0.62171931651368428 0.13658361710132222
0.16744537691964881 0.66004352408649236
0.55130540441064335 0.59584926627303325
0.76774342730909195 0.51151274399703350
0.63133956223511656 0.20868892354710378
0.44401374798900062 0.74506276005129957
0.76892197093167414 0.52557554088532776
0.77606588191636727 0.39115697797989024
0.26240094613162235 0.67285930658835236
0.49131161247132227 0.59491578716473803
0.75335402930564954 0.52309570438863706
0.74814690894808744 0.20664215889644133
0.27774317917793867 0.80149506769159262
0.58815685116933780 0.60690032277402717
0.53663429205003110 0.70485659526458933
0.49674561846653470 0.58026683545388735
0.79921034625964582 0.52332048820770027
0.58172778384231527 0.75552675384820023
0.64996729929083408 0.51551864373729561
0.78929911255019491 0.60973116304588637
0.80491807786678315 0.25864770595549835
0.39445274262014396 0.34120132003140446
0.78992088334049027 0.33688271994454677
0.54296587413866837 0.39239228796183451
0.47422661183583126 0.19356439204005463
0.44940193935663664 0.40967533590717153
0.49021778394720905 0.82206814197831213
0.24458827759691662 0.77878362054782324
0.46246547067448962 0.52330648845707650
0.49277650247797100 0.39935028774954590
0.59157041443293079 0.79986765697526963
0.76818097835156973 0.47675285798807243
0.66329234163258799 0.17097296019546554
0.40712103302756564 0.50098538292126293
0.64024369701985473 0.23962818860713125
0.35345628167728160 0.72163456495956968
0.36995849003913550 0.28093539877325097
0.31861846390742538 0.58704947602572899
0.31969386100750907 0.50012902909030399
0.54956567535864365 0.75637190192217063
0.63671784056616754 0.27066478761542800
0.75197835467327367 0.63384541457457622
0.19954652562209854 0.46011776251436942
0.51055540115655762 0.72242316979463184
0.45481109498516514 0.57745768278801768
0.69148675883530619 0.32250862522289137
0.22135948502245734 0.41014470467655384
0.68962998778068851 0.47379012848301955
0.30954808212361029 0.38675494141300298
0.73799953037448152 0.26646588838743090
0.51528356229407501 0.50271299357768029
0.69456853086009329 0.63040079421020889
0.74220559788816720 0.17291487914752759
0.73570296335383767 0.67291759760645675
0.68136793162367359 0.37875748641792217
0.46401404281350589 0.23544526620421360
0.29340359298323865 0.51152991857424646
0.35421847101866033 0.79069470722478874
0.18556870416626520 0.63296744100939184
0.27845697831940364 0.33133888121643312
0.50610338397769139 0.22707670115665207
0.65604956359468880 0.57411049651458079
0.76313711669947193 0.53854181340177720
0.68268689816517425 0.33625515302971576
0.81962925308416001 0.36943107409881282
0.37114114862989167 0.55054066203107244
0.40775025563359796 0.64921737530288137
0.50508663965109923 0.34097290144126313
0.49999818959176673 0.31071182325417734
0.62761096982484066 0.71894213983031463
0.66135015755208126 0.14507679242163174
0.20704346856524669 0.65123770242370282
0.21513876907529950 0.68104250516532772
0.33300621160795141 0.80375788266771142
0.80388192095977662 0.51596554185204302
0.59925910904004198 0.14325736893999885
0.55628262108152282 0.34219734060948581
0.21791877541485830 0.71383403103350496
0.63226332791414319 0.77439473266115633
0.79902454961684799 0.56224815642747905
0.37780784279369706 0.62896178131442415
0.67617525437073767 0.44996661507296404
0.49468211067476320 0.32068760846754241
0.45103127677343685 0.24805250990075889
0.50845204336797023 0.31888033595198984
0.38403689092449234 0.82624808312475617
0.57890165924998893 0.23814101426848383
0.42788284166936724 0.22237416020169490
0.29822145803207478 0.29833495740637911
0.23266800930347120 0.47363637005260628
0.65713690604627550 0.38383052377063859
0.71106275797618879 0.18040163242268248
0.72390633088716938 0.31825105624364075
0.75669155145296174 0.15022833903624166
0.17553208245475274 0.61761222868321575
0.71305597536076504 0.23281047238204050
0.82186414837929367 0.24379389122830800
0.70205905487789411 0.41641469542595161
0.45006156598777119 0.17442256782217136
0.76892232641422531 0.15109844875700335
0.36889093817579727 0.49266835904681733
0.48206496816112543 0.35805002495846777
0.39148886027808599 0.80624331079609379
0.71221981755040487 0.28263285828875129
0.64302882484639490 0.17598345406774263
0.61045456288874012 0.51036465303850720
0.18971933178197975 0.49773372213978712
0.54587558676810288 0.78276502220711452
0.50138174448160922 0.31900444327808464
0.57559038724091893 0.12882246478426543
0.22713887378949851 0.77854198115209527
0.32539669162086171 0.42082404762374392
0.35938532578525934 0.43761953881435917
0.79205425849541400 0.44867789359880694
0.55811802563717783 0.15123758828818987
0.50008761155906933 0.66148351342645995
0.31816093706692056 0.66417837881779940
0.67233009707627123 0.76713936776667435
0.56780717806430969 0.51023662182848784
0.20584101873980612 0.70089525743099790
0.73147076795191712 0.36119424310188825
0.45606698434298332 0.46203254583930387
0.76603065872428822 0.58495298637880455
0.44797079539373197 0.54690203943899507
0.56158878754213726 0.61534018924999057
0.22887810332792180 0.79731303986939805
0.53542080622788024 0.54344558069598914
0.82156150427817443 0.51478618678638188
0.38248381508620199 0.35215214445889376
0.71333392968618603 0.61386337314186523
0.67579156811828733 0.15345692535220695
0.25476752941766634 0.53825807140331416
0.25576587897376435 0.55256098834826517
0.37232592494322514 0.24874290254269954
0.34027247504517716 0.84898560889268238
0.75469963109120342 0.31332579048242148
0.29982095025498368 0.33453091413936692
0.63228481720203800 0.18010445890768936
0.68816123908909566 0.37003313597747223
0.54764982383346705 0.68035431858756223
0.26818944741288514 0.70025872828125624
0.28872435964437992 0.76914341803809605
0.42256265002339555 0.48673140480592536
0.57194292053329132 0.46524399719547077
0.28765877923881711 0.85734914575076360
0.50495369037215299 0.33525589845826304
0.56257062333461816 0.21844534692511297
0.59983599547886723 0.77599704678419101
0.63705467654971193 0.44969864846981122
0.71257499507966870 0.29570960255689660
0.73753618955806144 0.44871496183635240
0.38002036502954484 0.54261280168517023
0.42118409578506788 0.21963425276480830
0.75486686485729937 0.53654127491257864
0.19452292929719162 0.62909576860766725
0.21190195628678005 0.55997619505900542
0.58541186316787086 0.74686807354736895
0.54439083861240700 0.71709477833023105
0.25260352314419815 0.80586510005180068
0.16488246396431577 0.63750621982794775
0.75174728139798364 0.48863562692993212
0.22403048482820442 0.36121806970783604
0.53790583933112723 0.27364230667722733
0.27291723009022473 0.35636755986686930
0.51958271911481635 0.22336009795252967
0.60183076416212433 0.12694406801407312
0.72566292789603593 0.41273694120426530
0.75586510454831235 0.58924310603940988
0.45041048296411496 0.18736737319658431
0.73720756084917238 0.28329154897410169
0.44346968586079005 0.43856963382408415
0.41522798698383095 0.22884230713281165
0.28235646051071051 0.32962378465104114
0.68343215275581004 0.66883999827187035
0.70325265646790769 0.59704676804101808
0.64858186773101789 0.45682049279928572
0.35721947908648649 0.29599442929070818
0.66174626489062593 0.15456836813034841
0.29338772266950475 0.70954023417840539
0.22881384191577508 0.39061184522057113
0.68902246790035426 0.17338511762465375
0.68334016771390094 0.20460399406469368
0.74436669150876222 0.62630837528328254
0.24588954692138160 0.43050102427650044
0.82346721417747581 0.41411695975527052
0.51554678727106551 0.38599078845997076
0.69346444862192236 0.44549537320456845
0.22431210148712488 0.48035314281218888
0.69145308483892409 0.41313892878242808
0.71874462087339563 0.66650078143180147
0.21325429586450728 0.77081999722123995
0.56805979641133364 0.14377051345125758
0.62758465723091517 0.64866317176438004
0.64041519206434250 0.17244778270077113
0.25992016579401989 0.35687612128538709
0.48560178754460637 0.18699302000139773
0.67642834706155730 0.65102245623649657
0.56288722947631586 0.34370728447913279
0.47996152644025281 0.18300727577269096
0.17053507442302665 0.59222013742523150
0.26102598043838493 0.30670214303849219
0.63906882241632212 0.58958140861678732
0.27401729370603334 0.35289036339468211
0.53712120906457494 0.15784352724127720
0.44620636101419675 0.82372962407228001
0.47582427213204459 0.18306963757324138
0.68169611408919906 0.13591037194430702
0.42871154339385514 0.65314539128467641
0.75195059675212517 0.53256104960345330
0.44645071123394692 0.30863145917991491
0.20496229273744149 0.59013274977542252
0.68847340451529626 0.70200174355969713
0.69587975025553495 0.31577793861229053
0.18523865508422213 0.68939486297644514
0.76017211419344799 0.41546837150831678
0.46675126303259523 0.65747864530713607
0.38639854863549483 0.25478584638802537
0.56437792119753294 0.45467880326098453
0.23334906669683730 0.43737557796943999
0.35733492567508696 0.25132827849649092
0.79213345163628479 0.48270728091154347
0.23190306864684851 0.36607062582667105
0.34092894050747408 0.27144141855134923
0.30030454082386793 0.59501244423767585
0.36538212139915605 0.79570964801794564
0.32747302385068178 0.34189294521748137
0.29700556012211921 0.39973480608066631
0.73604288678763163 0.62428614344604616
0.76120146872254102 0.47057485460744292
0.63914679266564645 0.42098154828998147
0.29432443576140993 0.62631108619794462
0.18607387052927152 0.55003512866575932
0.69751798396431053 0.73368400749195495
0.59670534836737210 0.17655686036100637
0.22412431077805972 0.73729093666661671
0.72349229442937502 0.26024082554080757
0.68745227758707284 0.37577705411987672
0.55105137189544728 0.35821178046159013
0.48158845303077152 0.64240214486943381
0.24860196108148219 0.75470041744155669
0.20397276768520428 0.41980504390024725
0.19457488794766833 0.57099189791993910
0.40833887293329152 0.85718581521052273
0.69943306806018557 0.15047829306862359
0.21198354113532686 0.67826761846056138
0.70637954160005201 0.12822759833095554
0.65848098313877146 0.18659285080518562
0.68653114722155473 0.15461452559775879
0.25728626694373480 0.33471035897706242
0.57632803556683077 0.32366480505723139
0.31121332378480365 0.82882663277835811
0.28316055194322798 0.47701451047629378
0.26235347647740570 0.62383855397845944
0.77343738889797475 0.44048225903079558
0.44594199342020047 0.45539567573123008
0.67960854557695527 0.61720415544068774
0.75610943152571120 0.54894454711280094
0.30512167705971527 0.69568335600892406
0.27908860296679133 0.31909934099147835
0.74323821657440226 0.54857120974460283
0.57995166162451517 0.80484018502515786
0.76529631751216887 0.56865863730229838
0.33049700360318224 0.40834640164919478
0.40294671595627080 0.19733441447293237
0.62515353625922909 0.47782865839849326
0.50961475654242128 0.19515219376474274
0.57954209702940007 0.19302991959862251
0.72295923835758513 0.31314127244159595
0.77215058214189614 0.42581707511385758
0.57533786412548160 0.69705394927311448
0.75048283091308376 0.51003008806414196
0.38107874151226595 0.76156777175099388
0.65821312713045121 0.15956217774279807
0.59380022203748739 0.46410339606186840
0.49368627146371924 0.15208388667534523
0.27050328543421598 0.64867147001424685
0.59005762005409990 0.77756695859994551
0.64786425472186848 0.37013796012708650
0.52157461658658211 0.52097199108089609
0.70286050967396041 0.13207975522423249
0.28068462419958817 0.46022482402748299
0.34806484518810460 0.82725159360901579
0.37362317001542533 0.53418366699042386
0.48154084437725470 0.23732715962365275
0.27629576163410119 0.42151377339651358
0.52007638410693613 0.19577613400884122
0.69278009614514435 0.17544280080495767
0.43663221427439092 0.18820335352132680
0.47031444663145422 0.49883734994284645
0.70555606880326649 0.38877077527049658
0.70603690720225432 0.11651029418589488
0.42585649763760747 0.32904418236308730
0.59401443142027077 0.32069783191118767
0.59249445141017931 0.33760324793527163
0.64040653635963840 0.14563226594838313
0.27367766992685649 0.61337572327018974
0.32771623999629446 0.29839774019015075
0.24691014023376662 0.62498976019030150
0.80462713581291434 0.25408355780763031
0.36009039723935599 0.38847126812150556
0.28855392733674318 0.84072889953502306
0.33308617428968479 0.66861114879989336
0.60691926786571138 0.78012779261520859
0.78181012967445329 0.59490655517598734
0.30801080760976063 0.76510836439172847
0.34725717021343772 0.56779522402835747
0.23751060106428273 0.45897240880656887
0.60240524211310087 0.78043687152908081
0.42530926041619843 0.20957168661668638
0.51990854273711118 0.19141217999855586
0.18274790366682497 0.69342565074169094
0.20496231209298094 0.79725933855972841
0.42107824953083811 0.80352180137074392
0.55520948221843702 0.57885381002826630
0.33067384468429628 0.39263003780223610
0.81359862036916031 0.47102110647474699
0.43041487991190236 0.80473069600843550
0.22510359391978435 0.57397230786664810
0.62998835866396763 0.25475993036855538
0.35466819705995489 0.40653650394220886
0.35196184076032050 0.68594361236402479
0.17771688698417815 0.54815263169131145
0.68751260230672573 0.23177623051306154
0.38110476646603852 0.45487896731042965
0.40280204689638183 0.70197134210534262
0.44362438192347209 0.17566470855971422
0.63190778514996704 0.75914131578807931
0.38025323381882298 0.29730865839194320
0.49871088169785832 0.18476817529240797
0.58680683083812135 0.66123481932464667
0.49204970694317451 0.16811145860610793
0.80998889351245951 0.47362509670061170
0.61912826386046893 0.25316536907542964
0.62014354438480335 0.74727039326849409
0.75134150781997233 0.14559801073078005
0.39502494411284028 0.44440948929412954
0.60209051742212305 0.54969386284218791
0.41788624405564173 0.42354965351457202
0.81115974976871352 0.49485851982898377
0.59556495741240956 0.35369152477576515
0.42937219989455394 0.73103240117263679
0.35048306263730555 0.86934440920954814
0.81991949476318315 0.41074445647941771
0.39853922671409103 0.42444225194614627
0.56745827377497327 0.21545141500025755
0.35762632757058854 0.27691535069724521
0.51300008745615655 0.28204362856170839
0.66920315157474031 0.58803505496233721
0.67795626109968321 0.50367153728125236
0.38812411899532179 0.27356393095576226
0.51703680439159250 0.81599375399980600
0.23434353775761077 0.57268966654195330
0.48498154882808364 0.62125350962068948
0.34104524930965108 0.44388687392943177
0.55979566338077724 0.31035361659472360
0.26734209627265826 0.75789804836113250
0.49776890015236852 0.29990797203024527
0.25744635244684366 0.78120890167188073
0.63571364486310000 0.23462008222776515
0.22474693725538919 0.64403535893145269
0.48585743769570838 0.83657132197489381
0.51929929799497709 0.56449020158959218
0.24608458181792353 0.35976850458096898
0.64651930178516515 0.28856784525745577
0.74567339875646088 0.53850117811487197
0.49246578424574938 0.48960955332455153
0.52821889981308812 0.81004404296617749
0.52035430969175556 0.74746565961425615
0.75746322136014022 0.38435402461318069
0.18617806444707691 0.68220440844940367
0.56586227119564503 0.54571471304212238
0.49933015036722095 0.32471246917575014
0.50008819329943777 0.14261818502224277
0.72070604314664544 0.54348807218430473
0.59986585627514910 0.33100559760444670
0.67860589165833729 0.39608045557844873
0.46107142487709563 0.78333985754002278
0.43553574094239750 0.21951198665764121
0.36550294129125982 0.42099161779368199
0.59075326327631283 0.70501323305361929
0.31303399623694550 0.34405883124519004
0.61083100618981001 0.56944207889164833
0.46367565669041644 0.81718401249223760
0.37169247498600316 0.43468076788255550
0.27193799528077273 0.67703926980668117
0.69204101787030592 0.27325382402216303
0.17932757985796979 0.74088007409400503
0.71344478009564094 0.15901154228966954
0.51130990434609469 0.66174299065564957
0.22915824473295379 0.39925669235014821
0.23722315334355509 0.39261317378041916
0.81891144457552534 0.43541445830908310
0.26541327043373220 0.74383276150127919
0.42558373202026567 0.72615120835629132
0.43135742022724621 0.83912487229705679
0.69126823063019560 0.72494494328376524
0.43444831350052837 0.73595086660659992
0.34537210853035960 0.46369299765382693
0.60212066763217287 0.53436946627268345
0.61733165564861581 0.20232662774431504
0.23906360669393784 0.47922507489842936
0.23135616512345974 0.63712548964498739
0.54153082393382723 0.17886926221865873
0.36456550875295390 0.54824225664071813
0.57664175378017335 0.48969891610059002
0.56985054346663477 0.26442084838671481
0.22740778562286451 0.45382627218909383
0.69252336991992225 0.23551062536540268
0.18925442978654808 0.69078645621606216
0.28614132511539914 0.32912362809530171
0.75958077232433974 0.30555527442454578
0.27706141756097991 0.52141471738780887
0.73741732051749054 0.42350044317479091
0.42855058575861610 0.35802213069396466
0.80063518303526027 0.34596716764935109
0.68607398773236938 0.70566047597132497
0.66629463287034230 0.69294250499712984
0.57249989600284368 0.75639193792885240
0.36802259239680085 0.68641134867864617
0.56132994435450922 0.67350917118829901
0.51557972300105259 0.34493125783076373
0.81320744190526928 0.49975805477156926
0.79404830111859348 0.49893821537458116
0.66040843033724450 0.68246688800195998
0.78576768293410648 0.25468415625764362
0.44641916145221427 0.69472752798445669
0.47501650754665081 0.26397389613165789
0.68762895042037342 0.29536114820963166
0.45503189468663663 0.76887285251007276
0.71825537985105470 0.54827335660253818
0.67220841597051939 0.29624681365195277
0.44680121912274628 0.20543185995000504
0.61667442762160818 0.51880524005227369
0.65916091080939698 0.69646674629908401
0.51172020039033295 0.61202302325521840
0.74911996011603510 0.57983743311924285
0.57774266502848803 0.37870426175676331
0.37612566920086721 0.30135826299512464
0.22245257912238731 0.71819052858794374
0.53525518374239445 0.14768779624115402
0.49681908032118161 0.45269792510218765
0.70564030255742849 0.54099742142772045
0.24778789182536712 0.55920853611676513
0.46594961434552906 0.40456395256638022
0.24978196744281911 0.82045046423897638
0.31450642520931327 0.70362057103296127
0.23370559599728150 0.66478000526567915
0.38087473449269621 0.84026770452879973
0.21221053050153282 0.76111434149596024
0.40555319012467284 0.44165105321901565
0.51051904528388770 0.33902518765403761
0.53143353328803111 0.43642357148535021
0.55036263636681593 0.76479211360346722
0.39690318966037330 0.40756122960519542
0.42747646587361643 0.37622497140608713
0.32244522431845246 0.25005989643813131
0.37105284552057072 0.24440230836532312
0.73864304418600446 0.42926003152301018
0.59030690120157048 0.15467200689861188
0.79191598967217813 0.35030588944906216
0.59757803097878315 0.36957391680437579
0.37064052831818173 0.76514618244020305
0.32437312817699904 0.83819964928782842
0.19532057981446882 0.67103463570485222
0.22787927083654805 0.62856736523984813
0.45700548889625192 0.19550791222428565
0.57060813654217779 0.33454748726290273
0.76428147488783138 0.62168025721826137
0.24294610473632278 0.42779956341126174
0.20907878949762559 0.67212690306162914
0.68613846190949279 0.71009805428300932
0.31654112190193562 0.36753186713833264
0.27522837766348396 0.47148117418651470
0.36736764299516916 0.24296248430645229
0.34048261466465768 0.27859236504469537
0.49775159580583739 0.43052808949570781
0.64330321232810661 0.69117500862651426
0.21855766130173848 0.44057416608561195
0.39833155924929897 0.22854863749299986
0.53081375845840972 0.66692374287350753
0.29010531635821235 0.37717634141316070
0.45450212745467661 0.38524038010556044
0.30013984401136062 0.30941558875401326
0.59434657862504237 0.21860323219325767
0.25166291300791488 0.58070438999179852
0.77181975640728773 0.62786168914534524
0.73042324444443985 0.57467116436182808
0.82212478576901138 0.43882135117299559
0.31333696768189034 0.88089631184548645
0.19355039559152015 0.76029501848832015
0.77664236868585235 0.18085656347523682
0.83713682217893315 0.34738277798886863
0.41874877963333940 0.41143317343067765
0.71704608097836620 0.28008460602396568
0.52276565198660974 0.15900922857335986
0.58051043971915850 0.71638481505272300
0.19267843711081173 0.59881226044931202
0.69611356170932137 0.66839873908472436
0.76140266825551350 0.20627844084683292
0.53774035349227400 0.73481232252590889
0.28239288300795173 0.34942237968427237
0.55765023958459359 0.75895834569834542
0.66936535408273223 0.31870223786499480
0.36849022642010187 0.60215522006975664
0.68570291990820709 0.65568316587253284
0.68584004326453141 0.19507416166613861
0.63573519580127180 0.21118335656260784
0.55326286484159670 0.49997864826465532
0.64299678212781686 0.32956327999218971
0.73123955593829137 0.21973918138771947
0.84384286571712264 0.39460458463567188
0.60673122007211511 0.12656202917880799
0.82541011892305649 0.27944941420057923
0.75168464908017096 0.15941130355921296
0.71276835385293902 0.28788766512889186
0.69528861772695782 0.16556286429553932
0.58899317708161525 0.68056139619185718
0.55545828444007417 0.41612504549594131
0.58392183594629588 0.16308987123002139
0.47585320710386730 0.29690246717883317
0.65915631264992347 0.36786787990904812
0.36485311672067711 0.54140534867612844
0.73149089139827073 0.32564785098549126
0.27379439217653795 0.79166534099786390
0.30849380108674185 0.67101230986841953
0.20158018449516929 0.61059501059135601
0.40218353142802965 0.68022510965657379
0.53911841255211612 0.34298048491733890
0.26326778783124100 0.60219293410811892
0.20341764014019231 0.42597304810626579
0.80698829745384404 0.46550546472652787
0.17375905202327036 0.59632679112545739
0.57273240978734308 0.80788936881925144
0.53246089453632051 0.44249607963632359
0.49575201968738458 0.38776298213357557
0.78022634317667583 0.30933022223003354
0.76436618376093612 0.42118057841809892
0.72505100683952417 0.50599325770795567
0.62758873896976897 0.36375226695787838
0.47259685066030310 0.36528839909064792
0.38012860635912848 0.80078675553814471
0.25554969572770669 0.44197760719837409
0.62795196388764718 0.47298209932931101
0.34149499961970414 0.34975278978370450
0.59473783299084326 0.37494032695397378
0.39141801139158250 0.23148895897935473
0.65089486029466859 0.62385455704807946
0.22569322525119831 0.66154732895698021
0.32410018004819779 0.24220239087755827
0.55238037806156226 0.31658409195736054
0.51438070167300443 0.42107593630126450
0.21871777758584635 0.80375370829735138
0.46418724002814843 0.27848621290371928
0.27959591051197419 0.71628712510407833
0.76939635923646543 0.43040658364363793
0.72756336944012734 0.27831803377654490
0.27908680986606388 0.34773030227502516
0.43583551770495338 0.76314596723530281
0.31504158866793430 0.33538085638600840
0.82417219174921563 0.43435195529508530
0.36865099189036810 0.82646580351721799
0.63061028989526280 0.27207013887370340
0.78685412127902588 0.25877241822070335
0.30978870612334725 0.63982066999794196
0.18454861269994663 0.45285145382977510
0.38079319547228740 0.33266773111983228
0.24313944662680090 0.41356905032007063
0.43442884176045471 0.35486038944911491
0.21346742774213948 0.59728528195840613
0.47512222188587755 0.72502411799761624
0.24845927136773388 0.41960272363509038
0.58464293236017606 0.27491160547746130
0.73289233184764990 0.15910446026724703
0.63553694726957710 0.32008595587814759
0.39279599978507812 0.35796310524254438
0.60057220202283879 0.62310208917371313
0.65037693553836684 0.69523300731614024
0.66022455071950503 0.25345433215695201
0.78164021162066999 0.54738036475134200
0.19401399117277898 0.62541783526153805
0.21946349403892376 0.43617571086900081
0.33678651520106967 0.61812384682991628
0.58732616405752769 0.39266753343096195
0.24470055412971828 0.38370750026147293
0.55922939140032280 0.13949594056550410
0.42954104325391290 0.18522709824958289
0.59482788752203275 0.78868040974624298
0.81711640389194451 0.40650054270614577
0.50908761404542413 0.25366475795089666
0.65424775962995108 0.45417011809007618
0.75518365091611639 0.55760044357064098
0.39617222300174237 0.55048043460430796
0.28963646650644015 0.33809070008232239
0.38530693172526687 0.86970152846251092
0.24953911554126743 0.57611573389388859
0.57947233418322153 0.34360929863709583
0.63694462230818127 0.18019091614320848
0.38233079020826255 0.43305509863513364
0.17219138457243657 0.73508901677502281
0.25706169090374070 0.61163659311630325
0.38218789232866557 0.23797804649215251
0.23840385505046091 0.74260346369273056
0.74146410268194585 0.33065903621904386
0.63480597093155522 0.18454052014428227
0.75529817465722293 0.28707549546622274
0.57423985001425404 0.78402885821875201
0.69823938538222807 0.55978286592387283
0.30010804571793981 0.69210242045229864
0.48827998685734225 0.20141538212509541
0.21736597776154590 0.58360252468220586
0.76619935384484683 0.52203460750061415
0.80533342660350682 0.48392056625471536
0.63607159662409340 0.52619436356538918
0.43505838594188928 0.42216870691240477
0.51145209948927017 0.43234490244776980
0.38340082648534196 0.75185599647002577
0.78382741157782132 0.28551667479291504
0.29718733768653349 0.26311389690853371
0.64854265714576464 0.60132059415364103
0.21871631162959382 0.55703310831749131
0.28136677814059963 0.84533445691193709
0.65085883239806452 0.27614362148756066
0.50569652529750775 0.47258461041291300
0.65139983199072460 0.40352692267753121
0.66440345055105310 0.22076537857132961
0.28748373285776152 0.30948850004226008
0.38725717531997034 0.46286000443395492
0.55966090547192637 0.65302047229651916
0.21879459413622118 0.54721357161776407
0.46611664357139732 0.74859695305797946
0.78566643505874212 0.51922544050234531
0.53965352083163598 0.38262368916096340
0.22044988506131719 0.76098331461869828
0.21962958655795597 0.72125512873944753
0.21103188304276271 0.58597989579816057
0.29397277058700355 0.60873222990755360
0.78298064207015350 0.44095024391788790
0.38628380100077375 0.41180012888650563
0.74299495811657901 0.51478594604946060
0.63257992375757155 0.33616636634370800
0.67073578765551378 0.17282981404449693
0.23369206239867890 0.48831173408674916
0.61708701965173962 0.41029092967586434
0.56158975429238356 0.79926732285981328
0.79835312020155347 0.42393398430860529
0.68441765385664932 0.36297018149249693
0.75667880670027732 0.59331262901998660
0.56859758351453826 0.76585152900578779
0.58395642929213587 0.15106453097023473
0.67687152498674830 0.63541986390065408
0.23538038242936427 0.66045871286915037
0.64937779060695133 0.75358106397079916
0.67242089467383981 0.19045066796942894
0.21001491484408163 0.70114822038111202
0.83819389169524339 0.35961050016860430
0.82039261076683978 0.38812297078973784
0.20931046409856874 0.55294808004735196
0.70807168352712102 0.23520457738350467
0.25979934087888457 0.77730530041137391
0.57595075246200789 0.68687840022119773
0.72999588766839052 0.60556583336038838
0.76012835482919228 0.61915052908657442
0.50118635343299567 0.38564303506391662
0.20312208995889214 0.47586749251194649
0.72188507495466558 0.18466825381756197
0.52129809753969547 0.70633149113682703
0.55053572005589146 0.55382116656133573
0.19704646556326225 0.65550522512663645
0.25895808402515597 0.56321460246243471
0.34102340097893108 0.57099688546235838
0.69271003431629552 0.64395186501401458
0.58739003862381434 0.36527777452506571
0.71652930904717194 0.61711464435226615
0.76974017135218276 0.46527350550260260
0.35163712129191327 0.25330636534265549
0.70555350651849258 0.73555660064170181
0.65480501019507320 0.15765431092432788
0.19326559609229424 0.54056787873910017
0.82103377191280824 0.43093388581250031
0.44479128570335769 0.80575648710000425
0.53880407369317540 0.72979557557171493
0.38173559751981850 0.86528958328526973
0.25266969551644458 0.46371469189618664
0.74478183425263400 0.59462959224706413
0.63487717337087268 0.27631174732232044
0.75250628831730171 0.57675838898386345
0.35708413852278703 0.37888359232986135
0.54189679722349848 0.17466418586135213
0.28390422879552024 0.35857571757491324
0.28120660946473908 0.82807880180098348
0.37501253884997510 0.49569292815522847
0.62001774829570555 0.23161994727410934
0.66075171607185879 0.62762823131077050
0.52224909704340849 0.19936867830991428
0.27890001392802038 0.38022609518458267
0.79032065049410027 0.19028052248978092
0.77630570260420273 0.57984284026215649
0.20515623090585855 0.68968328975781479
0.45199716561876829 0.79405689697843684
0.24535086204294310 0.73812916730680067
0.56268933229973972 0.50031525992570813
0.68400652599497036 0.70143662142522478
0.23819868201878197 0.52650679328201200
0.26219280926475219 0.39596822755266836
0.77288358843823146 0.38735639973095914
0.52480046600374797 0.17439385599746188
0.33092325950126705 0.25631017807320500
0.44813370130938673 0.50696237479402839
0.61230190025654530 0.37658361083573305
0.78744192411656233 0.20570900180247637
0.54870354665389298 0.62860993081898853
0.35220575476690386 0.63661615740246857
0.18820485385707778 0.55709998562113161
0.66929301778109007 0.61479369758812319
0.67834931561113410 0.67918371937131117
0.64624708025303823 0.76310412584765352
0.49399289104330069 0.44146763863429239
0.23416747910829355 0.59101698353520371
0.32279860285807238 0.41568190739827349
0.70249598394434853 0.26925394852427498
0.44874128640332822 0.33090582071855568
0.33394245357195673 0.31415739265028764
0.30905724012439628 0.56874446633259179
0.38976958366939890 0.48648520145723323
0.21436714432578130 0.41571115264040071
0.27205344327027647 0.41263890230044231
0.55255276077249271 0.39962967327878257
0.76254747659693844 0.44657932863291278
0.22150197722090262 0.47781965277151284
0.79841002271805062 0.49917844455248478
0.76974700089176917 0.48781497566241605
0.68753183132680296 0.28891015589214963
0.20717417599343108 0.48565974696189917
0.24562653667426604 0.80270942394415057
0.77258879864151331 0.61850665236589197
0.46877235831424768 0.46838909481280833
0.23605428858302868 0.70286006199108209
0.45236907758864048 0.75896172766865866
0.26414383545098441 0.73469352290562340
0.19543690496157956 0.54871229529822574
0.53723814865961905 0.67578792219875017
0.53671725500561374 0.53056477519294387
0.76217964360205892 0.57133454353453295
0.52970874834121950 0.18884363717740796
0.18814312418364304 0.68596535344035181
0.80643813060090674 0.52880543241573996
0.68525768997865666 0.17385048205834000
0.67424441096518528 0.70706484890932586
0.46014880999396468 0.72068445899478628
0.43217023382502801 0.38809049091841386
0.18536808618463665 0.65763778195764522
0.42104968634781315 0.86748680463971750
0.18696959267418556 0.62064127327764840
0.56202775276814054 0.15241672034981410
0.69016594484666904 0.15372854024322230
0.28321753849472342 0.74139651543422247
0.54617842375138792 0.34775016201291298
0.47454772315349503 0.41279097140988597
0.84214805004418980 0.33466954458663423
0.29533662756723922 0.41035366799162065
0.45640941251359829 0.36515129075056396
0.60002690855304197 0.38079703819537181
0.36330916618319187 0.62421683541394879
0.59870286097322445 0.24226064375904180
0.31720346972926228 0.54826291608950939
0.23136817288709147 0.35186713154520666
0.46761351481463698 0.34262873846698749
0.79281015346842154 0.55167229497628634
0.25547986867868944 0.65097729398166337
0.68623214839933189 0.67737561823314096
0.27605392048140170 0.84443458902101720
0.40613772451399816 0.74316539593991138
0.40977141653532290 0.66556048825302150
0.81325802402574443 0.48210314973996488
0.64491066326624757 0.65258066478340182
0.36417239468477103 0.74016118556265298
0.67213036835378992 0.16142277839358316
0.27895424345068442 0.38441068895246500
0.79247908333756822 0.28496766370828114
0.22006717615306651 0.43102579160004606
0.71989661569426100 0.62916604376591023
0.47873700763357774 0.71496184889468017
0.71811115980085694 0.32790025224098873
0.47908302846509676 0.33645305373418860
0.52437112864043689 0.65128021365230082
0.33927520846127723 0.75818522182663028
0.64884223219844728 0.58738929803950568
0.60100822327611925 0.69398822774237179
0.18719866291651321 0.61631037309158931
0.54889617089626386 0.71970084644786469
0.66742792497203451 0.29266809546000638
0.26837030330270334 0.30591191443438981
0.33649933368336732 0.84055494579139722
0.72642574935975202 0.60844660179443821
0.72716260416416922 0.22634165883205953
0.77720890890410188 0.46610926214433313
0.37279858675274707 0.21453064122550591
0.73149574030878850 0.62867102155221699
0.40671364491753337 0.29030911632559675
0.77181496781935677 0.34384778266092569
0.40150432596872598 0.54894836714839301
0.34181781650382714 0.29682002820650372
0.34626259101359946 0.23963576394663882
0.36313719963699814 0.83419457511423345
0.63897092480406481 0.64463051130697324
0.56599174940653607 0.33766207837093520
0.50005910272723075 0.72234466172766854
0.33686956265582080 0.28564273950701113
0.19229877815175658 0.46484130479970431
0.27364503609694280 0.51317755311110247
0.65703415068065940 0.53352863570154208
0.22924678510742130 0.41367594044117950
0.35698228635479873 0.58980595695278804
0.82385582211639730 0.52254435789951093
0.32496639591025633 0.64258951245912344
0.80030543037032120 0.51835272248252240
0.67186012047501165 0.72053291797959984
0.55087735139033578 0.44686051822358969
0.41040441235829378 0.39226445694228418
0.27473084479275695 0.74920323592254334
0.76046166534007420 0.24327451847278253
0.38147691000160205 0.39533395001327609
0.24919082590733235 0.36298974432731612
0.25203004436610887 0.43650571930672899
0.28904107233300319 0.69951976133684912
0.73422340200072655 0.63590677896856929
0.76487638969025529 0.64384325853985291
0.63260924212249270 0.45554327475613365
0.30350103042369553 0.56626455449061330
0.26160077159958539 0.52357466247178286
0.59475836837089846 0.32636799001718286
0.35013453626812835 0.26472274885949648
0.24976323014673935 0.54005045121626938
0.66737722837217162 0.75313924714581770
0.60427714203673855 0.17410100612386525
0.52703635809098703 0.53802477675886862
0.52608317965057183 0.81760602814750050
0.62616793785112412 0.71264284966759783
0.43573274339382273 0.86539024898766526
0.36408964760885010 0.23281183894625285
0.64791521854393275 0.63859556085834646
0.83397047300810789 0.43504347748454253
0.27769452392639249 0.84986906393836947
0.21721196159963513 0.59864248353953164
0.35994222442961316 0.77658684470960238
0.18478723585169057 0.51514852579669790
0.29275956297019246 0.51707651712792813
0.61564284508304967 0.67975837551150020
0.79270072337066377 0.22606767190801480
0.49926134033377029 0.33076494850881710
0.56325745164059904 0.52473298144438274
0.57072007253658963 0.58393667948034000
0.40914931111189762 0.51268125546272125
0.69046306636509747 0.31725555532531996
0.30031780013718939 0.44029255204793044
0.40749621479222720 0.69299882803721291
0.67977874459983323 0.13982248652772530
0.82804416313478058 0.34879420401877553
0.28745064183046026 0.55022102815521801
0.69343215929163660 0.26126012829019107
0.21965267202865130 0.67171558503180839
0.70804309968980350 0.58851928488544569
0.48511793666510999 0.86836221558418603
0.61129494373679227 0.71110550410089390
0.26753739680718036 0.42417978305303439
0.33174441832604218 0.74515663395669895
0.54334904629152370 0.81255641450645888
0.36565179208213744 0.40302743940499686
0.24882688643604026 0.66627290115932736
0.77506892096141433 0.57573989479104215
0.36276460176162340 0.75175959886979515
0.73703900748835283 0.65639319876205138
0.19496799141160503 0.48313911837857659
0.20186388860001592 0.61469330965380520
0.54039089414438068 0.74468496053161559
0.34834751255862334 0.75997027917453519
0.36584745257200979 0.41477853639718082
0.47924380504156505 0.45463850641025372
0.37112800591044504 0.84419074788830883
0.67994713341842872 0.16426286423856812
0.34437380331382139 0.78876293466010017
0.26151312713110136 0.78178473293447370
0.78219312730684765 0.36589743856492407
0.68914085838058814 0.56587582506917289
0.80395937146404983 0.40540851966126512
0.67974894668461272 0.62195025546084848
0.40093044945180711 0.55499069063144446
0.59896869574466127 0.40376490901696938
0.56758097929571538 0.59017842342685944
0.35629558747123746 0.52691482422861347
0.39842862281269387 0.79080260796461599
0.43373791808796397 0.79097685755031844
0.43544487958871325 0.19666543901208780
0.55381826655334021 0.49295314202452772
0.20376253632995284 0.53545017668523864
0.34132173828024948 0.55240768297714671
0.56706630341480990 0.59967403524832252
0.66632070136284560 0.37224405138354055
0.49895236862353742 0.27141559615154009
0.29546493059213175 0.70396520186583555
0.62453311602505257 0.22272153753816470
0.77737155581857753 0.59821260222508377
0.74490475000444856 0.66336100970755851
0.82746282809266192 0.41852682143914288
0.44680881537804412 0.64861560344261426
0.34837329288003216 0.28408499348430000
0.78501791496463258 0.34113927001154415
0.58086875563242968 0.76799390722957050
0.27839762754176522 0.79301061910314896
0.59134373008030761 0.73359153391849286
0.29021902945014044 0.77399228455764235
0.66684128699189016 0.36160693676159028
0.24875221698902195 0.46144577600503267
0.38863177135096039 0.23391082830322690
0.45955733056641762 0.67801385218315469
0.71783887749106212 0.16419399155877717
0.53140192997060332 0.79354267691151270
0.29827659951111973 0.58388310491343964
0.74970354680118201 0.48418557664128797
0.75012863596495505 0.49457391505388049
0.59919268342756093 0.42060869227717745
0.79956839460725604 0.38015550034408935
0.29746785490438027 0.42908942567092173
0.43547112275745914 0.58800170920361172
0.62995959678795543 0.19812592643520999
0.39953618485958831 0.21885266025593181
0.72822971040695139 0.44318827831899099
0.48975049581529456 0.58953322305395295
0.69396830436834611 0.65437506143294955
0.63535182028376380 0.15059294981324300
0.30846089229735729 0.65130355558879804
0.58328259938842208 0.48987646774909593
0.40286681928353746 0.36061689513264655
0.35579893256652306 0.52026763303524604
0.18472208421201167 0.57794727560524062
0.81600139887417344 0.22576184669604671
0.43240944173005835 0.65776661161715666
0.82250685829932046 0.41874480960459515
0.36155829018483110 0.34910547956349769
0.72951278121978647 0.66153448464823428
0.72666589231251799 0.32335268474891760
0.53375872808432911 0.46767388714139357
0.39073938547077713 0.38161636838457680
0.63779515856499258 0.55590940739900274
0.33536862083813324 0.77466289731653593
0.46977496881532638 0.49235955858081171
0.34514273562282366 0.60320887969449999
0.19683348956251795 0.53883075855601714
0.39422629949026244 0.48274081556527665
0.69512817517160230 0.63515749488607331
0.30025401635073756 0.41036387363855831
0.32373204511732734 0.76187419452578908
0.41377352773656112 0.67003741214257817
0.40711208628998069 0.37484402077930473
0.45945859063188138 0.47945468561611443
0.74467956349932696 0.42990419126739665
0.71022412665566848 0.15382772477732651
0.55126898511161704 0.25005009832835212
0.45926946100655730 0.49938647915065132
0.38539280647554186 0.45121011754839491
0.74617884454220074 0.40612534168425812
0.84313857779686541 0.40845030677367100
0.35209777908021667 0.45051591406891223
0.39134123677710608 0.45342418548520064
0.78219221484600454 0.37637193202133640
0.41314643244331339 0.23574322786093282
0.44276275352064220 0.64427041040402011
0.57111813499078667 0.72026632732470031
0.55970066553583475 0.74053810648677498
0.35100763191327389 0.53001457336835656
0.59107495295224166 0.29987638945007861
0.31367844199676675 0.57817045918658960
0.73293640614894584 0.19704348471548960
0.64181797261672890 0.31195797384901403
0.37548943410974478 0.67862583696375067
0.75784417132661264 0.25266272240880799
0.31230280950716971 0.35344596416069984
0.55640207486715554 0.22602249353835960
0.61935658928027282 0.49913176140183207
0.68970107791410240 0.65263469567484778
0.33126833718772852 0.49244418839710119
0.32642290108081751 0.25856373259572196
0.26306539188428768 0.35918543644224510
0.74938065872020376 0.34695538964282491
0.69342105829720335 0.55759696869134534
0.42078470798335738 0.35898800834089012
0.65760239981331570 0.55356118514177133
0.50468197195633313 0.84927425609779683
0.76910623327236494 0.47105046887040125
0.38121983385998087 0.41464142992209341
0.67453933953783363 0.17222516869304605
0.54773970783799875 0.80338824192592340
0.22899606401705896 0.77246380480444909
0.81426233673345083 0.55141799520378088
0.21377061956045829 0.45008833557537231
0.78050581206213754 0.46965098870695343
0.22189881656696891 0.69695418039763335
0.20688507182442475 0.48173213261314674
0.54180923760825794 0.58611715404355735
0.25636816838469301 0.81477670225154153
0.38078855392988326 0.85953355417400257
0.22325045062137622 0.49321169255513519
0.59977855546750880 0.43733318980081937
0.70304939181017856 0.57560022674934785
0.30077058784694805 0.45939171727553563
0.71358374950801440 0.65663493257183314
0.76318791146633524 0.14790241431031048
0.65844638772236341 0.20322943756483874
0.72916350336328073 0.48564318133176254
0.27105281517326285 0.56755759108375070
0.68010238616207030 0.59760629442291635
0.35805660097933034 0.68380981225825876
0.31491115886707938 0.84584316207101296
0.25702654710373207 0.49000427983113931
0.70952697940390808 0.48080914309118838
0.28992931133891375 0.32625669218063913
0.80997114132834103 0.33622967302641454
0.19317714952863563 0.53651451371740544
0.19484981840324483 0.61394709044597928
0.21236913916802563 0.56748329168466283
0.26231598294251568 0.38341987235753650
0.28439255539525954 0.39055179658216066
0.37204650637636033 0.60664211112618927
0.76141610360263512 0.21047954900667509
0.79730412740312551 0.26761159984097982
0.57228251006119590 0.47151849118254036
0.55102468191771559 0.56767726071564362
0.40549754847864455 0.38279677752199470
0.38910146805895179 0.52222134180903157
0.68616780056479754 0.60518680797637114
0.43075579187970026 0.19390901267436425
0.49874216753348338 0.41638693345583233
0.32339089171250923 0.71041086046512780
0.59266060036214396 0.71438261535415459
0.44925637435782362 0.70589125008358078
0.78605724608316452 0.37981892308400372
0.34732934658563464 0.86463400506336463
0.83425626497711458 0.29368562439200852
0.41338143023875862 0.65073834861669688
0.32581226854083656 0.51410757231719173
0.49992056331066076 0.52217935108783498
0.45376480028597760 0.32615471586331968
0.76919355948268620 0.45404022423902257
0.20890839770945119 0.54068580285625756
0.64649715795978357 0.62693517655703190
0.54213379584529009 0.74921334083296021
0.37635825208271984 0.36468364969053968
0.49022994610113130 0.22451517253297462
0.64331949514170805 0.14786195757008178
0.69762325706668193 0.20444283546951675
0.23302917324479758 0.68592332478833562
0.80963827414460265 0.27544573004033329
0.77303878640234447 0.63420227098379978
0.24525597337034802 0.36511148927149245
0.64487490786346524 0.18289611294333030
0.68191236233180064 0.18750234757313211
0.52358888930576875 0.21981292986645287
0.22151866794988151 0.58329841529331938
0.76011759878146501 0.59088075599045209
0.20185719118410789 0.78152703312214844
0.35143158060634577 0.36247404102249448
0.59608766514556200 0.54996611409819773
0.55473320020532157 0.27140303617252870
0.78372070939993599 0.41302624985780922
0.43206200844339571 0.63841565289472268
0.40695105830881678 0.49428234326753190
0.19100429946163722 0.61588731024390397
0.81389308216922918 0.26288980997207201
0.61593819701197505 0.26423115607208936
0.62797067883912860 0.20280851106900769
0.32087116328357762 0.83547306948557520
0.69893472633599096 0.16753918042147953
0.65541486504254498 0.29068248597433899
0.21552292173432153 0.46544648960384266
0.44281589795285564 0.32785035301001492
0.50941548069194909 0.76359672665872502
0.74074594490368872 0.51980457843953309
0.66787097606044599 0.40960515513160006
0.79921367804067434 0.54721715045700270
0.80290212918631521 0.46734519167337307
0.73681968885047899 0.13559776821262648
0.41370138068411755 0.63144393812992672
0.52590672648389614 0.65726892516712110
0.68376799996277371 0.13949969087614872
0.33968815575693984 0.66805953147373531
0.28287551378437803 0.67131472594490982
0.21681366456714379 0.72417946367554198
0.21664073743886514 0.59459655063675587
0.19863034705314211 0.43123553107350809
0.57104645112009245 0.74765845043207979
0.67599807975151571 0.54682828581873333
0.27816435895438646 0.69732153027547583
0.37642092567876329 0.83177694730585472
0.65234539894869004 0.69958375379378968
0.77779513312113968 0.37888438499562616
0.57261892293542882 0.60963643987003491
0.74816363237835282 0.25159739971324890
0.60553008879380321 0.18489874323529537
0.23579948186017585 0.73541031142201985
0.20049802069050593 0.55948068546804253
0.72408665940925998 0.51927567569314603
0.48572217739080781 0.40142846082871825
0.52341914904906295 0.34983363195266448
0.70715319916968256 0.31682587155733111
0.53018017063012501 0.26802627665734047
0.67337344206813232 0.30338788488033930
0.23113099019113931 0.74471465222506539
0.38359596864402823 0.53280145324530914
0.20140534055632489 0.56330244942086738
0.62628907543855639 0.33422956983966856
0.82712241532398212 0.40488600170561112
0.61645978329935647 0.42086674416084124
0.51397809747350309 0.75538895730146927
0.20942038575600663 0.44354187607110007
0.29486291385132513 0.69333211730401345
0.70749997992881664 0.16056166655663284
0.65733244431094118 0.11603075071611782
0.27769204876407660 0.54591031595456563
0.73192109791731652 0.59738829632931090
0.40723892843636644 0.24310393467547975
0.53838689583922084 0.45129403993200645
0.20507310582485111 0.56736286813757519
0.22481690188879172 0.74700589308516085
0.63781026978538158 0.24498862626389356
0.33119293234900898 0.29189349183642316
0.73213715860337092 0.67763943522770864
0.59013323945609542 0.31557804567158043
0.57758287104125550 0.21232929472880538
0.44574586046832410 0.71637926368325999
0.81643768559744756 0.47438383078014690
0.44975018973379910 0.78445278966813980
0.44520613559439914 0.73436113032785422
0.32991688796518742 0.35424655426893004
0.72974171344056127 0.68225909704362053
0.67523525016378816 0.49371099147132069
0.17328651218643931 0.56619780292996136
0.41849357225171357 0.62707837103613639
0.73653296970860249 0.47662339838393436
0.34878109106293720 0.41713223137586208
0.28345156098889790 0.49414146227852279
0.26909899105561186 0.34436807879647002
0.49195694412420959 0.61225343282750666
0.42213859956439659 0.54359575031661189
0.22767043866326800 0.78228743739848738
0.58030270225882297 0.14912227255631877
0.23488803898041349 0.42990356999636636
0.76681904070301043 0.31458728391901963
0.36137565649188852 0.32280680883372137
0.24076145666809812 0.63369589885395339
0.69081012772559514 0.52580655471863769
0.48715579270414705 0.25278676667622196
0.45354094456000427 0.50114162490602143
0.31122537572817166 0.33967104056707226
0.24721809874827555 0.76557912978706821
0.69013241842077611 0.16101986882495684
0.41161338369086742 0.74101312397726926
0.34325731597939846 0.28871826067588002
0.77166193626689017 0.50057157384010686
0.33859475877769418 0.84454758808925479
0.51193289405573750 0.46613023886702837
0.75645562560797019 0.48727498292859794
0.33378973997934125 0.43568754942767118
0.70317658901505153 0.36459606962687735
0.41979139045149938 0.50690897642214694
0.66508539248817922 0.62372272048989008
0.72839727953340705 0.46571386595300401
0.25397773402381607 0.52450869018771906
0.66120119156677681 0.70084905018369725
0.29352540593789589 0.32884271371705437
0.83336328567787166 0.41500972223048704
0.56901987550694821 0.20990610668039059
0.64299718988119614 0.34880099960115973
0.31958485203601217 0.82719837543942198
0.54441284583863314 0.38689709278525580
0.45376322918936768 0.74819638479952788
0.32246846040641197 0.46410112904828826
0.72172318324119689 0.21993523038058410
0.68972679209677523 0.61949033434268297
0.56334036014074695 0.77899978675350312
0.49750610738082363 0.22996308584003511
0.47638940464632884 0.39971990537961077
0.58054931958040634 0.16136861662546259
0.66450988652641929 0.72950827143401420
0.63108406290433328 0.45037858960906446
0.70962067881612967 0.33407106811042908
0.24452867360146369 0.75386591254405566
0.73732324828361295 0.44324367972192491
0.20840231780740581 0.78306821074314525
0.23735405208490662 0.40017575529965060
0.39125710455628415 0.40911875391626601
0.30793940750636478 0.37466858051986668
0.19580645038989478 0.66712171678122278
0.81661113291905185 0.32425399891465168
0.61868259533383352 0.14980258674381394
0.54550732999459117 0.25425929307005862
0.76811829551199962 0.36745486544898209
0.62051671627698424 0.29162679852112694
0.66346931286457123 0.33970821323794104
0.76716549232567455 0.63181220072708588
0.72505469445220661 0.20658602008886962
0.56296954056648729 0.68419548932873575
0.23134082368888426 0.56853456384848688
0.82949685876994661 0.53568247010491721
0.67387023900909648 0.41376690082997741
0.43894061086123470 0.27927488151944402
0.47682437649426435 0.60451479014940146
0.63831256831032857 0.58420800421371011
0.21476681153533597 0.74875912924822841
0.46332439330094749 0.45352725217510581
0.81673483288166060 0.20624668779553001
0.26966057645832620 0.48107326569333209
0.67142633911708671 0.33092345352785996
0.57794794651180226 0.24385209661009033
0.68957801664321139 0.68615659583816424
0.66793464077769116 0.38730649511303011
0.59753833779877330 0.68938551869375042
0.80489011928695464 0.34820365160060618
0.53814477356933321 0.18107074308681609
0.81879617193990895 0.56691279500934444
0.31713202398139312 0.83706685666248304
0.23081006310910246 0.61839241338292827
0.47443626711846676 0.33290150962421011
0.64260477085420553 0.36840944846795864
0.51794532639559399 0.83500920052505778
0.49841688205866808 0.53813357173035048
0.49957607504788909 0.33706004065344480
0.34964386304085937 0.35176402937943951
0.43052792422697728 0.22475393377323741
0.80456443447694082 0.29109472981940887
0.74481613673456515 0.34422161397703138
0.59503645474187095 0.13303615118636392
0.22452184913262752 0.42526186187931359
0.55571358193610354 0.32770524284027830
0.44152426418654056 0.72511197579013331
0.48081274717906941 0.59933601796417846
0.27958786275516245 0.44030945296718127
0.51418679193453098 0.67807197120677920
0.70751087895334142 0.52088705656177847
0.75991549254139179 0.53519020198462219
0.25458553335949985 0.41129578018595231
0.48057021395124472 0.50429079444000280
0.39195267363315428 0.73392842837304761
0.36506836625020772 0.81118892347152305
0.28766624932795992 0.66813827769286593
0.20820640282500524 0.61459510658741567
0.51167743766833262 0.17347510275521141
0.47473002617381727 0.49480575090448548
0.56498279208717717 0.53033652790660546
0.79644374362062909 0.34838363191664035
0.82698314944387319 0.45366224731851712
0.69334186808042653 0.58418358439325191
0.51093370067444854 0.47791970609369910
0.67744462641392511 0.60684650370317250
0.48564418034180168 0.78261430840426449
0.68392317143546455 0.55854726789079878
0.33583036296443330 0.33095688772266468
0.65165752407569966 0.72545216260267564
0.75967200618121178 0.49116575132907642
0.75225869315240224 0.60839840840562764
0.45001526883955711 0.76992395995196106
0.24038946983550097 0.81581293676926647
0.71879823445722435 0.49712719108902137
0.62998016992070260 0.15915181679664647
0.49006466265624149 0.31653693256824589
0.41804745522785403 0.82773373495391944
0.67612724269822611 0.72351853372614761
0.62362910393757498 0.35647537653103578
0.41852777845465461 0.24060617813846588
0.42330251335228719 0.53645964808065527
0.24843131226412429 0.81659085881886484
0.74902387859108721 0.18737465406233914
0.30322605803881908 0.67296794392006021
0.23170073043174438 0.76943866986668685
0.24510658835005264 0.83555524310004137
0.40935507658581349 0.25494858315727031
0.62562284150013470 0.63431933911343308
0.41851506512284553 0.39981583356322675
0.29342926509709855 0.44813771078608244
0.34624059937938012 0.59056699927555267
0.45408917081140082 0.17643087467487012
0.30194597415082308 0.71397137550411482
0.79262187410033680 0.31043584420014148
0.78685786126997448 0.34623426836044113
0.55890118698818514 0.16439632564950865
0.25378422512246368 0.50844550990607540
0.34150851211551192 0.34424244758637285
0.49982987091470138 0.34337670669844977
0.57586658980012384 0.51609963632486289
0.83771799723150209 0.44042263929787279
0.81623276958590774 0.36247181340385082
0.75245431633023840 0.34289375019046209
0.18404449166997860 0.63677477096674218
0.49650514352915548 0.51067127304257975
0.70213703340763201 0.42382628758365315
0.70100866417412022 0.53828256439441247
0.35067023985256318 0.69175418504846375
0.71502135285375501 0.18098163019971264
0.37518542251589487 0.75802877292160598
0.51078628414713867 0.41214707902754499
0.23078988295830521 0.43079888662924049
0.34857653239478281 0.39113726747372168
0.32427382966510593 0.64895009785833491
0.67410071747221001 0.56285292413974330
0.71208439725500439 0.53241414889863847
0.21557279518727879 0.69942072243128695
0.66978801398336441 0.25467617560893757
0.36374958899820764 0.52788355863185898
0.25427166438336724 0.66627131564784692
0.20777446688027390 0.43422301125422458
0.59013254005037419 0.43091327949383118
0.55069809831656991 0.18356102734650692
0.33496586190645866 0.38235166623927463
0.72054482275807896 0.61501004373196877
0.67983749362992685 0.30468265146866624
0.68782771105900276 0.46275653578873160
0.60131287740462669 0.39764305636961589
0.49129407266447755 0.76797578078844264
0.80521414212895170 0.30176728041288714
0.60639797846514520 0.54530775482821026
0.46131935653098283 0.36939861874800922
0.76059112119259642 0.32177018329786788
0.21391490225895554 0.77473885789043484
0.41081320405335053 0.72628823659349495
0.53167326180858188 0.17362698043404573
0.44822744546575555 0.33667234918076705
0.25352166661381903 0.81797066097300297
0.68118340271516620 0.65422364370638675
0.46796958790082843 0.63412934000186127
0.30352681878284304 0.87564081549436490
0.30366478968115601 0.79022058895097058
0.28934659954398101 0.65651431230641055
0.19498600712993003 0.69673700529272242
0.51911034732584649 0.72420157575620414
0.31489804029263030 0.78360989458878660
0.53371158073877356 0.30259227651928600
0.37970162022306320 0.77286926891732100
0.19465501648947905 0.61010544843782510
0.73623732196373148 0.69057607693335143
0.33733081564025502 0.80725163734050631
0.53260733491876178 0.41148848301440216
0.33944191381863231 0.42258247208139554
0.52801225998102841 0.51039906361180354
0.38144911308890600 0.31253372618137254
0.50451231959131970 0.61082989639640872
0.59921478528707794 0.13911924261899938
0.70015587187493811 0.21758400387951607
0.70866131548873623 0.12333776021204632
0.65461622627430582 0.47874189572168635
0.64531029717405020 0.19414219701893268
0.58816875975362781 0.75169643913395889
0.60339261069763994 0.34109514290049897
0.60574910332386711 0.43681265476493453
0.22543266027226277 0.44399324868346124
0.46022854460499940 0.73981054412602054
0.43789559008377188 0.52189231022826688
0.68471599927441373 0.68455631297425890
0.28936657389063303 0.34917488472970282
0.52910169827671605 0.19380065043939931
0.30801944014165117 0.53552576608794977
0.29402184887867577 0.71976036175492930
0.43563839365329793 0.71991205727747731
0.56206334025288318 0.78373170851012475
0.51356076552555419 0.66707572468492882
0.54861367549776552 0.21637881325068686
0.77944394838837550 0.28780846324589282
0.63176568866694660 0.47668235691814509
0.39857220105909286 0.43034914017502685
0.72966034854118356 0.40894686951656972
0.66605535482994960 0.23453402688481997
0.48765270366988106 0.64182447705155021
0.44467056370100422 0.21556411244363438
0.22808263272181517 0.45020439949028807
0.80936757046767138 0.40081499756514660
0.31640277602036798 0.52042140254677394
0.71949118601605788 0.60342500540602140
0.30447780159315208 0.78538750160063853
0.56894420545914093 0.17063602966529123
0.78265954419338668 0.45861005137243616
0.79121775743386347 0.16221535799780695
0.18689316530205657 0.46641839705249760
0.61689915799071871 0.67045806864812763
0.25858887737758873 0.36094526643853653
0.30069663329059942 0.54744964480446179
0.72105975046555726 0.33285557604915333
0.17780980052447609 0.53694970215550530
0.53183043227779392 0.60413047509402507
0.27623243087662902 0.68005037062862428
0.74423639482581572 0.21425333936469554
0.77844978500180795 0.53011249405735295
0.81060196216991154 0.53194998146203842
0.76532130033814705 0.53455475051427004
0.75836940622321425 0.52294472907678324
0.53542824020055302 0.74556801357012281
0.60553245894610375 0.70940368539754650
0.26783883965514432 0.63266098455587982
0.60355373630031894 0.66854795854295967
0.65571778408482617 0.12692382980219560
0.55001341447903540 0.74111674565393271
0.33829126339401455 0.48960971448425394
0.60091386098972488 0.79466299877227897
0.42225539725687145 0.57572457772042696
0.30983382201434734 0.83287517069810513
0.79280868401899274 0.32912135270118792
0.51705596685789112 0.69673102707101542
0.58795930123648854 0.11599997406435311
0.59195276627384008 0.77376858558965855
0.67400725542018702 0.34287828954145894
0.42752649425680145 0.24224146262649271
0.59140391391080604 0.52940949716197949
0.41979485375254910 0.33814737465266542
0.76925185360307868 0.24423013262722126
0.67019028540634418 0.26084702672872129
0.60068276407623711 0.70366372735746863
0.23367232066885490 0.77752912178869338
0.49199073124315823 0.20211633607699891
0.22401324984236662 0.63062646262141375
0.55344829971742904 0.63327067848458207
0.71759156800112733 0.27439331187323607
0.69336267416716046 0.57918678864521878
0.80030897821057945 0.35535688723282932
0.28531045788644355 0.47220164520939611
0.41512491586188971 0.28452980680935980
0.56812624761067598 0.27633222137022251
0.49124905043916700 0.73837816099754061
0.62209515216392008 0.12333835839897986
0.28543365322370645 0.29681274778187838
0.80875299784944554 0.47973244085935446
0.74013373129549209 0.62511719783090036
0.25493570606376648 0.56643912772797900
0.61909039252047982 0.76808786876970414
0.68636584793720001 0.39780869013455022
0.65134404941193857 0.72143890892116469
0.46459689298576851 0.17112991555099027
0.47431369782642963 0.46854625819663070
0.66957315375239157 0.47343061414235965
0.16843017642167951 0.51714230922768700
0.59204929792194871 0.51883638386637376
0.80526459254694593 0.43007516196276396
0.36510256802514673 0.22790363788928020
0.64665715333375351 0.48298517043013034
0.53190209178363013 0.55449573137187536
0.38815066319539837 0.82874035804110968
0.28977834281926784 0.78899533202909922
0.33687775387769997 0.63828972035474085
0.42619056698997826 0.74747303343453642
0.79629734652280071 0.40320126422734537
0.82890110245961302 0.35478377964528268
0.56359901208993968 0.71341796213080599
0.45403641103510417 0.64173220275169751
0.23537291867584947 0.61048757342604276
0.57014005566930737 0.37947927550442351
0.77814332865779168 0.57078476199972328
0.55275037026914275 0.54497149542380829
0.18676565920323421 0.56658830972834573
0.29997871178803326 0.77114257948367171
0.15906778762673582 0.63264798247745102
0.60191639990089763 0.28748361382827342
0.42611915940660722 0.83227243951001229
0.59732685354899928 0.42577274478738880
0.58503587674138136 0.81773330254649457
0.82469669580730598 0.38631961181246460
0.42248852092008093 0.61992967676947219
0.74729710208473565 0.56185958781197320
0.24774353809706612 0.34689576449446324
0.24658678272311055 0.51743527720641902
0.55564237806275663 0.46403625196224296
0.44744349378154802 0.70056579179053347
0.67177576290997365 0.73548629805649335
0.51912343145744089 0.80792259743987893
0.85178847440914929 0.44530420788870406
0.57351525170493511 0.27511255694295467
0.24505452976753608 0.73043243018908222
0.57145525661435670 0.41181104365098498
0.57102906183136870 0.20446630035963126
0.48451894073328527 0.20321715865373063
0.22977548883482471 0.75148596583566518
0.38624904260598464 0.36737840377733566
0.82110785385139995 0.38295314237102240
0.48385320677772392 0.61117779765480329
0.34015137744898283 0.38185996585945997
0.69800004510604829 0.22852607290596533
0.79531922696025159 0.47909246178539877
0.22163506630647314 0.37919909815623842
0.20726609715610270 0.76212046486146345
0.18109031217137472 0.48517542366050398
0.27836778759384118 0.61017039220128955
0.57092461966784624 0.64312973629417969
0.46389717175554790 0.56274113547018323
0.76041234624782983 0.45525605113015188
0.42023421012724560 0.42964700484885548
0.67895346870520035 0.55906559221863028
0.59614477578462177 0.78442114989280809
0.53640773362420047 0.23584126647448750
0.18142069357374474 0.67484339375380564
0.28031210048844146 0.45426599915778532
0.58229478024063819 0.58516629614151228
0.58403175163090282 0.14728050293641354
0.20193988759470349 0.55258609835682460
0.49721927259381676 0.59544350958017600
0.37485674418223153 0.79806442160713842
0.62367267672593041 0.31696780861956597
0.21631501561830790 0.69175782046092493
0.62000916931321193 0.38885748251732710
0.60234712221760345 0.17081508617009103
0.19042584304860813 0.70780664326779519
0.20981725693854969 0.66844170918740042
0.45716561736875450 0.69078558453549688
0.29208468613709926 0.63745937270703479
0.39548939073240885 0.18860644877379018
0.51132138175548802 0.18066922939859609
0.51193505186449773 0.70010849563081545
0.68287904919317699 0.29165943006064854
0.38053068057516071 0.87639142897162525
0.75526761304770984 0.55332553948982677
0.26246526249491792 0.61286309446001541
0.84559528672610007 0.26836193470421399
0.17876668441204557 0.68363721951264611
0.30122536518868015 0.83259455911439961
0.43732945502706833 0.54219798466890201
0.64621887524845789 0.35725944715375074
0.76813783467378560 0.17367410368229613
0.75661543006202936 0.62712877786817545
0.58511516101481709 0.38738600122834399
0.35915709013283581 0.35378185657896144
0.70375891155168813 0.18267624400838881
0.50583792739840550 0.60176081725651909
0.18363112618282301 0.58735515649316150
0.56508003656724815 0.80229441246009758
0.79503797189574743 0.59460598026811606
0.68760143255821293 0.12955623989214116
0.20256620298701383 0.76300229669348341
0.69703790849240532 0.72661639438286685
0.19111883238943594 0.61212440655532641
0.79638036317894090 0.34370605984314351
0.71563719063513587 0.21024748686528544
0.31250898658792969 0.39850510806451733
0.72749170200164803 0.17258880682394717
0.82911312196853082 0.36611560539224525
0.45998086363171736 0.27515276871749106
0.44230298312018995 0.67877677140439596
0.77381349758374807 0.46285818723197591
0.59567850340776496 0.61620049564997137
0.39276677769593216 0.19558944667540892
0.42920256162412163 0.86553091942537264
0.85036231055819100 0.46072747912938300
0.29002250565448251 0.40810216110655412
0.51299988341009006 0.80321880965620651
0.35275757523280010 0.49700204180557855
0.55929390924201883 0.75439502568524319
0.38337340823306049 0.43909240599668564
0.56082819712078302 0.51900510692490520
0.41444491331475419 0.50910939838653158
0.51240616943289452 0.27361381000781182
0.26362348674422531 0.69121096222287348
0.52570934726253526 0.63686519118012463
0.77105195954353234 0.21736898814927202
0.64783046282346168 0.58151854172684414
0.43404913846674775 0.62255214424563665
0.57623359310361777 0.69215184262967855
0.82537866668183013 0.35831987922831227
0.18091204602059485 0.57992486009704824
0.72277567508844043 0.22968980503841846
0.35812427996873680 0.57224862065100446
0.83514476308876628 0.48109833024347137
0.63539865477542912 0.41136426210701177
0.52926669199485477 0.75301270366293593
0.34782523515327940 0.74926678078537323
0.62096412975202175 0.46718184001014712
0.34777215648780502 0.63971994136235089
0.73971240246545833 0.21438613722419211
0.47019078238553136 0.54508866323566840
0.19391216476555964 0.71742312456886925
0.37595734324470592 0.23363348144382612
0.21685073516454201 0.49274420774617794
0.41943038897650609 0.28133853049666663
0.45181244050079356 0.77991910695043609
0.20245538522293230 0.72013773496665645
0.44955526262633883 0.20932603952166964
0.27036539234764140 0.66047602864725885
0.64902253587912040 0.24343961815168602
0.26758898651735741 0.80826090070186274
0.51596999261139564 0.33944153490304557
0.32933026352758260 0.85418686383238818
0.70238716742256291 0.39952698794141028
0.18713613574256804 0.52311085927870071
0.64573986948895923 0.21225888898137427
0.55761130331707298 0.63783248106364310
0.24342137052050042 0.80582533602714479
0.50527435120033037 0.77073185855147008
0.46274406905123733 0.19370124625949481
0.56818680836559776 0.79422653446280900
0.51856138023518228 0.76299346667893231
0.30487085629508354 0.62925527803475545
0.23466365059495792 0.45182110970465078
0.31974367162506356 0.31173561666795790
0.37807448224205553 0.84387018515760448
0.69265081167588094 0.28676495687561299
0.71558478501723721 0.54344750026996447
0.38275938453461228 0.21891479856071852
0.60073703439995385 0.15728853105440832
0.75134144761965882 0.18095540797025172
0.61606814122437670 0.13047416401942491
0.48749092792226356 0.61577232503262658
0.51514884899003843 0.56083812913760767
0.19904191662095466 0.48084628693273757
0.25501808596018127 0.42532150770542698
0.23002735240360517 0.48545660728253909
0.30925551247855287 0.53007637588730039
0.47518621313698006 0.53004148905371362
0.65589461814031180 0.13974468812763702
0.62335428424009520 0.76988661944208614
0.51808955085524144 0.23770023679201094
0.74651077361800466 0.33390531880321317
0.38972381894173336 0.35353220113350342
0.24522277002184772 0.70389287369485753
0.62193892719867383 0.61491420393128360
0.43480633219512105 0.37222350446299407
0.68402387615040283 0.47532201942950852
0.27066386112514734 0.53722143074359319
0.58478922822613222 0.44114430285318434
0.75387231945517730 0.41334202125967479
0.76376303995956363 0.55116442698244783
0.49806381889366380 0.48187956240408580
0.50243790272018496 0.19266982145420003
0.67297256815442197 0.41960162008928636
0.66834776495802628 0.16563853719394619
0.54099556066543886 0.18346646729041488
0.31819964341085383 0.39809966954808035
0.51968620559524581 0.27292595527038926
0.48884143872973601 0.56042087166232857
0.20222918666887618 0.59252535355361613
0.28271366375813162 0.76146203978356186
0.28908443085647306 0.43579383780765407
0.36726625150160014 0.55431915077733618
0.78167404425405396 0.47474047870908925
0.24516924364868667 0.64912318362321941
0.47694177301573282 0.77273218067216565
0.50995451971739170 0.50105644070326483
0.55565926785648256 0.20289525118368712
0.71442550822109496 0.24893079237069199
0.56315552003585490 0.13725890293869741
0.30001045846887742 0.86811707888439282
0.60735867771195617 0.17668636225075429
0.52028431159152921 0.65519362310828511
0.75187690473643898 0.47312571826416838
0.41806221828121931 0.68071386268493494
0.61186927359032883 0.75791263438242551
0.23576914635209545 0.76358056571855804
0.58920950082954771 0.65479370974831830
0.75247899902117066 0.59224499022151955
0.23608240666512831 0.81729647871673550
0.73400034287703131 0.49634017189830965
0.55746664861255679 0.34762811860402176
0.43898324884868911 0.43313995448436288
0.19890516857680102 0.52264875050207515
0.22398965450255343 0.41365692360494399
0.72875240222162863 0.15839834584325346
0.32997796763430448 0.71014401152602435
0.57295510895389101 0.52109653024935021
0.34896906931315075 0.47550560267764563
0.58011372391679461 0.72206832989340786
0.61281749135093311 0.20017002834645375
0.35773938913723957 0.34565726638089933
0.56023491755360322 0.59907490271639630
0.51613191558716975 0.52488015126320509
0.60246700600183001 0.45176414336458970
0.24564514349641944 0.62006458580169344
0.21152210731112997 0.52815106312459392
0.80350109818650195 0.20865643159187769
0.62700225212044280 0.26631450197319873
0.66790002108429758 0.32681369954985939
0.66848367884828952 0.18755240185413741
0.47593099584060594 0.40710882482489996
0.37042392777591432 0.26302571199295283
0.26516824628445990 0.83575275062340060
0.65657009457562165 0.39540522126278921
0.30963513843575430 0.72670540963939179
0.19947997822156693 0.55550210821632851
0.64520269957455834 0.15390580775010829
0.22259384754444023 0.50915011258493259
0.38496378143217591 0.74067241615596480
0.64399222741924056 0.11623827421601177
0.61121962843950328 0.67049730890413639
0.42120416189483662 0.26946073159852157
0.25273826673193078 0.45888716458193396
0.63154412677549354 0.15178538255516860
0.67390890035678785 0.53973488843159112
0.25696736264215664 0.47703577877985659
0.41464870748965704 0.22476459883651370
0.41996723395546215 0.69547218751696360
0.48284859569634758 0.75657182954733493
0.48807953941618221 0.36696088842605479
0.58073313596536758 0.77855496876137364
0.67481446712468451 0.66530154183433365
0.39558923600260881 0.64853275785651465
0.35144917087617289 0.28152858465189712
0.26979046945335017 0.80022616445008332
0.64884831067374793 0.76999059060820774
0.49016169492598494 0.70982326411873098
0.17810619595408275 0.74839974851926283
0.31963104136051523 0.81952713957825218
0.32485613969035321 0.42924294287872217
0.76486613320421348 0.58038122454458063
0.47479055582280322 0.59833100372466297
0.60055517550401571 0.59605863820474014
0.30431257988359056 0.30927376210878776
0.35616288055844236 0.82206618386417651
0.84942577406247743 0.29230617338075282
0.52465923441635343 0.17068396241292519
0.24481723686186951 0.43399155315445342
0.59911376261023253 0.69890104689786758
0.28410839154747713 0.61887055853128192
0.72547151925928266 0.56089824802549126
0.71455435852623617 0.60190758486933182
0.60999842333317011 0.77116765340803994
0.48593865814140125 0.67940448394049113
0.51797285956812422 0.78746523116103240
0.48737843373632739 0.80934615848329172
0.23371506834970446 0.47009149996003241
0.78281244953776341 0.15626793547720458
0.68797519108161487 0.26937766540559532
0.58967161595387507 0.39813204976062511
0.57675072092313084 0.60598397039227758
0.68057984141692318 0.32381945770728759
0.33714167498068709 0.75340603626339697
0.30229535665852270 0.63442144893089014
0.63297532767713505 0.56193519370885692
0.36115155462468918 0.34177458662390003
0.74575747018752525 0.58313587179578197
0.23513173682596350 0.77044467429525265
0.20541835101444950 0.69468135631904970
0.70352768934033283 0.54564088216419748
0.39433027266978821 0.68774904651518853
0.28919727039742182 0.55907350095085773
0.42991462027307581 0.62695932542389732
0.29286703666689540 0.34071350597911049
0.62384160230811037 0.15479008507265368
0.70873135531660014 0.69081612431112627
0.53760392158857329 0.54877184024332692
0.49151276884578576 0.69198714157147267
0.50457547016581417 0.75439156709610300
0.20540480938341110 0.44843985583503226
0.44661723084936195 0.65541982504744889
0.21809268651390626 0.79117316002971672
0.30089533884485098 0.32729496033191213
0.38684532567791918 0.19980787720905427
0.79020997874813292 0.23821924918289106
0.21205005143894151 0.78046669172147243
0.64378873982375362 0.73617414276428950
0.79398807354641632 0.44356350697099955
0.64101761214342345 0.50403689481068326
0.44067754300796491 0.58582373272231525
0.40536697253910231 0.82169159209675180
0.62069115313175538 0.14112884697448341
0.79745302064792067 0.27806446239868782
0.43467114370595128 0.85542043897797959
0.43334716691768127 0.70955271506362561
0.81444004770586231 0.24236451809061083
0.31835003689995034 0.38263440253305814
0.69436857291315557 0.47578559360130229
0.63379795018676433 0.26125216720029154
0.71626574969325074 0.57218562090449820
0.50564821087539213 0.17505877220608851
0.33112487325421636 0.37807625651061039
0.80805092521863042 0.37924799861239028
0.28932526434741301 0.30053880203339106
0.47026545305017653 0.40861802446898443
0.76149951839722618 0.39690498578226602
0.75911769349478997 0.23040966347046127
0.78569649599221736 0.58136498745472631
0.26117255874693623 0.46292386184380102
0.26107040527489933 0.75287692052919053
0.39645451859645964 0.22118155441748158
0.64821783516109077 0.44600235556299800
0.35328822861440978 0.33459082712416272
0.64626232596348143 0.43041707010372315
0.62636581291404880 0.18767145274558786
0.33110884050132294 0.83982184550820382
0.58789800866891695 0.53400985643899401
0.69072769087492936 0.19279998812326052
0.78893203750871355 0.42215695287151966
0.27156417987353121 0.80803348973021649
0.52608156097531222 0.38975896299218848
0.73572040923993165 0.48172746703796854
0.28514661922944362 0.55553508268833363
0.30743189014717959 0.75527169701988817
0.20650162921293308 0.46439690594765004
0.21637700655963577 0.79881638883245865
0.37278520024792627 0.52697666862146986
0.71827763479391260 0.26315629964997506
0.56594925051277223 0.41250197118910381
0.78505248574052788 0.31695160733669825
0.49324213312621762 0.58496670598841305
0.27826478265146237 0.50951653163870347
0.55734038398485375 0.19845008980464418
0.21533045928465894 0.43771967415715740
0.66727335464122151 0.70500988913419227
0.38322965415514476 0.66330462821408354
0.22772221705935963 0.72290654461141357
0.52994890327279054 0.24988578775244777
0.46498309841057661 0.53467111016731339
0.44319181254875406 0.51944876145737973
0.52227017819807053 0.64614822022698115
0.36396201250529298 0.46532876080010804
0.48456915497248654 0.52874360141311083
0.77611171592458172 0.50072730232115503
0.62030683611750559 0.73866430873849542
0.54730522141704485 0.67475568502209926
0.40534513730066690 0.35544482062326566
0.46812557617860123 0.45028784667478050
0.77728715593536646 0.45079595297176211
0.79834289604708597 0.43341350206078999
0.58064218693889957 0.57399981467090755
0.32504324551341524 0.73232235502226228
0.56048457433751242 0.81720709512855472
0.30730264900203264 0.81592414279628633
0.71365361991889875 0.15516060000109186
0.54437321334890454 0.46120869819980692
0.66302976097164767 0.38294518786513643
0.28056967901657714 0.74579026918867053
0.70876358047154731 0.68622070443780614
0.62852420446342228 0.56575193540492696
0.58538184932428594 0.22446330034990031
0.30439167820439039 0.72938106717950313
0.30354185418315832 0.51547975278646696
0.38300241127571244 0.22890926103143353
0.80428021160311636 0.35782763163463616
0.45745250017498196 0.21735628649655969
0.55299279001030199 0.57344626349891414
0.27820436673021620 0.44523228276606647
0.49656260005646430 0.66763438545511189
0.70663603443209055 0.15639285966223224
0.20120028184013350 0.62245522250744489
0.73001965431140770 0.21037659931454578
0.23962024311236380 0.44247824049679640
0.24832953772566851 0.77892202329189530
0.65476133993908681 0.33573534945368655
0.66490525977928761 0.67958104230172611
0.62777754031891142 0.15320421500890516
0.74818283555101051 0.57548632956173562
0.56286794541009666 0.17505966352408453
0.33937503277973652 0.69579189319092971
0.35001162376376682 0.38593283944392104
0.54808560856212707 0.37565360051556784
0.32590062995254293 0.81475691469285805
0.39060798928924539 0.65107658488338183
0.81413825080553126 0.37097802861771445
0.49429500648364227 0.32735632329088615
0.54616665178359414 0.52369097573132262
0.25837492152731362 0.51565003347449934
0.59274759427196999 0.40374005384993966
0.32247384862204415 0.83037604329306358
0.79891052257338746 0.38461751700217195
0.33755968223423666 0.72268959577697622
0.68017991684223633 0.45418390689672894
0.35707072826270531 0.26238951214255368
0.45342894105233655 0.22818741603704329
0.46812356570441960 0.30528039124773981
0.69593063122610421 0.16962026317269854
0.65675644313296067 0.52148033983710362
0.18861836129524079 0.45986303777469179
0.21547185153859005 0.67709210643524964
0.77933500672473421 0.29339994029966787
0.52503904233997412 0.42463984835937363
0.51067999206258452 0.54053957150620990
0.42717924370102200 0.56572409899774978
0.31331198080632672 0.25916535836089749
0.62754008121501836 0.30583555276352403
0.43953217197919348 0.63965927437980463
0.34362781305363194 0.81489092848650158
0.78141437439256534 0.25793234770992068
0.35809621668512542 0.74795781955250462
0.59745829556720964 0.34240156564859064
0.50396347466699398 0.27460837948951000
0.64120340729788783 0.52870664118427224
0.20829118138337410 0.71507889089043331
0.37218093858503820 0.62606810238745880
0.83169745545243789 0.47544935742213701
0.44443396359192688 0.85809047387773307
0.22087162748504152 0.60912485582418352
0.20409192581481500 0.53136684168579351
0.36800524193886863 0.63489028569792061
0.70235572240676236 0.37909887119319241
0.54917727527602267 0.26914149654275732
0.25079935953947108 0.74719320552050272
0.42943325750131522 0.23487271063502180
0.39972597509255769 0.68501339024454166
0.40967419076036693 0.23452407281949686
0.17974897653982308 0.61242874478737042
0.48537032382624357 0.77197268601835234
0.54251051839913533 0.16678098340063380
0.56171539569367668 0.22439002014863491
0.30515029803162225 0.30572110271122344
0.30727236393470753 0.49931406012174462
0.73392429791106317 0.30477474855287601
0.20440474696504191 0.78569061046146138
0.49132290125005318 0.24908191987912104
0.32006134586517082 0.52451032198177883
0.48367149007377352 0.71794183260626876
0.30418566666851643 0.82457389338387399
0.75569074064440001 0.19216179422539373
0.33551008454598985 0.58623324236846219
0.28415592855781324 0.69407214524160832
0.72713431768887249 0.17866553340837091
0.51325275110403834 0.63333894012497405
0.36431157001085290 0.22096596417637895
0.28224773832643513 0.44916765933462277
0.79843934595083677 0.58295845108242816
0.48377027217664420 0.39146518210218384
0.36637869086923902 0.85622592339612835
0.44301489544547673 0.56485787469039239
0.62562124519222628 0.13514596731428510
0.68080544051527803 0.21449962676765533
0.62106556839566851 0.32939714319807761
0.81630749540202807 0.43185363472740923
0.60856697613196564 0.38741240494284140
0.60006839985699134 0.27698399467308932
0.18658368532581729 0.52746110176761385
0.30161838697011711 0.65982814328225881
0.37825364392709004 0.53014297004216349
0.66931914842709372 0.40351487664797181
0.77145232613820913 0.26089452546917646
0.42171953716804567 0.70167254255867961
0.44995162105420961 0.79963844467279055
0.75598069223015796 0.61010296543091136
0.19256913014585508 0.73314732566760532
0.18521187236452996 0.59914948760927289
0.36405863849827658 0.28670187537000580
0.73198113694636469 0.22479662815904489
0.71843030131185359 0.66230272321811134
0.77314483024370706 0.56768088285296314
0.22640368472191036 0.73448848210373607
0.53071929133086582 0.16243387107648941
0.69011793922234466 0.70724452832147722
0.25088797627046727 0.53476109989763643
0.65018004565037912 0.29295167932688682
0.19121929274509436 0.48566742909990218
0.28849746521263264 0.49590601046266319
0.23331885600625946 0.39146348548724108
0.35657245187923703 0.36075275677078916
0.63337923628827664 0.42304302091570573
0.25290911095905361 0.35495552325483515
0.64686588216438534 0.31547837038627102
0.75890603945697643 0.18672757078082236
0.53759817859031678 0.52424059071360507
0.25027867008730337 0.42960326326656584
0.49835315805947428 0.39935252101446977
0.52842528659209043 0.75788280681996467
0.50774929637615918 0.63521505376808340
0.65505723533558191 0.48857009778681532
0.73736843680701925 0.36990638488145244
0.65194841380683322 0.15508054527232601
0.49116632675099836 0.46656428678430528
0.36753226630179980 0.34973298329741176
0.60631416942515293 0.15736747777000692
0.52378002257826162 0.37212264111996896
0.71007583240542216 0.15773326589470429
0.61302646254392867 0.59409062698645965
0.36479459954267901 0.24993073197644769
0.61188811900808016 0.54663968264597429
0.64712596086373664 0.14153689491055868
0.73644761843789031 0.28858885072685070
0.56083766580681860 0.70422049059743475
0.82363157495151240 0.27377702017303551
0.37445249609969233 0.56969897267754521
0.24443372275805725 0.68078595123790420
0.32890283758715722 0.73614912600399207
0.24892082114859110 0.84716631404490184
0.34759489214229233 0.56208851319072628
0.76461090933798248 0.28521969069487324
0.17423211936500410 0.55271066859281781
0.42419361498468355 0.86227188714758141
0.66339623200894349 0.40483442521868085
0.60252026943370529 0.19749279361682465
0.36062488925381164 0.28889342368415583
0.67171036198536105 0.69495105516897460
0.50337887404613968 0.59668577992595750
0.77470175744484626 0.32896004927320877
0.24878559751835330 0.56752486647033173
0.51081766172675935 0.30636878910701165
0.42605875214947264 0.52270330957359135
0.24895820915890801 0.58576771115655279
0.49624688032952113 0.67342170731903395
0.47233737186564950 0.75098348616146371
0.67761760377227431 0.29349299999980982
0.26810971523486110 0.34044214554598407
0.27566398872959319 0.55084624759828504
0.82746365502113606 0.47927529160618848
0.37549607953890402 0.42385874134906470
0.33245498643075699 0.44435402912324573
0.63140117410009400 0.69944090017733374
0.18797185290184573 0.49347553949989692
0.80564091208595179 0.30658669373947162
0.51023824497189407 0.36358789509952827
0.57088547365189202 0.15962555091458602
0.59843160111945970 0.16477232357823793
0.67846216576095897 0.69055934289911491
0.22668859312695891 0.56917738258971295
0.64347589582763476 0.55216431626765827
0.44864158160290835 0.56212167801715474
0.39711301162227919 0.63101842293400667
0.79315013063641060 0.53843033893458547
0.20488164078779239 0.46812869001827423
0.21901275317719660 0.70693949213040397
0.74614943574614356 0.22400376222822738
0.82424034364068843 0.36842554139616596
0.70075526542026290 0.52794601084703285
0.45217037744339694 0.81792308708561345
0.70804424958393208 0.42505410469910843
0.36680638363187568 0.40861306240023448
0.67630635440862630 0.67534481494980270
0.28255748450041712 0.33351421428739991
0.27146136183401898 0.77186034923150093
0.72827068697422814 0.55666677273000520
0.62253103724079351 0.40846153498213966
0.55457283528371004 0.62802234393140277
0.41269431495570014 0.59143132756364802
0.44699763193028863 0.79545618209996438
0.71860561804866818 0.25752108445883326
0.68792136727542630 0.71464650170562849
0.82921885047796018 0.49118200363435444
0.29535779890635888 0.77606365234215047
0.40317190112154133 0.21705640713505470
0.63591824382718642 0.49419164362239931
0.76807697016224941 0.16878096401583498
0.61894838930495877 0.41555263935379610
0.22890827878316411 0.46447927247032733
0.78521418738689963 0.38995425637935754
0.62154737372630231 0.18817614680763656
0.44310605522800689 0.47422356397122778
0.44094270226762289 0.87887747159974272
0.51653040331719791 0.47879183427310062
0.51162425803417400 0.16295470625704833
0.74382814779156226 0.20968286523254026
0.64031891248741424 0.12697532677817938
0.66805746084189555 0.20464211089751844
0.41357819291720321 0.84485166650426313
0.54709484502710781 0.54334551851574786
0.74526815472053354 0.52895109336863688
0.40257198075468265 0.63220159619664251
0.22485664388716242 0.73080977753827048
0.77051745807844096 0.44460299010053317
0.44213712785064480 0.65192921178306840
0.58697909565332562 0.77482109097459517
0.64809836746548211 0.56107886416865060
0.78395288155105680 0.55148304066340481
0.29950351692200983 0.55422263492076285
0.73648603962703629 0.49202970821814385
0.70346688452727735 0.57041502669004807
0.47329391174179075 0.79283049591707400
0.69576722620739073 0.48915602209026066
0.40768337631974455 0.35025294725653311
0.49189729271509530 0.19031304173565095
0.54467241495912333 0.47900425911990735
0.75677261704732413 0.26268772365937931
0.29742048211160549 0.80853370832755866
0.47168129649934998 0.40243568829771226
0.75890527198498470 0.61343834494291882
0.31887638138981345 0.58118255295241084
0.48658173664786042 0.58494995199277144
0.38747554457042599 0.39308672765458152
0.20573340381814820 0.55375955084918349
0.69909669847448197 0.63193171489872590
0.54627503173043901 0.70673717963958727
0.52134073201338216 0.52688284815069308
0.59292822646247911 0.16026768257558796
0.37905670683886761 0.19821828025432409
0.22193686647657729 0.51343264356467300
0.26031682495341785 0.76583370678040530
0.18501339379574994 0.75233325798280593
0.28298179775629606 0.36202031289342107
0.38240369124515855 0.66898229602304071
0.53398506088957909 0.59546462768287345
0.65639333530762189 0.38954036613963650
0.36080800418128511 0.87848463392160037
0.35131231600217078 0.59341432631219848
0.37538409932047251 0.65323138960251681
0.41055065940490088 0.21601618804031422
0.24155062950310327 0.62491388094382538
0.73914606456531740 0.30819583047348964
0.18152116816644942 0.65577835535519680
0.48981700169853881 0.15575873022214237
0.55704687445254053 0.19350166232784843
0.52624501424747461 0.34020648928945574
0.79418011163929303 0.52969824739268445
0.68550694735149797 0.43343497888225008
0.48383695341593513 0.34562304388878268
0.35653047941285898 0.81140542620729239
0.46345400428487527 0.26333079619595712
0.23507528595522625 0.74542222396551605
0.34634007518210380 0.44719041881319133
0.66247280573060885 0.28920459554674399
0.40749542537966643 0.60177269766486052
0.62006741107569519 0.15660251349549478
0.36075053184047318 0.31302538403159652
0.34677822060648211 0.79779516422825103
0.18985447264211308 0.73674482749567649
0.56142647808266322 0.77151476487507575
0.37436274548804188 0.81645807976539064
0.31921242823029783 0.73316580044769675
0.48526631221571281 0.22419391571353797
0.55043500009477286 0.27526935311668399
0.74275170444390448 0.33739330549501562
0.61229553981578277 0.38210331748487941
0.17797034879398757 0.52613144539032886
0.21366873048398174 0.49456548108619480
0.16866814250300377 0.55087597454457216
0.75471410405206618 0.30305902681450120
0.26635615183218309 0.81203135724669795
0.16485087725756420 0.64623081863607101
0.81915787110162530 0.48789517173330466
0.76560358068220613 0.40105323686231287
0.58366370725534378 0.78267934591302279
0.24816344563592169 0.68541194331768929
0.56330043487744130 0.44875044299861089
0.31217398192191492 0.32386159664101011
0.19489760057428487 0.47402227006565584
0.59364429442425015 0.29448837847075399
0.20735214151534179 0.48985015997638037
0.76589724506156387 0.43479240354910470
0.37629604795979632 0.22440630463636368
0.48546087678842265 0.50088699202332820
0.28705559099765782 0.57602410282598171
0.54793422699352634 0.63386548586756020
0.67317538113399622 0.47813199658171524
0.60710603648194672 0.63025657920113776
0.30930978491450384 0.44570191191938996
0.24554441561952367 0.44786887554022364
0.30215653311514795 0.80789765253878687
0.36298695883111720 0.27154553789981101
0.36806459033374772 0.43041299410626910
0.26931156673598844 0.35430280718558094
0.79712548484026391 0.30730637712645958
0.27105273668837659 0.64324332054051681
0.53518463809711603 0.24646583504296976
0.26880167110475689 0.83182467434979879
0.80764619678883642 0.51919993111372553
0.78489560985609708 0.53532398676511217
0.69016311989487322 0.65765718631201042
0.35646964748959464 0.63271241017502233
0.42478605235705691 0.72057891454241840
0.38654757384996224 0.25899452246693322
0.28916868109658267 0.72753302527332231
0.64946022753684451 0.71771536811759495
0.26298658225275173 0.79193961858967143
0.78284589900395851 0.55563708862081485
0.25052025841020154 0.41242919200213224
0.63196605807533279 0.11781383470015991
0.78877528736593761 0.33202699631441596
0.56537175353158209 0.36661939798862553
0.62175126055754038 0.76468277887793223
0.63307861664389231 0.28202366904103704
0.70921091048979934 0.34459428317762597
0.68389634694021950 0.57453183873559088
0.52814764454689933 0.76308024075255765
0.22019746573033949 0.73651465634415803
0.23066469070699616 0.75532986258264190
0.21223655121453522 0.58954222500469067
0.51491586793604671 0.22086150406402985
0.50834132995524284 0.29550337727507725
0.67893824987608564 0.71365277251729431
0.19589424077995002 0.75598718328005088
0.26216257207288912 0.37524680689858125
0.53148776693556044 0.32118841771543472
0.17934527566032779 0.71439045928802847
0.48438594912980570 0.15538961867701512
0.58132183071370147 0.28025517437522635
0.38769723982699278 0.63392185390581812
0.32963263173983703 0.64617316378340428
0.61922152479107306 0.19753428310071991
0.22463939886970002 0.82716614782834574
0.49653654945679260 0.46475816933382186
0.51558588137569072 0.32804746846482447
0.48867309394814273 0.72077505658789476
0.58188080771181316 0.72694200108037510
0.74627593618930610 0.35103149560888003
0.34274676563096351 0.39178836941618345
0.65406630815379330 0.14301872193519663
0.41632316893716736 0.29597762248130421
0.25034511725280906 0.34221124638967504
0.77274883635004710 0.54686989425923604
0.22611947245144148 0.69725833580418783
0.38263063929307051 0.63159880636710031
0.70933323287942374 0.60014222490798397
0.53862460583791705 0.66801818529664214
0.46340617941782708 0.64650532372394076
0.48427745870292205 0.72401445232034356
0.53496510913856588 0.16389980209306199
0.46927286254632011 0.31710889031728784
0.32359465183161951 0.66139152550357061
0.45659696163010710 0.52268486663977631
0.31148694063498628 0.47759634389248240
0.44092050971033425 0.69379570888014741
0.73799556471985173 0.26081474511044339
0.80928236396319631 0.21108977508420126
0.37042659540295519 0.80380390289909176
0.45789186809926369 0.67220732520251003
0.65182423837957559 0.12937432211863914
0.46245782305860322 0.23078155538957729
0.57135665468037122 0.44230374513357229
0.70909633621265677 0.25697410410418725
0.48258434770271341 0.28704980034900018
0.63916598129181623 0.67266740310628803
0.25546029815336219 0.36819692948219818
0.45486944241633975 0.40826190510828531
0.76163364200914352 0.46509580538973982
0.38769533416034246 0.82327512163554473
0.28813175525251067 0.52178273424091559
0.35115687210971408 0.48235114749745323
0.30987498778854644 0.28696210839332342
0.31312542324485571 0.50887030879522144
0.69765831028770098 0.65060468075787281
0.65524999686469165 0.43753863585387071
0.20724810597205967 0.47366215378308663
0.36622746369760895 0.47618328294349493
0.43087676641901496 0.72529229687162611
0.60675901603420068 0.67273003367173001
0.17320016237444960 0.52357563395389040
0.32139343168885043 0.63395517907461985
0.22214520256418063 0.46260779221977399
0.41680417219540034 0.81649136155571345
0.47391829578314393 0.15933298914123489
0.72892930727279914 0.49583266625868172
0.50362275964822956 0.21203958172024567
0.70395857333449829 0.25829065614757418
0.61141324663481678 0.17788282708422254
0.24858691217105014 0.51312996179644377
0.52584694274117161 0.43509778602735733
0.33921013461763200 0.46167548907276329
0.55170490623468738 0.34728950829575822
0.64499459963163353 0.41938996967293429
0.27926869910003793 0.70274282286013723
0.41869419352385129 0.37834559937858830
0.26274429691372969 0.82616805877932287
0.63314060787111026 0.54585494780609078
0.25333072219665731 0.49870936423794215
0.76694048606084275 0.21651046185380868
0.58390225283848740 0.68176566430300589
0.61825347385756435 0.30433357770668401
0.78086861423866671 0.32016637848653517
0.43988445543662225 0.36194522281437569
0.69343933139430691 0.15882474015715192
0.78905655886977633 0.27848418511255291
0.60717578005629735 0.13108350785514317
0.60814583660810961 0.19845859260331117
0.73387486192235241 0.58821409473667030
0.39372181069603152 0.61163767990019746
0.59681873443555011 0.15842676432909145
0.58175844618514883 0.17360189721676200
0.78734091186735156 0.17900070165949689
0.37251780817713415 0.69038087511158941
0.38219291704777725 0.81039115634471082
0.55781057280346591 0.78462378932200361
0.43134820659175988 0.75137170759467176
0.71674995432895217 0.17426310443189275
0.83713484856090914 0.38794586237373335
0.20586588180824061 0.72201241746497269
0.58037724678628710 0.15728306244945855
0.58039989142476589 0.67683646427678090
0.78064124468048579 0.31482222948579691
0.34570522150677202 0.52596990699118051
0.43027689278459863 0.85285527354157642
0.65992023075822126 0.45262244186539152
0.77761356528616732 0.36872016420229692
0.26409097813575944 0.41624531713785373
0.29676283831946620 0.65749893091657918
0.48582535168866314 0.17194081810273926
0.27890747192731397 0.60359478678944922
0.24844679732296940 0.36804459335907108
0.66969008138371500 0.15109196779776285
0.36403406528521887 0.50008259953109546
0.57265487291490236 0.35802456167220509
0.46512040136361221 0.38689836925968729
0.36850643024389917 0.27020823414550399
0.58001367900873946 0.51118896375682799
0.49344946127999761 0.17375821552856452
0.36027552527427231 0.27432105981660970
0.28955559561297434 0.64880268216109660
0.40605123805438259 0.72360025560217989
0.76577185756843813 0.62672188677792207
0.53737916992834311 0.75771702902733928
0.71465224947337580 0.66504196188216147
0.22617021327379772 0.52287554075360654
0.33541295028708229 0.81263192315689525
0.41019064007191497 0.23852274272511345
0.47786437818514316 0.18639054624008689
0.61095008136850359 0.61981877769386773
0.39705638467007148 0.58149420563328125
0.38302518238325867 0.58440275485153259
0.48953184946379669 0.65191592018716049
0.78376906913101030 0.30102686803067424
0.19744031222019803 0.45547328374957391
0.63353490046085270 0.13221452120858762
0.44014508256687890 0.80555061308825515
0.55555445914298018 0.68806170186134352
0.51815625872810811 0.37340885927497991
0.68861581914441916 0.57680881805578865
0.58661522803737065 0.15668865948544039
0.38688990402310419 0.19176673838226546
0.55153040500232409 0.70354815776693747
0.45512879325233208 0.21346460544072857
0.38941175569348707 0.44194458246007839
0.72113365913084726 0.49210876977052065
0.31662665522146116 0.74613619739362025
0.73092442134641500 0.67206598758288560
0.33331977270591406 0.41323886837761059
0.74348303364040680 0.13522408764120117
0.28120749605722711 0.63663056825659303
0.35238332815346241 0.57576058210111292
0.18821486425097955 0.69892975480506758
0.22659138597282008 0.81567197643177858
0.32714935710427384 0.27107838490086617
0.25068071412168375 0.39397704446739845
0.23161180168514173 0.81595859289021488
0.27238993533643835 0.62987834311061608
0.73205124027823310 0.50129220799531859
0.63428633089953701 0.64286822734339855
0.76236475541600035 0.16093658099711536
0.63059143767216186 0.72782881828278756
0.41324501955609383 0.19971869698189032
0.81364615019752184 0.25278372671937599
0.33381942171115175 0.24715659095438303
0.80208253581733491 0.47542591680874624
0.62291510213461398 0.56424432169014083
0.69010500909032546 0.60212188154437796
0.68732364166041182 0.41689724546980705
0.51629560985956580 0.23280476369186287
0.50232037354035364 0.66689772506209366
0.24707554904611384 0.42704912718813792
0.36608762959150437 0.66203556035378952
0.75381609521005943 0.61357900326304959
0.39768219358100865 0.67629690723392644
0.64120367420894142 0.57369437438353943
0.47502716893685976 0.24490491149229709
0.43101708367503211 0.51944316658025036
0.19884775216848163 0.73046061281929986
0.32480992361144845 0.52741509810977671
0.39390311366644104 0.75998175542040092
0.34086886134072936 0.50371542744481124
0.25327786774453731 0.43284295653097105
0.68799601213134376 0.60997805205463751
0.47694874096592321 0.80172923075405689
0.19462726150234322 0.50352095089559845
0.62472617322647306 0.38575454414650934
0.46800338601152691 0.74124381856725652
0.47763524379078942 0.20101529948317620
0.75023859149110206 0.53730575891898580
0.73258370076467916 0.36736643070227271
0.39818444274807346 0.81338387353911212
0.70977865980707977 0.44745162199598099
0.50675097256846446 0.67289494835845842
0.54737865786805218 0.58536116713599506
0.59728680991929639 0.29878210098041558
0.54231357000426861 0.29575003100712066
0.29677325260098347 0.68226897593808689
0.64316603717784537 0.18729415664165305
0.78982791854567913 0.46424783713541223
0.41990015593526181 0.63268569000281760
0.22846629298211676 0.66605844701897510
0.27065801381497789 0.33515445662191645
0.30279636969153323 0.76585973907003591
0.30397484715060252 0.35023153069484503
0.48678958372210196 0.76000918709148169
0.55177169975822138 0.60588860532510891
0.29158891357881039 0.45320694802698236
0.35303710063546723 0.83474591595833103
0.21121384851180630 0.81880503016972561
0.73471580320547747 0.16995750315319760
0.69697126830983847 0.32107454078387737
0.64137707771715147 0.13545560944945290
0.48911198381980064 0.18021775668842924
0.68210018596581712 0.11159168450524309
0.18353568967038325 0.70280076546706360
0.82443942216598365 0.46168547513234010
0.27730047421956733 0.31267848943984544
0.28671080544055516 0.82513984653831962
0.51414635576042522 0.31641306145861725
0.24746745929582836 0.44042244947692533
0.70193906361442449 0.28027420420216387
0.26794643512425470 0.29772089204751323
0.82413935550788975 0.46810260010836707
0.42526617845971182 0.63173372393363936
0.26174916063482695 0.40881084166160064
0.36662865940045952 0.30669182424062885
0.47333974122874595 0.56635496910530370
0.20643747210647612 0.66613642263399164
0.59788719304906057 0.16991529420470022
0.58362853062466269 0.15912459409653171
0.53422774515653337 0.45494693409712406
0.42092998085314925 0.32546120941911078
0.60284785333717372 0.74492424583145100
0.50555875332709066 0.71138076048086785
0.28913157129979983 0.72206418828239016
0.56687765645187305 0.24726057818282279
0.47002894404178075 0.58736968772390474
0.27221941355572699 0.37659710012992870
0.24743328538190368 0.61529218033234878
0.56457788828175037 0.75365663581329045
0.47585091858497536 0.56110704048129467
0.80426488404947705 0.45759907171191477
0.64085470200180583 0.67721650013083945
0.50925220898446111 0.17637923962786145
0.50526898127595532 0.32339828625541861
0.27295738622660259 0.36455129795103486
0.20069232425350120 0.51501470295181195
0.68293093487453782 0.15796864114807180
0.59421385891562861 0.75942281651724008
0.67095784864049435 0.21334301345801857
0.69361305664501982 0.42446186065910907
0.22995528505799084 0.48956864313622478
0.65759064668196832 0.40687735116099855
0.80781529521062068 0.43383164483998371
0.53216619922325392 0.78421205063694255
0.36153061698815825 0.37591068442283998
0.83196941299429295 0.44113086014548730
0.77074498890762655 0.33311525491308352
0.50327271209085378 0.29774716121660477
0.47420325062841001 0.71175406656947438
0.39164933750480074 0.33258169433361223
0.23938442642902541 0.49185658171844748
0.65189421900953892 0.53798016363824741
0.62115715781573488 0.15244991221986948
0.46429370630059730 0.20385441626188516
0.38774568108997343 0.43042403345132718
0.75568682339583060 0.40039591567621519
0.56101028930397501 0.73007524679405100
0.38660269418343296 0.60149139778283178
0.62011983898452527 0.17501403944528532
0.40215453520057975 0.23044352359163259
0.23139132013317934 0.67345077716273027
0.78211530722898559 0.37115913642079140
0.16593531778300324 0.62260498810748355
0.50992624739683690 0.32677197248580253
0.64239116980523037 0.75717039025058175
0.81773811367220095 0.19709501599107127
0.51275420419770179 0.83410892264065506
0.52338403387306420 0.29770442611649323
0.66993292253546821 0.12550465888267040
0.46992223802617916 0.85177956942837540
0.74369954859342002 0.16321113165224646
0.30665873664674859 0.27881011374946801
0.50799458681001386 0.84417229890927192
0.17011523119820804 0.68599529371187817
0.65966929590129553 0.42723356438976612
0.52812624803014385 0.83230946235253178
0.20481168490649496 0.68126590606989590
0.30902710711117454 0.42252814999323929
0.18908983425798237 0.60070541038040604
0.53257731532605379 0.15121757745123415
0.38949648973256223 0.88420018101972175
0.24998049622975738 0.59064877539238081
0.67857298782934006 0.54227299618441405
0.76263258306361614 0.20242033562499673
0.16620019339822578 0.69209576924544525
0.25476677674322323 0.35052396738235414
0.32785142344994533 0.41414839079276350
0.29095797340369678 0.71462091163616759
0.42304061764598244 0.56932933133574237
0.83037038883383696 0.30984404145405309
0.22257467481719187 0.73373622332035260
0.22381849431666281 0.48437807111552639
0.58334642783558921 0.24254523111516382
0.62331770173917000 0.70373363275047085
0.41249770389155099 0.60450150090403520
0.62585365928896586 0.72688613712756356
0.18721457907868594 0.50612787010995697
0.47851264066277760 0.34272401398250879
0.30607080527084013 0.82039251868594865
0.49382337382639241 0.19487375745852009
0.31477440716228006 0.64231084367578095
0.47823769808292782 0.79167272344238415
0.26565464294140723 0.32756555237712726
0.71719871733394580 0.68649517231855306
0.66012247545437241 0.13889223080875004
0.37741315181300039 0.26645783838817261
0.61094084371756963 0.72343005622120382
0.63821553784897556 0.15314940384364370
0.54990219564292409 0.16555735226893756
0.83389016757745704 0.46212808223378632
0.39347919558362998 0.78766279389539062
0.31080135163417777 0.26479270871329808
0.15935305773550201 0.61575570878174335
0.62910506901579832 0.21322686128550078
0.85919797626577732 0.37241447847957676
0.56300073177813459 0.63681782934412945
0.44470950539467768 0.78586538337924661
0.42602281184540658 0.43710431161146845
0.70163007047975001 0.60656704218731372
0.27407648553921143 0.69082513651257149
0.54111513274528444 0.22286007154634191
0.66187648469826454 0.31719767636821455
0.56360803779212887 0.82874532872541717
0.63405334573596672 0.16851375780505640
0.42771812713734614 0.70876974935594639
0.71494216266811317 0.30226465591222573
0.34816441523900582 0.64535309642628236
0.81054433732903308 0.43068691438922679
0.50994407842609868 0.53410140215782098
0.35412400726786142 0.60365672420600724
0.80488469348930858 0.45144822487353925
0.73576464978678946 0.63219618172351344
0.51995070360966633 0.25453965636104087
0.31401198230878830 0.78849374933471428
0.73515838697655722 0.59252961857727715
0.34621793704386861 0.70889177626755073
0.38517456520576904 0.23532182733808826
0.69911691942683030 0.34961452467686027
0.70065380083886775 0.70054963299129080
0.50497263756548827 0.57467305947814884
0.24347235428922556 0.51241953761991277
0.47819926949041502 0.81927345256681527
0.51923515051163271 0.36715867419354314
0.55502678442620734 0.15353405312109650
0.73721203058888218 0.60085239623895137
0.63342909674626480 0.58740157365895740
0.76489769970111876 0.47357629590692574
0.56147541889429364 0.60981274347803371
0.74492585889511620 0.14105499006365019
0.45211574103342977 0.29032040645931789
0.43413168293631044 0.23597775874187066
0.68305477658777669 0.16149457707072296
0.21259845550467144 0.46304499200236948
0.55828604152346362 0.48614064736021989
0.22440785660115092 0.40691610149776275
0.24758814165322821 0.42319427278018840
0.71967489479336533 0.17154239465449667
0.70315331156306216 0.58623759238072304
0.67970129358531506 0.35259033890365099
0.51512352918579674 0.59490799848023901
0.72887839615707550 0.24616194362713567
0.52596821795354909 0.15651472222846713
0.28835017063451512 0.50363203829413317
0.21442836411907185 0.63865599687067531
0.56810493328151868 0.35353970070358820
0.81893241592417809 0.39308258666390050
0.40545363441059845 0.52767872521619663
0.80820700512197485 0.58815171881329009
0.21556182863566622 0.63088802876544792
0.32338428199701263 0.31262596849431601
0.26287706901747415 0.81923513191504294
0.83472513089172851 0.27100544775421154
0.41000994315485878 0.51830872091565672
0.17113907733401670 0.56159705159467643
0.33512511744354756 0.26174878112578037
0.28835007425482734 0.76231531760359461
0.75289736658795825 0.38199753888397631
0.27134447341010404 0.82044101105424994
0.76776313142655095 0.27741411515780678
0.17928311189367380 0.62127999332049133
0.26568019527542880 0.39382837281228805
0.41429642663176180 0.22088931006011264
0.67114719752321206 0.52209140109446572
0.53625456556856699 0.60049826833099107
0.56803673881278571 0.68365670253035671
0.41091808708862976 0.53076017904447204
0.58893295375053201 0.30559255989258904
0.28189367646516272 0.52450145431550921
0.39311849766375745 0.81083849469484681
0.34635299976870587 0.55501305769137210
0.46225304707626258 0.44135380054880735
0.62496767622568883 0.28836257133847304
0.74004252562106387 0.54437328832611676
0.74185854930442763 0.45156048214983213
0.16940361926962749 0.59863450431221321
0.72884390341577676 0.38710263754629171
0.28740317535675602 0.73792016935637339
0.31274618843139790 0.31996032148199460
0.50648539894501443 0.70027656956239137
0.65185553297975096 0.28647206994134633
0.69248723279050328 0.69914528503062345
0.73507230759530895 0.19327440858033756
0.37353458860917771 0.47853861886855131
0.19681959523892251 0.51514449756802971
0.66435189581842369 0.57059066965287530
0.52091395763115855 0.16940802099506816
0.75520339491427813 0.65773151714146905
0.46493030228854915 0.19073999543101830
0.51787788288905168 0.35038323042543307
0.17796162858433087 0.59394979986473406
0.80932666865239811 0.28884678284167076
0.41415820816297944 0.37493637351174547
0.42562902587611207 0.28955064672846864
0.54542462038095407 0.43363691002516674
0.45186115394319765 0.75396704960487981
0.67086713138153364 0.71644115530855335
0.64640820463578852 0.40756580642698859
0.68761904949172847 0.54053030448761330
0.44113178506914164 0.28424035933340752
0.79912231609244311 0.46363720221759880
0.49362647619097549 0.36942684390682029
0.60539461676415585 0.70456303079596161
0.31921544925954470 0.32763340446539485
0.72000085052717966 0.39074080218450824
0.42015217551262563 0.76585427749710366
0.62525930609014613 0.45086317922922575
0.57592430414980722 0.14355957404975378
0.80982604034306482 0.39663507789377250
0.58365097063944282 0.39756861853858427
0.65133072933595748 0.35909444899690068
0.60027505424829442 0.20376083804891604
0.29691780836265619 0.75620661675392897
0.58951331694212650 0.56596964402166583
0.61025200826475778 0.46559848667178466
0.35066792247090134 0.40137355937765529
0.76576270848458583 0.44292640673604439
0.59060576240044105 0.13398701803826535
0.51379109367513776 0.36843656756336568
0.54583843815118172 0.59652460185185829
0.68369080469487298 0.34879477306285073
0.54883280960427505 0.49553821949895493
0.36489575459576085 0.35460340972328575
0.63650623179357424 0.37134319750581102
0.74684944674481235 0.28565239413508897
0.17226368148734938 0.53597516501100906
0.48548982431320353 0.38490416961672641
0.71153990395436095 0.50114597936644301
0.71498311509616319 0.38902173184261801
0.19017040684764996 0.54839778011172990
0.22161161726812209 0.71424757144707318
0.70892255555896488 0.43053273980684176
0.32790943413634754 0.24733568814222046
0.78356282472733663 0.62217134903961602
0.53105193920211069 0.74840946891373661
0.72150229402347155 0.65927810673283505
0.46940442870200128 0.82063526579724277
0.39173013265863810 0.87043250419237783
0.55890996785048164 0.64276772939910876
0.28554253536670671 0.35145265203139014
0.28021919452864891 0.48206290867761148
0.71955025799879069 0.18157641637684355
0.50068974885294582 0.79794378867298943
0.53700070089683816 0.82499028479205005
0.40471192672770023 0.86098146616855264
0.75920166779811515 0.66283811734495557
0.17934600911715373 0.52075254086585621
0.76081605309896783 0.15393319816248330
0.33226705831559866 0.28836899725181908
0.50453591364940409 0.83721017537934550
0.73495596540835528 0.15547346887138691
0.23956646883659222 0.78540323357465858
0.43093021229349293 0.79927947549255640
0.48041864693073955 0.38117597745470766
0.23184402802364903 0.70169661149540508
0.30959916891622852 0.69269009556230743
0.84173958212188238 0.42293272248377600
0.54197859326899900 0.64216202124613875
0.77594540656694555 0.31435175554924499
0.61580388284308174 0.73790347482342133
0.36578176541715407 0.79014865007500401
0.27401319666207363 0.72573151849075690
0.41825789389692997 0.83266395395945525
0.25700967073048037 0.81997168609250881
0.69648413892660810 0.33853304367113102
0.41595311399738721 0.52737678793089615
0.72242228076628345 0.55726121403290318
0.58104412626313251 0.54388302665410082
0.35997600168848570 0.23503997284199929
0.27670103469873297 0.77306860415773893
0.52140659097193387 0.38409762289049609
0.35181227159356032 0.44453434652567869
0.67432128583591489 0.75244835806269228
0.79361463665952869 0.23100481135606804
0.26144745124067420 0.31473273029883464
0.52422382699170678 0.79699433414965393
0.29596725690345871 0.29410298825568804
0.53479327352866068 0.55954380065014364
0.28615313817598631 0.32541462287303780
0.27601226175883614 0.36651061046736416
0.23341717425104069 0.64129341207053325
0.73255444466060893 0.58379826854419359
0.78898920782037374 0.26291004095718495
0.23684861631656798 0.73908681153515599
0.20787077376348909 0.57841263373083440
0.52698486010461865 0.69890180019568504
0.16988074938523534 0.57007838567330360
0.60874877454346410 0.27910479203303884
0.85805142478714180 0.40404822435693816
0.30635619423062344 0.66230026028003852
0.34461584262977280 0.40176575341827531
0.29127077963300041 0.79510501986337445
0.30425046839622016 0.50926364105369792
0.54971194860605377 0.79860729958046295
0.40753179160862218 0.41810572219856201
0.46046505541566957 0.55822383873789816
0.43455525444489629 0.16895924813019225
0.31609384334397223 0.51377144522590623
0.79746013339461919 0.27348686229931590
0.21174348303854557 0.71618455953838356
0.65662259071072893 0.16665422711951103
0.65936773406315263 0.18192617435709085
0.64991241246739073 0.10990432670883366
0.56156728454510996 0.19410864946344089
0.78730516463824707 0.35082382882691077
0.44132986100437643 0.76074546471039084
0.38262510666274985 0.55681224477606506
0.21756958586013969 0.48379420145609997
0.74849891468701291 0.37041641188512231
0.44267336470567337 0.38770587522398037
0.64691976700002796 0.12125752278845692
0.63811024429681484 0.44406897778213839
0.51848694497179926 0.75772754583823865
0.58869921420588422 0.77109920954233435
0.77244849305733898 0.47424085828995888
0.74201910996227893 0.56913014248419280
0.66255959814795706 0.20648624861410728
0.79565672233094831 0.19230966751879922
0.52814756343348723 0.17208347938913504
0.76117002686774438 0.32749309129224913
0.29512945781845529 0.80016830403223849
0.68245849654615864 0.29772919335677306
0.74549091014310842 0.65166208988654162
0.43242065409954900 0.61131664395197227
0.53240571733347619 0.27327461247099621
0.55464255616748748 0.41058766986948486
0.33194798131892655 0.62868836231058056
0.44305759526474664 0.42801737772672205
0.59997518643364678 0.32466629061731089
0.56924607573366681 0.73803172655313720
0.29320405674942446 0.85990966332940710
0.42385352635321488 0.31065587457785893
0.70682914992626777 0.53072250811891797
0.55832966994628641 0.30081095592389262
0.27026806665762743 0.76717107585726307
0.38866116489127522 0.51607157867767706
0.78041253536556843 0.39314210560290164
0.70181407552807262 0.33730748574702885
0.43010633968150552 0.33543617489372030
0.30693555290261826 0.59449439986043751
0.53319144182270994 0.52071136273910645
0.75380532213323148 0.60461926455646919
0.54294163088319380 0.65642023498792168
0.43510685993397269 0.80283685851670183
0.20581156434476702 0.52355190634558024
0.49935976168613344 0.51620081483628366
0.22333904840706600 0.77850345434565882
0.70585663502972373 0.70019541875784741
0.83406889932118289 0.38289615443427760
0.23574634441301270 0.69839806861491260
0.64921144436875033 0.45125505671546412
0.19323326624217019 0.65648572734331678
0.65733914554839790 0.19117470632005185
0.48975514853583879 0.32367625467232580
0.65291571706029394 0.14688338688194899
0.25400865919655785 0.80242221897098220
0.78623260613003820 0.21481621091285819
0.55783771033858576 0.49691476263110823
0.45311345356084110 0.26470382450808938
0.59294907814245290 0.45819033664540942
0.65862398527531674 0.66372409848049885
0.71270890046451596 0.41030079730689445
0.72329368723944909 0.46165143226329397
0.53933543713717502 0.68882735020740704
0.18207941591338428 0.54904899732818180
0.62491213683430036 0.16884975374212488
0.32191483282432487 0.28221456870688694
0.75071607033971866 0.55510781433098555
0.20135900076017735 0.45165230798884448
0.58088148577199172 0.16531846241870016
0.58972269414160383 0.29046202331698229
0.26062188117747553 0.35106875632612888
0.31850886203214102 0.31897751962852594
0.33788931677882578 0.70174147012288091
0.69148621235983954 0.21114649714338107
0.59882538375629679 0.14740233290187355
0.54827721311367750 0.33606384367639808
0.44854910048463448 0.54101685391987031
0.60855900495876825 0.47823276622486810
0.52914374096553385 0.40008560382194158
0.50375067826151221 0.82246495294895738
0.66346614533656356 0.30954697980222523
0.37997326862458625 0.76746482396941218
0.29057564571321803 0.77885230911511372
0.76736295228071205 0.40564342405732012
0.82689631913723183 0.51042995750993025
0.50893584307659423 0.27765736341381181
0.23987559894203983 0.80740042430524506
0.56106223343900641 0.74980424373264010
0.44546815412382795 0.25063467205780993
0.56260576647644622 0.81196703666276759
0.42516799965647617 0.50984103493632527
0.47040512947137436 0.39011394814876310
0.80540222259027550 0.22691036952973892
0.49884670659348240 0.19202573583598098
0.56227891117733453 0.30548309859364348
0.18157586489729327 0.72394162472335355
0.19088127848075800 0.56884104171360139
0.57997564475708441 0.14524562731269008
0.20307800908398482 0.55658903609831789
0.29521299727254086 0.78118569947367666
0.27270039107803490 0.39807621686314293
0.21795173496395262 0.54346513377686101
0.27962246671539537 0.30359300130455397
0.67822567877736673 0.16780248906537645
0.19037508656469909 0.50223747179270672
0.70290288008910284 0.14812581668620711
0.49934681229700223 0.84669236517471624
0.35924734690566035 0.84097279164031291
0.32866472702918198 0.67910858760895576
0.27909452530625772 0.49809113536279731
0.79714054646542754 0.29719010634261867
0.73548681489034373 0.66791563206525340
0.37873860732316567 0.53695453701557594
0.43535631945312891 0.78088045849503906
0.17648824880594938 0.58530897890032185
0.31902008038334773 0.42006471843536836
0.34013544396027956 0.59419516966385011
0.30421456971094163 0.26733834949464308
0.23486229378078341 0.79182713311645325
0.27549125609507485 0.33743383900250823
0.24065602492920760 0.37674163157919582
0.67204511876742945 0.20830875211198452
0.46529566276383832 0.83340528241964007
0.30457807948732923 0.55839352789324614
0.25149769315811266 0.83538492287763444
0.25732339789365261 0.69861855719947386
0.61612309603615600 0.78186991368357139
0.46231221222725233 0.20019731223625969
0.51772109708121472 0.80381325311142393
0.43689767923909972 0.63446175292625040
0.34253581126052690 0.25682216844289929
0.74651126490419584 0.44172726770417842
0.51965734672442587 0.53242417718362978
0.55091392304154907 0.48191248871101866
0.70823332314364906 0.49613860016965050
0.37693197703982501 0.66677126531221742
0.77461150584664340 0.53212484810179672
0.50479197946735432 0.76016519171817509
0.67235347383934763 0.17656746321453159
0.62185817745001570 0.57977088599970772
0.37496317026572834 0.29614286451344762
0.34641506853702475 0.32348504999680427
0.33430903774749510 0.39752112459500483
0.64385219830501073 0.36257588208656344
0.68208748868862745 0.12834830761899615
0.81865149969042461 0.41524039670325963
0.76423896382453216 0.47988345040069080
0.41282380867590951 0.45650752792964167
0.19755786370100736 0.56860407643301236
0.68186779325832658 0.69812526134928343
0.41273079621852565 0.45013937103952545
0.23770634970448060 0.81225402168628014
0.20614708283186350 0.57467248415455319
0.77394671192342490 0.23699903136892952
0.77050042748997438 0.57436958087775003
0.21317362539929091 0.63518796309365910
0.72733611275465526 0.37097062249890667
0.47585540541224880 0.65990779653174836
0.69063492686403460 0.16453708000976244
0.70747007349405644 0.40822765913173231
0.20113172026000464 0.75629185527150267
0.63732023531529336 0.57839577277309684
0.44085115507711525 0.84922485477555443
0.71014906748908047 0.68096816851543018
0.31380900276618801 0.28666301474883543
0.67193697234918837 0.18116501259948184
0.79108493685430337 0.58259418612995939
0.39661862980461926 0.24534876384129045
0.54553241896855220 0.35897733502437112
0.73410372926954015 0.31028772908161473
0.26361678894797524 0.51255507684952528
0.66550245918954287 0.12219533109177824
0.29823087128700754 0.57269879930440326
0.31472687094087581 0.63592982004577547
0.63008948131235321 0.59771785283074585
0.67281263141244374 0.67886253339130420
0.46315687056380628 0.68769899843310933
0.64575387021230846 0.69548438531164358
0.19170327230131462 0.50640735684239491
0.25113049228906636 0.69992636022184351
0.81364318936954982 0.45434049035276508
0.22772288638488530 0.57790263547740350
0.26884133572990487 0.38743170280594358
0.24053142400697472 0.70335551452830591
0.64195451161892025 0.69791234728245455
0.20258730596742064 0.69233935433476523
0.39854044881604134 0.63730979263765763
0.70469394141767572 0.16314554083334976
0.29549903431831859 0.68819653939445491
0.64476512562719124 0.71069709994196861
0.61637278940984208 0.36221942242620553
0.76119509476202429 0.46027238341270560
0.57135936394254205 0.56151904804922792
0.77551654763699507 0.41625504162842564
0.50290294263595992 0.72730804473343258
0.26366070651908358 0.50186393100532467
0.57420581299024032 0.18619219291249758
0.45439482567103667 0.42550374404325858
0.69487806886382208 0.13496825723726499
0.60058295714111831 0.15252125793398408
0.27301830768622881 0.60134896084932732
0.62356982633320157 0.64446798747123923
0.75854201224107665 0.24760986200767576
0.19652964095458747 0.76977679658468778
0.37944790368669168 0.81712661640247530
0.46459350617888628 0.33244365304485501
0.70580678379040274 0.42005328650535134
0.35169307716392817 0.62338947247008503
0.51803778455277638 0.73004084646353085
0.50350166012523156 0.79015152097071817
0.77386430697308284 0.21016310975483571
0.38708170553919224 0.28984869983718786
0.48054049099511881 0.26422873134093178
0.18879586564624487 0.73076333693618667
0.70359488347174248 0.70439622910708333
0.34608892941568892 0.81052950118289557
0.19882153567543959 0.67300430249981391
0.72212941127602026 0.47185872996609612
0.32592302135836421 0.84923004118524048
0.23967121043188339 0.75021059741386464
0.25842046869987834 0.47074736346314056
0.53703008682823750 0.78184416714330507
0.48526265557053050 0.82671179319482802
0.80004608451878956 0.34068914728506672
0.74062073403140838 0.23888684482574021
0.70017000370573501 0.39117728456425094
0.24963222307806404 0.78240403801516589
0.40551429093739311 0.83615035724374753
0.52325002800151399 0.83666430629001587
0.69558797516833082 0.21475783003599203
0.33386406315665162 0.79042656147100820
0.55384022884587791 0.13335976834689875
0.38929905716086771 0.78443424893849534
0.30095020441590703 0.34174289909973776
0.76143783317712388 0.54334086800068349
0.43040041326282319 0.81497315606556331
0.47980425200648763 0.32951707580107520
0.65252643158508294 0.34237132487797173
0.50005545358857095 0.15758653192169120
0.44582665762104656 0.72875650240440282
0.74636412882345660 0.64094298536856642
0.43647462030526807 0.66178554350069230
0.45220812111802139 0.30920494816146349
0.75460774681068588 0.30805426196418578
0.56970648241309774 0.28151498938097702
0.55837373794319423 0.21517269873317713
0.52293625092645679 0.67316987120364136
0.42103602843047216 0.72931948868042573
0.69108759088887717 0.46758995195411046
0.63866632777465748 0.17613965753703745
0.43210060835882058 0.74621296636092915
0.43118383894714241 0.32421843368386905
0.69292966776449794 0.37545756611191994
0.48432618691096324 0.47491429287509457
0.33805844646233862 0.31717744511169149
0.33690609691677176 0.86981394369371423
0.76166392081102297 0.63409266436020328
0.57832677429455326 0.47917971863215547
0.44232699560867594 0.74995005534577230
0.64366245361741525 0.73188543857441868
0.75380085628185167 0.21747845394853793
0.69097919790128559 0.14757782223479041
0.21772957529003606 0.51480990993169085
0.79756109988965262 0.57063107737549845
0.56654063798539123 0.35921408809701161
0.63808396880940232 0.75593481343209956
0.44504519875683646 0.18203035330757383
0.69955129926464976 0.63687842768823599
0.39367478364471659 0.28242876715918153
0.23193684903621350 0.37205203711178197
0.83359168916130200 0.35688212049170509
0.41880529599920802 0.21103830708764715
0.82990904967401247 0.32155826781627744
0.37845680814411231 0.23989136754639656
0.68327294365926505 0.14696761047502216
0.21120679018615690 0.61676227126104577
0.65326532580562668 0.32491353771638565
0.17426874766993397 0.60754500666832434
0.76628191160756032 0.20435986872641781
0.22441611676434597 0.39848079364880418
0.38204097255471781 0.24931856920427792
0.32664360044297358 0.61188040019635292
0.54993864327293374 0.47001620489210089
0.31354199834027618 0.59088595443499115
0.45673340791941819 0.81121867093843303
0.77921811670343433 0.42158418216005933
0.68003693092993367 0.69429803193003059
0.78827473395197023 0.39902631779357273
0.76337414089732736 0.36538541922888002
0.29408055178810322 0.36676590140623289
0.47694472549927536 0.63801135277918164
0.42552341117253734 0.82688956678650627
0.56793945088996134 0.41773669070149866
0.24753077489493830 0.75054578209816836
0.44495406888191558 0.84224051900666574
0.48705236897252308 0.74799577854686361
0.55355552501047889 0.82732979051738886
0.79358909796395605 0.48679151530611253
0.53972446377517369 0.65176750442823306
0.23603880018057877 0.40381364232530637
0.60540309201359577 0.11452896024737352
0.57885284901955614 0.52168499300936910
0.63564726749921863 0.16464467932313817
0.49484615798963416 0.71266023281848212
0.63827959792206013 0.74756393295120871
0.79363918948219292 0.49093759807463677
0.42606464826939866 0.81185963590117871
0.73060963341332841 0.56968236204917688
0.25810662488264458 0.60129405433208649
0.22152921539832951 0.63606243537593010
0.38402628873655470 0.56294744007549613
0.59239689183660937 0.58308077712886341
0.64119588481962686 0.39841761915081664
0.72653998437718414 0.70665079705175382
0.67729548274278406 0.65664678015234945
0.46843518475164508 0.28988340185172617
0.48438795326848388 0.79672630951533840
0.24880849080362660 0.83110320749203104
0.25960323907149951 0.38937984479300525
0.20278306973712659 0.72452111413284048
0.24341976405924359 0.47885389963184172
0.37537998452653865 0.79228502274916768
0.82569923614002472 0.30798577802614341
0.67509962935641010 0.70229939201187275
0.58733203971875725 0.48597351703016317
0.59326327146083213 0.18986652048841157
0.52551342701633585 0.63137576058919798
0.18377953864977753 0.69828492958355493
0.54711787456537508 0.22207048635531801
0.49676465662202018 0.31543583796198227
0.39476660169876943 0.62500257751935573
0.63123221520254447 0.61993851776917586
0.38105628754112619 0.49863415141122275
0.32084885061632684 0.34924925948699609
0.47809026117949582 0.84073685026388101
0.21325342699108468 0.74529770697300857
0.46883824222375853 0.75904730591531355
0.78294962880917640 0.60737982302048010
0.53560263031360866 0.79069625832315404
0.46071676232024850 0.83358968275694734
0.60768512592558299 0.74461239168835125
0.64464608504421816 0.75300301032572170
0.60951322226368176 0.74975445149409903
0.73323752673368037 0.52472794014719371
0.49863212282340252 0.78896707233493713
0.62146563037735436 0.71245946579503427
0.34543961430398423 0.22899692125357424
0.32664976977528681 0.72087827165850915
0.82846464812361953 0.41379140851184282
0.62528291683706583 0.23445302068530149
0.56006200259411554 0.77585362705252514
0.75938319019413014 0.52754226217209144
0.26594623612996771 0.84101965058093753
0.76958183574014583 0.48144419061604565
0.46017203337120249 0.81998215964377597
0.31911907014945540 0.80174457311736846
0.62470043356848559 0.72243744524434261
0.61455777930934696 0.73253190417698999
0.83393250402040675 0.36326652877667176
0.50605894756502567 0.44620486577591134
0.47032854028980597 0.37707732997460064
0.78685604020419675 0.42648341490799813
0.37916344361680177 0.33778841932705261
0.47655936540297478 0.54359108772150400
0.65193662936356866 0.21067168063279362
0.65110155215723520 0.17684382497721421
0.56987473793538390 0.62793281765767817
0.81692451515922526 0.38189353683824151
0.43742385605187073 0.43856201609927348
0.58450035769895881 0.16707720860921507
0.26515060744914049 0.76613814127423985
0.17010646394373788 0.63538023563356849
0.65769559017686374 0.70851896752432264
0.32550760456943040 0.75283336396767764
0.40384928842155898 0.24505146142222323
0.70303899465189135 0.15183481484071221
0.36430627477969513 0.26455755981904311
0.56728504553317394 0.40105973167246695
0.33515010732305917 0.85243217749831279
0.45431081654154837 0.52793598741444780
0.38515565453393857 0.49044694253510662
0.70162504125045244 0.53297908538602101
0.67443007952736278 0.12306642467954360
0.68694120968664119 0.14693075732592417
0.66814048646473956 0.17788515523270765
0.21631424030783289 0.56174578093888994
0.58729678638600125 0.72858360827641599
0.39094563496980717 0.42177790681191007
0.64461043181158795 0.26231665628483170
0.52168803382416606 0.55170713471544175
0.28085967671805534 0.53013135040942350
0.66785806964646599 0.53526808665043091
0.64470856306311286 0.47312840935910894
0.47492378010178793 0.38059441318260273
0.20741578721897341 0.72965610755492905
0.26131468548603909 0.85308045790621423
0.39168198498274276 0.70039884395004715
0.73990587406305253 0.57763975043313454
0.61779559406110818 0.64468076560375687
0.37592285070904807 0.25023543254547381
0.38404924666170231 0.57726126959473789
0.75613559391178742 0.32456661698023465
0.39529862598014720 0.66097228994095647
0.65343814315308735 0.34842569658811634
0.80175841883330756 0.28010199386136408
0.77413408754230917 0.57165490924516926
0.55800239278022723 0.31581264214485549
0.64915879337150184 0.60729008614294888
0.46136031249175602 0.60964957447749768
0.23119945750217830 0.80766718026647566
0.27873022812447928 0.68679161107733799
0.80769859402963162 0.44127398390554007
0.41590793568982121 0.69985636187369504
0.49281521582989157 0.60034053083207783
0.59995737431876917 0.51058259554805785
0.34049400686227532 0.39702708153294758
0.33119729371438378 0.66026635127937661
0.50819362380946331 0.81490926595076374
0.57876314585305577 0.68222208500215431
0.23764387617532129 0.35827306073417686
0.64003270026382963 0.21416345361232264
0.28556269308271631 0.41078369893388678
0.59433219935678383 0.67952912888236061
0.71452591985171288 0.70346083019951211
0.67903540916643046 0.26851792849068795
0.41220990307049354 0.35421210354444860
0.50394484299826281 0.44081506426574990
0.35585881236207051 0.66025323766458666
0.49274487892620267 0.31114786320705468
0.21643089549751332 0.66943794285829705
0.62471788525284588 0.77582067024739232
0.79142992604243645 0.56891593187979006
0.78268193517750917 0.20953752449580748
0.67204781411914927 0.63508906245310581
0.72234996227005299 0.15398701901226997
0.80062773031125511 0.35055612353765869
0.77944786070273731 0.52531486935771587
0.64889300023158181 0.42513623674652706
0.30191660111690655 0.32000149905572906
0.53436762340596344 0.19553239858374563
0.66974527000032147 0.65815216851276259
0.68988829258293205 0.25148791476435661
0.61706151183349633 0.68959318515603174
0.47044810325229380 0.19340763853884985
0.72358483589494971 0.29824155542313052
0.78813697763663204 0.28316238121761289
0.50680321360823810 0.30214975228616137
0.40980374706127526 0.82835782228990740
0.68547360522394440 0.45198561140189725
0.24658712298043586 0.74618837503610680
0.29347214748653361 0.30233230171822134
0.21367188451033070 0.80349292733707023
0.81214237277056223 0.40770206770038314
0.65208302678937247 0.75853091809756967
0.64392302896808129 0.60998520671087186
0.27032761712403841 0.53050490034353670
0.25635174995162513 0.41789942076618858
0.25890538652153611 0.76160757659330258
0.44200609058606150 0.32222363880866534
0.54377547606346766 0.80499284726804288
0.42533016066803486 0.60941259543136150
0.36889355939419849 0.70728577999603770
0.23576137505186884 0.74948064943117165
0.71777802485383768 0.23048278803273936
0.32622695973119703 0.79633584031343663
0.19167360320164539 0.67232807151664675
0.76854395664121677 0.43890965452848280
0.30344989920305854 0.50339816857778641
0.71966553861725269 0.39630792001551890
0.43413634215569941 0.59381723583778079
0.61820297306775740 0.37781115784147518
0.58167277850864341 0.42062144216410263
0.35493711125868821 0.80565428206345635
0.37999914362832726 0.51015083626724889
0.73644059768402248 0.22319393678635113
0.65739019373275864 0.59973838619818920
0.65397441109575283 0.75287952419752879
0.52741591721126468 0.40655651389400776
0.50992813638934420 0.76900844824250525
0.73453215277644190 0.20448340287455435
0.80041119476569000 0.45926272243049593
0.55032925915259834 0.50496101869442944
0.52584533365126029 0.35570622385823181
0.64991770217362543 0.78561695432870970
0.59586953915529861 0.39866903604511761
0.37089521350797527 0.45624575725325467
0.55792969355111055 0.55421207342467849
0.72335616748582643 0.46680967944952156
0.35588199290502320 0.38469498004356995
0.58458029970312964 0.60301968542505446
0.81461299419299338 0.45945730880152402
0.55310290443483601 0.23879496013182658
0.17515158038327200 0.62724438691024254
0.39311973567087921 0.72830398557057130
0.72376915371733430 0.63133140727592052
0.66139547146013755 0.21188421349627024
0.62999106147957862 0.71516725376082857
0.28292143641480400 0.31079574368387874
0.44627921463508846 0.25707183038231946
0.32195563496909607 0.65399749275239272
0.44028154143892972 0.59256944491195995
0.31058028681123462 0.66573463303210123
0.57590505521952973 0.61947688524399336
0.18563713205994672 0.53689580960652283
0.24356152964477884 0.60558903706153233
0.46979123995806021 0.26320093662949606
0.64244874585429490 0.57962289251282795
0.53846732236798800 0.44407130852531551
0.22885619842607091 0.44634542349976392
0.73745392168463708 0.15135762974012817
0.83269509788469986 0.39351570593517315
0.60487946098531920 0.46263653190259446
0.33743698406492428 0.30811860601489810
0.55723432231256698 0.29329670852072665
0.45103555070577062 0.35516928391473856
0.51631778899380043 0.16377061429124001
0.31539416499469985 0.33983735885334099
0.58395005521117394 0.35462912829924664
0.57593197057078260 0.45578218991454422
0.42451640378401106 0.22917717942245122
0.28302157105591008 0.62989963846301866
0.66869515269924806 0.55576380246126544
0.43620799466789650 0.26872830319996988
0.27926255747523709 0.50368641196509167
0.18753611067696876 0.57095594868652866
0.71904319363924651 0.51850901643015357
0.54120079313786351 0.19832868214264421
0.22372454109766837 0.58744953800947419
0.42595234617212219 0.80127857005723302
0.72258077604270987 0.66844199630089185
0.33049871412494541 0.43089634350061840
0.68189910959084399 0.20964909103518062
0.58255050609407455 0.77487678900503476
0.54000227918363297 0.56934461920820900
0.54874390558616881 0.30790738913050697
0.40295066993423490 0.87417441388549499
0.48920451555087796 0.33027411298841791
0.58495249769054136 0.56949530890932587
0.56038827614968989 0.79249244428844767
0.32935585107895493 0.45572362188788801
0.84549672359403305 0.38171543752905790
0.22126047509634197 0.42220196782566927
0.69702066332060353 0.16044951100196381
0.60752142565495060 0.43143510308263022
0.61068292915559153 0.76470560935911958
0.74233657349198801 0.45681084063892113
0.75105602692732465 0.47851894280665952
0.48595241039388415 0.70160630836327087
0.15882915593298580 0.59765545414871291
0.67816851394650612 0.55359932286288926
0.30963090731155546 0.78457529022252448
0.41007497559042028 0.47975952787846460
0.32531658792835627 0.31782022175979641
0.52961884352163469 0.71863238286909126
0.64741697079830374 0.72279067615709058
0.47308136529313782 0.24969139035998547
0.53872613459391161 0.62328405249876861
0.72773821911222536 0.27282515266638924
0.47264507909922343 0.35834121978500022
0.80309072450737240 0.20235577486618023
0.74326038162842445 0.52450464993430534
0.47944746682951483 0.72155664752932691
0.22457189055487792 0.60621506471168674
0.34963640869445867 0.81381276488908361
0.27613080980451499 0.39119624803573522
0.44312358006904434 0.19779742533978650
0.81873916411078362 0.39769138407744964
0.44120671626782199 0.75558619356168022
0.47666331163933445 0.57098869351006987
0.35405838655642841 0.26572284762809567
0.22397881917838081 0.42975097921572930
0.27663859791683937 0.39575676316443520
0.76595463669000297 0.34160342543283490
0.44496353876701084 0.76485248617390078
0.22528415551980732 0.47651374686791709
0.38183222531983496 0.20951858113740929
0.50894417429411409 0.16579972101723817
0.68701089274357718 0.66544262745754867
0.51948223433956209 0.16137350020266628
0.40553742742639409 0.34068108568713057
0.31433445382238567 0.56595535900415228
0.20059277659986643 0.49820679525675027
0.30798899174844641 0.35145643677457106
0.70012407350509465 0.18016383932528682
0.69540014406101758 0.18609593495916688
0.36589807571496025 0.76748257895927552
0.53720000873815477 0.61384929417226219
0.78672562080891073 0.24136887332753945
0.19172752938443594 0.63728002257675254
0.40964157570937343 0.61444578551225604
0.46014530512362883 0.57562061640723716
0.77875447837330214 0.32487923285010145
0.28582154569614648 0.77702513052727007
0.78735986034616001 0.51052491662948762
0.75942757273465844 0.42079679528470809
0.48400363876136376 0.33962703459528121
0.65913374759835941 0.45807281735029642
0.33033492211076232 0.46251837650507605
0.79418966500846722 0.17781771149861461
0.26590879873509898 0.52707595444649913
0.57967994351474006 0.42690276052909459
0.25810562003116877 0.52744415675080969
0.24779897245734231 0.72598513322176195
0.20082658911241727 0.68316518237126700
0.78773938722187720 0.47504155323503594
0.49956543468328884 0.58562699337394619
0.53770197731812397 0.62902929198842594
0.21771193828766261 0.39044747992494566
0.30579599656124451 0.68323782115910492
0.78511353701099085 0.43128119832576961
0.32972430290416938 0.43958945099310498
0.33232967642347644 0.32253784900752552
0.24586638383089571 0.69930595932216733
0.58369835944610560 0.56400150632744239
0.57279152909196163 0.65701487229765076
0.57980822436223245 0.34967772843226103
0.41749463765153116 0.60182485863166924
0.78582383720517246 0.46226407398761704
0.43564787237833291 0.31385627105917663
0.23446974984748503 0.49623354604242326
0.73750069004811780 0.67854390763900052
0.52048380996425747 0.57871596625799215
0.73762962748270255 0.50045186236243722
0.26752019982874248 0.61533464525950599
0.44459065036857442 0.63742145854535903
0.55348665048339007 0.52929614206960296
0.19042811635142964 0.52995067357781078
0.27642969768646863 0.78353152578616481
0.77195406446059744 0.59145990761388445
0.44530727527598613 0.46825711538230963
0.55687385700572845 0.35863059043073009
0.51829998888768691 0.46195620396152715
0.41403785401272125 0.82549980539689438
0.49663626494458102 0.45880703537356271
0.31533274953299772 0.77856377656522979
0.65195248053840049 0.47346135932759476
0.54035185065847424 0.75409023114599116
0.64783869647243875 0.37563544287270145
0.58143148149712442 0.51658352434685573
0.64682400477977375 0.62062785339787374
0.39182350673045063 0.59801223551902738
0.78686394615249866 0.36501951486290840
0.67550743356914256 0.69379835418859426
0.60442887351928665 0.23544355746194040
0.61448948837424522 0.21927459441895281
0.26705742851754194 0.62697191309706934
0.38925673184917248 0.24529681831836139
0.64100027713215546 0.29001398412324542
0.67454536607662430 0.16828880997876641
0.30659583634411691 0.86643223108891565
0.42580655618070096 0.32257971107362982
0.62826750555969468 0.62868192354501895
0.43117348273160239 0.69908091246634696
0.52639095544990289 0.19093013573967754
0.81299662245017568 0.43449724128365053
0.84304770615395219 0.35527457853176392
0.64310248980008344 0.42506523654814443
0.49271739674397264 0.18114579552612248
0.22299128602164597 0.46973625425280702
0.24165784711304142 0.44912186475218308
0.75930735744951872 0.17344963034449770
0.53689155463729477 0.31964999589641874
0.56085537459542789 0.25624174597582416
0.72594283008553051 0.14271866277092254
0.46939579022051625 0.24495786175114326
0.74777558938621902 0.63179187724981833
0.22728735311722395 0.48278732847486638
0.54642984352135393 0.66064520027732931
0.28500334585963316 0.80627209132315736
0.70412884168695400 0.64368715016490585
0.55464588339286913 0.78103914998998569
0.39570498477936522 0.20925261314741631
0.62265472556700718 0.58542415668635750
0.42432886418509941 0.78565139701757936
0.29303083317365808 0.66688238417783041
0.44178916713383243 0.48023669376470635
0.51506099730404553 0.15466620689452665
0.31811723090647570 0.45205783217935719
0.65843995960524460 0.75027113563100845
0.82964972028838802 0.42528406330773177
0.29174886481846191 0.55373254153719698
0.33615914021018511 0.40706072785434699
0.41086057772236551 0.37015085411209203
0.40177068318783882 0.33551037055781291
0.24351370782261406 0.39635906127327575
0.59751878779357437 0.75160109638032391
0.71731406908963224 0.36582712838851866
0.36914885590554475 0.50972572259214588
0.50458225071470286 0.36551215017001765
0.60401891510655203 0.18007620029292185
0.47107111095499588 0.69585126417113963
0.48302499877191318 0.81000553068162362
0.44467378689549025 0.23894009423022117
0.21346061925251719 0.73948405176190246
0.40814173668850035 0.40028055302012189
0.31167662556124376 0.36836043827387993
0.75420312115423727 0.16703506698193862
0.31624399057311481 0.68302000685095465
0.77678552530459921 0.48191343451497115
0.71148696926816968 0.16578372876066499
0.49170375270668942 0.74431676514160139
0.83815566034643818 0.36668201942167911
0.64336457031183658 0.72765268380819148
0.33519537254450277 0.46550491947602723
0.78796810975816300 0.32717343494596307
0.36095917365202179 0.24864289712804005
0.59703621818873842 0.79855524387238908
0.30718338634941145 0.33506115074169346
0.61896629823062010 0.39956248764591029
0.31668762984663168 0.84122531664893230
0.52463699831565924 0.48707588490863873
0.48380604538283656 0.83196691843374126
0.74932754841085680 0.20258357457267809
0.44062260748333665 0.21527773352139090
0.45190305826099597 0.69128005360330180
0.56583617738827952 0.16852377783458822
0.63007108154129077 0.57082348226829138
0.62625941604729896 0.61147546870491509
0.68740631969253152 0.44563572125398188
0.36421004185319578 0.70355739552113716
0.18206932065209364 0.59217454736262265
0.24570690772939124 0.78223053856332703
0.40628167549900784 0.23575335534862943
0.68064028509125762 0.74870150283590475
0.81352815803367173 0.27262050391661491
0.24315616284105693 0.47245476235954170
0.37156994926874304 0.23632986420669067
0.78599042111665451 0.23665643078193324
0.53007887556125088 0.80209765562754431
0.24951683922150306 0.75871807809617176
0.51103315582431241 0.26653291359147402
0.54877949853382990 0.17672141338731895
0.69394634810116040 0.59912884937289546
0.78158121552032389 0.23524771056841934
0.54691150003503275 0.42258035843048225
0.22030780753279039 0.56077819602062917
0.63165378543951600 0.24935566727643926
0.28478393645665989 0.70454485633218744
0.48157047934678238 0.80073935190891288
0.26286187631050606 0.44745617062087217
0.61122221884970340 0.79348321897481267
0.63298223106743823 0.16168046675598183
0.65873533780764437 0.64966615056827604
0.27661432670388519 0.42653725935848630
0.72124483031970543 0.68967860576356721
0.32196610126196756 0.70297631875670019
0.61387635913372607 0.75017650257959467
0.21029332491664324 0.72673007973999992
0.75933693418362380 0.19973937341429307
0.48052025530334636 0.29976542998270089
0.39261956064193604 0.84032426868260179
0.29702813192727917 0.63272862146822773
0.28658889767744838 0.36366360345395810
0.29902690417294014 0.65199927549360082
0.40250244741866614 0.23407418696259555
0.81603152564656123 0.36683951038644885
0.46459586639395495 0.25416085659200394
0.38448438420214642 0.61973910527864218
0.74626830141209199 0.65686868781479713
0.35560871029306607 0.80036999167849721
0.61457925306343841 0.26974602142425408
0.28729339286595734 0.29130229473860397
0.18864005360082292 0.71191565366272391
0.68905369780726033 0.22626358257787207
0.70702837160535481 0.17962589404423271
0.48295945983266075 0.43968814159789771
0.38514680402082796 0.65169982825788320
0.30891404613007212 0.73253908758545583
0.63668608021167539 0.39415280165702271
0.33553282452408295 0.84789895980658958
0.69695888129338956 0.64556234227299925
0.18927381167258275 0.63400019949916597
0.76022386805475251 0.64719011018041905
0.74097235127759842 0.39305256620962786
0.60560781849669632 0.75326006701928350
0.30296467097705054 0.74580400374615530
0.67918929199421074 0.66699011894972593
0.58968428606376488 0.22816632263493852
0.46515596899821887 0.60350903162023217
0.46015774616940469 0.80111054352583033
0.77451712018451613 0.42096359242639264
0.27632219631335336 0.56974332121308535
0.49435443160349135 0.60569617339610893
0.76634873087803990 0.26315321197976621
0.53379865187640840 0.84297461795794182
0.44553375745655616 0.37690743064404286
0.71287242715151433 0.31792106248087693
0.33980283408325851 0.53192091971441413
0.74248153298900077 0.58646939503447437
0.50137982825109684 0.24665848587611910
0.49836401092557625 0.64621450206912168
0.20287293119481367 0.64973681822488594
0.66565185152005135 0.27731134097993460
0.37196070665644165 0.31877963118139779
0.82150999950272929 0.31074591459672918
0.23562047838218098 0.53644139404180258
0.67571499125956447 0.15722691437254782
0.43066216616747377 0.47726018311816465
0.43008272176217932 0.60631662314302437
0.78131561922745363 0.23080226528830697
0.44375597637144321 0.38230823363653071
0.39191501381061133 0.20645402519959555
0.80602223792952232 0.27790420796092496
0.50287620063670890 0.14872874155812524
0.59962571766016337 0.74164744910846381
0.73425183253737236 0.23460533629801097
0.71008451717210286 0.17644691831206644
0.71225313863620576 0.36762192568661539
0.56045733801203923 0.58007740411443587
0.64865319218375395 0.47761375021948910
0.61848238013396695 0.65398110356360850
0.54358883039542349 0.55239358014159112
0.44545752471334255 0.46183198582313817
0.35487062039109085 0.48723689047497248
0.53065283853499179 0.51564780555287726
0.74247123147758898 0.53455437410487505
0.44901918962267839 0.68063878238652020
0.40143482203523911 0.18146537308490202
0.25689595776991409 0.82560173363041223
0.61251289769162776 0.18989619794548629
0.53394574763187530 0.44807541950804997
0.29382278900819125 0.31426592399316289
0.80694734922838995 0.46077525884561166
0.34073068170564902 0.77452754896401244
0.23154868084653585 0.38695863325884444
0.47499907462268004 0.70552674024252449
0.32568303953162936 0.50057128916022586
0.43458441374691448 0.20083300691405964
0.40895894955927747 0.73166697124418789
0.34313429100276294 0.28169779302058828
0.34436452603795265 0.22169966339387265
0.47426900581493259 0.31388724960622022
0.48313616112253210 0.16805494573808288
0.45463437505808779 0.68096507709696885
0.50268110482041850 0.24188314796930965
0.19347836694580201 0.60247295875517415
0.49535340822697865 0.22486987028120531
0.77131084958146723 0.54076077528997113
0.80639968941156859 0.47559592139456974
0.62983198388450101 0.13403460909443107
0.68343607450606592 0.28472417314652082
0.54379190598630411 0.13546443462291127
0.34215089239540097 0.27510867884665802
0.38348670522800232 0.82020164581641342
0.33574112699363168 0.70777803620930824
0.40457402662261843 0.48895083640032400
0.76710725267495206 0.14074878750431502
0.71966007822713163 0.55324352228698848
0.60061549093564526 0.31922995870969362
0.24098099125446737 0.82534999593812719
0.65183139193863604 0.57776801836576497
0.72027348572434235 0.62461009662913458
0.20686154751405122 0.51979362176297572
0.51987112875672192 0.16564744437128909
0.25403765442023973 0.60643635170020094
0.27650960861724982 0.40491641545814872
0.59067001111508388 0.44171197552518310
0.55294605136888464 0.67640153130179437
0.66300936330279914 0.17538498091199051
0.28848958927483459 0.74312415538435261
0.41032083088852722 0.25951270407945809
0.22254813726730252 0.47402839591171447
0.78847922330449660 0.55994398934777678
0.33322069889562284 0.37159512011338475
0.79733754592646966 0.33101918069468483
0.59035357434056757 0.62291817144136075
0.18667258681206880 0.60751749644280495
0.50444807242726564 0.39046134453055475
0.63383922646825153 0.47169302684471154
0.24278824912347577 0.35613966319340484
0.33159480272379704 0.64110871094616306
0.79105937023794715 0.32366629768816424
0.18084859323110247 0.58427364223280276
0.57365727945648859 0.15358577103904728
0.61809559190883245 0.70342758821962392
0.33180735273113915 0.86173784345333493
0.16906048090315207 0.64211407809944387
0.35948202236358334 0.60111928177330110
0.26810023747267253 0.54267249700611986
0.69914138000651882 0.61766119553266252
0.59770025691053896 0.73748305659010538
0.22859724448975610 0.60402416622925514
0.71436267531004272 0.72612987612245672
0.28893046515010251 0.42338283123821091
0.79198098999659594 0.34576015822219436
0.22908949554738800 0.64322398085012045
0.43167061717628430 0.55167516609346356
0.37082171302298572 0.73265249965913037
0.74194151880008641 0.28725714768151783
0.41145202064546177 0.85333632592167707
0.75665380430592055 0.53197470505074196
0.29059173306152275 0.48521506433781686
0.54822474098359764 0.73151006723980827
0.73087888776980459 0.48045399370978570
0.72157437205075170 0.50246334480653376
0.64113874159908291 0.70723636797666034
0.29721965009427925 0.32787943224412253
0.57566589806959056 0.26442849089118275
0.70297761003209125 0.58083914552197802
0.77418272563929125 0.24209264608243622
0.65874178183408805 0.70453648117966428
0.33164843741215783 0.28053134808570218
0.52650737554617555 0.70428275265792095
0.47915375444670072 0.62200421964253738
0.25317634882534529 0.71688901968776930
0.33474170475711629 0.36174322448743995
0.25012647133871596 0.79250671660656669
0.35747615022746404 0.48250524317303106
0.21151611714131563 0.64096050601438948
0.47787842971231642 0.49923555135667846
0.63018555606974824 0.38400187540106245
0.19053054952568785 0.60841104593610207
0.31035262434744759 0.79811177393662658
0.75122686158141783 0.55047617181969688
0.38684694263958602 0.21628810923113265
0.27073116241886791 0.35081875154856507
0.71679467234930017 0.55809455625670434
0.65598470089055061 0.64425954833375410
0.66862948554753920 0.15846601216573200
0.39412472086757760 0.53065866736595257
0.39035433779423201 0.28607783588143454
0.29948617399586008 0.62785312512299729
0.27400098844202092 0.79596305226488173
0.42781957470605436 0.48405987255252991
0.74330829921477060 0.22894539495396110
0.80350557031729197 0.33741669837651378
0.18212802606015102 0.68041404992761167
0.68424199277368569 0.13240073312049269
0.21622338323652679 0.45684929396229307
0.18928524172701250 0.51440809466526805
0.68496078438550589 0.34144859963914642
0.46074464641764923 0.28316223651016026
0.26972713640052287 0.68195627416241944
0.23330602977034787 0.75240703575028167
0.77473326705764656 0.29484072918912835
0.66627088548118629 0.59786120010734678
0.26294220232408266 0.38743571390064796
0.29766845675594866 0.74622012247311575
0.61170064480796249 0.74575196080155970
0.58333387170713968 0.37669281886465822
0.31442538284157018 0.85504189722498591
0.23664745684949873 0.46761868200634937
0.65045329812587882 0.41985972551169498
0.27737079298636247 0.46573974891206610
0.26627149655773463 0.53445118254677570
0.32796308281369041 0.50895016860784437
0.52369981481454830 0.68336431371294593
0.18695066905048058 0.69432724153216152
0.46197136623187307 0.35744915036448105
0.19808280679139578 0.60857562353333794
0.35813825231646457 0.26595512178449082
0.41730798415363590 0.37017446109007063
0.39376559708820014 0.25472175513718809
0.32070886117849384 0.68637297329726499
0.46505352277704137 0.54038873076355265
0.46358934980730904 0.16237347152359527
0.66548677129860212 0.35110143858576875
0.23108811665808163 0.45320441300290915
0.20143205624761654 0.67952986789791803
0.38564626333158281 0.75750770378076271
0.71352008193530436 0.45808420727876697
0.31632655570526436 0.24542371435352331
0.39912207176893522 0.23601556032250093
0.60597875002526369 0.61966536738890121
0.76531795597792618 0.60668865073516076
0.52383411067705365 0.13609274112176742
0.57172166962940885 0.16825354147487251
0.79358697441229098 0.19751945378010066
0.22787226854893361 0.80503465354799020
0.71094991210405922 0.16179179376309238
0.16768672224745451 0.70032332788978668
0.61611955652420858 0.53776491978075336
0.62030298686350727 0.50474896028456517
0.55412403622589657 0.42744660396431416
0.57640971332501734 0.44453267657463857
0.17327703554977728 0.63916490269235360
0.19961536850584907 0.74488354688696834
0.35755609192694560 0.61531910823635649
0.44534359140206847 0.66096401288891526
0.52854011537819390 0.83851379091244294
0.61366458206775332 0.47662863965789404
0.69298359819556499 0.46162313027978241
0.21011859546431499 0.74720846938317298
0.20030978262757632 0.66089950098769923
0.39570345458250056 0.75417432140906160
0.16187419087844540 0.55799193725056706
0.55202769458208067 0.74559863040712160
0.27720978696110138 0.75995771727409622
0.58964036954337928 0.35399800425466255
0.73966386970107378 0.62910951802912385
0.70918774304513432 0.39753923882157755
0.24855195706717287 0.49371883339135808
0.36638396965716075 0.27337593534787935
0.37295069646914969 0.72669392301173708
0.21153792379688044 0.41162509427470778
0.64317088232215136 0.24479317157203753
0.23179082881074844 0.41687621297011368
0.67772313089341130 0.33288054449884863
0.66599588843105684 0.62894005804875297
0.58844749929024243 0.12633354801967700
0.27590469997448164 0.34559208292080501
0.47411348793975089 0.18687402615685689
0.64396163707944987 0.70203157991855580
0.40279614692838456 0.59756991053732111
0.53896564311544137 0.71826318597718863
0.54373188488000090 0.15522465286193315
0.34717606670942736 0.36556046290209260
0.64579400588147429 0.25637123979324200
0.49569005626031715 0.76015049451115246
0.39566316877078023 0.49593325116310760
0.42920260985346231 0.78846848426227623
0.40788053547905878 0.33565386725039131
0.55589682170070565 0.16647313567199756
0.38293425043546325 0.25725075983160339
0.28465061888489135 0.75252531087558305
0.67391805819758699 0.64051778125809522
0.44976196172601146 0.85107074813777350
0.59013368476168704 0.79030078296309103
0.23619606216019445 0.54565666643082400
0.70416569839102627 0.15927397304898205
0.37691824222858555 0.31709604846386164
0.66250383957189252 0.41626067253377630
0.78498711905790730 0.44526494771579161
0.67758055293397546 0.58127840579777712
0.69865327773594377 0.65986994750637828
0.75504989036161430 0.57334592959035735
0.50151672503803246 0.63543535019268704
0.32787583759143868 0.71517224284083336
0.20899964718754527 0.59144767397933640
0.51725253718304343 0.46769315556670765
0.63901240334988030 0.20135489207727000
0.76277567179215888 0.34908720997605763
0.47258906682562035 0.55492982348349229
0.50533175681036735 0.47823720582432827
0.41185642968910829 0.22758420293103732
0.60803419775585410 0.25497559603450015
0.22730473220988792 0.51879739676519687
0.32267591519607364 0.73752365621954852
0.39974840911042442 0.37311840874058966
0.78976263352979637 0.34164303349296965
0.26477917960640762 0.81567770178534693
0.59178747380646368 0.65984357596980581
0.21874978777967002 0.53971239148426886
0.31568740999922351 0.79756149184366865
0.70548733652891737 0.67394415853240752
0.62195898645855419 0.60099411754163456
0.73903584253879950 0.15564012496958662
0.40052332274404001 0.27589433661085189
0.78728221496272532 0.35568810132202400
0.56680256656899120 0.61905858830745908
0.49112241830033521 0.26354590805653938
0.85263421462021061 0.38087722238267135
0.48261626738818342 0.35110307932060514
0.42771847490604331 0.66921309599851364
0.44096092445481683 0.71335699625512350
0.22802737457785160 0.76878431677520531
0.27527787221696343 0.37012448969527389
0.30480429061635417 0.55226624418724357
0.29316157264680826 0.66136985081093824
0.44991249099489222 0.38074125298596395
0.36863902073429317 0.53108889309326990
0.78745663928631571 0.60272143475735385
0.56606273621812098 0.39054890231991402
0.18236673331671996 0.71885097815701526
0.75473605746637284 0.52747327307346281
0.50197904278630645 0.46301373132189677
0.81345380150635016 0.29108915069905228
0.33992167436641629 0.36170486528930434
0.78503468861137160 0.50696171742152019
0.53413811706832504 0.64959770888246282
0.51978593279666940 0.18019457495126096
0.62119473055225061 0.72562210653427794
0.73563843074258328 0.23934663841079201
0.60623562500984629 0.37614002154842363
0.54495718924695713 0.68522236021595939
0.53964908070052964 0.79263207290523019
0.49204014587590195 0.14593817251463351
0.77436810985029858 0.30472683302452908
0.62085547495137428 0.46170884309911697
0.60952018043475364 0.50490001296088372
0.73542290869560811 0.33949841853210466
0.44928246194849375 0.18343933176625341
0.24331916459561753 0.49784667722325693
0.48164788803811298 0.20057757086260092
0.58857115824576334 0.38192994265423352
0.34672608362227031 0.72967927547765954
0.25711325872443108 0.43392077489976244
0.47581106388844924 0.78348120451315095
0.82055401686340601 0.47206440452120774
0.74004880227575476 0.34185451435528158
0.51371353289442157 0.62527970188547388
0.27213973457882928 0.38063243251187939
0.58659660675829939 0.57520168648144421
0.68702436251123022 0.42843507892919619
0.38129566651975966 0.28844097293560039
0.20344341771719970 0.75266723064560326
0.17505796108491667 0.51190191956951259
0.19810547886419019 0.62776887420613647
0.69724212236280014 0.43292642282197891
0.67842098298714282 0.66182694970093181
0.27127161778033837 0.48607804374888858
0.78602093815863594 0.25021095852409758
0.26044598439351901 0.43812668482396916
0.23907381002589539 0.46449276037589404
0.45260677448813685 0.83531669369007511
0.41597783261595384 0.74562114396096302
0.73750350837483070 0.53456406044262539
0.43298352453956335 0.21686589513524657
0.23709932577882481 0.42253581854517952
0.32299208653820433 0.34511153803747080
0.57981752840384992 0.45132667898196099
0.41787319846593685 0.45958478439357608
0.17346375081459686 0.60192712540935367
0.43596282754933080 0.21206373033315190
0.77373981884297094 0.61295356358882547
0.27425306198221899 0.32544849247976276
0.25318249058208109 0.75633297410869993
0.48059495417532794 0.40396144609878526
0.38565560098487733 0.24698693805918184
0.54142568623921106 0.23736495147041248
0.54011785302057647 0.84882585262662780
0.24893351790541041 0.64498407502539035
0.19065653574351221 0.61960911711643574
0.82872229412891252 0.45865185807978304
0.48744595788147693 0.26836093413037643
0.30774420935870339 0.39665380082236712
0.49348611616258786 0.79178230694848484
0.71219555486333719 0.33903700370942597
0.21689948088412903 0.75994215586564429
0.66689783321547713 0.17384508549054761
0.72773468725944224 0.53411978694737616
0.71913915141354057 0.63774501116273996
0.18112844571545106 0.63975434463715231
0.50151180551140329 0.30448698169432975
0.61251115729974293 0.64509185826818438
0.29537760730093132 0.81296891071785204
0.31961815566704577 0.85473734438291749
0.66961379528312570 0.34634831770277474
0.81649772087028183 0.32943621095011688
0.45055337406374829 0.73844257071415342
0.68255157089607066 0.37341135415174598
0.54142590654259726 0.48859537728349189
0.43059606701474268 0.28677582353870867
0.37044602683593397 0.81901159891776820
0.34143109284207590 0.49735219853332635
0.61451881896954863 0.48881552485038449
0.72647254184297627 0.66527667280488634
0.46398119547285127 0.46424325236483505
0.57778389244562445 0.80951026224731493
0.54303891035417717 0.24381213201505172
0.42038171421782994 0.55657931812527206
0.60461375762882075 0.16629481858160378
0.68469132813899325 0.61808975302341040
0.68269268392435389 0.66405833341640408
0.77458496954366718 0.26433869426092282
0.36930489389781562 0.29385586968363703
0.51063174069910200 0.85192108524576782
0.43176610043044572 0.27170871571782745
0.47990397030479681 0.68179547003151830
0.21780277341514379 0.44446021183347739
0.31266164846135358 0.33178461906833723
0.32156331539828059 0.48332892444249043
0.75017364209343118 0.67420244615952296
0.65682341426893720 0.31923413120714805
0.32727006011489407 0.62483857437950752
0.49740051479836900 0.72793584673835365
0.51991007664244770 0.60545526637418123
0.31733558673783002 0.50529179953462111
0.55301529229385427 0.81024917984510847
0.58096094353531869 0.59624800238603748
0.68194264742223576 0.16804410340693809
0.65565876728921035 0.72423422174457319
0.38468044510475080 0.38307908922007139
0.56120169158528721 0.40267265366553662
0.52144828982521685 0.81688385787731621
0.79074734862271656 0.21675018617033404
0.69628230891287890 0.74397534634978968
0.40406362808511892 0.47614850352283877
0.55364474565007105 0.26520669374381556
0.24234547385177324 0.44520797637962028
0.77791158388366999 0.16930633546012841
0.24237549957372634 0.63847144769025521
0.72375887401906303 0.40735103581325716
0.45382663185846389 0.18382537394810344
0.30079961147362222 0.41623383595767682
0.34942091925765567 0.29357458994881380
0.31743979326692284 0.46184387583265618
0.29446161396127568 0.69877478330125609
0.48862163162111544 0.44364334157843094
0.42147632478678898 0.24907003828616325
0.70358407135036372 0.63888229155624354
0.74245993558178958 0.27605514300976752
0.18068625979229092 0.46243560938634876
0.73628851175919374 0.53918319525486202
0.29265189218474608 0.82106512060348369
0.49104807162484665 0.67472835834549438
0.69930151581796451 0.59221524913984058
0.80407353128790560 0.24038832679518612
0.81831512713360088 0.23832776211737583
0.76424424395516355 0.59246866157306621
0.67727738725517095 0.11786918022331780
0.33472115456053675 0.29311641627097756
0.36134464604419525 0.25244695931011102
0.24058633726450754 0.38104393352968785
0.34677816781928750 0.57331569102755608
0.55590071607186431 0.70583352432851154
0.68592466704816524 0.73215522283026258
0.67130969228201365 0.14715470129952976
0.29908711661266374 0.48187519614113539
0.47789350067740433 0.19368556207934265
0.83222482832658873 0.23325710119031773
0.24607531829397905 0.58097382217041238
0.39763192237618350 0.25725173233373033
0.53308887265827387 0.47341979213352531
0.78827719858750678 0.55130687407460166
0.47048638589473596 0.53325617280065418
0.62958598218313244 0.75421705890102886
0.50789894036708150 0.59054725656140916
0.42737661626261603 0.49057325221684406
0.37127844597358678 0.26752154747493667
0.31251386601794090 0.54496331565822431
0.28264849581324936 0.32171713126325058
0.46493422908233867 0.73684375741613017
0.37697137102393496 0.35394159024180621
0.38867843061948931 0.60905031073617999
0.44861320644223751 0.59369850419277970
0.77700252907878875 0.56657880756762979
0.45109276441223611 0.55680698021808994
0.57016627517512974 0.59536172291481071
0.35785837979140950 0.30529554363273237
0.20734301909044045 0.60600548615428851
0.45815999450596534 0.19969806778758473
0.72841100568178963 0.54822244704858270
0.60231970797215850 0.14934121488636887
0.34128836241686322 0.69050673555266728
0.33109630781327243 0.36609373055826172
0.39404458795352715 0.51773907393666307
0.17489182750390347 0.63299771037437080
0.31784535404750885 0.69939833868015056
0.21255944813347041 0.52449120564804486
0.21524626689325832 0.76338887227797358
0.33992878277006189 0.35635547195784356
0.27486825372661050 0.65748678494076296
0.78906533385321231 0.57756840795887354
0.37830872590483816 0.29230227002577991
0.22871529222739664 0.53000593760228498
0.22942935478346344 0.59744256617750602
0.80557318543759737 0.56249047407246522
0.40218623099876610 0.60342636718700726
0.57032775258489687 0.36385793035626129
0.59399142234976399 0.56228175175627548
0.68752045515115068 0.47955941781687300
0.74235281574249723 0.49158092740452664
0.46679049923013016 0.29977515683283856
0.55936637979013604 0.55945250206807728
0.66801874597363131 0.69682328338386390
0.67364520438613029 0.38749174821735477
0.31759015162948040 0.65047068878925718
0.70007501361340252 0.64199108205148603
0.57743634551941936 0.46750011606641328
0.82427142983425317 0.42755779928891446
0.71739103058598208 0.61156627366116134
0.40152220352269447 0.26978311260860027
0.45688438804210463 0.79203389946749569
0.43622996274927384 0.23086014763177876
0.39727777132334141 0.84195684446066310
0.52467627313337550 0.57460278713002100
0.35428400320855069 0.36738520614198938
0.68870725634312735 0.55523717491483549
0.71267544965424467 0.52176234899691321
0.43809895470526883 0.47191277018321892
0.36972985049156071 0.45070963110344758
0.53784483948562756 0.40913294445293413
0.50759759241425084 0.56954332311737021
0.80831500890917729 0.40496634252520775
0.40851406473664942 0.24663542704321378
0.65284113518073617 0.69091268411555584
0.68019701901818297 0.12306621251095529
0.72809027776740365 0.26722756963093164
0.58711102323609687 0.13101290054241135
0.36935460657741148 0.57925179962922146
0.39956298203095619 0.21097277599634590
0.16636518140897127 0.65362533296209380
0.54294847994912776 0.83260699054016718
0.48278461311377879 0.49602043313817334
0.61639399993350374 0.12579090002941928
0.46359354533749653 0.79267538849392338
0.57875397671223894 0.30240443102221104
0.32581209788432591 0.56251882157554212
0.44484139367553277 0.73977740623561417
0.35203207318793572 0.54569128163390845
0.27464799954397157 0.33363835421087495
0.59612233919246316 0.62744911386298818
0.32829978828502016 0.66464264468729284
0.80886931276350649 0.26561111804436444
0.48310344966892760 0.54523202999119369
0.23880667139928038 0.42866083733608812
0.62102743857445475 0.68002041219181342
0.48293624578378719 0.84056182830338433
0.22347760642066331 0.75388659369594269
0.52513770113504465 0.14669151945513423
0.54357502795415191 0.30636728500151450
0.47952373743683929 0.49158452947075315
0.53895989651233622 0.81621985529151853
0.35467842126465743 0.84299092005398901
0.39084554673981298 0.41556619730029382
0.51839299008974704 0.78291548576332848
0.52200070583231140 0.66131877031925201
0.21071487874701325 0.53205985509009412
0.75711097741576572 0.54449954445707005
0.68136090692653362 0.51937544278052516
0.21823971645378482 0.40066855334630574
0.75724629849767233 0.21180884249920640
0.62908443941796921 0.37840267268381689
0.49598127678830789 0.30643177320112713
0.26883107313970772 0.40030079248964801
0.46659722140183379 0.83759852165255766
0.45069160861290786 0.44255435624502854
0.53944007506150249 0.26338233360952290
0.81976190547385086 0.49267142768812172
0.65325275492973467 0.74234788039653710
0.31585897889179637 0.31226302029726077
0.53599266129682710 0.58610692018263300
0.63780504092326706 0.14294674508106942
0.37946162496356983 0.85414754239310220
0.72496052815311152 0.68575715241766089
0.40741904101482396 0.60842508230940440
0.19112515765532262 0.69524604844245641
0.18914632945620652 0.66098068304044133
0.51275503742737305 0.81574665964298765
0.41391955151560500 0.40308761020637612
0.46510252986488437 0.64023059783263225
0.65052074122854520 0.57203141018664438
0.69245375383079522 0.70344691376153579
0.58258061501565528 0.20203922124970564
0.20323074262618346 0.71013159162410755
0.75591304327482112 0.47807470091529813
0.32294831882809460 0.33476191999955385
0.52732705281439463 0.69309777791194271
0.28439432594645692 0.72552750915527198
0.32222668420458622 0.85957964379138119
0.19066569086950480 0.44825448274123703
0.35067000099518686 0.28939218852095350
0.71300972320158584 0.59711583996450490
0.35337228849545649 0.24978747566522522
0.37057057085463263 0.32895113421701982
0.33719835624356098 0.63200179695416114
0.60970675508763428 0.71887614876195727
0.58097943944033537 0.39209081285037800
0.72737031224967108 0.67572064704606971
0.22006381784262952 0.49501661895665949
0.74502878278900087 0.18576299680452946
0.56586281450577092 0.18218513418988175
0.49286616506149566 0.83045965887307305
0.79211040686193901 0.50314127432571087
0.21735408899738906 0.50073196863144886
0.76861945143376320 0.24916574891290144
0.64991039024200115 0.14896014560025914
0.30454293573905711 0.81179749054396677
0.62570433643203804 0.63940353514971071
0.64756524762741152 0.72682307451193051
0.62500256855886194 0.36912798299711935
0.41034114589242665 0.37940430409016457
0.22618901330871891 0.71946742142227715
0.25266468538687070 0.45428172732225347
0.70113990052860253 0.55542786718069392
0.25869293892342371 0.37370726638006918
0.17261287128806782 0.66995606504840099
0.39647710256575369 0.28683442808337084
0.71280802599548609 0.56883774414789334
0.64398056036319806 0.48808091492450167
0.75148390445429902 0.33165974244535712
0.78176582535972572 0.49474499028534791
0.73694087164169231 0.15982154299013021
0.57463349912633988 0.52669023747940846
0.76309192135480131 0.49849681138519697
0.62307645118437038 0.27774419452328214
0.44783030857073136 0.81446560845981131
0.65174948584689563 0.65806532798558892
0.30885579787021600 0.28298879445025044
0.64831982938389154 0.35200252847741742
0.19513354904414254 0.72124648088433274
0.38488031180505372 0.53867710974305805
0.29804190259409707 0.57828193590336618
0.22452394179137314 0.83511097795576039
0.65964387040043992 0.32436827826608844
0.31687701827268067 0.85025623302479225
0.56553331624999603 0.76219623685388438
0.68672670181017026 0.16209701496448203
0.33716679884873080 0.27053608066111046
0.41890400393140853 0.34785559362442486
0.51782163001437487 0.82986113533959049
0.69216278032698142 0.39667980487651794
0.25561172669690946 0.35820430943715920
0.46475553274989134 0.79804133585371251
0.42723576535933222 0.85762497783077740
0.45990552487134750 0.72706084837236351
0.28273315594178217 0.36584442862501648
0.63057059171780960 0.49241862041186890
0.79368562732724701 0.31572039184369238
0.33219994025491406 0.38754802299603691
0.45796504232824137 0.61474645015125984
0.72945427802262064 0.31851014363874186
0.37143455291010885 0.22738608257935372
0.67710990783899005 0.36564484311045004
0.41579531050111818 0.52104792542895617
0.70121749540223677 0.21269337685362849
0.27046577855612952 0.81181594958031278
0.73773493770567822 0.35864040233827238
0.77899711349725820 0.58935129107546613
0.26111950849316762 0.55035377119119921
0.47173018145768320 0.28510770162774596
0.26033496986654892 0.66055086570652533
0.18798470897984842 0.70340061840331458
0.66350718026110778 0.76005688656952419
0.64712982521823947 0.14644713350426025
0.69619422472982673 0.32664110019873738
0.52378330734811129 0.46161570686810138
0.53270064574991127 0.79866013543471581
0.69416007332211294 0.62568425681512496
0.24053369777360550 0.41034338412811999
0.28273047038160948 0.59572530413000624
0.34381261578759920 0.53730011001544520
0.69255393176018587 0.29282709794188189
0.54368743129001440 0.76515667033663093
0.46712993295314204 0.16631735715901164
0.62988948462960381 0.65297291516054279
0.50227915335510109 0.54225836673694416
0.20163318365772415 0.70118148960998383
0.72647384530187664 0.53873644517771657
0.30389924267499424 0.63968447117545457
0.23318700115952540 0.51329486304170446
0.60585297508493441 0.56711847288269412
0.20843732315909314 0.50741197300266427
0.44874404757958680 0.22326160413419496
0.62460463529872123 0.29569992187686839
0.48573306071961886 0.46279717724773539
0.30352907305556970 0.57805662489702647
0.42385183986065056 0.40166464820527531
0.50711117550531482 0.35222732160456582
0.69671117876969801 0.70246276126787022
0.49524453972991261 0.19158039368193161
0.25529171231881165 0.78693717614153802
0.20067708734326195 0.64271535078432762
0.57541773369093629 0.20117739883711730
0.82920864728733901 0.48447206339421678
0.62035140819310497 0.18354737337128385
0.21026147339498208 0.77678258714465676
0.35653404549135648 0.31946081990914243
0.55873823512358201 0.13456330626865853
0.31434148630678993 0.45630756214946255
0.38241907195587377 0.36328558892453289
0.68945394965661477 0.72017655816396631
0.41812036836050037 0.25718906480885600
0.67782168820776711 0.23012528174270069
0.58369288091987070 0.14324180571135059
0.57138634360483964 0.76943237538079334
0.61068208870639529 0.62484632245937832
0.22830102274267100 0.69374073736515218
0.24227880667966309 0.77189504399112319
0.52721934616546662 0.47676097053025585
0.62451168639298071 0.13977862145265982
0.41028079101391879 0.20278650680289251
0.81293312573782806 0.44833338007937318
0.36050732072692676 0.23008916573908070
0.66941878722215897 0.68200603082622380
0.76803643590849513 0.66018695511860681
0.71188216817600891 0.12918537299372754
0.50875025486417846 0.48373617358926541
0.24106789229750783 0.55451457124117587
0.64185414868771751 0.37402760304611038
0.70876704868905316 0.61598012579873429
0.79350499784845785 0.27590426083464742
0.79302659766253136 0.45587386800155771
0.47001324701209302 0.56082942527738255
0.49005537426386830 0.16427889511211424
0.84925269708501094 0.33628877343836938
0.50848066398262348 0.15460700147489309
0.22812499545165338 0.81095064191270816
0.71232228109507179 0.60947081119003188
0.80553236906751335 0.53384535618228390
0.20982690135740437 0.53610851618768907
0.45613192828552857 0.34748114528733148
0.28111007680522571 0.68205273078938700
0.76602533515615978 0.33581031849746956
0.82456643871902924 0.30044560351792482
0.79800811667790628 0.51477465376292497
0.30465856453277967 0.38900494968498950
0.42450721445837108 0.25802500460066774
0.68387121471548262 0.56913303515453995
0.22651437475188399 0.39455060011980703
0.35604886009654485 0.66788605167551351
0.41136102815898085 0.21236406980462344
0.26891275383479141 0.49969280976902586
0.60441847208771082 0.26588302949446740
0.46193685112419336 0.18497806734750777
0.73780653074414349 0.61333913537059825
0.60720223830280307 0.58040832863433012
0.44877185108210993 0.22727997493534038
0.44581499797277946 0.78043867660267696
0.79186714127798175 0.35515800420090304
0.54581628243180524 0.56906681401395165
0.68864539040517425 0.34603126417782543
0.80075653274804304 0.48337512718574083
0.49441348924525164 0.81348776049341398
0.69410101085030962 0.20074521343424268
0.69049580124778864 0.19746618877025490
0.46542611684493673 0.66337927846536582
0.76349578095989745 0.58815575009251531
0.84209355175813339 0.34121320934961341
0.59865148975499571 0.18037508704879252
0.79499980221513866 0.52471059308942625
0.40711543178967358 0.44748887364426354
0.50083116569111008 0.49441033764161785
0.64746472640033415 0.74885328972687737
0.75052396274441213 0.58402664507142044
0.48899527239152929 0.49520233705344913
0.55301376727176854 0.19077786683392706
0.44560947282626234 0.36444948442343905
0.49972319809356380 0.64099195166735701
0.50451020638717514 0.71666724518427405
0.78981443102368298 0.53039534619685924
0.25638092746511548 0.75264651326959275
0.58412547166227791 0.77092271393119294
0.71300797607900757 0.68898595617940306
0.30370619542922805 0.66708038574646311
0.34247810781499904 0.64761054641268445
0.42993219146731698 0.76721816292368916
0.65425801279728923 0.18385789836956473
0.16540789964680341 0.62989570631502878
0.77302020586920550 0.52361586667944482
0.47364289956549938 0.68920519008737480
0.48067902667044798 0.42930759942044594
0.72784803335905734 0.44919401721062796
0.75139277619510347 0.29457552138538673
0.76901669934120709 0.41073087892328175
0.66521183366403402 0.59184429924565030
0.61452951429469160 0.61005392972765893
0.83914684365053405 0.50433416629607541
0.25858765027846520 0.78516377616419375
0.83259749315891596 0.35068458987729179
0.82184470595109149 0.30483506039848540
0.35303710903754615 0.29645579503792369
0.52402210229406387 0.76967231244592060
0.32677482295794569 0.65713066521170105
0.33493555850364354 0.59178868293240383
0.75098337877762855 0.19870616735738816
0.45099389016019442 0.67074951032421171
0.66001487507706080 0.27934248802999340
0.78731250033972089 0.58639036093686348
0.74914047398190187 0.43242713461212701
0.50147166640798113 0.60590856181850294
0.53583555565951513 0.18399775757673381
0.37548237411828955 0.78644850840573455
0.32264571876596698 0.33989514225809536
0.73925026711071473 0.17062563550739024
0.31148811162708212 0.71564341145800825
0.41390511781989914 0.56692997285819435
0.62150197144148189 0.51619888159605898
0.76337494202354716 0.28023630690845114
0.25318391842083632 0.73468383364269618
0.44137089382081240 0.87007039448607570
0.57678452382532108 0.41049233488410525
0.46101535432077090 0.24025240109922064
0.30059412483475184 0.68601895428202453
0.23704320885161889 0.56863539677515496
0.23490476806897032 0.58152933031972931
0.78476389941677960 0.49801101415569754
0.37094690887963894 0.35484678237132738
0.71518290513884786 0.21519116904885552
0.23081904617063712 0.82674642624254358
0.49216957773426545 0.37690149686189345
0.71528426311575910 0.63529695291843347
0.63923229293416695 0.33939340775900362
0.77818545384945170 0.21681389555272104
0.28807890935310981 0.59340160650152751
0.39665871300353439 0.30248270468182570
0.62035352416293255 0.66688384782242971
0.41048832816873093 0.17795753142116003
0.42041768002689262 0.51322830046321288
0.57511676968553638 0.67739075084206646
0.23656957174089649 0.41079966051261196
0.33457973428146293 0.30116185785908234
0.26369528949238819 0.72593525941310633
0.77838437893330625 0.20362581458409851
0.72784487776481499 0.60153035432565682
0.82180573926396483 0.40627299150746465
0.62500346039990373 0.27211712716280162
0.59923673383460130 0.46327972859160527
0.48576673591189801 0.16429606585078371
0.38721660691325177 0.71848557197372664
0.19617372960030424 0.58842809887471148
0.46835332865248380 0.82505935218414361
0.47865267107562781 0.81034595282556188
0.58737261795226114 0.76317874504493921
0.51675450284934432 0.66139080473983314
0.38042840341568629 0.65602617073616720
0.29906485238688663 0.35731834683219921
0.53369824170624658 0.22329897868045506
0.75921217451832423 0.39120039665223305
0.75615521798284657 0.28074877401159054
0.77520743495753131 0.55821261304726844
0.52693865200610024 0.64223376210450211
0.57569920741355407 0.28031720278913885
0.83059336772148140 0.29861249474631207
0.29891549104351073 0.60344511225782038
0.54442898331139855 0.28491757706781951
0.20588516931398385 0.76604270364377813
0.36004219755248412 0.40486071168829835
0.71224368255031578 0.16972621693084433
0.63836632876222943 0.45495272093723754
0.30383921694364896 0.58990838843821736
0.29071299488813934 0.81331735477395317
0.27912033926349900 0.76506560525088940
0.45690108908040539 0.77889974262755812
0.65141692053999400 0.50501638893855005
0.55378042518000270 0.18628639029751259
0.53850553407522583 0.72434407855667682
0.79719306276930646 0.20260296046726947
0.39911918183233835 0.39581343277996583
0.54390105662684485 0.59124942363488053
0.44585977104947550 0.35882446281084929
0.59781604623715068 0.49321454386203023
0.83283901569500274 0.42980574321277271
0.18619063977121908 0.53195350027389798
0.20874854183779334 0.42889349335591820
0.45491646968134536 0.22057811134699304
0.47995116220191913 0.78676810054324431
0.57619251133725413 0.17922520707237780
0.68908784053248762 0.39169803293261996
0.39012447152623270 0.37125691756164492
0.38072374765616540 0.26864810128311639
0.68199117849148472 0.63632869917769908
0.62333421044217008 0.13134331276101185
0.69281372528336216 0.23039521468767704
0.75997098380944639 0.19507937745160053
0.53402896550786283 0.16025751551795392
0.75951103857687463 0.31053629687721068
0.68096357295782473 0.73127703103464248
0.55117596112618084 0.33088053578448012
0.40783594272653523 0.69942389357004386
0.50883308447467346 0.35799809092187829
0.55707986376210916 0.78873402703381423
0.84099216540844668 0.31534978149979881
0.58666952451358556 0.73334652134644362
0.62138422200215171 0.34058916602157208
0.21373765054837252 0.50235247742113742
0.37365410886495465 0.74241144028935913
0.41336670467018505 0.30507269429006578
0.25357787716218716 0.70820298136262383
0.30976965953070235 0.49460645582232804
0.42076902337893107 0.47541251878585389
0.19282858290190602 0.49462164057086777
0.40350544073738998 0.68920240153925816
0.68321932056845003 0.42099227280050716
0.66036019152536796 0.59008857846825657
0.61046257210277799 0.20981988975663152
0.33719421811401468 0.64401446129894113
0.65051386262470290 0.16233977120487214
0.35492979118808610 0.73865097431961513
0.33263035555035342 0.82266350545382549
0.28809826301621771 0.35661565794044697
0.44604440078108631 0.17132925595232779
0.69161934986277962 0.53682721078434437
0.69540047275758099 0.19078936446561240
0.29157291858595769 0.46378341707453952
0.67442410037014489 0.43391364772808272
0.27189090778298680 0.58530464597678500
0.39804278944605076 0.51352065613845843
0.81105967410593305 0.27995013907012267
0.41067250436098324 0.74685668216174039
0.64658080197170675 0.38841439426297797
0.22194947017017030 0.55459764596252814
0.24162822771987963 0.33565386621523829
0.41255965078786705 0.42080464323650651
0.79887388754985666 0.17035899985758499
0.40967793211657089 0.86365719128960816
0.41253783422228951 0.41441981018757557
0.25595743090049450 0.74352741954797319
0.77126716556334851 0.64167045122769539
0.27040607444733172 0.43657800930384139
0.46680774755821508 0.25882201433891927
0.50754259098388665 0.27082590116911887
0.71224720859954505 0.69408381924688112
0.47574176686517489 0.61674510951069184
0.59123180742686610 0.45237245962714551
0.80808254952854708 0.34519063867254085
0.48959578746164395 0.84717203073909098
0.29252212729011851 0.83282036533364789
0.44180253568604355 0.62620278407499974
0.47661317319964547 0.16342334592819791
0.22802868778252675 0.73807905655616479
0.51574841779962732 0.26918355637824326
0.63132431501242370 0.12824779504564013
0.39890851786016196 0.46786871367530775
0.53133670675926781 0.80699982446165097
0.39612427481554963 0.45040848396962196
0.29617727475780370 0.84552915582419008
0.33698877771572688 0.44752381363555110
0.21748615139359501 0.44843377003721652
0.43957337804758789 0.21188562920671306
0.52136718507286395 0.44342875343142657
0.25580150025599674 0.40016066189313310
0.28319667174892771 0.38628981975634169
0.75920691054171852 0.58666241019174969
0.50237011623113459 0.53383012867551582
0.59805162637218046 0.78016337648454626
0.56360937099654840 0.13167373288103035
0.66109861020805871 0.52520458804956360
0.69121088195115743 0.18366584449641721
0.18574566102248530 0.71540189095972651
0.76901292826087331 0.36228206614846209
0.62649365340141150 0.74337681104146469
0.71804974103713515 0.33810250528030289
0.21072944923916848 0.58042810035406467
0.46237818706392086 0.65295118712168354
0.54038123673092131 0.78823881420127706
0.66009914402861880 0.67789646918731661
0.26346682594981030 0.61874404683151285
0.71637417485187482 0.53842027214850829
0.48330097993041410 0.48100631027098817
0.58716554968475865 0.58082498361000678
0.19854259646747113 0.55096013427028523
0.48565788912434488 0.85984169008123124
0.31602393617379654 0.32171074016793189
0.43183304583485455 0.64864872811482477
0.33346484945186161 0.65477140654522903
0.31196757024433946 0.31025137447874451
0.40482709621702984 0.83126780440635684
0.30565378089877648 0.42649198947937955
0.71837980738556262 0.19633924788726503
0.56375439043266506 0.67895594374194268
0.59554827552160439 0.79350460616889418
0.51492363147032938 0.14320378896906907
0.63665795387335367 0.66826705277349951
0.64568879707140592 0.51906158234429489
0.23914970717120093 0.50115659013983227
0.59607484786527587 0.52582943418702610
0.60612249102717541 0.14800391845081273
0.77829931325380131 0.20796517723159560
0.51111033681580775 0.47221216546790734
0.68499488098994199 0.67317933213639469
0.80911200849412945 0.37056214888621636
0.23689675621812223 0.75338746839793558
0.43900703929648288 0.37950551773432639
0.37436509851761568 0.44673201113419780
0.48689913737136170 0.65763577466395406
0.75053425500187176 0.61626389676322413
0.48830185958651018 0.16008728294341040
0.25173174269244802 0.37916518654921094
0.55079315060807277 0.67082791881139081
0.39705754291968010 0.65413020761374274
0.29640844509832792 0.54356228901933912
0.82061042984224208 0.36467863968923842
0.64743995053002967 0.55576531826899633
0.69576905196398409 0.52499121887368982
0.34547301189717516 0.25398964082812370
0.48422691268309115 0.45175325737258909
0.45186962673750647 0.65271191879495394
0.54545069517325395 0.17001439778710861
0.61242515439274892 0.27519145051328775
0.47188923176389946 0.82860864061848982
0.25273617682993021 0.54422759117841191
0.81447350733416912 0.39487908486941659
0.35909273340891790 0.78757396239987520
0.54372365287326652 0.41684465996038700
0.46485708579343554 0.48928154978228650
0.23927722083962727 0.41398563746852113
0.80262556420983533 0.50050485761785057
0.67399910018351683 0.57435973151117437
0.38418937005276232 0.85595916351208312
0.73646567560924725 0.36370571345222380
0.24793543154890441 0.38629106065591434
0.72348021302208565 0.25497928043537982
0.61478434488441280 0.19545300907441121
0.79986160972787623 0.47919927420580982
0.50728923605862608 0.37682016159764153
0.59755283528578773 0.25295973950015560
0.21519424527059522 0.58693051961151865
0.60294902341711576 0.49001917838346321
0.35216035176339117 0.70717863437345296
0.41491583470668064 0.77363352034348232
0.55794659510519828 0.50346865979703903
0.73874091625189264 0.30280849159619111
0.54777091661552246 0.79477269595091349
0.40969156752333036 0.87861330563290885
0.76951560756506088 0.50584110423574247
0.43387027681248069 0.36055318367773537
0.53360789149733723 0.34430011961354023
0.61768059323727531 0.55517047886908255
0.65412871126311656 0.56823792026143916
0.47785412109188929 0.24070152661693045
0.39192219966624059 0.36527928125008163
0.52120290495571886 0.34415758246373379
0.24067592891157330 0.76817595755057044
0.79388354150959040 0.33429092012403328
0.21984982765299035 0.52160743374077245
0.38576079658471413 0.67983573994773860
0.70983547372688904 0.30055641637061725
0.25307989413847876 0.77031497544722782
0.79183019100332963 0.49482136481204775
0.26469525623087725 0.68602315399075664
0.67474786543666510 0.62073012001350780
0.44663970558880084 0.24554919147223914
0.68913957274927562 0.64751815036006821
0.56360972164295664 0.79546505424862834
0.72533005477261103 0.48148735235404777
0.54907753047536279 0.19311285846855136
0.55275950331234625 0.75998527702784879
0.26713861822028689 0.52154475519686372
0.27172450506123441 0.72095656113778817
0.37330926411844334 0.38751166325386849
0.38964241879551298 0.62244421351556922
0.29069673852813271 0.79966471843937881
0.69088761798110188 0.53149179484636511
0.35730245683754669 0.24735016913257835
0.31650561614608319 0.29392783430185010
0.68451031621092107 0.71756579544899124
0.60217387421313495 0.34687104704442012
0.43748709421195153 0.70253065405527271
0.74076544454744719 0.21914513417069004
0.21139024330852121 0.51419881058373240
0.56189660549182874 0.43723454059091182
0.80339157154727636 0.50719888778150057
0.32011737492374087 0.48863985107566560
0.64356837457356542 0.64759753278291110
0.63649774639395851 0.68019386308321939
0.37754505137242600 0.55334668461890968
0.46965725138849723 0.23527302701889632
0.51253229030380421 0.19251942131878985
0.42688604345860581 0.29481390380079575
0.63813811696788370 0.54422803702343314
0.25398853618932810 0.44580214516800776
0.56424893968986078 0.64217215331920396
0.58571918501696452 0.72384277514599749
0.43831218295744145 0.20061385758278066
0.61283828246529581 0.28323474514972713
0.33174396738651840 0.56043785405337387
0.75256438910499823 0.19482921530518399
0.57893473913709348 0.37226514938597743
0.57297757500981061 0.18185673566190369
0.51559426680757614 0.28745277139045822
0.45811903492414113 0.71199232393431533
0.81451264183852867 0.28651751390538738
0.54398103774648421 0.25967257536056931
0.19330075817438200 0.74505044811545462
0.51627319319316189 0.63814671568439241
0.61978288176606511 0.14555604553194817
0.80933450259011508 0.20404775037869119
0.60549659902394526 0.65290233435369305
0.63856818676133842 0.13185503882273153
0.65311158620270460 0.20530846197138278
0.25991635083928882 0.44256078754161648
0.49809955194282873 0.48827186478078233
0.48305856365707506 0.79223368805562155
0.59434653378720514 0.33213051380324193
0.79365825104349197 0.56110382853548546
0.32102423433165217 0.81511843223779368
0.64364063447829456 0.45408674082199424
0.23170741414101803 0.44933695007825164
0.55596933994670483 0.61633840348779856
0.61355053705288687 0.74179594248033287
0.57186739932283293 0.24528853775065124
0.47917774564798110 0.19732947682537064
0.49213810239482264 0.64642062222550434
0.17874086165728387 0.64700574905685171
0.24949390286553955 0.82525678981613670
0.62508603701959176 0.19719147382536018
0.17490080823093637 0.51763096377182638
0.42198164917732506 0.29818869262127107
0.25924580440699974 0.33977987073465316
0.63256875637376975 0.13721885047380017
0.22011455743929867 0.63220565714804766
0.56118161793615862 0.62093701026728398
0.75673854232711701 0.40578922632895198
0.65517249797687782 0.36308425854788917
0.35612188316651172 0.30980097389642730
0.29937209533608644 0.78616782458025503
0.63148025548618081 0.51000920822706419
0.44075669163448727 0.84419249103439431
0.42774524932598967 0.26848718337788458
0.70176944095237825 0.14404113696778567
0.44203891284650787 0.69947555828284502
0.31898182295869282 0.46852616693742527
0.68898284011161204 0.56054013842660688
0.42479324818197639 0.76902171463124080
0.60989294738996414 0.23879864633413211
0.68071811891798817 0.64946945356433672
0.45671881452764040 0.27943564720434078
0.25100788201108837 0.42576534693086254
0.46655484456277596 0.23989208388551755
0.53587501442501129 0.26737734785555345
0.28029257780446176 0.55332805159323084
0.21078877978008603 0.48377774975111487
0.75940387280134491 0.55786826472056772
0.22320396003699827 0.39105251016783904
0.35346268287070159 0.29230259364868161
0.58709317500764258 0.40307944927729578
0.47137661201912651 0.78170463638286958
0.63082854702407598 0.74379358684764851
0.45177614829788820 0.49042744022078649
0.78323362280805142 0.51184504602987402
0.41870532878136246 0.21478324263569396
0.23033433111430671 0.64780903929842548
0.57536382828693111 0.49516397668833534
0.47076280462737985 0.17658736870004191
0.56040761280643980 0.68967942274965299
0.63674404431670895 0.72012410380818237
0.21884111564312672 0.80865830553000140
0.71390356172842639 0.17709986094412855
0.45867798441890401 0.46678654109466211
0.19807221690801907 0.52660529496878772
0.21826317943953535 0.63856515236088096
0.71923876181762403 0.40183284912004524
0.33668338002233750 0.36723259660842278
0.62284584342708138 0.37409754912125642
0.65933893262450149 0.24215326525828013
0.56381089606955570 0.39671827091126355
0.32285295955941196 0.66743974868560330
0.75257122365897466 0.42851994978181934
0.22343028663545855 0.80441701692983614
0.45262403132871476 0.44794331003040205
0.53821272922325381 0.81193014327762658
0.65253250022670106 0.66754826972973391
0.31546253716199057 0.52776057770572304
0.77806466884557102 0.23930460570974435
0.57640917095657074 0.76869833665690124
0.81348335693640927 0.33288308478832307
0.19581765018307123 0.46913761367427254
0.37663862453997843 0.86336264403289542
0.40356107680644193 0.75459380521671582
0.22702378149822428 0.50388339701317530
0.41679568438507381 0.19697488357909110
0.65240520388162593 0.59778344115676862
0.62042890193388278 0.77359018190425965
0.26743733636864497 0.77483340752006147
0.34245016870711253 0.64169992673839671
0.54206962547218018 0.77931654136117257
0.52838331530572802 0.56995735923333701
0.43826475216602478 0.85996252930873918
0.36649592276115250 0.86782204106791072
0.27323237198415251 0.78710043572576671
0.33509400838002323 0.25747049345612050
0.44963328674522474 0.43700427661657232
0.34342862590385803 0.84545683286006512
0.67892135096174844 0.28729952909739831
0.21165019730576023 0.62451557192108520
0.28399172980869813 0.40620581664646510
0.35263784273649723 0.76309873549741791
0.23498459548486794 0.48016879036228444
0.42839389916588089 0.62053390914336082
0.25300119316985215 0.39760691979416235
0.59002644202118582 0.16249701598391719
0.54753774014186996 0.15471516839826061
0.59243116504337401 0.12914789944513949
0.54770993704483584 0.82792695877153433
0.49896216474786892 0.19947040125903198
0.45111422137010404 0.82257014909504700
0.29565589521554503 0.47516690364187641
0.58787767016999548 0.67091262143859276
0.49526642993996300 0.81776959427401386
0.50297112012488188 0.20065983284790051
0.63167172401603400 0.36790965738290199
0.66338213209668617 0.18458067457967270
0.48999741668418789 0.52538651821546623
0.32629113950460742 0.60583751338598890
0.29395715377622000 0.80473628514611151
0.67329036021104538 0.15030939088658293
0.29338707170444001 0.56347899766575982
0.63032608784330768 0.49786461963264977
0.69892257113589551 0.61298534741655164
0.24185026581568031 0.61518229225497900
0.66715728834919674 0.50400018048721018
0.41658616307407492 0.27191431272222610
0.35697824170265857 0.62677104491084024
0.33262794023654940 0.71923781997568803
0.69118680193382931 0.44093429371604675
0.60134278926074947 0.41493582049147509
0.75218497036348064 0.18500847292152578
0.82870758841834569 0.46452584354446047
0.78517511713006605 0.33636089106008771
0.26464404258480706 0.80582875186171643
0.59204932986306003 0.19828802674501600
0.43164453481858478 0.20980399321088189
0.38975477215743137 0.80166166843203035
0.66240159634009554 0.15111556533334219
0.44330754526738625 0.70506970242417077
0.40508311539323377 0.43544498301622903
0.76883580637359117 0.58173082213702632
0.66151893406691931 0.64567557952449073
0.35237842873858810 0.85707160519335601
0.35905733441248616 0.42231971824439274
0.52136738590855458 0.53793819036762713
0.26130118458200935 0.48645582047972691
0.68016477173831946 0.48731701565181729
0.25739416198185583 0.35377913871320438
0.57972292488646981 0.76000146681200298
0.23255709698673535 0.62789198142275759
0.28665515555644083 0.63367716973845267
0.69386426275380408 0.56847749169641726
0.73045986247732864 0.66725583278772493
0.50603052440602769 0.42950118332901821
0.73742298445377730 0.46599170098532855
0.24268804833162039 0.79232876790079221
0.61754713704613140 0.79118702287012710
0.67515762209981633 0.19848033804541390
0.73440548058896049 0.37781757720375297
0.53210173778823378 0.38871446880628047
0.70702834449864593 0.28590997875074742
0.55555497664932418 0.73168134788794403
0.42550567884682955 0.58011504165855210
0.37908046765895836 0.70975154415917097
0.29093906804797448 0.36006639227516618
0.20555517914114446 0.74046124659196810
0.64147329087485616 0.20910662690550821
0.26642720562552274 0.77042834636644719
0.69044757212220853 0.38634311159696255
0.69589942350954559 0.64022564025344564
0.28808161854511005 0.62730696402622399
0.72081529327041727 0.57481397412084179
0.55845024012566569 0.33256848790692056
0.25239046093028994 0.52945364383807370
0.40947203909208640 0.71926334206994413
0.76954526026362091 0.57020613297768385
0.75341253770433192 0.17128709855621571
0.60411592931816804 0.77581281025807380
0.72909654095416665 0.13359836961696486
0.25908127229954808 0.60694680600857365
0.57755284551923680 0.16755039680307005
0.36089159817473626 0.79804925233641111
0.54155073074833027 0.12973344937205811
0.18512093201573665 0.64124425909360228
0.49509037774288350 0.15669852036301027
0.85248614323139782 0.30375760185908468
0.67961125663929267 0.73608201567105813
0.50023120414124500 0.71160459361128336
0.41981985404308425 0.24455567290764671
0.31674386989248582 0.35719207299677602
0.31644752153411720 0.30514650872119653
0.69807807356112639 0.23384685736358438
0.59586348542426948 0.70408899056949203
0.42710390030862483 0.34006719593477375
0.79764987490024297 0.39397436645453576
0.47597906896155551 0.58808418445540001
0.70645166690713590 0.55644659425396670
0.40739916401010834 0.81267087272287486
0.73873590504975706 0.64599474781009991
0.27414923642792888 0.55636931765443753
0.51722342195808724 0.82037957181855525
0.37029440799452118 0.20939408621604644
0.32230730533191343 0.62801206409820498
0.52194017507845580 0.47390236774063471
0.35904737302485168 0.33282043159800467
0.24572132065864860 0.46905373406220219
0.25301670041533186 0.60116633925655705
0.38862042794912077 0.57352037721842763
0.33236598267111445 0.80852390419267417
0.17652012670954201 0.58053224337693188
0.47343532754351397 0.84638252353942800
0.66476465553762309 0.12707792423530750
0.55277990019160894 0.48729970571625614
0.52888098807225525 0.42961166101246145
0.23922315938293739 0.59031704845701483
0.36723244109023595 0.37401738536190404
0.50035687933863793 0.75071957778774367
0.29006456087412968 0.37257172964810814
0.61728865524441878 0.12077459448881903
0.47654188700302719 0.77831140389004450
0.56795433918352067 0.77795401619765503
0.60720226569594526 0.44821791809820449
0.66153908361907310 0.69274706085509374
0.22499695517520418 0.59170187568500565
0.72621525292709566 0.34504025468569666
0.37885466611016583 0.48171283513053931
0.40814556739054408 0.30352309048950316
0.37326665248039770 0.44089447483615885
0.44026540610479592 0.85476633826440063
0.47679167218571822 0.74798268520357891
0.47340207961791270 0.66720168946593494
0.72520880559340706 0.55283875627403900
0.40917982734760316 0.67286638172856572
0.58439953067488792 0.17092016615461195
0.44891962765206772 0.51789933619488726
0.71089440172746565 0.41785210493456204
0.55449391053817410 0.45842205853053941
0.40884806584405525 0.25066724666512247
0.69273409126997620 0.67099547082490452
0.68365751391455776 0.54439447683163078
0.31132507726162906 0.68064138136228192
0.46443035053204462 0.29430470076127890
0.81569132083020657 0.44482778124413225
0.68319536685506999 0.68037926142875094
0.83132799924047007 0.52541130613493525
0.80245930178995173 0.55182322859628696
0.22577474377393714 0.54287646479158203
0.72265607536206566 0.53392156955329184
0.31217906247653310 0.84146058346669328
0.58636326241124337 0.79998720591073202
0.42408555478229493 0.27846965852709898
0.37057683180615159 0.38266895546624580
0.43919194674871376 0.21877504156768149
0.38976237599810515 0.29487696705580990
0.75277278869907349 0.36628536454723204
0.79805708573417178 0.52801949960606587
0.71123357324769021 0.51131552961013438
0.67831993851610994 0.17159706503942077
0.73158944726028508 0.16263516700763997
0.67294985408445751 0.29028681571319737
0.53946347534229222 0.30157593970163665
0.57993981187420562 0.48515770335549524
0.27696742073243213 0.41212123567307435
0.82777780639865561 0.37138926698188374
0.65841396800410124 0.28554559456935746
0.48099272317180297 0.78149180075306379
0.21366244009944141 0.75752790284515426
0.54830596609203452 0.39417549899889770
0.42794738676539185 0.26212924783522029
0.46011425820751117 0.85718730643725682
0.35345413895965622 0.74456116835491559
0.31283190809278694 0.67455673078371459
0.32957512112552090 0.58916788544479803
0.75846668351468405 0.50544387268570690
0.38266472589579159 0.21416819528911329
0.47049376889083239 0.71542033164494045
0.61669175325180525 0.72466150646587313
0.27551161489121484 0.37842202381816226
0.17947199312999529 0.57126734558102354
0.60448200505801886 0.50711247613556942
0.63229764533574695 0.69104436042346173
0.66154078166737063 0.46925904828009274
0.23295828513764352 0.79709887177486793
0.62754024936159991 0.43980902209339900
0.56601791607313445 0.22727269793483709
0.59512525408760575 0.17282150791099654
0.72620355753398025 0.19230727907825912
0.77338980685730330 0.24669388538715634
0.67881598562543677 0.57636297119926727
0.43395048757753180 0.82271786708043237
0.75125296879961001 0.15106809407140459
0.71368410588277853 0.49626140921821249
0.27079105099839529 0.84306833772421319
0.46695190020665456 0.24946758285141560
0.21767630005209421 0.66146514350987451
0.31762604828603963 0.67751302630569787
0.81733427585693630 0.24705693835011094
0.51267978636275635 0.18875368127601705
0.62901164181346914 0.69520585140691127
0.63168156351663318 0.38952408523075427
0.75909519994689645 0.45013449296541103
0.35774558563205222 0.75384972755769708
0.57874602977146461 0.75125413921060002
0.61290442133585044 0.34948192920704063
0.45511180573269494 0.56070921943594942
0.44296774112822673 0.86351234218693151
0.30142023582141775 0.82064384476814056
0.61673479250116281 0.16720320993263860
0.39713150233935979 0.27196271065608923
0.20687679817859828 0.73550936635468034
0.73879806935397974 0.58945537198670594
0.44851572584940091 0.28605107886526254
0.15872401299234723 0.60726730556767328
0.81317420730360734 0.26764685184994141
0.41721751748726887 0.48910264809781673
0.48901383403940019 0.47911016451191613
0.29864576376929974 0.79102742903117762
0.70710992666012640 0.28009809979658890
0.62374417005313787 0.38001428094605322
0.65499302743349808 0.42360177612017491
0.28558300235623435 0.74716897220326806
0.79310678983908800 0.57363472432567808
0.59424358472799654 0.15307311125632622
0.31557528951601765 0.60793425385129052
0.24831758575145005 0.79593674884038856
0.64895711831837077 0.26588392333687683
0.51093075519392572 0.71154814813312373
0.46679852979451741 0.43725216811701040
0.83480673961304275 0.44609691281219721
0.20209316323944831 0.54430942912589642
0.46200724283347894 0.83777268281232731
0.26396213501074628 0.83104038172370220
0.71224348874871490 0.58543619739181085
0.45801877511720879 0.34161330899403830
0.84307837534170738 0.36272851034986131
0.83038180207063617 0.37924796998285559
0.78159432519597094 0.43617722400053072
0.39899150825213070 0.39047342110228761
0.52036153703129917 0.26019365761321633
0.23874968954805792 0.76084335897725142
0.29583043766893052 0.31018497236008302
0.44215859676291430 0.50794695008106561
0.65536690932579433 0.72020310421258515
0.60931236183026394 0.78854084207971487
0.20604897643091147 0.66986146039687233
0.57935062418631689 0.17668846074388347
0.45093976172936467 0.45923297583120332
0.42211725581281234 0.82971149133908595
0.68179122076342624 0.14328847899036773
0.30067929221296841 0.28621793741108958
0.61213137347608637 0.15317385978393810
0.39311214175839360 0.47068589354473622
0.29364900439580766 0.59298124467757229
0.82469299795048268 0.28739295326574205
0.58365513363171351 0.13399341869808079
0.55204233114230872 0.17966541156978350
0.72039617082342056 0.21012749821889193
0.72545229262135580 0.21623932787192579
0.36724171423091906 0.88435002083560610
0.49422652706585624 0.29558163212892802
0.64386153376094835 0.16126438500752083
0.80760184377716326 0.52419983684808513
0.69849475124005667 0.57118189047599299
0.28705936452942238 0.79269157886405317
0.41201445927736036 0.62579428434857709
0.20370581610825947 0.64083546492589250
0.55393565608976669 0.65310053121151990
0.24119880136085842 0.36708984438201808
0.49597411030634442 0.53307142219362036
0.63915433104997410 0.71590521281004893
0.27883182343440166 0.84033960882644498
0.79651619941235463 0.44702023331280333
0.49958968358822525 0.29350172754408926
0.32414787316288746 0.29344616271971269
0.39262881984757891 0.81572421500022951
0.31404794860776408 0.86545401748672746
0.33397018820644525 0.82919391459843195
0.78308150183916525 0.17269711466583085
0.69264150085076293 0.14134148851656186
0.34128403319040135 0.42760966815361062
0.19633254855382734 0.59267241688348582
0.65480155439440857 0.25746255650020555
0.83994594618435592 0.41353570411538959
0.61449013647989914 0.56533326469712042
0.33065608116776479 0.26073834254060457
0.25709718326332032 0.79017333811279777
0.46072489569314778 0.21039573971478553
0.48117103517859322 0.69821569840026609
0.70281266571149514 0.23734706681674680
0.38482317011697220 0.78140498779091283
0.40691799729874428 0.80745941720203507
0.47844377969459284 0.23258331821984574
0.68081362928070899 0.63161606226615952
0.29429504134288054 0.39050170699420256
0.16252898574868518 0.68267412297835162
0.49242136549242727 0.30200753380607182
0.41960566296024149 0.79330484303356430
0.28645282912105058 0.53230120098626876
0.27537934414390675 0.76845450126906700
0.32340339036664689 0.50570559643709778
0.62609999761958901 0.53228433497821048
0.66978393995808150 0.19992903466405226
0.27696667451498447 0.58749017137510839
0.53191637877072862 0.54885431284973618
0.33232823193860728 0.26486108272417336
0.67033895773469143 0.74105578116638338
0.61892558148229082 0.43079810483339559
0.72273720628127824 0.63989112440538376
0.27279517907879269 0.77633734507587349
0.66975763591036508 0.45678357030238048
0.23703350425690267 0.36403300913762759
0.28443588212500193 0.50010658897851068
0.70742798240655724 0.57759816757013449
0.40507317168255319 0.76011608379204998
0.68686392806392171 0.23696960969409475
0.38855118039271641 0.75032991797215765
0.54501406979928335 0.78708304252675643
0.43088842576006758 0.51303364037985422
0.73913606524047126 0.20533024433122826
0.68776073814923677 0.30766210518354425
0.20172887971704273 0.61860047465753942
0.52931995572287138 0.77293590254902300
0.40290662999222338 0.73420738110695583
0.71810721424402024 0.59875387181650774
0.28169913760088261 0.83687047216440802
0.76798525627602321 0.22568480808809072
0.46531647926802477 0.39283582480814278
0.48967385966504384 0.56999633512561698
0.72968022655259868 0.23633564681910482
0.52019231812011135 0.81216453465092009
0.29701552894064254 0.53226958920559020
0.65185655983862800 0.17266094924481412
0.72743625118717059 0.52423004817355301
0.50754681949458147 0.23838928536448392
0.64538319128076471 0.12657102508459858
0.47386984146598438 0.45746389369297275
0.81265483712751785 0.35284308207570769
0.59292494131605911 0.63866030085493453
0.19394949268794159 0.67972965134597385
0.36770541256841055 0.43907901559976237
0.18338229101275655 0.56956957225484650
0.65457338448344160 0.28113228704341442
0.80137656158753212 0.18066266623584615
0.39539693172489893 0.48885305818785191
0.56379981767740595 0.55544091102964344
0.40102497796547915 0.83906396891769086
0.52547222587459763 0.36661501118080897
0.61519072833411570 0.15125303183398278
0.21331278598294884 0.53474402887756778
0.51224804509097288 0.24633364548789963
0.63441815759398468 0.71595056573798144
0.47648108220532559 0.82809767920917698
0.65694596245448245 0.41258516393944428
0.36674974806718308 0.25754534504667881
0.35986405502934049 0.54405329024283500
0.28263319425749744 0.34156973316975203
0.56118391342027751 0.14832687481071485
0.35789279499395366 0.62122758040506199
0.54590064148353834 0.48445821142805678
0.44588454023283886 0.34194603697980952
0.78934727784181524 0.17170605659125684
0.48507947708741328 0.24770828541917372
0.37590241376484146 0.69977791956985824
0.75777735936755353 0.16955515018169665
0.70236684260287741 0.41117500889831399
0.54318335853430066 0.72233699977538157
0.61064381289111935 0.36078830777055237
0.33444054759446518 0.53362796353674047
0.46012671633774926 0.49337617558783076
0.29252008468590618 0.38606854668936685
0.55897782982485189 0.15531388226857359
0.41530356302143367 0.72928147250477215
0.20607248594540728 0.64777219024069865
0.82826881269756725 0.30383947885845258
0.26608506663744547 0.75331458908883486
0.20767915190235026 0.39831232949240941
0.61599055547330794 0.62025212998983958
0.77300111928436577 0.48456706929432053
0.42390360846298597 0.26510936806926860
0.40552306325007570 0.26706605387070220
0.41590787057487388 0.18164546500550119
0.21285835341929610 0.67078404641879330
0.57563553180200033 0.30736851641707041
0.39282909074637196 0.27354898913396974
0.49321444737630638 0.25443137821398232
0.48214375149086297 0.36429536941453444
0.67184321767556476 0.51405067687648853
0.50633167685641578 0.73783490786005512
0.23517643440504502 0.39632639534300340
0.43163756258249358 0.29765498678874602
0.80224710201435423 0.59865303879995380
0.71193323689685317 0.18434899505968871
0.22752938416499460 0.70106475155135861
0.16199664413662751 0.54722298446470963
0.53612713653015676 0.49010129049692319
0.29091235295543366 0.84472726905297280
0.46254658233306811 0.69320476327697877
0.47958181352443385 0.56596621254524271
0.29839529351977245 0.84096421648666297
0.37228971738066297 0.25259677026198357
0.22414910713072406 0.45133417512216339
0.22138876246869299 0.44684101931400910
0.37860246867513003 0.87012980612597324
0.46101138350480025 0.25861713775286982
0.29187416254644671 0.35617205792898765
0.71308341708045830 0.68408270216027267
0.37257362045143261 0.39455092461784474
0.44747443599620873 0.50152215080341334
0.51986497333719284 0.35612016710658589
0.57101668939785966 0.62208474925471269
0.40459159100528402 0.47024120531916569
0.76824039122104826 0.37821351702358053
0.51373972350011921 0.51368753256955213
0.22356915761050711 0.55845568401169365
0.17561483892167723 0.57598208073250712
0.20593179273791656 0.43877869027408811
0.56717430600177132 0.79840797204457248
0.18170073572962753 0.66038987597624998
0.63516968189241219 0.67545505740161715
0.36131529225304565 0.29374317352629814
0.44413478359094555 0.55843716987278313
0.65332765481770050 0.36876581312862339
0.35443583818577201 0.85273573324623464
0.70973056785183486 0.65535946945986567
0.67206762225111627 0.37113371776984222
0.79216955111093657 0.40138519605110479
0.29935661211048564 0.49060366689258889
0.35174393481125260 0.28573862738476596
0.22234986701448933 0.65079223485722770
0.28137560368358716 0.53552479517372920
0.69425337080271365 0.61608243416103825
0.49633972696412437 0.86418334943616015
0.26723295332306424 0.46656789684516875
0.18724601069881300 0.58548210963666447
0.80507074808682477 0.26323888715701904
0.52631512225143828 0.55500106178153585
0.63639059947903442 0.19383734089007590
0.49707702340644372 0.16703776144985594
0.82490401963603388 0.21175516433320857
0.44685801142268899 0.21912672889583698
0.79485600026236014 0.40768754682015373
0.69234253402819290 0.40206762998421414
0.54841802193459577 0.32596172189452505
0.21077919525035088 0.48778647373790740
0.59703065752537055 0.11631263067755296
0.61708939204748581 0.15902915289352174
0.26643304899920328 0.78281724001914732
0.16683240399047339 0.52626220861479756
0.33018400968656281 0.31618486748481583
0.19008567856988370 0.60445861388137689
0.77863674878333522 0.51697038048518995
0.68014195589153748 0.71773274420460376
0.29038440549778011 0.36401287090679096
0.68074050514632556 0.19679318070937005
0.23980438433496246 0.67970717475584963
0.33509222825141927 0.69190219934534991
0.28242266327438281 0.46587173425176714
0.67932242803142950 0.13204254913119440
0.65339255763538495 0.71651475497460582
0.63035438661268728 0.12366922453953311
0.45918135999565873 0.60440283602140710
0.22956600423391860 0.47121264313837485
0.39737927201884876 0.30773754825311950
0.51922602268191653 0.58876691757842070
0.77691410987465537 0.25423814194666466
0.28412898152351834 0.82050895353219389
0.56732212470707044 0.47797003621504391
0.51286920059618202 0.45447123168971887
0.34180671692857839 0.43790927201293128
0.67096133406744507 0.36615611777225920
0.56518809199079723 0.40689057075551460
0.81178285713741771 0.34762482614763823
0.65012300493623587 0.18112286585497028
0.66632400952782711 0.31411140859726538
0.80120744938459088 0.26567145845931417
0.27663683734764127 0.48673893378638439
0.71069084285530182 0.54262582782918112
0.23092362631442270 0.53770049579348878
0.42017680060812329 0.31938035463843084
0.72784290445032385 0.19728603876347722
0.34171733264607368 0.30107571511649478
0.26004032803749344 0.53616532987060994
0.67482165367565883 0.71492067360579936
0.29987021971753164 0.35330821027795972
0.71494132997902515 0.16694908976452116
0.38386664643100593 0.34002129514055968
0.36924095126781820 0.53784712739393103
0.66669422828935532 0.20994174697579726
0.27210758931938572 0.34720220906097876
0.45764346169115022 0.70517836056580663
0.35408776834375999 0.70185784128589823
0.73284782677980909 0.26981513382576977
0.65781231705305954 0.71603513939324170
0.71742666070511707 0.22521168838058914
0.53266311055687288 0.19168167780049006
0.42138454685518112 0.20819718872688511
0.67801657911729363 0.70539916500913091
0.42888229303692049 0.49617996987106633
0.30347099483393825 0.39385749145233451
0.61689888396286463 0.68448051924676356
0.47292656747755496 0.30163092801784097
0.70305928405540552 0.22645657639224659
0.51124754289631991 0.56507008391456559
0.70321764287192334 0.26383056616843725
0.67389161645588080 0.66025830012211228
0.63721009545508522 0.38792596068131846
0.57773655308906802 0.71223353858993088
0.71678014667783929 0.47133587794256393
0.78037822772099763 0.33527038147666643
0.31577435733054793 0.29022445988637086
0.67547904184853480 0.24070826664271150
0.68207692371383177 0.48156585489758985
0.43459232100622847 0.78584896499963419
0.38271466714045210 0.71416584809951433
0.27883535631851208 0.69235940937653817
0.53983685946101656 0.15494238645760938
0.76826482302997401 0.53777472011324368
0.37010351403479175 0.42532500809802598
0.75569009556683175 0.18335337054398718
0.24016025548248879 0.43869308002849505
0.23734342542752351 0.57708010735663473
0.70598084476451561 0.50171516591347309
0.59622486268555919 0.21331545185942591
0.59961243182698098 0.23121869293238068
0.33376772140797040 0.42375454922112121
0.81547311557429858 0.39043361283468525
0.78051692365972702 0.41706437775861055
0.46873274357502598 0.67982931401492153
0.73971182066272845 0.18632084101398552
0.30858502732391058 0.82469047235731363
0.39171316157069036 0.62985162735504985
0.38283507344830175 0.25332646282585214
0.62038053138204230 0.63991905877358313
0.84671703472293380 0.32831938434419006
0.72364789237875560 0.24955787451939826
0.34518744184714889 0.42119593796591881
0.64448300532852043 0.15761320791258823
0.27161726816878323 0.54746973036511193
0.61342214957927577 0.44770745387997746
0.57206682850666901 0.79727838149875874
0.35369241821936753 0.24561916890542246
0.31329057293394130 0.53910610421018401
0.71340635411138620 0.67306940039030005
0.79103980777633354 0.52608392608317156
0.58232807117367069 0.24821492883400653
0.40490944922164718 0.76586105940654525
0.22327540079758404 0.51994433123932826
0.83756117944408426 0.26388942155466105
0.78201545169711206 0.58497871486520547
0.57647753460806517 0.24906884888189121
0.20779257325474101 0.69776929169928881
0.48393611785038215 0.65237405798601134
0.37352300795648097 0.83524638079373892
0.31649290972433708 0.40316375599243887
0.62319079836948221 0.16299648294304392
0.40418983302397371 0.20478472174743162
0.65979870636362148 0.19843524207688304
0.66492059599308351 0.65640159798579145
0.76819446160777471 0.35143642523576002
0.81280102554533973 0.37501397956958848
0.56913105644021766 0.34222372814504931
0.48241963868388893 0.50985756629212942
0.46836139031345631 0.50607326493693805
0.33752619035093684 0.67309359583519213
0.34129819611888329 0.57700969805918234
0.36919291679601185 0.68069140018683139
0.69279014468334377 0.26690575215781770
0.71964004220224631 0.23508981550202915
0.31147439231814400 0.27887977272099657
0.66431493753382709 0.29720277733765987
0.60343925353422256 0.28154725349316928
0.68484385961105021 0.73763340818468914
0.42971614833815852 0.69349784553517058
0.37300797099705224 0.55655681444512317
0.61609812203688508 0.74637919589449242
0.35157313963490500 0.32135914079283523
0.65064282996829925 0.43409066963799564
0.81239435392649528 0.37944182236673824
0.70327357039055338 0.56050652399526846
0.41766457889309749 0.41727216105544374
0.19913788323945553 0.66907002839187801
0.38514145429267921 0.27691445787377400
0.54449710968181564 0.21241114037043141
0.59757901950939396 0.55497412561133841
0.56184932322894965 0.74512449760847654
0.33491284008983491 0.52708702550401954
0.36221298259238155 0.85893553545394297
0.73972483579117665 0.35351823331391874
0.77084950797278062 0.31142857075930902
0.69612642130483027 0.38594478164100182
0.74978130997127412 0.61161235699226779
0.55599136176115449 0.35286374330763159
0.27842933788828106 0.37592978887654716
0.62408673207096332 0.65295698633447885
0.74605806967502764 0.48076866463720408
0.33012947461558828 0.31188277140789811
0.21408346379511192 0.57380260341750200
0.83164357837188085 0.34471353380482461
0.51164481809239049 0.57346601473126846
0.31727575943600439 0.71261726712600559
0.75497486459967589 0.58515802568670527
0.33092454945930033 0.24196985058571013
0.40374476226209921 0.34630087218669364
0.51389515349071635 0.84554441139806569
0.36879387773890887 0.56731636494307269
0.56969535716335074 0.31673457851084041
0.73239647458375701 0.13799960544520540
0.50531260072053164 0.77581855131436983
0.53608982899300806 0.63403155938897671
0.43626008370940150 0.17934581849663295
0.19719588830679027 0.56114023372495614
0.43476291049866905 0.25533651039131611
0.39195029319754215 0.51145551010266344
0.35948180356866510 0.53791030559951480
0.19258385601257180 0.58659529743817940
0.71793328738414419 0.17802698386707452
0.68031885175548279 0.62689073832602660
0.25551563685869633 0.70318995546991747
0.45471727347534918 0.48320805514210613
0.59608027583680889 0.81093110051879380
0.78826559761180937 0.29831072387415680
0.55218920770046642 0.63887767958857411
0.32708714504813152 0.55024657396586685
0.23512384411682768 0.68105546073953649
0.51615923429361565 0.19005874414463625
0.68955565868343638 0.67402318249707016
0.52255619658470964 0.78828507218255783
0.67230830575377665 0.60528323858217326
0.62078755290136911 0.24252017689692706
0.30298984150811870 0.29031355905288003
0.72669656760203916 0.22137262300267796
0.66425124195901497 0.56523940950933438
0.60027888083017433 0.70856834682457115
0.80558767332799441 0.28659975773318536
0.47061033048909884 0.72223244998088454
0.73931823356532012 0.48740959368503378
0.76043895431516328 0.54836199171326472
0.43104010573353979 0.20200944539996260
0.62016620398578348 0.80549135134979599
0.68052673300507638 0.34445724315825538
0.73025909180641069 0.21506122141953088
0.50283911172109519 0.28597760454752785
0.63439968112024825 0.56724150882256852
0.31391409850171420 0.81069701008563488
0.43298446673693025 0.27992994127802728
0.61967216126060776 0.36772108175935236
0.72350459714914162 0.17222000291243461
0.41945251417193341 0.23452890781817795
0.39888529330261063 0.46188570754335123
0.39488907249394622 0.76531928560802698
0.33682414194022980 0.35163029260068968
0.25549196804909258 0.38755624332279864
0.74244249795339290 0.46733350362282905
0.35950966316186955 0.23956160579588698
0.62517597267108371 0.17513634546621196
0.27727757586663654 0.56450137866204098
0.34242817205280163 0.40688604220675273
0.26930341051921175 0.44137045240111861
0.62286469364746355 0.69442217019482977
0.47631932422335532 0.21182861302270975
0.63375598095718455 0.74666475109519004
0.68399026849912758 0.49676784659035367
0.27903086723877213 0.72530795641493673
0.48422503811566509 0.59104411376284061
0.63592616700699744 0.50599923165375271
0.46305436617843704 0.30926938490821004
0.28020833587648986 0.47117184384044375
0.49778244539225813 0.28834778492753205
0.74420722143276863 0.30749835488125715
0.21978849632228603 0.69288643801089078
0.43785916355667143 0.39701432655696928
0.71080045441425521 0.38593763449289309
0.75005835124418163 0.22059647646596764
0.23130239605554737 0.48148130580719478
0.21473182519742395 0.54565228959307388
0.42074112627006399 0.26128848640920332
0.49066277069805353 0.78288171750081725
0.62864156670847593 0.74742355550427564
0.28996732046122153 0.70468130409842278
0.77429182865253843 0.21467393024055859
0.47746630162945192 0.35492931909699732
0.45339425719280502 0.62561338320871818
0.68357463509521188 0.64099614531339499
0.69475747316337388 0.21988660195686519
0.48248950987051142 0.81893641742654744
0.66859471543949023 0.16206789614696004
0.41226236999862087 0.59827195315520620
0.27618786681358820 0.36228834495589363
0.34655205667201239 0.84200055485813974
0.23651320311123608 0.73055947094856655
0.51941647274055325 0.24882439716597449
0.43022914896215109 0.36533340461818919
0.44706871597203945 0.19831686802577569
0.20299734849879328 0.47986366600327346
0.42868250849566836 0.67607500512727614
0.69093474349416573 0.50615508237871398
0.36774737153920972 0.33948605356945372
0.40616872339415866 0.66095146783605208
0.55594163444826639 0.28693144338443116
0.27652795006625241 0.80536847248931287
0.28220041815010000 0.37777486658338899
0.66231549097866560 0.41071854290504806
0.70767558730746771 0.48611848077095865
0.32863488941881058 0.83637960991176030
0.57935837977297155 0.63461625782259490
0.49680438991655801 0.35674330415481742
0.52229366543555944 0.50972379740186224
0.45655614803296696 0.66142679795156023
0.41548497721471628 0.32796049707980335
0.59074066111324808 0.79499430760723677
0.23991566334118175 0.64676472131621077
0.34871483387697794 0.40652907556376927
0.74297048243568942 0.55962358935354928
0.24816909578190227 0.73460374784465210
0.27541026707639488 0.82985481440245512
0.57575911139385894 0.57891937258846404
0.38944772657428761 0.74474400840286992
0.57073997305069812 0.69349760160779017
0.21294103678494131 0.78504148052607770
0.63679287152946407 0.68490959898082071
0.26127571640148034 0.47495974433525978
0.43828645566070035 0.79303589039972922
0.26688637416610500 0.57645373086196194
0.41872557845266767 0.73472318524414792
0.40390050461758281 0.20921273035333288
0.59275833281793466 0.58876563755571287
0.22695044455423991 0.38164145667420846
0.26559524669661688 0.39792973326499670
0.75345918795361444 0.49806006476827858
0.67867511058172969 0.27498233484446050
0.42786285409300784 0.28230480790757384
0.43869948555887739 0.56114353038128373
0.18985269251746834 0.74211425252286745
0.76959543419677356 0.29690609412293523
0.22240815256130514 0.77492881814076342
0.70967008175088364 0.37789842307643867
0.32767246976018571 0.26376662955157559
0.33651257380238286 0.67916633032862483
0.36158296817739155 0.85350436250010886
0.21304777544624690 0.72357314309879861
0.54217176882465790 0.16289862093240703
0.50776018899128439 0.66744429805975403
0.79026684596519092 0.47881112357284078
0.30859218634579344 0.50558572622224529
0.85497300068450310 0.32840028822872369
0.39958939601224791 0.85990480726540719
0.50315921669804886 0.42034950599621768
0.41789578719774678 0.83711699672541573
0.59173373489682657 0.25330544551714973
0.29451795531047598 0.61466685465883109
0.44336657899828064 0.21221634746431389
0.68035244382070126 0.43219656191252298
0.69173256043577069 0.55125373851484349
0.27628402232576688 0.35842956203129706
0.65137348989069088 0.41447934969900080
0.23276603669227303 0.84241122999532836
0.77431284537235190 0.15638786740441646
0.49836300020022045 0.27686799206124224
0.27681737160199338 0.72081636863326892
0.54419077847565789 0.58016479423911127
0.63049805958225813 0.61431623402310809
0.82951188100075401 0.32794067309769542
0.22715903505878604 0.70855047037887886
0.27382170404452716 0.49654158911266483
0.51522223898931008 0.53623096699990880
0.20384055696214790 0.49192530401495016
0.51220666640276757 0.21006311743779171
0.33516274055130313 0.58016739039446941
0.71520450776095235 0.35455260739312788
0.80513874767057481 0.57240093976224293
0.57660745263537450 0.36238075986341173
0.39381232634967184 0.84519593938454407
0.71343461759530247 0.14729119331156768
0.37623888175679104 0.47009495791191358
0.57181739478194937 0.21922375310043263
0.71908075299164231 0.18786097363698273
0.49552786069844040 0.77620022211988338
0.55567863381190086 0.53455001938285962
0.55084906915120468 0.70902344345385648
0.43248108216314873 0.25985363254075189
0.28952455926826848 0.28583391342250664
0.64318122116449628 0.20434241959232963
0.22563431419964380 0.46158050354463614
0.79607982899726493 0.37237265556308452
0.60137940979155835 0.68409002861967405
0.20422997332533038 0.56025976478816142
0.33864962873576682 0.81631129365891941
0.33152049374727344 0.83307039619615120
0.36770002820107439 0.48736271877630349
0.35535746029411636 0.69543173075599829
0.59941061067972679 0.17338738226643494
0.59536376975887506 0.74277209268869149
0.52478954532655331 0.24646110876579913
0.51494166676676534 0.25692389823562234
0.37304377699176050 0.25661861781599615
0.77710437379088559 0.22936124102427027
0.37840337522368750 0.63589553152209599
0.40029099601434415 0.78042106861870997
0.80506947297007481 0.27321080690804678
0.35749210360594047 0.63956122427083995
0.53309377693407178 0.62597244393212381
0.79121905993643815 0.41820310235817609
0.28764466443756881 0.66238881910664638
0.24518994725369353 0.65438537692578114
0.63628623839137222 0.74336289641253117
0.35070960032072374 0.46583457964148589
0.72932628703347757 0.65650089756077690
0.34606135623199707 0.66627589729084646
0.37711920497793694 0.26231353908708349
0.48379135156557873 0.43388611830424578
0.34294600905539180 0.47426307930474809
0.67279321440495132 0.53385086372164103
0.20876590421754196 0.52574675505851176
0.47995909114687657 0.64811326246995860
0.62651518950134488 0.34510786198403581
0.77507592568561245 0.55366481560640257
0.47571286856850242 0.85128686168590750
0.61537972660559515 0.30911136222562730
0.27878469457369753 0.61627129229525424
0.72261589078698896 0.27614606679765574
0.52229889456693268 0.48002054718678244
0.65124065283161292 0.59195696058983605
0.25413551579955806 0.81098855304244233
0.28648237091454587 0.41625043526787187
0.68720149103385364 0.18137674520070193
0.56809840971243997 0.73321532168733106
0.75733742254697889 0.25750708854136994
0.34675238931196961 0.50176691105723381
0.25887242561569324 0.36978587016019598
0.50131342539476065 0.65096069567266068
0.51776814954773076 0.64975587577047622
0.52348404844879248 0.19344746309249095
0.65268487225049010 0.46534293057003567
0.69175725414031741 0.68259094751783222
0.80077905226320545 0.36589279173288503
0.74583818448549466 0.17485033595523439
0.24808467759175107 0.69472486227381514
0.23577825644168326 0.78497836840132040
0.46804115197681495 0.81650804883192063
0.51349648304685980 0.16650360233438205
0.21868794147758611 0.76449722123834851
0.71539666244494460 0.34330586358513632
0.74616029966642927 0.44865268893492194
0.65178258854240723 0.72949758001749621
0.68542787113558457 0.32042710158932075
0.28096126812063316 0.78514975663117348
0.66036955322170465 0.51458098182233969
0.55800263323756016 0.68332213533049035
0.49411907299245211 0.21552808814568780
0.67975579819671650 0.25554152053105883
0.21857901046045192 0.65765392806781853
0.75570024629154031 0.27374110561033949
0.32973939216931503 0.79973470222312693
0.42562091925902018 0.81689230168001714
0.57983335456514240 0.19808324685748496
0.52106601643049966 0.59408429516110051
0.54084565026644960 0.61790998388212759
0.46500785954720225 0.32633993769160197
0.51059428960660802 0.16935060908650962
0.59958996890732807 0.19307224278988239
0.62089678604389986 0.70793155092579974
0.35766226587923883 0.64790877155145554
0.56777891104032219 0.43771773238544692
0.27426415998401116 0.50203431731677850
0.47090411888265482 0.66212690538074059
0.79504085304458649 0.32039535802742858
0.22480557432773296 0.77137074874356693
0.34888171535537826 0.30237575154107843
0.56161924950993258 0.47779507688743733
0.65381334121137824 0.66295123243784193
0.61167977204052804 0.12868748932415569
0.75451084594530538 0.48301533646971323
0.77932718885782881 0.19417735016754611
0.73474201797784044 0.61669669285377782
0.59155409574643680 0.75563238323144488
0.20829468461725378 0.51201955267137134
0.31619706623790339 0.61361349503257934
0.41008374681054677 0.84206364707730663
0.46552805726209523 0.52838721325685245
0.29809687665243778 0.32059144881515433
0.40548856226544172 0.25762371455787436
0.69540729141100011 0.14856382271335133
0.19612784515149700 0.54328330618534337
0.38619726126654552 0.50353963660701528
0.78573976493791930 0.23231163124349496
0.45942176776509336 0.19222761280833023
0.80039481754653585 0.37042216412106599
0.76030984671028456 0.62433906762935876
0.26532053782795129 0.82277429943299973
0.80935052095806115 0.25595821055747547
0.46539834749042286 0.76800889610419631
0.75799128952525241 0.21608971571039354
0.39707832971467055 0.60052783883865712
0.62211127618111328 0.74328333123616797
0.42514111490948303 0.47923031195256927
0.61203591776291222 0.17360038027472360
0.48633780008937422 0.76663225793844858
0.55002528905759851 0.35270473660785517
0.46456172985478550 0.72444459028733166
0.70324504455990411 0.29137205992043169
0.36974152334761612 0.27532847044148245
0.37950733778820855 0.77857819806242601
0.51212506949503389 0.67259355268266185
0.55965225244035199 0.17258924733959316
0.53322815179945360 0.73222896695312567
0.33457983873301644 0.76074127773592803
0.51355810967426629 0.32209815722680535
0.73313269405627657 0.35623824002839677
0.58562430125831655 0.79063510985417917
0.75624104220487509 0.19660270623646470
0.20389142155378676 0.66044084313592200
0.81001388079676184 0.18539350821409475
0.54611026898473891 0.84084020141048432
0.53991545115086170 0.25504954732576335
0.20354165745881642 0.60026602926299910
0.80457852617222980 0.35300283147492167
0.36425392578807581 0.78531715990967488
0.35708205132205117 0.54863430705520355
0.59793016100149199 0.19878765654190483
0.70821769798365530 0.14142067831745203
0.52739606017227492 0.30604565927177363
0.78606710335128505 0.26607642195494785
0.58694428450368752 0.18507008952508008
0.77792215961344635 0.54579092226369219
0.70668988035448976 0.20038369183114768
0.32179864495839339 0.76761845345679902
0.31794151180054270 0.87173810767259197
0.20545133571640906 0.71773212328824632
0.55889399593468403 0.57430647981236349
0.28673959438453456 0.63922826413761058
0.56282028190605460 0.17073555676505406
0.35367730379419166 0.45614680550571940
0.26536080161212383 0.36480063748167019
0.34662035343792352 0.62595530645968545
0.26574285504713874 0.46159487222562590
0.61799455197137965 0.21047329674581630
0.50721132802605451 0.45360525625750681
0.40046580537205467 0.53778854939721898
0.43567508715292247 0.27516093375285894
0.60104632020203796 0.20918560976574210
0.46065847049068964 0.66567618850962051
0.42788089762497178 0.59488559448125367
0.69000192682261519 0.24609206270727607
0.39490818729144583 0.53718825705885020
0.38618823896484711 0.40508841679598773
0.81696975831068208 0.37770024900381449
0.21149796592678516 0.73611968211516809
0.33069584576402616 0.53778131793766126
0.81286242924328134 0.32709986042454275
0.39307642073809146 0.67204815557830699
0.71303761528012877 0.26585655183690654
0.60293701191421811 0.54121139637374416
0.65568763780072425 0.68648659001741241
0.60289042420517736 0.80782092349152601
0.24401085142309231 0.43774631563848443
0.34415276300358288 0.75599127613365680
0.30022002776031365 0.42427145298360586
0.42762830767727344 0.60081622154445691
0.18826035891571652 0.66989279086675402
0.24683083400478270 0.74213930157311170
0.29344746112043846 0.34433396894299007
0.67530757438196520 0.21661639482043973
0.55488089048999001 0.54988071985623854
0.21553908972443914 0.68458189624545185
0.18943433520835243 0.58867290082958013
0.52479139231038885 0.72165389940091917
0.75245487768484209 0.25987826882155929
0.41150354613703694 0.20843748925962774
0.76557313575529229 0.20834574978948506
0.37502019685650800 0.80840314092902121
0.65793699419543517 0.26929925304735891
0.75629248140461391 0.32971502597243929
0.46795451924672632 0.66862690263575586
0.74259265616336390 0.27032122255883206
0.31853996246933430 0.81039975203733561
0.81192660384013005 0.52693473888145803
0.58422392016796998 0.54977225711396116
0.58944221780973360 0.54011025456282657
0.40755751100409521 0.21089618376059605
0.55818809122363322 0.43180320748988754
0.67643765780256615 0.19373893020467520
0.37897420301920320 0.22099642214416587
0.26162917355102888 0.77000401831068066
0.63700357526537310 0.18895252775620577
0.69662339484581148 0.69775952308936962
0.35338429619973866 0.68027864238463442
0.20066940550405046 0.57065307121481623
0.36489887593981246 0.51876929022185858
0.74840508740010059 0.62734114847862754
0.45488745537657815 0.59369063575774816
0.48708659175938429 0.48547162800414767
0.56429854289208370 0.49486723138696687
0.80667740136565913 0.32106201695590497
0.53459466121453603 0.61971269271649954
0.52934816616306524 0.13824390943666301
0.51593513567884419 0.41548659233402452
0.76062963267610950 0.43400452079803614
0.26583292399350433 0.38974221048036728
0.72929495787163623 0.58850681451060693
0.69807736191349445 0.42051537762125873
0.54764541976847092 0.69674978637643381
0.51117991890565606 0.63994623038735687
0.69842968778085668 0.16363603586999487
0.61688461469098277 0.54321562634036913
0.62270978764182960 0.79658555624154970
0.30893929300969175 0.65757682681158292
0.74112733733229885 0.12830487412047037
0.25124167216887627 0.77646129198678460
0.71707158566862461 0.15657821781351777
0.50824845286148068 0.82368893587785830
0.39186640767284808 0.30582144255436572
0.34924726313906340 0.60707985778030293
0.75784299780871722 0.58210942798955800
0.27907640028084130 0.66074471324535922
0.79662352068781050 0.28693133575867436
0.69292462570787161 0.33392483962193609
0.24496567808703901 0.54225616247442932
0.24351412900390529 0.62961513892526177
0.74374977362371864 0.69368496326529183
0.38860677594277837 0.66816415936448115
0.32683546258703677 0.30998826150387571
0.66553019559756410 0.70120337054530657
0.31419046915327420 0.26966867557803725
0.37015462885580031 0.25903788166365532
0.71382151940841720 0.34849058258981147
0.36365146138259702 0.57700568205485303
0.81044854303259317 0.45771405668652365
0.28426245941767853 0.60086519903316393
0.23646762088412826 0.43987588885079415
0.66345632638760477 0.35650749547260607
0.80922080029390264 0.24188311906471419
0.46353124895513120 0.31521619675076556
0.38837026994107271 0.43608801165292244
0.50430212648251760 0.79465319621583874
0.30860240923017873 0.51256190599666840
0.56785799038141838 0.11812523197046776
0.22919523431650335 0.71704814456682364
0.61667774262603015 0.75808647425441622
0.65265247532525472 0.15127204203753086
0.42510660587518850 0.76370278998284891
0.29901523831130977 0.85604444566967541
0.37278455060256965 0.63891050335473920
0.37769965352960139 0.52366081345435778
0.52221359970984094 0.17723059358456567
0.71672422313338990 0.69212288168839464
0.78987174511273039 0.56438676057010140
0.72308977594579160 0.45629733635861069
0.29735051240284538 0.63857334940369359
0.23461210144688452 0.50915375879752611
0.66046680055024065 0.72773387967574488
0.43027646844078388 0.77273779893790095
0.44737530054227526 0.56846341956499469
0.46744312809590710 0.34903539619472701
0.52771293889844528 0.15033767653549418
0.45340995051002531 0.19510244969176599
0.74319167294888078 0.15456359719974011
0.59426482593162566 0.47582667095450693
0.51077828357095889 0.64534419614211824
0.58113385542475138 0.55911623488100726
0.44237317186406189 0.54897990809942310
0.36210553538980622 0.75737617384520206
0.37289946255787665 0.34912263718468078
0.42563250672103847 0.80673751995168130
0.64776888039064118 0.32647647556584347
0.45566885792606948 0.30091175130006398
0.38596633864323371 0.29834831574515125
0.31764234270062980 0.28611106511248519
0.21016300781508973 0.63757971643463562
0.43783110598710362 0.39055083299113563
0.55833561011704891 0.18477801025033649
0.66156855794296787 0.23164215693459883
0.55581327340420617 0.61079532331515696
0.37728574678560634 0.69368872543482429
0.25647255874194252 0.54737404135820200
0.51671880342882381 0.50856597023047556
0.72446987740180657 0.35004584351774382
0.41662985686348730 0.20223598513133403
0.52218185329382716 0.30345967199482227
0.28871170072560781 0.30525596507179176
0.58893657418256162 0.37644039352501518
0.31909546354301799 0.53669927733242928
0.71061717675720493 0.24526332887015684
0.77760688031508940 0.34881422469460804
0.74202704251315421 0.16783387771981442
0.73808843584303940 0.25517442100981824
0.17876600910849294 0.60819620526800122
0.30609331419155261 0.46051345044507930
0.48905625584967216 0.24431911045464466
0.37232903688137853 0.75354716534962896
0.44840510832793923 0.42561814286513189
0.52712317160234190 0.80564758331959085
0.33623172097406201 0.37680112511861119
0.62925075522451146 0.22494327269730807
0.38412092822976607 0.56941731133328632
0.80545890125970498 0.41356359514818075
0.67190286566809054 0.72952612079598644
0.67222096234667994 0.16492383268821370
0.70138391916274279 0.16171913277223501
0.63379456947865831 0.78246819395508505
0.47317814447285228 0.87107787724093533
0.60535817705887984 0.73203383319498505
0.64073410867065927 0.52271942986248510
0.29317614895545274 0.67241063676737189
0.23262427161632604 0.77344548384089773
0.71133649151302036 0.59206006301798497
0.27296511646271759 0.36037632719819890
0.74612477752725304 0.32831171100478662
0.73336809599308206 0.26468063107285733
0.26250609541165298 0.56722617303966438
0.21515058312111984 0.55822412714130976
0.64290948662578973 0.54641287035236663
0.23388875152561645 0.48440928799985566
0.40975593870427507 0.32565999840421789
0.43394271475604534 0.49342034422700365
0.77272368703462979 0.59625894899539866
0.29348073949952802 0.67810150227671262
0.69405008447675842 0.54132460973647056
0.47199040239915746 0.47955934512338083
0.72407406159368692 0.32809330621301785
0.68647158265714281 0.32589183831816210
0.29030044064108551 0.47382684555250881
0.41073091436613934 0.52446061092156904
0.69402245795832140 0.14506538485250736
0.68630394120214855 0.68854386836313197
0.44831513318055938 0.52929380451870611
0.39330126066695048 0.85988879517584271
0.51432341977399731 0.76603111707153193
0.60395890272455643 0.24633531290067734
0.38637460437672011 0.49662609671452518
0.66751511818267706 0.60342425700126179
0.50494648174175549 0.80626816456539319
0.82328454832049625 0.39187145055781647
0.62590391448134297 0.66767380064632609
0.84204915468241837 0.44482070494339060
0.57813110634889120 0.29169468909139934
0.47092839619608517 0.61442755558473938
0.80062058294095628 0.28882022880197544
0.54382028501439816 0.81699088361535133
0.64726821859323669 0.54246338639562652
0.40508312831850590 0.77138186099858053
0.24385326079041858 0.64349263514924804
0.33674589211564498 0.24292487764913101
0.62457678901639913 0.73925208934308206
0.46164961738575738 0.18904255277644771
0.35953996157241563 0.78219325437472120
0.80062907575909803 0.49561027027814203
0.73629436590200581 0.56109788598200605
0.68532813140485205 0.50689236058908438
0.22248980000866414 0.61765186719739762
0.62907649864829840 0.29939063033463686
0.38390385476284361 0.83150309887691565
0.59150574331925276 0.42549542074266811
0.80625619314791053 0.31589445814916317
0.40045756304066871 0.77464620638097559
0.44266919728544984 0.41020013686055506
0.52186965830928578 0.70050807873943310
0.68819724959537620 0.15060116316644495
0.66864357391954576 0.22396957374287335
0.59389580140676979 0.43655728696610474
0.54152953168505302 0.27835280900436021
0.78259015574970381 0.35041281854865858
0.84002406364759441 0.32834036501078695
0.70437134704819349 0.13640320516019913
0.57396365907576674 0.15765345259317010
0.43545294514979710 0.24021173420605693
0.67404960505884626 0.46141438239559296
0.24186435699779157 0.81088948102784386
0.64218606027897684 0.54013012389892723
0.32723943446258957 0.48429434495166179
0.24535947992273721 0.82264830407673939
0.43111709084028838 0.77793426882930006
0.26245353282398087 0.80021854206148935
0.66844269914629506 0.49888465656014713
0.17850885687351295 0.63034513258527836
0.72497199616705132 0.15078995304333587
0.63568103446924640 0.63734333886030459
0.65369168438122549 0.56296154853214087
0.64878759188199497 0.20242172285590346
0.47828107433992828 0.55577219090371022
0.49290284976300447 0.48385820559389608
0.71514285910474329 0.33350084184470286
0.85667531870090574 0.41805561706634486
0.37607636387158294 0.45897073557606644
0.30839225957684735 0.63439729002922030
0.59434836124528101 0.50824625531269552
0.69341045498418308 0.61144065613767062
0.74067421558462021 0.50992076768912042
0.48537286513710731 0.46840780543094529
0.62103721176688431 0.51041478805298857
0.21083196870025467 0.66072974426790765
0.53734235909729544 0.33755453800899604
0.34250673442803525 0.51495830746428106
0.65640029354420470 0.52779387943231548
0.76430546504414720 0.41151769106255648
0.24295517154719853 0.70825804296544037
0.45995983026271064 0.79603963324826599
0.56970112376681181 0.49475088720855964
0.29139367589478204 0.75578835902309749
0.43925834949627895 0.78749843604265035
0.61010632183207991 0.22744403948835057
0.46923001011251625 0.41475005669745058
0.56833699659272185 0.80565374193299744
0.45847849341640967 0.51187338011857075
0.28983320112385269 0.82887172724680636
0.65616858830046021 0.21392280193059365
0.63551288268477180 0.73263898092969204
0.26021983294053208 0.82260583500397133
0.70897056243633760 0.67134885047945136
0.42954946330265631 0.35183494573883878
0.19684703897208927 0.60071364768455338
0.33938940184645677 0.82941487165613004
0.81129101060377729 0.51065670404834851
0.66143423380015598 0.63255912635273770
0.24894078380786167 0.43307111221221245
0.47975424040901760 0.72787687437697279
0.57501908330316054 0.17022487808422485
0.75845399772051647 0.35173181562477507
0.61113424830639707 0.66170000630852721
0.19645891760828507 0.73454151882245777
0.49765659721749561 0.18828446948738001
0.56601548719296124 0.19171043100001334
0.66418635988464558 0.11668006128643690
0.20179396415265077 0.74889513930063745
0.78555568697937217 0.41821268589241456
0.48150925874747008 0.74535203234608471
0.25543137566210028 0.59064320211296883
0.79709220468759190 0.30226901775276571
0.22100452154956202 0.77132952427678747
0.58630978350331409 0.21172404905434575
0.52015815076442362 0.42030226669539650
0.70739151622767604 0.30560804022249899
0.27431976030099264 0.44130850879265215
0.60576072360188948 0.20721235819742459
0.44189898147559026 0.29346690057172731
0.37443386405726981 0.50705354671165936
0.69714559782564989 0.48398780527631224
0.28934003514723894 0.34188117752291808
0.82986202755489302 0.26434101550624695
0.40927988526178594 0.79444872007697298
0.29707860560426425 0.30638954631527476
0.60730325057048962 0.31702161604086176
0.39902657801316238 0.79615013488132380
0.45271073217991120 0.56620958058025428
0.25434823947285312 0.42911576836543874
0.24540885682541158 0.75785186717351838
0.53019920884370753 0.18495247545180327
0.67308419520033180 0.65448140853826864
0.73267688381126495 0.53411359697689620
0.31802316938836483 0.42904569668174963
0.68843092365394409 0.42296086751067541
0.68822930036547736 0.64225706357336043
0.54287510431754815 0.76989767341667115
0.47855749818279542 0.16773412113383940
0.20981890065385039 0.52203520358648214
0.40314773911964841 0.22106960334505688
0.23577145749481743 0.71179372351495296
0.24331668050832411 0.76507689153280301
0.22252264416381251 0.67761014531315711
0.16136542614204841 0.67218960884457180
0.20333073655631162 0.73693549486883447
0.20788412712569607 0.57145596891978379
0.48760653922072461 0.18355304242600393
0.27765129019842977 0.67467520357309096
0.19896134128524193 0.70391305425968209
0.55593679639939930 0.76378550803906997
0.54096708627932533 0.55883520328732494
0.44563287862436007 0.40480474143549361
0.66280365296669630 0.58021445735568089
0.52234228884725298 0.69467841405159281
0.57069812277985987 0.40616831926364916
0.44832468138637505 0.86992844649466117
0.42279340179903502 0.44746342564789443
0.31154821360275975 0.45145825673573003
0.81592091592036731 0.42357851012761938
0.48128481965557723 0.31600912070023995
0.74239778409721302 0.44529425893709479
0.26070538523641645 0.59074542928143137
0.63106170416542040 0.14129175137377037
0.47106647309630484 0.60302687419554735
0.57282063065009625 0.53675184025123157
0.26969208498515312 0.83721077686544121
0.56678799980656702 0.81572148573088188
0.34076892079059085 0.58858111548817227
0.55885934423074546 0.82444288186254444
0.48563515632846899 0.53584997752802321
0.16515937506249645 0.59441242888536738
0.37284108616183192 0.27791002671239351
0.50027948773219255 0.47594642807932130
0.44755236941113308 0.62546589174245759
0.40799630328989089 0.30882586889906222
0.20827222058186060 0.45648029482345853
0.44279002073940404 0.81983779449566629
0.57651481798630111 0.58436426567647182
0.66172630801351506 0.57516063569466325
0.70508706393164111 0.47701730880108278
0.81856057837965956 0.44164261717835457
0.56626377156198615 0.37551339355070601
0.37979617393831688 0.22647201825531305
0.29502318720698062 0.35856629059918205
0.44352964885025431 0.58109134352449943
0.32823514458366554 0.79170721132564315
0.70089452753003267 0.52228214286882457
0.50828528003180518 0.67842985409826673
0.41027845381640760 0.56246079657216252
0.51457272227824835 0.39186641231696889
0.55449064577847196 0.20784830633436968
0.77806794300097026 0.24436222594895576
0.42306512054569245 0.73899986200020318
0.48296315810244478 0.57069999253309345
0.62900260865878721 0.35805258670728418
0.72881972960634833 0.18246494047610742
0.54322469440477028 0.73349505427508443
0.62383899863220227 0.25703850432026565
0.22074272259311062 0.72475169141625906
0.28270699085894124 0.79044675531404063
0.55062425702451279 0.61742476308251582
0.45846439185308357 0.84628564738955769
0.61883826549510323 0.27408029981380089
0.21839826138015897 0.72756175839904302
0.46464600868807637 0.37983931589419673
0.67331844276444797 0.55160274060570924
0.76423942054098237 0.45218653994873376
0.40309044432212932 0.24142507343651332
0.79881651243633567 0.24756876465845579
0.60479686082402428 0.35978155606316059
0.58512401014043647 0.61865339551820764
0.44488447364458233 0.77018511291773262
0.60942983808441231 0.14605080628936479
0.66370418279276999 0.73407738517116095
0.62410087282559035 0.75535607359737900
0.40281539283473788 0.81578323485785664
0.54116491013479584 0.70748799423663611
0.32883011929363126 0.31981655723130281
0.75790389103139966 0.13683706157164288
0.51297264706531687 0.42674830317070755
0.55298873973372720 0.58429349794959184
0.20226114029907175 0.58785578013434181
0.47057351549800108 0.32263281611532602
0.21342614483071215 0.60109939246965893
0.53836569659216948 0.45895242466838970
0.56835906380850132 0.63859989415048912
0.50805111452181917 0.17217821035673719
0.44102533204123906 0.33876409070315960
0.38009745828726182 0.64945375852479859
0.44994388028313914 0.15789357329265258
0.19663441907362847 0.45007227551563839
0.50500347373931076 0.55484844014878565
0.52315694220206832 0.78379877281206345
0.51428501187207765 0.72621325633766043
0.44582222956249945 0.20894965665013354
0.37520780404541171 0.27455692680275873
0.31266573664518948 0.70973160022752579
0.29750149619183813 0.76626971690862622
0.67442404580209891 0.26479340256217809
0.72046263930466248 0.34527860788589571
0.28931938844079785 0.59866926763159500
0.36351423468572663 0.49395509025342110
0.49740668945664135 0.14817378485380564
0.73349984336235718 0.56541900299132819
0.58481305429487307 0.52261398451870855
0.32965164510840911 0.27602677146999599
0.81398690208643165 0.31592791317087510
0.64275184131071295 0.46018575133246703
0.41008182425269346 0.75810471881193697
0.58087325982708660 0.16919976025825112
0.64158431064488841 0.68198691126849298
0.21893014040374509 0.51123189863278784
0.73679497816356943 0.43714093633440065
0.53426218766075051 0.43149320281722497
0.31582111392379492 0.27833992433771593
0.71433602306584032 0.66101753850724698
0.54899238413258011 0.16937834177451383
0.64824424134990521 0.15643886494713075
0.62212168578812022 0.55171750431768485
0.41296040944783236 0.68342944299664743
0.19107366565471898 0.68271137463922771
0.70175189079249578 0.28607324149930313
0.36045785901442656 0.32793247313734930
0.62259704149369210 0.17192962953471835
0.49462542452981262 0.82207755155868845
0.61028970855785425 0.26498881058222667
0.72615234031858977 0.16911965754668692
0.31723290411153199 0.80613236521615295
0.31213596297419294 0.80652740990599692
0.64641075306008822 0.68184171601069921
0.71065579716744609 0.50611435152802686
0.25839304902546978 0.81121335455426691
0.83513529679784537 0.48805762405351194
0.37936389994031883 0.61732502264695022
0.48113096985584314 0.53974643799715283
0.47835938523756061 0.44867930504995102
0.42362488408290722 0.67271209967220591
0.79173108504813450 0.55623532887847094
0.50350010526522571 0.16575822030981818
0.40644803988490186 0.58255866712834337
0.51223203777855608 0.69441129438131344
0.22031052620012850 0.73095061372210257
0.52805787695223061 0.20546461762541549
0.36356514829608955 0.27611732921760290
0.70223855846438266 0.68433644556177819
0.49964717335293163 0.21586279255905197
0.71858442871716188 0.43123517775284648
0.65347384698885658 0.44355936045577793
0.76603703136474999 0.48438541576468835
0.58050076497676861 0.74676315086292933
0.74297455024249326 0.17737732790666166
0.41201509864067082 0.65993277099478886
0.37007822941580870 0.75988082889155462
0.46794195931091204 0.75398348446561370
0.53491128454286452 0.13883084977442106
0.75857154581104225 0.50043592200801146
0.58385841466867905 0.29097085307728210
0.33991568877806899 0.47898545240252210
0.26265109231158545 0.63004638545108704
0.47405370961406168 0.20067992862931919
0.45021487339964145 0.34900159954203314
0.60031242425539644 0.66396454564342133
0.28682637903540364 0.79725199131846014
0.74949375508438143 0.30552479218300782
0.75176144863112682 0.33718236674178137
0.22300968021358897 0.54740962196881093
0.61373033985224834 0.67483492385667132
0.73747954574548535 0.27206916513542012
0.76710957382398615 0.50194616349436150
0.28835094153261565 0.38824982727060853
0.58575639589801187 0.82750762812152967
0.72471810697541872 0.43358512272966887
0.81226520141890302 0.52174452511665403
0.42890944194880765 0.40442195281802507
0.36933157972763253 0.57335302105961028
0.22390816199563601 0.49690820426924442
0.49245013807701465 0.27927885419171550
0.67761306609401739 0.28093455653654165
0.51630771437764134 0.17893266835687241
0.26373970580939504 0.50711587704567840
0.61862106109809456 0.76187169011773115
0.66140222794245052 0.54918686151170093
0.40588969140881459 0.62133816800512420
0.50770649318103478 0.40150525976502593
0.19315854604611529 0.69192910885170966
0.67696556771441341 0.31995969501294935
0.43778892091649568 0.25128644140331730
0.47823761151680066 0.15380670373090966
0.79430425964394324 0.27059311259551849
0.25517570755361685 0.74794045015261212
0.48346601635362513 0.20698228973824487
0.67363592717340603 0.20334601236062724
0.42478057296089033 0.64901521595764733
0.21401564607862394 0.60957029872147128
0.27250336065209035 0.31193280726938322
0.29872809282444918 0.37543991353809236
0.26335181995727991 0.80948939930797181
0.60006224190556878 0.36437121390005833
0.31149578012815554 0.46109239332984520
0.44030101791283660 0.35636296184132332
0.68996831439865247 0.30021564063016898
0.60272447917784722 0.68920462014370143
0.50210745577950922 0.45668692281262008
0.24511236380326698 0.56401081837673073
0.55741794027376179 0.44782432665891558
0.63718731856943855 0.51868218017368173
0.28475775441618378 0.77239772450322930
0.20542139814169905 0.67375812060263729
0.81404167021814200 0.31045403178196973
0.59398938627113262 0.44708204027115317
0.58697767604601847 0.33749712458516862
0.40078915028055234 0.65898722979944890
0.32091855819115189 0.51714713818476354
0.40651796698514286 0.85171260630978884
0.75616243440503927 0.61703891386266718
0.22954142694798088 0.52569438962722748
0.55264534727753123 0.17576117312721662
0.82140796925485138 0.37799296939706073
0.74357881972073614 0.50054157267112975
0.47730851348650727 0.27498360368028030
0.33792909519079839 0.31292107490104420
0.22158387496420087 0.68942046840024152
0.30514854971588706 0.41247460093740929
0.57373683514221585 0.73650960743404925
0.43457577938219127 0.55654021744385163
0.61495527408875605 0.65815519186399618
0.66416222684980752 0.61317126766084296
0.45635749598528053 0.57067256065025607
0.21865315676592595 0.46770239214942266
0.80332710941531904 0.24975169849527312
0.25939436504321706 0.32071589483104257
0.79432862860656173 0.42185486830106400
0.43527140204788817 0.83621921535640387
0.22900453267483289 0.46034869373134468
0.65050772125752920 0.23665268838485823
0.64179667967442156 0.39175975414079633
0.27447573334795089 0.32952352551705200
0.45083597463790004 0.61972323476925084
0.69205447511935125 0.40776523372673634
0.72734174243550653 0.63409718251363056
0.48257005020623711 0.37554603713010631
0.77729074573902168 0.24918683142444453
0.23418534946655456 0.75614039931260191
0.65430101582757993 0.16118937262314437
0.81880596955923057 0.26322361237402070
0.81395834265858524 0.32085760985417566
0.74457507706493464 0.57887138296574192
0.43662003638375702 0.26315307607392813
0.22294196928430465 0.41843063611235864
0.25231440854245690 0.51811136526611723
0.22605271441642555 0.80051142997701863
0.77289972231132809 0.25168374004405197
0.53313276065766346 0.24012758901590991
0.71610547312079309 0.37675763805977752
0.79266689741300111 0.26059209738990075
0.73242256915056059 0.28112728366744633
0.80182696133825959 0.56720190262064296
0.24861120712077447 0.35620263084119141
0.70566128405359674 0.14495561587509953
0.59027865530538370 0.17253732574383346
0.57582828602058689 0.13467827148778061
0.63964943425919252 0.56760305864674276
0.17173102739329107 0.58123889104428694
0.60848229216906335 0.16575913885329957
0.53854231074817993 0.18673447778187774
0.57543083471816303 0.72332064776960303
0.28289697527119761 0.51283006060129743
0.21516637318851606 0.56997316917197494
0.52296490846103849 0.83113032760688255
0.38209762808636705 0.73014835238704845
0.24047951739492857 0.82041925103236468
0.43965022367853934 0.57682757149781683
0.21993273130449909 0.75341285446714878
0.69983763664345999 0.18914475079369514
0.63152767375888907 0.75036771889323151
0.79844483667726962 0.31682646987617258
0.35269377536165680 0.47099069232239787
0.51420993167618412 0.21512525674328675
0.33827560312293237 0.24902732430081004
0.33002605146242647 0.51751913901948954
0.73258271655665486 0.27545191334747215
0.51467052571173744 0.75034698287566592
0.73328188131607996 0.42701193064728160
0.72459601156934172 0.18167964473844389
0.41799205767377345 0.35338143135771671
0.61799142060880841 0.63008451037118063
0.73053036455084563 0.52897755663479851
0.49880852675908971 0.25600848169700458
0.23184718855407527 0.37772462100239906
0.54583209440346514 0.20161973607500142
0.33465264383541204 0.29707352579481516
0.48915403399275403 0.21452763026242944
0.72305740759006210 0.67398601315308770
0.78871956111677133 0.53882227277662009
0.68298132358344432 0.69128828896982331
0.82275931295848181 0.37343146720475873
0.23489250727640815 0.50482949132574118
0.40302467317089097 0.85564860688427491
0.38156791969307108 0.30741015902931090
0.56444368732545136 0.82079060783802271
0.41335957275836133 0.26761438826902428
0.78132174680987698 0.25353422028877454
0.30716350978203583 0.64469949082936073
0.51214374751794800 0.60126367742283093
0.45964616208112508 0.77352775679648444
0.59968236003496156 0.26287441394795052
0.35186618279717813 0.82473623811450869
0.17089700158932702 0.49898104137034072
0.63388720055523318 0.17598292076520383
0.53143618687580385 0.16611414937333091
0.74367124772695670 0.41460739580770267
0.35968355965033216 0.51617108005218881
0.66839202379043838 0.60941395329330872
0.54667757056407440 0.18482795282895551
0.54244980450900837 0.69611149603465572
0.61793558915733093 0.25864289263184986
0.36008667322612903 0.67180605354747280
0.24482124420793611 0.45565923778435141
0.72062204625669302 0.52890029012649753
0.70260763306941476 0.16939840832700195
0.50645979432458921 0.46645854035035195
0.59780357715162380 0.76965995210638094
0.42628590040937975 0.23795386944320676
0.59658881313167222 0.38624596521191978
0.30623914620523818 0.52551050417963308
0.23011346372086630 0.54228534353169655
0.73211488647463530 0.17270249401641707
0.57336181737480130 0.42807537714930199
0.23054486692843906 0.73519409324109497
0.37606905627188097 0.45271920650272546
0.18588216140363903 0.50117214084429507
0.67223264520760195 0.15417918452243712
0.19737682816055679 0.53072130150319996
0.43018290887701555 0.71991638333085295
0.46282833277372459 0.56992477861974378
0.50583601800385747 0.53791183065136772
0.23933592801037831 0.52147866567452428
0.43051116001268036 0.50721676390989523
0.63756092731669978 0.28546218570746851
0.17714777553372110 0.66309556023932825
0.18114571142948616 0.66964617114930958
0.65139310677877904 0.52116283653087492
0.37519114288388089 0.23781036557328863
0.70295941297313136 0.68006271897749626
0.61209849062275790 0.68689896271564388
0.77340975539079626 0.35974118074549455
0.74053594551310997 0.52978392648523354
0.77405863388853524 0.32377000952603896
0.50246661385217339 0.16103615056106285
0.77438731577042497 0.29973378952209823
0.34699532353863505 0.63307364460396587
0.76434254160402748 0.56452276426535886
0.74156071000347668 0.64918903164749253
0.59383849781837394 0.69953643597671866
0.28159029596737883 0.35306562258785468
0.58667524805793014 0.17391181112770349
0.69902453620875804 0.69419939385982432
0.53137948666610157 0.78873115707127106
0.59469675466936467 0.54243729013052477
0.20774492325063698 0.80330160448207910
0.56130269851228909 0.53542438198639930
0.50987539403327942 0.34512213725027185
0.27286520581034251 0.34290755425132546
0.32057682083169281 0.26583191894572888
0.71810622887790043 0.46057179705447432
0.21501426307456284 0.65536087064020720
0.67328186043352423 0.39896543021602576
0.57984395993348570 0.13675441874796840
0.40929931540046099 0.83287016553344284
0.62943751963404826 0.43426999124986998
0.66146871601700308 0.48800511445882466
0.29863431301368848 0.47039141057524569
0.51688156698731635 0.58367384875661976
0.77003091867170215 0.51537834029129148
0.51433470402022152 0.57854506070099232
0.41413076068167898 0.83975270309235628
0.52311030629243360 0.16327614555693232
0.39207731893728309 0.50542267831548959
0.29637884697527372 0.27666640936062165
0.75031359293917943 0.13909397595192691
0.45366873584665368 0.54497801415027158
0.49029700236040374 0.57998595417884835
0.35149027928486759 0.23372059517884480
0.74539119450834201 0.21900629726234147
0.76773189526414598 0.39658407393875877
0.48972354139637325 0.63658530366437516
0.18844104182879962 0.58000225364061997
0.28091902904467519 0.54148446137353612
0.18947945697283566 0.64151054028455001
0.39397611984579817 0.64266644641876736
0.24838493189140512 0.46587973106185593
0.78574712055077867 0.18512505020159581
0.58395748668211023 0.17699734978894116
0.62948522714763244 0.21912123288143448
0.20516733698944428 0.77016943365267931
0.66222105516893004 0.53560753218213852
0.51313351555817699 0.82924677489238896
0.54847623782189847 0.81741085672958402
0.37217478656228031 0.65808980905552106
0.33046290471000178 0.50412906354052933
0.37470218881542838 0.24201445090408974
0.70442846397837844 0.69229448467544263
0.64865106147088047 0.28195167735060633
0.42172553456112594 0.74426986988213040
0.62644539137653621 0.16531700225925572
0.68872805816046967 0.17743161811232758
0.44503601119153574 0.43313198898651795
0.27505749376088695 0.37405568869410022
0.55849737832557245 0.36699470821981317
0.28356897042519880 0.50665379568548485
0.20916881703578039 0.56436165281316542
0.57037241846510833 0.15539044654753409
0.54323631971684905 0.49444758624682994
0.27002010786159292 0.79590562692841305
0.76315613705338248 0.18561370549347628
0.52301775776146808 0.73224775270099940
0.37143037216434582 0.71693961695015374
0.28673543867163082 0.57047188842474605
0.71280079242775374 0.27125532393325491
0.68965702652413363 0.22123459058024991
0.29574791692762226 0.41550811717661579
0.77218305041415469 0.56373023022586821
0.50536565656928023 0.64030652892930995
0.21378004705098066 0.55481280419818657
0.61010003260291901 0.45970233380793563
0.72300984756166553 0.64401575559653479
0.59940179267591531 0.13483140074295841
0.18222472716728005 0.56561165381106671
0.72653615753368395 0.15459624484969114
0.37071829150139540 0.59640242590003212
0.80422772195777092 0.54637581079736530
0.44336094316053770 0.79082335458457864
0.59669591292895752 0.34805198376335833
0.47738601898341537 0.65319254859655829
0.82228697153824692 0.40170332868223385
0.45965867048077663 0.50528382823370355
0.66495717067905291 0.25113487130295753
0.27374022584227997 0.80019790690444081
0.68438595514061329 0.17778543775725308
0.64712565036878233 0.49447208226057071
0.33727314933859770 0.68638673016756846
0.57390165319397446 0.64790019077039340
0.63676184633989608 0.16091120231726697
0.51450771006332408 0.77629104241349023
0.22197221851164473 0.46631697828823909
0.38340936888870303 0.52045793657418837
0.35289512617437335 0.56427713045197858
0.31873505086328546 0.76304557245033222
0.54934335114235133 0.59043673778243122
0.72737299455822768 0.51583998139283282
0.61534993126155213 0.50672795623812072
0.20493041724873468 0.55000776797657114
0.73950976587122441 0.60551783460330433
0.43837037710494176 0.18378204189945513
0.68040608024122018 0.72218781727965031
0.51714445909197604 0.43216581199117854
0.56660408505714477 0.77045729469436419
0.46927720322401445 0.46231707239199893
0.17854302199134034 0.54345046969342392
0.33119023964049188 0.48053618149805810
0.77536818731579260 0.44561822560348957
0.56302505824469606 0.27812735688915474
0.64546847863861800 0.71903594125654113
0.54174497416229284 0.67264857367317088
0.19675075072229545 0.74818134215198528
0.25094265080717459 0.40538449172951113
0.58464515245699211 0.12193456036196906
0.29225735671400332 0.40121230247442724
0.67765271079222344 0.42284803250361508
0.35490642025813096 0.28360229437007478
0.19980181888020693 0.54150320792881046
0.20826537843690757 0.56076995809979979
0.55157392789080983 0.43262742802937898
0.31353424488078196 0.66097404808687243
0.78284159667431630 0.50309009099432211
0.38036573735561668 0.68165502403546863
0.66767393832993482 0.51793117040928394
0.29767120335348390 0.85046583598009828
0.52807653975157187 0.68760232702864432
0.60950241478525757 0.29629249495298593
0.80584248076162779 0.42300560008688770
0.58621294141174707 0.68669550604921137
0.44839363345763800 0.78997823265472500
0.53766464748717446 0.14353007643559496
0.55752484367746646 0.18894903947513400
0.67100085269109011 0.31107901363768853
0.21038262333761706 0.49632763896643622
0.79679821646223026 0.26309799039451887
0.23772384484831593 0.58570094943725104
0.39861835128968442 0.84672349150855353
0.51444072250082362 0.60663985346800520
0.66053495034020493 0.74444923133348184
0.67663043234474807 0.48303529048201943
0.33813715262898802 0.85845939755063816
0.26366948711712351 0.71596107289511457
0.44605910472728694 0.68930387733485177
0.20233484590628031 0.57427067165196832
0.32061259580496831 0.38780049595048927
0.55430143531089171 0.23104516759900331
0.26910258278945814 0.38297338233365996
0.78734750377757878 0.59684081987484561
0.19187259358803377 0.68746388487957977
0.77232411951173696 0.40614039551785153
0.70863040052629389 0.56135725917544810
0.78070295567912373 0.38802759834974399
0.38141448148874268 0.40825602930239430
0.53719849310423473 0.76307841819326916
0.75104832190239146 0.40323178106293311
0.39869921884311965 0.78539646498874638
0.58793462634410765 0.16952729479980636
0.43837479600192381 0.19270538639761708
0.31381532945164270 0.46630957223283415
0.60711854382984476 0.73625135987409784
0.42280311909394569 0.60413531019924904
0.38076153663835188 0.73558434903085246
0.45697633728611603 0.30635605871634308
0.34634689847651240 0.58479929561242183
0.24787226158280101 0.48012758592895743
0.58992153172402961 0.66566826324690709
0.43071309887908349 0.58353132440139066
0.65116023844829451 0.14056325692627247
0.54533700750370373 0.26547442984215125
0.60983235823208615 0.64017983433290215
0.66527541581454286 0.48432235797185563
0.19561103043190359 0.68888180878923144
0.49667523874755531 0.38093008260482963
0.66376196527200226 0.67450574359264959
0.70749512669661940 0.63576101857268519
0.63856831861335073 0.23020390778018524
0.72052232480581013 0.59098493914730932
0.68881707919633073 0.33732116261982048
0.27404158817320257 0.76378850296197132
0.51951275137254971 0.77333759891828235
0.36315459106924913 0.33682550390432753
0.42903202815653130 0.44998331340265241
0.45691454312612612 0.65490518556951449
0.77666527367099181 0.14796238744249002
0.57008669736083772 0.51535623152838961
0.37211050229336512 0.40657231294021234
0.63451739568304089 0.35571502160790103
0.28193157824084825 0.48798973916064170
0.41971443471357328 0.87427982915241720
0.23804462875985422 0.62932339903747225
0.60924813404978262 0.67720370609177283
0.67737815063178619 0.13654481291262616
0.80932918518147323 0.42054992252134549
0.66030094595712452 0.21731624144977635
0.22405070081194262 0.80892452848969287
0.54520964590284415 0.27369649188285539
0.28404733904108098 0.31792613518125007
0.72490624761017397 0.23929522085175181
0.64194714737798586 0.16876686816799072
0.71567949637841166 0.66969152457659142
0.47616564846202036 0.53669470380870132
0.38061374730743919 0.50459993247635726
0.72046752479973208 0.50821488249919033
0.32179286189575390 0.87868452639481220
0.16945961190879644 0.72342299783207464
0.31193227378131316 0.29099694187913028
0.57920989366773923 0.56813416372127756
0.41022050804912952 0.19028722254304553
0.80042280254768505 0.42968516658974742
0.69691131452391819 0.46512119504171606
0.20207689253089714 0.58365709897546836
0.74451793008161415 0.30248652665923381
0.29250311763640829 0.64288103170932409
0.83937294649083838 0.32214869571499272
0.75713472693078088 0.14399344058383820
0.49755004719494439 0.63061374960873762
0.63673880122951476 0.32851946162529733
0.46636042918266341 0.21823471900641445
0.66407814570562174 0.13759604358693586
0.27777831017951138 0.59835909828503830
0.33626542353378985 0.41806054599365905
0.32464436495267118 0.45307120391994432
0.33782882342157788 0.76988115316732708
0.52952090171218269 0.81431440013295409
0.21730737021352292 0.74600690348577925
0.47271857827023478 0.23105516619854083
0.19548735594760286 0.44380824923204276
0.54288123399975041 0.14286131513077044
0.74540381655662069 0.49590689712420644
0.70832750508933051 0.54732692196334576
0.41881755638089341 0.28822751728930684
0.21792319120572889 0.52961878751908265
0.44090414951880158 0.16955262378408889
0.59981263033672594 0.71842859612864940
0.79173837683451187 0.22147401607621253
0.25812076928221700 0.41029886585568498
0.67297492484776855 0.13703405974049401
0.52285938981141278 0.55962162648339908
0.50156808779313955 0.80922611544388312
0.63161760419894786 0.68157799032888455
0.15957253325024873 0.62419421277641929
0.53767939158695732 0.77729404128824298
0.26140758722721574 0.57447761276843068
0.20937383135148852 0.64602803014488419
0.26960140345047068 0.79107256741846133
0.61089893403417439 0.54112173435956168
0.21940889687798959 0.70022803544262091
0.51770751129868631 0.49719074088565801
0.53430695934634520 0.80389544972444749
0.80833301042068895 0.46945159610997128
0.57778907133558755 0.18338682581796245
0.59404570180278959 0.14899505596373092
0.69957852884062977 0.22279390021526749
0.18678901901650602 0.72114221633788866
0.62271639419567459 0.17864842098789294
0.65580121686217763 0.14945312689072932
0.52772948785730422 0.14283980556681042
0.62656585700336953 0.68116519004073273
0.46057756585893506 0.40709745038509670
0.25540948397537139 0.42159414995160105
0.66504446125864081 0.25719845595139490
0.67375564689496192 0.31576914999025779
0.30908052846144740 0.81098078351860592
0.58373178361990785 0.19000940207560160
0.64513511224890729 0.32121982628745976
0.48276598056478370 0.14970079853381046
0.65854617691873119 0.49306313812395697
0.34190074583948193 0.37700795483696570
0.66202807077710291 0.38852391079388121
0.37533606793965579 0.80336640822244576
0.33091846593551272 0.77113056249812217
0.52702028920254218 0.41224568669097139
0.39306770545737169 0.39180162731536505
0.37837413889821891 0.24374132082172423
0.56454143683503499 0.70774268331554790
0.24413855850088165 0.52191925584285259
0.24809897787757573 0.81205072494495711
0.81923285147597480 0.46004663224904896
0.73495348235314228 0.57128090467003956
0.47004520779530812 0.67373798485308889
0.46430181893050515 0.63005307929417498
0.68427042155242623 0.59484616011837055
0.41230318647169667 0.33899222776668997
0.53475932007892790 0.51153262626000662
0.49457881383273655 0.79633554529307493
0.64788651515128248 0.34582854292382537
0.56838763807520831 0.28755765624698681
0.47852493058020562 0.66495895438643249
0.31686208120449072 0.30144375620388564
0.52009584920745211 0.26578976040780888
0.25160659873969088 0.44045680194117276
0.78490760858202846 0.47174541114588309
0.51905444971164738 0.77808674077300610
0.48794644420850242 0.17557684333503965
0.23338294598909343 0.78806869088472276
0.61125225355742629 0.51615515671065471
0.48570276328796474 0.59648686392652395
0.68278988191710799 0.44283685010543128
0.49507922643799873 0.19868959686763438
0.67327891908783433 0.18546195733307094
0.32125998099349512 0.74332240068771505
0.43930892739031635 0.19687974955101722
0.53619440457334799 0.80799518909546830
0.33622318576549381 0.26621485194919847
0.50106402967571328 0.52809928243144799
0.60623736217706425 0.79614133293192435
0.76793189844139553 0.37251535287651177
0.20099088820945055 0.73372895390583370
0.57241127592497265 0.61549879432485899
0.59061584733163097 0.26845403707057847
0.70569858996810331 0.21557308859829388
0.45974630106731162 0.32903230986467624
0.69987066447073198 0.18460441707927061
0.25105666174693719 0.72147738186346322
0.73634037889273274 0.17336899261201155
0.67944361536259779 0.15358982505620905
0.64726855066289146 0.18987766648250909
0.35826018889314765 0.81777586314879536
0.66312086305504947 0.54072319680050984
0.50734125492971494 0.68377534546534691
0.76746054252759044 0.57723580069465807
0.73884156644039933 0.37496596917035085
0.59556616993985578 0.14147948707068386
0.77224897896039846 0.53574903147543418
0.53389090920626403 0.75435763876793582
0.53186078149817728 0.49467473731388273
0.35503828484441519 0.87413899264841732
0.56425428419850998 0.63121294771638614
0.54784289935666142 0.14415047540399423
0.49781432293629441 0.65601174810045870
0.46991076210631033 0.83299688817673534
0.27790803931476515 0.47646568592557015
0.43956784113943220 0.80044066471737629
0.72821517543360381 0.29559639413776817
0.47030437524573965 0.25424438064620847
0.17246077612652960 0.53023240228006530
0.71587845584847554 0.69769957186420251
0.67570627526289029 0.16085253557523213
0.30896328782026572 0.29448171313116644
0.72293548955314724 0.58384013013805591
0.34196439799839934 0.36703744479672940
0.31504408147666185 0.47294494106921348
0.81664669923079380 0.45060931777370988
0.73755348030688117 0.32643021491623581
0.34821219936297432 0.27071178926031525
0.49862136524856282 0.55423689448318814
0.41542925941688524 0.47729800125459598
0.71747407128831853 0.13068450668812873
0.33477474311539118 0.27367928682648957
0.24849437251708986 0.63018708290858405
0.18018671116519241 0.57575341740154551
0.47796795977618328 0.76527042329198181
0.60477296683897297 0.30759150949403824
0.29262141547742287 0.58704064228220820
0.46306435122114098 0.68209997123972532
0.74820965842727061 0.21121724403902212
0.42284605441709888 0.84341583422592326
0.18949278060092656 0.59278098759879572
0.59682275134642926 0.67431096836402737
0.28521578968201278 0.81665502478713403
0.83389841234518802 0.27983959517446089
0.32532358785405863 0.78267331261521778
0.34567797718070270 0.69424971039364736
0.26726005311534834 0.41960249406555195
0.46308965147197467 0.87218370536515233
0.58554839049961249 0.62988269811127018
0.29984855856457682 0.56123399653567163
0.63798700233863537 0.30131040675818566
0.60005122435735903 0.48540348999929228
0.24631088621877986 0.32749203084411416
0.33743454116070859 0.55748675178015972
0.41743865974922328 0.25204205208514496
0.59980335064976198 0.40940445897088767
0.55428057050906177 0.33634366738089660
0.60671102879026428 0.57356356980932155
0.23057889894372452 0.49767330551555067
0.74999310142469355 0.50484762055412047
0.19808614413182918 0.50121832640622466
0.59963806124819852 0.76605074987232391
0.66692645561690234 0.71744147482467258
0.37212910996881932 0.22298144139033821
0.32741238483710589 0.46689100107824166
0.27826487645794684 0.66841353755630584
0.48255480326727984 0.75086680424636310
0.62899979889547031 0.27737603758119511
0.57283933045694146 0.47749701302076597
0.72895308543450255 0.16584922856447665
0.40249960065169726 0.57126276559989098
0.63252719575865435 0.14808211619322131
0.36491406796111386 0.29133904651452014
0.43979617079927458 0.73635276025224750
0.48955739171860890 0.47269732344287319
0.44437744819152036 0.59739076667564128
0.20120491619974770 0.76702339337596837
0.45210466996306409 0.69666321882986693
0.43897427209476125 0.25841271568913782
0.77192676003810112 0.22269844573436332
0.55455131038235073 0.75462744677530513
0.47457602687591005 0.38668840076234112
0.45573731179658572 0.37124538064717211
0.63745214197450384 0.46081166847910909
0.19932261143441765 0.59492554525635510
0.43993751018838567 0.68843081436037212
0.71861363896924235 0.16796700870571404
0.52466782879489648 0.81324673780613321
0.30825663458175834 0.32791793740065506
0.21258092016329788 0.69212891479364835
0.21774481065043033 0.47940933360509363
0.62999435766483902 0.60769639395852781
0.41284354679217211 0.87164280326379073
0.40013160836831241 0.20670868862195352
0.24683512340253805 0.41303464722206057
0.56130652985987506 0.47204295770620980
0.35190794049190022 0.80937161493506138
0.17759436060840439 0.65856271644984210
0.67665491932816968 0.72791058353503613
0.67455445242132317 0.25217667094354940
0.43463144856707397 0.69118422639616250
0.37879529997211137 0.44220484439597652
0.58901681668984729 0.50660415119753088
0.51616339298241476 0.27744016359446655
0.54165757813455917 0.63619755408472756
0.69870472524094673 0.37419759564765959
0.17355451645005618 0.64468692256296822
0.35059161426153806 0.41185144534918933
0.63778550144339519 0.36556726164830194
0.69713623932317459 0.40899713170526730
0.45346431545489480 0.47007119161438993
0.36284221166206265 0.25628847041980762
0.19963315046388580 0.57658625439795363
0.53184965070478163 0.26248411888972545
0.35442567936597658 0.41831951762596981
0.48349617846858906 0.63712769587237217
0.19554516587766019 0.70596304721411540
0.50799998592682327 0.55982924802985790
0.74164908284478859 0.15029856298182140
0.57256393560588914 0.21382070841273898
0.81016473391678123 0.43772418491158760
0.31953579280055477 0.64537142225454702
0.61088931127306234 0.61479889283186651
0.60154726695682115 0.75047011839142574
0.46829822113164465 0.86341196743065396
0.75308229314622288 0.21282987975192819
0.47446319807457021 0.48843300826505309
0.75952220722062491 0.27706521575526810
0.32198032825501810 0.32035439295180523
0.38452960419327120 0.77597923507618738
0.48880934795016395 0.20966595285054801
0.23098659904029134 0.49332272354392570
0.56236958486247035 0.72486159610124612
0.32628810565978289 0.86417100053986995
0.73741744843721979 0.65178817953712309
0.57842626638465411 0.20485973904715671
0.47681432183455552 0.37484809950660686
0.21319440435334580 0.70926039114248740
0.37045716912370552 0.46263160652916813
0.72323249245159249 0.64814747741721002
0.63524329053220518 0.29097731775121938
0.78726467597007188 0.20047756489186069
0.24023152672611853 0.59525131945604748
0.35915335620279515 0.45547321431490212
0.37787669688861741 0.64206926532399000
0.62999245497771239 0.23721357071626903
0.70573322804658967 0.65369305859376781
0.65655742777293047 0.41822157959990935
0.79810600472974547 0.49153516970954519
0.67306620462130895 0.58444299024770130
0.42599082015121242 0.51608500302500526
0.33470646307799468 0.64885548025399631
0.57718182905173121 0.21755858295778510
0.63981382637570428 0.59504374084196465
0.51506077869510514 0.65601318660977570
0.34354588582945145 0.76231220835385827
0.41120709212515794 0.62008237902902019
0.50108886442028633 0.74427626730008045
0.57843360870672023 0.35628726464668814
0.46218111082757735 0.77835461715883381
0.60481340889910506 0.42061132392791856
0.17588848643977073 0.50489971318524052
0.26469214716087885 0.74856722560497913
0.32259204504154454 0.37202749621312059
0.61612923465018832 0.14696219878209904
0.43675677834954707 0.32541323403318073
0.42420854617309545 0.23475832151542186
0.66713328401614724 0.16966766766917479
0.40193697158508301 0.57867841980192369
0.43309943920301808 0.66644635234728100
0.56599463563553176 0.17284211724684062
0.32016016793425484 0.72757070555574510
0.21011500993529064 0.46615681387430935
0.76762195627067809 0.58962606881686352
0.72830661151135789 0.25669580919981111
0.23637144538912952 0.79555390521761127
0.39218898792936946 0.82076981328165854
0.74543108473622044 0.59868086079028104
0.27593948120231104 0.43163406500515122
0.54684685849076820 0.27968211706327206
0.64659141145918486 0.57568227561335317
0.71789802456276530 0.28592681854422752
0.69883717379406474 0.68646053908471427
0.66882701911711895 0.27310898484784929
0.33781069055115853 0.65825869950705529
0.20655630082595511 0.53786721279992888
0.19130127796391808 0.76601588638157447
0.44470325782363052 0.80093692967896213
0.43588684422198254 0.31941847514453270
0.20514414709834716 0.58551347542028054
0.60884810243642828 0.63508454396815395
0.70930419397074307 0.17251241815353593
0.41989674225191120 0.71795325968435109
0.31937984544033837 0.32352257644860544
0.63081654124447095 0.31645865240501042
0.68967350282376971 0.45642615162750638
0.27662537876526727 0.45014169915111080
0.76091967734769561 0.57913921699308313
0.29543239939529842 0.45923971080584369
0.70070964135429525 0.69031610310511504
0.53454760614542662 0.67127541092720755
0.28318671683646429 0.60736079063562376
0.34375703078387443 0.82845313115111896
0.37770992367371786 0.27847828547134312
0.49774441721374135 0.84029435378240147
0.40498321612346261 0.74852737816989001
0.70027967503408828 0.19351579083716844
0.41422102898424407 0.42788033656242619
0.31427671468770541 0.83302648804796298
0.72078653733660381 0.17512480713309622
0.51695765688269291 0.16814457103899089
0.68499717772333057 0.19986407016695998
0.25028691111236601 0.67588178995936599
0.78039739465433589 0.40310176887969673
0.61720673435108053 0.19103414147612144
0.62157321236116525 0.62489701816212651
0.69151221730609480 0.63875010498121110
0.53562760366833029 0.37765079105630606
0.41326249636049145 0.34860678628265118
0.45352763146662578 0.67546749490432445
0.44301811353281040 0.81523214255877685
0.29872106527325409 0.70917185808956340
0.69654093546168161 0.53584416571965532
0.44063537280850046 0.18912952576095657
0.75093974385782014 0.55947798580232433
0.22285940549127517 0.43402789033734629
0.26812304347851457 0.49442383215243446
0.32026730855152363 0.77800122632537483
0.57431090405549767 0.16565931149840335
0.37687054097852168 0.25822980260764927
0.18426871852021209 0.55796344327961889
0.24073256389365394 0.75394402509647362
0.48599092868559401 0.24008884373427400
0.23043394416440316 0.68232298465495989
0.26933383642679448 0.82411401739927581
0.47443976554733391 0.52223985720073873
0.63240329457288946 0.26650134700533878
0.37474314710031009 0.76898295373613046
0.45040068889639545 0.63678619090365263
0.59922474419292493 0.54527141049186212
0.29869538143015623 0.50701539819636676
0.81780978038878482 0.40210933573404950
0.37608872496221413 0.82644148477861823
0.51365896610048511 0.20182410557765601
0.57169710676302921 0.67311780550795564
0.48130577244809536 0.77575348384152187
0.28916810320377762 0.42915374939561579
0.30260418233477243 0.36811196018598624
0.54512563911942291 0.23286988473512840
0.39786492850750144 0.59482983928278643
0.30425499197233163 0.43602218600730641
0.59548108592150872 0.61058495835468074
0.19422036616019656 0.52792794315788139
0.85018280860567286 0.41106471154337521
0.23963662064977145 0.56417266643923292
0.61043895909622226 0.42061107933708597
0.80696440352810184 0.40921258793383930
0.47640750460262066 0.22788861996750986
0.30875215556169816 0.57522837284636696
0.46283109725525301 0.28903321331592507
0.19008438848698717 0.54329192163818452
0.63175140582621425 0.51630318202910086
0.36094384885957692 0.26316693816111558
0.59337525905018396 0.67006858039539474
0.32672227802740950 0.31432984858764890
0.32254822306423614 0.79239028799763478
0.25823163734417709 0.42992310092685654
0.49154990795165282 0.38357938681597492
0.62631927827702083 0.61821601249675195
0.70429633855950247 0.39454039413959269
0.39994155229878503 0.24371712305359283
0.22059203964065954 0.51721871960542398
0.35823586675474411 0.57826385033539929
0.63802545578576553 0.11081791293328599
0.32000937647487704 0.78310709525445987
0.42685615089791057 0.23212955408665242
0.28066971630894966 0.40277123964805439
0.25538467641291385 0.83167819666781428
0.73541219562570759 0.54402707226125668
0.27286685531235366 0.39361954852167536
0.77553354779924666 0.30932801682505912
0.54590765104585159 0.29037585167104851
0.51582467072196569 0.44382426478566900
0.54105154447485970 0.20306324267694992
0.18927402440335361 0.65693162476049249
0.36184965939985553 0.65220061741484603
0.58098882074088154 0.33827409907502826
0.50626667978950968 0.38287858983453466
0.42303887957444619 0.28503502374748013
0.37777211418170525 0.66097249258945001
0.29016566844997971 0.29560789017047107
0.67528295237222258 0.68239404528519798
0.52213653456872922 0.56939890618401789
0.79992723821180345 0.36021210805156101
0.34801823972756024 0.37644830932534090
0.58468059750454127 0.30201333718080814
0.62406330482828842 0.60637682229840772
0.63338022934586702 0.34153062669597217
0.80501739122604310 0.29646273903729409
0.22656344754252872 0.65290755345775930
0.70064325665854676 0.44753166114021381
0.25767357489996140 0.67096744182206058
0.62160319681151865 0.44008426043754328
0.52530479440401279 0.71547303177558741
0.36453110064365346 0.59824194810404852
0.61010344900576730 0.39323721705884007
0.39326891674047237 0.43281721926951305
0.73248873571817308 0.34415900079630934
0.71095997515578180 0.69948826298523104
0.29605656646774287 0.48635436570950819
0.21936498618180092 0.40590134415050749
0.79547412134679907 0.56597387314512082
0.74816259225793047 0.52370002016446859
0.58793987272155246 0.41897371543104783
0.31508884819479815 0.49670738152802990
0.45805248800972620 0.18794877252964975
0.61319063660005746 0.16577712945615652
0.62070561587871509 0.23721965556725613
0.43355423704257556 0.82755896679679264
0.69840174204104111 0.49939185996667473
0.44742904855461840 0.17842043408766939
0.29581527162492904 0.35450684498183527
0.26916474060454593 0.39592237641778572
0.50027737837438557 0.76293894758859582
0.24559336229285977 0.41658199284887198
0.30971916138891686 0.55612729396273108
0.65188972205446338 0.77693856796140937
0.72427031414478871 0.24423097927618714
0.24079616458905864 0.38524312806785721
0.70026143334416080 0.66833359864534414
0.67187950504372296 0.23244389507785951
0.44203925332487237 0.25440762313183085
0.66189144038706427 0.39386697089495609
0.83237631883280649 0.40414177058901563
0.20831809198166479 0.58324668472760455
0.74253852013427235 0.19739098240339439
0.74064186698397716 0.62112238410094223
0.47524925711666932 0.14721351059798343
0.61617770573868569 0.62529618795893149
0.36986357455596330 0.64386126782124209
0.65868086214431076 0.34642267219039524
0.51034187446296320 0.28894069077794715
0.67891319059901267 0.56496223610648699
0.42129057885595100 0.61417488889684968
0.26703176939527878 0.31198052904877022
0.20618625091680423 0.72610755803837546
0.50700654727436756 0.22239481392749200
0.51077068368271572 0.13931507075042265
0.59765494014242515 0.59163650702294102
0.73155008277658795 0.53886447870380183
0.78976457961488422 0.43017730769308754
0.77401947064854115 0.41152532647577417
0.38712207614364769 0.80855917598197913
0.25893034356554007 0.42581779958436694
0.56002754027368817 0.39218974064508705
0.53506924080474993 0.17514142561315774
0.64081430591198374 0.25460947954598578
0.68711128437169111 0.69814585521534911
0.65926832990551087 0.56953214478652314
0.48890999840147487 0.43092811944917797
0.59732636504038439 0.52067560120361622
0.68039735103439969 0.67209721698363067
0.46148325587028438 0.65909005961534006
0.67623195737819097 0.60135535334296930
0.62111885251699828 0.28352557155566105
0.65133690722572157 0.62939272596954177
0.79156993800432551 0.37444180354325335
0.69002305846028111 0.15739139349763165
0.22043197082670357 0.39588395978103452
0.59987592471410034 0.65327336528300106
0.42526690738948991 0.65815874166820354
0.65672793014925590 0.65866595949081352
0.51196804785553940 0.70576710299282885
0.77498737392387052 0.28459433251035982
0.48665161765457993 0.27934727920263092
0.49986856744541469 0.20388391418298069
0.63214310704023557 0.72023930999113839
0.58116215273822325 0.32050287468578353
0.77667290420270318 0.47199931816845186
0.28682325418296484 0.32160512143992087
0.33432189921199151 0.30549114251651893
0.22662553451526385 0.46857258226710341
0.72573819259878869 0.20173306182090717
0.34696399827312718 0.57911933970992435
0.84606903210090945 0.32081797665100653
0.70630331641369415 0.68282399169033658
0.42743718903590555 0.84719511659633950
0.72819383175096175 0.35434103208294837
0.27831533133206376 0.35144688758511983
0.21635911452420309 0.78250229786695402
0.25929273458895430 0.68273561055522136
0.82541006383444238 0.31872670582023460
0.44327966020727844 0.26145774783528547
0.74595328925579674 0.16652349883376796
0.55014323734989601 0.20533061913612977
0.50788545308180177 0.28404253050977080
0.77521027701767542 0.33893761181901028
0.79904732014921154 0.25215975026355891
0.50229806748780070 0.18519668690615101
0.68793046248521184 0.75312565018319333
0.59083726693641703 0.15098873260789616
0.27566908578815669 0.43632783041169804
0.19400051167061588 0.49922246355490452
0.33518267204880636 0.25270006693608416
0.49034563662457309 0.19361575722467611
0.79482334626183904 0.46373480103156739
0.34757898157783684 0.54255583610955815
0.36285635954293061 0.36978857650062508
0.72303057598415510 0.59996204257050012
0.77733057650206416 0.37369578902118034
0.41367064014136329 0.20498359580443237
0.62252198601276221 0.67173504908807957
0.43955196261174090 0.16141503839023252
0.40176688365384428 0.28758697063826932
0.72311554002711009 0.56546049149730826
0.63075628944342244 0.66677550960935794
0.50402291755445927 0.50014622527751396
0.25939772491408919 0.82911340077498097
0.59224856302665774 0.17588626896788373
0.68827096116131958 0.13996513419818674
0.56071847021191690 0.76296677282519509
0.43015027279485990 0.79440403746418720
0.39423221831373667 0.78169798852181860
0.54541704834301319 0.66902649285038263
0.16820699636730074 0.70924593507889733
0.23013030438815896 0.43473339056334526
0.48515674608300807 0.70712767721578385
0.34523391782487545 0.73504269570995195
0.64021354195836966 0.32413349299422767
0.81155287780537266 0.42435224337160676
0.23782967629359675 0.71617007585591752
0.83309731619128569 0.45528706021003928
0.27723375254551497 0.81619521838863529
0.73934796799975033 0.61719769699301175
0.64021010959881963 0.75203866938324249
0.25876230898210117 0.51032830537182972
0.35317077542532793 0.30562665904762004
0.42559926905365741 0.75283715992872990
0.53330378242622545 0.28451904583066123
0.24445557850917266 0.81405340489216393
0.53699935169807655 0.74022063058659149
0.84181249830645455 0.37640508977860887
0.82886058926479245 0.43598871725381466
0.57348484826320156 0.37466442845272174
0.60147038247771167 0.27044165733716291
0.60643322136355082 0.26046470295133917
0.35964005973840851 0.69915580501504526
0.66293264510067562 0.14141930029110031
0.41480913505861677 0.27846650881174684
0.22378988061127927 0.57917283158841393
0.55650705352775920 0.77237916230805026
0.39103885872959576 0.55444904100928161
0.30802400860819090 0.35605609952436545
0.74889243086219359 0.56688135537154294
0.58762789999987541 0.63987851467208468
0.37117367517886463 0.85940758003393214
0.27816411088711540 0.73981574737304312
0.65793902735961218 0.35783748847601210
0.44903475148282224 0.60863611544405438
0.63189951677992429 0.30942435061186335
0.38947096814363114 0.53453664790934086
0.59362457454737594 0.35958458452676212
0.50145517117369509 0.67225650677389837
0.25599094359180063 0.34296286881336813
0.49231783149970121 0.56486113673417371
0.41619614287336915 0.85538036114691096
0.44078649380580576 0.78262772952702120
0.25179221418487513 0.37043309622146670
0.54805974092854881 0.18059153771358105
0.67400693951088475 0.22189270959379553
0.71170852085770830 0.66841395999384035
0.76833409314206869 0.35706728309232927
0.21859745557423271 0.47542868035227248
0.47731556962730293 0.51416595130147247
0.46553105608164930 0.22630671012167106
0.60225528796973893 0.73686331836752395
0.30275563021978580 0.81644040284686614
0.20818739928326413 0.63047930622916959
0.40731884399175311 0.41193764304731839
0.50480418289418116 0.64556377081569249
0.74262725658726414 0.26442479467582602
0.26150036342283278 0.71118024606081054
0.57874805874642998 0.26920843470833566
0.64044012919814453 0.65438415434947483
0.78510291975397462 0.56409891412375046
0.58225984053015511 0.53293422070207530
0.24715978660596233 0.39509534240441035
0.22558072622007913 0.52706954020195962
0.69144344099816835 0.24077643844263968
0.23431070381960178 0.45550515130349489
0.77498433440829262 0.28958001873479283
0.25844490597081032 0.49517220957116570
0.56879624028167708 0.23635636430950627
0.70591818169435139 0.29670704898208899
0.77553222566269098 0.22508534004426339
0.71195598324902964 0.57483030322664685
0.60852606483740745 0.77567470172943731
0.80039572288355088 0.21871446315215720
0.76756089813480677 0.65028533289402601
0.34224353114674266 0.48504614012225039
0.33196384958647523 0.33394258105105218
0.16911638983623606 0.67954306453132096
0.79170259133825938 0.20256870771814678
0.77763681528573780 0.35360980895906075
0.65114211733993688 0.15880396770777055
0.53343103808964509 0.46180273686884865
0.67788485162706569 0.53580321414464305
0.53655448069580247 0.29657716315648930
0.33691887120217390 0.27794162908320019
0.51917845553190911 0.32054721449596807
0.64405909089826563 0.13868790222126740
0.27506878707796401 0.85491873041493671
0.49310862776151054 0.21091917141735966
0.83575747298618253 0.51452452706222918
0.46981776723096769 0.48564422784166689
0.38683220925903622 0.32940334506516067
0.23519411385241018 0.80016817057205625
0.61008361229630725 0.14185377747506450
0.36480263242500588 0.33176142235431261
0.27542145462579354 0.38254366725964106
0.76555512398646341 0.46778559318040519
0.64976617564252714 0.70408675473696958
0.35120858372790803 0.26835694572026442
0.74989767822794340 0.31614305972408463
0.51403337174270747 0.79504826060491651
0.25013721058814042 0.65586728776369152
0.35805678198404878 0.24333157113963499
0.66513589070890200 0.64219998834150682
0.30899419623604285 0.32065913657943246
0.59648269240973595 0.75557879958918783
0.24704002412196582 0.78555181474699476
0.28674464980743175 0.71749334815033006
0.28963836006458188 0.75093434515688640
0.69412996376360625 0.59383550414914699
0.24057670473386039 0.73782446682346348
0.77034578554260780 0.41571980633582495
0.56918987083280370 0.17964838565385458
0.75788692495446919 0.57033839478974724
0.78719057612038701 0.55563129597562544
0.26186676578225743 0.33133487808164974
0.19618970537659836 0.49191678750187906
0.67015820831431117 0.59395093456421022
0.67818096600374700 0.33910746413406240
0.67934817043294571 0.15722993767368396
0.31287360374098294 0.31426327555231326
0.54613443725266464 0.16620016763636297
0.28819221373089010 0.50979547033316441
0.75356472482563386 0.36118824616163836
0.21701202361742103 0.41160647736388201
0.57460152882424020 0.38319132825080837
0.59609805936542382 0.73312660964453935
0.56441207131686566 0.33196614781348160
0.33856749112990620 0.29236563573513008
0.21717975921269783 0.77206557884062788
0.49389414425877343 0.64128391310775401
0.40471613951025265 0.24869106213211348
0.51619908862428532 0.64424038419402840
0.70848901742663450 0.36321958868963555
0.55027075577841456 0.40535997665842172
0.21056744417874812 0.55650999003314305
0.78734469562666842 0.36029510376865403
0.68740020536939783 0.27644458898227109
0.21714071458987766 0.55329489462357717
0.44171289359362925 0.57080558295845552
0.47431251703745120 0.16889061682765766
0.34160148391439527 0.70572448014295119
0.49100747802953665 0.55503397036277147
0.26066175671817404 0.84567734414453999
0.36604809146674683 0.37976735977733084
0.66747372547161032 0.39837284257028949
0.66893327166442829 0.63904751320149544
0.33329133000394129 0.27712269039205051
0.50838052875102391 0.78945741683021309
0.19928013119045496 0.63910982466156085
0.28173668044154498 0.41364870600704950
0.61441222174217236 0.63460859726837737
0.52098757198741252 0.23082463740876580
0.67216790478680100 0.15784700024743054
0.59929108427141475 0.35874989667695290
0.36500031148009737 0.77375173613315484
0.27783535337912268 0.63250885315083838
0.30016622055373976 0.77612335508410912
0.37346717420163178 0.58333173051007048
0.32943723369111305 0.26776866994901916
0.65403995204307996 0.70407500888745755
0.56522116956841340 0.48892863661254227
0.53891379112780402 0.28443842538911834
0.58330111962895481 0.81040152083033012
0.45928676686213638 0.74732203732818903
0.61449132460069866 0.24771315950465214
0.46634617797564670 0.27361548666185109
0.73828804737410825 0.52491639817808367
0.22959657632317204 0.60923185674232017
0.81856311094708145 0.27321131150599615
0.62946929412915287 0.76285557600258902
0.38204216565941718 0.24188966118926650
0.33903869492064098 0.60612057006219433
0.30395333011393066 0.47079838540247781
0.22276181823479096 0.79241717182311744
0.57509846362175621 0.76048723219537018
0.20688283319567236 0.63915878079051114
0.72270665080190777 0.45103298139554343
0.45442778304763892 0.25526754881616509
0.65987024061999933 0.25884125143715908
0.77748548185802679 0.53513489593028285
0.55168800382315530 0.36975703288629186
0.50610390528511739 0.74320645027348242
0.34882292824773270 0.25609226436492699
0.28796492384369810 0.67357310680748006
0.32408962381316275 0.30107091184132151
0.22233668221684860 0.62222288994697694
0.70746131137095247 0.66698717365667959
0.76623685546934672 0.57285292334252313
0.29301852305825093 0.34835356593787126
0.64129694702263662 0.76178882701750306
0.68393694475769362 0.11884709038765946
0.57451726840771766 0.77275029324359479
0.22305662647850757 0.45869343258394940
0.42195946604885248 0.23184275732991436
0.70770612193849347 0.41365373364024904
0.62009134488769169 0.63490937628242416
0.56646507384644429 0.20237442402679820
0.31587573881185366 0.32966717917866029
0.27816323899073703 0.51584836265844003
0.54389713632697378 0.62558801350286641
0.54528836507047806 0.53822582449081835
0.55028186016800473 0.78132553526953630
0.21711157018273658 0.51902028940348999
0.49248540942000973 0.65718876125524639
0.61333077969473981 0.31512218427980798
0.57105536920275701 0.45922386416807426
0.41842706337194313 0.50137801639899293
0.60554786646518766 0.76353155285985186
0.60224650943986735 0.18898609315810116
0.59076943292589457 0.72419854215670609
0.27027810185479445 0.40585891786067430
0.58391330877782077 0.25784867027638053
0.73348622037867717 0.24908242792034718
0.58673208323380988 0.64983819451944291
0.71288309113514647 0.22768397956844794
0.41779627791730389 0.22219123963014734
0.28667659063674616 0.45162190475513897
0.44194719333975885 0.20135183082969471
0.60991022129124284 0.20408413786127338
0.19830412040152337 0.68599426368606553
0.42940319766227747 0.21525953630085681
0.72179847092275662 0.41651043822449796
0.29190806607857722 0.52797048944387104
0.75315642215270073 0.35045083760905693
0.66833522561728320 0.68714246610013618
0.57877330373618174 0.31290162956129997
0.51782108856628128 0.79198328643695304
0.57929321188057203 0.64652843250152392
0.65804232653337913 0.34056104674342513
0.45342730906361234 0.70922556624302369
0.65097551028215572 0.61764293506311618
0.74175824515728750 0.65932373925562349
0.71435403519011609 0.32313493719775344
0.16048933297294041 0.66192520569215185
0.48963931130870697 0.79679080350622278
0.37839679601105713 0.34830313619152925
0.58522522711857228 0.37086023415248925
0.54258218026392324 0.43926820818383649
0.55921907387494885 0.16862124496689873
0.43607496126500678 0.58124827939990631
0.52552328156983097 0.53261730548846997
0.63569895957066413 0.71169526003597738
0.56948858906398292 0.18430577883491467
0.78746203524126401 0.48238730114901679
0.25528530577673508 0.37628491109293372
0.26797324820395485 0.62145965440116946
0.69792262728624621 0.26540311667230698
0.20374105573895646 0.51756083889786964
0.28720309571896596 0.36011480430141884
0.41309086465467965 0.50344072454243372
0.48625840398505504 0.68990546125354113
0.66553071750274451 0.21512231573902310
0.37173057822981176 0.86518735850517348
0.55585171920796084 0.47524352971601025
0.23923105752255283 0.50593223936655907
0.75513963148334695 0.18800074015363233
0.54705273033173252 0.45147588520968102
0.32527676820566176 0.28638631878952930
0.34759559668057272 0.85913461901135213
0.29955790319415532 0.71952689100911649
0.69901723644277614 0.45970346240216975
0.59498785671738574 0.20294409245970674
0.46521438982772789 0.76270738229986945
0.51417436590953425 0.17074405251133934
0.74936563839792614 0.17324097927660181
0.31426953479633080 0.39315243543954992
0.21876644244882038 0.56864394894713288
0.59578897445881140 0.72382677690729880
0.73001809980256294 0.68829040983526835
0.74251473605158735 0.64340558232594036
0.64272953752293649 0.44876868552103760
0.43986204310257021 0.77188685832093018
0.76110349062674532 0.34428656659506607
0.45714799556204844 0.48851907382235049
0.45128416161263624 0.59894314270338023
0.45097590276150579 0.72640198692815239
0.56943271830928865 0.37059049982750769
0.49147629435041496 0.68049647387009538
0.49413782928686195 0.18739164373066855
0.63582521451065699 0.40015358944141377
0.64481931044666718 0.56964933082182201
0.53967182112816903 0.21466324551965482
0.62356417195446756 0.21184532756148666
0.42850974960265564 0.19035860972230118
0.20769686006820043 0.65860903232632195
0.34518911431861254 0.27299717574565824
0.45234156787916896 0.55054282735463289
0.24426120525542711 0.38808787076918561
0.25379525296065997 0.51351104228246602
0.27725446890898875 0.35499652439327267
0.76858423447373792 0.56623540310543286
0.44072278998641018 0.22642064513141863
0.59057419431905400 0.74301245543370575
0.76441067277807084 0.39266080303797174
0.23092684482809325 0.62333472954533087
0.70102563147112495 0.31235784180762760
0.41033732496822617 0.84834671454970079
0.32779185917620646 0.69994791719359850
0.42799982423973193 0.19905975996397718
0.32212220354585408 0.33040668325208095
0.70189235288640694 0.31761402923470344
0.60342010588987138 0.36983441733005967
0.71861576170522767 0.48681654466347918
0.34357653990078418 0.72054484776626526
0.44229649074256067 0.49666398738352191
0.50577300892186483 0.18615102114499277
0.61702931345738654 0.14264011913860147
0.33126871063684110 0.32867221074951092
0.70983429946626586 0.39189801454111484
0.75907868275152235 0.44310462669725470
0.56025822258542601 0.20459231848110329
0.21036977572505614 0.64958573676125231
0.76687356298943166 0.25827626671125048
0.57527236160485073 0.54255379347787613
0.73284001467612037 0.44070383402869312
0.46175018689513775 0.48480308883122369
0.38289980444049010 0.69207967435226081
0.45462086878159824 0.82640981530345370
0.48672591572545532 0.37933604736610654
0.31978068860136166 0.39290699369518112
0.30558627669690797 0.83266885016692760
0.55175123083415423 0.72789725560527829
0.56684923351155425 0.51974565804632267
0.31234135041584543 0.74896059904022394
0.52035980760873524 0.61633239264815276
0.69455407252763479 0.49526534218607693
0.38449260489066855 0.61342342455753374
0.52364874438622944 0.37820415230536703
0.75581219183228265 0.51854504725232520
0.58933447918610993 0.75939889289359574
0.53393692936442982 0.76951462635723422
0.53293032903427529 0.40508912569862604
0.35231479224310985 0.72769844399606809
0.36575738104407196 0.45952317894188732
0.30242668846659565 0.85037548426373832
0.79127715973501200 0.18409037748955229
0.56859750829759936 0.16615507552986283
0.21269022878921054 0.57733633064067647
0.69869723708433407 0.19879276946015659
0.21721160279986509 0.61149011174470558
0.63376109642904099 0.21582313987413376
0.50104465696509171 0.62636126071300691
0.19066745510586236 0.62339507597736976
0.20782049319641260 0.52960144759846095
0.29117214527611346 0.54586510183117054
0.76845551313945504 0.49278691820793280
0.36489716992017285 0.67498387541605265
0.52800453185934559 0.36089876938082444
0.81988065346978733 0.22053953013630392
0.43772534517984757 0.60967000603117216
0.59893987455900133 0.74664980872253994
0.72350534197224126 0.11944805147738460
0.30493674182596897 0.32378275495631248
0.30076420566594497 0.47624589030926801
0.18475363423351990 0.65301777797721772
0.50237236119339279 0.40360291109462354
0.43141793677748513 0.25156977480197640
0.37627065841360918 0.67233959785655240
0.42879541267797905 0.53412893767680558
0.63167383857564852 0.24424366634435341
0.65963691638004118 0.61083112890946845
0.29928095574022540 0.38943519392559633
0.67316740968161026 0.14338287717507983
0.19305138565478325 0.59070029405348845
0.41755119500717353 0.53318734038351834
0.43403489534504547 0.30851074707977416
0.32735801976486362 0.30626531154021458
0.20174834389945623 0.40600191191593155
0.50603127476377230 0.14373499236214263
0.54261536401047428 0.36522232740015037
0.74713872164135164 0.49036456688232583
0.62247986727820592 0.48272300598837581
0.42912498005157096 0.45556591088948029
0.37387311559621628 0.35939167291322299
0.47068669360875670 0.52628954362441271
0.34908669342157472 0.29774021850097293
0.81630413962062998 0.49624582866526346
0.18266631586695972 0.52452444374128460
0.53880969086964681 0.60543498173517718
0.47333297223112381 0.45195480703867486
0.55153097237916682 0.53916856099770638
0.32064645113459767 0.77296226659898815
0.42356304876672662 0.56118440521954316
0.50813574212152779 0.72733169276507814
0.78193389088823650 0.27636960188280929
0.33558940422002770 0.23694052280632688
0.22260494112478696 0.72802923396878694
0.71178202825467851 0.62385110519710785
0.34542876071464318 0.59663906548862722
0.78066185301435587 0.57994078355676826
0.20323327155803875 0.53969957943402846
0.21691347839247646 0.82705214322786225
0.23078927977327029 0.50606060212251947
0.43258521339528039 0.23234043591548675
0.62220984970586535 0.75138336157249042
0.51768003051008571 0.15792602881045331
0.42451565091433030 0.22110873830430422
0.49615869421702408 0.20696619745637351
0.77534966291127949 0.53861377400488186
0.49510167364416124 0.83487169184494914
0.64717454943889008 0.74013442439400867
0.37101468116242314 0.85425643648869753
0.47663012821848239 0.25345721891451961
0.67939378741499390 0.14680004319194628
0.38888004962164435 0.64009126010677064
0.21304503503790875 0.45456533660425552
0.72753743583823094 0.12792845241514256
0.50504315920090326 0.25744684514066390
0.52338996204477506 0.20380509638013600
0.31395848151168793 0.57184803736855361
0.43168021415831059 0.84374081539064971
0.18896662436826428 0.67924951798329913
0.67943485947517757 0.46034356876383575
0.57442533003129537 0.33966475134290541
0.22932357744030990 0.44260597652710154
0.66683728640868811 0.63389199146308051
0.74478215951419813 0.48601745324828399
0.67180193386150266 0.42496864180780691
0.29833203369035094 0.43486915213869232
0.75412361904322112 0.24496932133842636
0.41040546395659439 0.28161197140512184
0.55428699345423416 0.24543687783554871
0.58140974419898250 0.57947392043904367
0.35434149378096891 0.35583253874848841
0.22441780603485523 0.76095804247689980
0.47135048643959021 0.83722381924367950
0.37762440507152273 0.32215837844292877
0.73336373519954567 0.12300669754425367
0.82797528633107964 0.39501339685003889
0.27427918757663489 0.81302101733155896
0.67533794477357856 0.14024965604953910
0.72383620052070630 0.49696081973674572
0.41001560263210746 0.63955577337221792
0.79268102692720355 0.28996283494420483
0.32832615578618946 0.23418897542242270
0.70476153171692801 0.45776201419095763
0.67015586639201630 0.70842732261390440
0.30547863487429205 0.61804454624168237
0.28712419888517715 0.38390587580381597
0.21164759502611308 0.54325981825128211
0.56166090060390983 0.27277074713621563
0.51292776553538433 0.17755647206226050
0.69521939363745755 0.25008359416515014
0.25444070485469061 0.77400033027712967
0.72738403309839694 0.47144656200983764
0.21442131072176690 0.79439489853494094
0.59575155227639354 0.41500346707620328
0.69910187025473913 0.68113618152074440
0.41076041654716122 0.28716386989755061
0.62061295798668414 0.12807561025514047
0.42382677814944408 0.39605164146163585
0.41725768374599315 0.49538558985485415
0.34298092576951200 0.45764775226808541
0.36642241098492034 0.87389390029017089
0.26452431773513990 0.44253530570485677
0.64112367429237360 0.49850428209469416
0.33119908528815301 0.29578179064023363
0.46717861790503601 0.60895749921591058
0.69926286379322022 0.66412559699454832
0.72846767975214544 0.26208194644596716
0.50591351320585043 0.19393850323581707
0.50533385094460292 0.52371587084633342
0.72870647084508255 0.33043363675533421
0.53408214503261542 0.21517811890059885
0.38140210048420864 0.71967122098468572
0.33833394468201872 0.40200210019574079
0.80309284916541668 0.43382368944846161
0.64137810338703494 0.15487104656755607
0.49092304845494988 0.77786687278618305
0.67228040790412325 0.46718601099948209
0.72119759614915147 0.47673621213088457
0.34031469432793682 0.81116429401540124
0.41099509131120709 0.55620080365345004
0.59140348917504326 0.13860515979595756
0.20501473643054896 0.64420411252950072
0.71828252615775290 0.31837802008044236
0.27174829536623141 0.45154145663155326
0.34467438963341224 0.71442309842988672
0.39908173139163039 0.35657732729200842
0.65027335884271786 0.25384400739703211
0.54189989620306500 0.73862928023299612
0.50656843239509042 0.81035505172146371
0.23484520088670779 0.72702550890924666
0.22584157656495021 0.58328212316642236
0.27401977405314137 0.68476486348746213
0.57589364120435116 0.78002858265952002
0.40992726656965256 0.76387583643289303
0.37119697533985985 0.31393160998384462
0.51274986951028689 0.40530972691957101
0.71818170722902197 0.15303802027181726
0.28273317754243332 0.38199294735800160
0.22077753630851762 0.74699706633216867
0.31420071162506463 0.53346988573432252
0.52840413344807413 0.30054925272798760
0.48202975163789735 0.21977986490127460
0.44672092804581609 0.31430140905212944
0.40553456608799998 0.84056267088606051
0.69276539360553269 0.27921394759706053
0.42433358306010449 0.58628191968313115
0.52771024414463608 0.34564796940213904
0.17960424611111916 0.47115030558283522
0.65737552716223191 0.20848697176681963
0.47291428653620426 0.60904035171384496
0.38675922843392541 0.30354644220933868
0.38613055694651993 0.70198590858039167
0.44680303871636806 0.44958586326168404
0.53322885927843366 0.53782719865789108
0.45062612010755748 0.20577995838035337
0.63625839452970701 0.70727947578094996
0.48672137923889469 0.35489728091101813
0.34628650563481306 0.34785630752745883
0.55866908804447291 0.54516048744204748
0.21557379922828035 0.77825340580034086
0.33842720489767064 0.87644363108875711
0.52039817773686858 0.39025680447240629
0.62853955280765905 0.40657054611675997
0.53680647370005108 0.43855629109345406
0.24952490101637351 0.41601529285752187
0.75249479645743000 0.61983370635198209
0.73035514217675657 0.34920019131001390
0.46447911811854137 0.19718538699157312
0.17956143141907602 0.58888056321573989
0.53237783819745665 0.50609560682547450
0.64787723898861360 0.71382637527611970
0.54064799671010477 0.34849905456880581
0.66903324487402727 0.56130093477771681
0.26605598043589040 0.57089142004810756
0.21705512442855149 0.66541153197394620
0.40018978201977978 0.38475528180798430
0.53433749140857212 0.68608388280670241
0.16597929092942254 0.61631880386721816
0.54624841645109301 0.15097971262356977
0.71510153285162170 0.58918075191977937
0.18214228082996936 0.52912295027481282
0.41588263483135646 0.69148610981084435
0.65567536725535802 0.73265033530500789
0.23511217008301283 0.49206904134799101
0.22788740438528168 0.68669681719399656
0.22004352963071161 0.49077215423784015
0.81731231540343885 0.33523654525979296
0.73067536757287477 0.64558637281347486
0.53782925465803433 0.77233751829647457
0.64920691201572034 0.70903188263295958
0.60433651734834215 0.60817619052103300
0.81056109871710902 0.39223486523782602
0.61166193162105686 0.73629331720729230
0.71797758686021729 0.44821748486631413
0.84564110867224973 0.41658537314583521
0.60838700328411988 0.66636502271452314
0.23185541831768489 0.38255957105724586
0.74170951082185654 0.47751856453781533
0.63856821726785240 0.63329556985274560
0.71410841089539989 0.42786511816819628
0.41866921697454323 0.17230758847310518
0.30561941455614605 0.28684418153730940
0.28482815598703481 0.42080171123599730
0.46484580617381727 0.78773298719384255
0.34835205650183998 0.25109522709039461
0.74307723418882621 0.25373649207692989
0.39879891411948787 0.72714900230968837
0.22872785384902516 0.78599199767612560
0.19610767714709634 0.59704341115456472
0.70542461488570973 0.16699579914621124
0.23215427398477861 0.56042867933711815
0.54480895438501131 0.33052460520354393
0.46761703987962983 0.36155716296550994
0.63524225481625718 0.48225357315745954
0.64894049117965646 0.56645707402685097
0.62893554681891140 0.73980527960624942
0.29628674054198539 0.33525624134953524
0.32121394320821139 0.36045857260161063
0.22877069165043507 0.73168753273306009
0.71553666269885996 0.52811780129223929
0.74730450904644208 0.26206020704905930
0.47232964995230825 0.51691940614646747
0.17039105297392590 0.61050100620756265
0.63934928882261710 0.29568378661342276
0.67520355450344716 0.14657710093464349
0.40301529309947959 0.21324409572633932
0.33970505032865272 0.52096910708137745
0.35906584740551173 0.25544167475095425
0.56919376129096999 0.17495455730008980
0.65527142961014384 0.25149173412830483
0.19382562175582252 0.73852103027512728
0.82033820832525239 0.35036564026032613
0.18148936080832725 0.59670224427827012
0.71226141703139556 0.40443667054140697
0.45544575579803942 0.73625195223094519
0.71652726258487931 0.68093164999504519
0.54457195624297516 0.40509126819637309
0.43310385884229291 0.83239241161761446
0.81738347210190176 0.54539564176787725
0.67590058677241815 0.63043797760835762
0.30700550220459072 0.80698467938298057
0.51578039742623782 0.74518172929334192
0.80639101964079218 0.31097530909052717
0.70480261620351481 0.51266817939350418
0.43469681520787695 0.73069697184571170
0.50715379131727967 0.20853785830013197
0.70581171112231100 0.50763567126249753
0.40014717594034599 0.49244455437145007
0.54927919793934898 0.83418133126817628
0.76400504964927507 0.22323092187322940
0.20817104216506524 0.68331137257890995
0.70354321229334149 0.42937121455701566
0.73998112473172584 0.38772231475709096
0.52216645404771223 0.82615608136245255
0.60515091675211585 0.66233825216990616
0.33900599098892104 0.26340923806016814
0.52966257726443455 0.35099083424908584
0.34343045384619320 0.65577805689833413
0.28650909822660475 0.84641772485613498
0.75436561003852109 0.15528081381823849
0.46941700089063909 0.38330850407190181
0.68210841335590922 0.23341589074213570
0.59699340554895286 0.48076094303096706
0.23436907342995988 0.40746958633980684
0.15958595066632114 0.58807679248541145
0.70012007078798499 0.17558530027093494
0.47179622164404711 0.27449661322554864
0.44063819827497325 0.37391779850106077
0.47257610135074690 0.39523081698337059
0.61529881239683326 0.33841633585119524
0.35803201377902338 0.60790510404865983
0.80407414731608795 0.34296107687791999
0.40765005502117935 0.73721169204723624
0.38590922634042357 0.59571873458320312
0.79793702926000665 0.33672678031694525
0.54119641722936684 0.78389168708264068
0.80636764215078982 0.28221948573172578
0.30748993373102818 0.54107903302374571
0.46296030249558090 0.21401471098828806
0.26550339483646623 0.65742375145293785
0.43393432228340872 0.34801712737331658
0.57265875253476406 0.14996283388520842
0.40228353261591043 0.45256577450235524
0.54925227412161681 0.66528702328761624
0.68616540272116788 0.21267102776548721
0.62642401314688245 0.57568840740308458
0.69810365691286180 0.67693861334224759
0.37352749049543027 0.37024679394095927
0.48383632981415270 0.29538557107599661
0.39853443058755783 0.71207607990635968
0.36491549776888027 0.66838285499247541
0.49720100984773641 0.25048406903443254
0.35065945303253498 0.80198839884486495
0.24332783587060430 0.77536128226596723
0.68566155613264157 0.24229620134085278
0.39431890918246493 0.79872550832131894
0.53059128694844016 0.14707146000173615
0.43130075361969383 0.33003372912133361
0.45512155752235517 0.43362828972769629
0.29257981997345639 0.35218457131473657
0.29753776649672814 0.32425785201575619
0.38217285603059109 0.59141627101060279
0.80746773511401937 0.32693032929565330
0.61454450088720747 0.34393573536970995
0.45823526331144887 0.31764088636439958
0.80145529938274296 0.27567907852309448
0.48378091783428273 0.16004221368580857
0.58116933457676589 0.50050790361618469
0.34611570155283444 0.68744599692756991
0.23673115929389987 0.53150259948848244
0.66351751079024968 0.76701010871117337
0.79649218953462619 0.36308394769911573
0.83776081613174580 0.41877676583893086
0.80134630997198020 0.39724949600350901
0.80040836033786800 0.43754516131151644
0.50912648815047601 0.75767825479148965
0.20753667052087660 0.68687564589944161
0.25415425684008996 0.79243851868605852
0.25173607673839093 0.38704788886515584
0.53922447055741618 0.33105566402601672
0.46305565553253164 0.75740442544005027
0.38877461534835533 0.52825049474448726
0.32114876463478076 0.43339578704577719
0.38016876997719079 0.82343153370777655
0.42016373886429431 0.43527756001854995
0.65541219522452843 0.19559992594931080
0.68606268045893704 0.31373365467862230
0.58943116323172040 0.59307098624295362
0.62753408829292057 0.17181916203474962
0.58633940934939111 0.59763248701957117
0.74560984199146541 0.51015566780703048
0.62682991725379689 0.19239924192229510
0.38780805159270704 0.28132602363169851
0.19906777383534993 0.47621406674825401
0.61208676044050747 0.58294351259794663
0.21575567202256554 0.56586529290796361
0.53845784589663570 0.19445120597762044
0.40248211534591560 0.50433735754894193
0.38931812258465415 0.69030957891662803
0.46418036399148416 0.54622564290209019
0.47476485615994490 0.71854702433700013
0.26900466147355301 0.37464665896481242
0.25625334720377180 0.71224261964736790
0.20335146318926262 0.69772411287104030
0.59654331227786084 0.63281695525965775
0.36731180336282221 0.60949591743807874
0.47414297478168571 0.22348041825069798
0.75128030580779959 0.45073931843663934
0.61322511703541038 0.77458694004368067
0.70701893552145612 0.40233375721310582
0.66628673290662177 0.52434214146338143
0.54769513939848746 0.42815338111613982
0.72082560706769849 0.60836268780308456
0.41715910012702617 0.64322263315655603
0.53271971164861576 0.64303498000667902
0.32142868624851678 0.74899951245467933
0.19400562302005644 0.70982141323038983
0.57178038519440622 0.14179833485913862
0.20721275757182936 0.71119221422253820
0.26159761474719490 0.43374557721392570
0.61309627355698337 0.15995366694866966
0.29372175939879014 0.81706862528299107
0.25173860094811590 0.35972009195511312
0.79540286020393325 0.51157258853223253
0.64862996371178161 0.46919865438878028
0.54836073653970852 0.81247659405960759
0.30348088603872375 0.33832366083353216
0.38186976549390589 0.62462831591827539
0.72836312423984118 0.25155295038155717
0.81075755157844398 0.46263415345571346
0.22955471843978398 0.57324349785651918
0.17673391774473823 0.65404867307037673
0.63377121300076955 0.15805424868765025
0.25025751169330196 0.65056603129499246
0.30569545660718334 0.70113166118062298
0.66352943538928999 0.30355449891181663
0.21246134098478175 0.67439542039448741
0.66152741887609867 0.10900361497585538
0.55944831697079045 0.17670912109580342
0.78821223668751028 0.28817113130135341
0.20434488366118853 0.79095193244292172
0.64239162604411781 0.62347316307247191
0.66740911888821874 0.66743409741674609
0.72784220035444458 0.65228186797495669
0.18683842027188305 0.54578092695093339
0.17543013175915767 0.61254025363952236
0.62790403282095764 0.60231316051776562
0.37960318691639883 0.79572226932365409
0.58869365216660741 0.33154165111430439
0.41251423427205097 0.54238513662356480
0.19683350612459360 0.69343530969129641
0.18521487265739828 0.51070894209628082
0.45277684154320030 0.16375324448553874
0.32237889370582845 0.80581853764797051
0.44026928620921513 0.27232905076632796
0.72971599947339361 0.20557632635324943
0.46839791382846291 0.59756744017087737
0.53248429279952281 0.20212741775878446
0.43255162436483713 0.48788806410328817
0.37856084949673524 0.21588000593390247
0.39661581275236496 0.20415655996176732
0.29842930346102658 0.37053841968260193
0.45848437682386134 0.54773991100616859
0.26533670951379884 0.66279804172495849
0.18349876116622910 0.62645787628475147
0.22954845784233868 0.59255735881195215
0.43067871583475503 0.80961358034816977
0.55348264619112608 0.64384165452980835
0.83392329614850991 0.28697218735545893
0.23723346519947336 0.77817206122757865
0.71439429607185723 0.15157807601000978
0.25156415081198585 0.42212865371119779
0.80507782999931854 0.36854524426452617
0.68389976611478942 0.25938230173467125
0.58561936958761474 0.34299959805066316
0.45215285294118118 0.42006783457305608
0.54762873422341429 0.64425020669377497
0.26096139177008576 0.73061529274210280
0.80719230935666597 0.33970172026801493
0.69701986648464609 0.27109159094325064
0.59158637090154054 0.54698754639473945
0.43459176751611955 0.40161989223744654
0.29482844034487832 0.28576968570123684
0.36341813703069664 0.42624155267111086
0.67082089003605117 0.14033410331021207
0.53197313286726056 0.70225356972448827
0.38812318695088044 0.31904348892381112
0.39796290261896661 0.71725259496279714
0.73457307539976457 0.20907243782315635
0.50871414761205402 0.19111730841947666
0.74570992078720411 0.43619880644186432
0.70897248491919485 0.29168769725883625
0.70500212160529119 0.37439092346715080
0.29986965417488320 0.83678381239780664
0.35471685415119325 0.46221550809678763
0.75758365004726935 0.60162141322724128
0.25705109594803233 0.52054190023508673
0.48711816403580521 0.85232707248618844
0.27145268252484445 0.57930802443131468
0.78561634822947246 0.27062766468444738
0.23402462589855572 0.56471350365554651
0.46170722162215122 0.42399566806991440
0.72075623915778664 0.15740953498973151
0.70665804264539489 0.38227738328674676
0.60235429210523694 0.52314246605375070
0.40453522202093756 0.38945631520441953
0.27275689427775984 0.80423437031069445
0.77853130172196106 0.39758160751308158
0.22315588694087257 0.74392163300551983
0.27397843462989335 0.83918248881418034
0.20611207331264980 0.59384731082447628
0.78143347440271871 0.52064026712180644
0.72044408073141719 0.16108653817122426
0.42293249597177868 0.69085297127234391
0.20801748175418722 0.70418190520583579
0.73955249879117357 0.31386148040135992
0.51104288248258178 0.58433274159368764
0.24262970880005078 0.74558267720956706
0.20642983058731640 0.59787866829164560
0.63088669999559666 0.63341349535713931
0.48120574110233849 0.16382339134334878
0.71399407593043995 0.25473973443564712
0.23070765227172488 0.50188236938241104
0.27968916709375147 0.38881744344942804
0.74703760750505932 0.47044719438351912
0.45821424397673410 0.15481806478872462
0.73065563669655220 0.51153239913151882
0.52101845199567143 0.15537328782655868
0.48291470017606497 0.36997054918293160
0.54337223071432539 0.41098961673592338
0.32819600152160389 0.83030865720027047
0.52703390324850075 0.82694886012965452
0.38923930994842221 0.56652271617790895
0.26876995321688479 0.51037688453192021
0.51507069220531543 0.26297159719183744
0.53972826415826547 0.29034287524569702
0.22549756566753881 0.60083746244813674
0.26296648987629917 0.77420338475151751
0.51653215258969076 0.22723907524897693
0.75215151673074798 0.56404854476321953
0.57643122121828283 0.42236754290969430
0.51784881994833032 0.62197592710651151
0.40102740144934113 0.83467965751028184
0.21330085316946784 0.58313985711115990
0.37825899099430865 0.51753984068355796
0.17775563907326211 0.60372642189418979
0.42529949926647570 0.69678366079692244
0.63520374304542471 0.14011974140678007
0.60497495292427306 0.22982066148113778
0.69255666132267790 0.30499010108662983
0.63218133088344963 0.32471268669341935
0.18873037586943744 0.65310012422669239
0.25503129063424984 0.40743380002980351
0.38434052796527773 0.26212185768204155
0.76319955481479573 0.23285202413362321
0.54154689762955077 0.76089766175770035
0.45768418593484222 0.75804211460980053
0.83144973095529873 0.33875568169581394
0.59257490434944804 0.81922036929463116
0.37466958522819005 0.78104493864133495
0.58346539823873678 0.32599268327288339
0.49213620053460067 0.80924921084885071
0.46216903484956801 0.20687308890591619
0.28363802159387658 0.28601567289970375
0.75766421857623789 0.43010303366091207
0.79576508415727087 0.54261968878321509
0.68864581656721535 0.35892360874531237
0.40783091392943938 0.59500985783308313
0.29258450956473664 0.29087718131782353
0.78681843740960744 0.21949834929891737
0.59761839513319770 0.18827032427537427
0.60750102904878767 0.34869491788907397
0.69274610354841004 0.20603419239971393
0.68038964251977119 0.50819682548115286
0.20936123750494912 0.41744859123316702
0.29611192479806681 0.33911203775110688
0.36301928779506248 0.61833982912376317
0.20720280872024061 0.60180224366946422
0.27848794589909753 0.37193413776996320
0.40656176832114271 0.55230117040963367
0.38938238135329334 0.79621232452442092
0.72035968134560158 0.21487740062577612
0.36936845241466365 0.51540253167239691
0.23282354552021262 0.44120788596489802
0.42929053156725161 0.37091322543005761
0.74205498701729988 0.47251941821072796
0.82428784816758105 0.48801050496703557
0.38459820286408797 0.28509167816529779
0.57207966363701956 0.12395206030859529
0.58008012359620920 0.62287870755416053
0.63376206053878081 0.29678317636830742
0.33054913505446543 0.78178843003169818
0.46802469404643487 0.22226762977160655
0.51770994257823211 0.60011831730232346
0.56591527536325748 0.31111478523348507
0.23117945228481854 0.65734345970747421
0.46258472701809472 0.82949008779991562
0.34704934617399052 0.31340313692305077
0.64345259256877685 0.44269369650027746
0.70500687769202053 0.35853371046468030
0.67498094591127833 0.51819271702931946
0.25111556920835404 0.78568739873074434
0.50100406085434002 0.20826613542965203
0.82521081651821282 0.40964509809658878
0.62710045593726815 0.69085336204117109
0.75911392834635016 0.22050882048507084
0.31194735942176294 0.32778415616414802
0.49372573474664050 0.43440162300398144
0.80329854992075433 0.46304556835221455
0.77415166844712990 0.45530283056997334
0.66894835991269952 0.46244711014964840
0.42970817968473934 0.71455759026134058
0.75686192787388640 0.20755675186202377
0.45318799257559067 0.63115447282839587
0.43303204170446380 0.59935171960539757
0.46932098064100064 0.47422564264373307
0.30616821470550715 0.29806522099969218
0.34023804738184832 0.60031034832546637
0.31344472945104612 0.27431345330973284
0.64890742826211789 0.24873768185929745
0.58133386902733708 0.29687151454826322
0.25323563832733137 0.31601182805041783
0.61087205495710328 0.68199829713278248
0.72229534123730288 0.35555442100650381
0.56458011227340343 0.57550392036627629
0.27632226780534974 0.57589930598436967
0.38856983343161555 0.55937170352716525
0.43806332572165202 0.66943478522316324
0.35921556006217742 0.53160069832552459
0.54432603563249526 0.35356442218887790
0.44135408840117335 0.60378957717427140
0.22230795588905505 0.65926579675395425
0.29808731800304655 0.28207890823774806
0.74096690209864602 0.67172122807117207
0.35828461041015081 0.50398237853730721
0.20310581345443962 0.59624875816964151
0.61294427532053675 0.39919286235717749
0.38902747265167048 0.79067592893209382
0.31661854502087305 0.71807292647878695
0.74740062865226942 0.61908318029873943
0.54653106318002564 0.77811559287809273
0.67722121248448452 0.18903045735084625
0.25196021873004226 0.75185913404717308
0.46945239279545903 0.72758200054694255
0.59621251139036757 0.27318221941033782
0.79188472515023212 0.52135109843366823
0.19351994328327310 0.58093105468018869
0.43456607757145777 0.45548015194352887
0.81477723192865437 0.49148680700758685
0.70322074179900285 0.62941995911979953
0.30514333122004333 0.78046123988184801
0.70207443008139170 0.30666914981145577
0.78485436546148579 0.45413732129842743
0.61796791919689920 0.60502090595401781
0.48153722746862837 0.61668827883303190
0.56184273133384388 0.18903191229885735
0.68463457406509209 0.64584067082880092
0.24783458155113408 0.54629329974234841
0.38899411545870977 0.85773948666947153
0.48780522204264232 0.83034401313220274
0.36932512858767419 0.21909193009324571
0.28713875798659028 0.48981721263739397
0.28501447380314071 0.45640950719374718
0.56339030893782893 0.21249878762244312
0.73907748738614343 0.55710304362231167
0.28219841808955881 0.79964957772214285
0.51782914261160451 0.13866623727514610
0.50199052298676428 0.68311041285225871
0.31202923804573335 0.59632629464663889
0.70299269543440279 0.46332924341250031
0.47395223369219475 0.29087780335871816
0.25940797688453249 0.69400891745784454
0.44502665250968559 0.61999233524186170
0.80125335649627893 0.29923782553052963
0.66418417007213937 0.26885183732738510
0.60657516752962914 0.35433730029166388
0.60117185207677470 0.62896391367585214
0.20191709600190649 0.68771525573833348
0.55145640678529195 0.77207620944608923
0.27149466582400611 0.57313417902743136
0.42113667002547128 0.52517816590561539
0.46960470483333172 0.73379864400000339
0.79697981309473076 0.18630777914913646
0.68282574539458540 0.36794112268292734
0.48549809373029151 0.26314861721624250
0.56880646420328407 0.44743589978275100
0.18274740646252258 0.54482354538165767
0.64097222481471183 0.40972415798329204
0.39010784417845312 0.33795537950046739
0.31826234214733784 0.83189969432624822
0.40339212177705891 0.78763444269047977
0.60290803952583860 0.13178185528781247
0.54551232628167523 0.20676396456389046
0.46543295402713458 0.18688574710759476
0.67621853802027343 0.67064166654255086
0.55827963984185169 0.67814483919043822
0.16842807469435117 0.67332717261885766
0.40315872944373310 0.29407526022071945
0.56278915440916155 0.15653252083370245
0.39300702777070906 0.24700854536932329
0.39626120203983839 0.27786950212013417
0.64862448107369808 0.30445875526957178
0.84873581197903392 0.40332698036967252
0.52338155529183628 0.54358977691270893
0.72430818190697677 0.62259259503633146
0.76865631017777236 0.61358869594112142
0.72481920547067991 0.43916772749702171
0.49124310082507133 0.19805645907092539
0.33698441826617864 0.56333979027414371
0.64292728210150263 0.74033998082391506
0.61675584840826336 0.48280955633452100
0.61373501151467469 0.30046346482408065
0.41806545849936583 0.22606488776673717
0.54995122595864565 0.46386183934454933
0.54030932600469861 0.54100394236142901
0.81642629417668744 0.29751481069792235
0.55699594671222075 0.80128914195154066
0.72557307474314892 0.52920440187142637
0.29158588483984194 0.53961938151443944
0.70853131138417225 0.18827560562178530
0.65887437706898933 0.67311602325749975
0.74153270950810635 0.43986254177919998
0.54566435042190953 0.19035704446415558
0.22028582663359023 0.55087313764675527
0.19850361433982505 0.54618460678942360
0.53571947890083904 0.15372850810248934
0.19216844033644920 0.70387942596507980
0.78588277931479766 0.54722070079866192
0.65309461088595355 0.42923085073876188
0.40098424327828558 0.66469541232289742
0.24634988949374806 0.76184163328135146
0.77029650588841569 0.52002461186149218
0.29365885751284782 0.42540835151052414
0.26836962347256366 0.69338542679118798
0.44258287591249412 0.53770052533574419
0.31624184351843554 0.25338463288096280
0.51578458520594050 0.14841512778798377
0.29808062470159891 0.51815662748172853
0.36979968639068989 0.46800124852706471
0.29485802584052578 0.62057726147903636
0.74461851715747551 0.54345748043351016
0.78378462344437383 0.29597436365214930
0.67240249976044608 0.57905861325820029
0.33652903143279761 0.72816125064493342
0.66180032811735201 0.15835706246298056
0.49505824311884461 0.65118470022619934
0.74388961208348570 0.23401706309617101
0.56275925826533491 0.34940522912659616
0.71646957697145164 0.58238957925683787
0.28452808728414325 0.27880465756981310
0.72356990934819010 0.63566315866469691
0.62649194540108932 0.75149924616788377
0.71177342833423718 0.31258300593199850
0.57498605600605845 0.22869985182563571
0.20713485386790242 0.66236846311632513
0.69802354607941652 0.42756402884698269
0.52202025975402822 0.74278018592959438
0.19570849815238955 0.55354609433050483
0.75591229559913808 0.29198297075833624
0.40901506006714522 0.18477418116063510
0.69423408905184225 0.22485865032741426
0.48504190841147010 0.68460314193421756
0.75086757795593662 0.43817730218888895
0.27771981413362645 0.62716923269104508
0.23818955149692025 0.83659858252687336
0.20465202328885362 0.62088398441305692
0.53033106225528037 0.22763945284136283
0.18497071246276126 0.67723372951348071
0.57436648368334864 0.59961888862016410
0.63598469228898780 0.17259300835353134
0.55502803011569934 0.84163102634669751
0.32428266967818770 0.80106621896131047
0.37908908361079119 0.38542875043824881
0.22598043369347881 0.75071750577459806
0.65591516401781980 0.17067111550158601
0.44819223838402289 0.32534867389721589
0.51939362791431665 0.51497393789499990
0.30427734256411859 0.83687850472527736
0.63189009863845214 0.34689500007824980
0.62194121416793247 0.68968217747481930
0.61056551974050344 0.32649296832854147
0.52410362825485435 0.16696191491986170
0.75676132088266246 0.63167388467676311
0.25839026633189943 0.61731306878103620
0.61901885412264224 0.49350620920496546
0.23162714643645060 0.72924114176969790
0.26576582558437017 0.80202302567063244
0.80649826043342743 0.33369177352219948
0.74700350300560814 0.46500688145971908
0.17747135577049944 0.63696926561966993
0.32419637551701497 0.47143120345025774
0.72559099062783006 0.54359062235340916
0.43303880441361664 0.56326003958097259
0.82127052253351318 0.45200909450642973
0.67343050521231285 0.69871448992930330
0.40900633899824684 0.75289022985241749
0.78090717016300337 0.50801730200572548
0.63819362255168222 0.33408151231023187
0.78688802343631026 0.63034015500323548
0.54111809385269816 0.50057807201799354
0.48793253046635199 0.27385491010219942
0.62340040026059229 0.14410457508719110
0.64074585696690622 0.15848808504152176
0.27923190371276546 0.36817125153853364
0.81217215283556954 0.29564252006303848
0.52713102560231984 0.79226472264716474
0.74747362350198321 0.33991459429316917
0.68721099010901554 0.74427585086376080
0.41338600041171802 0.40873839126441114
0.50150884338906510 0.55941954091073853
0.59945543694978842 0.75844438001262970
0.48279539796268073 0.76328319214484330
0.65653148591169752 0.59395617105326348
0.62726533894943337 0.73540341667026787
0.43273274345905977 0.67252174865589387
0.53715194530674537 0.36664819172666541
0.44618539155137366 0.42038881517769827
0.32288970561160391 0.27090806551033314
0.25472980520178368 0.36274436780268282
0.36784179640001424 0.23484748945907175
0.78381759402119999 0.19550116216825059
0.70483419708032591 0.22052306964113136
0.45534215524550220 0.37937187358231894
0.64319936015937040 0.59893990500296002
0.43125543358961915 0.57749372257538045
0.69840662983923585 0.35529835774254642
0.67875570768508275 0.38990282039349028
0.33821570257296202 0.29599232240795137
0.52453836509007146 0.77451803408729125
0.39404033025297669 0.43856480861017683
0.62816942700114120 0.58683426061210431
0.51763370086536864 0.37942613982191420
0.81709811458080062 0.53000933326682609
0.78388610400414471 0.42246005492394728
0.50407080183737940 0.39716063692884085
0.67116104078826000 0.19501159438196131
0.60569228943766951 0.77151738666039205
0.74024090272869802 0.50494853204097856
0.57557303147310290 0.55728354605206998
0.42117698529726466 0.82440080396922577
0.67966035493171750 0.24972770799518801
0.57930048128117861 0.78251421657791176
0.28653208301339850 0.81270749902164641
0.50807867007785212 0.37011751955062522
0.22428865983830973 0.75744221743927442
0.21206579668640246 0.63175490372647825
0.47710046733422723 0.36175979595780083
0.72814370050952903 0.56541928887346682
0.31985501227954710 0.63925149612676724
0.46844724055135489 0.21067887943286134
0.33582466985160231 0.77985629005809332
0.32599092621247661 0.48951867165578855
0.68671297752776228 0.54918598331464885
0.22750645933139613 0.53445674149431921
0.80998405089258552 0.56720201814479976
0.76329004826425551 0.21887647400005489
0.79311082387806531 0.26544853709319727
0.58316829456464658 0.33243347706063664
0.62926669981161487 0.16830579368451451
0.44783912361495348 0.27428431373592305
0.71601499734849938 0.62641043323009726
0.78687659976678648 0.54319458114137720
0.72352382656519865 0.19615400814901007
0.77447533341404440 0.20137323481571126
0.55765052891880174 0.22083284599786149
0.42099560966787919 0.63837605048002877
0.76622967512627949 0.46218810135399935
0.56143924855422389 0.38659463618852224
0.61945738542274242 0.31323761588655757
0.23330349279847318 0.73272128391842406
0.44400161137738975 0.34718405724668122
0.36118934873072361 0.38248609060024041
0.47209573833677787 0.18322086250767092
0.80383563740795960 0.36265933259427519
0.45197486063915365 0.45348443548262779
0.68306229435475885 0.41351712459790063
0.68673338290217822 0.63730080620304141
0.59840119464755537 0.63776349640864749
0.70968815794423779 0.55252954094310436
0.27645181409667752 0.64616782265337325
0.27646886277238802 0.77888838339631894
0.44529979094387767 0.35272673368600099
0.58565724339462966 0.28527875818916948
0.30474690390983988 0.86071507682798631
0.36473853464125516 0.77962122320708049
0.36149745499283514 0.31781256062612889
0.48034649687689673 0.20414724910031307
0.66933012721321439 0.57227998298292504
0.48960803751119786 0.51185716991257602
0.50616509921367037 0.16864824184058802
0.45357231238056073 0.27483644758573678
0.25187549743422077 0.81423249360346983
0.53030258699136179 0.39419176140077583
0.25068240845474699 0.71279216952112601
0.78826541767848923 0.30821184598764756
0.35980199307835431 0.25928457907038255
0.35332279811037620 0.37452556099061574
0.20098375442373079 0.50796149137061752
0.47511379828005246 0.32617577086860072
0.80288761344747794 0.38759326808646272
0.65962255807175652 0.73638869996012568
0.45926425774142798 0.22124746211021218
0.30975105538060232 0.47096121598977891
0.81154280648488397 0.38803497960139621
0.36943155677458994 0.25498695752429185
0.65968825507129081 0.72371168016886123
0.32946517126993646 0.52419868079824572
0.41311138138951387 0.36508707842417554
0.18054195548324073 0.68880756040528557
0.67901369538306677 0.51448354951319697
0.35466372088048281 0.27926996040411783
0.23377922083053043 0.41323232925990616
0.68970647620302750 0.14380930706547002
0.69371546025411590 0.68700307369776781
0.44049121159539706 0.41704788155255940
0.42744676792957420 0.22672033895016153
0.68159863314335012 0.68741422305159738
0.34482055708027876 0.80227042947017724
0.43399854683906924 0.61674462507235372
0.55208183837023850 0.52396926116599674
0.39898377615853364 0.47947452563840132
0.42477668197361107 0.27299491285783672
0.54574699167291529 0.62043838113169270
0.54408390442405663 0.50615238577509158
0.70539066979572262 0.52558612953855210
0.71686730888336758 0.65366266166178699
0.55582868691325005 0.30566241953034945
0.34221281438096579 0.83365807598611408
0.34694599090224904 0.31860953213431653
0.35832800894648087 0.82627397035394812
0.30129042840400033 0.32365645088691986
0.52385213464790503 0.22644623787742793
0.61830212124045769 0.17951740118453610
0.21805263079993858 0.68807574582166720
0.48174452788625477 0.17962275499967711
0.42391101841852852 0.38046734003070798
0.28399693930109193 0.65822489944199813
0.64425569630628232 0.14385022013326848
0.26481441027215524 0.41157958617149687
0.57305028656654577 0.56752021548403864
0.22535806599685873 0.61065356515678948
0.22980116449872956 0.76558462258319238
0.44933529890252721 0.20211890880366912
0.78681449978647555 0.37466356118530203
0.34682518963104580 0.44114476004490355
0.48053701443527430 0.21158947884238760
0.74916746908863641 0.41663741498155221
0.25818186015294003 0.54190228276059682
0.28270398412367964 0.67690066748510147
0.25096414076953888 0.55006619271092261
0.65797236578649043 0.43270129195639806
0.75167219329586987 0.58817157314217638
0.24455949392409237 0.46372255835217224
0.38452206521335397 0.44492967032398922
0.54011768656348269 0.71299824261405664
0.22027755331562407 0.66755712346203100
0.19170573611622158 0.52134179023377047
0.23926946266657126 0.39639541834195724
0.48882818187761101 0.34944068521571148
0.66418816617006782 0.68913151699557018
0.56568451118515284 0.68928275685222096
0.78376737068406843 0.52409241453958588
0.78049437567444246 0.56388586208048075
0.52449888292747415 0.26928462720037638
0.80155338478428784 0.42068175244342720
0.71359574717257046 0.56290223136040207
0.45064014450520340 0.43077115724742737
0.51060444942358640 0.20514790892559789
0.82291927098089146 0.44400398292221893
0.34374793913030566 0.74041811375414235
0.33216361375837272 0.47005667797322942
0.33694295099077493 0.34069731597067704
0.29771327555620475 0.30246532727475239
0.31876712037139021 0.55841273354464871
0.32074782928998885 0.79706803642989610
0.43930876416860276 0.40495902754012314
0.35216220166998463 0.86213904550378273
0.33473977845760006 0.73411947432515934
0.75340469688093625 0.59640251003767708
0.34606208436601593 0.77788003987854237
0.56452647782242782 0.73941759933317908
0.74155329000331049 0.60184711525118928
0.59226045073674194 0.48360547619288863
0.78892533321581759 0.31382581709517421
0.50652147007704640 0.62444215821036075
0.33335451888725631 0.28482489429293500
0.70922805653976673 0.51585631685842426
0.45358623896956252 0.53364370494440183
0.77286141046793011 0.37058654746365816
0.71179354588664201 0.62850747569689891
0.37898543710463162 0.84894107506957472
0.63746316029741468 0.15704388280705198
0.60772005909670701 0.55086786309482316
0.43633594984289409 0.84555281809901639
0.53851345886424384 0.17289591347790539
0.55013982162994490 0.80699233962069350
0.59607517637941032 0.16212324450483701
0.42956765402804120 0.82946060570201552
0.50969668917933109 0.62906135676076991
0.63323294149839959 0.64805611498191551
0.47198122844361989 0.24028128542335850
0.47846746044590127 0.58138691496153094
0.35437956645395646 0.53464881908265194
0.34143419076224141 0.24029319118548437
0.29466261842504715 0.77111058042182901
0.20041398990029327 0.53713129439002105
0.57079026513642606 0.80157708863506127
0.48019223873680650 0.54996987873633341
0.79459657260580552 0.25001258795082659
0.51644157953982617 0.30445339900538665
0.31194506968868191 0.41324700238601364
0.33139920060374367 0.72478565011380003
0.56887521285163256 0.52547880171134498
0.59091880356449500 0.34853869228828382
0.53121293066127073 0.53256749551798166
0.54117412671127840 0.80866508526066583
0.50912153629714474 0.79406499761988214
0.53867605059043711 0.58084386529461807
0.65419065706204160 0.60926251416660215
0.26171704867514484 0.81318211850215383
0.66183647301681992 0.27365902884607091
0.73093781614316211 0.56115340499545330
0.78875555537944919 0.19551508786494037
0.78605619828035256 0.40350356121652342
0.71546776581945659 0.71682458116656378
0.38663934172212555 0.84732445693513037
0.50674932837610065 0.24856049661609772
0.72623978284508006 0.18553395651906768
0.29418136738823325 0.82887934117388284
0.81402067239567755 0.42816827983391731
0.60067148624056577 0.73244968320528581
0.53104389840898469 0.29559141793007576
0.25139307131468219 0.74295764068628900
0.43071298291563420 0.76211204398777099
0.72325163156516026 0.42852601028932669
0.53115998861897151 0.63731793548929816
0.55466249293052816 0.69343016871796304
0.23854553845423002 0.55019218242926127
0.33655425698225844 0.48342835731973027
0.55116289923075268 0.77664548707783221
0.49969684913253409 0.44462355141378873
0.83122476267253131 0.25033425056848346
0.62471451491519436 0.49700046063158526
0.54260840815440248 0.45486701080430342
0.36537361045545624 0.64795045149050245
0.65355285734707236 0.63969748421283890
0.33554288758228379 0.66366193417460506
0.53089287095602922 0.57516512217710369
0.30674745181869134 0.51968142416202046
0.39767942620040098 0.87031587581278891
0.43133804625426098 0.63239090423111866
0.18383488386703853 0.55392287432473197
0.41482820426881500 0.47122423776014122
0.52720852809387142 0.38413139144752112
0.25917041060161466 0.39364443006143401
0.34769901358860783 0.48665894619920935
0.53615057486853757 0.25904564914340289
0.46646542343134478 0.71194595545767303
0.46996379204247885 0.32921372963451134
0.67022902437990617 0.62488798397171519
0.21358479771352595 0.49863545003679299
0.37530621126750607 0.33291911811365649
0.60786791876727797 0.58683231305169170
0.48546346800279561 0.42632772216459958
0.66149209096653816 0.16186377351834441
0.30264695670202690 0.82857714574219632
0.57814347246882358 0.66692934974476281
0.33846358737396032 0.27460412497220565
0.55683877610137045 0.83290334199344063
0.49054452906470614 0.40487489988145031
0.50005640215952385 0.77857572190455548
0.50457282492893685 0.32923108187025812
0.41625312903864820 0.34269807152383314
0.38462488851620147 0.78741797172533368
0.57152079003598610 0.13739526164572946
0.53432487741343249 0.36149662073202582
0.61926130358789611 0.21550784710025042
0.41678977909736115 0.44062204970487517
0.52187628416859411 0.36147558126777640
0.46721240237028394 0.82917454489675402
0.81059614373646549 0.48936649734468474
0.79012865031691515 0.25244252095326369
0.66988713818883050 0.21850363428835246
0.45477463722781902 0.80277657339884856
0.55178075758730050 0.22390481197388715
0.61127877141860543 0.43755028357856746
0.66784283582129167 0.52970721581874769
0.43756077209312921 0.22282760994581330
0.64499874123445733 0.61548266233123372
0.76347158208107446 0.19806673160642399
0.18870864746387350 0.66533847142156100
0.52275965404244729 0.18886258887149512
0.49761339798169557 0.26537186049158507
0.70419638465542933 0.55133092532802941
0.73596832191484085 0.58055769414515601
0.65973296705015394 0.71971108822475482
0.51837647622126837 0.55636082452253810
0.29860236363259590 0.36138794773383598
0.18916909144172489 0.59671646668293310
0.47078831309081115 0.74583344722938505
0.27255556366305006 0.73059426516253634
0.58772396518397940 0.14904585832293898
0.49697837593735211 0.22036071892786330
0.28629736792050570 0.33284678216396119
0.76292464230741208 0.50367521799668336
0.24424301641943835 0.40996946053605782
0.47799698576236460 0.61107658742671656
0.29966783232628974 0.82476169747820471
0.81240690058555720 0.35757292039105315
0.58206257574133624 0.73195314623607832
0.63108660431546348 0.71070142179529816
0.73171972964504084 0.28668528976193830
0.76906045529301714 0.38354350623070960
0.72613697271548761 0.49126989158563111
0.78688631191054736 0.52696512529519879
0.76115697182360897 0.33292697954959743
0.69755822259515876 0.40291185810552366
0.36451150928060128 0.36391123804614167
0.66470412667821321 0.32188833378089921
0.63552328343593756 0.38218162265941641
0.19986148771454953 0.48952033200639417
0.75106729080564860 0.45671015538704546
0.80516391260401443 0.40086189961133362
0.26608485600167858 0.84679541927412094
0.69471050454815730 0.39125072738798555
0.62084406361785982 0.57422546525072582
0.24848011490836031 0.78885235017956212
0.46239103735639209 0.55206697554256123
0.60579386346239028 0.61414961388958700
0.77861737004261322 0.55566244834735934
0.41415956686462096 0.31643631920960591
0.65761341189350120 0.66837042381034140
0.46536436327218117 0.15711828638412209
0.25236265908036659 0.78918727478469997
0.24832749143025257 0.38193034932055792
0.55502799542848447 0.18234182886104333
0.44277904070479651 0.29858578801056096
0.24102955388471520 0.46123407687695794
0.78565089944621491 0.53112563868024321
0.39355544858706321 0.69466458761298411
0.69463906090683480 0.67929184476113291
0.30312392070418770 0.59963351466113202
0.60653763201181699 0.68446827622634987
0.17470860027031312 0.55741524056859526
0.37350066752368655 0.33838743890848466
0.24832689031182315 0.40235206821643410
0.35173606146770947 0.38058519736715035
0.58423909404415086 0.65650948463827885
0.54934750377729147 0.18796677284583274
0.28761036854062588 0.70992836546565397
0.34906430913353037 0.71809410113110883
0.56066749590923726 0.59028915760592315
0.30381437496214792 0.27357905151307732
0.31989643755221281 0.56387777099891279
0.19538026823499804 0.67503538116984552
0.73274725484027403 0.44647857697499338
0.58527532547262051 0.77866027215979261
0.74114630366467893 0.43382620379389814
0.80234272308158316 0.41037680814495703
0.38330886371097767 0.60670465086045555
0.55130625598480898 0.75086219504597262
0.71989720768588339 0.24033636816282195
0.71035334343894707 0.35685666550610173
0.58275036928406698 0.46931510347221522
0.74692502258354188 0.26761314274843762
0.72944218561686269 0.61144568464693871
0.38562920027885178 0.33499658131028265
0.65173008307311142 0.63489476307135395
0.73413633580289561 0.38755834005222339
0.72483270145716372 0.39700895920050755
0.34607570383769704 0.38142112007298445
0.38667931043543335 0.21138853887540976
0.58161276685218399 0.30758814849926830
0.70451115500268069 0.34746249623875880
0.57957734848833486 0.14114757131545297
0.62740908748989244 0.56018020763008880
0.35498165467662363 0.28808160613726330
0.68629207447856921 0.53492931726214965
0.24413801148010655 0.42431216321136028
0.28479600490184631 0.35507978538240714
0.43856283404689422 0.20810274046011015
0.43122954645982503 0.17995400719118407
0.56552551195642420 0.50509062142408190
0.66020066326234694 0.62206388475108698
0.33699042121579748 0.51554479613118454
0.76273089907778369 0.61558850383301866
0.74633723505274896 0.57045733071594618
0.72091179198302324 0.69576302637984588
0.75062757710297578 0.65378991360084626
0.57857478284260633 0.38699198840593413
0.39698644411864842 0.60687143352763995
0.21521717287488240 0.70625811865080856
0.20855129382809040 0.46994405810656531
0.77130757488791757 0.55538286649244362
0.56599613015023731 0.15438718624334605
0.68351855283254825 0.39295555038949936
0.32178970512036120 0.27490704562788154
0.53796146964420966 0.64593684489199477
0.18491133294437356 0.66701240745245216
0.39089007646791996 0.49279696747618618
0.73695263125856703 0.38280178941489085
0.44391290742427436 0.28844953524082001
0.28055367419025690 0.43013764739484778
0.61560542156669784 0.17607521318806918
0.53285128483611421 0.77942740372702657
0.56486631897835560 0.20709365355838660
0.47979712177985140 0.63240116677236402
0.44474451043506613 0.26947373336569286
0.42017455526976388 0.38499571716737069
0.37761829808194625 0.43586139566390858
0.22785607987812662 0.75802921190835015
0.57479640987744818 0.63143512637434451
0.22052550394266171 0.71058499344947901
0.47583861886127232 0.50827276772074836
0.23048399522701804 0.72544128880441217
0.40665458642575092 0.57575171260199332
0.26659824888554351 0.58283921063181487
0.16747867383156659 0.66668366610559693
0.24181530517402861 0.41722820884554801
0.39289243633955873 0.22265712035220675
0.51731475781928493 0.61137950925649942
0.24790795372411312 0.43671968068221967
0.43867266583870179 0.17472080139426177
0.61472437921063505 0.23114310622011880
0.81202608065030424 0.24745261286038991
0.71359313100080179 0.18806230874364419
0.20860803556857715 0.54519051000385876
0.45423058374376457 0.33170726072164042
0.77018393584726541 0.21258835770142251
0.25838734929652057 0.80066470953986024
0.68993107178694113 0.54518224248813818
0.39800379244224249 0.57460056356938916
0.38651932387782162 0.22097168974786777
0.56936417032560405 0.82499597149307624
0.29715858866728267 0.46463098040220185
0.60529770782376269 0.27473762121504269
0.38442227684900315 0.48412515934071365
0.44734952755998070 0.67530829231582379
0.70752161537097802 0.62596480218041362
0.78334079723732830 0.39936311966935789
0.45943658300125256 0.53531939756872204
0.52850787718827230 0.28786850501779732
0.80865777065855604 0.35070937523998175
0.71289920033944720 0.42272002015105625
0.48949845535689407 0.78769559669782541
0.34069638405251668 0.28517815133259844
0.38404064151918399 0.26643740741533173
0.77784846022773912 0.21223702778172363
0.23775822331161159 0.48754545750722761
0.69058034872220697 0.67830173325820797
0.53903370434680342 0.40336100670138270
0.52096980688907990 0.80042888450108607
0.63889792557827063 0.34503124887588094
0.20375766493644687 0.74465430517820741
0.56756287390884574 0.56593421734174809
0.24622289391839527 0.47531855847920546
0.41215808533322107 0.29931341027646607
0.52281628153886683 0.46777393447811982
0.36014629873331205 0.73626794134784634
0.53580807306116296 0.82000633807747692
0.23194745409409645 0.35950269099515630
0.65984032065314280 0.35171970451566770
0.69589961819940183 0.18183105373202119
0.70259206218594983 0.27461608695170969
0.56802066778313254 0.81067850543079056
0.78398458685714467 0.30599989731892707
0.78261936102776430 0.35545902401594098
0.73532952770003712 0.40864507296648733
0.55842888008155445 0.28210245895903846
0.33060309342333316 0.68846102171990187
0.52845974641009241 0.60952186441761358
0.30554176224388951 0.32008349634830430
0.18308510079218701 0.72905338943570253
0.59760020308524164 0.58018696864482655
0.25532677839867879 0.38010640504940679
0.25635477644070620 0.39110666096130087
0.50758609880252048 0.17952799857656843
0.62608046385753535 0.14691218900944636
0.23972772973933315 0.47005976461186766
0.35445936273304901 0.51378803610317436
0.65864427295481309 0.15188194408944763
0.76759142569469940 0.23048738136910935
0.54363936161757598 0.64800811841000394
0.72788337953651405 0.62502234834508541
0.31344990579295018 0.28271200199277474
0.34095425507508065 0.23442265642114596
0.71558910350635963 0.49145991768978481
0.48261145508148284 0.27523257576414817
0.77739038806502692 0.26820845439141056
0.19628713121167021 0.65184157381596042
0.37174142991282388 0.81258457696970565
0.60681440022447042 0.51934148193884611
0.71801754125856787 0.13547942916255579
0.39614253987766979 0.86434670473304653
0.65437691763286476 0.29696603278823852
0.21169040861718783 0.75083566678042823
0.63176867655639435 0.18869751090053258
0.43485211235466226 0.76869309752093795
0.63560469465462688 0.73672068994502271
0.61729147066965728 0.43638278014723819
0.61957969299226545 0.75509462061050048
0.36797768104973150 0.26580440434172703
0.49875876287590748 0.17177861115904006
0.61743679006308905 0.58466410582624462
0.79304277134837942 0.47527207704594138
0.23834890860609897 0.64148502764077675
0.83860562122512450 0.42926327015662880
0.73906375706051985 0.23350480997404210
0.41987246742478584 0.85180130673089682
0.48558692438449486 0.41547236914709951
0.24188440010735759 0.43132307593590269
0.45898501653631685 0.21391308723799268
0.67713243932295664 0.14990922150017474
0.51127907354343494 0.44851621979553913
0.44111400284368935 0.51423337584814166
0.67286932851106240 0.50459339535848513
0.66207015001091718 0.39963520314753215
0.57226149235204149 0.31181583503380839
0.47230441365305298 0.77592818490497018
0.34933275380794365 0.35755557669035559
0.49619515102279488 0.74118144697787947
0.39892009475208934 0.47359607076193916
0.59016445075825819 0.61734283986014971
0.43313426528664706 0.34148259323160990
0.30778494246187782 0.41685654954390938
0.20199803085051798 0.52502202385378371
0.36877989303751091 0.39058336921073239
0.38368157722092572 0.29352388198947654
0.76393509659471237 0.27424974872679803
0.74985546407197012 0.38650474968042714
0.43845120678470773 0.68293526135127847
0.75011452703846992 0.24160302557120708
0.42365429863104659 0.41411964233421644
0.22958544547468157 0.43855810875413648
0.34960424080721320 0.26070573063912994
0.24445830263547424 0.76857240039794184
0.46300135281892790 0.67073321970013366
0.25327673972432185 0.61569740848511034
0.79073482484792212 0.37919935010979572
0.77560588014478171 0.52697071944204754
0.58741946355416230 0.16496358586752763
0.65491762153281885 0.69521453764897823
0.29560478853482447 0.54976064080946330
0.62637052351802802 0.44523814598470113
0.57646347357006489 0.22287782575866033
0.69942706248628383 0.54909832993511953
0.47759587561082928 0.17959026801762668
0.55141317996761796 0.38299120497648564
0.76109277492431471 0.56703999378235848
0.77184448679215456 0.43471763159377108
0.35906298535794812 0.67785200678867441
0.63782862691076425 0.42712544146716269
0.72631763481058642 0.67045588205399409
0.61509353430753988 0.63969790193950260
0.20494845095688918 0.51408154064453648
0.56788223393267034 0.71660299360465518
0.41956465462931847 0.72398017091991118
0.50960683619096836 0.38774874467537807
0.21884191569058281 0.71749157439700495
0.26656304782176427 0.79373102779389737
0.41964250002621628 0.78813902453507301
0.30903761722914536 0.40893062138665620
0.77473567374952701 0.19604347789931209
0.69802957695806234 0.33244243825380343
0.77351701788736915 0.38109102332204914
0.56894196976936851 0.78969201952199208
0.50492950545343240 0.29094281341882494
0.73252363771394580 0.46935309801698721
0.50542243602648096 0.58522109573989045
0.47588235105845422 0.31923071507939771
0.54252581685529710 0.67847515693985172
0.64596241832247026 0.52492978396993961
0.26463937540606575 0.68114098485688634
0.53195685550806537 0.82349616752438903
0.62677901231352418 0.45614582000074788
0.50996851403384080 0.77443155997450319
0.32443720500461493 0.87023028264457181
0.29157023859284464 0.31030530436985909
0.34544116935475144 0.29956462520392874
0.19297374965266748 0.66031214389527326
0.41043694803023445 0.78003153275694059
0.47871512511464626 0.25874287473504543
0.40363539238333601 0.27985226256001661
0.77834655654388007 0.19883385821058602
0.34461688011182490 0.28496276861751535
0.33869476069666493 0.76441725527669213
0.56956534682384796 0.78516297733082807
0.76062697688113290 0.40187621941437085
0.76498626597707409 0.31925037618944563
0.39779127782820450 0.73284807014445041
0.41213046304186612 0.27435260181650489
0.68898406535368162 0.25714757170749736
0.40698898115627891 0.21469934463293808
0.25356509156815932 0.48059812024231185
0.64330899063572544 0.63591376660291332
0.45273648625205137 0.64713806625128845
0.37897103253679809 0.88498629996754774
0.44995465590925626 0.82699185571361489
0.23223340105201085 0.74829701330773546
0.48121044151007730 0.65764136830072040
0.33207040748448896 0.40251360956679499
0.63926382741725107 0.43813884255855867
0.66557262822525032 0.19689268690142042
0.78195676283579574 0.21387973071389349
0.39206153897749357 0.83579962824319809
0.83805843333087049 0.37215405222634346
0.60914404412302869 0.31112333546699905
0.35761093697697066 0.33791841092208685
0.24507889127602892 0.67594608828440539
0.80126336205083426 0.30440639459418461
0.69243539963031520 0.51531257623369264
0.71963845649398528 0.56192139797481766
0.24165629293239649 0.53135469600052310
0.46362199870452098 0.50940506577568279
0.77871428996387304 0.51260140649568275
0.58517948579563717 0.80511804311073931
0.26191882817355222 0.36306256731393716
0.55074524317696194 0.15243733786117469
0.25324833847154771 0.64052934849779464
0.31504394560640842 0.48542078098347857
0.73378383968085559 0.17629229222097581
0.60931374241107339 0.60938816334917811
0.76335239814412326 0.18977458034106925
0.31033707784452136 0.31704589802120275
0.45487965518408890 0.86072723633182502
0.40546711918988154 0.78306729181067658
0.55017743874203795 0.68659424033714989
0.21344629816555749 0.66692624393392541
0.68155974923786999 0.52610430654856033
0.68464070259125331 0.15080172564522867
0.19934051641639045 0.72628361403780084
0.36113759698502973 0.41037732013627748
0.64824091951148499 0.69099841785366478
0.39658687514207230 0.26721436856101316
0.29717065298728351 0.33137532697415006
0.66402929363734642 0.34556514746706118
0.42973893539464270 0.82465848080691917
0.65303059817883757 0.55775315327352204
0.65910034542633200 0.30025577641425982
0.52673901417346836 0.73970779418129740
0.27876019931267076 0.55882923825291808
0.64668826170865223 0.65773822031910678
0.45158608755205165 0.23724834504619258
0.73933827796702811 0.57301894269970810
0.28619123763215831 0.83667471472549071
0.51651018549702177 0.19387573542040026
0.77264593681145510 0.16595720217031740
0.58995225843774368 0.74731925973789970
0.77743367196672364 0.58438488834690705
0.26138945590005497 0.80398429844733821
0.64664282671862738 0.53069785126235214
0.26732473237755716 0.47649092002103860
0.57707086385473705 0.56318641086277843
0.76343739375171504 0.49401569264420231
0.21387407555451005 0.66304990610192727
0.21941945072888691 0.58742487319761194
0.55591287541300383 0.17847391193668188
0.64625559701582125 0.68647187822685596
0.25379130051648785 0.63063613633629756
0.41254885924658502 0.23180034729564492
0.28596475962495632 0.80175921341030210
0.61670062928924696 0.71222254380510353
0.78389883738723098 0.59031536769062254
0.38830991882798244 0.81321410157245855
0.38678863524174656 0.30875836205140611
0.40115039419790255 0.25127806580473611
0.78465962574816772 0.22756107376782031
0.72791789038231403 0.62034441401138929
0.55472244539057658 0.58954984170662172
0.64624046485202524 0.15037665352638135
0.26114011807783089 0.41313059682416370
0.20884752069617965 0.67580042260092166
0.58196659195500389 0.44581036077784730
0.52305099962439128 0.23564457451776802
0.41650975996214062 0.80571544783450499
0.76993907544766849 0.26622144863511094
0.45693209462129741 0.45603836140605070
0.26062404592544652 0.78858729954581563
0.69381232441986163 0.56295804047797726
0.27436127598232962 0.30143307252641494
0.41605554394132260 0.23294220678496447
0.42978688470562171 0.78344577644118829
0.19179965912270330 0.67647922954382900
0.76917072540562625 0.59905336010720867
0.76605284672540308 0.21240725547989803
0.35557472585186978 0.55453752438948212
0.45555447482632544 0.74264803606857632
0.52715159549962032 0.57954485670450628
0.26329671055306869 0.78556512649076415
0.36159719217934000 0.30828933692789934
0.41800667304684819 0.84200565406936301
0.45033764006002175 0.27944546935040476
0.59555810106156692 0.16715441362785488
0.46618968171321473 0.78295832432911361
0.59340900414539965 0.76971418842672512
0.44742033924092423 0.26437442242905773
0.51975468005482184 0.31484218126913155
0.71805085051077411 0.45452164920325655
0.53135760333448001 0.74249421889307377
0.28049752039532871 0.41826664761886512
0.48756139010610833 0.39600506843766436
0.46930527122129284 0.16105328480663353
0.35044694621927441 0.55099174522170580
0.42416939003469756 0.34860235920113092
0.43397119589843181 0.41671988054671166
0.46482265319926996 0.82134120536597388
0.31848444490478034 0.65813680908470540
0.63264043349506616 0.58178079521147563
0.20044582818463411 0.60252035268350734
0.23862364880242851 0.44653586801423073
0.34716092141324256 0.28070736858814926
0.22522870182405991 0.71544248929425214
0.67537373160627157 0.64576131307371276
0.79125931365227520 0.54279928083632090
0.65251106119592961 0.37959769374278085
0.31701547932140939 0.29754486124794238
0.24040236378034269 0.71242508187812226
0.75001089687451294 0.30030710115043729
0.69438727732437155 0.62085347755936593
0.49545346765166198 0.52739808582153103
0.59981928134426088 0.47447330356945999
0.56363554616545475 0.71946098774358147
0.19634768782087120 0.74188612148251720
0.75993948562832170 0.35766028656598992
0.50141305266794745 0.56936512903525804
0.57222513819907117 0.17267065896538980
0.40214501745039938 0.49765907349633720
0.49308247022954788 0.42689124795800898
0.76062809003743115 0.28946781881386252
0.48379754594664487 0.25773348492322345
0.50396725097044737 0.82712940234178856
0.34505508268872020 0.30430374177715835
0.65392879655653013 0.30313357078192105
0.27550594628091696 0.28715294667101354
0.28384834094844502 0.61303348602733110
0.33401615649336003 0.60360841668969589
0.47001890376008820 0.77144684761412086
0.79718237546738080 0.31204087634554778
0.42113810222951675 0.20358741893903179
0.50517834672020523 0.15791476627069520
0.24781816577619126 0.40930674596988120
0.74791918779168498 0.51479180294924176
0.39649702366601591 0.26222143288753225
0.57644640177703610 0.64187739136538791
0.34519592200948895 0.78371174405101762
0.27401753635890103 0.82410357172517723
0.46232529295881863 0.34570284611753604
0.74567485942729284 0.64636149993622460
0.47019698315932179 0.76533520287888701
0.82757221291925576 0.39018219608439819
0.45874969595084059 0.26526531050041086
0.64088126675702406 0.43191628622258282
0.80871378922769321 0.51474162337757545
0.32093891458091911 0.35470777025207140
0.72332363544811340 0.38608796048578742
0.61755824059880371 0.77709786754218968
0.37609360650758883 0.28748575054607317
0.25911286255691479 0.48172176300581604
0.70877157669068569 0.56639558043493732
0.37627030345896051 0.82088061392118017
0.27535821940750160 0.29499157737193654
0.64357889726898487 0.24997903866607510
0.17362030577097720 0.67560875048383384
0.30329303556644271 0.48640225700325646
0.25533206179251106 0.84937835183111032
0.32604307933516241 0.32821899764183093
0.57286795692598913 0.81346783811061907
0.49905800121247018 0.57513254407241909
0.52209821746899454 0.73718588593065615
0.34705077633621434 0.42624935896932103
0.58909741023238016 0.23416699548987088
0.28298140638993241 0.51910076537522576
0.64336642114886811 0.56380908768764260
0.21212948489582353 0.43495024498148910
0.32916438522137087 0.81880036383666144
0.23871749954825444 0.79229986744684266
0.35578353514530126 0.23723450524642523
0.80040059868601432 0.25619286482047515
0.63451267217072715 0.15425712526202107
0.47284086794831520 0.59289761114177386
0.53829374864401514 0.53580063266073152
0.52600583942355839 0.32290633293990723
0.71451934163260156 0.11794303810073525
0.74892648088061764 0.23441628929268687
0.46951593530192587 0.17004104125657182
0.44986025202887103 0.74389558551840151
0.67843272644574404 0.31268988380918827
0.56650841698691701 0.67328071491354113
0.42678663272170569 0.19507857739860568
0.58593396272082598 0.79527313378235365
0.72848294508185207 0.23110162278036087
0.22097951927922083 0.60410891313211790
0.24457977103551837 0.59029033604255865
0.76249209796128670 0.16807966191126369
0.68561045277081356 0.63237092591283350
0.33056772001209339 0.73045106874700605
0.31197385024289309 0.36322617779837141
0.25796535492252248 0.63376247659243024
0.50480858996183997 0.41423041913233477
0.34737602488025976 0.66016870595836641
0.31727299383378832 0.79288474381391094
0.26777513675129933 0.85244385469012407
0.79563126055757216 0.21740596116558053
0.68451687780630843 0.62276532803749496
0.39816827503222291 0.56714083683801619
0.45252710421957204 0.51217463163608401
0.69638736628671505 0.55364091710028085
0.53814257538578247 0.15062291081753604
0.59144983098219994 0.34304779479625258
0.31774296882187159 0.27419280147238967
0.26301128476697522 0.51803560460442122
0.61493564085727326 0.33209998115904771
0.47470680277398986 0.47410199414685539
0.77664094431934061 0.59325176080781516
0.73757987812687209 0.18290067297831972
0.69114602354565213 0.52056625890655173
0.58212686768587529 0.40926668316718484
0.81003871310042319 0.22453840853029206
0.80265610812566834 0.42592496049896084
0.67767707762369533 0.20651783285772390
0.35571632863913655 0.59699735058952641
0.20258904194743535 0.46320999760156190
0.24329775648814311 0.58560046641375851
0.79650492258981598 0.50297093719621710
0.29823001952069250 0.36583103781750764
0.52164445752236610 0.30907626338121330
0.68104446242959549 0.15033478012528695
0.20968292916032844 0.59547263721828214
0.43208180341333302 0.22094562070897722
0.72075034324168930 0.30298622404651460
0.18463500530631294 0.74563961626303421
0.66291139072450922 0.22625596681678334
0.20104572014196342 0.77203059525262463
0.36955669216732423 0.49807504019811255
0.70679907228404959 0.33962429031789843
0.36271491906360209 0.44218719968926201
0.53611121125716954 0.42627566185819910
0.34110909572141207 0.79827224004349473
0.21957793255119765 0.79545139341258075
0.81025009848931218 0.30818076515184256
0.78161087017723641 0.26651633960510263
0.59013591217963524 0.41350051825337941
0.75258714616686917 0.66658747948697794
0.42266140986135925 0.42021203492003023
0.39943214846211961 0.19358301086881630
0.55094414386611879 0.30276576480934181
0.49096671777619566 0.68582030910254743
0.59086948776304749 0.37039961877402339
0.52946296000467474 0.59904661388958902
0.49097171743949369 0.76284258940815763
0.78960860020616386 0.44467724690910543
0.28984982227318695 0.33000141266508709
0.31539339042014519 0.82829764212064361
0.70401656610244356 0.18721341962284757
0.57518030764685601 0.25487899099208799
0.32345925029796252 0.26196260454074199
0.47978467599539698 0.21570961926793167
0.34507679019424692 0.41193285585087913
0.67020372370776926 0.24310387276693024
0.75121360204206544 0.32642530176049345
0.37596733480782729 0.76339861530974062
0.75963480077548262 0.37964949078001164
0.46474088905277688 0.73063567560914322
0.57642035781185563 0.79920011640336064
0.39800219301588324 0.45617719011970415
0.44964247534159263 0.85672079574829152
0.84005624216046071 0.28490973813433584
0.42851758613125213 0.46181539883153855
0.23004408343531127 0.66175207763389532
0.29356035390786250 0.76069082826801238
0.79630433869116501 0.35291750079525241
0.44325769414725802 0.27644842939220182
0.73645427684051690 0.59676286907222353
0.51877328974615367 0.54676285048503093
0.46756772622325604 0.56713629363580487
0.77336369090064283 0.46872442444620777
0.52511185398525495 0.25240730504902864
0.78173873282996920 0.24893783353612212
0.26332676569405983 0.63563849708349540
0.53582034612329343 0.65532974181560011
0.68453566458692783 0.38726760171353664
0.37486160744311864 0.51328202637810150
0.27804606589085545 0.49249479554510134
0.39935056705277666 0.67088000571095763
0.27424843014811640 0.32096659723312226
0.78896094401583494 0.53473090124109968
0.61072675739349758 0.47139701693621433
0.63104446640667278 0.70626710861105391
0.25096529744021612 0.48456979532426503
0.60561980388494896 0.51319570394092162
0.50397545178636693 0.17827998381561194
0.30359566782967090 0.80342154024288281
0.81616935190470330 0.51267391431230180
0.47946366529000417 0.22368794234753919
0.39008522791965039 0.25666140523220410
0.39538109951462774 0.23355490740187679
0.67083428479212004 0.45153292988737875
0.59172448064294314 0.14276119746295154
0.74712634114321397 0.36541724300680994
0.78366113241260771 0.46627233530555623
0.45042131988123879 0.26919046267552316
0.73046248069646613 0.14241921458866569
0.56336747192341596 0.12510940448307836
0.71735380317038999 0.40668074475472848
0.49439609996300160 0.52124147317470249
0.23951567713882965 0.76450149457386130
0.33749480516567065 0.82105427502757755
0.30487833538240738 0.61203815174092036
0.78521988391334685 0.19062220890071113
0.25053221881882326 0.76283579527360623
0.55084735849689126 0.82211432834682574
0.73428720095505406 0.43269151449957688
0.29588491569843856 0.31745248495790462
0.77707804357416344 0.52182796587897817
0.71747787898357274 0.37155532368539951
0.49516484019225404 0.18383190701390528
0.18331342081968666 0.60980771462844008
0.70325606292968534 0.61091935965197686
0.44615696452959763 0.16521197849535688
0.56759821586151449 0.25559371436696826
0.66516245503002114 0.45251199337568304
0.53546003435442224 0.79535170929523258
0.58685202701604400 0.51751654841755190
0.21161849947461281 0.68197018830837730
0.46643091449123308 0.48140127378293013
0.29979561782541869 0.81250535928270828
0.48463336104608368 0.80527046644313249
0.52300226927315130 0.14145146276547715
0.54281966595447884 0.33664826524849123
0.72014114315337663 0.62014099727392125
0.81434017640626211 0.25780613179750267
0.21138055825761631 0.65682745202039128
0.23872243850843688 0.49633622175129977
0.35733009390501463 0.86117051340805217
0.40853872244057776 0.63345583279763074
0.36070978103277490 0.71475325801981271
0.68193903527616773 0.42661924897267078
0.73551945812108022 0.70293729979044806
0.69083257487525640 0.48575632265264385
0.35587115388534546 0.31466447530096919
0.34359701288953248 0.85632911147792767
0.49808856475240743 0.62150293243684340
0.27798175025197014 0.86143688773786242
0.54197668051498438 0.57486132325515915
0.79211000300681589 0.36008656008246476
0.83005900042823877 0.31581027239700277
0.21146213428545474 0.50995907995937095
0.60045583806825475 0.56559302332768979
0.57595358897841242 0.74135043128450395
0.42937420337651333 0.58925974885722554
0.73738696112252611 0.46019427313598410
0.32336765248451632 0.39894516323562762
0.69526478416594328 0.72135664259990995
0.21282598896549537 0.59331536879718894
0.48002226706509044 0.47150204615734659
0.32740063812714437 0.33233683808309222
0.35125819339275854 0.22261166629367696
0.45538675352050678 0.73023427492041837
0.27248281265395807 0.46673462295983414
0.27271660571604700 0.62449088263110741
0.39097902954757990 0.84879398087923263
0.43896200180129241 0.59851186869590012
0.39847797401865082 0.29201034782819107
0.60085312524006940 0.16742970847024047
0.31653111388604971 0.85977326053111736
0.44901698294920506 0.80955157854588689
0.17940574637817944 0.62571894531525973
0.61093080288811918 0.30549978041722636
0.74542131018192115 0.40103388867675593
0.69193468439464534 0.31156774075787408
0.22640063806413857 0.62432530790987573
0.47337492383728330 0.62208427698852053
0.55836874414863058 0.73562476340646532
0.70682553820124983 0.14898064161500593
0.76219625185232998 0.21462165394400917
0.70261572875503353 0.69649100199689962
0.60832885961533900 0.15425092741883645
0.71607234584026536 0.60686700441141517
0.35241841573958715 0.50289310790254471
0.56834548970068499 0.12846468721277426
0.59757917617625833 0.71361540512640498
0.77721881868823106 0.17529997671732414
0.24669296441336144 0.55406345798697609
0.29568107350793776 0.75135920549512236
0.30994122929810625 0.29834569483701961
0.47218518723218716 0.16508729639368552
0.76782675700204561 0.49718776587521135
0.46502618561290432 0.49595117399567912
0.54250986033180415 0.54647560039909027
0.40537330586407277 0.22826976228062337
0.65822242002957421 0.13081943059557891
0.26860662096128340 0.50492786872166073
0.54854940306978262 0.79034020496633428
0.57475923141469099 0.36825122414743472
0.25162249442556794 0.48917881633765814
0.79752834660586747 0.53342945326886682
0.23480903302626649 0.64598889874068766
0.62702583538398415 0.68594073031581626
0.69538437461589941 0.19526852100346875
0.47122911182346161 0.53936551612617256
0.65856934098698683 0.31282709086368804
0.63516509087461892 0.76987507590073634
0.71924104051633275 0.24608417801280685
0.25748486963398387 0.39693675515806781
0.57624064853635026 0.40486804127006032
0.71810574162537910 0.38444210726698580
0.35831451410605175 0.47236894691964870
0.63272248059078762 0.20370144549972891
0.76073610256878688 0.60940977173948230
0.75670007791357385 0.57782075939450284
0.19117357186957812 0.72230000585899745
0.23246387176391226 0.83304803927390125
0.74250705802413119 0.63873349838847093
0.36722226752691634 0.39705024755564955
0.16504721415354623 0.60976771091941562
0.65247324958014707 0.26983710341811784
0.73759369288742316 0.56741314544440247
0.42104733953193885 0.51892721918913887
0.69562016529091308 0.12190381219287640
0.24290945767033001 0.68521391558881550
0.64083905139442598 0.50973525257770391
0.57520891412362740 0.80368331475581622
0.63561355487828830 0.61626518679089037
0.20384931279892637 0.49605714592866873
0.29972108699654543 0.40447557721741273
0.33663416543643426 0.39231762896396705
0.58130377089892860 0.20901094840227002
0.70664209736822292 0.60660194573355619
0.36715524185861548 0.83636089662994462
0.59047579223137148 0.80561409413680685
0.39729712088836400 0.50772951018915236
0.39339125168683037 0.25084954727192493
0.56117176191146179 0.28878321207209467
0.69739084901157522 0.29028905366214647
0.23153581611617449 0.75907044064575713
0.24877733407141503 0.39023881100027935
0.34885194176718121 0.43584806333107562
0.27075388897729036 0.31676202164200434
0.60686476334173389 0.36541534435383116
0.58022330661896637 0.70753255478692412
0.27587153550203780 0.75466800451132299
0.41700359038376617 0.62140668107571484
0.19136519086606341 0.72686015840458185
0.50679975897736418 0.86034408824704234
0.40123268375317123 0.44703017964846753
0.78836098622722650 0.41434295115984399
0.77818237271514179 0.44100087726087212
0.43080918723372319 0.50138465542654709
0.38743189535520928 0.26907017512414072
0.69050069820380655 0.11573822883010448
0.49502240621881310 0.61699369969510010
0.57707264050391394 0.72782358717036488
0.19968700002845868 0.51865655721756720
0.60862497210539335 0.76103705506709496
0.74582765300212950 0.39552716914805713
0.52722899242189292 0.52138171694167901
0.64746399469031535 0.16011241003925963
0.68704724511959470 0.40350033969054899
0.70324839859451871 0.62470426468091766
0.43626967416631374 0.85056760935851661
0.63228601634501003 0.52227370390000316
0.36971074625124151 0.77739245363255283
0.37636995066331480 0.41762673056378929
0.33983640457196163 0.78489902372218068
0.71359561939277438 0.36126868654404887
0.65716919689510200 0.22873549024393880
0.61782952315114370 0.31921786240327288
0.65024729196497988 0.64345093321512281
0.32772324075560066 0.67053077905112324
0.44456587585669044 0.22657593342801285
0.57817102223107808 0.25942778717112769
0.21979903663472511 0.47166072593456138
0.45165328617908723 0.18006513815651981
0.53198819242837359 0.32720024688320282
0.75666563310924773 0.47326625894556007
0.61412748415956286 0.38810682018761128
0.55830168825948356 0.79660962308475280
0.67288098533912777 0.12902190679965198
0.31962426971960556 0.30812101511961804
0.41580705101685511 0.61578873823321667
0.61546486841920034 0.45908461450888383
0.62221015386282408 0.36224129961243823
0.28923278425626398 0.61642651779228974
0.33653703298818072 0.44056711266051041
0.53803266984918041 0.59126455174190395
0.62428929931866772 0.78961326263182674
0.73968820713587669 0.31948638586989347
0.54507257174950308 0.17748630219305406
0.24303134494776379 0.52658915593578048
0.69760157957484481 0.30262408909574762
0.26692866988759550 0.82768442588704283
0.69285434430731796 0.41881754898577334
0.16888277536265123 0.55669672423832917
0.29790873909346427 0.31343040779432346
0.47937706897475241 0.68735762976257009
0.69300762198941979 0.34915668252027188
0.47269123426605392 0.17285670871065401
0.40507331238380972 0.77734534028332569
0.21064702101862981 0.47990702939749041
0.23099132381242996 0.72075124907338761
0.49426182059000512 0.62551224994073229
0.31639582913647013 0.75837462993703098
0.33093645638673280 0.27245216694921892
0.78417694212872835 0.57678630088362870
0.58834470693225960 0.18943847185364962
0.57237510557968396 0.38900250600988256
0.69614585325191936 0.15234600918878366
0.40306702804005573 0.31344546573256038
0.58422034500806175 0.64453230887402946
0.41835268460488978 0.84653927225647596
0.70027533347378168 0.47379236097691324
0.53580651091352272 0.71021236537617227
0.23256444889147448 0.60088496560361793
0.50141805680225526 0.26149221238035619
0.23197646875524824 0.42712686783857590
0.77709058781089768 0.40719938759385521
0.25217539536772399 0.79590286698087631
0.59738660257841203 0.15074661739202186
0.58745149935123320 0.71461797903980795
0.45115134368485332 0.57280030949912542
0.20015212555974363 0.59863083513684734
0.48421651754608913 0.33322268965323132
0.28029751818734261 0.29835353251346364
0.30720154918678727 0.36504948878577831
0.23725618621601047 0.55979171564095054
0.69583545220569099 0.68344066409537430
0.39094518395056443 0.27787673873873642
0.51154002526711717 0.74170880818134921
0.49799916165853408 0.23535659236105810
0.31558073095134603 0.32567678562892538
0.44555827678274196 0.57504524910665733
0.63396354136945632 0.76425770287383277
0.47289378351628591 0.82446708193214757
0.28487151441159292 0.30184884332330164
0.72285206517145495 0.28769176776954702
0.38587175709412747 0.65795669286890757
0.45692685864181226 0.20998204512720475
0.56991145677732247 0.23103339290813765
0.64441816998853885 0.34134264055120128
0.74841937643110845 0.36030517728048839
0.28257957613255169 0.36989462969048020
0.61938747085865975 0.45091616348746699
0.21878531002675511 0.62853521895451259
0.72442241340080904 0.58838443837132970
0.24122239626363390 0.45728420615030818
0.30626929855633628 0.54650366053989774
0.32145474307480576 0.55214622393541668
0.19734775681803146 0.46448829344345854
0.26518887964783056 0.43780108896514808
0.42745362301837586 0.39172979414361847
0.30991688140289975 0.48327895088727330
0.45360565935032932 0.33786065669006421
0.43330195766582869 0.68581598576580538
0.79735049440617323 0.44077868067664006
0.53106046671034624 0.36687919334910363
0.35106491831221209 0.34575740893353801
0.60444474351551336 0.56069304094833305
0.39250970543250352 0.34732183205045219
0.52889414979744998 0.85190244257223458
0.61366761937102432 0.21366247167961017
0.24756270690771309 0.71696295512979291
0.59008648821362397 0.61183233539740334
0.81190876378465671 0.36223267073324628
0.68281566769565594 0.58476739720400284
0.20151748570435096 0.56694633426765040
0.22739859766456078 0.72788411076211723
0.31417266706260216 0.73527315749874500
0.81280890174344045 0.44140486784788974
0.64109974180446572 0.19142568826849005
0.21511125871007600 0.47436194973629658
0.27897314689213770 0.30836182762126496
0.79941094351304820 0.32220522411079633
0.77641004960432425 0.50870218908969200
0.55363440031188049 0.55820571759845650
0.28063298825653432 0.35668143229524774
0.63163800839714734 0.53472784846218890
0.21598399181278244 0.72063236974287914
0.58838734023905948 0.70077707545959744
0.49879561645656589 0.60094574928192568
0.78452029890944941 0.53938605312600851
0.78998438337764310 0.38391500604426754
0.50466651815817754 0.51770324110361876
0.34063231261741678 0.58258353610466296
0.39364671850242228 0.25900564873274012
0.36978018570258198 0.20175584003576957
0.70462541188795846 0.49163293497733723
0.41846419344142660 0.68667996778014750
0.58102859624090430 0.79107238003725366
0.38367674071930014 0.81509349595519298
0.19291789992075847 0.59477577444160645
0.74121590208887744 0.37995424385547172
0.44893487729959591 0.21593237376866309
0.57714087378145629 0.75585639654576364
0.67935705565799820 0.59195983935642782
0.54129560753556327 0.42216165166147396
0.61016312716205467 0.78359755726637936
0.34879698660397623 0.83634052126757008
0.44444546245110483 0.77557875074196780
0.21825580222514579 0.57286022751853727
0.51182701606672132 0.73644272027567670
0.33608268267289804 0.50106584427441625
0.40411556597492454 0.32487107533091791
0.53745585548724084 0.51670810344515994
0.75797992560855842 0.36784137632423058
0.39495902253115467 0.66664753902788754
0.75944090626383876 0.19099120477692766
0.28599170483857611 0.34028467273139273
0.70445851724117159 0.68775828214601653
0.18336261446279511 0.64850012551925784
0.44214238755601221 0.19373038193265305
0.38852629491083934 0.38751360425129633
0.56110666189185832 0.41572700148526304
0.63416674000586792 0.59277819042433422
0.24455201727232681 0.79575664862199091
0.72417334710700265 0.60462827834783239
0.44858729078396342 0.39208722107071370
0.16539353474741247 0.57399534145273612
0.36955180162371482 0.72234476426107119
0.47457545947365115 0.54893615642772675
0.23604833912539350 0.34418480093944070
0.29121365203758942 0.41893167136685050
0.61513240768606126 0.24237087554014661
0.41373837126486057 0.25562629093389833
0.36878320392021757 0.24742836794004958
0.37336797040947617 0.48465203661494505
0.71309526751578167 0.48612317312904507
0.25427860665261626 0.47296094195552874
0.48557628703477251 0.30190928541333090
0.79293036811510753 0.29515810499146544
0.50819364611828910 0.51316663045382516
0.39693369978517423 0.85577724752272699
0.19395456661698746 0.63410433965168056
0.39336029697623759 0.47629880342538733
0.20666819876777723 0.50312146453712314
0.71664397878839847 0.50235777335062604
0.69298399256671284 0.35457611524240762
0.47264610765175197 0.20418153628013194
0.44848541108505879 0.83676508291355112
0.51570653359900986 0.33381551374891810
0.47254223303373910 0.81593746576235537
0.19697590927323821 0.63185785063800082
0.19266054162616103 0.65279707372210016
0.43763823951380498 0.74681078439635185
0.71298952472194022 0.65220152707651557
0.33474892325726541 0.55286058747204170
0.54193636233118880 0.31206927139380497
0.32373690699010776 0.59864625772962010
0.70152967373025388 0.72152373179832763
0.45249733212643883 0.31482439677434304
0.68139869409445064 0.19216974974477233
0.72390488882569515 0.65211374900363017
0.30731969929815378 0.36041500157419848
0.79743450818353268 0.41852125519274558
0.49438127010401112 0.54209001701980108
0.43403683174498253 0.46119392354396976
0.54567107498034551 0.30084976026938742
0.70020204734836167 0.14002928325815800
0.34962650413741114 0.73872659863975931
0.72960032203916170 0.40360028336455844
0.79320136533748720 0.53415662887231541
0.72697491895365984 0.50107938394872720
0.43218458824550227 0.29174147921221005
0.22738864131825570 0.79352638318865409
0.28792961152826879 0.67902889651425824
0.45155911865158022 0.40309660917090390
0.72818708481774519 0.37665708819587890
0.23200040877841779 0.76275521585007322
0.36673210700478692 0.69218879274264578
0.24045921069392528 0.65184195884747476
0.35917269275542274 0.27058907570510660
0.79709182458195649 0.22743564541040498
0.33111518357306097 0.49797859482023710
0.47544077575077526 0.64369394874379615
0.46870923542665116 0.20401910800323320
0.62838661360196479 0.26045376898018435
0.36389651448589344 0.50601402442367038
0.26203814765665961 0.45243885079693863
0.50849797352315651 0.60698673420164218
0.37481435108952210 0.21908141890024893
0.43128337713401393 0.43945016307219475
0.62637991046950192 0.24625085511044048
0.75593875028207569 0.45833575084956724
0.31261570779729753 0.50173453329959417
0.23201147042515491 0.53313340769830952
0.49447169285503256 0.33966428439629881
0.60463988219339337 0.67917605331820052
0.56503668047313693 0.32174652911459867
0.36602852226061722 0.83032658632598677
0.20438776123682206 0.50594543289337757
0.68694009811285905 0.18600348669960509
0.65446866829776884 0.21906199608029267
0.44414375750497503 0.30383387702232661
0.19638963293418046 0.66309670094559126
0.62785982116668571 0.77197346114278242
0.34496389325322108 0.36037622529874952
0.38583589406628227 0.23943892424177732
0.78834927124072407 0.29339440261275607
0.65410314474483766 0.24614847349405414
0.50862451510042950 0.18336189638798234
0.69131597914766596 0.32868093623866879
0.32488579889533176 0.26694779558252724
0.45118049210818062 0.71981638787508584
0.73165875237153533 0.42169854314996702
0.79758641715491241 0.53779489272867920
0.45851470326502852 0.45069266069253899
0.19786113952714746 0.42360390625552702
0.65757847686565918 0.16302974987749722
0.19789404783258149 0.56490198737043928
0.62046983331335004 0.69934827266419364
0.29379863041497584 0.85439569059403220
0.64046834286093757 0.19649108651822847
0.45458100875390972 0.19893229815078764
0.48567813128160858 0.66802953949582833
0.28022772269347518 0.39304636471526333
0.34571814603069756 0.24435560048103916
0.26495182546540103 0.70563223175353607
0.34017646353775044 0.52644513466054810
0.48022753800687490 0.46567700294728542
0.63820834790072212 0.56177906574115111
0.36726560950649034 0.72803628771342921
0.70915805673699972 0.65067017876436439
0.60160890349147167 0.75489171192093152
0.72274023572891344 0.37471079864826085
0.38013930443232319 0.49307008897834198
0.29435417969739441 0.32135963501977183
0.67197222862096606 0.72499390564490929
0.66791853706208848 0.72655177630597179
0.22077242636822994 0.48188143253255472
0.31867139002990030 0.26993271786561052
0.20492776422123898 0.52734663673900839
0.59681039491285515 0.53173414617567671
0.64943260271968040 0.74419261767558953
0.30165673295405471 0.27809401414356805
0.26236939670944509 0.37932011191661408
0.39186381027623340 0.20167070638255916
0.47758157436456494 0.34864726451162631
0.60292532411174449 0.42624503683742354
0.45858658390750523 0.17611417418325329
0.23127528304743838 0.71003809938287232
0.65161884891445254 0.73375855185080774
0.44281586981449017 0.54338253716556906
0.23439816588791199 0.63230421124861280
0.24147842429547595 0.54597418553984611
0.77424849828174191 0.60753026298323232
0.52129842006346561 0.17314891537278568
0.41710392216107622 0.59538074706253930
0.49633754901665916 0.68967049763205479
0.31269184947589768 0.37317618973221794
0.45071809027028170 0.71373015119130800
0.34647944569743672 0.47003678233053858
0.57174891498796288 0.25923411665478663
0.69071866540170745 0.66236436028327073
0.78268893708603093 0.40759441856038992
0.51778045961444774 0.17193137680409568
0.27382293172745326 0.54242828968473566
0.45723037922545112 0.83722806528062210
0.73189748632466611 0.62446289967801838
0.35618436523567187 0.40050732624127916
0.60507504630570608 0.78515765349974598
0.59348344635543726 0.60531059957736089
0.56235040897239397 0.24439503074842586
0.61854548492157835 0.71670680055310521
0.22962516790302451 0.70529590277448906
0.45488084316862182 0.58304243045881876
0.27715297484579238 0.71173051337158333
0.31595846610769029 0.26494773199608834
0.40179955247608334 0.73975370018186304
0.61186365739439585 0.65391519340106163
0.30289378053249172 0.52987265918071780
0.64040241600282899 0.48372969946352767
0.84160104244649481 0.46500939842956635
0.33556983366769183 0.56864977763030966
0.26784824237408944 0.41453231506274579
0.32477826078877264 0.67510849084109437
0.81231473985693470 0.38370866919702873
0.65967918642689904 0.14832731696083737
0.22538211493117821 0.70447337633114082
0.26342063759255141 0.34836240104347171
0.24038215079727923 0.68980724353926104
0.43668138137412726 0.21555827302147540
0.74447109201106887 0.24366244612192217
0.42919925316242113 0.21887182313300485
0.24472734987469941 0.42019460601382397
0.50450724660752311 0.78067311530118222
0.37895799653207579 0.56615866600312592
0.19246669481181869 0.55142997031125796
0.31344563455862751 0.56030481756692452
0.50686019398884297 0.69465731953073917
0.43697269777994779 0.22698166813609813
0.35884557744383916 0.84554298680088824
0.64433973180286697 0.67237167333828918
0.68366999239527804 0.61323075674029792
0.46378742520280070 0.24449542228573240
0.37116174486893727 0.47339648556743980
0.44195624662492122 0.82487360590755188
0.40686147939145290 0.84548268673914051
0.61325316988660283 0.71566530877695689
0.60222649678421458 0.57771522183349433
0.75404534826946279 0.44200172726863296
0.63388216664929953 0.22741383873045901
0.73733787397316863 0.27764779717784915
0.34107154546107271 0.24545688898477505
0.63856941310014437 0.60738363106226512
0.54408169141149121 0.56388843651080101
0.56683781446308912 0.22147227309427311
0.74284669754662558 0.25881837123505991
0.47598977071185733 0.48310029875381377
0.19326431818186512 0.75136360846295669
0.25022999244759614 0.35102621281213109
0.42436833673894175 0.42549453441211282
0.23247941654979701 0.71426228250210433
0.24349503348743298 0.74974569904735777
0.47867169144785326 0.84569527419108148
0.76101599258230790 0.50939477889461204
0.36973347484894004 0.83281470960422210
0.26652353471823420 0.71081122205033975
0.33904670209538024 0.73744129445552908
0.30185432593996042 0.39925385875879149
0.22338372353211755 0.70071301098889205
0.49002588814339176 0.41114992879331830
0.80374364370706797 0.32441139164778071
0.25155482354087283 0.40890099644881550
0.19583598599929053 0.51946870220816677
0.70769891641170735 0.26854378801210838
0.67921601548037114 0.70135558920922381
0.69745388425538390 0.27668832382371944
0.32963196718021404 0.36005167667810301
0.25342733893300889 0.32421687967735474
0.35899494766891682 0.72037122651747387
0.25178257909168333 0.85689141387096612
0.66704788931447623 0.46833906979344186
0.72711625474902486 0.59719930533466026
0.72185871956477110 0.14162387878192001
0.61205064535232023 0.35537717247618833
0.32797206693897468 0.27940922279134139
0.74737880663060130 0.27976765544047189
0.29633979903604679 0.49522548333148897
0.62640869582949943 0.20752661684160945
0.52160293695145155 0.62686836207622032
0.35764716838030153 0.72608913815107690
0.38752255579399858 0.69582145666569473
0.28380599428304715 0.87093534993624400
0.21607561409613454 0.67323621010268897
0.78637982304460474 0.43577288834147848
0.46049430402766212 0.19665853193501348
0.46860795679332179 0.61975740305264426
0.31662049930141534 0.76853483817118173
0.28136762845819230 0.70838671229140870
0.35242333214865051 0.39569011202251253
0.73487478491940295 0.21364438752218584
0.62344605689807642 0.43422198705764115
0.55223516709065268 0.80232747908610647
0.37270403589862117 0.87819900072121193
0.21277538218743697 0.56352767495125511
0.28848238773736745 0.80871187271214318
0.23389480587084846 0.70680831673757372
0.48648378011673238 0.69583311526390390
0.24052022272256401 0.61032886792284213
0.51022351796491516 0.25969901532074691
0.46333900253341886 0.33894847647658161
0.51826813698642982 0.15203144096442123
0.38495061039586626 0.35700712784041461
0.60136589559555320 0.77162150698158705
0.52628852597758513 0.16098973331884620
0.69638798305220839 0.12703537040416268
0.67391368178973754 0.68968712979641800
0.42224994909428554 0.49292533034495678
0.40080995801185360 0.54336054430944047
0.30460575670449996 0.74038603665850611
0.77862671869995315 0.22178864081842556
0.39284429809245303 0.24336016771286223
0.30814928455939827 0.34713800974011033
0.50366760793972487 0.81374140765037950
0.41490122949542141 0.76259656798566255
0.42153542780979680 0.23761834638336254
0.70349390365244846 0.62002274493390064
0.33351872547596623 0.85707616211800641
0.44068423152005637 0.23046071614529631
0.37252862671215947 0.51998962031480422
0.38159756626899705 0.32742265471841114
0.60971797961460583 0.33774607666070772
0.73499360090927235 0.64846861416443646
0.32894350360164976 0.47449016394074445
0.49147165422818895 0.17695017004608651
0.24938048914594935 0.52225049667137435
0.79027116112904772 0.54707862140873464
0.25559907124315961 0.38382433244830999
0.30869643602475816 0.78941770061264438
0.59108710934071373 0.20887140150376732
0.54487885751285114 0.34223463133745891
0.45329456186626282 0.78829760468242149
0.44378587561967120 0.83333833083205522
0.61668426623113171 0.37208613989075073
0.21988183446936174 0.41528195300548187
0.50765096809874355 0.24354734615878493
0.78035582291154326 0.46283043109723565
0.78473100224842751 0.31142972779963352
0.84073176087828516 0.29221534656891213
0.52134306878294878 0.33771676287666652
0.56378644404893485 0.76686666642101131
0.32765506715271819 0.80927108897633693
0.57249900444150581 0.29203696466148565
0.79281132612124661 0.30547870183347869
0.81758014031722537 0.23248415118953483
0.54779045075750465 0.72472971790971530
0.59604086783720467 0.28841386506766981
0.57687432569695551 0.79489782278457199
0.70347186692511476 0.17791047946444519
0.71778105821886817 0.14008920336217681
0.38809366966375869 0.71272333736212978
0.28606967683753037 0.37538686339767274
0.30307821993312745 0.64828898260534795
0.25104126549448119 0.59585556119668759
0.65125040134404788 0.38520501560324605
0.49242207785586567 0.29048494519336771
0.62477065156854417 0.49153540583914035
0.35507152847011814 0.71570096693148266
0.48556701099345012 0.17916885750838357
0.65999148315913470 0.12139577850836944
0.32952855104260137 0.76278966099503309
0.22076480973134796 0.75736571207713199
0.24810220346429057 0.37750294212755886
0.72590199206113415 0.69940990802005054
0.35607840436576044 0.25849609152104336
0.74644796392109347 0.61459307780129480
0.73430524736654212 0.31563683231768602
0.82093328941991617 0.32168307740056906
0.43470419625581203 0.81273200984373095
0.69578127506354592 0.53049604539219775
0.49598217924644677 0.73520635632507325
0.24170294910268353 0.39279460434610136
0.50584596638805057 0.66185736078448465
0.30552090698067080 0.77054867122390480
0.72156152831149334 0.53854110779792075
0.50722961843582404 0.46008849885366693
0.60676892357637180 0.13969206651311405
0.61316952877516817 0.14427056524312926
0.41532065671236573 0.38907209664073983
0.77234155685821926 0.27542012902335222
0.52573138774878292 0.60445373152720627
0.58361917987020639 0.73740892403685854
0.22295093069034649 0.64001306790571144
0.69949365339697023 0.70644542583112924
0.43771895191854171 0.28937403295732311
0.57441014129006862 0.44980185682244600
0.24864000790409468 0.45243463612036178
0.37658697338066111 0.73119232834913606
0.47356436576490157 0.33961468543353251
0.48570436418976348 0.67355850350059754
0.67066546750265232 0.23761323746668353
0.25233074894385571 0.62557837283712570
0.21056429472418892 0.60359077997055399
0.34576060032613365 0.33546672777568309
0.44467525493833482 0.68399397470088608
0.64574548552481814 0.70600997097024010
0.58564350667555454 0.55565084324060821
0.62058035424435642 0.26827799158171461
0.62803061939538529 0.67241538094136166
0.20156698977735499 0.63383416984124186
0.51928677316800353 0.84932306214262265
0.24461129704302878 0.37491028808058946
0.57888245447378917 0.43974563814473777
0.71093816143923672 0.60491327129365358
0.47783303217245537 0.75355018836971399
0.29649422975706341 0.71466083212401232
0.74529836912970127 0.17062645955882649
0.59650759417913790 0.51468484905468814
0.33344337872876939 0.26926035273336918
0.73798387842184643 0.41316441696447487
0.30403455853076083 0.34616374614618528
0.30810423927387121 0.56300827362301376
0.68971499440990036 0.13350038032307496
0.57237566793416694 0.30218339411004991
0.33045324749246707 0.88338429992843959
0.56412676577551757 0.28397624573784697
0.81227308989369118 0.57646905917762759
0.37749670931855828 0.40417668188763545
0.68305813890933165 0.18308714051128433
0.31681289552490011 0.61927303103191766
0.66277604606995055 0.73959622641620548
0.56421084717269609 0.43198892117135568
0.28324224697227363 0.81016965530607554
0.26845565597975468 0.67174211018695396
0.41199895776511342 0.49750110517503116
0.52505651176654355 0.74964450583180930
0.82659988225134351 0.37622430217899816
0.49199749221701206 0.20609693205241830
0.76919020662021209 0.54474382035690594
0.26871343174858808 0.37881422559558631
0.40991640107127159 0.77471465896657521
0.58411739161045273 0.59134511791246569
0.78009668191587522 0.44578618047278740
0.20509666767136495 0.61682990737106802
0.70297957290872271 0.32279621614576659
0.65529200403554289 0.17488137201877710
0.26492791151600825 0.47192774848984953
0.27919727124246219 0.83184411093164679
0.75003427383943100 0.66088618071214289
0.36259200859208207 0.84858893747054176
0.21968905812734588 0.56465303571166614
0.56003674210097742 0.40977393793274874
0.32436867075335041 0.57447756946952677
0.56520323453687071 0.16429827287385884
0.75318394691628632 0.23141847161563961
0.55728489141481719 0.38216565426211574
0.24766846178501195 0.60039429991398641
0.39187726387440136 0.82579927013025856
0.56439543674143633 0.23304364116441478
0.44243366670764528 0.24302519522109281
0.82523643272260072 0.33352710391326845
0.65448800501322446 0.13271184302905109
0.18689411934669281 0.48866416795678513
0.56148939795511965 0.36179585187514279
0.25211811580888421 0.63547953140499280
0.22894510647822802 0.42426268989817656
0.52995461729452820 0.65350935159962398
0.78269908915765374 0.36058170773629833
0.66917068480522701 0.14400045608499812
0.70361171206167850 0.56549855620763689
0.38227749414441603 0.84567595744925894
0.54946939768840686 0.16198097197157851
0.62630994105910665 0.46199283944902081
0.41728914552941809 0.70544363754430794
0.55951248125198960 0.26249519375759284
0.42143292774730023 0.17879915331017260
0.28255183026460240 0.54801327263820521
0.63632109240106249 0.51278546785645407
0.21690746033364364 0.57646548887399707
0.48012859161076055 0.38722899923539011
0.81042233410305631 0.28437765522680414
0.48593263004418463 0.82249065015806455
0.59009713114656370 0.22229164041301078
0.32137147560078072 0.75655204568887946
0.46845286758428639 0.79206683190143656
0.17051218054571285 0.62531285243733581
0.26627822452669681 0.43330582964047992
0.44491100173267650 0.22267720892638110
0.33697289563785460 0.86360551848963152
0.34653606603072751 0.61924015755717232
0.49965923256956724 0.81786783557381026
0.36337759232607847 0.24141318968504347
0.37462722634407697 0.57646124902286067
0.23351677807289056 0.76636393346010312
0.69227802084980949 0.16769423970050978
0.22438823475400793 0.71145315745843851
0.63452028024924179 0.63016831707986709
0.22336316941986800 0.72200076979215932
0.65401028915169723 0.67237743889292034
0.19910294275995116 0.58595824970932675
0.59119357494516622 0.68520699745038383
0.80868317298104353 0.53753037827095707
0.81501924080268051 0.27720461752922360
0.64640452341375954 0.17853368149009008
0.28807502128545720 0.40365864253331885
0.36485332837268208 0.58296533931947336
0.34160590687828030 0.61498890603918632
0.76259543678675712 0.40684457810871788
0.33743552260898763 0.33580215401076924
0.67611391975586310 0.42861495510604036
0.18264472722528707 0.63021739371166352
0.75757772387315314 0.60617111468483453
0.32133467990385939 0.84951299215862530
0.69320951790572471 0.13092069841919721
0.83794847752693613 0.45123857612203988
0.73235999957282072 0.14690309466496937
0.71143817208468685 0.64251269094957775
0.60576818225063078 0.12107387806802999
0.59208601597180166 0.57735670829730590
0.34430411174021947 0.67184646213838684
0.57591456457357970 0.59424804588585600
0.52365401901900854 0.40138338742124624
0.70620578236833398 0.47189232822183108
0.79951422547252915 0.57587241684774915
0.79007743837026967 0.23371393763834969
0.47362502553535579 0.17943682195170066
0.60571809661417908 0.59709175992608055
0.34232683597952940 0.86138513565367902
0.50570343883982471 0.50612546230792677
0.51851373525211364 0.20307914732679924
0.31498890747686137 0.81933298456182380
0.77312066483826758 0.27004330550200895
0.37902850665468618 0.58024447257968115
0.53421946426174061 0.72122450638304381
0.22086700979794088 0.53209566782826623
0.45431337042265918 0.18765173995348927
0.82296916872263026 0.22872107997610414
0.48121984334584700 0.58644847617080487
0.78391402031303903 0.29071508846126271
0.22637633494912041 0.36900124454386984
0.73549150882714998 0.16335585182265747
0.50547666961440418 0.30848909757548448
0.67313515799924795 0.22710475164323174
0.60855492101960751 0.18134897171475767
0.28720675292574438 0.58165791059976835
0.80118847886497724 0.22984313020508920
0.22645149248407903 0.48711497058041497
0.66721592853446288 0.42079782564433155
0.26381882322143052 0.76185148186323515
0.42435965833073064 0.20574711774294910
0.31016348014467993 0.37906673680589320
0.62946164832880913 0.48155889156180104
0.60136772081738044 0.52836320926224012
0.68056201503807556 0.43748309096967036
0.38777946047456235 0.37705620591029065
0.80125712274791072 0.33337144927317930
0.82126114019770258 0.28331708350146834
0.48181900777038594 0.25261032692872626
0.31096594725568349 0.33573114327105646
0.53953184428685275 0.43333639139576252
0.78837136830929444 0.30331721501037201
0.23835041344758359 0.35235418974138338
0.56661825958108869 0.70267135340632403
0.57584090103777452 0.71788658547690831
0.19924393937976861 0.78746181696303652
0.43768757555286386 0.82598179138796568
0.29381052135788899 0.52274976075294033
0.66848581079065172 0.30653265718046047
0.50060741882590432 0.61517832922588345
0.71223958746991045 0.61896579588877376
0.78788904741058974 0.46815571518373766
0.81232236430636873 0.47726944165448965
0.17177703153452889 0.71525285164640606
0.35889422049080932 0.74238915519321014
0.29053510472345412 0.32236232169402135
0.45613651303450037 0.26027424747568834
0.79146236307271844 0.46018088348051089
0.60064873548242648 0.72319660718228562
0.49377243384938063 0.71791597827074694
0.29362726231112457 0.87399400665530236
0.30485744616727706 0.34233735074956295
0.58010778234700366 0.69845363995218623
0.48566654003945042 0.49076919036721378
0.47300304127639087 0.44555304164426129
0.23374821076919453 0.46548923903008360
0.74540614341399714 0.29158840703942696
0.74385606328204823 0.57437497710951901
0.32569086738314557 0.36309250312045621
0.65717190343224186 0.75712729083918173
0.27892783937840393 0.33522103591022973
0.59576561585377674 0.25812774196745664
0.63343480004244879 0.43950565655119261
0.52247481595082479 0.27814095149794710
0.24026901685939389 0.47526341492887825
0.62249138228632928 0.55781403556415632
0.36747605963399899 0.84139197187664649
0.37994168000498763 0.80619888576936127
0.56155800646497989 0.54959873691824457
0.25906030704435251 0.38569759029864464
0.20145309029505146 0.62615888524092744
0.68455091589812955 0.69499315032917930
0.57575894484159740 0.13933450854368606
0.66387469842320801 0.47411727331101705
0.79580573100537100 0.32560421714042459
0.73022804947937392 0.52019399362417507
0.21067294756951485 0.60785159878286088
0.44592738572894530 0.66815258111104792
0.56512287031248543 0.26036040313348163
0.21461017666648924 0.51243438841132793
0.20084089690361653 0.46731610155579528
0.36485242119921879 0.80621908812350107
0.18824758296691674 0.57548971356889833
0.57408402085139132 0.43689485358927721
0.68483294067997957 0.30271769337777549
0.18949290964342602 0.74813769683973519
0.63853803896799299 0.55028571818115257
0.55035939657230892 0.64903857873960535
0.55517131760912208 0.56379420243875256
0.22060322329444759 0.59141777143782515
0.64209462576360432 0.65935718135802035
0.47430786217429027 0.73072317368503736
0.69582961844141966 0.13903809461837852
0.66806471087642882 0.13024849846461101
0.57452176349766115 0.83076634566505514
0.34152128320563652 0.62192097631570087
0.49148695826346178 0.35774294212528518
0.46224682685508589 0.30394312814122515
0.22604745576735652 0.43615977830322950
0.18159383791577516 0.53964216442448043
0.67227125122515186 0.32327033084727397
0.26509290684983033 0.36857056162641932
0.22652844283570733 0.49145717661096106
0.45739202909450266 0.28790692807245899
0.78125402455294435 0.27163992284802596
0.69042099461999273 0.69557680282203915
0.23101521119382534 0.78053992364067970
0.31687674654623688 0.36242607356845613
0.47981489736195204 0.74022341947304737
0.33819302438176257 0.38731698426088490
0.77685155497896230 0.45933885412135145
0.62113852530172420 0.64895675583399803
0.30376785413466412 0.73496828082355559
0.42243269659477656 0.34276765385868457
0.49429609449812384 0.16422989938861637
0.38032365102780924 0.42803242916688067
0.25920145967811947 0.42175418452345326
0.64025586661934653 0.71162728136553643
0.74809696654680935 0.22933240253169554
0.35988429473216993 0.80320644780278683
0.22235494018468754 0.75016255767376727
0.73531892119927211 0.60499641160953210
0.22076222670669748 0.49887776865984557
0.55472934653591288 0.13840196293580931
0.47061921531530221 0.70173737091709398
0.48758992698273140 0.19110774744457784
0.38814155007324908 0.81826131309137562
0.54648017035935958 0.65250693954973760
0.25700235810789385 0.46613414636161954
0.31280701853545734 0.83724805162222993
0.66394267865068346 0.72481984973780889
0.50221618951602165 0.22101556685977655
0.65008574007630515 0.14429943249553295
0.56709916827876894 0.66819042333116663
0.71050399278534493 0.65988723068149113
0.47734877750770638 0.44196664542426617
0.56022549925748011 0.45993116724440553
0.34745989997658078 0.68150749040985936
0.68289621651369936 0.46474823295326273
0.58402725938231181 0.48133664919258240
0.73094580864892156 0.55250923761539550
0.30496721864299980 0.68950840871245067
0.35024444183130982 0.84471847270437306
0.42427985142689451 0.71410849453192449
0.44720149750800525 0.23505612001041112
0.37736924665320887 0.34277776410497873
0.81443031476498107 0.48653115135275177
0.23647016920269565 0.61527857858434087
0.76227157377288668 0.53119517340838684
0.78263473905705772 0.20041427324725836
0.57379970985681250 0.41724612007578565
0.67424579672704132 0.56861287920950598
0.52357724974055841 0.76465959631096603
0.27674934099828896 0.58147481803251500
0.60711446582279716 0.41483302298004598
0.70565244973647678 0.24715155696038066
0.22817126244545041 0.71286412796641319
0.41981733833873763 0.66031288762409690
0.69527230529074846 0.24477752284349533
0.42044835011323090 0.19436326395226911
0.67936715499971156 0.16080505004282039
0.67601489730530284 0.16434617564565990
0.77658605893423172 0.43600316591008076
0.56866055489371226 0.14794983932968431
0.72779821622711183 0.58408416443039024
0.64277496368037068 0.13094392368956151
0.73866296591320202 0.54921538842815343
0.61914300382370868 0.67524878035822988
0.68000478172951406 0.38406279911109820
0.30484954311879520 0.76070782601505793
0.84121759268283181 0.49378635352246603
0.54222668940360008 0.82662430841835299
0.59858208717559969 0.50474599120363806
0.51058868790559986 0.62044936670745665
0.43564747709565782 0.65325751408707844
0.28179385804580159 0.57814083802627037
0.41390771997263454 0.83050016320335329
0.79434316806919303 0.38650642509927424
0.47297503210233882 0.58254496884794393
0.62171862097531871 0.52229026745099150
0.44954677728748710 0.57929578857415276
0.25592475242378598 0.48534368765498043
0.39668454832369032 0.38019207727199467
0.40856252838952867 0.31456386990365376
0.44194864625445490 0.63192479603670282
0.31086247704206188 0.40386128421706086
0.42871906767676438 0.64380060223558022
0.56937960087635875 0.29689984044079221
0.61030170734388256 0.16892783321687135
0.53282406550633354 0.76497853290925422
0.56725851046351694 0.61339194865664259
0.53803006324299429 0.24214558332807803
0.68318141010451794 0.35678809620575613
0.82498809984240462 0.54544085547923793
0.71286811728548294 0.17339051383589199
0.67636462248506124 0.23531121159139862
0.58780061481296397 0.24626368552245828
0.49358854901345850 0.39334382278704838
0.73129060835760396 0.38198083786449694
0.62584828886238331 0.12634372368107044
0.74258889575565601 0.42488612249647051
0.32986581611630994 0.59549485329197649
0.81808531749467295 0.41978048525414069
0.59794333590097792 0.58604446193381765
0.68388938676811650 0.16503508764906877
0.58683320462737076 0.49522900355783089
0.22654264446262751 0.45736376991179167
0.65328522914157672 0.70819254484571914
0.60457240485209340 0.40330572453447899
0.19833671181696405 0.58184055611666230
0.42538262053558051 0.85220291476680476
0.70898370406565381 0.44102589940957304
0.77153509096991701 0.19302228691275164
0.79611963727942492 0.45960930422500468
0.55941651307491225 0.71001268235667525
0.57971797674255199 0.28595371795249291
0.46460655811474472 0.41103778061708784
0.31765161318360446 0.28231162318649033
0.75508875754543947 0.37740772330727412
0.31964359394172381 0.28966520611019675
0.41476662344501236 0.26129690532045691
0.20285279219650831 0.72880720101539143
0.48049051537998549 0.41201296937044007
0.52158599101539393 0.33202095726835612
0.58027643766210946 0.62920665690616262
0.59170364729166447 0.18528402517056763
0.69154769601918453 0.66684360654951225
0.57516581774279507 0.66224308048071490
0.73090062077541318 0.57930970159239314
0.38394427760062572 0.72427975455851046
0.50922554237958628 0.18740822391569695
0.56736726559134698 0.32732968193810535
0.49444682756728886 0.78676058750555966
0.56889861663388341 0.48354144398521881
0.31432624327988279 0.49089725603501094
0.79839282300830661 0.38919119432667881
0.37873685345612484 0.74639360071035610
0.51810752787975001 0.68486518652540496
0.30460893895464269 0.32742058507742922
0.42309300051003890 0.64364520841483697
0.48473465561299667 0.40835147081756779
0.38576450797880624 0.22586997038021772
0.55062703446087302 0.25592146303165597
0.79608846856831905 0.35782209891117123
0.32879556843278301 0.65199714146827747
0.32151356339751402 0.40444304331660430
0.61714257924221305 0.28720961911280218
0.26230376987903903 0.40455943025220803
0.64448408666719503 0.17202508594068991
0.73120953621601426 0.64999584307635938
0.62195253775308046 0.54066162552268793
0.50489192538662597 0.76564050633814063
0.39077563624852513 0.73952194819368522
0.17778124815955637 0.53156816951656660
0.42195101930303536 0.37366745008286317
0.40536798012387121 0.55867286012573469
0.34678996522891004 0.39665630746193492
0.61763602234789095 0.15404987753610389
0.44247819198559407 0.23459211003440930
0.30903524151446027 0.26986561630119771
0.22456416744315766 0.76771018234891364
0.24047786726543124 0.53627754688874862
0.43282145739108047 0.52489567656725034
0.57092052322166686 0.32211960757630559
0.36508934682408195 0.76183687084133744
0.60915433199279245 0.44301200122015172
0.51025013526122531 0.19922872809533188
0.34219295703535174 0.67706295836363273
0.42792594996644473 0.68830493824011008
0.20143403287894057 0.57989470639440344
0.56237458112015004 0.65830327580460202
0.75600249301700562 0.65183242349394077
0.46598686529350686 0.14907164648468760
0.52192590493250379 0.40779243140191812
0.73143702889352324 0.49093382061351082
0.49181106362150012 0.50037322423975072
0.53868385130204322 0.16897499764441504
0.49633538356850260 0.42214491368389850
0.20903167141577231 0.73892471083672007
0.47987183006629475 0.17593770567064443
0.73450446316385209 0.33061741464568423
0.67919624050691640 0.36065548520165863
0.69131459201871870 0.71161746066061504
0.55393785567775300 0.76815270057494045
0.30349286610607334 0.33458814134632947
0.63758884857865672 0.48878595096852884
0.60765585388803167 0.76730137986391833
0.19837516293244098 0.61651262167666643
0.74242283948379462 0.28170319035075542
0.56605674901094682 0.17729010112485280
0.36684743474448994 0.65582155486046201
0.27005794229480251 0.66629460513582184
0.48879222824612334 0.43753164649000881
0.37350976605719649 0.59109602796661675
0.59353962560246853 0.15666190643646311
0.60963371294856361 0.23342360205596427
0.20357203683933583 0.48781524666032838
0.37581926150570899 0.25417593356485635
0.62762184556520206 0.13042924784802593
0.63878712818825889 0.64963628300616838
0.23275504517434223 0.73804326783564911
0.45712841580841368 0.40180093462018485
0.77017790237642603 0.29200499039152822
0.70201856087177550 0.67614135394693853
0.69475805031332349 0.54709260567418971
0.76190630285516758 0.26026281963530762
0.71906205942495283 0.35063087205319432
0.43577437299081440 0.84076501565452055
0.71156703641692864 0.63789974509560587
0.65988562728395550 0.29414646238744296
0.60799341611800073 0.68982928599813742
0.57428083281367903 0.34611832899494421
0.27518240417520012 0.53269052263368577
0.45775320339665582 0.22970915172027290
0.38147734343741602 0.46085283305188329
0.58820548280511264 0.56027847118363272
0.43365832980542196 0.53099874019602056
0.81312719290197144 0.30075151408040157
0.38947300482056502 0.84368472719225907
0.58922379121945323 0.25809978588054228
0.54945475470873362 0.53418198216820212
0.75177260724449324 0.28354006003196763
0.70801887199384261 0.64555791391929318
0.68624224780290133 0.52856759144643273
0.44756051617168313 0.31970579177130276
0.50084071137193287 0.22558054887391790
0.52513130909191541 0.58889446508865906
0.36154077518004668 0.39896755851544885
0.61039294798279253 0.69652998792261522
0.21632546076574904 0.52329289742878859
0.57562164965496565 0.62601000348179969
0.25950045503577834 0.79715481486627715
0.51277140306954039 0.68902381988399908
0.74182826708366290 0.34859957682729653
0.45439208691155258 0.39088883025938587
0.61084514990421390 0.80941567384156321
0.41241661103255561 0.81954018599171718
0.28960547149753046 0.80433606339497454
0.74160411886275446 0.36643236952838776
0.27392372960761430 0.40844921864972916
0.52635502794048827 0.49336457674875189
0.26416521615740829 0.77853074845389758
0.68054258503274634 0.17971853273957383
0.67900499624640798 0.57070663120048093
0.72235204394160413 0.17865915728276976
0.20141388449253533 0.74097940996070222
0.64241543999908768 0.55801682128964347
0.49991951457041389 0.50572660910680245
0.33407698875206215 0.31002702219024697
0.80084330641721080 0.22408167395349679
0.47916029355999634 0.15894142075710033
0.39039259410917510 0.54093751864563944
0.58293489261717935 0.47527245442758725
0.36799285803472453 0.52380862908482639
0.30433932010766190 0.37823752116068549
0.19688335809670809 0.49630458042532832
0.47082187394648456 0.51129394917609305
0.25423036587933778 0.76068635074689617
0.43546810744382897 0.28467572009745834
0.25824785857282451 0.72601209989491311
0.59946144611906027 0.67916609807204464
0.19737091178321337 0.60474240276451841
0.50399931406306331 0.81809424397427666
0.45091638029799230 0.21973811371058644
0.31079494022894527 0.72132392093866993
0.32740844930102364 0.82304379494259783
0.24642496844703760 0.79232190224546550
0.55601464284572455 0.15768036766476715
0.39240335373342133 0.71686862342226698
0.31073375001176445 0.69916559687243418
0.69248414785443568 0.15089627903823527
0.75005325146620516 0.52813201869034276
0.31682917638031816 0.48019678028000784
0.83550431143370618 0.31198920799096824
0.66364495697672199 0.60729329928190423
0.56237635744545256 0.23791540734413935
0.75646216703838975 0.34659642558296533
0.18704211863200759 0.62485530110603471
0.57706748502340366 0.46171687588170274
0.48145014554626459 0.69239082327080770
0.32001432626290827 0.41026811645035000
0.36558870004771016 0.64018099723849897
0.52951412170396028 0.15876607457665290
0.58780421913606729 0.14100700400268817
0.17412042835917035 0.54124414745355254
0.18311940189292558 0.68514678221360326
0.58780266373027046 0.27983206980273834
0.50064504854397218 0.77365679588755942
0.42890113772216343 0.25586555278890699
0.37063500371056901 0.78818326935183791
0.18568725166704203 0.54134483532560651
0.76024833592731922 0.27077405593379683
0.43281239036888985 0.39382885171106519
0.74005274888358308 0.49610490826947318
0.75384355886083076 0.54121453343674863
0.71193448919508695 0.64739329474542673
0.63963861476019701 0.73198924747098737
0.67142292509771606 0.70418206718432474
0.25128680715429169 0.62036858568956321
0.64935066329018221 0.67263223293326435
0.39947225601594583 0.75801994616416801
0.47531632442879507 0.67238815757467152
0.35114343592509223 0.55782952212660886
0.61432901216887781 0.66577338304849099
0.76199541854328978 0.58361264727165452
0.63918054136243818 0.16554704517556412
0.32004467940578318 0.47552116550233509
0.41543582964031117 0.77908357837847442
0.47485588061080719 0.46308819813117819
0.58823469400923678 0.47352057893972949
0.32201225877305240 0.61551565524375496
0.48388219416933687 0.19015051641502514
0.52572546177454438 0.41891776461107494
0.56561765841869804 0.30087458285450946
0.34203622659047578 0.56557181096450182
0.48206567733765116 0.22792737620545656
0.38451162837645725 0.70804585884802029
0.43943962333270437 0.49162431622109415
0.41352391385925902 0.61004667602153262
0.24979878661169780 0.80285041395488110
0.41428485842905105 0.21689452815106949
0.35231248346534816 0.25778175456446317
0.47358223266860305 0.75637684832475705
0.50995421253950601 0.51927376416718163
0.41877667761875365 0.23011693290094051
0.46554342839432161 0.69768251482071153
0.36078077636463013 0.79226026220102796
0.37219497821215081 0.82349115037690990
0.72106315553866884 0.57954182822018907
0.32561366258086333 0.45971491795229175
0.42674592801560352 0.87174440978055723
0.41083559846986251 0.21972995703296586
0.51969635637694511 0.14509591395896501
0.77843837691385565 0.62964697944199477
0.38640974355241942 0.73496444044179499
0.52575525874068074 0.56504565841103038
0.55311698446290269 0.45250125590596785
0.37313439770308499 0.71133620974383949
0.58252563120006762 0.18497741597238851
0.29100956771420039 0.38149800551470037
0.58573533282522050 0.67604969875616994
0.25550501534751746 0.57554575437321531
0.34005591109259470 0.50986207215732060
0.42373665051319992 0.35425242672580681
0.51133604572753621 0.22964736716221246
0.56447463820232668 0.15984520490485754
0.65871274829244875 0.14249220380644689
0.25366199099031789 0.50361780873206707
0.26638728357847163 0.79803986860957521
0.39716865775737259 0.40183883685080712
0.43054244487681426 0.38227302426208076
0.20825787930981776 0.67945658545232235
0.55658502643935304 0.48094485267316556
0.39263794788913264 0.26466918381326282
0.67772916952392581 0.14331963910660914
0.35557728913287151 0.88512131521830706
0.45560638175047530 0.43937919549666848
0.17242256765295885 0.69258921489418990
0.43536105780766388 0.60443843509392570
0.79777664607534782 0.60900511363213972
0.38522257116003178 0.77063931535875208
0.48456527420469464 0.14262857018750852
0.35099792548636932 0.65608647951717014
0.64144225200619154 0.68672853007083035
0.52784302476963574 0.73480527960735542
0.68641768976720652 0.13628096106192122
0.65259996220976646 0.49406231248787968
0.76103189171217989 0.59538980651239592
0.50941295140070297 0.77964306729515109
0.31858282294275159 0.34279895177987696
0.32537133647758926 0.35709539659620215
0.31769947004041144 0.37228161722105857
0.30182443623035027 0.31281878168836003
0.41503262653342243 0.84990826955140508
0.72517814234603972 0.16538809176084951
0.46942453264468975 0.79700423316316216
0.57414209105589331 0.35181840038752510
0.48583218718621113 0.45701252091552119
0.43537058105856630 0.79708920817640916
0.24343965009987850 0.73431469367088686
0.56392985768625059 0.38121681627990267
0.60279757254831801 0.64812915400701077
0.21744197936531595 0.60695368452227805
0.75953491544053420 0.18230710244498255
0.84015401019665614 0.43490985568741192
0.27741694477168272 0.82624971099266808
0.65159663439971371 0.55227536879990891
0.26424025705945092 0.60801287658091296
0.46610537921549156 0.55664542924265870
0.42863018802429381 0.24730474628239896
0.52869708096680934 0.64755392496199615
0.63637417025221432 0.14680945416392754
0.45242328991553271 0.83055812200663370
0.34858110545177157 0.67593239605765909
0.34204452693023257 0.33893160607374395
0.77642504310914762 0.62336729970213633
0.17763820861965401 0.59898878347086559
0.22379779138098760 0.78236667962710515
0.32883244346909185 0.32494916509591576
0.48428481094585651 0.51514786363453302
0.63173385778295421 0.46119614675878773
0.22686942965060986 0.67459515630411426
0.18585125238916705 0.47281159565742248
0.48633464623070016 0.74246796560543316
0.56534324310369022 0.15049055681178578
0.73545909958416256 0.62830751833827958
0.48021497962807014 0.80572929243992619
0.21676360143330842 0.45268483803924187
0.74586186143026123 0.23885474885590607
0.64219476586532265 0.15132465488481578
0.55327972197340181 0.32253069066427170
0.53648144755760241 0.31376660845371168
0.75503679736418461 0.17939942718215862
0.69646931960834435 0.17355323714666465
0.56565996284174347 0.29256870967720489
0.32511461283618220 0.69047456278492669
0.59731668471255150 0.65952900049308372
0.80136583787655502 0.53139122102445502
0.21791485834714497 0.73951365544806702
0.75135165021118322 0.39259758194047084
0.80487054765856636 0.26836621897426061
0.30769578217574456 0.29066232470575593
0.68042929951073783 0.24394411184944692
0.50972375323968977 0.48958295636082166
0.56215913360832737 0.64785663883491518
0.69381769350685929 0.67505370965554534
0.54038559382967710 0.14695914391048137
0.33690182525731660 0.83300035171420783
0.64833220451333995 0.22633085808768394
0.68636001130645874 0.33194126468608720
0.74347480396653554 0.24862574264051607
0.34101511089146547 0.46719152279680476
0.49689618536792929 0.67879528218794838
0.75281090867477607 0.23730101207889870
0.83096993066146840 0.50558197527827287
0.56122328613393690 0.78802191815225053
0.49306199872307632 0.28489013099525773
0.41564141118341835 0.55286531895759627
0.43288075700844614 0.17469384405708271
0.66196611551455542 0.50294875834878050
0.20028987213364341 0.49376038697925223
0.69128670709500961 0.12668565179163016
0.19176228754975280 0.49033307684575100
0.40331657406015037 0.18883719906086130
0.74141330579533460 0.29780019492883392
0.57853831284535095 0.81550303612847286
0.23611056136385936 0.46238956029472100
0.28643166901860617 0.33653785302479977
0.33224172318886425 0.34408021808959527
0.61508765029203771 0.29419851357519378
0.66246881351055542 0.13081382244827872
0.51376200387296156 0.19663644425720123
0.80516755391415518 0.44471594374000822
0.56467601286714630 0.66323783786332113
0.76495804545313284 0.59737245112951409
0.60564815203536670 0.48398369359249216
0.63920704647002169 0.72791931334309867
0.36556672189840467 0.29671519858294443
0.54710144440305264 0.76138705548795216
0.65347802656978915 0.45977428840321732
0.72651163348144510 0.47644862740373228
0.36930198115371293 0.58706599892013100
0.75524071262950176 0.29780967217617327
0.59686842415281927 0.60041279451326168
0.60440827228840910 0.63907017632855023
0.77062926115768404 0.45924760760779049
0.32144306603657569 0.28594359909335787
0.22194019182482183 0.81390400376911232
0.41779205419884080 0.30157669170799861
0.67616445767038247 0.34834298500409044
0.76399144201321900 0.19392175325647759
0.53190344267297551 0.33872267350251517
0.62302728292745169 0.73465822055911822
0.50286669289449859 0.84206442878343513
0.58085957382280284 0.36684995883383664
0.45215311529985558 0.19133104430910980
0.46466456316481486 0.61464404754351554
0.41520461862959879 0.86584716878325496
0.45029004397059691 0.66424789283286312
0.24548322573983411 0.80904356454091408
0.71491972592282460 0.23725401510385705
0.56506074364520920 0.44288269469708497
0.51851269686857715 0.39652153208470797
0.63238538104815056 0.55672097008272836
0.41359008603979630 0.83503416675840703
0.62671508925415831 0.48630289381513642
0.49586369936056834 0.59002857747724446
0.30126134333703963 0.79522370756973226
0.69135677302967258 0.13741506053199457
0.80636427527237808 0.48843963693326065
0.56753647952447039 0.15779015903297186
0.41672425773229516 0.24759919057832214
0.71324256556484178 0.46445604402220303
0.21003289774799019 0.50040895588503032
0.75811672518542228 0.49582837162911064
0.49872790356796154 0.79371527625550264
0.37479218451557628 0.24587839375990206
0.73131013179889826 0.30012510424746563
0.82468003475661011 0.35248485482585479
0.36140663891879043 0.26745552795357841
0.63468035424491875 0.40589366827026607
0.61799510688590931 0.66223619201774797
0.65353258436229122 0.22459341723204174
0.62086324856681396 0.45613813992332408
0.51402675794671715 0.25131262992755238
0.30936602671192859 0.85555578646407349
0.71573391990383295 0.64913439349529400
0.20427945363301325 0.75896427775733610
0.35465854579157041 0.32949531720236919
0.44648246430476823 0.72253340295873292
0.27495846426853243 0.66420107005046480
0.63962329314294242 0.69383724934132518
0.55010123083860585 0.23444463031139987
0.63059766043814836 0.76793181349522088
0.70642425343990500 0.65838609653625813
0.29713610848527527 0.38499143392663593
0.82872797718404301 0.28380459548311193
0.39550075526077089 0.85014563042172830
0.25557835840343374 0.76489384284867967
0.76335433627992577 0.52541691517363542
0.30383834744107030 0.35464532601005616
0.33894479623641049 0.28201640320027344
0.46488065331744510 0.77335456899592281
0.77608440341835783 0.54942443116908546
0.41176652792939522 0.80933942569197503
0.48792490008176970 0.19642955775911100
0.31651835112348725 0.81507367071891823
0.51867796667751231 0.17600204773519112
0.72404153662871729 0.16161089331213260
0.61305546789477106 0.55866043437933133
0.51536662167993619 0.56865697241664626
0.61512129328181142 0.69838038992444917
0.79775045205647643 0.23308937082217734
0.42560082529949617 0.21770992735580025
0.41479388893518709 0.48392585922522480
0.38953298259831209 0.66270686035763271
0.38917794442194970 0.22839938582780200
0.58728666698045673 0.50075053511466072
0.71081731193354580 0.52657768824283135
0.66381127652162730 0.72074161787306901
0.65393578330690172 0.20034221061200511
0.40155736592843483 0.25570567170014563
0.82342296188177611 0.52986230352204133
0.24534046219317046 0.82786553755666292
0.79494244887094001 0.25433272038068983
0.37792115821017164 0.59530190396355787
0.79336569470274187 0.46766380532067486
0.58982363569645313 0.55200891569495325
0.49520387626738993 0.26008353347592711
0.47365201284363379 0.63288407431849592
0.59274319955485810 0.31037217613151480
0.31722484224884762 0.82346987885301959
0.61621194568088600 0.77139768310560486
0.77623188236510976 0.18625727969756256
0.79201160860150988 0.43949488006144999
0.60342494095815491 0.15487731828549278
0.57943990633288933 0.60135352622666727
0.36912386605035430 0.54515257000535611
0.70913518460379166 0.13732126409407097
0.74866005995224350 0.50005818793974233
0.40702780302376429 0.70687439723543832
0.21640744085399843 0.50481901248618388
0.29423130102564266 0.37564623019942778
0.40065636088303525 0.26496326333936937
0.77311653320995966 0.49156295306849107
0.62230574276286577 0.73036055612262341
0.66099004752964463 0.13474612871107264
0.55915321452153377 0.18088390209544108
0.18018839143839974 0.50079128631717051
0.24813709984231980 0.49837942582994332
0.52726760503608572 0.59388490741537425
0.40946506364079022 0.71342973302801138
0.27190823343364462 0.33897441160186370
0.52548951104444885 0.67819393532588335
0.23024668885575772 0.77643683663212748
0.73338843361772099 0.29307360150431672
0.56007857172600151 0.14409091040385574
0.16466334133621419 0.60237217558308243
0.38580118638968341 0.54528174832439191
0.20891141634738197 0.63410314243942723
0.68318691980268209 0.57976092477656482
0.37726768768922275 0.83780855595244541
0.55589811897729413 0.62204242372075647
0.40803950595270067 0.45361651163329136
0.44488910412308807 0.58956687992950041
0.21005227925992012 0.59927640515853398
0.56745241079929898 0.13470098492232552
0.70745147388624230 0.32753418537786572
0.32318840605759636 0.81033477677395960
0.61703674478038795 0.17227365443966408
0.59865914860825642 0.30969419778650065
0.35524040139737140 0.43320792410647668
0.22695125144039929 0.43228196627077142
0.57124459382948267 0.72644512713704779
0.26627185724178454 0.35671168372222528
0.49644641407853746 0.68422002992201070
0.25611778535417418 0.79547246506309954
0.21032173838081730 0.50426656743386811
0.71766622401594105 0.29744524638260550
0.36635204304030455 0.85137424688426977
0.76969940410495763 0.42074924136569325
0.28221030523905866 0.59006734610874501
0.28555403700129378 0.78684377432585928
0.59828802239964873 0.53808458161958150
0.59416725132686476 0.40912335299288471
0.41972413321427626 0.58286116144476074
0.65869114375478444 0.55867695489927471
0.31523510654071729 0.37774262235073575
0.26066728573420894 0.34458723450427209
0.55787842166798729 0.24140507438321296
0.58430617222973336 0.19491587728862053
0.21792011377604392 0.73368608719913309
0.29544473114693365 0.55788639460087608
0.49334503069219138 0.26854554729643432
0.59230565629192844 0.12169472094507890
0.70492267834443878 0.44438293181482402
0.45510967276869413 0.66721935484649930
0.46998210854996630 0.78698162981431374
0.20598753187820074 0.74811432237165676
0.47914443805354789 0.79641693494464516
0.29841526490126941 0.82866208653736861
0.43077836608932807 0.23878403747937305
0.41865754766817714 0.86084459373370037
0.63900097966377500 0.66351872668735934
0.27579955068979534 0.38703623473766019
0.63278998262465369 0.30354098902751131
0.47328724622063845 0.25840256194335687
0.69675333010622387 0.28344558645944828
0.51234798418034866 0.35057457375876278
0.50452726096337708 0.56458569508905776
0.73520658396137251 0.68396220225597926
0.30400652938530526 0.28281047933102343
0.73507996734445125 0.50561525193852164
0.30298989795818382 0.84109429928886015
0.30123534142420960 0.52247274164400037
0.81590382290180952 0.34909217123283304
0.64035619834412816 0.41544115694415590
0.70879475280007465 0.16856676591322242
0.60939532425620002 0.74052280124344150
0.48457956156479576 0.73741862768854083
0.30568619292757321 0.71829117640954210
0.77617145463345172 0.31930212298188954
0.55103826614305418 0.20044516662238646
0.35192889497386870 0.50835440618168670
0.41021740044103799 0.76913828322524058
0.73292097375719856 0.18958861138426919
0.45701335962027112 0.75302914592991543
0.40370069886755222 0.42280026539580118
0.74100611010940165 0.58203615050637025
0.49245947698498471 0.22983973933314467
0.58109879815048615 0.68772427426792593
0.21368798210410647 0.76687032581519121
0.77148471507526806 0.31699313813198843
0.24862041156164841 0.50333382371166535
0.83042286889195926 0.40920079953155175
0.60242027131204567 0.38644473077801034
0.49683960357660567 0.80922296495492629
0.49172050902291381 0.75680459920864429
0.31272901525769370 0.74236031861261154
0.40627409801788372 0.20098738196263843
0.68457712366869194 0.25337080954403168
0.44532929875391380 0.49126956792796889
0.28051487382165718 0.81844080941250630
0.74953150073733854 0.59954631272133874
0.28619798316961109 0.36745697752273127
0.38406742542091898 0.83698351845816710
0.60869806434296692 0.42593987712138365
0.52724985828274629 0.20090498094930390
0.29694330128499569 0.82100443906344256
0.77277053223130276 0.37586584894448222
0.76582161558966444 0.15671491149068931
0.47637365077234683 0.19024904036769030
0.34252794050998642 0.55927824664965886
0.49276691720639515 0.85665046576022741
0.26202064691443250 0.86168729810659062
0.51300810927014895 0.68339388565121040
0.71709814038438213 0.14873954869295991
0.83821067478144518 0.24371706344215460
0.67040502098382393 0.66363191401164501
0.66309639466547632 0.49747924307535524
0.31223719063782107 0.34864693047290463
0.32563660936526206 0.49505500362761429
0.20385168091656594 0.65319737075375928
0.80848881931041361 0.49904771682104376
0.24696028652497670 0.77556700193715455
0.79490855202853838 0.50676195792535950
0.64456747912255929 0.77597051303989328
0.61602912196742232 0.59977445453369538
0.82669446094156585 0.44054606700495352
0.49519935904135509 0.17838598818121876
0.35221481950559774 0.61776919613575965
0.37467310098779483 0.84710854835420024
0.58544956523038316 0.45138436404647236
0.29248660595611070 0.74666034944972370
0.55979776927029068 0.15933177022364567
0.24381871015286732 0.50280909077853286
0.63340589534555036 0.74041268546506978
0.19431973519140394 0.46003573226024602
0.57103247949314717 0.78096685005671507
0.71681631981973637 0.21971405242415445
0.78373194507316724 0.16553831329591814
0.34982772560269254 0.37025720021420860
0.69488769087345426 0.29769846538737887
0.53734966227226777 0.32559000414235351
0.47625117361910763 0.20466859896534145
0.43936598878680722 0.74191334612496185
0.63041153015329199 0.40144616452892379
0.51008292685181000 0.80716966829594350
0.77838384624230050 0.61749349119846486
0.30245061005459462 0.46516261134747483
0.21325055291845066 0.46843460080900640
0.51641335406318889 0.70908090718656436
0.76541150968723981 0.41637916678859749
0.43669458863795185 0.42806128353167472
0.43190698168264269 0.86002262153567877
0.63243886934906368 0.54014737240768007
0.35438983586054884 0.24140349776342557
0.55941705783820150 0.44262978231601507
0.30816763777995509 0.30943192768173600
0.59971564254634602 0.16085213828966302
0.54957724807465880 0.69190012094839282
0.67936735699635209 0.20165421107624060
0.69183769976295051 0.60689455759396238
0.19557939371091962 0.48755253854941044
0.53142866260621724 0.61452140387671395
0.57453706015670869 0.23448740233868884
0.77490640711311221 0.21967722369230508
0.69963976903048608 0.17144841479604833
0.24537106242939147 0.39168914147427236
0.61083591560885830 0.15697291177140277
0.59385806827746856 0.23647105769551330
0.24342869579884330 0.44141544892062556
0.28128677677221559 0.57242114154895818
0.29634729077005018 0.35059648651148023
0.54172803606431652 0.52028524031532830
0.67840775985936541 0.61217251682658635
0.41794787378879383 0.45312105320439389
0.39508305613643568 0.74377514667521694
0.18466746821961783 0.67197093817893849
0.82885139562777532 0.24293427647909471
0.76320981194226833 0.17692514426270012
0.83300942577220227 0.49685617772047197
0.61532631561469420 0.23671242053140887
0.40372320422097274 0.51567612503441018
0.57667120579867559 0.53231163186667607
0.80740968375660072 0.55683414594372072
0.45428657317052684 0.39658205863030710
0.61146329968984126 0.48305244150184723
0.29775994374203157 0.28966328101612304
0.56745903957927624 0.55098668615269708
0.65911189195007447 0.17753580927604495
0.64552540890892729 0.13447079748055779
0.26639825855795751 0.54820590391328949
0.75687575797894235 0.34046021920004987
0.65124628346461277 0.19273850418565466
0.38116297822860912 0.67503308411396445
0.49288181814247078 0.57509721653411683
0.34481047913805996 0.83786651691677705
0.78243351301121744 0.54320263381860034
0.74492273054037672 0.37627061638455150
0.19154312058329687 0.63117424369668984
0.61206247088894816 0.77902238949165670
0.70158291168647957 0.38516043536824035
0.37822368968531817 0.27184727720662705
0.60272668882090874 0.31369747067847065
0.39036516663924792 0.75526537539408489
0.36547992655430017 0.73409835632977805
0.63727904005914404 0.68992268695366576
0.23559086456262113 0.67620681249061465
0.21439468191078181 0.39595119651120703
0.47436015536256970 0.83232130305187746
0.79486601447231087 0.38186793467011931
0.47245525745910089 0.35190589728592492
0.70887492573277755 0.70448818103973054
0.43495951849951930 0.20839043060514653
0.61286229785455970 0.72760251730133885
0.65127387575561579 0.39162083522613711
0.38306099342083300 0.64465386190791185
0.65994775688707497 0.16906870274604763
0.30788219768412584 0.46584414190679252
0.25458660395347693 0.68092711831044972
0.65147797957490527 0.76428756470809822
0.19407425285306557 0.56681062326966569
0.49565525313802072 0.63606627887144085
0.31999698495291429 0.86503700092706914
0.35808317552249741 0.28137510420404876
0.21086342576383577 0.38976114110779536
0.22725702742477183 0.40289785468395312
0.48231784868382066 0.62700780690824287
0.48013512136766257 0.85591035809030258
0.19697077047442246 0.53490669976508798
0.74107455012252121 0.41914640473632037
0.45063562426596748 0.30372397819523683
0.73529345951108671 0.18620367625238549
0.59421528179675986 0.38073344314230784
0.41003164584232527 0.29451666550811284
0.74595816558866312 0.66896081427919285
0.19217504515164902 0.69976968573902898
0.36693312456665239 0.30161118688691013
0.42884915100392906 0.34553080502260225
0.26171900883341526 0.70182213192413179
0.58450110658622911 0.42979867209453926
0.80760679355904330 0.44822456742466371
0.17915489630231274 0.69763070804738059
0.73331751199943096 0.25420208531183419
0.54427384545586632 0.22696837427366778
0.40832338368970944 0.67932051272253635
0.31050339554894735 0.82011746593007939
0.51390170286730097 0.29373548636240465
0.53242186469244934 0.20761244887914079
0.39181212381617281 0.26888955871068865
0.52944340989150052 0.54318144937810620
0.34652064680408629 0.23457195149472382
0.60671064389461926 0.64456854881858461
0.66729010874739203 0.57692889408552861
0.18054411358350303 0.75765021568665791
0.53296153712416161 0.14311090852231784
0.38665182903586404 0.45709325506818921
0.68526204134813651 0.65083945201746418
0.73632437343240087 0.62039597536530355
0.45753047357794352 0.69662543405070698
0.42975494639563327 0.22968049459184384
0.80014372129820643 0.32742873664452665
0.42756434976218127 0.44420660501671061
0.46810885419485859 0.44316998295809451
0.44861458108033947 0.49595425050207875
0.27371982439126241 0.50717457985117997
0.56519971399143398 0.65291911341816267
0.66950368170769115 0.56681488186372575
0.73054094648041368 0.54367281357602282
0.55593249236178233 0.43685923553843536
0.71940953033120669 0.67170766138404070
0.65857713579165122 0.37839259864189556
0.21970676594173394 0.81976144427958975
0.18043704326074475 0.65141521970506078
0.57955786228851269 0.23239323407430201
0.23403501562163978 0.71799384653873999
0.55863769277731556 0.12903330990124201
0.74977740123210657 0.60369836879383665
0.41523641087431828 0.35953532045173231
0.59850912912876575 0.24755374955917459
0.65212365044069109 0.51029346064214820
0.27564597634914650 0.70642036586677914
0.38671234626777840 0.67350341596877961
0.30925265887186792 0.31314390843546647
0.41301284626745605 0.70943777991262835
0.41567409507255132 0.80024302163277783
0.22550024719637746 0.51172318435939579
0.82658998850499688 0.33827705696230348
0.25424043277769898 0.78335390805893657
0.57739409742997116 0.73276591556930404
0.50318189621141285 0.48374762031996599
0.23386490292998402 0.43346680376583657
0.57567453855088813 0.39335221569381035
0.40337054740614076 0.79301458252502288
0.63182679419793808 0.17159670202731561
0.34755865439127259 0.51266745715114714
0.70777501202567938 0.18395871028931704
0.45632246646429941 0.83247816251865780
0.60345857759500743 0.44236819309942033
0.60608192857952070 0.69429315758488053
0.67540299317348440 0.73923530362375101
0.80354868656834366 0.38280737083284411
0.67727401511062757 0.29935362658015291
0.17752003462770294 0.64216643522582351
0.42474371001195732 0.79117851323443811
0.45824831825583912 0.80624121285746464
0.20565710992519540 0.77473320164577608
0.52438215145838074 0.66718854552234785
0.17476050409831137 0.57133047762412970
0.34235518122499553 0.81978512796953418
0.31144297742578697 0.62385430174291201
0.21508567757003050 0.62690957621810173
0.42831216922897963 0.41808240841663435
0.56601608785226698 0.18700649074689382
0.43156637801422898 0.56906936337528835
0.56303057207211493 0.54102360819671202
0.22492347341703148 0.44771219984994481
0.19899382951132796 0.41529519504345008
0.30666042852399078 0.44111208591916207
0.63577810591352746 0.75121198035719328
0.29335237843207179 0.65284687212313874
0.28186249340264546 0.29253639613289539
0.60487239471874066 0.20220821803401259
0.24838027490102565 0.33700024117163307
0.38339638038895696 0.32258033365208505
0.70785850218704083 0.43582825769310041
0.66871677134047147 0.43589669312785234
0.48867123282798325 0.60771868366679449
0.65003146020479174 0.65322346072694593
0.25555110431692746 0.67583941276356430
0.64476805302701223 0.29489348149138406
0.75144645757715856 0.27084176843372065
0.50371510734879243 0.61982685144150873
0.55719650514045904 0.72643128245969957
0.45809336178530835 0.64865524607707625
0.79071777745791660 0.47160754384724385
0.28383673362062223 0.71325949798787236
0.55007321870291892 0.61138401936788012
0.34365851910647477 0.49151250485250098
0.36294699278868153 0.48320166849367269
0.41804045868709994 0.20617261901466671
0.20487388029294931 0.62456553383202462
0.67716394853047046 0.52347881284418374
0.71204194486077244 0.55760388391519611
0.56535601901334864 0.56075868430412523
0.52736589097279363 0.16462897967194123
0.34473795921728129 0.37184533805494524
0.22475235166504959 0.78608036772688261
0.49516068116422135 0.49460298898337546
0.48923475325437044 0.25802108404394097
0.58021023757448908 0.15291310264974645
0.34347600253048222 0.79381879157570046
0.55426303036468905 0.71747093287231878
0.68057051943890401 0.47101995682644132
0.43631637247287691 0.62814432748847715
0.36709545226064422 0.84646487240428281
0.56361358419951324 0.25165206889958469
0.21369617761313359 0.52076333139665953
0.54865317265405811 0.15839238537398911
0.27801300295299736 0.73031566473898757
0.50297390844316370 0.26780973111067524
0.73836068319511683 0.24972640078853681
0.71921849718934094 0.42494170735746800
0.48862863543776858 0.73372556154592072
0.67547295038355171 0.35625154277608961
0.22339075678777631 0.50535780733807933
0.74727318353919492 0.27398559364367547
0.50031762644037547 0.76840612781597850
0.57164165388533961 0.13218688822287794
0.63436460999378042 0.70289470928186193
0.49754650215503615 0.24065957524948683
0.57575304398558669 0.29734652543879236
0.34236783360563577 0.74579059303444173
0.46987711977290197 0.43245883027922039
0.43349851509676524 0.40797131975341927
0.51284079312979158 0.46040236489692121
0.61738090108092214 0.53154414567052954
0.43730617314393966 0.83083557416493037
0.43488714253820132 0.45006372934113470
0.50674243782898631 0.52971572016229196
0.56098584676109442 0.56493811724089493
0.74502462354949284 0.15844370631286309
0.28988164980901365 0.33388909635072200
0.53695296129108294 0.63974516917169622
0.72992675840177412 0.43635034803852252
0.58971897315670829 0.15846011211514999
0.28980716536686474 0.31405148658250226
0.63721569210907114 0.20596513167369312
0.36847700573830311 0.36878651263156442
0.21199720499998798 0.45836639902429221
0.36330804238617015 0.44815712106267674
0.29038639607010525 0.78400879744195939
0.27262751246740619 0.44609899334125902
0.42336742776657560 0.19729943709226500
0.25140581951316510 0.56277232502998509
0.51317443539276464 0.79031738687327002
0.39946611068077048 0.28243456299643788
0.55275526020889432 0.78949007627665058
0.40202094897267404 0.84364146923792860
0.51770640784816691 0.29837272564382478
0.61219037040176083 0.32083577737931529
0.66653402451521893 0.44720243207742222
0.21440258644496402 0.51650413482307045
0.71413248010389818 0.43892947434298774
0.65128914926898229 0.39794999985670731
0.65918960067354437 0.56418193588133714
0.60635649045692186 0.38167123871281122
0.70663257490191733 0.67814529998642492
0.79781417208526939 0.48742759204087682
0.84275285089510821 0.38815071337471224
0.66671349861367091 0.64743675289534519
0.58600348549891335 0.52804677990970217
0.70840532355328256 0.26286478073162045
0.55672071143303925 0.74471611542557636
0.66227584319808430 0.51951105768487360
0.82102960645832423 0.29731761440461008
0.35169181737676203 0.66384746546123674
0.50854739348371569 0.57897662700422681
0.80392104793060204 0.37804766179327065
0.73024352356103306 0.24134690634733108
0.19313806929313104 0.54575240631691135
0.69671616853888740 0.20986090355650955
0.18579942891441481 0.60345841215577201
0.27290384192509504 0.81672956508161199
0.43053387618812133 0.31816909951354666
0.23640924447766970 0.67157438389589175
0.44349347461194200 0.60901813517541614
0.27933915467839954 0.36407361966039575
0.34994263811221971 0.78162877883078341
0.21478188881778906 0.54135353546247367
0.30330239454513769 0.31634730003370704
0.27602819473495210 0.64023800498865202
0.72326457197933292 0.54838170474631842
0.26239968306512040 0.49162261367831978
0.49096858295879697 0.81775908949141840
0.64045789399044906 0.40418557204342848
0.34471201081122943 0.43230285862840129
0.67633565431940712 0.21160900887770578
0.21243311961188122 0.72003426577575191
0.20162425765500941 0.71613042812311145
0.43952791969539695 0.81059436850025413
0.61063893575859740 0.59879401181165359
0.20562865201546499 0.63569965782992954
0.70637893249385963 0.17516965135990506
0.55886076249119787 0.76767312611365324
0.25517893674020903 0.37225487364487120
0.71801876072101134 0.30786288102415837
0.53521023405792534 0.34965786496088580
0.18920932261473000 0.77916608086772332
0.32952206548136453 0.78684088073075664
0.59849915156548927 0.45766549383464900
0.22835900472174292 0.51431473500846026
0.61798852786177194 0.74252491843947155
0.23162437002010039 0.54645214036165735
0.45986097182492158 0.78819775100044254
0.55346202466708239 0.72274354145479480
0.40312308816814563 0.59107713549339680
0.26840513887087886 0.37031407403795830
0.47197579147414459 0.65536135678115137
0.36506520523290781 0.71837175037224577
0.26106504244098322 0.83980008275268214
0.54780710033398661 0.51024211389405416
0.47697771763450897 0.73527213733214869
0.35712212567778201 0.83245446932888012
0.49513706430914606 0.17039355426698047
0.22728815032233876 0.49521427820359604
0.52258128867032294 0.80466283533027694
0.60159876908391574 0.43182399599858967
0.68563143584057296 0.14303349242294483
0.42612914150025549 0.83792327896145524
0.38220269029429743 0.23305186773738198
0.58510549796556988 0.69675949773226986
0.61387434842717459 0.17008972506798239
0.44519102676487377 0.44388926892909125
0.48354509281404512 0.30727496404065691
0.37517332812320775 0.85209671035629930
0.75152166139538867 0.46224973591397178
0.73503452590339524 0.35120297341498513
0.69882264424249274 0.14674513945032630
0.23049733029682587 0.45684937217606436
0.20819116323771375 0.42338169303813600
0.68235238006547627 0.60843160176240607
0.26319738298582201 0.42503681036277408
0.21360956204580778 0.44581791084765032
0.79211382263772656 0.42593258695790542
0.72128325126169690 0.20046495081799176
0.55303354872327226 0.66168186154197361
0.45973444324621793 0.62498399503590540
0.73096255754357353 0.15490278233584978
0.69263781715722861 0.48076085338814112
0.20541490194726023 0.50961117423004676
0.70802823602751053 0.22428019443477160
0.69823304026632038 0.65542322882543558
0.25710996496838406 0.58035153716284094
0.70376733975026640 0.71579178441198066
0.74567262099699994 0.60269874235340537
0.81173286808740075 0.23063578045941380
0.38786485681032207 0.47429799751293877
0.84992070497650607 0.35104335550007681
0.38249119510940821 0.47179600888567108
0.39608289039138145 0.41339175358995567
0.35319371170904651 0.75035082294572319
0.48317603366299522 0.44555374930922770
0.46730323166973786 0.58061381054605199
0.59551303735960359 0.62162974135784999
0.34447159939941485 0.85118023646394181
0.60889058132562957 0.24945940271463413
0.36224216924543190 0.55817390937620903
0.32884351832957714 0.60093175904506613
0.26405759985312044 0.53952866628707408
0.38582822792755056 0.42519699594155436
0.20893051129099222 0.71921809902393052
0.40392487791373921 0.42908186066468801
0.73301147026525215 0.65370211689734747
0.74889246653656782 0.62290982948731433
0.25551185653559827 0.73907134072476466
0.63513667714826816 0.25561707906727948
0.20146736823664885 0.77676988132465818
0.68163853113523909 0.31687650461054984
0.66467456153799431 0.49252221945889252
0.65715708786540517 0.13583762569330529
0.21174404112024672 0.54755552702420118
0.72370183441947322 0.18886558159515746
0.53782575740264860 0.55432110340900898
0.56965244538195658 0.39481609929267414
0.41504770955927517 0.51496092964602136
0.67118260245550054 0.48350907576978891
0.73086555031576639 0.20110584899760914
0.45592636251063035 0.23945530910946547
0.27163003753462434 0.52476975953135774
0.29613217258361468 0.79581057479961059
0.60767782033366480 0.71408549045985803
0.37799279163001281 0.56001024520376896
0.60219582789338344 0.16339125044178093
0.74536274200818975 0.20121883472207183
0.76417092627165373 0.43007412992501248
0.35040391827858619 0.32639925911568668
0.52273029077346300 0.68897791473949455
0.47540020992725324 0.80626600670273874
0.72611622537924214 0.57939855963775599
0.40477775874660993 0.27350875031836491
0.32293357433331749 0.32538115105304977
0.47257456268357878 0.73821236076256280
0.26686627282442288 0.40356903921492504
0.40132054252308058 0.64883188667483327
0.68339677040263425 0.27244208392315922
0.32971359424598834 0.58356252672141462
0.56689759496878833 0.47243658316096721
0.43987541974021749 0.61487122061422550
0.62668574222190454 0.11999414069897592
0.20496235057731674 0.44346529511124372
0.54438537094729267 0.46722327744461267
0.48375468623598433 0.23293052977775308
0.68462321078643573 0.24770082084740355
0.26978571489312808 0.55296251985540046
0.42683138111448510 0.30074869233967882
0.60051193427294036 0.78499760370435168
0.83014608408716350 0.33338736981753875
0.36566668973063088 0.38625539900034322
0.39991629688026348 0.22329252539404057
0.63749011615329831 0.47685772797314818
0.72097210692053715 0.65505180362833193
0.58467589662999542 0.71906691788688892
0.39153859622502318 0.59242142114704288
0.24328047938374869 0.78557435951026466
0.23586129891098365 0.80787774594689665
0.35455796197202649 0.54073187692673241
0.74121386151853275 0.59775237066657771
0.60060895175224538 0.61226444090813081
0.52083289842208558 0.50352347167285916
0.51867686122757073 0.42587205665461775
0.79087975287008438 0.25663571495241955
0.81608394104286897 0.28213209451180132
0.77182192998710075 0.25614180604953052
0.44111205587435159 0.71942246803089482
0.79647271074827819 0.21272012015841060
0.72322401139486570 0.26543388948928531
0.32196498266627832 0.44790583119911942
0.60503760010766272 0.19342281440436881
0.51704276539006888 0.62962877722284039
0.50292539059971808 0.58010782669314787
0.23252715743340152 0.44520893309865933
0.41868912049384588 0.64889162765024422
0.71650495464535857 0.51258950147886084
0.20384603300224546 0.70417057538509487
0.38488202693007995 0.68623574143317634
0.46346602224146444 0.84200490361981162
0.54625482105886503 0.55722018368604309
0.18775010056702826 0.76061517888332619
0.29259589948581055 0.57540935080854894
0.24655064567668275 0.53206810462898646
0.62531874115833785 0.25155122507016842
0.36862762222023826 0.25120803511764223
0.55920887772813621 0.52969634791691222
0.22552308267737498 0.63468370008028352
0.49701500177545388 0.17513128191967678
0.53661923739734307 0.20474030860830364
0.66847351531245469 0.13685302403640637
0.39634787342775368 0.41949007505551128
0.84527561979089638 0.45257052630890238
0.34505990533278347 0.87258266819047692
0.72147620348677743 0.12666212035544341
0.72751695201539557 0.62956337318659439
0.32671271016435932 0.70564295838977409
0.36331428547696115 0.72406613987340362
0.21809980193388118 0.61570371200092777
0.20419775273410623 0.62859057301249477
0.66437357500673766 0.45798548019833141
0.67525842368168121 0.59566199421612998
0.37898043641140072 0.61151194240235518
0.37324968253741792 0.63242032676982229
0.38003453363690204 0.44832479809631409
0.26051884776307366 0.39932670135464932
0.23154324697075218 0.79339691432499282
0.20025623832490361 0.65299678872524569
0.40071824714834969 0.70687599603264561
0.34304957060339103 0.26532092022449189
0.54812379469019834 0.54891225063431159
0.56468181247216076 0.14637589154692618
0.56896087269206663 0.50023015327182363
0.75416398500122228 0.43386390786378792
0.35025930197915117 0.51748339286242606
0.56014353627899105 0.23008059858257018
0.62002731731913663 0.48773820676365476
0.42646944241084156 0.63771704652108263
0.34714212028858338 0.84767391221259270
0.21964825398679871 0.53592210563890552
0.22148266462964294 0.79966562789984175
0.20579649221420940 0.41263480556325016
0.74609392884212378 0.14641982103251894
0.25978944522490455 0.74808269777371383
0.41671677506400640 0.23716119489968993
0.75957724952741579 0.55326894626234679
0.29958386528801800 0.31678396875815534
0.47277845579555711 0.42523492560346471
0.46107156290462770 0.22593463039314221
0.61870390098305261 0.73425529871776141
0.79401953915611634 0.51643300366437295
0.31323744253909880 0.41927943658646855
0.58531966673511548 0.34854479374685093
0.81298664617876437 0.54105159748002707
0.27119712529588730 0.43186937432136019
0.35340393896136535 0.64325620073842771
0.69053488536679630 0.21605710913974457
0.42729043133803368 0.84217809912811270
0.53163932141849424 0.17761324653265359
0.68300877489984724 0.15427478638032005
0.39885571908362760 0.21507605212976133
0.54582934340127864 0.16261516925329880
0.23805725346615303 0.68476815126489676
0.64673252163718897 0.38113506463735619
0.26739300995986082 0.81918271320614011
0.34580445217072897 0.50729784553491630
0.70518849948570383 0.64894635022160985
0.39561529217222341 0.70493076256627518
0.70167264786799510 0.48734941614613764
0.21047589464242067 0.76459366402101658
0.46344836451351396 0.74412480528690672
0.61036832940890273 0.75372698754297807
0.59642634487727453 0.31564402997705365
0.23627641704582372 0.41607808060394891
0.36009250688888411 0.43058696604155589
0.46331119870203097 0.80459388730899528
0.35262344909764642 0.56986544437952080
0.72392465005482054 0.62705485275261075
0.75592735533121680 0.42468118411593869
0.30834752536399090 0.60082327961946769
0.39668823582225565 0.73829221929538991
0.32042244083878757 0.45709560310990194
0.23795463212074092 0.66710212220270615
0.66855127863035446 0.65272461481646871
0.53502987865895868 0.39921416014589950
0.59311855701849470 0.53586916822312536
0.28549379841322220 0.82893536490874453
0.20697457655074708 0.47763240319884814
0.64827015107522112 0.54825736140123071
0.37039528545836142 0.66926655916138889
0.49465378595050602 0.80517969329351002
0.40706701520042232 0.86910665640528473
0.26545665739123936 0.40729095765047185
0.50492668115963024 0.21673934114848462
0.57649397240475653 0.65253594333647724
0.76015021940202321 0.29493900174799259
0.29197500496118622 0.31826723882420016
0.17661877563573747 0.72000331662451034
0.51762373567404674 0.67276692295006324
0.55378040829819497 0.44210278810912174
0.68504602974865425 0.62770517686856386
0.83187935034367266 0.42045930558488492
0.54773135576270082 0.13097869118305960
0.72356009263787335 0.42154364138833739
0.31174221752479730 0.81533378219711905
0.76363549377446571 0.18130492128497860
0.21603114006654484 0.73035073559697683
0.47658237470478160 0.21940458251751785
0.23596978369846566 0.38798088284506221
0.34548258130445419 0.29544025853325434
0.49490596558205546 0.72304531713351861
0.65187165022321714 0.40910506376978506
0.33543500774283663 0.32599826948794142
0.48459338054034962 0.21516402129463358
0.40205807036078106 0.86581316330100944
0.78241129228006789 0.24442599145616650
0.50754222275553185 0.61567819366542276
0.41068570503720014 0.33097039413182228
0.48600753422155357 0.72904882523533043
0.61916777054635419 0.56817412315085836
0.22823017907551438 0.58772072910110018
0.37517833855419253 0.50140426333369847
0.62701295067842966 0.15693043205581259
0.67863838654845277 0.64012570042638473
0.74964585004433382 0.31058571288835946
0.45882017785639440 0.58754512666395331
0.53470269327319364 0.71539460171408120
0.23190007883216673 0.47737328089060094
0.57667848493591234 0.79043818457851334
0.42965572832067866 0.39846216126937350
0.51010553023265248 0.33285241719697617
0.23601709489974465 0.77448525876649121
0.54739499780108514 0.31982625725275776
0.75029680265396270 0.37567272552066694
0.36355091300782838 0.26013236291794012
0.49710737329557292 0.16091312243374739
0.57865911889896948 0.65759206518506330
0.76293415684400900 0.25065789713469538
0.26877476055426364 0.36649762460817992
0.19885537177794801 0.73780690652340941
0.53362127205969689 0.77472344269621751
0.76993334655431245 0.23957522762219535
0.73338225961798209 0.22963405438876741
0.42813104949768610 0.52801369938100162
0.48047646272660960 0.67040401944779859
0.68908853249556246 0.49627578443238757
0.67890464167329667 0.41720443533949103
0.61666752644762868 0.57876691369643374
0.55396523455659019 0.36386421998867124
0.33117060563774525 0.86769598633319722
0.48400654179317520 0.71243014273058070
0.76454322003891806 0.24628239810279268
0.30806732608543547 0.45556590166381988
0.27139260771647744 0.41756397203979589
0.24863787495575301 0.60576043490694409
0.43594216237895267 0.36679589951015112
0.61536461447327839 0.44237871874028512
0.27779017556066199 0.78850488401364371
0.42929084701566139 0.55903462623622402
0.75058137301113848 0.39806367739400939
0.44122211490575231 0.17989719316151156
0.40967586323457861 0.47392660573456752
0.69665921425469890 0.34473442934215642
0.26828813171763816 0.55858896674496861
0.77230228906067477 0.18308822491692156
0.81025199304795614 0.45175276000942849
0.59363266644808177 0.47026576860830349
0.48839751642815443 0.37263389358058963
0.71468445386454338 0.55294237151927317
0.34591275638516694 0.77269217191923367
0.42232449047091547 0.70793929690403856
0.29445590720668491 0.36253292338515908
0.39757566990769161 0.50166246261677816
0.72447156832261950 0.23433543673511698
0.76652420791997433 0.63734938324217083
0.52907280161662928 0.18039183136700621
0.41407678040787488 0.79005708053326851
0.50441381467333768 0.13628030166337851
0.81775902116491628 0.31867001993867161
0.32953874433280655 0.55550091913743871
0.76556783213604807 0.45729027687401042
0.45306515789379709 0.60428937140960415
0.33082022250367760 0.84972970795067604
0.69010781412611522 0.36509718116390744
0.28798202791925620 0.73293022876146496
0.73811159138858873 0.33475340563902767
0.68646625516623339 0.15843920577768300
0.57291028414665912 0.78811130363201842
0.46415346865736123 0.32078169570749104
0.40999019869836539 0.26422522679784871
0.35135692624520121 0.62979262888023724
0.60931812585855094 0.33211161228356184
0.16630979795157336 0.58093339585661175
0.30894391945217425 0.58814214158208011
0.62742311836046494 0.33964576532635116
0.53428198534462923 0.48458674222567849
0.52599088832436203 0.26351508066687990
0.75316420834373110 0.51438025141372101
0.60150826008350933 0.51678245687855362
0.44101963215869067 0.26603863863581317
0.68381266281878983 0.58961281083928818
0.32664252904114355 0.36840813486692858
0.63867304510904477 0.26537707896677626
0.46431076210316091 0.58613100851008026
0.25745839778241109 0.41420117440207338
0.41518786085084841 0.76790312540300887
0.56916697497552193 0.54103173593572285
0.29273033404014137 0.58111513605139931
0.27635195242100369 0.34124258547861658
0.76958734150873398 0.32147427197231659
0.26964534321789801 0.36275787685400462
0.28806815395708751 0.60507420700518466
0.63590486685257230 0.31357662548497761
0.36956413723761844 0.80843455521657925
0.34960913687903628 0.24728503820153053
0.44742670140661006 0.81903940318465640
0.26995146555300925 0.73490039555056375
0.54277684941473514 0.32457252219268673
0.53204689969804553 0.69658368050254549
0.80082984656925293 0.40184597183730847
0.74468784975034019 0.31266376889248837
0.24495441950995689 0.45974149325740099
0.64710696746765839 0.27205019534768393
0.78253224629792695 0.52835569721118114
0.22539445869541921 0.82074253754504212
0.35428435488327237 0.67406071870837003
0.37495943201924997 0.43013086982041165
0.57923005457165089 0.77223874478489241
0.45320501555117382 0.21661682579475627
0.65752788198315859 0.50960262077477769
0.66765886951376152 0.67204658894663061
0.62579177459039814 0.22900370781951945
0.43743107227885547 0.67575272550936050
0.35065536673647368 0.43019913201299120
0.48751367415279173 0.22939613612554677
0.49589067951291482 0.76570526194802258
0.47554692632378648 0.17582435503183108
0.70247000442154772 0.65703221080559548
0.53581561359211838 0.27898020559145326
0.31286806634788777 0.29491848625090222
0.64356832959203913 0.71517322248736959
0.64141630575877984 0.18017931873609744
0.75175460385371351 0.19029270370324319
0.52011016766991625 0.84145465800915331
0.67118411144146473 0.54545268426235116
0.70592035322870239 0.17098766081996822
0.50836563636063947 0.82842368238150021
0.54118191064937593 0.15908211113942727
0.20992544625573062 0.45213241489079886
0.60167353089703457 0.76248228586877587
0.43923345513510348 0.20447961567155926
0.68637990640502489 0.66070607412524940
0.51475901367761068 0.61710710531353463
0.65197596841112304 0.48366556352998691
0.49985881142429178 0.83579822901288403
0.47333057136796053 0.57702672317861503
0.68943374231789190 0.62420260210073131
0.62625118177380001 0.50814655103159678
0.83504191600532041 0.33110696244221838
0.58362465067501423 0.13918787903749469
0.71699056050639309 0.56625253514213181
0.62670050352106188 0.51400091362516465
0.50440090574563845 0.63074922007484013
0.60287843350640413 0.58430259162805531
0.34296110396535129 0.76828277111748922
0.42708915513421652 0.17525393313563320
0.66070297287545099 0.44730578867071480
0.18725252843197041 0.62939951782124903
0.55019409158874089 0.28537659307416452
0.55615958735402327 0.40459184037219198
0.74079845800069855 0.48262018523746214
0.29298453632989435 0.73632938134595816
0.25801982490173775 0.62755060764527781
0.46606936240746122 0.71908881691882487
0.69607920444989824 0.43798656145988352
0.70376934978945416 0.48248064023524845
0.28980857600250404 0.34550135230302603
0.37929759817362046 0.25187768138435024
0.47912041384184817 0.31066666322084713
0.77511954921419790 0.43061557361783498
0.59858064498139818 0.66931457128176641
0.52635326594499210 0.54856696261608107
0.51724784596506290 0.24395119917174160
0.36111613161955358 0.69340644388572292
0.75944588154675208 0.57473466724414490
0.39121501372762135 0.49978337814531715
0.46001509488553705 0.38912301655632830
0.52955675095586563 0.68238649662302620
0.21975425242553398 0.64259840448414984
0.49150443223688245 0.45483889559710683
0.33040470698105373 0.41920507554760533
0.38961306209231705 0.61620285222923665
0.75504289227466992 0.41822680640505183
0.33204846161862445 0.79518994068593973
0.76710443574886145 0.38844602231237790
0.32226118229395773 0.68060830136368411
0.79472330648866651 0.54718222040523445
0.66392172435418573 0.28317510842950278
0.61226304859704184 0.62983638301321632
0.69410553329811764 0.25565564789523554
0.39464861582171823 0.21768602829851291
0.58516373578176506 0.62434459083072857
0.77171464905727127 0.57863612330179415
0.55288246047516554 0.16006843922721375
0.66505998910123665 0.24001730333373467
0.68801914534598829 0.50176997846061877
0.50984421266804680 0.71689272962921946
0.60619900728496290 0.16256171680755441
0.58117787834494428 0.63973325374469436
0.34623265828389882 0.29141452256588718
0.47077597679368832 0.57215806625942145
0.34610276725747219 0.25894479517729529
0.70032491852060930 0.15836365310648054
0.17232545627015605 0.66429854001854505
0.49964497332840585 0.78412266292393307
0.61632925509333547 0.18586593260650408
0.30727497183764396 0.71225639680762720
0.67166910676916214 0.35158294425641584
0.52757493160604274 0.33425521359876376
0.62041195308097064 0.33520722112705748
0.26869629851913113 0.71585131509359123
0.24274215163724477 0.56844845559926072
0.71364811460679889 0.13837932758458529
0.40908769661529032 0.19752332767823361
0.33158790507207053 0.60858786510000773
0.46201621129432047 0.35134593350883780
0.55877053501848106 0.24856413060070717
0.66930034507470038 0.35661333380939692
0.45333678211224965 0.80767768555296604
0.70009028817079433 0.60192583896479190
0.25262837265505150 0.39074335884394817
0.42100410803440036 0.18458391177115496
0.34482639054865333 0.24860840744877244
0.20585635441691802 0.70731844008111855
0.60860497360665544 0.27038784745120448
0.19031982771205846 0.47592564524940995
0.53647604567209739 0.39368112057244797
0.54148503968603678 0.80104066646240657
0.48595372394809222 0.31252367466227660
0.29376233154660836 0.48019458330643550
0.44568129924536970 0.82853364357631820
0.20482572052695575 0.63205287214850026
0.17014877145190321 0.64891080292450209
0.25368169861647455 0.68565252696437673
0.54465784354564051 0.51514719037652235
0.74640540498949992 0.15123666398578306
0.72368896139871253 0.30795985277367333
0.73577908506102452 0.21826578899435622
0.28295270002191319 0.62403381499893562
0.56990947814418236 0.43242296677945391
0.31716003393608788 0.62506450622382193
0.24550650974559030 0.59527571394931889
0.50097316601184438 0.85472806769015908
0.65087909654478171 0.31976614118483682
0.79143740579518784 0.50893869837316730
0.63768647236008236 0.11825090328024412
0.79144550820275328 0.36961497797640713
0.33665491528940161 0.82566538916627907
0.37730495376369855 0.71535551824088595
0.71655086459685047 0.18459527777951071
0.57443954293121191 0.48365853208594756
0.49967501525973601 0.16401029385539473
0.50302811871521746 0.80198504822498118
0.45160089679503651 0.34343635312761578
0.35329432901844365 0.21475053504426211
0.63092403280647280 0.28733384753030544
0.31266052549102175 0.75429913883694577
0.68770133745651130 0.68180046170001929
0.64928886876836722 0.43997933177711196
0.19627107995801668 0.55740387557616933
0.40468569115355146 0.48222156314450776
0.71898625520541004 0.58642180170946645
0.22474012237261387 0.55128723929372070
0.48242456504112502 0.26959220249292837
0.73583659915500255 0.29758796546767641
0.39314596804686075 0.39723627463690570
0.56861301269218723 0.71122248224398943
0.30681589814176430 0.75018470229497125
0.22578295744394219 0.47238449177593644
0.29967047044617096 0.69752441198467274
0.73707527495510283 0.34644733410062656
0.35329498094563083 0.26201377368998779
0.38887372150230465 0.48029312921905976
0.59143511405791638 0.28477511715107090
0.65907780090957258 0.44212518727454653
0.55283695920585385 0.69845396930390402
0.53499741588997618 0.12632358382342523
0.51700838499800073 0.73499005603323053
0.42923881218541859 0.27619067616803239
0.54308874142427510 0.60200080125868993
0.75490713118346042 0.22219357756984764
0.77603486395151355 0.64940524916749010
0.46519002523981562 0.37374810291210159
0.43738057785304463 0.41199435190242739
0.62027151306728157 0.44553739288579403
0.20921296213124718 0.75843476073007388
0.30688470436107551 0.82863215198426032
0.66687512393334591 0.14046578950149485
0.70239999904091865 0.43444674855301391
0.19968693168810836 0.66495245296022554
0.81044703119264894 0.41179388858909149
0.26263177993265407 0.42949964394186224
0.62556014317996644 0.69860835208021888
0.39257108849059774 0.23943281756399351
0.73266566546434686 0.60153316320320893
0.20801936158769910 0.61909238599300342
0.21965862098046957 0.37180694022569721
0.67992082036927237 0.64468330780925642
0.33444136342550312 0.71385029000160860
0.31399914297902903 0.80209164983280345
0.65901603386195506 0.54426628523746423
0.37905047598321506 0.28380397999342677
0.71405082913832607 0.44443671673633756
0.36341581896324293 0.39270770704862579
0.43642833796195235 0.49842087547413771
0.20790631505429435 0.61035829228077554
0.47550333973951575 0.19714868286828707
0.67544530845813933 0.43910211234647656
0.72705468230698456 0.13823199232823144
0.60499349653743417 0.22416349832674404
0.75476592508195073 0.38875141225645082
0.62368996698217849 0.66274904497013531
0.63914832126764298 0.14938107466761136
0.28461622856301316 0.42681342331835204
0.69418230443889162 0.69395234612480572
0.75641391298874439 0.63642595637180188
0.83678476011013725 0.29926384460644967
0.62098598613618594 0.20632383482569128
0.80872906917675558 0.29886759171317467
0.29689728830127204 0.45399277528927906
0.19458776573052949 0.61775330068546574
0.59102810205925582 0.38739601322322798
0.41624534444758071 0.19187095705417381
0.77916774881978912 0.30413065466373240
0.29993123247568582 0.79963793766876601
0.81393418283699170 0.33830152794668972
0.74422670963140425 0.35622647479349301
0.66545590052594372 0.14425583012126691
0.67008749200119366 0.24844560890640555
0.57018847858537747 0.65189688370186438
0.52763986533576201 0.47112289905951671
0.55878845618982298 0.32127095825207913
0.73367708011610233 0.54836560129544998
0.63433412561173452 0.61029642000230799
0.64224640547958955 0.62993151526067859
0.74809493791853998 0.42589311407031938
0.66864921239726360 0.15477410992039997
0.34735886352491835 0.81809435008065245
0.24476965168777889 0.37017633400831496
0.45989313841456642 0.52926497912693327
0.75710353175557499 0.31774448928203752
0.69563555254375520 0.60381045544199663
0.80977536879169554 0.33055680974720641
0.64620886772455255 0.50594754516756868
0.39015770840323105 0.68362980732710954
0.33993343062343717 0.26753213101359924
0.69794329818197698 0.11609959000175671
0.65851174135791002 0.60552723902870442
0.69814541106187233 0.13154245456704319
0.76459400490852902 0.61127805085321385
0.71533373713262627 0.63997929892249150
0.80413733347321170 0.32976239690796894
0.79741713830987770 0.55222067653179918
0.61193870816011442 0.52243106612854895
0.69990642135162129 0.29594659066700285
0.53259517299875714 0.18215309886887032
0.77567489196063200 0.40174314362176466
0.34786636382464980 0.70346927265772607
0.60131117287231484 0.57138943594094771
0.43528311925675345 0.77453619568692811
0.39329748518586222 0.71105907882202146
0.49125085221426568 0.18469282465909331
0.41218293642625659 0.81460791511006658
0.51586508585408408 0.79952418202604369
0.55420544085119317 0.79787726061578268
0.81485657694802793 0.50694278385224734
0.36311967524154226 0.74597845554791364
0.50682718254978532 0.54523552112726148
0.78397163072147436 0.55979812038690258
0.34737101796485104 0.28778604332362789
0.53073139879554487 0.19786215945125185
0.31019227017104195 0.77453300322157725
0.62439460611516295 0.74726261437634767
0.31914025132288659 0.59255435303893789
0.54859911844020481 0.60133173131942308
0.64304012480054762 0.28414370848656217
0.75953042370982748 0.28438382180300592
0.56776556644063858 0.16183132863562297
0.67406377482162227 0.27101961901433019
0.59839194262638240 0.13011514449442621
0.45323024675413170 0.24375636126354119
0.70258557877139216 0.43959040950786621
0.68339445122157394 0.22792140329930866
0.40253911057356462 0.81063759400173530
0.65478845311449185 0.17945648734684053
0.34792387614305237 0.76600079988063019
0.59121441743773839 0.51306430128936609
0.31195838579361279 0.79353679661921217
0.52368568730758125 0.77912506000163284
0.21587293949535427 0.50897572269059732
0.17508107750884766 0.59036388731920231
0.34158689533391140 0.82447648893852299
0.60254527097396693 0.47936767298390964
0.62229335259605834 0.30838500230417343
0.30165086028332527 0.49728480550753013
0.20490969818141053 0.61258074336954782
0.47329623203839938 0.84144971759368670
0.75710822665016186 0.43782483222354079
0.40005776640833635 0.76880007709256915
0.32524425879553065 0.40927954186774929
0.31533584800295278 0.44716125186147049
0.50116307659460513 0.42581240370687007
0.33701720811186864 0.22858245763315158
0.32619222333059217 0.25391558577846585
0.41537974194038285 0.33458862261428424
0.65912002546040216 0.58453043063384291
0.42125941360308189 0.81410935347000912
0.80842250109536151 0.35549091248150000
0.73201901538474579 0.62052398807377118
0.65027078628094470 0.26030648744575446
0.80161196166754034 0.30916936828734320
0.38103907217942301 0.59997744470562564
0.83401994672724866 0.32519107398750485
0.73023730448415380 0.63720333033966581
0.50075860945055395 0.73270491035117902
0.61465890481834828 0.75447654462979730
0.38422690852649455 0.79339609049160054
0.69109569108681734 0.43499293265841232
0.45968771078232301 0.37598664808031845
0.67154777546521527 0.11273751552187394
0.59501683241193037 0.30473963934905735
0.51895713403010424 0.18724722041654607
0.51549224533154780 0.51936423523832431
0.59101968461756327 0.14662514389877601
0.81858195540400269 0.42725952253097349
0.63899450582005013 0.60216065775812311
0.59552041988281768 0.64342769100281783
0.75225351872821444 0.40842104437017535
0.70423074328941437 0.14051354248991421
0.56342575653458660 0.56985016362511964
0.41976053186105272 0.27569953077778725
0.64627099371941132 0.39530020316883197
0.48439142520837547 0.52287906728717304
0.44797532717360611 0.53538800295763234
0.30441461348917603 0.40639704777022945
0.57280519003177710 0.71380110047304601
0.37976875268518745 0.57322259987416202
0.51514549142672983 0.55120807911795389
0.62229848312539016 0.14845739054102658
0.64923411627780747 0.29875746105724760
0.71262730235628757 0.32849310569419687
0.40000874559677846 0.44157328000153734
0.52508325662487598 0.31744529293020157
0.33790648341008611 0.30376559802428077
0.50458649256537713 0.31459504375028507
0.64197213689316202 0.38490626704749931
0.30879214430310242 0.34315937572310906
0.23011428627765598 0.78964078802233129
0.67340274645298015 0.71129697634108879
0.47601499901189859 0.62751602174710874
0.58932640845655326 0.19400790039087090
0.19881124072459977 0.79454766636301133
0.62039436704008111 0.22638501369175834
0.44526093038646813 0.84721983904623510
0.74771133410178647 0.41135498785544888
0.35874746559347748 0.70493488082444022
0.80807773780468972 0.42693784331167484
0.22130173333943920 0.70396011871921815
0.29892405213446288 0.73058397493941785
0.80753325835843692 0.36499826126531543
0.45124793047501771 0.21303022936819443
0.18077517959418876 0.63430340351749936
0.77024254320789709 0.58642885612123274
0.74996859443538955 0.13007645602346526
0.32532635132447835 0.83353213003526894
0.52354606196227138 0.72683193377692279
0.52816486901444526 0.72967754780203964
0.77779913543865586 0.36331376240247182
0.48757354329251623 0.28484384920565925
0.68152554147403288 0.72653925033819855
0.63863026173151904 0.21900434610039179
0.55500211551977585 0.80569575411576011
0.43186438378858938 0.54495316736825550
0.59970208008782611 0.78948798618273641
0.50258521948705859 0.54935594274574662
0.56113587929904152 0.32668541170926862
0.78415674413728342 0.28036852547334334
0.62753472901511398 0.75780410480904115
0.60961652293378299 0.37120122861073590
0.41339950695761851 0.67700969122635846
0.40620114738327390 0.80248621369557560
0.26034590982965572 0.58543894410254227
0.42596498749538381 0.55439192297714146
0.44619472643132041 0.18677450045039701
0.23342766313533406 0.80408670076185784
0.52401872050050025 0.45525431442353703
0.42253208354409544 0.59176562451797365
0.80716265338674664 0.24614546827934591
0.80150622317430964 0.21367152986557827
0.37482678473978021 0.26932454467956679
0.64942910144195332 0.48908468735946770
0.81032549121920727 0.32354668318873775
0.22069758569876655 0.59563089525074508
0.55743546324797166 0.70028532178127112
0.27392723216567488 0.71594763907270331
0.62773818532890524 0.42341636691800427
0.79496415111635266 0.24538638403312443
0.40081327532250277 0.72224463059269306
0.20124848044217553 0.60651712685977444
0.39020431604877526 0.44763648685980206
0.40870062898408249 0.56937178790362464
0.23439230348508380 0.52395347503712197
0.46845786325345273 0.31106815372637409
0.73420777382896540 0.48642741511982168
0.60589474384353426 0.29199319300259463
0.23263737012387725 0.58656384217995727
0.45792840355926995 0.47370750076983703
0.77797432381246456 0.60431754494745216
0.32837031689055973 0.37323992413653440
0.49484420055283557 0.44745042126427048
0.75747418500604624 0.59755176204060212
0.65295712778619830 0.31460078274131692
0.49777040933856509 0.19549536039030924
0.56175050513979707 0.35495624671297032
0.23516386692429805 0.44786567426273893
0.20118536680560706 0.50368711577147252
0.22771678094948244 0.42804613000471337
0.63922502418823179 0.35946743362897016
0.28265191714791937 0.72077775528767307
0.35860145352943196 0.58387387092295007
0.57254992968099183 0.79293118593432621
0.76948844803730942 0.60878771804168330
0.55682048839842246 0.65807229743035434
0.29361526983027980 0.39571626607120913
0.29642012552152996 0.42085198075754104
0.80672533511103173 0.23181271735668812
0.72891356647827554 0.18852111453590742
0.33778961840182031 0.74297334072095922
0.48271228007238381 0.19646000327662000
0.41851925288854758 0.71205850833359752
0.31548686753701899 0.77361563889567764
0.26889760716419836 0.77902908436942486
0.25735781488469267 0.80425519984508465
0.29339344424492642 0.60295572804834729
0.27203589327805422 0.36832826769605131
0.34462631114848785 0.35420551221672075
0.58158405776292432 0.45723145275824317
0.70344667445345110 0.63399743216346804
0.34212000967120915 0.63597706312671942
0.43728493267435697 0.56748100636316245
0.80271721087041359 0.49194337743649263
0.45711623240808008 0.59901326421051249
Code file agbn-serial.cpp, g = 1.000000, G = 0.500000, t = 1.000000, tNominal = 1.000000, stepCap = 0.500000, I = 1, q = 1.0, scaling with v[i]^1.00, area pixels = false, parallel mode = false, scanning order = Initial, precision = double, reiterations = 1, iteration = 1000
