16384
0.75374041584444362 0.66346886844486308
0.97753671694843070 0.87126729342800435
0.39910575763558220 0.25741344797745597
0.56004703831713110 0.01452956419342196
0.01271678786298744 0.53985376351620307
0.58680744052707212 0.01902239374780988
0.76307113631778745 0.67797998197287990
0.77089988494807149 0.96097614243073282
0.98947120618338824 0.49663275256220912
0.67722671106576304 0.85144873705610902
0.04179064103444888 0.53882717633923805
0.54918843295520314 0.53444058331185462
0.48505863009772199 0.97926158344697312
0.60053984922292014 0.02971702083667380
0.38761664840195226 0.23918464494147665
0.66096696336207383 0.89253634609346721
0.54342487918970006 0.53913642969389464
0.37684436364485319 0.23600419956158114
0.77395388769377327 0.66932181129408996
0.37638832012583606 0.21649295015340600
0.59476034184190196 0.05595448089261715
0.75513097707761412 0.66586671007732845
0.36601630072325980 0.21550612522008805
0.76028211312152494 0.65029627020403769
0.79431035596397215 0.98492805164365749
0.77813712695666692 0.68125470405786137
0.97626805084636936 0.53571202788186800
0.02811735078882694 0.59932242481293130
0.36754341841621896 0.21184449275509099
0.03425760957007209 0.57291908357496379
0.38938275934273597 0.20286459904987802
0.77015682682046316 0.64441378886760459
0.61014167801058317 0.00544035450891723
0.35572600143222327 0.23725967671705184
0.99868927168563959 0.53765367238352746
0.45876014036346852 0.94994757356159587
0.60649300208677848 0.00332308190250026
0.80290891970668543 0.99181815403457685
0.73205814217998333 0.66712909459778402
0.47708320176812458 0.95053696338046689
0.66704944873897232 0.88822227278800203
0.78369675451605458 0.97066688873976592
0.03117786994056685 0.56897548731492575
0.98016457279364011 0.51602089433860132
0.59929512235364391 0.04033491052040464
0.00508909795415637 0.57081491232428638
0.66965973902681064 0.86411988428685227
0.55588820534696559 0.04234396984808887
0.97009408552551790 0.50523060728499269
0.57404497166862167 0.05034689847702014
0.75842418279000512 0.65956587049929072
0.67721918724068364 0.87214043863779633
0.09291221429455966 0.63838054961346746
0.55871949682850053 0.57231969872111177
0.37350449404190655 0.22823819280899521
0.49162087826467782 0.95162901972757097
0.37848355118957061 0.23315238880276207
0.58899545000893516 0.05658347963492341
0.35277614778533534 0.23824643119034553
0.76620306558489093 0.66704709621947977
0.67189885622501533 0.86269006306988216
0.46779887284812777 0.97699646276008034
0.94170156391148208 0.38691562859760981
0.82754152364179934 0.93807957529475949
0.02797580650847792 0.54516558930029480
0.45949880512322688 0.99474208485886173
0.57782959624215335 0.03638051396146558
0.63610533390916413 0.89153857390029001
0.47438421043395224 0.97670123065979697
0.80801350170964581 0.96802173365000910
0.99778417997580438 0.54153379419237346
0.99455378063159250 0.53820906983270200
0.48286080150696453 0.96652697443144409
0.82458004571187549 0.94336619558697810
0.80560606634024601 0.98765155794228043
0.57985260363747992 0.01203652284824006
0.96243553583933639 0.53392796152546274
0.67692084216570170 0.89299178498768783
0.60771418522461484 0.00932422325214404
0.97244163883105839 0.52041770745991101
0.69553534203701217 0.86729101377241380
0.50983467117827541 0.98486270630077410
0.53766622912224060 0.54066351580147420
0.57782179795360877 0.03447081467758478
0.78527028468856253 0.95852658166235383
0.60730450544559977 0.02615459385489072
0.59341740470324611 0.01215168044056552
0.32789782659727901 0.23903267732042582
0.53170410158720594 0.56415179038274144
0.61001374790131924 0.01029737478908761
0.37073976052077684 0.23564907095679433
0.55002760375992354 0.55581673129032394
0.65991256008501276 0.88680571989922807
0.69923608416197214 0.99999839644834543
0.77506509045398364 0.96943840099635747
0.60217699944732705 0.00455622521368205
0.37242830436842006 0.23073337461158175
0.00531921980327860 0.56025297245108618
0.57974365874706490 0.01307514307765566
0.81833202318298892 0.98083631143869565
0.46926759939073026 0.95956245622819747
0.59233400146132975 0.02065602397279423
0.65956649516492361 0.89589349011912311
0.77169038335096884 0.66128863832617790
0.97308348823172353 0.50716141863753095
0.48771923627281377 0.97700750640557121
0.79907981376798420 0.97837907761164311
0.37647181434121585 0.22836421129119580
0.55780206833180479 0.54192754804192111
0.81507075701316056 0.97261657083410191
0.59171806955182604 0.01837471392921145
0.76347944818550739 0.63100200130161765
0.54397241767983584 0.55417661579962096
0.57890916847883422 0.04951120414527307
0.50900963167603563 0.97443038775642332
0.64543050166277449 0.87237495993060321
0.60126813200034790 0.04484881109007068
0.02762889829453260 0.50536289313574689
0.03056033409390111 0.57683553507352514
0.00563493414122956 0.54548118982857519
0.67306155466622219 0.84892998104216555
0.35396012579287434 0.24302194905679156
0.02308068525651822 0.53922372411174280
0.58218536181252467 0.00342470216032521
0.03629307293798874 0.54404082086484207
0.66087344625902344 0.85851986850679662
0.79912067253193753 0.96777323505996748
0.79251248021453635 0.97329786611631908
0.57981824469953258 0.56069191089597537
0.47577270014986128 0.98626077512562704
0.02125744883332851 0.52676564837894668
0.36373043396165766 0.22376009549753556
0.76964123852508237 0.67350914757043623
0.77928799352481981 0.99783475466337546
0.81161485184482718 0.97091605535351422
0.77607698054217922 0.66379451868751616
0.65785588985333820 0.88843700767602674
0.37785651331614856 0.20747657252387292
0.77773986304808240 0.66358914817080994
0.77804639023428757 0.65633335799915793
0.38655599812243768 0.20901023260072599
0.75605105991193811 0.65905885464775205
0.76695001508238680 0.66355477801478491
0.99083882480135355 0.53235967801117157
0.65202175059545397 0.88041155863925413
0.37514781918011114 0.22994252556869998
0.53210750042577204 0.54864094249084006
0.52788042672786128 0.51079209792548275
0.66154047832660812 0.87448474893278905
0.81167596047395396 0.98759787685191469
0.79309879130048111 0.66313512743993475
0.81113966641973401 0.96172713231532403
0.80251382700827789 0.97188233874696306
0.77948253764071018 0.67236875355228254
0.97122739604314945 0.52359056244354762
0.39187144731530738 0.20841738902990870
0.67892656884809155 0.87589827452648583
0.99565679735058077 0.55698698387205769
0.76402588440439478 0.66674511301598582
0.98393145531121307 0.53243015579066955
0.73503083741008290 0.66513244210856637
0.67070650772157425 0.87761405056291975
0.99720577152632250 0.50451957500912115
0.37287711061318318 0.21777890265840277
0.81252460663139681 0.97565481762726158
0.51391380795222319 0.96551203797966756
0.85159461406730408 0.97807981042332293
0.79138980262799818 0.99497574844168801
0.76530851156208990 0.65183871900471979
0.60154218513854341 0.03720482741427934
0.65558277148663857 0.87236306246941020
0.49990456785552584 0.99642543490364099
0.39435465271855213 0.22155347394319047
0.76046943512110632 0.66214556379029288
0.37198802687517152 0.22726303874346301
0.04242508148104233 0.55855988469491413
0.35920109364496483 0.21010549543719692
0.96921234909141374 0.53286405924024949
0.39439921545540685 0.20893787477400533
0.98215726514606072 0.54323898489944578
0.65298069194902131 0.87138938834894153
0.66159175243246315 0.89033284966841764
0.82697270672523238 0.96042744734467578
0.98863041208025404 0.50951424234277076
0.59653895597229756 0.01183910109626735
0.76587449346941749 0.66522940120747898
0.39560383670840638 0.24172506044796910
0.55505270745790825 0.56897841116727710
0.03463070664593961 0.55287679171669091
0.77201015606448242 0.63455803561828039
0.74143837418056446 0.65921381653506328
0.76314303415395890 0.65904667191406296
0.36024541692452083 0.20989850458384318
0.64036129592187796 0.88118190983723321
0.79159699982122378 0.98518642414607771
0.06342978754841633 0.58079132390908494
0.74700313177161970 0.64416445259220501
0.58478860262033128 0.01235564482006037
0.37577039445529148 0.23645678824832300
0.59552365968729803 0.01150801920970431
0.03288986231934939 0.53705677784818706
0.38048753230029381 0.20863792528398178
0.60923535693794795 0.00581949152426147
0.02150963852449335 0.56588339559778889
0.59434469368726750 0.04706805946341905
0.74699440997113031 0.67595436649591645
0.47300438953382873 0.96325084607566247
0.64001854925511470 0.88943263668414163
0.78612348762032047 0.65864488011055100
0.97600668813356539 0.51493874007493712
0.97045644922627039 0.53174432676720584
0.39169526196830606 0.22350393995801310
0.68247467204909928 0.05057703213357616
0.78157712630482878 0.98627066944387176
0.75960162607955728 0.66886632915547173
0.66320235210654677 0.88599057715882468
0.03209255410027542 0.57017898007903278
0.72868565932090767 0.65400602640527183
0.96477631103827666 0.50711926877128377
0.51619913169805354 0.54626518556649928
0.36629951227938978 0.21722042942536510
0.56767608436436479 0.00169902458329323
0.74125793276517404 0.68055709347130267
0.80669636477566808 0.98655717614576033
0.55952825233353654 0.56486431214823096
0.01257134432403824 0.57182677832821960
0.47263147863842431 0.96708828348659837
0.41134945549817270 0.21957055000564329
0.47212399561436863 0.97317786090803582
0.79899711253548888 0.97108627476528431
0.64153386709589133 0.86699594802275004
0.65193319367158531 0.83650049852323904
0.98150291062537465 0.53084193121204559
0.66174221227242624 0.88232480093904742
0.53245848609367752 0.52675773716199770
0.01424144989869469 0.58600576224805589
0.57315645012291072 0.54420499277700907
0.64226146573927700 0.88917932577229730
0.54191256211537997 0.53011758460359204
0.64525457167882649 0.85780678210493233
0.65199319978919246 0.88731122396232998
0.66128481448218324 0.88602949213863869
0.56102816595884508 0.54944796329936185
0.98368089541948156 0.51994426061774734
0.36560214100475574 0.24050679330118399
0.55070824252462147 0.03200497620693784
0.06379700186782564 0.45032009139035811
0.49484572938182941 0.96164203480101440
0.78420703737418651 0.63940980043920725
0.36569884095771643 0.24765247573202409
0.65848522232529094 0.91362427398941337
0.66719259227973748 0.88120610962940049
0.02406784573141662 0.55127293917519782
0.98897997178704478 0.52932916333751134
0.82944958688318360 0.95545313741776072
0.67797614091681457 0.85448083232037764
0.36009545997190989 0.21593348453972308
0.58409009179691673 0.35792931482205026
0.05961675837411468 0.65490609874581329
0.30594917482458811 0.99996802221010284
0.66051332729919110 0.17415145080861941
0.81753258687101193 0.97785646327004683
0.55916962747184717 0.58010023267037170
0.60208718586644361 0.03448291093178094
0.79217215506244631 0.65471814646918380
0.74497866537225088 0.64014587499959807
0.61040208923913575 0.01842918457785167
0.01816521172063040 0.54527571888076132
0.58380078711396177 0.53826559344571967
0.79629117245112968 0.98183075339557535
0.96041333146466301 0.54162524848493032
0.68630124454744690 0.85518387457073541
0.65491802282859679 0.90995720812140901
0.99410917712124136 0.55190279059085157
0.81832806147089665 0.96404058874155263
0.97273751395500874 0.53210714724231845
0.47774711400467251 0.99379646889308859
0.97855911243196081 0.50828718065019618
0.56234190366412451 0.57019434946598913
0.49422890222655680 0.96591162445817913
0.76561419680330056 0.62365991445793545
0.61317914883154523 0.02413029513370272
0.96659445005595412 0.50399067889025717
0.74947968584490099 0.64121702652181323
0.70678049159051604 0.89969191530342851
0.61099889202656699 0.02056950676952818
0.56646955637878460 0.54912672462596024
0.38748584982685352 0.23001781849957681
0.37445791752674473 0.23360461512273942
0.68415594459453366 0.90430199938265265
0.97624324552487707 0.52576392280632422
0.80655037299069887 0.99633498792785280
0.46767391900755795 0.99999284948032141
0.02992761881828781 0.53521993081015384
0.78151300944560831 0.98267522930208828
0.63887954679858205 0.89403006549656416
0.37517550938113381 0.20713299652001399
0.02093734351023268 0.55901070809979669
0.66504144576183311 0.86768556548934739
0.78069494409630180 0.64631590133829031
0.37486864481722793 0.24214955119379522
0.80725325340853582 0.96801466446558904
0.59995877722410507 0.04951572195307830
0.75411333708501660 0.63155906080593960
0.47959562808266887 0.97613126996486010
0.54717655229559437 0.55898613586162282
0.97290955664884582 0.50890478290773167
0.01674722504081824 0.50696495261424268
0.01448028833661822 0.55959272931847148
0.36481959066416347 0.23358489426109288
0.76613640031711849 0.65849023091357550
0.03208252838977776 0.56819110882215018
0.59507381329574638 0.01678840151393108
0.94327872106589061 0.52928819939133998
0.01750360046979908 0.53363162362947725
0.55489028085957748 0.58034353478857403
0.82900446496197633 0.99671498802282354
0.46732044267816530 0.95306567914578688
0.96805399873766729 0.49083673794035432
0.81342543086864150 0.96905410430262151
0.58811477382369981 0.53022351606274043
0.78580975124548524 0.97467024710281813
0.80235980284521391 0.99632434614084742
0.40255555539967008 0.24529456997279858
0.80128301565257376 0.99515814345143716
0.65326102964834165 0.85761303055443472
0.78936805642615693 0.97256486375773166
0.61643651376480479 0.04502174057614647
0.75955695183047589 0.66694807852691218
0.98133311433557902 0.52645316772246431
0.77878181371979038 0.64815793100057850
0.00586602018201632 0.55025194749465511
0.78739817518592603 0.96664217993431900
0.35647993861278121 0.23405174163790687
0.02707756637339111 0.52096893557820034
0.36365902964113384 0.24378308136816415
0.40936361508749758 0.21551838280366159
0.78726443903182020 0.99804229016950707
0.38150419398837376 0.23698618125996879
0.54085238981149597 0.58693468744766053
0.02271782003394066 0.52758144184999878
0.99999528851934993 0.51910911364456835
0.63179588823312238 0.85486976198746634
0.04588905175414514 0.53054476109573179
0.82999579629268749 0.95895350122205070
0.49190048384439100 0.96984459719610716
0.80818437069295557 0.98584711725977592
0.01090407689924844 0.56255645917786801
0.38519921088469083 0.26076426026325689
0.56209295487348987 0.03178984508609742
0.66858661200961889 0.90251211296969414
0.79988322192038852 0.97203126723193878
0.54020629265428044 0.55820674149758043
0.56528843635824044 0.55527852709807224
0.48225326986448919 0.97289976527003574
0.69136906631647832 0.89360002040673847
0.55365343616446960 0.60131345976317219
0.03717664996656767 0.54515240077352733
0.01716822316786441 0.54838260666117344
0.78505688739559010 0.99035300955136318
0.53866449420963813 0.54459226537842509
0.01879109580575751 0.55845857916656394
0.40015970703607107 0.22262875169474786
0.97541664519319060 0.52429231110274033
0.98463290578406104 0.53324363326793367
0.48914254453309236 0.96767148567258032
0.35599011618523296 0.24308075995536574
0.35838959940142345 0.23549524051674911
0.56610620164836456 0.54161816112760974
0.78880091599713165 0.96678519908833782
0.76421343873772563 0.65507527384117925
0.37887189092828039 0.25723065731450379
0.03428043081056226 0.57934276181607791
0.01045545251287598 0.56915355476804963
0.65938267438224718 0.85271722341501910
0.59135517914830105 0.02320088656437689
0.00678409794057990 0.53800716807652449
0.70056040302092537 0.90091377244704884
0.83873859253439909 0.96103751149194350
0.63712787730479892 0.86382687208065367
0.69393338650578074 0.88979846408777918
0.78023673328510246 0.65061062580285456
0.75470006283825786 0.66721954649855675
0.02148061797897904 0.52135935446589077
0.65281807845874795 0.87986014966543569
0.56112184522183284 0.55024337203335183
0.58879646712033518 0.02020011163093717
0.37637553513926986 0.23294576032449998
0.02856732443232378 0.53956622553448885
0.76373124633220579 0.66014759131117529
0.95999541875787719 0.51806011551676867
0.80301276172014846 0.97457667811457360
0.96968989522186400 0.48930392183180005
0.80796508126731537 0.93976503503546782
0.60005593864424378 0.03476404779990491
0.77201350428063409 0.66037623557415603
0.55865945987591292 0.00753372663728499
0.98183802687409238 0.49824193453784127
0.04766498525747374 0.56176904123754390
0.77131469686422560 0.65254754842868035
0.99721845964642175 0.52224091787151883
0.50975931369767502 0.79924191363755814
0.78548742320600051 0.65697926619207003
0.34652475739698135 0.24921543270432556
0.67792496614032971 0.86699926324477783
0.67394986000667423 0.89922720310916981
0.78600552155177750 0.68161321291964505
0.55033898239368439 0.59567977105326275
0.64508717179784592 0.89165686013318946
0.76806183339174705 0.63110103535512541
0.75976756309547200 0.65803867137386884
0.97170857728538229 0.48171200932939068
0.78822918005209230 0.97526588359065569
0.53225223799311783 0.54255138466453368
0.40566994795216199 0.22365601915149114
0.04974106011531479 0.53607305320803333
0.36618711915996799 0.24368736577508621
0.77693635073582734 0.99772019744291585
0.55580841694289207 0.53726724987832064
0.39274556298045049 0.22157194579154244
0.01755935864142329 0.53817585567701975
0.39009086031294121 0.23403974310473602
0.47254820789871532 0.95889638497344210
0.99975372976866195 0.35648535515090846
0.79516123712738207 0.65561101073853301
0.39566334392696578 0.24382708282299720
0.95862822172397710 0.55720786509586950
0.35308714771765864 0.26791042088552958
0.55160209489357359 0.55581191184109213
0.65163878728370495 0.85850218691974178
0.48423535682461033 0.98396270850415146
0.68235933436068430 0.88494125509782529
0.00310567926367870 0.58613405430642063
0.49418548279269536 0.95029670737186989
0.04026410894084229 0.57115933905258964
0.78033195705009428 0.97766079300092334
0.69386330898712700 0.86678037585825085
0.00663015817358730 0.56723667068579953
0.80053955878866057 0.96973753360347159
0.98441271214848292 0.52421156817673342
0.66344977063047150 0.88722532689754363
0.77455684307856332 0.67129539854152043
0.02401786687229328 0.55000692630488279
0.35503072056114332 0.21793503734572309
0.77547396625349541 0.67864707034552152
0.37345255980501058 0.22123896495948470
0.52710605872178073 0.56682097766617978
0.97292619615689224 0.55939787459546919
0.35982777271952687 0.24154684481574309
0.94505729413139461 0.53719533764268323
0.58118345187194287 0.02344614883068636
0.78851618450850092 0.99999424027774853
0.63653100011087904 0.86745363850102386
0.39724777195897537 0.25110203205988491
0.55975509530611278 0.56883117960373286
0.51366522152886029 0.96779534608379847
0.80944492089028408 0.95396360530744462
0.81193332225262982 0.95632695246514132
0.75885217580315090 0.68437123988596360
0.55695046969741280 0.53707372538055898
0.81068391240289084 0.98792852791589669
0.76917396492635393 0.98069886814734231
0.41294050467451637 0.24152335631320784
0.77850309296042675 0.97202154832879151
0.80186741106564563 0.64937893457771023
0.58996806626091058 0.02233305394875240
0.79323115015365186 0.65602903274606394
0.64191671963484831 0.88638110658612113
0.59635447315163637 0.01882431429521548
0.01816264912841867 0.54223730871263365
0.77560754834497003 0.99997291098891572
0.54974945804509234 0.56955616754035365
0.38240432526816659 0.21051470322376362
0.49352960581657679 0.98887667376593347
0.99262340743308219 0.52810000549899527
0.52106884839173095 0.99190999275362601
0.57866157692687570 0.02094200706128354
0.78596298316698598 0.64096949860838515
0.66995522606500946 0.87670561182880868
0.91132745931567627 0.85651610994715544
0.35242700481184402 0.25687311697872572
0.98095525875124490 0.53229952632710231
0.36546941698278229 0.22203460623326224
0.76229226880660439 0.65943213720524907
0.52516164154343192 0.56584362789170817
0.65979291438735954 0.88500057369127949
0.98993357592147035 0.51596302036012698
0.79847354242304980 0.98781602202994068
0.03086236263206432 0.58228811323561913
0.03417321710016890 0.60140092276660284
0.47963167883358621 0.99266629768743375
0.37599718267120885 0.23438078493548767
0.45394512456831349 0.98610349395125019
0.46716213628561093 0.97296061338599282
0.79117241760207824 0.63456042549516145
0.57153680012938557 0.52445377299200657
0.76680359285300181 0.66103976309988011
0.65710941076347573 0.91229574500068933
0.05159200790780531 0.68202115213797276
0.98931179405726832 0.52634494086445560
0.36377157442596064 0.94571882456526402
0.03059533895164056 0.56825862732792776
0.67746350843692249 0.87602391358445164
0.02163957982446658 0.55596701384363023
0.38057921891626545 0.26630235606958147
0.00776942815776155 0.55817993072884686
0.96667530785666023 0.55918329610629058
0.01117185637122406 0.56984341479572509
0.97041139995733561 0.51667173674133404
0.75601772137933199 0.62043976038227200
0.54844520988486867 0.57283264270666701
0.79794574702518117 0.95963592784778462
0.75777644053431414 0.65315127257791294
0.03046849586587303 0.56151824601736688
0.53410589656423735 0.55736620660682501
0.54562987932610885 0.56201890810746002
0.74162336331220602 0.65767407993079263
0.56921732784700696 0.05213584155891991
0.47075705011123831 0.95912354822788615
0.04162040630734427 0.52257856441964368
0.60901146798155981 0.06768026420361097
0.98341853180596350 0.51351810880723481
0.49790198207301489 0.98406215559910315
0.35073613571621393 0.21185475000813878
0.79086451861727647 0.67914780244967521
0.76863528318984176 0.26761680401241345
0.54899261541458855 0.53300431225974976
0.77476237855227437 0.68890493988395496
0.79499503932255378 0.65276499009357603
0.03483306269767283 0.55450982002440419
0.58290641092479645 0.04319012085622415
0.45850183834580172 0.98825138743445906
0.49671202542771226 0.97040148589441566
0.55863005977317026 0.55813010747589697
0.65534720596970186 0.85063930024491685
0.36173053152002355 0.27529546242539638
0.76123264058463402 0.68354851348107903
0.80974253865835455 0.99999321097315408
0.98881540923333255 0.50250799244099953
0.73866874903962798 0.64244090638075968
0.57022286302312875 0.02977344271507685
0.79259987109475605 0.67136874149019532
0.02249182488351088 0.54339877617906374
0.38046025840423764 0.25679707887100151
0.35256769470759181 0.22782009043164492
0.00096178128955864 0.54485102710457578
0.37164874113165830 0.99999023765464323
0.57033930987799009 0.55133262600535027
0.66539281043805987 0.89292611254722454
0.97867282525313148 0.51303260945191842
0.02225475587081633 0.54730368775832405
0.50130032087248866 0.99171227147010066
0.78522612024315419 0.62737498263684410
0.01673881679354071 0.52710039355043370
0.98406831073177181 0.50232208734737371
0.84414098118702641 0.98021291660499921
0.64199562709651881 0.89804989824460490
0.38378099434892687 0.23316781456427421
0.78213132029989807 0.65340083519853265
0.76660744037357020 0.68610170587601871
0.62202097815463020 0.00472112006478748
0.81677212409123456 0.96845548291157313
0.02666928340224634 0.58439765476965733
0.81804366928605532 0.96009465464070087
0.02364300983603711 0.55734935748841996
0.99993973794086266 0.54020370237775850
0.49789176285374387 0.99569097083313218
0.45703922192633550 0.98876318835553434
0.48202626496965922 0.95004857988536850
0.58422233769001142 0.57338744546067433
0.76471781543234352 0.68104073197162218
0.80743423747408860 0.65866293647646312
0.49839286641957237 0.97063066644924867
0.67082242917023505 0.89933994020342789
0.49806685759150754 0.98340609627456443
0.67318701180837714 0.83719783578018903
0.75659994828433541 0.65383173244454884
0.65162306548786930 0.89654743159881811
0.03900728351770521 0.54420528434151938
0.78585953917153384 0.99026655002024433
0.48786430861492897 0.98187877622260955
0.02630881977502570 0.72349883804334303
0.03868552353801754 0.54265991973017325
0.65114773455208275 0.88390558181566947
0.66549509817958208 0.90351712632092895
0.98556114116113358 0.52564877524884890
0.78137010229667347 0.98448662551296895
0.64095433007942770 0.87608704998726594
0.59902975280075887 0.01930681214598181
0.65727232650608458 0.87293970440239166
0.43354233829428634 0.97542417274838444
0.77351456203243008 0.68265407078347762
0.58357227769217246 0.04028389702013958
0.03755661075142962 0.56058233460085882
0.58443923007111798 0.01902625982852488
0.77548772055445636 0.62093248517489463
0.39123946573447410 0.22121493689019034
0.36565931413947367 0.23229648243041712
0.37128664735086736 0.21026429085699289
0.54039600052406933 0.53820474119114314
0.57590064622476345 0.02413391877156151
0.44738803664255672 0.98698300503920855
0.46515663988964306 0.99607308809155759
0.74369405974179625 0.67004101415798123
0.50429547686641318 0.97736417643154505
0.01322407142240901 0.57531903153892827
0.37107373139550892 0.21281216962216240
0.01626440007214230 0.56052491302822638
0.76735625467534552 0.67483746264562527
0.02570335166042801 0.56609171226664057
0.02574447708005216 0.55037619426683104
0.57445777988916447 0.03343276437759563
0.55538236151035492 0.03295668083637454
0.02830017743004041 0.56431137881822568
0.57327531187713932 0.55665544292902724
0.56008811263581748 0.59299538512399208
0.39097404721063855 0.23383472330448626
0.57691758275289950 0.55149016486608116
0.76910601784353361 0.63525148595941305
0.80184897909889197 0.65687465912960752
0.60206113082898594 0.00620572214378711
0.55011558995991294 0.55093230155617068
0.36335402602015293 0.24026958582123883
0.54041417374391998 0.53945189392950377
0.80458208256311559 0.96724476374350499
0.64663493199933297 0.84032664410792568
0.99867113948329156 0.52754125212986802
0.70465162037228668 0.86888059642030968
0.01423741631746281 0.52455971623995212
0.00175433180864876 0.53200865691764487
0.48106270272164453 0.98930985242119562
0.36373791150915580 0.21166365574141383
0.48120771575902194 0.99043404717958383
0.74914839835047553 0.67606296626435114
0.56339015560538064 0.55414923015936246
0.38552794359467873 0.23332529752178835
0.65736219820513275 0.84642052590622563
0.76910494022773079 0.65459294018481318
0.48003590985267330 0.94850369382754485
0.56913211145184039 0.56001665202425599
0.68698166475196354 0.88601356950671983
0.67732655045207502 0.87378167062100687
0.65986299016349315 0.88858432580963920
0.41313764849871848 0.21442182309747401
0.55419276512281868 0.55238459304292398
0.48940599135300922 0.96304958217508940
0.56843345072234974 0.01514126913886854
0.59514434983306119 0.03343083459539693
0.79567315142339634 0.97599553571041731
0.01649981737721469 0.58804889182242304
0.47053794504977808 0.98549107940049330
0.05314299777691692 0.56392544231892339
0.53544998368563090 0.54862233754267620
0.97876987339360000 0.52594069490020590
0.58819435696970190 0.01350004246655992
0.49253380025870230 0.98218417978778272
0.39479295641213374 0.19778611619607034
0.46341075473305665 0.97357466179382846
0.02658961178051620 0.53238028220930256
0.67081795801433663 0.83481628836736954
0.02621022486946388 0.54900091633412362
0.00697563702431303 0.55041098323726578
0.55361514516763455 0.56436512199892352
0.99095678161599854 0.52140475804017505
0.51833911122055609 0.96034398803337995
0.42872920476086707 0.96691260077861019
0.57656627131379357 0.03512062845342959
0.47209780488249348 0.96070670860975005
0.78596679783312806 0.68282416276699109
0.82883663705266697 0.95091031074946475
0.00937372475460677 0.56293472389993637
0.99999117051433184 0.52322076144730723
0.51518287290387077 0.98256272812741141
0.40356614723839807 0.24747990934077774
0.77036846226280420 0.64381466166058121
0.34718065349156069 0.23479315782996277
0.97431504722991591 0.51838255440387826
0.46171618244997459 0.94290927069717390
0.57590542677961210 0.55481958073369975
0.57274089830060637 0.01381387050234542
0.98314089264458793 0.51538656364944979
0.38168918820016723 0.21650905944496193
0.82261746828520743 0.98230790956357728
0.38436859655175959 0.27590422274193133
0.58043977672941105 0.00740967414951048
0.55808870897457874 0.55028574403391228
0.38021262657003019 0.20694675656251355
0.50927014443527652 0.95569502350555535
0.47762870587426265 0.98601009684207452
0.58323479952378066 0.01909958392331298
0.02354619426769015 0.52576897381141496
0.01466923092587212 0.54316597583595161
0.80864907552032506 0.97074253211088624
0.51799546863602031 0.53830998315575396
0.01219685065805597 0.55708008662128872
0.69255575116395984 0.90613365791678935
0.64415107655577963 0.90140946460630644
0.76887894710537508 0.67422139811444037
0.55635409076047182 0.54697608153809962
0.80866132521181533 0.97180069028865335
0.56316110043223044 0.03863314918829543
0.47583991238690410 0.98416581765031519
0.66945108169308842 0.86839577158525427
0.35396164586973078 0.23557581624585747
0.77950472563217088 0.66265233424583270
0.46446244580153434 0.95905638338070931
0.56043864717606828 0.03033075607883608
0.59045640888641604 0.03378483067858018
0.01215981035174917 0.55040639209244158
0.59983070056021548 0.04237937930191516
0.79025653237986815 0.65037459338257397
0.01500066716031236 0.55884964408209181
0.81128315603043966 0.98051567001403295
0.99068003356558088 0.49572985197287656
0.03370655295639865 0.50694092015661429
0.63425784777961225 0.87228291832287630
0.02392708287135119 0.54139591495417794
0.62709203199695851 0.86079802393626415
0.56710182984386481 0.56098959689200512
0.39430883020414759 0.22747162489048600
0.57258480670771050 0.53989965908249105
0.80979807932538572 0.96457386465573036
0.78178665714964446 0.95041701227681419
0.02870122726411470 0.54503781047667110
0.79720960576288313 0.98118072808638712
0.58978495531544117 0.56639649829343808
0.63978822355118370 0.90548023083330031
0.67034870518347145 0.86196253422513858
0.49409962613618791 0.97435654756916812
0.52712764533972856 0.58513612196060127
0.62729898142860951 0.87147123660299064
0.93993345514224025 0.51455952605076094
0.76948040525481975 0.66445835982718171
0.97114213763116264 0.50321308372319073
0.39270860187584578 0.22475874377351029
0.94516733472868930 0.72647060379094397
0.79170958305461359 0.67388880827255926
0.78462756600375039 0.62988386615726089
0.80450509848274732 0.98820038530779453
0.55266379547582967 0.00366382277796182
0.48812917625368168 0.96834406022403741
0.05530305523925620 0.58397562143144655
0.65167927179206497 0.87185205580848923
0.76421620318110817 0.66496434108737257
0.36746658623001344 0.21563963146868267
0.02091470963617229 0.53906655276312199
0.36118771850764753 0.21157913500044911
0.70032120148530075 0.88231686269411536
0.68840783617971779 0.88345028575608198
0.63203787079012130 0.87908355536435445
0.48973113210979519 0.97959646941911971
0.80692190067108926 0.97342702504731393
0.58767875054385266 0.89044726946552211
0.97644398389353138 0.49723169809545636
0.58598688959881162 0.00093365507180321
0.37563632457307672 0.21992453570854942
0.59808632219741698 0.01461517321409684
0.02899447694719229 0.54300339305949985
0.68927669548300607 0.88247263455721925
0.57518015923087218 0.00780378867376916
0.58464197346239632 0.54976970020339622
0.55907397214094667 0.52820242685229235
0.57803697258899778 0.52998832669463791
0.76339750513972893 0.66762560334803200
0.53735242549723461 0.53193171360828029
0.48089033003413806 0.97196114228167152
0.01981849566560015 0.56529800369696825
0.39438981691313735 0.22871550333122495
0.02501677774849236 0.58649888416419693
0.42089902289799203 0.23452767806199740
0.47153196742710812 0.98367902705308496
0.01378018362314597 0.57382866412030364
0.76883442532299640 0.63949598944002373
0.76455169002719126 0.68490679171273483
0.54579673437925835 0.54777649115304505
0.50732814864530806 0.97158917332131378
0.00505872663510095 0.54865365468540328
0.75731826732436713 0.64956355963868095
0.65825678354833428 0.84426636561944313
0.04365717141186998 0.55094639729109984
0.01472830933100271 0.56891107135152563
0.83430845632122441 0.99723797233423328
0.00893958477038061 0.55128570307551827
0.50917397581750556 0.99011393100186385
0.67313806850977198 0.88419547105010221
0.53193400517906053 0.55573668981380253
0.33308343325721873 0.20853243886055783
0.53367822325941694 0.54335047923074453
0.03011101217604934 0.56326500228184229
0.15759744988054930 0.51219501413579671
0.14089702354639766 0.18358062490748228
0.60712142465403485 0.04728745351326859
0.78347482856661632 0.65496862982961657
0.58582194929605813 0.02747886302507664
0.63593494145836049 0.84240727647937974
0.98327734425436430 0.47935851339738172
0.65313139730975223 0.85938631058409842
0.46694298762156555 0.98719140102811498
0.68739478771500906 0.87159682152432882
0.79472937521687537 0.99417875256223964
0.76459929040325991 0.63716557090526693
0.01405730995888256 0.55795038171046152
0.59753639808656112 0.00702329751351989
0.59584807366986170 0.02322683505941824
0.48561222988831304 0.99612585436500056
0.02480094403373768 0.57182541452734448
0.48562981235474006 0.98857781848521120
0.59672228178258102 0.05927029121173139
0.67582326020270722 0.87225391571328825
0.65302080341471491 0.87326307994007246
0.63785390278128939 0.88608195970889236
0.54073772276682630 0.53613071152627956
0.55764254683617231 0.54420509665504424
0.04631036991584361 0.55494098498926248
0.57130175289364260 0.57542954186160511
0.56647732822561769 0.04537926133082235
0.79323872686374619 0.96963786914606465
0.56898432884416850 0.53822056111511507
0.48342607963548306 0.97139105899102107
0.82598537463563715 0.97277026408570433
0.55548407060181504 0.56651099573230868
0.38626025306839301 0.22499771679087774
0.38261868605532817 0.23449324432674609
0.48110526790863506 0.97276649916672697
0.37854257348659220 0.24566053585235317
0.58925378855934363 0.52564499180647895
0.48778698625282157 0.99743331228639120
0.64391830886815993 0.89468826601204832
0.55248259641432540 0.04374454603096311
0.64312623710625338 0.96052979999546417
0.78911032958257965 0.67466205396981971
0.59675032117209470 0.01751080922269174
0.80899586814662405 0.66505578344544092
0.66768091751589209 0.89062269401083127
0.81172390315623066 0.98309630856965757
0.38899905737986373 0.23537895047176635
0.38665340421005734 0.22412654162796972
0.97130648181135593 0.52605127568214505
0.57377945274181674 0.56913401911771466
0.50123196108989154 0.95385284453062458
0.99006420346513491 0.52326357455837769
0.00281369922921406 0.56073087554901735
0.53114675176134774 0.55837847269390883
0.01564642537564791 0.54878037567713434
0.48769040040809108 0.98952124978589806
0.84156905311052288 0.96901445757469107
0.47439158483312488 0.99497946123561221
0.97745503073083806 0.49277898147818577
0.56262041617206549 0.53565180081442609
0.95372257804920491 0.50627465299910290
0.65444260752071881 0.91286177600285590
0.53581128057677052 0.53924014606045478
0.82301685867117036 0.99678820534476031
0.79443365503489827 0.65446378158099638
0.03281067899173295 0.53119003843503598
0.72545806797748602 0.65614912160218186
0.73984951676604116 0.63888770263971617
0.38366960595431915 0.25110075191513237
0.79469091214140319 0.66286211379582072
0.45745313819645173 0.95529728824777849
0.77175815474565668 0.67143577326139103
0.69025915498218193 0.86560355162796587
0.79332469704365982 0.66396246693324912
0.53239158146048837 0.56202611756168253
0.79532070172730729 0.99144379123960458
0.77636463993655269 0.66155413239186378
0.01998929072756940 0.54114774914990793
0.54979639662327873 0.58346807080889362
0.78417686164666223 0.96355758231716915
0.49353023070670826 0.98374148466195821
0.02077925675898525 0.56117858853736224
0.76015890990469537 0.68344491653493866
0.98257308597466719 0.51919106693977202
0.53547767383022915 0.56332245773967415
0.45273676629126947 0.97479232556019424
0.02350101388863192 0.55412204467095949
0.82696497987037954 0.97906593426969746
0.98553863084222881 0.50992668818800191
0.65355165362703482 0.87872395023774275
0.64192795526659907 0.87945920782814513
0.38612118363738163 0.23346789681605776
0.49849146590901805 0.99638955954288611
0.59886507694692781 0.02194302530145698
0.68931685741777149 0.85655836301363375
0.48457015739872428 0.97365621012112236
0.48201795982153783 0.98915094644149293
0.37486984117183419 0.23225006634640874
0.79883994442961082 0.97260175442641028
0.54854690686180263 0.53236357897334430
0.55533891701563898 0.54258074165007952
0.95581192387916514 0.50432440418725155
0.66904222128294533 0.87081007746581263
0.00335647373120385 0.58945524013505468
0.54973732394677288 0.54057058928350932
0.96558346585112009 0.53658294840504761
0.59147758796490291 0.00685080032643859
0.38101266154188251 0.22553566379075796
0.49798770178505475 0.95098869281297760
0.76144852521332806 0.63683628429277606
0.67317726164823066 0.88177879099223022
0.76011584287174605 0.62787377807589617
0.58806029656492609 0.03792321495311103
0.56458829053004655 0.03355331765423307
0.78858600485138886 0.97716059346821604
0.39723244708656119 0.26009091077996255
0.78388875463876451 0.68303976802666810
0.96069479988231521 0.53449742349231644
0.50859660071964186 0.98051928276745670
0.04235594214109579 0.22411258838603521
0.95976414653366193 0.51540249659236226
0.81954642357848606 0.96906897393655878
0.80436869582344062 0.97961599600320437
0.70381912995347273 0.02830281749748226
0.38355608650307904 0.22382924547590130
0.66504815816863327 0.85029213203157028
0.78446421842998171 0.94797865844974039
0.67270611787484114 0.83030540342659209
0.49068791240915832 0.97688802127586238
0.81569657242393623 0.98296950224612978
0.99080902905926982 0.52045822617565962
0.03091140985740821 0.52234007401013383
0.98453880470773791 0.48214058335356541
0.66695660918604027 0.87669520109834320
0.52948788398115776 0.53757076480589772
0.50435602477516872 0.99998285638892281
0.38181503045732668 0.22053917516597299
0.75577174251693846 0.65142117818701617
0.77708703390090250 0.68510786978098226
0.57415200387313348 0.03729996802866476
0.75359212290040600 0.08764601017243800
0.59151650473134620 0.02472861501106289
0.64252497166976097 0.87769609810022375
0.77103736238900766 0.64694931816871015
0.03206680325113633 0.55126985774190673
0.66470244016263413 0.88684654728338508
0.77035160202926567 0.64028063450825545
0.68222252170937048 0.88933745344560067
0.59006512838753356 0.00949170283982567
0.75044741983550400 0.68486687055380946
0.02271855159913772 0.55639980740104444
0.33467063773872097 0.22101686959806316
0.77524126615591193 0.66175192758906809
0.90409647682179473 0.63537536278159068
0.01557891769277782 0.55969535580652818
0.37952662186627933 0.23816717173943558
0.60090221448304093 0.02397397672262086
0.47545485429793644 0.98882173660701711
0.55637910150683245 0.56185557107054196
0.81731629408296957 0.99999599771332759
0.77775621232638725 0.99222533442827165
0.46206824225290366 0.99097520906664505
0.81609360279604082 0.96571984239612485
0.61389719301458945 0.00199614144586261
0.53424812089056284 0.56221101086285286
0.57219592489760829 0.03297295531290723
0.78472964094486586 0.69257899257092503
0.80186496298493781 0.96899807422009687
0.56092073158113120 0.52976036427180861
0.35207128555595829 0.20331147709563882
0.98770423182897160 0.49416173694787346
0.65727408549396060 0.85145784482765574
0.79225908403178225 0.98356596639473337
0.67702102558002142 0.85327979473561510
0.81134599025563592 0.99690159028387315
0.50409230024743212 0.55685485527950851
0.73689804167972639 0.67843618504633807
0.78963853182426480 0.94781326268368082
0.57207638352990131 0.01251748944389770
0.44656009691380816 0.97080247549324961
0.59050793286438885 0.04090025874605399
0.95570207388727924 0.50088637428706528
0.60850084839287977 0.01307908920733628
0.49539758573487480 0.98462821232306241
0.54855495586960268 0.55359051927659075
0.97998715178687523 0.53692767283355480
0.35482016990957782 0.19457300439134792
0.66858753796603132 0.88350164194716230
0.39582854229754344 0.25280432234968758
0.76601183039197018 0.99215008312647457
0.44994240027139482 0.95819668880636777
0.65577528148538367 0.87522208420898040
0.63331024769288868 0.83831974976902424
0.64047641803928446 0.87245869176101576
0.74883029298051806 0.66667809072140438
0.77567013745806002 0.64407117896678245
0.37466173326778429 0.26935209639804775
0.47182870324400744 0.98049180838079009
0.34401097205311881 0.22962043716673214
0.04889584574241659 0.55808248348788514
0.47972566761499952 0.96981883311013306
0.80536349961571108 0.96585837556538434
0.97168164234875420 0.51322515124561807
0.65682827782014042 0.84948545813791787
0.04119761257856971 0.55780916454512186
0.82270971059256426 0.97350120901927772
0.76440081538813009 0.65144897400066026
0.55589990303904535 0.52834845451872570
0.37224864007971054 0.26504460914022659
0.41125690556971156 0.23453727956164303
0.79399933186017013 0.64918492702455599
0.58457686085490490 0.02802891137833367
0.63017977472388631 0.87013122705517354
0.65042799777994498 0.87045337797185784
0.53343511170976121 0.55891528360502607
0.55958469011997158 0.56536234458659196
0.99845561612215739 0.52523597335451788
0.99738052136115685 0.51089017330745967
0.59959332330033499 0.00127436140003301
0.73914947275832166 0.65736738644218329
0.96323515218675848 0.51190201477446839
0.37157804244601295 0.24089913981787814
0.49564475964274929 0.96359632714488352
0.55170848258714866 0.54483689804837454
0.78458530418002381 0.65681377665695295
0.77993652752438047 0.64243149947427935
0.03809678287805397 0.55452938553838915
0.19841274312336674 0.77647672158851011
0.66763911925414843 0.87597833885655585
0.99025785368928998 0.51754067827160399
0.03170042129178140 0.57782695319417787
0.55530376904589118 0.54706384561191934
0.96561148326881396 0.49475677748046132
0.03980313686565813 0.54595805645052642
0.64360033565744801 0.87025029127457287
0.96621492231027850 0.52071916056680589
0.64230257323314310 0.85186521430301421
0.74893366250816518 0.98950715659368293
0.76723991093591670 0.65294965754502632
0.77921000873737756 0.65620105718177024
0.47982627073579415 0.97534649732479506
0.72604215554273932 0.66454851771889256
0.81579444738968676 0.96427313505464607
0.02911736778849010 0.53054230985177642
0.55976389568188534 0.56090938438680338
0.32981120019167237 0.24716773294039976
0.67883527990305870 0.86306312457711720
0.48622087688114723 0.96286795590620200
0.01221959488316032 0.53792587430503358
0.68005482612278745 0.88084535595915725
0.80249457962917281 0.91246759999605376
0.37110915350594054 0.25393347776590175
0.79229023369013674 0.94219269482736290
0.55693727078056710 0.55499694470067296
0.99211229803393741 0.49611246872930814
0.01399420932381076 0.55897301676578381
0.37437692010431350 0.24926494852376174
0.48542340169666465 0.97695080748210261
0.55675989935077530 0.02572141967808159
0.60547447042282998 0.00807582126566645
0.77612650791869497 0.98017015864215318
0.54355091035182190 0.55728860945986380
0.01755701295088844 0.49734416937205667
0.77865186602908021 0.64530476796860781
0.01531283845516918 0.54569888325480254
0.47294121069149919 0.94181954644088184
0.78712966424199815 0.97312268674358315
0.60502473212177954 0.01877729897327541
0.78480559463108102 0.66482786230519364
0.74671955752055574 0.64863498468977510
0.57563436933304180 0.02605768378636972
0.76859918697928598 0.68173120213210847
0.36461356875278489 0.23581648655889997
0.59506617828609620 0.02404996124728600
0.99367890958713345 0.52912729860128482
0.56512691382931290 0.55437701352320401
0.61487988841040697 0.05683207128921084
0.97991213900367280 0.52349674377256561
0.37963127869569707 0.21979353849757904
0.78741281448911415 0.98154469130780808
0.99430886589574241 0.54002731775269641
0.79580135763013549 0.99023550079033629
0.49137103947964367 0.95307817663548222
0.54513477934079291 0.52007446812763181
0.76974393335000069 0.65129906831024975
0.00348699491600606 0.56156741638134644
0.01847009149901518 0.57967791938525248
0.65437925770538008 0.87573698391249777
0.98277391995843677 0.49526363085551212
0.55259706989668878 0.54528127229196932
0.96277758377678557 0.49756304794261752
0.27921447479405487 0.69035044825626291
0.68387502920304655 0.85653048007821209
0.00963117140443818 0.55292148418377740
0.02075801334688522 0.56417066841161290
0.33482772347897899 0.76912889841297116
0.34853892696334010 0.22878466492650137
0.01605927852877207 0.53170154729306496
0.52828847972568116 0.55547031010693837
0.95302354933578526 0.51387331503643896
0.55083206202024915 0.55817934993804685
0.37725973285027431 0.19706728498886877
0.47224313943260243 0.99036029591850860
0.63902657395617757 0.85395668523558865
0.81214113794159137 0.63807417161117963
0.47981901293976598 0.95680809911964126
0.37416142426245763 0.21529279939920887
0.77822275906895366 0.70744728654247357
0.58107526660924547 0.01453915684643206
0.41708135683897796 0.00000195473367167
0.82622214665243610 0.97737973026173319
0.04379869868923548 0.59049498364433461
0.60273024923015051 0.00287627444080294
0.36238946005945089 0.24943969664564608
0.58136039319789157 0.00849335671484132
0.75798720056956381 0.64697322557676573
0.65508523113984407 0.88931825252381291
0.03730653654338057 0.55731884216503280
0.48823492051968276 0.97936559889808750
0.67184805954386306 0.89409955546365383
0.99365116871001091 0.50208444234509997
0.47820531364015922 0.97669922489883243
0.58957101600196926 0.04117278669903719
0.60417469901144150 0.04566350719058474
0.37042262363886297 0.21781983727492929
0.64615787198959707 0.90687198463563945
0.87086131442835191 0.16985047764909925
0.66530360394064747 0.89644660314116620
0.95740662773552521 0.50940560358071607
0.60398806956884565 0.06103325116422351
0.94114877097475347 0.90726337325705231
0.99855446673735504 0.53512004915879030
0.46428899553291891 0.97741181084104334
0.56894111225073540 0.01283028974703013
0.38664616424125697 0.21837169227540015
0.54533860563032510 0.52455281744113857
0.65819051813799867 0.87694646447308333
0.34922990673004461 0.23541116220055153
0.55259319329938927 0.55360620279292327
0.35963859547011856 0.21924479379253156
0.49140767760711651 0.99327953952986814
0.80741039047640473 0.68935658460127536
0.02098777726806934 0.55701462173572158
0.37295441974040583 0.24795568677504978
0.67051345550245611 0.87925922335551576
0.97971662603801646 0.52877550787773575
0.38153274284764088 0.26302474329544284
0.82362563963519830 0.99608782509904281
0.75513727436120492 0.64971234171265657
0.64518870038833720 0.90420281297139782
0.05231514348515735 0.54832151079268765
0.67916939423436939 0.85018475116906989
0.58833380823038406 0.01735786914460845
0.82422199160547593 0.98997280831060863
0.53126046331696763 0.56733686552443574
0.66767951723925933 0.88638771635947189
0.54580130800357918 0.55505506442739405
0.46756061316718323 0.96755020999474761
0.02224502137247330 0.55690611273480517
0.98649566436338298 0.51978233574109201
0.46464225346758264 0.95249014651754449
0.57609697659629455 0.56219560928020751
0.48475436110362768 0.96949674957555110
0.96969031371519598 0.54496238007217312
0.65129613733465419 0.86813607354402900
0.68838670346985309 0.85861471347993767
0.03630928359630615 0.54717910263094227
0.38171956950130803 0.25095473783727384
0.82943741662005144 0.99097888680387936
0.39538861322810903 0.22974955243519291
0.56383003120301245 0.54703734471707754
0.39156625807628237 0.22583179429529351
0.37448347848753105 0.24538059531715112
0.35200193814757613 0.21358905430077957
0.95747840976385445 0.88523794357904118
0.00634925793021107 0.55862597810495263
0.60079309354952903 0.04052647050756760
0.55366713187298577 0.56363089244716125
0.77483022240854615 0.64416856450737436
0.02051340949912312 0.56602950690371012
0.51205534336307135 0.98885307086509466
0.97436341977189589 0.52031946530457907
0.36654199950836108 0.22030694534049100
0.58022989977386108 0.55002341047862191
0.47950670171769633 0.98626441015090072
0.00002850918203917 0.56990929892956999
0.66629984116196017 0.85998051180879875
0.55933788240321913 0.02626755749571398
0.65024197762881408 0.90462619660747590
0.52591652817055734 0.98320326775774392
0.00502431847451776 0.54417794723143020
0.97161055334075686 0.53136287312242825
0.64361349482263586 0.87737527478648936
0.78023741265434365 0.65307534579578252
0.39832678124908821 0.21503686644722966
0.45700874101393280 0.99645225192148557
0.75986081274727502 0.63116294804486928
0.36917544469022334 0.23708086195273642
0.80084899618342076 0.99819730724674027
0.98270669292427615 0.49893251440714081
0.80819052362098931 0.95643299725354369
0.99157336592498724 0.53629676801784398
0.54558275290105984 0.58529623270371489
0.55861489491645422 0.54861535791601568
0.97465541915741793 0.54925011673783264
0.57916141017171840 0.54812263403568906
0.77747874567656894 0.67132708449948153
0.77006356231384610 0.67840762855479897
0.65917575617677682 0.87051220019027920
0.51213345364826601 0.97542268936218723
0.42025998019046545 0.97674711486668708
0.54798601025492466 0.57634712753426409
0.54642928606435204 0.80205938519833886
0.02893900531148527 0.52775116771627018
0.58203952857080365 0.54150690845801663
0.79287813771073645 0.98072241941198324
0.69828565317493718 0.86938845459861380
0.05032246404637725 0.51950602050116723
0.60594919242783940 0.01751571794255313
0.53746742028706929 0.57010747563181707
0.99998756820944212 0.50934868446225068
0.00521714068219974 0.54662431146179091
0.37358931449143695 0.22283816021806963
0.43497796089583785 0.99999870318449047
0.05467070523925582 0.53481130441518210
0.65544075039261829 0.85781978500661871
0.56180015917121195 0.05550417946405810
0.74951012614327972 0.65262951367336797
0.97967396227500958 0.51925101240169280
0.00000162359830084 0.58459971839617841
0.78211241116493135 0.66591836944415117
0.65153253728042348 0.86114166752134635
0.78082623241667237 0.99515193355015019
0.71228829514848968 0.99999929317993863
0.79824449104727280 0.96906754625551783
0.77023026698110875 0.66191643815947820
0.46928487200397950 0.99005144111193000
0.02731536592588961 0.54070866053041211
0.37209905366541890 0.19255690562799826
0.50689807160514799 0.96802075323967451
0.36933267022539701 0.22391092906031121
0.34052802244266783 0.23979587296626784
0.55283645272134430 0.53586242452843635
0.01250030281153542 0.56564528168867734
0.80308969539124697 0.96566049530490916
0.78669130799825571 0.96061152297614916
0.46848328432906355 0.99816494024762603
0.77874463883775569 0.66768375700991045
0.80704857504151750 0.99852520246405641
0.78545282916988690 0.95134747065149139
0.00393798481832338 0.54664405540099670
0.75826116514638953 0.68579417890515204
0.79641418717211565 0.66778170973618078
0.04667730135132486 0.52238204728097071
0.69148434466317099 0.84229513620685859
0.04061713129674577 0.54500800661701676
0.61286455711807375 0.01053442333698729
0.47953291124239433 0.97927768383587677
0.03042686498164090 0.53238349744490998
0.58879889562409671 0.53486181358105200
0.03993020071026374 0.50597020515256541
0.60950489595782764 0.03497900403993618
0.51549414725597253 0.54097240921178802
0.91187106555593778 0.47608294529730688
0.81975182431307791 0.96082858654895276
0.58101103997587922 0.71190652863688786
0.58599754647272151 0.01492753670063567
0.53626016716732916 0.53294972263684470
0.76017312324970587 0.66983308675509556
0.77236909821921473 0.95172244832011899
0.37784948841082083 0.23055037215727051
0.76539383458030852 0.94782989714425414
0.54895671773877885 0.55129525049804518
0.77962391236035722 0.65376199246868072
0.48213689900177720 0.99481384986415777
0.98069854764218445 0.51949543222496319
0.99069642195677687 0.50046337500887894
0.66475099232079427 0.90532712223184497
0.00000013292138267 0.66251387075680590
0.67909498297835025 0.87945989694919291
0.02852264187187468 0.53277709902530501
0.75382272936343819 0.67439194949261705
0.46581976790609597 0.99257039968851490
0.59304249817131727 0.54369159502449116
0.01426543653338774 0.56831084579004265
0.68626739833859784 0.88302138393879315
0.64427507816630170 0.87436660987666082
0.48874129769700009 0.98414177307790229
0.75511641964562271 0.67721976849772003
0.57872256190374605 0.03401755855990569
0.80615416538920126 0.66935460776189748
0.49272657496322303 0.98988663216012396
0.57612171325089756 0.53691554830736277
0.79275758350033998 0.64693635086553947
0.82734409548952270 0.95865519061685323
0.43921170202651522 0.97382778149395111
0.01199073099990108 0.52621794904284602
0.76094801692626246 0.65476474825708864
0.57329566764606665 0.00000442739002628
0.78052913191130080 0.62728982176687442
0.54143544552447687 0.54021205910135273
0.37766401851287595 0.23845990876838571
0.00012334883965442 0.47969431264516815
0.98034951570875317 0.54367753576186029
0.37423543819405763 0.23673600566316258
0.34693215072640671 0.23951260289266235
0.82617815083941670 0.18680486562232035
0.66246724845139704 0.84775489081330124
0.53066367024243066 0.57576010266729716
0.36871954622692360 0.21649772203305057
0.77649779838031030 0.67385155404485308
0.49403449467935623 0.97858477211144246
0.76279936064932241 0.66934234169683959
0.64153608246482363 0.87740399386920753
0.65503603532635724 0.86555787195461265
0.57643231958469332 0.02646320317137233
0.80091141968072277 0.98139720741534220
0.01580931547529020 0.57470921124200680
0.60785210092371611 0.10280506817029339
0.49675389085426436 0.97439144271367328
0.77572503456657449 0.64565164793206398
0.97186911647844376 0.55351438344855663
0.78396848599736546 0.65136774951319287
0.58227823700431569 0.01975579433959007
0.96499703724436903 0.51206041446632111
0.54033205201358769 0.56091683335297959
0.48290037448956236 0.98101920982947455
0.96455066871605322 0.49587288628952908
0.58159141438344253 0.02896124607965989
0.97928638453734451 0.50981011142309984
0.65565010286856151 0.85392856748108681
0.82810815556166517 0.99163968736616248
0.56230932771237241 0.56177691315783695
0.64795167974048806 0.88636045567487687
0.55688058015129038 0.55237170648830236
0.46868456234614531 0.99639223630626783
0.59879161585209695 0.02832004610033070
0.46663148727238746 0.95997934129076434
0.00323547317411621 0.57509918039302865
0.57432041661672140 0.55321556754343815
0.54092663937694996 0.54763524940724728
0.03569488280048843 0.54196222338853950
0.35150493990186710 0.23816069756013536
0.75157168264905982 0.64997169029246249
0.03307984241239607 0.55647969238881079
0.38151765181802616 0.23443621143097540
0.49948880427004827 0.98977816084631820
0.79759152812322898 0.97303821760177134
0.81282549315749997 0.99299291983242399
0.30925608032364205 0.07300465858496358
0.98291870200831111 0.52006472223525979
0.05708182982984473 0.57781921839545136
0.95741329970228994 0.51841271021880564
0.51538543482408861 0.99990661775047374
0.59876515477613912 0.01377299577094484
0.74237975269146805 0.65550949878096099
0.54763988569643784 0.52268303449504849
0.48587395694542179 0.28023642090023732
0.03504299876955062 0.53733160404983826
0.96726596926450559 0.53256265591353291
0.58342940653382336 0.03087526169211367
0.57588467170010826 0.58451028589588949
0.36821279237314797 0.22724155992621115
0.79672060286474500 0.64523240268456938
0.52952538031927832 0.52482150254703430
0.88216779046853122 0.51819509409447639
0.53605304978328217 0.51540559805264219
0.78320313736890035 0.65443508028615727
0.77090955926986948 0.64101580721884843
0.39334391333306423 0.23408906527916262
0.65819057758412214 0.89577357327124707
0.34329672521946647 0.25086719581370748
0.55459534945226385 0.57046479384765203
0.78138687615938163 0.96583307547199881
0.57851530201939350 0.02396718645676359
0.37962125963802845 0.24263731772218361
0.02514429368328865 0.60595905480875811
0.54679225542413856 0.54393888732412110
0.95223284921003437 0.52991220092398461
0.33818765837264758 0.23240570419197989
0.82652245241055478 0.85898870268246486
0.06226720576555964 0.48379494224135455
0.36580395415961231 0.22516160990057527
0.58273500652990406 0.55090822086179991
0.37774112982999686 0.24635046045401793
0.99995846106477992 0.91119036292583233
0.96967709689530590 0.51798586827969961
0.96376037719231189 0.51346045346023128
0.58172902903035772 0.04142946010145289
0.57538198776604599 0.02894377705335364
0.75821732258771879 0.68932226782712369
0.78773470654933408 0.97007385337911223
0.57344510940625593 0.57089225830085910
0.59633136175284429 0.02441375035177434
0.65558195656092255 0.83553106142682210
0.63572545658462720 0.91496387719531391
0.05758000271441180 0.53613954630213967
0.01601528846668407 0.55017943983442441
0.73141653821908514 0.68387742339546997
0.52081566007597624 0.52749583741326334
0.66313481701263532 0.87210961692937194
0.48417115779450676 0.98204768481982074
0.36433153030652471 0.24946365415256042
0.96439670181182535 0.49752964043519488
0.47460066920050092 0.99280600197850444
0.56449920346318549 0.54217204834408739
0.66413559210429030 0.88086238597906708
0.65504995388369858 0.89233379911613331
0.36709307272488212 0.21429512435330433
0.98463638157100442 0.50674409737259729
0.66727033142277037 0.88978099438481317
0.62436839753154805 0.01000651983322420
0.80751128931039151 0.98201076866556958
0.77107271656967447 0.62617082028775450
0.66657973944020410 0.90094206170101165
0.80454667970749949 0.98973652502543386
0.56930100212727019 0.03714419850730655
0.50478584443847863 0.98393553080361706
0.77107852172549729 0.65951058286529118
0.54531674616295500 0.52939090646591891
0.57288257033107115 0.01093737823585849
0.48382867168127763 0.98635446119801951
0.65128238782526438 0.86951643919348176
0.78683628848884091 0.99999284267224031
0.36518387136558939 0.20850134863878836
0.31450111789857221 0.81008224308949217
0.69479651549940957 0.88095743444250874
0.04686731915893469 0.56389282263270335
0.77456175211817113 0.68014662958450423
0.75143801933750209 0.63196262515756763
0.63195644716494437 0.85107433794943177
0.81279497004202383 0.99371667664142427
0.35049889414191837 0.24357018596297431
0.83602173956390002 0.99234735142446029
0.55027902839019960 0.56018848481003136
0.59457893480035673 0.01103273282970054
0.53735735380307881 0.53541350133146537
0.68819887235773780 0.86289007213357749
0.03492983404768620 0.56275543981394904
0.64631363289910559 0.88378917884567487
0.37976529210056725 0.23426794549571400
0.81037505802471066 0.96827939965356469
0.77687769279240704 0.68047776114876002
0.68162565257503549 0.89850308527305400
0.72948502927852354 0.65838644493560750
0.39089032311267002 0.23519561229000130
0.46613316558541590 0.99350269089869769
0.65968693987056359 0.88180745265605098
0.38548061534429678 0.20392895492964461
0.02073251612650560 0.54326902820990342
0.31216464991382564 0.96634608812332856
0.36649000766558898 0.24151977261175375
0.99990651397235120 0.99781143067615874
0.55345455479649008 0.54849061086876949
0.80606570504972930 0.97282734722538722
0.66279264490052248 0.87675838608940437
0.79487394958758539 0.97693898871800999
0.64488197111322365 0.01215470586474976
0.68620912177086901 0.86185337288865249
0.47778000195773823 0.95680235388559121
0.66919849525609088 0.89172388909568423
0.66625175651060775 0.88262682659223712
0.96084193597141410 0.52017509990476096
0.65152039460041467 0.85721119899729681
0.66380673786915734 0.87433133715728795
0.67551615684093891 0.85974968942737462
0.54018973163074424 0.54361595416267028
0.55140718866534844 0.52886090978266886
0.00000229969512009 0.54357663595910510
0.78436869918936780 0.67154860978790465
0.75169109111566645 0.66924801025259761
0.73693193696647707 0.65615232254452138
0.00101259560583197 0.52846387111798043
0.55179399314090494 0.53386425522219660
0.65812121754948671 0.89809940955138723
0.64423635769193244 0.86857150277224393
0.54542086025646919 0.55160654363819306
0.76857493744844307 0.95874083975925495
0.75565066575676842 0.67558095932529294
0.47064007126403917 0.97290602395979286
0.98985580284888119 0.51167349421406383
0.57921301012284521 0.00628289915272910
0.79548175424046663 0.99838336810423556
0.88480672363085155 0.87554244455593988
0.01506339911403880 0.56180798853761182
0.00917149854614882 0.56390005267937227
0.68340285544351687 0.88853063002509491
0.99448210069179099 0.51833984348421902
0.58208015897892240 0.00000063171992610
0.54066007563488849 0.52270027693754872
0.64828285734998470 0.14216798100047370
0.86313718497211955 0.44846668226113190
0.74533713222398834 0.65154792080470569
0.47558293194427492 0.79685421795388711
0.36765982857002522 0.24547339310402905
0.54087351003992346 0.00610651126073859
0.51454153770846933 0.56188498774012430
0.56852379545226672 0.55046259565950406
0.95818189266265597 0.47458504038341309
0.00787372991944627 0.58162360463175800
0.63350624304242975 0.82403372320239354
0.58325689788354096 0.00455695436599888
0.48668316737538092 0.97668609191070099
0.57107892379094038 0.52261332217652456
0.78858614441622898 0.98291964074700855
0.37573711670364418 0.19548686191973799
0.01892905465102879 0.56801502680900118
0.01166314680405980 0.51605007093178368
0.50058406928669952 0.93288923168261129
0.66829046799414416 0.87874038379507491
0.35922723191591910 0.23047317747025986
0.02512298592482205 0.56458976163783614
0.78615436351749546 0.67811749277528632
0.66854244908744309 0.87439607646285467
0.78845180959963124 0.96374972805978709
0.74325954114315895 0.31863846259676104
0.45630901593733864 0.97832848972315190
0.48484575972594551 0.97854366446496344
0.81013028093969830 0.98075649801132703
0.37902169109948514 0.25220868437007615
0.66628878838486916 0.88483964727055642
0.36621269422651603 0.23777182360638074
0.03027036687366543 0.55982590657363829
0.76283656890974694 0.63635346959221506
0.48786344068929771 0.94544966769225469
0.68283435530219139 0.91195542848843880
0.56918700379144360 0.00169975468470042
0.55901541203387783 0.53868366524689348
0.52836239342511993 0.56873335897483401
0.48056125226834800 0.95257353857975957
0.53154564727175868 0.01080877328926899
0.01592864246751662 0.55852974513505083
0.80371154466232486 0.99175425307648135
0.56400318234922364 0.05233065993156388
0.36512108711510149 0.22443672374730306
0.45616214784007991 0.96829773513428086
0.47170673924288420 0.96241573356376897
0.99120651131057325 0.50685191598151824
0.81610911567736966 0.95692760899804397
0.61073364993597723 0.02156225650063227
0.37289271282333059 0.21039285657992682
0.65830374808862246 0.83301310947507556
0.99999832168032410 0.49699650207884521
0.40079845737691616 0.22886378151970549
0.37033371581750457 0.21704299859063830
0.03457193637448230 0.57482881720291024
0.58054912720899510 0.01518720085018619
0.81450915956285874 0.95932178991203521
0.73813710879706318 0.68443914990172938
0.97552704042281324 0.49115654487592597
0.46802517594112630 0.98364092822325888
0.67242577745993781 0.88308809435666280
0.96858416376123579 0.49911060482591035
0.02105927311996829 0.55207729181066778
0.57084312260126324 0.56980642138684290
0.64388073297407111 0.84099240836710010
0.52595730012686726 0.55228142207480713
0.58583742724729559 0.01243613071138585
0.77635518708273399 0.68610506410109151
0.36389570878481470 0.20694799746265027
0.98367217975526722 0.52260267187269116
0.80640167105198524 0.97095005576750426
0.01907334831600849 0.57270979938292454
0.77217314123158920 0.65764801526251704
0.72214288471817190 0.67569011143762259
0.59023073185538466 0.54570504533630615
0.97753534363765149 0.54921021564033434
0.97798129480105445 0.49842270980170345
0.01110378758321526 0.53949554814611544
0.96844627497703162 0.51854148973014147
0.67675982494047915 0.90690261017927232
0.01192444945787544 0.55405048910689658
0.02928658488319309 0.57931397567071841
0.55109421223026678 0.54166293563469903
0.01363965168047888 0.57827093777856764
0.36920113051255060 0.18915638078592717
0.56958736173683810 0.52502220331728733
0.64813479734834900 0.88944932872351123
0.93745411065802242 0.55780045309824011
0.59624622812661876 0.00941664779107985
0.37466946716446659 0.21893393639707792
0.74604000006051774 0.65519751710646668
0.76730543138235774 0.68775052900518063
0.38895825246777604 0.23770058321053403
0.69574834510502803 0.85578550285056154
0.97659869680524869 0.49503506131809349
0.96464636046832664 0.50871896122749805
0.76121381873940253 0.67956115716078525
0.47913397054759210 0.97523153122404427
0.64852867815479476 0.86865283965597950
0.67635508054052351 0.87755166975026944
0.54424344663418400 0.51232444913436737
0.51371430545296359 0.98510250605670679
0.58329483376829339 0.01171959183199816
0.77310856493452262 0.64715428560423760
0.49300988330845757 0.99650478525944775
0.50283574017936961 0.98317658876083946
0.57592897647205066 0.01002892494566948
0.01045038274897507 0.54338936237288249
0.45383123940583658 0.98003874984403150
0.21365682879575953 0.66542652936887103
0.57406273203322833 0.52573163687472624
0.55456014500725970 0.56560993202398613
0.39081871254967010 0.27495508408896524
0.66007820041482967 0.88371546782526034
0.76840848394148931 0.65108950500951268
0.47477000526056290 0.97981817321878506
0.79997630824395438 0.99018265880340484
0.66352931312870045 0.87757352210760864
0.87870049082844492 0.92058826117425996
0.80950510825579403 0.99010948223372353
0.51620206158711268 0.97781006675217141
0.78966368395648590 0.21881083172657795
0.49448657000850293 0.96497253700997998
0.60711365641954740 0.00796126590290285
0.37526740626820698 0.23376601749918771
0.53709713229819867 0.57451325632218964
0.64851960819679999 0.87956347055331818
0.48776841992900966 0.97436378118985334
0.94062649871504567 0.48340817146246678
0.67666354646047921 0.88688866409014577
0.64127532116542751 0.04722728818797245
0.15462046038916019 0.67064614442209436
0.99115534210836620 0.51665812083848872
0.78035255694749417 0.63295694650612566
0.76645626252888888 0.67082252202754278
0.37023391078992313 0.20197537903592669
0.35547262050929612 0.22350762132764473
0.35930410357340226 0.24724831242584946
0.39282417961875182 0.26098651389161576
0.02844687568696373 0.55204710148890124
0.78605357013539878 0.64485097336577957
0.02357534113591093 0.56396933783137893
0.67210249329520100 0.89797717567011370
0.37049813289741684 0.23372650837916642
0.55747011695184689 0.55667451683204638
0.66222322721466842 0.85279379374735176
0.56891503780501518 0.54619329444282427
0.56471679564295618 0.57741981640693751
0.99106045814559651 0.51012428703104118
0.36734745628794396 0.22850733024200273
0.48850781950644656 0.97676740619401503
0.77852160340043119 0.61642503262313708
0.79131889239684972 0.99999603463961817
0.47817947552885626 0.98267599092258628
0.66926318233852522 0.85549491446918913
0.54545395877753255 0.54035831189338257
0.59833315260646625 0.03548989983678840
0.56499310795879909 0.55624224397346189
0.97857696879801648 0.52040247324608357
0.83024291252962279 0.98627926140941435
0.37372429198599916 0.25566313621083431
0.50076364287607766 0.97734893268856227
0.81908067398123352 0.98651022040502057
0.65640648910568011 0.84203514397986379
0.53318263393410392 0.55665017874796219
0.78881496085202196 0.66633624192103924
0.61826272949903105 0.86665456503464955
0.00804935317521180 0.57565023694786088
0.49634046588071656 0.99854309764026750
0.98813586295701905 0.51060059731437912
0.78306563941955021 0.68043410568649465
0.01723188681227939 0.54380898218207596
0.66412413056664932 0.89199204371658425
0.66525785633365053 0.87285398318335727
0.98613810398724444 0.49790044725825056
0.57975060210083740 0.02512001873405057
0.66292137615108304 0.06660328935583915
0.76127221023316871 0.69624652381456731
0.98973954404740150 0.52782633021174474
0.46066076837002601 0.97318585109035194
0.99615323946020184 0.51990080815411555
0.98601876352391427 0.50136323422766604
0.97352390645770281 0.52264195424119941
0.54994776671356049 0.56633957125359125
0.80964146478512578 0.96770770528445760
0.00595881977033402 0.54874227538948950
0.81623756568731509 0.99023625140006089
0.96280772575334972 0.53539591108280238
0.36773176627597010 0.24424066170830797
0.98523044962846651 0.55261022664657344
0.37249907165840407 0.22177673833688971
0.01083966865328369 0.55095668622444738
0.56417489227230433 0.52564787159889681
0.79771400996139941 0.94221329157913658
0.75830734271410638 0.68057134656440355
0.97540219066084022 0.52205562918975945
0.66909919845795895 0.90436659792012575
0.57727501509487089 0.02223484317570458
0.37194254673160881 0.23332815927155631
0.98798679921597143 0.54868383632473561
0.67453696241879380 0.87250925252234368
0.65085141516883427 0.87767611932673395
0.35356705527693594 0.22265982340667112
0.98895033138008570 0.50731946729651600
0.68011226535913305 0.88198335830238983
0.57578346505328448 0.57058728474966125
0.52427736269663250 0.53260285630073190
0.00009948617337696 0.44705278254613540
0.77636896459742721 0.66765631953805638
0.36779014408904365 0.24836778764030612
0.78161312583341069 0.64268617039343157
0.54251905312087778 0.55642922297812814
0.81007708249643606 0.98302538983958510
0.99066422172932744 0.50183087188157371
0.47777924728103455 0.97524376241240474
0.77484588716257674 0.96740868186236373
0.78174258631994809 0.67148546224014660
0.54169594156636736 0.04887357163115710
0.51769404305949240 0.98043966043860331
0.59513839751560127 0.02802830806960011
0.95304000853425563 0.52795203887822506
0.04569899742834556 0.57158540392374435
0.98771393228608950 0.50968825377386540
0.03378087682029884 0.58692769553443158
0.74830397313676489 0.49862199463765183
0.79743056925846167 0.65261338299828719
0.11499861041748920 0.47661188001695931
0.79112091514319793 0.98868302571945632
0.59821412828296805 0.00468376021451126
0.78507413243162438 0.64703697568644747
0.58282862755470910 0.02856167133131180
0.49722439401757534 0.96102796180006644
0.47773226076322062 0.99184459029148764
0.48174753562590628 0.98036205444399471
0.35804664179521295 0.24185226286477501
0.38234874258462276 0.22599068042604301
0.58613733744975471 0.00001110414627927
0.80783748660738186 0.92998763708861842
0.96278784664919370 0.48791771152856867
0.98952444158074293 0.50177243389106219
0.50960720864903719 0.97607865311479503
0.54999995034058213 0.52732137343220986
0.01229493415458747 0.54465035572334253
0.62275235546112517 0.00879157010889429
0.67540690926347047 0.85079843601654892
0.73895419958245689 0.63586062777848262
0.96724090509430882 0.49379736559048448
0.36742825490309350 0.23315327451068427
0.98330094063784257 0.53036012366276486
0.64714592971778462 0.87145746628864207
0.45331308803517278 0.96333976781508490
0.54945094280008921 0.57359090772859211
0.49296727216699987 0.08945109821475900
0.60161003509401401 0.02716659100500501
0.25320091700876307 0.74344915593581817
0.75135317898537413 0.63694125197777185
0.55152061078145420 0.57730092598570704
0.78887836526512589 0.99614856291699960
0.60247205094275380 0.02061054252036066
0.47670452793057427 0.96325888165515838
0.01552483300334246 0.57164507504299000
0.40729663971508029 0.23287035024056749
0.78908048532769448 0.99334660537778841
0.38861720892195661 0.20647828314471095
0.74655246870237091 0.64704015250001345
0.64700236804874744 0.92232759510606865
0.77984688950367786 0.99172289388809909
0.66722406059931016 0.85167367354629375
0.53326593682827617 0.55328403468929943
0.54162684821044460 0.57713248999352029
0.77100948566083904 0.66936986130485465
0.98772283703717922 0.53250503646073033
0.00332629486786060 0.55143768062452569
0.01795839558281220 0.56292739266618641
0.64011650606867432 0.87756152862998460
0.56276083507601771 0.54251845831251122
0.55413421169021393 0.54984667999673076
0.59259684825282311 0.04472212402217442
0.94127831813852603 0.47073479580890309
0.97453822850718930 0.53411856527749979
0.02414925174307693 0.54873989055548533
0.55339467832998468 0.54325664672318252
0.76320278738106440 0.63347156121511305
0.04241138147863679 0.54180434289253165
0.56702800262162356 0.57598688147727417
0.56280442726796542 0.54879569486996627
0.68642062074143617 0.85675556404793207
0.64991334835980130 0.89667245693920639
0.46711364164480534 0.97861453581846458
0.54065849646771558 0.53219329341463351
0.03045613145620486 0.55904890890677439
0.86315421628240241 0.54674697534236094
0.43965247066979812 0.99998654677922616
0.76982600039147653 0.67077032321586705
0.58393253179214344 0.02775459032008966
0.57088664017027968 0.02558867354626644
0.67840987691432064 0.86880915897751709
0.79516908713750212 0.67491204085697809
0.80891493579153084 0.98399963263477996
0.36752736421053506 0.21755075294421714
0.48363694307098581 0.97285052979852615
0.60439252433622404 0.87446194596746363
0.75840757541030757 0.66377717092085520
0.00155668418927745 0.53683914427966284
0.98548491084477630 0.54859062408363213
0.39037659070318609 0.22993488765930298
0.77261355813668442 0.66949245911411526
0.94976010893621454 0.44776375647264000
0.65892048222962474 0.88224138184761769
0.47708210195825440 0.99998980510368884
0.65444337414008502 0.86866513986248461
0.37856595153237160 0.20243241244877308
0.97732416729581872 0.52896205977019384
0.57179246252033922 0.52993171029285946
0.18537823331750636 0.85602114043826338
0.47400830804126742 0.96015758072271251
0.76850558127416158 0.64710008840949862
0.00440858011554128 0.57331649646364069
0.96504536982193767 0.50080719272264829
0.38966546835991506 0.22773426166252567
0.60591472964010362 0.02846653279038514
0.78108385600064700 0.66594303351168282
0.98273899842193624 0.52381113753713249
0.51112270143400196 0.96368103974488373
0.64556116647986650 0.86756108484020145
0.81867141115826714 0.96527972761598990
0.79708602216412772 0.97971552950532936
0.37142937899184753 0.21973171736157995
0.58957552217493903 0.03702320653116690
0.89818409382134179 0.99991813308966271
0.46044414211552898 0.99998966051712179
0.75274195939469302 0.63867035319554988
0.50147258831003627 0.96108421889322060
0.97352161312384244 0.54406266049513829
0.69401558537106744 0.88335012137985791
0.97787062918889445 0.52382546401211749
0.57614698832285338 0.04012437817492497
0.57612084869848690 0.53202393888718758
0.57536549857265840 0.54753239151912259
0.98076164699923707 0.50237648389875389
0.79556567987490567 0.95747079910501365
0.65401115158636924 0.88696971586364926
0.62750709183921105 0.86650507087023798
0.67129819679798475 0.88927638595891345
0.01449715656730118 0.59120228821889020
0.47165607911891783 0.99355640283018520
0.76558920768239891 0.99992621479342469
0.49647277776248500 0.98651396915962053
0.79220463086225135 0.97200909695828686
0.96679081747111495 0.51569256935533014
0.66851832747553075 0.88715254327682458
0.58554314745333069 0.57644976752665578
0.58057635880596081 0.03183057100319292
0.54818420367738829 0.56425046675494972
0.75374879224072622 0.67572915261201494
0.54229537168272668 0.55439262066075112
0.37208986355380197 0.20935338636606607
0.35080572452909542 0.22815645226385711
0.99341061197277059 0.55454018959375040
0.00852710745544821 0.55776157108212587
0.59734097226143767 0.01885873835704445
0.76852249597943023 0.65258350663569786
0.53383108791299450 0.57323000335019836
0.58716853545109615 0.01083253633327314
0.60765918310714273 0.01398096120875914
0.76472619687113197 0.64432195607948672
0.59972886388419377 0.00828875127813803
0.99655299977219913 0.49526441101712237
0.56587591533373360 0.01246545001293189
0.75452815614883784 0.67122544431644560
0.79630440669664404 0.97073628114150123
0.57657114915254459 0.01440934907569587
0.80062584698022621 0.99582979713641429
0.99104128793682245 0.49696969922768214
0.38826016288934589 0.24290536632794327
0.84875835660663745 0.99999859774865896
0.38866387276551839 0.22960490212248477
0.73830387891547633 0.67249152620496244
0.00345562159029880 0.55459077701173298
0.74776816230898058 0.67259764711893555
0.80036917329296120 0.97927201344642345
0.01878682627158857 0.54880519534285899
0.98940927172792881 0.49494183860069974
0.39525831315605375 0.22327303917603722
0.38646003407962626 0.23459431217176596
0.47467076212579845 0.99139096796902459
0.57106567570892719 0.55712362762607637
0.01730079596872658 0.53724682257172740
0.38649427761115385 0.25610346708505483
0.03275990995526601 0.54922618728842176
0.62678588406124180 0.90394790905763267
0.97392364560378175 0.54797551071386419
0.46140800617241823 0.98611204290024812
0.65830266856319530 0.88368429941253235
0.66216503651983338 0.86316155838983855
0.38451283940523562 0.14622558952644168
0.99649530069404102 0.52652363276660763
0.36756203654629049 0.25071742731580271
0.57766039452712192 0.02842318297874075
0.75730181005208197 0.65973591939095233
0.54611069814675028 0.59945507500677608
0.99676765240171217 0.50681925187941934
0.40092021424104063 0.22534574037574254
0.05989163869084078 0.54360638099747804
0.58140041565130252 0.53853418214234894
0.39095780344250208 0.26766250325461399
0.38996046644550547 0.22371949453818910
0.98730060609149339 0.50827439193642976
0.38802360133921987 0.22450672805405758
0.98219994649838438 0.53711065932828761
0.57686790800882670 0.00900692369054708
0.64691474923551173 0.86303352482393780
0.55518534580815504 0.53231317792846933
0.49748513324381866 0.97757591529888055
0.57538907183111421 0.54015316704598360
0.48720048654027714 0.96397888979271695
0.76074796898399122 0.68025013870312978
0.74826401191423508 0.64787357462882000
0.80189140231155986 0.67925584204311018
0.78085350275264043 0.64314700047748607
0.57865106987390569 0.01630081246031760
0.36016965145625973 0.22506282418121859
0.46233681342678146 0.93722485427922653
0.60189561940160918 0.02470661488208745
0.81272133740814656 0.98605243111951002
0.68861304766918685 0.91593080994702236
0.77645977603966865 0.96358435378224205
0.76047660863557864 0.66496931579322149
0.49694134572964038 0.98143659858595944
0.99023147575130022 0.53043109816506273
0.97511494462470960 0.51828465523699729
0.50645173698516488 0.97431980587354483
0.60122688601423857 0.01669352074845623
0.47135779525992766 0.99019357064854108
0.40613607179206201 0.24596973621852508
0.00000090348635682 0.56693772309291002
0.97606422336962007 0.54368364200901964
0.51402676876765019 0.83356983851713196
0.98544263315386582 0.50818124133839326
0.49076855414981713 0.98151795920925533
0.50569471241170039 0.97854477350994828
0.37506243177781162 0.24720537588827329
0.99468763368706892 0.48757255204993361
0.99498351215972702 0.49566419123010313
0.99519787396163417 0.53447744882640669
0.39902711926203477 0.23667321349794140
0.03113419726351742 0.56589021619019519
0.48536921285134543 0.96261450194121112
0.75839020288111447 0.66631198008621895
0.99194032255029496 0.51388743144517879
0.55406055823552658 0.55571505406536625
0.50013394202125527 0.96954266690862423
0.34664294166457382 0.21881580651737975
0.73958645331499984 0.65420001468705069
0.96781446232892532 0.51491035618536751
0.56474250511290591 0.55226773567414722
0.00000926018577811 0.54884269521554552
0.56694175008808045 0.54677617164974723
0.48623968798063588 0.97776961717725319
0.78807371057768238 0.98010400458292546
0.97613783349099537 0.49032641464316479
0.63575317515573115 0.85532374616597584
0.58624569955777794 0.00253606843539256
0.99867731075929378 0.51725540742504916
0.03966730249234020 0.53413492752387026
0.54451421692822810 0.55156591083758666
0.55904943380735839 0.07565323088384986
0.40474408815321561 0.24450514662680581
0.57688533940911146 0.54531726356934340
0.53964518771882430 0.54869593196897681
0.79956888753518873 0.97920402065880385
0.66411783192200169 0.86198383316967819
0.99126447601749457 0.51366437412888344
0.17228653411737968 0.33245043265173752
0.55949907287632861 0.55014300738838307
0.49418922629302803 0.98565616126967492
0.81327592993547182 0.95685131775312304
0.60605194509223848 0.92555747837429292
0.83545301930302929 0.97293968546528620
0.68714944667282407 0.84639174036017584
0.53949691714013792 0.57369425934160156
0.57953398618496110 0.03246876328068651
0.67998485284890098 0.87605142774637934
0.64561790416320830 0.89516452433842764
0.65802117861403697 0.86992316707808026
0.80909903580375997 0.99310390291088380
0.04011004896328799 0.56614328158300342
0.40392204994045511 0.25432102574532800
0.38522215195299797 0.23401313017734982
0.38009893055722416 0.21706814586155226
0.78557003290360972 0.67676014461136391
0.01329852938658514 0.54129981662789795
0.39772384509402092 0.23779120918185201
0.64481253746172695 0.85917616231872806
0.63344404686331046 0.87802356786783209
0.35857409328112255 0.23342353629342319
0.65617268351371971 0.88129204050993104
0.96611487870868706 0.51720259300370219
0.78006970086278504 0.68980515575350787
0.03054108158085827 0.57963066012349196
0.76691362906881044 0.65761948941091120
0.38570714550550944 0.07476533276474576
0.66781387057235009 0.87098744453937027
0.97778312400685163 0.54620100784116954
0.03869115327370107 0.52934534820506896
0.77483720021631264 0.65448959576120858
0.38101892424218758 0.21768045661087554
0.01274970280768895 0.57639955867393133
0.54660484948507426 0.51771306021888774
0.77262029337997129 0.69480265009051212
0.82684592833851833 0.95368689321327427
0.60294843524020547 0.04420517962726666
0.34744953023605057 0.26899557377127337
0.65649483083316984 0.90562836587266327
0.73664475596989265 0.88837087308973439
0.45524810019608364 0.99372408140347068
0.97442478093013085 0.50680591145685361
0.02830435602210502 0.56591276697081461
0.78016670525881793 0.67697941646715953
0.53888048002824029 0.55998319734468327
0.65696302653509919 0.87072273048461257
0.40288330254042837 0.23636024976404985
0.64848731106921098 0.86224365491173338
0.38035367236030548 0.23046036588056507
0.99258564078005718 0.48677485018529615
0.49604962824511983 0.99325255414506175
0.66914189959276815 0.87816810282309610
0.54854514653373732 0.56620291275952439
0.80248430514123914 0.97729947167559628
0.98539877956070376 0.51985280211578622
0.68142530649691413 0.85594349958995652
0.55393017845345327 0.54081294086236575
0.69095740604667188 0.85714863907193861
0.00734547735250301 0.54463521693656392
0.80092592171480015 0.94610412510229147
0.36888255776782558 0.20486253807297211
0.37121038524650424 0.23921211569870240
0.13893132543297002 0.37671181599114023
0.47115673011625042 0.97138647718476367
0.65920036461880160 0.89307636238825472
0.77404622342447515 0.97116555219950540
0.68910430656592736 0.86566809180792126
0.67998989220838835 0.86900657394456327
0.00977574073313368 0.52461815723787975
0.77739658803629563 0.65056243942864933
0.96064911502522921 0.52467973509427268
0.17389594203763284 0.60667616790520462
0.37917524715073342 0.26926327255905214
0.95212630173515633 0.51584284088126164
0.73245773912785328 0.67966922776005223
0.58242992296814222 0.56177451378471444
0.38836705603269428 0.21572021678014319
0.82142775751281571 0.99479776860273816
0.01348729742086658 0.55071111678460183
0.36959638606451573 0.22662655323449360
0.97005777784777636 0.49591982692786302
0.76097609331233751 0.62608026020179108
0.83409401181272091 0.98470910860893512
0.47650328549081028 0.97937502344178906
0.47892397276056975 0.98041322783104401
0.01610066636498544 0.54814940022520120
0.60705796726281747 0.03488996180322848
0.00542110541826726 0.53554500383655901
0.95337942431277778 0.50443631511986586
0.67339658950936154 0.88605105689433505
0.53992488728393484 0.55925123802432319
0.80286459791977993 0.98045506222979217
0.98181966473251336 0.55000405908377259
0.53264891934237601 0.54644700044740047
0.79545613253183745 0.64839628090261159
0.98467068436255378 0.50024290582462616
0.62650243905468028 0.00785311296227326
0.57998899659246117 0.01973371015346943
0.68970522024467218 0.87020470919233828
0.38179397515191460 0.22451101533831588
0.07245246134118505 0.53291942552083271
0.47661454097564127 0.94650033051163007
0.97721344228494733 0.53350255551935788
0.64840838369858533 0.81895526004242236
0.36543736189286236 0.25195534982446516
0.01788466363361832 0.57164826740934704
0.61504475066807041 0.01397332359246363
0.50114915161514528 0.98763484106447774
0.66551752439864664 0.88403240756675683
0.05890845295955124 0.56872862818282899
0.04431734424698927 0.59549516031128069
0.72981045743882011 0.63368318539913149
0.99999409530056149 0.53654648979190311
0.35639037189022338 0.26127496030516950
0.59433623064754093 0.02759011594576381
0.73523916150609925 0.65557953316016493
0.00002281031662511 0.50945325639469796
0.37951189166700733 0.25352857839642207
0.38656141435345293 0.26375619046908216
0.81124204559764412 0.97483663280925481
0.83394044040022153 0.97945870047747974
0.47844128403840319 0.96014480049542550
0.47167966383811094 0.98931090693488088
0.55356139932913495 0.57229573616279328
0.02130853266933176 0.55463503791539803
0.36536924609720928 0.27177487093038449
0.98046891323766538 0.51735616465861778
0.49597960498797866 0.94280674098799688
0.01663630830209968 0.57213606628081204
0.57661726027600146 0.01148333009310109
0.59464042898732583 0.04218320172000720
0.01098199555461877 0.54443904015910471
0.36027973944153557 0.23818988259081539
0.38404366366504483 0.22666321985763357
0.02725837197588223 0.57650229673110909
0.57268033365064586 0.02362303738608688
0.66411116923007796 0.89593815188385761
0.59279904547129447 0.01400975316193416
0.56715452555606227 0.02358499649335852
0.03669947839466296 0.55145979995513683
0.34709614683529416 0.23802752930097509
0.61252445895001706 0.02640006408703574
0.99997530188578376 0.49092336548271048
0.57009301732363971 0.00578628829356594
0.48179769328560657 0.97449572901209580
0.81124608265131393 0.96593005089387596
0.55846048711673457 0.00327154307129273
0.79029056475289816 0.65952356455359074
0.53952311116542273 0.55208966945655324
0.66381433388583277 0.85148869876593214
0.37367445858853243 0.20044649247893104
0.17548059374770927 0.43525144764298929
0.06504363989034150 0.54369103297346788
0.04626203805039104 0.55113386824180943
0.63737200295155039 0.00706011928102286
0.49634928309123250 0.98283749481494864
0.79315242531961549 0.98270367059265551
0.97316147664703667 0.84409611152967279
0.57814289633199256 0.00000554376469986
0.54188186786413073 0.55311886315352343
0.78506258365055193 0.96110334623967497
0.52160051618101289 0.54710436543542340
0.78690521018733361 0.63885911608186285
0.75797039577370340 0.61501988521606921
0.50408818539749500 0.97977216279482104
0.58502496893799794 0.02925995677401445
0.78151957473491951 0.68558393391394701
0.98630410919657996 0.50975377197747207
0.81357379816855158 0.97139316560384348
0.00425395931410516 0.56358994031755894
0.01262191512484747 0.54653268336580185
0.00000070997373475 0.55694218592548761
0.53491354600415342 0.54974266236299763
0.75337785949760094 0.68208637526554261
0.45111243258974076 0.98364200370173971
0.53575832359878106 0.55382351540392338
0.35606047646735750 0.24064529772891047
0.61748579733341014 0.06349726420357162
0.02273144711585988 0.53430394914113555
0.59652272718821175 0.00227077558686257
0.79433173397340828 0.66667033841381407
0.98006424977781204 0.49713857427167701
0.97095388430487128 0.50445837303443919
0.53737267835193592 0.55444089711356104
0.36449682285896901 0.25270574214325375
0.52564495176676063 0.53983679363604475
0.75980486381959145 0.95363323287566981
0.36178043814307970 0.22428044765129201
0.04133452056748472 0.54649854886812144
0.58559496413284462 0.01747931826868271
0.00326774431415361 0.53017197321220899
0.04950031815896160 0.55357978855805223
0.56723691184459213 0.00000446964447046
0.37612281458131142 0.21095565355469983
0.81015226594945577 0.98413073512330074
0.56233535080534569 0.58513450182852045
0.79126045681412327 0.65414175123217744
0.76664127433703066 0.93939969476901442
0.00578954667816792 0.52708275401670612
0.02616218850425086 0.57188200877815776
0.49401205767893075 0.95661278271194539
0.48304992824277271 0.95568511307810344
0.54134842900683366 0.55950775477178905
0.02572166697946406 0.55152581387509070
0.80900347974152764 0.99787593440004385
0.77252822438363911 0.98857835030461794
0.99997385635326241 0.70585659399109302
0.38340459601849936 0.19770990976065522
0.81343913047781435 0.97575956909298145
0.62181887386997836 0.03471179641097142
0.76244112889215032 0.64159514172227117
0.98988269635427684 0.50733704262570123
0.53548469162824608 0.56712680504772717
0.47155711742271006 0.95366611277889757
0.78464256121958631 0.66874094211648094
0.68482028094841085 0.87482108250764656
0.60527916792115943 0.01631382198209298
0.98606286754396244 0.50773808609269366
0.57547817682186797 0.01786911866230055
0.53281854044197885 0.55133531090237042
0.35200237558380038 0.24675378976538442
0.79268306923390752 0.97522870550957030
0.55591969910151340 0.00312637087277502
0.40453427534927822 0.20956135654434416
0.65356942748271352 0.88096965585320319
0.00635816320917457 0.58656399397506687
0.83774866896804501 0.97032976511399727
0.69763530876236080 0.27132259401618986
0.80610694765531288 0.95932824731948085
0.64890373069192409 0.86119907858549105
0.98365211352063076 0.51232799391978323
0.36317366652691635 0.22896701113526774
0.75231633520057262 0.67539444608049726
0.81226647967174381 0.95960748538796126
0.96440020074209398 0.52920271020572529
0.56376766304980885 0.57013208869105492
0.80209001823259241 0.97058958647322624
0.50307994067833106 0.96630122859484990
0.82712908367137061 0.96859331076188648
0.97009632016962788 0.49168392684387657
0.00120817379736923 0.57148332623226750
0.77278794241738447 0.67798337187801205
0.98209565925058195 0.53534807866499168
0.03818492300504796 0.56646747581892498
0.48096613979047775 0.97793758694792188
0.66701617667356350 0.87014284346808268
0.56941545314108544 0.01909559308256937
0.54151541944521597 0.53774002716763292
0.80737873310762931 0.98864242501565958
0.67472562486991483 0.87539434197463817
0.81167220859346356 0.99866602632721302
0.03183857925444471 0.56495860884901095
0.74740358470528934 0.68396401035874055
0.47741503283138870 0.96074832221580253
0.48094279075395963 0.98068238871985458
0.01659817665713384 0.57862794027888131
0.47139112735476607 0.99703741813993774
0.56617838908042295 0.04075685288068223
0.97461782818500731 0.50998146433905145
0.77205028589849667 0.66600980563761036
0.04314295108986537 0.53780179029697361
0.82151492405085036 0.98951315985668220
0.63052520240720622 0.87930764958954888
0.98450800917471026 0.50506585529936643
0.78035032318254693 0.67002753336329135
0.00000122673440752 0.57168920507399790
0.63672616931395265 0.88814898112107921
0.01849886923344097 0.56163847076438278
0.80651333341162679 0.96122921889950430
0.79561556464065708 0.98031471961803118
0.79297871905061224 0.65777508298914045
0.96002287750810211 0.51666612128063982
0.03517930129810848 0.57531189374896818
0.68923001975347120 0.87755731504462631
0.02914686889458024 0.55004462572980717
0.46825049206276448 0.98958901865298610
0.54025930745810979 0.54657841499970683
0.64906923641013181 0.90657699682088444
0.76380370501041306 0.65429318118362845
0.66717269669149049 0.86119167398294982
0.55033305600775018 0.25656166526277069
0.51159943424318710 0.97366946794857312
0.58771644593244377 0.55273186533423213
0.66324319578022395 0.87041659748404721
0.58751092997621779 0.01153581979671707
0.38487262541379924 0.21677411809850225
0.58842495331579936 0.03904910790756148
0.61401317603346439 0.02139694234634293
0.56100283905554782 0.52582285355444691
0.38436818977634890 0.26865570196785482
0.47692341122844828 0.98632317300227834
0.23645315325879662 0.33631031434284414
0.39177619657125029 0.24849732187385032
0.82554815203678222 0.96487528199622097
0.99999182824075883 0.50699386170753091
0.78085091364944881 0.96984415183322270
0.66211786316991117 0.87735408830769013
0.95893796121366148 0.50707093643610834
0.44211170262575267 0.95334651451036090
0.56641767706129531 0.03166253283736109
0.56911025999249287 0.02232930478195637
0.02169695566428118 0.55916749492387496
0.74807572523660648 0.68046758345766589
0.58550694925601598 0.00791105376884893
0.81630348917611628 0.98536192727510663
0.58708677457008107 0.01244568223939976
0.78130832672286776 0.65443242404427593
0.82674583260917800 0.99147682590190234
0.67653250130764253 0.86490629366361682
0.24583676198151164 0.78172328142365821
0.60316569969129130 0.03794718036297191
0.53221702924762404 0.53422069664201155
0.78314790848061278 0.99095280263079766
0.77832126425325676 0.97378115567218981
0.56891398957292261 0.56814810991624742
0.67273011337081989 0.87595070652991158
0.82829830287145112 0.98779609643250688
0.64054182951316230 0.91889713392248251
0.78720879191926874 0.98659869800299549
0.65799581636667825 0.86559844735492109
0.36385318607181638 0.26741303260256877
0.80044881644114463 0.97525651146215853
0.52234409017807903 0.99997392745118852
0.73698083413656390 0.25266970918442355
0.37364163443137843 0.24341565567112861
0.61956484983143101 0.02921952766281612
0.38113292092190598 0.22933314811237440
0.59186769466746003 0.02114018522585007
0.99025664432991545 0.50370958736697280
0.02188976306052006 0.56922013094845425
0.05262405223675752 0.54499058037206682
0.50553784678373903 0.54766215638213256
0.80489275312882869 0.99839444302893199
0.59875999504195121 0.02332987864862997
0.95391794112738915 0.78303185135805131
0.97260697015533915 0.50424902578598885
0.77589503862091169 0.98477238369555842
0.47026004114528980 0.95584291088828099
0.64636895919331450 0.88886123718945531
0.95942464317904119 0.52304074901893360
0.37192805241915228 0.25659590779071123
0.79345522284140679 0.66028243284793697
0.98835219825414455 0.54190350099942997
0.77398746733464840 0.67313417528155262
0.03840119095039729 0.57397047553692659
0.78583795035493886 0.98652900540326560
0.63193703836267778 0.86810475103206486
0.64897814786908159 0.86431356745031973
0.96864231334399997 0.49715912184152711
0.98392290270946381 0.52305257643520220
0.37869092171321467 0.24133183772378639
0.97053700494133699 0.54412170956773664
0.45813505901957075 0.97423351032566652
0.76963862805293881 0.97082141160001190
0.67818620074760816 0.88292205371445709
0.76567245157521635 0.63324106443863037
0.36890720688872092 0.23929591657053276
0.42628292926596145 0.98683595085107956
0.76308174707397602 0.66127694866766007
0.37013083363772126 0.22874249989432871
0.97731611130137053 0.56685564712036685
0.48468916575693749 0.99398579772901485
0.78904359346748898 0.97320487600164962
0.56316312079539554 0.55825930034702465
0.92205852628687535 0.99990668945564687
0.68660735010368701 0.86965259629839775
0.67998461680639544 0.87863823573464417
0.48464989626933980 0.95690973500144028
0.57716556779539496 0.53827325142885751
0.56702655742975472 0.54028385701746884
0.67419387896357663 0.87826828165660520
0.58340922489883906 0.03724764803782157
0.97440407569467813 0.52674501294292675
0.00719078986401763 0.55577644381067182
0.47484894785882437 0.99999600402514544
0.64839877175935579 0.87668334102539824
0.74930728432868465 0.63008001379539313
0.80339153697230170 0.99471236372304495
0.48920839468917354 0.97295697480077181
0.98649677420570681 0.49974123082101540
0.04890404464637524 0.54521900595549144
0.01881497588526232 0.55783011938783833
0.56254809933234118 0.57146090915442305
0.77487007231935223 0.66431244731335726
0.02990698274124307 0.52604327916950666
0.75476063336191612 0.68198193825482367
0.46653335104521643 0.96410059136162274
0.51198241302406766 0.57497358875222881
0.36714295700118271 0.23870576939536359
0.01870126631785990 0.52929609302209180
0.67245898649081670 0.87127017922371808
0.76993012618003998 0.63471309709995105
0.67967951219984934 0.87507150981391613
0.97973615955407234 0.50499523931587975
0.66265013285606011 0.88962054478081198
0.01676643780715600 0.53522770747252513
0.82419519528602569 0.97623818976735388
0.58339645988434030 0.02717140586549707
0.62066876589019160 0.00648749334187456
0.39421807019470650 0.24871717982220914
0.38584342529182852 0.25118790740961083
0.35816392296318578 0.21770239484617851
0.78819593842474711 0.98859025799227951
0.79051204219592153 0.97233252575367590
0.03510380227678146 0.54675249385152602
0.02284642128623946 0.56026302572109588
0.82368551219478636 0.99801739729629213
0.79480976785210988 0.99075645191171724
0.78384455659853436 0.97954172458843258
0.95110221404731621 0.41535336568269221
0.96908523123678780 0.51171742948578958
0.76380657581109135 0.64182075479815492
0.57114253338052956 0.00716801535037767
0.85415445505799292 0.96418412880960536
0.53632608541506477 0.54473752197163294
0.67759303169206797 0.85574899496657308
0.55890770040029913 0.57537598491205166
0.04820225810231854 0.52563026119892420
0.82260146941600643 0.99998785346931007
0.81034522286949295 0.97653313646487805
0.46128780135906827 0.98809470550830913
0.67008151198922783 0.87230717188941020
0.64413140159314375 0.84931000993732952
0.73414314607181153 0.65272488345494362
0.02709443559675019 0.59115131704554746
0.00922791003789868 0.56590445262271816
0.76189151049413140 0.67572694458662319
0.99374123157182226 0.52313130704870370
0.78468498463254543 0.66158691271720849
0.79475172907440339 0.00000009860399978
0.56111170539538158 0.01879714562883430
0.57689637938403637 0.54682085727269192
0.59300845959532655 0.02716141293560861
0.79818335171425780 0.66988885890491756
0.62510884599673866 0.00000179170416442
0.97340212865465825 0.48993167308143015
0.37161254984289049 0.24618432091792436
0.67912417106218015 0.87715867849396489
0.75997102791305093 0.67772932434875821
0.35155529780600187 0.25558363743845047
0.98691520329333549 0.53396439149986463
0.77376044443722680 0.64807015151733516
0.99208803569318393 0.53264313176951061
0.53344528787977408 0.56397322123061011
0.52917747408273208 0.54994583585409673
0.02872604635539068 0.55730113857716956
0.83681217904962080 0.95054591292644430
0.02288594482537887 0.54462456567030604
0.67414807090554019 0.87084802225407842
0.52023037736854738 0.51633582332326444
0.78961830920440668 0.99429854779978144
0.57356584577496417 0.00270480648501914
0.45726945094979043 0.94595592358551939
0.77468662867343374 0.66534010230386320
0.57521467892921285 0.02789433892477987
0.54178321840490407 0.56381439364751129
0.50850948672422258 0.95117897232650983
0.68011924753964059 0.86683958763750257
0.49283124530719319 0.95937964147254617
0.97034747793885889 0.52374034931118174
0.37881104138493510 0.25086630975901680
0.38847164979412235 0.23837551223165887
0.79501276056806058 0.96474887676631849
0.97360194614047724 0.52712611746712634
0.79704100778081322 0.98379155084325864
0.02905462515617406 0.55618821777428229
0.41044339566902527 0.22567197085462759
0.26036143996848349 0.54729842178434074
0.58062544017327833 0.01307101272326598
0.39472280826431133 0.21415501389249231
0.79204635204035656 0.95443210332786665
0.59479236205398944 0.03105544419985880
0.66822360428759853 0.88182510183903562
0.68262666599095734 0.85947573602547300
0.90882901698114438 0.36269690300611068
0.63421881410561309 0.85361063406887694
0.96923283168079943 0.52044333217611971
0.49453722811036294 0.99517151298380957
0.77883946258597359 0.96953095497492792
0.60663513404833902 0.01161778949246002
0.75510650420899350 0.69162850550008470
0.57700973652898357 0.04992941490979044
0.37470264299041578 0.22538705923178939
0.97335022050729336 0.52445737399314662
0.47051099057718926 0.96774856512647511
0.98446414486845302 0.53615196436106027
0.36271178053382380 0.23337355379728528
0.76325779308801844 0.66629638511074885
0.66767596600031354 0.88240746190654140
0.78497619136766261 0.65444034617997460
0.82055477902434981 0.09851428348779502
0.53860082203998116 0.53873586348325297
0.40173631027160239 0.22304724061362605
0.57404806089604010 0.00155218948005715
0.01027764537704867 0.53364361813765782
0.36092671273575527 0.26517629493379713
0.37983000274055662 0.23953320775156742
0.74813333420754846 0.67105200618712146
0.99998261008339173 0.48860146406608274
0.77979639118614275 0.67317489300543176
0.78616797552912931 0.66011077955840602
0.96132331611200073 0.51482754408767029
0.97283312936800004 0.51017982616405855
0.64370882777862304 0.90797349872609856
0.09112365420757085 0.90010306058326317
0.57437694031569009 0.55938124692489744
0.49096242984695776 0.97442894744078157
0.74706906709869525 0.63167889665213117
0.79544500711306043 0.97832554223722668
0.02210968611834133 0.55301700331087889
0.46483220901900801 0.99137924023133694
0.79597717633968490 0.98363835794332710
0.49175285436073868 0.99427199894084894
0.53908911120707437 0.56462420369485822
0.76496995778946664 0.97321089595598220
0.98629860027775540 0.50423712525633058
0.57182418946794566 0.02122659370059181
0.78274584017704429 0.64515151993093933
0.77652971598723175 0.64334829503095869
0.46624600266839727 0.98806178399660327
0.03934143084362721 0.56138861402173434
0.60792728953387032 0.00387672108587042
0.37069795063945277 0.24038184472636828
0.57196813711258876 0.51925138657302083
0.01832834597113394 0.52314338787456727
0.66157316403649280 0.87872777046934414
0.54891350117917925 0.52349044461457839
0.79102008167825277 0.65736163821394078
0.79042090336914816 0.68098075647749712
0.56669577762783840 0.54734971648158925
0.59071264617096031 0.02965944910301165
0.52722998218390948 0.53173951085364757
0.48799446301034199 0.95961609962907024
0.34488369503956373 0.21972026012822526
0.00000019960677837 0.88362263987531675
0.52806412986483808 0.52191646611487874
0.37525114782960789 0.21667392654948814
0.77048843885311435 0.68640176030169509
0.47947740385656368 0.95145459449882130
0.39998006419927817 0.21788289575472883
0.54519958260683499 0.55363337750699737
0.81101656628289664 0.97283614851348288
0.39592952890721334 0.19445112635601408
0.36862937359174747 0.22317178986492964
0.00573672522855187 0.52944312453679843
0.66915701605675459 0.86975029363218714
0.03072193019268583 0.55684032753083068
0.03512519720578076 0.54911563143576825
0.60059629581467144 0.01233259223117899
0.36724903079163357 0.22755797458835672
0.57195466885562352 0.56400134833913063
0.00502071220637097 0.52425690542166081
0.56306916646376481 0.54144131729003497
0.47868208653483052 0.97652828223446053
0.73765364648556686 0.66012060676649964
0.00849101662828325 0.54508563063072746
0.80225556005311793 0.99429114657054163
0.37894362542335586 0.21310726512894584
0.35571800620203353 0.21990992041920177
0.58030235698182797 0.00873676940259586
0.38919344445799592 0.20897253313100669
0.64027003294354723 0.86237614762519454
0.50797961460091379 0.97312786144086483
0.98010767352643535 0.53420794785212589
0.53364436613109956 0.54539054259704800
0.96414301619216858 0.54079168507832620
0.54894425166771221 0.56516270123499845
0.58605353004241401 0.02413121842040285
0.99094092456252580 0.52337955816992221
0.47030307549134698 0.99810268176344563
0.66423765281318148 0.86850082067798884
0.58846256129361862 0.02365207837822935
0.01093073560325000 0.55492262576629636
0.58830699430834699 0.54415047509695535
0.52701395879748925 0.99424512557014788
0.67318725706994054 0.86060780458180852
0.97047199957440988 0.54827261914156733
0.65986621382770017 0.87683055041049651
0.76691251585459719 0.68024507281984448
0.80871072369180041 0.98712551548831706
0.04946278274268205 0.53950650785359577
0.52758008688899394 0.03282995938556877
0.99416269179837891 0.53261419226281770
0.73322866474788384 0.65681793248416331
0.56840150482693297 0.02919134259309399
0.01884135321165860 0.55967794073626476
0.00837555151323861 0.53870418358915451
0.04578808813101277 0.51190677698248876
0.37118427861840864 0.22320324366875710
0.78504123351156363 0.99821441287031087
0.56217658062173492 0.55439202777762409
0.62402928026035076 0.85991858679731514
0.78270286131413602 0.67050587554602536
0.03844382086198351 0.54621841048377928
0.57608529555498666 0.53913072432703557
0.68080463791777823 0.88458019617579797
0.75754577485583618 0.63031260407555356
0.69694994743474814 0.88240208684348731
0.68596638839954893 0.38465906271682476
0.78427342873456118 0.10111357732758317
0.01956386788908280 0.54191451617183162
0.54821322415449747 0.58017849874566285
0.35951263498276043 0.21752935190599632
0.74241923962883993 0.65014498302565460
0.57192685727113701 0.02750254788298952
0.64668184060609424 0.86770127154572951
0.49471589584136699 0.99395081317603218
0.01803176725213330 0.55569582059351563
0.04709010927563442 0.56921930463743575
0.75299898966484036 0.92225099278419409
0.48325751283916102 0.95164071044123622
0.98507939913748299 0.51494283828563925
0.97735592634683333 0.51689999211220372
0.80148958906178369 0.64283069534579107
0.81717160182918969 0.98493632719949564
0.98346475963444702 0.51429547463637082
0.53082971194804385 0.54299542281163216
0.54306674137452859 0.55334465317400117
0.75065974217135290 0.69216774105537437
0.03111141869973459 0.56229570127631712
0.81458340545878338 0.97746195705130456
0.99394791491130141 0.49368295494093350
0.01309326215316267 0.53722093384564740
0.38013559170584338 0.27297472351585084
0.97512709098293771 0.50226206589197220
0.37720896221632694 0.23670938371201850
0.52977109358511421 0.58116430262251628
0.59768625999808200 0.57116571483681444
0.75276035816455200 0.67972088488726112
0.61699361278628284 0.02522623443913372
0.79141913385306106 0.65121170993927169
0.57008327288401162 0.02341671170576275
0.51046323382009351 0.93594279319054197
0.75836921452776185 0.68721647821045928
0.01956828951781481 0.53482674389080531
0.76603379843848374 0.96266574047066300
0.62969265176648792 0.84306937579060248
0.39801626080575808 0.23581827835810346
0.60128722150733549 0.01957881453779653
0.99432278308302757 0.53727554133228372
0.74459941847672528 0.68490348930488587
0.02026857653160181 0.52775846914813018
0.81780760697394783 0.98265287423971903
0.01553424814266672 0.53934923569564397
0.48519352916788999 0.98972291847358651
0.57397399436897312 0.55535136280380937
0.77461060373357349 0.70160252894029795
0.81919548399284547 0.99190603552110213
0.00855098565777238 0.53047249563316623
0.61998459202573475 0.87424025588873822
0.81293152174483518 0.99769517817962250
0.39254565677189951 0.23277817339604828
0.34422743475076256 0.23468056540253091
0.00200727581070833 0.54767119216187199
0.76178822130223089 0.66804740744637670
0.80389560125308823 0.99906174280478877
0.96175631150669871 0.52000380181066963
0.59254511680704092 0.01225702483075972
0.57809046442904755 0.01732111992909650
0.57204912968463484 0.01465730131220711
0.00459621116885590 0.58129596386755056
0.36590749578289350 0.23966256672909381
0.97335211738277350 0.51065571837668688
0.65611405579042870 0.87758836261425832
0.56350997170644768 0.02151451652292762
0.45352031820112471 0.96709263640732013
0.37254930121149776 0.23265660623055817
0.49794193608905363 0.98992343452073572
0.79561388627190277 0.64117235899811986
0.80038757499038926 0.97638853747317245
0.57154678433577855 0.18355699001411771
0.80525755983985869 0.96088825435589553
0.76110503509515548 0.66828008887275381
0.82870460053097472 0.98585161563891444
0.63391701309758719 0.87506793809337868
0.99772201236897162 0.48455176464370325
0.36749799342866601 0.26239541900694191
0.54292763923520315 0.56972903284172249
0.65794352271439938 0.87078356072411689
0.68521308772994394 0.86856680454185964
0.55022235839792699 0.01725815449118386
0.59562385276921315 0.04317995893935116
0.66652240888520808 0.89166142954363825
0.65233259307687386 0.84744960364440680
0.47313583243692509 0.97976693835054507
0.02846341662200922 0.53552772088628930
0.92880612389949013 0.79933234154524979
0.62205806718297496 0.01814372719791152
0.59461676451967105 0.56703114807722532
0.64730595874635644 0.90396726495459789
0.77414881979374672 0.63441346792638331
0.77373021858741442 0.67050679751756037
0.56005895000606543 0.60192095726737371
0.02657005158367772 0.55554838825370567
0.66791130554342537 0.85986612866543521
0.62861188556621717 0.01783721481434176
0.36007995031456164 0.19807050559039124
0.57605160782532616 0.54219932363568268
0.79009411615094338 0.66769118263949334
0.46426780592160871 0.96738677360718495
0.65825763000583437 0.91021643404492114
0.01806952111526446 0.55005173806364061
0.02604410824842248 0.54502990444332999
0.78915381113554128 0.64337325492037789
0.00872523758869889 0.55639505026671399
0.60352158812441070 0.01011921228121454
0.66177425774977328 0.86232921442954547
0.74818539340517054 0.65217230245842750
0.81246755164960438 0.99999632914469561
0.78750951316075568 0.65862221626721051
0.37195235711399161 0.22268222082489769
0.47769025512885310 0.94129777576229789
0.97457169162608470 0.50491165947361771
0.38488639721521262 0.22914442090088175
0.68276739407582898 0.88684076727429162
0.63852723302772163 0.83840258649904120
0.50186691028719188 0.98370495037502048
0.35291093366603027 0.19708896120124253
0.64212923134866307 0.83513595902538407
0.48574253200822504 0.98011889519749340
0.50338307472340815 0.94864835469803288
0.36263262564731891 0.20893179055838823
0.63735359646075829 0.85529787164061799
0.37453042238827539 0.25734226367401691
0.54569053332960193 0.56839459242550305
0.57567864867091012 0.57325255509943174
0.56738064524255793 0.53368762181136542
0.94644192093034107 0.52553898026727952
0.56850209633515991 0.01924140247012876
0.36739045818303301 0.21885200840003363
0.40539104881543425 0.25639706295844711
0.98071852433572604 0.51288899358582751
0.96289998379436303 0.48223382910312179
0.66079266080066779 0.87936038461887611
0.54343828381702952 0.52424397408368761
0.78796216676814446 0.65995661322359356
0.56454945241675625 0.54828337919039727
0.37364140244444516 0.21460370956295910
0.98958195679931305 0.52949229161883615
0.57201646354963176 0.00132483034368964
0.49456246955628053 0.99130001810221924
0.58820788791938317 0.02169840904216848
0.66961905779768494 0.87633601903329095
0.56116807163816684 0.54645265726327830
0.38626960521304299 0.23617609323881164
0.74259359301912098 0.65375962194716164
0.38667426892418510 0.21465916854212214
0.38603610828981144 0.21037548213620544
0.53970331357688073 0.56029692314297774
0.04935268972346080 0.56367180380203818
0.49773617621692129 0.99860641816970630
0.65719580572671876 0.87657503079618748
0.64391042326248693 0.86262646542124410
0.55457972271638400 0.55899647070340608
0.81946605158290087 0.95617497119530537
0.45306264148481928 0.99439311871392988
0.38790624883155295 0.24413557723480384
0.67984230731026429 0.86585699613999401
0.96623899527134416 0.53841790321039829
0.46854795197176602 0.96663058419685866
0.66167120034257576 0.86531199976316464
0.53686887889052104 0.54974954670300569
0.03677865242430760 0.52608597707375149
0.60502772977573294 0.02321235506173550
0.54768387643390437 0.53420931533260141
0.01992209272828413 0.59400993980981165
0.37107547916890071 0.21858237530556626
0.39174303157760498 0.22819183469395904
0.98434059251270001 0.51916425126291266
0.38098466929519487 0.21050140756770647
0.42466849594553385 0.81783666097213759
0.04101226077205430 0.53235936407874807
0.05116876788145268 0.55478260563705406
0.00845439626386936 0.56203764305864901
0.54598373514577903 0.54992240660656166
0.55441079294266515 0.57796814051951761
0.88074302595631460 0.57619856020486260
0.97158977494498222 0.52206985432264119
0.37837341949583136 0.20598028696703863
0.00464050383212836 0.56824565742164046
0.38769795367719995 0.20429063847851051
0.79783541849755168 0.96725049872978375
0.53814632400176976 0.55971492402623568
0.01541929956297849 0.56982554893381299
0.65935568817563273 0.86717782348801031
0.38568937922024693 0.24619743567074134
0.62247589131854042 0.02706609212035251
0.80555432666701465 0.97626149586347166
0.03090476157486643 0.52938621437831157
0.59342113269220276 0.05108688961026604
0.99999887656444186 0.51795359309226019
0.55307887570904013 0.55030614735407291
0.65055187720290197 0.85930250523229423
0.52282357277644531 0.56601548398095947
0.59016867509882498 0.55049613743855985
0.77969946028461889 0.68215432358884576
0.67838498685383652 0.86486451488510430
0.67104415785203853 0.85292010628654147
0.80371783060403423 0.68581589768654549
0.80028965268378671 0.66764556101270323
0.81751615121626620 0.98159348784356459
0.67192392188189032 0.99999963662771874
0.35098553997663456 0.23284567594916852
0.73710237513983856 0.68014872009737604
0.03319229515550200 0.54480975216115379
0.59377529720354827 0.02186052850093482
0.54161093479939149 0.54094660490381463
0.01118583027901302 0.57614184101342691
0.98623252957826535 0.52709804787859826
0.25996659170236097 0.42761145078751611
0.50890623906049648 0.99999486094633894
0.45641620638743879 0.99103940237570698
0.00592327282419303 0.54936244171792814
0.40739723505832670 0.23677453156048425
0.99108358750471603 0.49356192491110396
0.75405131321056607 0.64051936720863833
0.56790675437158222 0.52013945138988105
0.97153737914787397 0.51739963877985196
0.39199771570291386 0.23093117713749603
0.65990574481098496 0.88953591415568700
0.77670298036300678 0.97496265181754227
0.77532319415530571 0.95185647904135828
0.95801479412667911 0.53198992480307761
0.57565390021580798 0.56552374844333053
0.50669859783210103 0.99996259828356171
0.95426217548631143 0.55266602323578284
0.79902025624309414 0.98981039920243430
0.80679520441991814 0.97903456065406225
0.55804564697954140 0.55215359646592510
0.57482959821274637 0.52743730682740342
0.78165396983756130 0.68365887593972430
0.57893726879289742 0.00930256621383913
0.98786613559090330 0.49231518729613472
0.59888576324114939 0.02592080462792862
0.67729738627050617 0.88429404197608152
0.03385940087407902 0.56745425177118625
0.67050511377665600 0.91998679823353036
0.97554133369641405 0.50453383823231246
0.78115835660546828 0.66144306627181104
0.60398097636758974 0.03400771895791015
0.03880435565118636 0.56413357361594529
0.64947461231804349 0.93068512048760965
0.67156002905295886 0.87852404124724826
0.35408618055890395 0.21480160805163032
0.03748199654539666 0.56302943484723678
0.63003485987647201 0.89399646006413125
0.68452513649844537 0.85371591287377602
0.76070731256810176 0.67790645992314436
0.02038129288185606 0.54678436048766299
0.66351930726525754 0.88144863210487145
0.61400104125816635 0.00486407964724519
0.45019510174136346 0.94996962719593936
0.55085511225515205 0.54844524329630240
0.96169454047996905 0.54777369587726632
0.98575082090581945 0.51178179752679809
0.94875331831675314 0.50505023994895437
0.57966848553885242 0.04106918965175024
0.53902503592822948 0.56541202317006656
0.63482815657601044 0.88562436709792247
0.73605110850944511 0.66404165517468006
0.03413857412074790 0.57693132903333011
0.66396248820894066 0.85388096251803924
0.81667677097806235 0.98644878247474921
0.53848452438982974 0.56296536784276530
0.60428593889138738 0.01024441468286734
0.81047668177486043 0.99057576704471484
0.02006149365507470 0.57624466044977396
0.85538808674184386 0.85519314702536287
0.36379243941477180 0.25082781997721265
0.77527394293703200 0.66867022214429628
0.37759514691848778 0.22312525291236202
0.02806884175443071 0.55381800700213579
0.79714569149413572 0.98208741464398175
0.56990181429262543 0.54722350139731679
0.02235913543209829 0.58722446959522134
0.96481541065926602 0.51711215722911930
0.80800914432772708 0.97382816985460829
0.82057341678390872 0.98924100308621310
0.58490348995044483 0.02107454547145474
0.04933522726553232 0.55004123658483917
0.37248313591214732 0.24907724232006218
0.66396153069227415 0.88560149430822321
0.67603545374315066 0.89858344716711180
0.59985988905665122 0.00382842170290178
0.53714590938579132 0.55351888384997128
0.59778868150467035 0.00557288673352270
0.40476597176315754 0.93426328787003365
0.01763387099209034 0.57555703591148988
0.97340222639095419 0.51836467602361225
0.03109226878787484 0.53677962313961036
0.98534228305567551 0.52962833583059810
0.48746872259042656 0.95476670193549851
0.69861199341738034 0.89659367182385918
0.80086278789611165 0.96646625633270433
0.46984139456830154 0.98249092768106883
0.63070516366314322 0.02169392458629981
0.77842667094828633 0.97590377956375163
0.96078539165893351 0.53081296962183699
0.75744340189932502 0.66993017091452645
0.79218422077456863 0.94554882398391138
0.75846796600981325 0.66557599509116128
0.79687398273986543 0.95692741903901590
0.68239941436605944 0.90803686305800624
0.55009725514863150 0.56293359517003372
0.57358185799727035 0.57441070120046300
0.56988787145046627 0.54415215223879543
0.39151910042193455 0.21893179083537129
0.57870487395282266 0.03236990165632039
0.51291224957327475 0.54677934371399539
0.40626930678089784 0.24309850500659094
0.01353139701311693 0.53793460160925477
0.95036673325967269 0.51466125824813080
0.67737221576556339 0.84339266466392282
0.99999908195996901 0.50162891245761787
0.38439794391293025 0.21280703726474925
0.97936144955931093 0.51477647819630157
0.66762025495317812 0.87290941144301526
0.97784744793842737 0.53212374373533544
0.37370104941581644 0.25115016057892275
0.99397419252200825 0.50569301726451643
0.77989726941079907 0.63857179816353982
0.50950403336274108 0.56131918732624875
0.38431567747607082 0.02969481671586427
0.01252340917819209 0.57787811762140240
0.57071396941324126 0.00349042640031594
0.48720474767089028 0.96787664021103392
0.64033630662369756 0.85624309651258390
0.01308948053314095 0.52896718872767423
0.48798388487502087 0.96309959414114266
0.55981487362273119 0.54298826836118808
0.55400598050257555 0.01616719146533259
0.99795888023461643 0.52279470691225105
0.49429353079801625 0.97038027974356789
0.69676321522915818 0.87891366708345553
0.52175391595036080 0.54353612857665046
0.55358223076376878 0.03492642591063116
0.35576642511001305 0.84741715900794434
0.66268788919399535 0.86916230654924542
0.98774685553046482 0.50202336565951688
0.45101829642985536 0.97765462640168521
0.03251248432043433 0.54093504273698356
0.76507864008863413 0.65030532564514576
0.76911029238665785 0.68795711896916911
0.58257689004859126 0.54679004312753221
0.76564886744498639 0.64586093551953017
0.76882536649896127 0.98285030552142183
0.98281754788583298 0.54981952723425331
0.77748746338221164 0.67476945832489743
0.47367831774933361 0.96750021831158250
0.57892533518202627 0.03957459355063608
0.54958447403944677 0.04813217257186927
0.57736108624715543 0.05384986148888815
0.37020440126932863 0.24268435245722977
0.95943912270335319 0.49559062282946492
0.03662602752023814 0.55252397171011669
0.00357835425100950 0.54920619575818486
0.61981284492796540 0.89802628588754096
0.39520853301770648 0.24900927150326591
0.53095883142406819 0.54510590732488395
0.79594354426584424 0.65988079593007520
0.98168085187416376 0.53465863810062686
0.47936926181276562 0.98803178669408365
0.62887682606439932 0.88085169849102618
0.54674270649687795 0.52579249488415347
0.76278092543608933 0.66346362638237666
0.63991956668227334 0.85301033309081975
0.76826610973262566 0.67335192046442005
0.76047296359478289 0.64300233958696518
0.79006900586795403 0.98889988645115012
0.51973191650819028 0.56984336031420835
0.80028740699816991 0.98139348975928997
0.45757013635915811 0.96809918279234486
0.36513685583410938 0.19806233271144022
0.35661131715479155 0.21207464237065637
0.35691707842101322 0.23575355516283789
0.57788043321281302 0.03134454844505723
0.10485959414098413 0.37928718700831360
0.49493710498010851 0.99738717049807202
0.48520778899147010 0.95282974091510575
0.81631774022221171 0.96734802655932683
0.48834053091891061 0.95690832969397077
0.75523580046379835 0.68949142466955959
0.97360687253839207 0.50931185312320271
0.64403783795080849 0.86637249110836456
0.56398092629922725 0.00432990756004003
0.04202001983802136 0.56135150500988429
0.96870626594908604 0.76160494663113731
0.53990337247860354 0.52832259549299210
0.66410688419916741 0.87238272168287523
0.55184833589007398 0.57338539983158321
0.67793359512175877 0.89729112144674839
0.96133473688636140 0.49744641931054756
0.48669016089194689 0.95806969770845340
0.47861204271948693 0.99359153576792725
0.98769344325088859 0.52357308857292895
0.99152192218281521 0.50911004013336247
0.58573809320841264 0.02812423207004373
0.74584375586717511 0.63504670845931488
0.36148525919615038 0.21894292102085333
0.41584263629657636 0.95619689841433642
0.01535657468455501 0.57919961782483265
0.55578556501408960 0.54945948683196266
0.48193017321160403 0.96782348052861100
0.37341162254666482 0.21308873860571276
0.59272491908039315 0.02989493439113753
0.51352251869593635 0.97778587097993030
0.54351083188699389 0.55898019260914300
0.96721345352092591 0.53734370123756936
0.67878718017934647 0.91476373927041710
0.97600557639399954 0.51180500778994542
0.97094270815002459 0.43071624541496939
0.78224428536399859 0.65950925024519180
0.79427320286697811 0.99995685196654871
0.38600063291963627 0.22917383764436486
0.65462822283774214 0.86761784003139830
0.97220405531084031 0.50715445167506601
0.57778482465809233 0.01614137034769608
0.45611765753547989 0.96414462652826738
0.53051640000604339 0.56893237897845661
0.81994048036046363 0.97780013708130487
0.99623790590355288 0.49394205761953947
0.71152210373691815 0.21517062031736403
0.60902090962259414 0.02600077596513004
0.60912301796236668 0.00681824437643474
0.36222925159762043 0.24782439266602863
0.49837871003902395 0.99377927021267598
0.97784673492279972 0.51854657023961492
0.77077171863908023 0.96769954576635364
0.50407023810811247 0.98277509246308725
0.63620944882914099 0.86940290663263797
0.98379760924279414 0.53545630957974544
0.81576050458301486 0.97518903739532914
0.48157448668273012 0.98251748146050433
0.45508459912613802 0.97748978918700702
0.39511863685506821 0.20261331959460982
0.57241581599397140 0.54376440115169922
0.79102341060657833 0.99166988136321288
0.46515365966124533 0.98021762516799205
0.96658356442498961 0.48742597476475574
0.66690574313306217 0.88549433091207619
0.64583759540461816 0.86467250859529199
0.64873900659032380 0.83202835982834278
0.56891873875413068 0.53521076791637112
0.78452395690301979 0.64238877242449421
0.01850010119324333 0.54084408371286274
0.80267543758456483 0.66814744592439745
0.04547831068223135 0.53460140473879370
0.68204497861269964 0.89233542650638698
0.59189978749920358 0.00512738265456979
0.56470020502048957 0.50872870572814521
0.00337600291388136 0.55772565711650113
0.82783734453415769 0.96699508077484975
0.01737170595444637 0.59368294967212809
0.48592413490268249 0.99411837624221855
0.39912888711748695 0.20220684352334187
0.49977339801217341 0.98419060199754738
0.48516265162361061 0.96126184191250275
0.35789236318784290 0.23187805609753365
0.58661610329093117 0.05543785042926927
0.01065054628529395 0.54929562299294232
0.74643843047302239 0.68330793634541487
0.33845757704528134 0.23422781904985909
0.37343384575330218 0.23884315165748748
0.59503309605334764 0.02076553627670553
0.74987089994139355 0.66534996072782493
0.78834031152774242 0.34956813538172066
0.56258186843856994 0.56433323617451825
0.98747345122912944 0.51737517841954106
0.01198299652257704 0.55493018445978037
0.95892421406498562 0.52844099622081053
0.74757165928957137 0.67404202314942063
0.55277728466096610 0.54766867538449793
0.57081909222728033 0.56814481075947720
0.58062834501745453 0.56832302993682504
0.45748344039302424 0.98047601886360847
0.68025469039563646 0.88343399840235126
0.98941784604055005 0.52713154272749652
0.57609227398308305 0.55726312997068717
0.75494600324947325 0.66784089267260083
0.01172075898067835 0.54603405071244204
0.96394934259031761 0.52485195124938333
0.58277619446700035 0.03399498043685135
0.94589593051445819 0.51917406318766801
0.58577479159936674 0.03295690950140359
0.76665550014804940 0.69440805958290863
0.66570278860569421 0.84579533309804733
0.55806785527252267 0.03280734321229227
0.57100178147684988 0.56299230787834531
0.00497427352254810 0.53035523534230733
0.65807904001775097 0.87840333104367874
0.82483359123043143 0.98200753435658250
0.46182932302535773 0.98057001312159864
0.49222730425527328 0.96134856808623503
0.36993017767345893 0.23247653346455771
0.97941842711327454 0.53046510018609871
0.38584992631390552 0.24755725942460605
0.54891682995022373 0.52816460328523984
0.67541011498028736 0.90522688721454259
0.79492006233196166 0.98702933829247996
0.65226022718927057 0.87323333676014692
0.76570106575202823 0.97874210094069192
0.81259656395351432 0.99109974351099650
0.46277770513142102 0.98416777427262292
0.57865157849671789 0.04157852141789534
0.76765724847460881 0.66466800066232001
0.37608634922599343 0.24402533848255720
0.56111101673912767 0.56011127812015615
0.01826066265487431 0.57054527548284806
0.46818077307843298 0.97586930629329705
0.99116605923089507 0.52783866948093594
0.47397222706648712 0.96375110225281957
0.57008180859424273 0.55872503065050239
0.39333381667677841 0.20444626894692991
0.01186961252099769 0.54504842057562419
0.39383596734476722 0.21277518501619011
0.83725318966117801 0.96814409695576709
0.80422496148965439 0.64402459245911692
0.03524300197519584 0.56506196342321091
0.38536236557541081 0.22452383626014821
0.60890752371188706 0.03177086534309750
0.40706161721031042 0.68372093044420390
0.04173400318474164 0.54090682342890128
0.74836969554364741 0.67791476611275514
0.65920584571940066 0.84840710127520913
0.46336696458231130 0.96246745263719402
0.77333590141227992 0.99319436615689649
0.98294855161165751 0.53354525287051757
0.00825737444777679 0.56508455967875815
0.80444988440072518 0.66089512085658064
0.69022082456028555 0.86061521651803452
0.80564434846342170 0.95531323389749734
0.81056169433549230 0.97507640757838288
0.01046247148132013 0.58886372336920267
0.06007621447508213 0.56310345346894808
0.47307309275867038 0.94739700587565978
0.98124147583927845 0.50139532597558500
0.55089622593114962 0.55022349033093043
0.38642330854989299 0.25290143262431319
0.46646922578653172 0.98953419373707707
0.95069142591825906 0.53066029968252471
0.59518547690284074 0.02735666504395508
0.78278934940988432 0.62553751440814398
0.00674671984477501 0.55950705567872328
0.66063859696629879 0.87628872000925873
0.05543682182453367 0.55439194984857465
0.97433745985399112 0.51448017315416505
0.02235807744024499 0.56212060536437503
0.99717969078604951 0.53019236712359274
0.38110899186226416 0.24663161526692953
0.97302972889460249 0.53173082923531367
0.34971959797481372 0.23755505527584200
0.00375366946350641 0.54846962818207279
0.46151659452774824 0.96552873708494813
0.45568819277332895 0.96566600262190183
0.94461781405701761 0.51293774208754839
0.39485890555663272 0.23504981103053083
0.57109134233182302 0.54783964191154533
0.36847819016521316 0.24313948332181864
0.47916904528333509 0.95553224309131768
0.50401658694188700 0.96347688533577414
0.00523028939616534 0.56598903442002180
0.79367962827560434 0.67445372574831131
0.77906848839902632 0.66417993784988016
0.77537429335205532 0.69408986345222901
0.74651313140806441 0.67685617241074791
0.02391722088339992 0.54296814440218755
0.96754454858958727 0.51966245044178871
0.78057768368287050 0.65943647196108834
0.79632757866672421 0.96780014837078787
0.55910638206438668 0.55376375403672506
0.78484192077405468 0.68013253411665575
0.96305497501906134 0.53053493944858843
0.57129244491172848 0.03647329298875077
0.38240119496083891 0.22847849262360656
0.36053159802352752 0.22323488335477829
0.37717231954273789 0.24338531580643977
0.48700006125584566 0.98792231389865715
0.77390220678362287 0.65255671026023954
0.00569925002109272 0.55311884369715791
0.81547963640327392 0.98207603414219102
0.35558780345063795 0.21592894568583265
0.49332461834664765 0.98045008199013184
0.47142239120496249 0.98809990612268062
0.68890345205234937 0.87402910573208503
0.98232458244873277 0.50385111137506955
0.93659993937682640 0.51008921133248974
0.78618550151027122 0.65440626263554680
0.01901954010473937 0.58165540151857520
0.94431383567723959 0.50849735009578645
0.48556874831613045 0.99297096149470554
0.48756795643342188 0.95011625337215855
0.47689738397844711 0.98065877662137568
0.34800100584936239 0.21758921908564235
0.77857362010142261 0.62863776267621807
0.96254152810891436 0.51307789162234485
0.85248477081858853 0.13134396088403075
0.96843268476700906 0.53753727117207839
0.02926381128923359 0.55854705900043300
0.36816804142600856 0.23434748879002870
0.52254208777596134 0.55631672378309160
0.35601875095437197 0.20206060578473839
0.42330454876428469 0.22823472590824215
0.03434825801316319 0.55711826103186335
0.80340784012405986 0.98149326095326750
0.51743249962542948 0.56383347577520559
0.03029214587446522 0.55155727162048274
0.58671941966082342 0.09210286533707673
0.53895290464690904 0.54739404331423747
0.64439508388632616 0.87598370533422831
0.81457787382958913 0.98145865437895741
0.96181090239738898 0.51148174148401193
0.83899807673694238 0.98771173799725931
0.56800472637002319 0.56895727069470525
0.36595315052958116 0.21323271662648427
0.62519453594922791 0.84838329350676256
0.63806215167777236 0.00003681128717544
0.79083618201869332 0.96301329405174907
0.04371855986077536 0.56728682786439155
0.39363720938105917 0.23048171302913836
0.77688720105301068 0.65896802959572676
0.79634540423004407 0.97750486514588397
0.48340651819473440 0.98484851509701532
0.47777827891600755 0.98092312004368021
0.75881835302996248 0.67029507515380349
0.35733243318448715 0.24917492396381308
0.02328270736985251 0.56714639385373367
0.02661878308155546 0.55004644966381899
0.99610878828650884 0.51621820575893540
0.58212814433228788 0.04446202436913611
0.48822057477810715 0.99454355804367844
0.04328911606899190 0.53925849037296947
0.66798128375553800 0.87962533369927076
0.81409661800865440 0.96109968496600751
0.04002963381943540 0.57737448750970233
0.98976986682951140 0.57086886458737185
0.50531717119608410 0.94046462148608712
0.48728582887356592 0.98064644664888634
0.35396909776119223 0.23800938215720649
0.58472358626608212 0.02540561155173951
0.64739944681660144 0.88368107886720482
0.97934676127623788 0.93804583769782290
0.01439087401843087 0.52207431298244000
0.82744786448556085 0.97105582967313042
0.55617805943443466 0.55868574290214268
0.56761661472579961 0.02683618332748924
0.48409773775939779 0.96586984615141636
0.99233982484551142 0.51514869837212585
0.56784815990530069 0.58933626948130202
0.39014168670881882 0.21933267765003539
0.77540890187762024 0.66626617156217260
0.55410045226354221 0.55348842219576178
0.78393930172061110 0.97349101068521249
0.99340155992008095 0.53639942579191091
0.55731169148818471 0.54918200793655447
0.63542148593692971 0.87449947903302561
0.59503449143660692 0.04809566694874502
0.46444451954389693 0.98235086437006680
0.55001649260595675 0.56195672974706778
0.93999989943823548 0.06771671965774262
0.01276291007931037 0.56081408895082729
0.00828108983071273 0.53346859296341653
0.64600269332457227 0.87387605187154782
0.49372114383062049 0.99317711635982253
0.78355108802486495 0.93581563642332677
0.53390491221094138 0.55094492338857359
0.36891837525975191 0.25872229212218584
0.67259689860861072 0.87917887266489581
0.03282031592413790 0.51933218805913872
0.47846362830307204 0.99198380409414144
0.52488661502439082 0.54944967076284978
0.37386733875868944 0.23267837561801025
0.99709485522223540 0.51415293596221356
0.63696576404529892 0.87986603205549740
0.76012602048703359 0.65677574756595281
0.45986390499104635 0.09424885000230132
0.67082093040083490 0.90596757980013864
0.55837205482036767 0.57022377357085807
0.97532433535513630 0.53966597479749534
0.55443879905678861 0.57348809500196107
0.39526700812670429 0.22594636479338082
0.45787177491610842 0.98488244220370025
0.39018367596492870 0.21395373766510928
0.37631493673304761 0.20818075787014984
0.56328836687408712 0.54489642938920735
0.97807686124716042 0.50600650019059801
0.75331457400829849 0.69034430535343472
0.51839172760879515 0.96366409409639797
0.01113432868514497 0.55999367841068437
0.99275563221570218 0.54005339024172294
0.55307911673886623 0.50709372868357927
0.75687139502522727 0.64629881058665950
0.78584153147429803 0.99141695968338261
0.78079710596493312 0.99604884238248159
0.03768373989271733 0.54032206152327555
0.80660758895756690 0.99290647487073813
0.41994170120079966 0.07459073482371210
0.99272179414079120 0.50113810785317614
0.57399998588506529 0.03912009227142668
0.50661127359600444 0.54092625770961689
0.82023115591762896 0.99999129353732175
0.98882879365945997 0.48548374593679072
0.01097238287424348 0.57351349170054711
0.84395237520995625 0.05421550508327607
0.58678885363033817 0.02748253274047010
0.98377455985473239 0.51849706166195131
0.56503279037524978 0.01401015938892768
0.58239037403252780 0.58005210969945886
0.55465738185457669 0.57452499052760364
0.64305233735632716 0.03383747130590237
0.53893113204930643 0.53249609300782885
0.77233646703123715 0.68763084041527989
0.76011620974594429 0.66619810663686030
0.98759608120403664 0.53057337655471648
0.78044036093819824 0.68508646074566593
0.54785318117816251 0.54502719954776502
0.78629402485757272 0.97033802347303866
0.57248622396045656 0.53572419243304836
0.85443192053029504 0.99998944654642830
0.77853357739095996 0.67148254588677347
0.55114682619822952 0.55733710946297566
0.56015303922642257 0.00227351324910638
0.76682262070998797 0.67572197413296842
0.34788925710197677 0.24118021589817581
0.47474473077157114 0.96211163543305800
0.03746673826179170 0.57095050861577645
0.54343637436820214 0.55019608885707583
0.80971980550368450 0.98733569531033072
0.75176971190495423 0.66722935288036300
0.79127166874425248 0.69300986629889483
0.66233625876049607 0.85451037565222443
0.50873483012403986 0.99571867839771178
0.96549919610184831 0.53230907031879870
0.55411841894792202 0.54702600933945533
0.49466628028479304 0.97731314141598036
0.35517212821987043 0.23389808755702815
0.94822381139599932 0.51695229880181892
0.01024797314451894 0.57148574328142976
0.77586416646053968 0.97690103858930910
0.02013758607888660 0.55292874961842076
0.55994815961704136 0.55855843350926937
0.77469003224478716 0.67736654215899550
0.47772480951002533 0.97897492527168573
0.67864040725645836 0.88927763434100404
0.55738458524934931 0.03022032457720942
0.38331949922666519 0.24890998867672359
0.48007831018142400 0.97808896187151506
0.01673812912335289 0.55629296495314451
0.76846001902030403 0.66986794831173224
0.98960383908963501 0.54655794817900383
0.99495622243775106 0.53619273241703547
0.96877400122391288 0.48557491555617488
0.02258290358134038 0.56286633394577257
0.04528190492442456 0.54121342670402861
0.60369795677388405 0.05163670375126138
0.53087694398399266 0.58477651163318889
0.75484700068045507 0.66892298268437178
0.49608643942274194 0.00000252871204806
0.56621764472753011 0.03014126482440292
0.57393946828722919 0.02827182912642432
0.36067519141482163 0.22988375990476509
0.60617141829093002 0.00579861871302024
0.59253324834198584 0.02429139995184600
0.97287668600747623 0.51665080086079751
0.59266651772528700 0.02175206637103188
0.74219456192662958 0.68837141889454190
0.96823529962358379 0.49462492738135366
0.80803539035611405 0.98263644697412333
0.00659363834944628 0.53643495106279315
0.78423631830768648 0.96113619381896509
0.81715018943000328 0.97460144948836880
0.60990371052282466 0.02282941929290495
0.75159536209247391 0.64133762188213728
0.46615112241243534 0.96848145638184102
0.76230848802906004 0.63055543005865677
0.56922230595429191 0.54879161370968244
0.99607429571943895 0.50094474281231727
0.65658579546163376 0.86048056521217964
0.65924607353468756 0.88339865898852454
0.36759062254580527 0.24322522227379212
0.00747487922729790 0.54843164319603088
0.97181288398766896 0.54548130042765053
0.48702736272373376 0.98579416121216157
0.76350738222013270 0.67448848117347693
0.75671120066964104 0.99029709778022768
0.54577583710064270 0.52812925492724427
0.02255995004419515 0.57024003700494041
0.98836519180304205 0.50392222830968636
0.59063865713628239 0.00162101930746073
0.59349171292131275 0.03586553097330625
0.53919895508387183 0.55030139887903684
0.36745592601838523 0.25415210980681607
0.02348622847776196 0.52312183636007681
0.65703877393348731 0.87175737117023677
0.49291522021130002 0.99783613235736757
0.56915418317361410 0.02580528051464469
0.78429973697505817 0.67800684094081287
0.95858328200169340 0.49852581611647356
0.52714030717240734 0.53609889756056972
0.45913652181957842 0.96382925224365368
0.54953774390289245 0.57546778154664724
0.39319075400333170 0.24987261343348457
0.58658034792397751 0.03233033036670196
0.37055271418741337 0.21168674227920509
0.00688925118774243 0.53972201635612960
0.74052002525477045 0.68353035149573105
0.47786548396420347 0.96395622677016235
0.03025175625335664 0.55732705049553233
0.77484431058440195 0.63685359074561543
0.80195421624415286 0.97862870440994787
0.77324926781341241 0.67856101932520119
0.40353578191480288 0.24166848944283648
0.38247267970444199 0.24369725142797111
0.66831054732820805 0.88822055088681939
0.00934272853159803 0.53691642092209479
0.38931780661460774 0.25839309202898436
0.75855359382473875 0.64381002415975797
0.79009665757602998 0.99058712355299605
0.76159914701171394 0.65160210942869756
0.57088087852413738 0.03958405997802606
0.77472936277592797 0.69123451818805848
0.66013834967874563 0.86473276259528742
0.45265088613927329 0.98258934348732352
0.36683502081547004 0.24677552262300706
0.77369379705797292 0.65349202791580419
0.74183754571790905 0.64618162146652780
0.97858881822588573 0.50203413533243857
0.38202679498914704 0.20599383510840882
0.49500458912658790 0.99271205522613637
0.60371255646586708 0.15953774916715235
0.54543087248715583 0.56622695901441278
0.97198153975283408 0.51376935970982684
0.74320142466203176 0.69591080680179507
0.79917996467202035 0.66631785684811229
0.59762665987068286 0.01755599832908250
0.94146596220102607 0.53333914868758636
0.54472753311543920 0.56441149706131155
0.99233505246515707 0.54775017414523319
0.96703374785516394 0.53032907871888302
0.55260515380063102 0.56495736957510956
0.79953964519932230 0.98276975892470886
0.38998453829205565 0.25350361132835691
0.55324254170311271 0.56631655859656405
0.05570344471893991 0.55022398545282003
0.80741505780556455 0.97471701346257755
0.02158979288987632 0.54426366294824602
0.65932819990696201 0.84624487195924347
0.78967437175247279 0.66386567426794585
0.93604218338204126 0.93878412546031509
0.49466916454003967 0.97198125565640803
0.99999646335725778 0.52492297458262038
0.53552180973660690 0.57253062735698934
0.38750733197477605 0.23123511855201767
0.65029239703821906 0.88600055442543513
0.76608305586602610 0.62783093841829563
0.55095822557066410 0.53998093038227968
0.35715969341114523 0.24377174051628969
0.49621050167436676 0.97821807272004035
0.98233723950938456 0.50968469677538875
0.46233853683886827 0.98276601160401911
0.67079159041774317 0.86316621380775549
0.49126067471376950 0.99101391048427967
0.96182638637494944 0.50141383454574540
0.99764499872204671 0.52057921620111924
0.59007755815913954 0.03320787916201747
0.02440251854230113 0.56625450373384933
0.00447283484518723 0.53880778691665043
0.39282463952001268 0.24281326905763934
0.22392365557049937 0.81806042696061287
0.97472945752238560 0.53720138835701070
0.60067599198937516 0.26844854856796307
0.66821542038783688 0.84948925259780028
0.69995177847762946 0.88615718966911206
0.69048010513194091 0.88536321765039760
0.98241230897198539 0.53329280331981455
0.58043856626909218 0.00000553498638065
0.49241915057798341 0.97303854060276873
0.48509443420413645 0.94780806122813854
0.78583960191867186 0.66772959212883887
0.66167374877870255 0.87016672915359505
0.97361274134380893 0.48610557361627182
0.38635132217036627 0.20729247975924822
0.55300113721798827 0.54419180286768898
0.81185438448218739 0.99545506987512511
0.64609105805101275 0.86576880591226679
0.45508085436288637 0.97504455424563252
0.04819029390792688 0.56731231860698594
0.78572313560393248 0.98741052146225305
0.75787909899308370 0.66155823669501768
0.01902972732490419 0.54506287365082906
0.81354388209171058 0.98270733480865302
0.60896521377764790 0.02677890362312231
0.57257959415237025 0.01744391703886356
0.46514065625490708 0.95640033458446938
0.76351894845237500 0.05612537545960479
0.47940987838765398 0.98282213803529606
0.68377186292591896 0.89726100423478228
0.35907627418978155 0.24386007849629368
0.78428886983175305 0.96957903000973211
0.76424869393542993 0.66970065427429237
0.34823450150528340 0.21493767489509796
0.35221415447374788 0.23349075191868279
0.03659373114806099 0.56362303122760182
0.98241309829506585 0.54036544489327909
0.80207627042013518 0.99883162259244929
0.67238105196152131 0.82010462944002893
0.80615893873576605 0.63334544171656937
0.96958785984396079 0.53802661589770173
0.77474301940805357 0.67509089863592997
0.46617030799582543 0.99999962496575434
0.00329774017732385 0.58367559984754969
0.79849420689090311 0.98581528294630361
0.97021951884203883 0.50802825785812922
0.97756595920203826 0.49062517032901526
0.46524929387543379 0.97312482000051326
0.39359913301426408 0.24715978018692486
0.57234773923734805 0.54225252801969870
0.54931600413539050 0.56086190219132570
0.00879736394488001 0.54099575396016408
0.98764578179651819 0.54674302699927557
0.79571382493042686 0.69836118577410033
0.96806904641823666 0.52686440857396599
0.52910347421801551 0.54167951760562838
0.55057168729344208 0.53159225038009872
0.89694643686528019 0.02226785304800799
0.64283953185716847 0.86994831094482339
0.00722436902273086 0.56308932947589085
0.04147191216475039 0.47069148002297156
0.05583482949827390 0.39529868926099415
0.01219959594067073 0.52485301940146878
0.97252523740305930 0.51484311868972454
0.99999954770171495 0.60381009419185938
0.61619310317629539 0.00573909670240408
0.58695435177996491 0.00154254558292242
0.65644355651369335 0.90145180369830868
0.64952881987401001 0.87077161875201736
0.37273465131619027 0.22983798567650918
0.78616608213333061 0.99973698773700936
0.37539305963111086 0.26614831286559265
0.68548258234338033 0.88008966589838034
0.55103046754302965 0.58724478584868811
0.58164019574619286 0.54957968419758407
0.54165167991482865 0.55632644223471328
0.49150825476611293 0.99561321544325487
0.96223476941027219 0.53171528965407289
0.66492946453808444 0.89907238417054791
0.54556401112424313 0.54585204172738988
0.80063793125386074 0.98268676883348294
0.56177174520220907 0.55762781366120284
0.00772042664750698 0.52573601173755369
0.38116903412132624 0.22158175490834595
0.01329706876379389 0.55510215399977347
0.75563602681764441 0.62644442432618408
0.51375411757278611 0.97598424790816518
0.97593176042593144 0.51293344852887612
0.67754681711997689 0.89887453779314042
0.55639299194064085 0.52138113036857014
0.82486383469868674 0.97808599599007384
0.64591437179356359 0.84709551277454098
0.93465598169042430 0.51525722757246095
0.59772278172544646 0.00000146794118030
0.55654485237709383 0.53013684906608238
0.65551013256632518 0.88209845188852787
0.44805882792740204 0.97704106979827765
0.39126108419563010 0.19893265032498622
0.51300314973191719 0.99153808845290581
0.62355474126382571 0.01896538113784329
0.96610218112604451 0.50750637682601363
0.38562880001189298 0.21826392143943085
0.78723019408554695 0.96951882322420813
0.81680802760156646 0.96980677201211329
0.52133452723345053 0.54591533878111165
0.96089077536195022 0.50636635242139549
0.54641069458348690 0.55966349793446213
0.81902030528165215 0.97932794187088046
0.95197300156153519 0.51286531476616493
0.33894763334028122 0.22146747892112129
0.55828607699927069 0.55314224906619935
0.76273705368467515 0.67720772095241133
0.37092202179220407 0.24172436510929263
0.68282655708054429 0.85231781636296244
0.78591181326294723 0.96663670852900074
0.47698462532251790 0.95923208852328246
0.77463443793246234 0.98071237310318593
0.00677569455944328 0.56123576681514054
0.75578087389850501 0.68614550004849795
0.34803950364306430 0.24576429771930094
0.60534781875740606 0.04293205561058177
0.55912464767055248 0.54556985665467517
0.55334140324007663 0.57727271229321142
0.66680010456855421 0.85061564223351804
0.04287572568234074 0.55470729475139990
0.04831342640926014 0.55039151877313952
0.48109701448646014 0.99844808993865386
0.69671731242528334 0.85232412362341381
0.66857048478805059 0.84743698058761585
0.01807243896294722 0.55459164950379813
0.00617605467642652 0.49678763632796263
0.48277956241579173 0.98305203411654829
0.95744190942657315 0.51648390765093666
0.76246634126943447 0.97149657589442329
0.98481698424271791 0.51349626249698854
0.01597488673240927 0.54682899391225781
0.77102951339923687 0.64839590215612930
0.81803345183926834 0.98381445769883158
0.76254141245908502 0.70193946850790079
0.80099419694014706 0.99067894217359609
0.68101344956890808 0.83485028483070867
0.61467780414441808 0.01985232028996076
0.64320612046583892 0.88910322305852474
0.37691494304427864 0.24010314137629679
0.47564976155030503 0.95991394197950852
0.46470485585429172 0.99433962526078945
0.03498950221502468 0.54347734762627875
0.80649409461239385 0.98775990043707451
0.35420819444688362 0.24036147998276797
0.97232325056446500 0.49783601001288796
0.91974816317141228 0.44847796046798277
0.80154286760342164 0.98599337921945462
0.38931259566331483 0.24181617145059048
0.99222315237798830 0.49954463979900937
0.43470463099028755 0.98626669563644187
0.38410627310721174 0.24671267445273776
0.33947109803964093 0.24503721870601486
0.61710360274244158 0.87114742762624475
0.59183806466441669 0.00758588588135765
0.51989582838134041 0.97884116770895002
0.65107178616447736 0.86633372915329721
0.79754365412334416 0.67377866958701638
0.53755824121706608 0.56220267397309442
0.99559235280746150 0.52965884910796712
0.95710948106157989 0.95115867581657576
0.80436250761092665 0.98683606171937432
0.95648438920738432 0.51979240219638190
0.80128079865289870 0.97903214956618734
0.00631375347049229 0.55159633345162573
0.38229304550211329 0.25462701052770204
0.77026964301309453 0.67196782076788275
0.98997744967361467 0.54416550481427028
0.67174087500531554 0.90351986765792636
0.52447152138227848 0.54246236927594738
0.33992441120706840 0.96699271400156395
0.47849733686212642 0.96744943276819850
0.36003777978190843 0.25098094917678604
0.56129481759340971 0.56895550261025796
0.46840150228126998 0.97102884802560685
0.66173976999305373 0.84325647936339287
0.79142565586400782 0.97692958078761949
0.12361618456167049 0.63346378220150401
0.65614807191435731 0.87673197781307766
0.79043184643281594 0.67051038958792730
0.56272494138486884 0.54372799965099483
0.97786009045616884 0.48614992130576251
0.99414460993413001 0.52627031767665799
0.76930625217549287 0.66785610182415767
0.75105791975741132 0.64911008998725228
0.56622869463206593 0.53522646909916782
0.47362484714314684 0.99192656200275575
0.82952589720013026 0.94371910368801837
0.74423427902350492 0.65026967877707065
0.36677638060173084 0.25739492276004405
0.80515164693905783 0.99688814795486191
0.79762595515506929 0.64044112953917798
0.65214229547913494 0.86332208235660768
0.47228140332025759 0.99636246839080156
0.68427692713166932 0.89209128090100387
0.44668434809580682 0.97313447288333266
0.58399837290709111 0.01044886842304463
0.84455459680388267 0.00016342612151487
0.52895684232091955 0.56597922668053613
0.55746908790120786 0.54124892365926569
0.78683664627582084 0.62295560117938475
0.81977971096146118 0.98259241858286839
0.03366296388397379 0.57045767198309816
0.79335280321150337 0.99090739339024136
0.37060698920221657 0.24573168652481348
0.46007003852677159 0.98008516179019023
0.76121035744574939 0.64806379992598495
0.52398472341076541 0.55916435467974090
0.75585743947797923 0.69448627830426390
0.56493416847648903 0.56127843138482836
0.37219214602268919 0.20325228730198375
0.37260518878790772 0.21690249759688629
0.35932305482394972 0.23374048833435532
0.66276098723756804 0.88123344540501392
0.02276429415210653 0.54262157885439566
0.55729558507389920 0.55386641709697315
0.01520006224520793 0.54063869475096216
0.76622644250618754 0.66142727382470878
0.56226593392204682 0.52170792500268393
0.57058647589512557 0.57226120445398465
0.97753614690564117 0.53830314301085780
0.63720266059615704 0.87809274096868384
0.77076243734212657 0.64624506492583433
0.65934576526419209 0.89117215299164987
0.00810769978455518 0.54686393364313624
0.38432343227540156 0.23297034718480703
0.52465910463730625 0.97246488475593129
0.60586961777663217 0.02445314682163346
0.01706447065090594 0.55535546957459003
0.49015037822816343 0.97844463823913030
0.02718534864509577 0.58717565153560247
0.81370085847724383 0.66424337017941959
0.40851442009917110 0.24521509132980862
0.57896497184075379 0.01547804673283961
0.03011315194164825 0.54989477674800369
0.00281872464983330 0.58169256965666549
0.57778844820718722 0.56607695273072067
0.03252651230264487 0.53304525514725098
0.02364048025592629 0.52897359933333932
0.58201480640506531 0.04010317975994268
0.30650891327921909 0.71373616115507688
0.52129431402902415 0.53195542783689620
0.48374864745848500 0.97762028306736892
0.59351852654159698 0.02420593437771527
0.74303239626809336 0.66739663724271547
0.48185076556574441 0.98141706425951947
0.49419620118173302 0.99804630956997387
0.60154519880263380 0.02605281307279447
0.56646813092387815 0.01843368618472832
0.38468913298552349 0.22573168206805577
0.77454248722012586 0.64086989542672013
0.66689421692369510 0.84394907332820246
0.93908673546720722 0.35087299606694938
0.38824899245541361 0.21026175953083306
0.79004885835038074 0.96962282238960840
0.37444356641769971 0.18972400573152315
0.34603444763883656 0.24260997438442566
0.60054132043520736 0.02576924864993953
0.03069884411168936 0.65925915852399464
0.59168718818607335 0.02663813156684488
0.80888901690195747 0.97524055480643368
0.00230064699091969 0.55143875010571086
0.88879246721845551 0.46084217193702659
0.51082677107947572 0.95854383893598860
0.80345135196242046 0.98543515854054275
0.04060750963538107 0.55190384672568327
0.55751362151915496 0.00547598286414244
0.78040304816945572 0.64511946495185601
0.57267496977740706 0.55926537746136951
0.59392199769640275 0.00000247087639821
0.54319223870075994 0.51642665988553560
0.01429959761336460 0.56305941123010028
0.60340976767453380 0.02660676670575282
0.77465175084684212 0.97781283279556475
0.77213718448696389 0.65172224795303912
0.62251672156770277 0.00000869420902232
0.37860960142137950 0.23022862333665745
0.59046772327451791 0.05108581426066444
0.59068720648605166 0.03495165832554887
0.99375373636501474 0.49845496502866582
0.66094088420302854 0.84633803229135540
0.67985611505514443 0.86418467578833635
0.98133628724421718 0.52484636325889156
0.99998200755006139 0.49315844811665877
0.66578367640785929 0.87497183766355169
0.65392380494868840 0.88360780966016728
0.60070159751482599 0.03240548243933584
0.79524064802243055 0.63867771660068362
0.56425030505385187 0.58922357908540457
0.97343040607025755 0.52117512160404711
0.57760376679709269 0.01130850273604858
0.99318641044477263 0.50778286592964816
0.55479757480042624 0.54391770114434046
0.56847204217238778 0.03045200955107658
0.00395915155389085 0.56006121128962649
0.03561968203770535 0.58408393640543788
0.77085900156756859 0.66597709976348662
0.62787398464446442 0.83495056408357160
0.54372196374190340 0.57823720701783621
0.57450622758457581 0.56595128808690554
0.57100539790216631 0.55282719690033777
0.56167699914167024 0.57353710993739393
0.79134330455761259 0.97856917529091980
0.46961741884157815 0.96214558394399274
0.76240035632586378 0.65533697822384196
0.89138053554710994 0.42746003420354206
0.35825603934778005 0.21427972410910473
0.35445551209676590 0.25261302926631429
0.56912650213925720 0.00704408926244835
0.99491228423924283 0.49985558205520247
0.99980059181358572 0.79967653241374492
0.58002319939082669 0.53488703372730673
0.66502531904535400 0.83643240508651151
0.51832476410296657 0.97260101627219375
0.97599830788545994 0.50583810500310267
0.67604552185226374 0.89611519820634467
0.98161749126553666 0.51471707220978746
0.78348931345000428 0.98874590423287867
0.61067785632152605 0.03764954645007214
0.98023484688736640 0.52549003055717858
0.99376735789317883 0.50423066321792032
0.03724376654332608 0.54645331079355730
0.01804852193284260 0.51125851716506976
0.37980605648651333 0.21303951230095683
0.67005970843392237 0.88916162625383277
0.37815287091345728 0.26740399502166051
0.64094138089609498 0.88230938329903696
0.40933181587270229 0.25760071516358068
0.00611387764964266 0.56826101127075579
0.55183555473494117 0.56605359260597055
0.50608677999162299 0.96252831946304107
0.79999832944628679 0.96101950770233946
0.47778263409528693 0.97319457120333830
0.98464948260316165 0.54617855982445374
0.40457591962018308 0.22257029323176108
0.38658149329502312 0.21283028990803282
0.61827835427841527 0.01635691312778295
0.00381959300059104 0.55658019171167350
0.54625760250340705 0.57284716735277341
0.61716712661489248 0.03344658702173616
0.78490550714291751 0.67412023849326719
0.55485509375015418 0.53913416542922821
0.63814918062080406 0.87171051506027608
0.37169337572172056 0.22077518427879020
0.95060482589395878 0.52598874501924719
0.37082079319946704 0.21555830516567615
0.54382286346616138 0.54279175884334063
0.62453279640623860 0.87587721244249217
0.64926255955313661 0.87727440498439813
0.82678353000741001 0.98602400157588632
0.39275806329942431 0.24791912964312474
0.01238939608401959 0.56675392055896678
0.65023493263059329 0.88115924376052901
0.36141759800288820 0.24073865266923353
0.55351260693436044 0.55849057432491345
0.55258444267390294 0.56894549334317235
0.48520377921215602 0.21828072640773682
0.57342637498118809 0.57628466440240567
0.54026559377381667 0.55026083302527928
0.97763286697097729 0.72938904803168425
0.50186592724500900 0.95902229855151555
0.95054098362916895 0.50716702624334153
0.57148938216133427 0.02056588244683443
0.77438679040559744 0.96281770366798747
0.97360727859297946 0.52993883281449861
0.97311735023458701 0.51922986445660080
0.46582061826073462 0.98622406425888220
0.74864164146903389 0.63874627911157200
0.99531016291079177 0.52400474785207507
0.53035134247263238 0.55101785649129909
0.75907210722918261 0.66148294285343257
0.47370021456888317 0.98308707674016560
0.77053179995540222 0.67492582406903368
0.68258663583557855 0.83932044733185263
0.51168109549765939 0.98292559441558436
0.76203789267648470 0.69126994340825321
0.02704072002925943 0.55489290025261029
0.00946810185200187 0.56808007414854855
0.47507727719942472 0.98166635257224955
0.02892846336816229 0.54697462300479882
0.01256739310859162 0.56933126360087893
0.47224502420457926 0.99477219684888085
0.75850409678699249 0.66829590217879897
0.56032494658302345 0.53399279657779175
0.36600277353236316 0.24228304325643543
0.99190546096392307 0.54038373583241672
0.99252114504571276 0.54646589414169300
0.36949072827342178 0.24653009174430288
0.53504489027003999 0.54729198759069153
0.48031145778929363 0.99071221205991578
0.80419610257294794 0.98239784385339113
0.40398648322283648 0.21550826823284755
0.00279774044651222 0.55363764471615839
0.75799791440825892 0.97551913781455524
0.76406527748951159 0.68877393308027324
0.52729659972377385 0.55865175282601465
0.78041120099547745 0.64988725414777293
0.78800700090781306 0.67396068695054834
0.77669937389230248 0.64918460199352990
0.39056044340536783 0.22163173380284021
0.57180323414718781 0.57788172363439316
0.69429044644911031 0.87609483572195490
0.56753196932663275 0.55569545139645582
0.82127043293083957 0.99725913394498522
0.46638012874664875 0.97432830152826988
0.67222222451831815 0.86756546696795844
0.80508900961899110 0.97101654991368602
0.02986533652879785 0.53430920915579194
0.76786535476235185 0.66781866985485128
0.65995366178731041 0.85653201780899879
0.75869299846625360 0.64519385159294673
0.95606113948001425 0.56748796483912356
0.59256196868584810 0.04209572035167253
0.50047498249416389 0.99038255194629943
0.59574942013322740 0.03351130143263273
0.49040655258794469 0.96880269987141532
0.97204244391560690 0.52298039767580229
0.00784333379397719 0.54740697642551062
0.66689869838632365 0.88203376250449617
0.58063540069799802 0.52583370710420096
0.55886720376898991 0.01215333598638908
0.34494547700641615 0.24178574492963956
0.74832950498243811 0.64409913205037361
0.02798426060928823 0.55984908948521728
0.96656631631963030 0.53587138711275173
0.48204760255934154 0.98529836963497941
0.75247671835986818 0.66238945705398711
0.77425496818803852 0.99170360735298391
0.02875932122709699 0.55289013925040897
0.03316909257983573 0.55974619726108177
0.76161131356618939 0.68545537130300660
0.78198785552546668 0.99287363774410542
0.65005643980615546 0.85196440893852843
0.48021838133174161 0.95807559312182766
0.65224685342880440 0.86826466593357787
0.00693322014468480 0.55748224134770774
0.80163756290099641 0.96059793354829581
0.96380078599610797 0.55613534300755529
0.74221002036186490 0.02520631617691212
0.98387691890754758 0.51761147090132253
0.98752346119596746 0.50376639095621412
0.69609864020030809 0.89075729893833944
0.65525731086212302 0.87140735421963456
0.46412717174023210 0.95507329163965815
0.38803548686164491 0.25089146933227607
0.76131974933309343 0.66023522654799349
0.37971764168881328 0.22643036237751685
0.53752400156483704 0.52725250941959179
0.80426119753798608 0.96283312274881494
0.53695917418224581 0.58725173917775964
0.46476625152804119 0.97900632512357855
0.67345542073475340 0.87481486382862172
0.60565380927910528 0.01471869418508376
0.53479126809656496 0.54486398883440346
0.35504449923611114 0.23125573704141333
0.68319984934850086 0.91801296180000747
0.36872235652897556 0.21777634541313864
0.63612347321913054 0.02939513228397261
0.05392152180145401 0.57753126250200160
0.59607760305353674 0.01357705406621969
0.82077151762602596 0.99086838122196463
0.37797640342313016 0.24423537453500943
0.80508360580056826 0.97332888315683297
0.80132254555185778 0.98851785986661078
0.97846951335552956 0.54747067406310268
0.81948843434247565 0.99373295841290432
0.60101237655880124 0.06746748439915838
0.61414144141925642 0.01615670477261063
0.65622443600781488 0.88505766098686733
0.60740774978395218 0.05747185137219158
0.74246451664914104 0.65136703946795205
0.63959745377545230 0.87651137004375324
0.62318287786307736 0.01599872121486485
0.52815454879308665 0.55268533775651829
0.37179610856928835 0.22426366965871236
0.96944288408904278 0.52431670607496694
0.52110102090008981 0.56510116279136846
0.31138610263329475 0.88052434910438315
0.48680985656755660 0.96651825416947601
0.66479810336815293 0.89202025169949617
0.54145968173021131 0.56071755451866456
0.02161957087709394 0.53109817842000551
0.95684028475841354 0.52214036088559912
0.76329380711122552 0.96669487797066878
0.49731748378881191 0.97623265553073690
0.67513187154961896 0.84198633699594649
0.58906948965918593 0.01796958823250723
0.96227371371655435 0.56214179429048117
0.77095336530621794 0.64541132699750803
0.76917886221088549 0.65672145340994836
0.55241883947879888 0.56410324455313665
0.00738302413646161 0.56932350555160038
0.78806026212663349 0.97437104075002612
0.78157107768573675 0.64816694613490167
0.02023543305525859 0.56224736413219301
0.59326412003592444 0.06519377340795078
0.75757940447587002 0.62633152511370127
0.55324579375616134 0.56695058484956962
0.01480177445013682 0.56612106263826456
0.67046928087838398 0.90718449848192162
0.80500952109011459 0.65259903359796501
0.81185752633422714 0.97573264005683247
0.64250421305601491 0.84648370151365260
0.75768534132574528 0.64502427065486978
0.60616857752403908 0.02266700300227256
0.74985790129653140 0.21359233225032209
0.47646722811475861 0.97472355334849625
0.55154656651804979 0.54682309237179305
0.77269222037852692 0.64502984669682195
0.02244683697472655 0.57873583985329546
0.53583322615317552 0.55472144439410409
0.01098192216678233 0.53807738695512730
0.78062206921398192 0.98020090559911699
0.96079875998018038 0.47974733719826262
0.61587691849364345 0.00337010300302536
0.68220091778975023 0.85797427585924235
0.04935566066416194 0.54234354018589215
0.49303021558041155 0.97793632725593849
0.75729027483494182 0.65437280039829049
0.47750602436077588 0.97992119350183449
0.48512390820769080 0.98270970909197874
0.75501589858441731 0.67199660812562645
0.63444640360434035 0.89823564182357507
0.46168554857897304 0.99186041924007728
0.39789908466841062 0.23064737132772617
0.65817462509952207 0.88693535851605121
0.80450685329830940 0.94244571643591235
0.57773697513441025 0.02583518326992543
0.83289121787638332 0.33060378198651530
0.79301365259281864 0.68523788959531984
0.73583673246072334 0.63538213114258846
0.80768389078009850 0.99166318843919643
0.47786825488050028 0.95322302128772596
0.47886667824558682 0.99100400237792341
0.44986392933527702 0.99999159733907306
0.96598593895294838 0.49212384996439623
0.36480066786458321 0.21705475156815837
0.03393054590003387 0.56374366955682431
0.06397387317566877 0.56736003716226857
0.74525053206753733 0.67597141441320852
0.67481126160745941 0.85728548224235779
0.57280979036716462 0.01544407344559175
0.46350929154297382 0.98921860595560973
0.56185284427176319 0.52986502944895197
0.66607203024484929 0.85427577449629954
0.01021591301771521 0.54483957989187692
0.80851743967880763 0.98244400293887446
0.61164787060854131 0.03943419373605916
0.81259389072006905 0.97886662034063443
0.61863839951133659 0.87759051122110998
0.34535726645989723 0.25359086748073539
0.35391711777114376 0.21673705056232725
0.79297761127709288 0.97258995916646296
0.75762593959358393 0.66341532099725720
0.55142650402449622 0.55090458414484866
0.53209506918570415 0.57174451268971538
0.57466905991937622 0.56124386685903049
0.40709857187000914 0.21184833654373744
0.81693804325061448 0.99887109950716380
0.27718284891696277 0.96223146897258471
0.81506667898018526 0.97952746798614299
0.55936017551378914 0.52985225939902736
0.47275557395326895 0.98856238808573160
0.57253136619186629 0.55348428027398633
0.37955256496970424 0.24793549343477986
0.96821772534627226 0.51596406002302553
0.53530043582278974 0.55584012551422324
0.55896248226348932 0.54303302577389945
0.51150369281842900 0.99789198152637049
0.40143635095549768 0.19516661562673979
0.92641768053430007 0.69508628765106639
0.00003081076379992 0.55095695691184321
0.38830389110932229 0.25960431896320346
0.57150678355502837 0.01001033701960232
0.99998632195266646 0.48271191383000650
0.68850288867755960 0.85337135965746080
0.06156510137192274 0.51743355865661300
0.78895529108296503 0.68610766339744922
0.37318489523941678 0.23964707242992303
0.80817917466732236 0.64696944355242592
0.97762745526018713 0.51348326993603954
0.57324745127466725 0.01685353897869069
0.66341072189615835 0.88902106525587421
0.58447410314777393 0.56595825334420502
0.49780533825459033 0.97358898018550599
0.68101224250030701 0.86401850363651411
0.55996875743829733 0.59656316694821954
0.39830504524889881 0.25193133918421862
0.49410861843420262 0.97647700933816528
0.57843096397042304 0.00601889185537282
0.57544615833300361 0.03407326085283593
0.76897618419010805 0.65556326808825272
0.67881693947414201 0.83874758287133133
0.01634420598272162 0.54309053559183140
0.66080783804325638 0.84823431128380067
0.48993461625077761 0.97238169374069972
0.76187033322379472 0.63879050245193969
0.99136359400921459 0.52648701677966059
0.00753826600067604 0.55409962525321665
0.00000022053997365 0.56084034400521043
0.54309561157924913 0.58183111913452557
0.98428566331581857 0.54739911478873293
0.55468378726356460 0.02368228452911342
0.76505482108553313 0.64848581713197584
0.99162857779772451 0.53364880736903453
0.64183488236593544 0.86826045193563639
0.05259545749993273 0.52792963130030301
0.36617283641884640 0.22898525353636273
0.59332376016424293 0.02915026517128343
0.04399741809033844 0.57188875210424706
0.00891073187053475 0.57768231595933139
0.01436519789173020 0.54065292648761876
0.49722731328296876 0.97268192029050005
0.60011808586763427 0.03339480979832302
0.55462121904831507 0.00783089216646615
0.97005399301337536 0.53042577941549440
0.39029424894827508 0.24116129152592625
0.56331124716281400 0.54598725744229959
0.98806995002592157 0.51956273248960927
0.93650284418721297 0.49974088766672686
0.54765472354696820 0.55720358315752139
0.79468118920752939 0.67249914601649852
0.46170358746495876 0.96660044712044735
0.56941290188331428 0.53688742177265170
0.47772834329664715 0.96986392520397646
0.40473939045792173 0.24117433421581022
0.98543327018471394 0.49220109655693028
0.56224523336793841 0.00651525121024590
0.79768904572267851 0.98678211972239005
0.01563414373977541 0.54254371719540329
0.55383806881758080 0.52971422773949339
0.38699083592782735 0.25429586862343384
0.99474860440783208 0.51973307836664129
0.97881971172996396 0.51935382888724790
0.96821608254533509 0.52555691238357494
0.52692584365144413 0.54931084601871139
0.57074286037586364 0.04203095775269001
0.81883615322084768 0.97042380738957390
0.01630653027299796 0.53816562217738040
0.60375521885267747 0.04239623641374368
0.65122027097864699 0.89511579682669773
0.99314949748325465 0.49034955926232293
0.66620100950300498 0.87290037251655350
0.77598731830797585 0.65419546107988580
0.03381444250371417 0.56590193397253508
0.99998579801525278 0.52191043426059136
0.34923946138532136 0.21093954107031365
0.38040222226516374 0.20280748494431880
0.60305830116492265 0.04921601831292690
0.51856295244963946 0.57300974609024935
0.96348319674672156 0.53204211820823588
0.53923732462293894 0.53887131387057730
0.77264738591270021 0.66868551181522473
0.37899120261052371 0.24050577001974557
0.76917980529491792 0.67068367994570088
0.98852789765434157 0.49677342683555925
0.03201152757006858 0.55749533079981706
0.01713209577163145 0.55069514463803482
0.58413076091301119 0.01336289590032728
0.02361318498201106 0.56538144193977968
0.50849447274280957 0.98204471578901853
0.66998533846316422 0.86531250571511154
0.98174845917649156 0.51237769736488847
0.50595365683442362 0.98292988182706797
0.60707398934392909 0.02010443509026135
0.79597403822054003 0.68431445695431348
0.40300612544762759 0.99999556711516047
0.52814610675329565 0.54523497741605487
0.99997079361668173 0.50292229479970019
0.59077927849715284 0.02839824983121601
0.56899861507170624 0.53956637044785150
0.76537030613928037 0.65475867852905945
0.35687188798755720 0.21891487459090631
0.82304728034648755 0.96027285517260852
0.78608959853282889 0.98488397311429521
0.83721442823250680 0.97540212479979860
0.56509704386391513 0.55002962476191486
0.85772590126077275 0.98038445083496883
0.75685749449929329 0.67955975859118922
0.57006848282122002 0.55583342359675270
0.65359660810745279 0.92020026010853895
0.81922976261518565 0.98333449130649098
0.65290953851337219 0.86195923947562758
0.62607330722969501 0.01572880263574714
0.00257913095369535 0.52604326136683832
0.57132926306129905 0.53700806580111826
0.48692538909986671 0.97422499128795770
0.77547025178848816 0.65074880403748114
0.63907261403893667 0.86932109060056040
0.69289147697599096 0.87185442873697694
0.79330527147881302 0.65295888531664859
0.56075741939543189 0.01056068863911976
0.56448745497170838 0.56784208817182813
0.60555247850791749 0.03886715161974530
0.46486882992453771 0.98821339448539547
0.48229081825625697 0.99164654535575369
0.78010416188873566 0.65474784957369481
0.69144136049088634 0.88022773702851587
0.69878401718997030 0.88905408881039893
0.79985478585795211 0.99120935423353396
0.59769091477251457 0.04316843920628639
0.95779681254703886 0.54016405255339039
0.56616444639245656 0.53907598660436640
0.48392436411551792 0.97618775424974791
0.75814307572358641 0.67300235298513600
0.79557428632715388 0.96322251333581455
0.51889763902036024 0.97594290060331690
0.78735887468609733 0.66370091215829097
0.99637168841887247 0.52441681159163878
0.38814542349960007 0.23487311677917794
0.65469269481940395 0.84146448588242717
0.77799540867737049 0.64531650438514443
0.60747514012314052 0.01820129609414452
0.55753037459996924 0.57791768471177718
0.56512089144046984 0.01535725599097939
0.55480456832426228 0.54149641086721967
0.53374671526916440 0.53604737342371511
0.42254283864501224 0.89766308466083566
0.67518009911700572 0.89013154464868105
0.00001070000375417 0.54493305166247374
0.56816103358776926 0.00670505393477633
0.65312430074227723 0.89028205033696040
0.74425528115951567 0.65300028560931134
0.81021627750985981 0.66068438665454376
0.35919957945593867 0.25897730607091946
0.45056410116268047 0.97636006120368313
0.54552176636509586 0.55275227560356077
0.83275186874036500 0.98590293849109290
0.59217332214808616 0.00869819415489040
0.02287944882332219 0.55865700245434835
0.36245059236385269 0.25922809675453168
0.61737336229152362 0.03069450035348558
0.59875799702894883 0.02115794819536450
0.38751377092446004 0.22733010963794814
0.67060871190554683 0.85839020856729153
0.97358613090887280 0.52884801109416024
0.34413074795841159 0.22210324711587737
0.65472035925526684 0.87252923006286498
0.62837516438562557 0.88590840225642875
0.54409041683527981 0.56304032856567088
0.59954814031022952 0.02503007765272454
0.57187492832826503 0.54674396065537667
0.81245094554362962 0.99199246255332096
0.76345978164741313 0.66820621779940781
0.36451580961131319 0.20046502722309717
0.54656347085723855 0.54854153690990792
0.77560639999312742 0.63101749171649113
0.95524360621777404 0.52909644700187597
0.03920394465815416 0.53029548825607775
0.78283944718626919 0.99582509631894167
0.98948342979645409 0.51695724995502268
0.00001401537840172 0.64040919533312701
0.48522836806421121 0.96708077538933646
0.61018618962005966 0.03969764312874174
0.79677766792121507 0.95215198704999238
0.55411858934399849 0.56176911086474124
0.55143797288304297 0.56194569586507048
0.05462734908317942 0.57255041672729168
0.47375203298902646 0.96625334297370546
0.76066476674634720 0.99998575691816516
0.39248722462554930 0.22675769018426373
0.49963613292304021 0.99498493697829926
0.64703649477986647 0.88213669960602081
0.49359815873351265 0.96237154344760456
0.61112378705878312 0.02451515680149181
0.78468515456296806 0.99999160146485178
0.77254987804267339 0.99092249812894861
0.52721295100578491 0.56253907184938867
0.94605836618093631 0.50274118771573217
0.79546109581693913 0.97049177178877355
0.39865436203151794 0.24786900453616165
0.02663685475775460 0.54319435196346710
0.59239050452130848 0.01093086820969621
0.96934215412474112 0.47955204141484903
0.80466857084496579 0.97492523484941307
0.65416020525747121 0.89561486808973834
0.05155640664533703 0.58252147910641050
0.01559533876513759 0.56384953993676834
0.38095879118377085 0.23871341278066305
0.49142965105403152 0.97642427195568393
0.46817832880576693 0.97998056778583398
0.84430850062282725 0.99489040451851929
0.36140442970185083 0.19993722794056012
0.80528419004141438 0.98041860316980678
0.04901218254333857 0.55485612849355803
0.61226358412095760 0.03510485083002798
0.37984818147452493 0.21857019667841432
0.03627279450985817 0.55697757410326976
0.01449219183440274 0.54943614288504516
0.59972369038906559 0.04751632902746009
0.81401521185878778 0.96958088846685753
0.56376792923896968 0.54327327860456898
0.77130292673086931 0.64303929916515035
0.59271567690414129 0.04835022525612236
0.38480385269295025 0.23911283246692105
0.51122362164751012 0.86526414691165132
0.01497895510085828 0.56397162065764272
0.97919390710306908 0.52695179689783478
0.55283378818299711 0.55264480694860607
0.36149840257314392 0.21360950672646573
0.79038494719557106 0.68950970243514409
0.49973281407578751 0.96841050872932999
0.53174272439046533 0.57749837891308264
0.99104574579241966 0.51146599970693274
0.35306009747794964 0.23277571910641043
0.37632176937951922 0.22707141111552989
0.01039718569922735 0.58297864110930953
0.54552901399615983 0.58899334645473489
0.80613082328032792 0.99556231731951561
0.44745669088555601 0.97945200566076984
0.80565258666437445 0.99263127638970350
0.49099409009706158 0.97546020089116792
0.68614008902791035 0.88158359119961149
0.80264011263733470 0.96234223201678981
0.48544195392135919 0.97174061698954350
0.36682149108106732 0.24480894610721704
0.91139512920070509 0.82366851370700489
0.79038615499979203 0.97621871102772317
0.77228612103917749 0.98183920622461207
0.04231724400851920 0.56808115949385085
0.58173251138806970 0.01526429805496320
0.48001505094321734 0.98785243199168393
0.55165765055089400 0.54402142754390426
0.75591746677529814 0.64917253867562608
0.78619705503935911 0.66087863469337660
0.54911046206547598 0.55308622338187596
0.49448227019446789 0.97520731244053649
0.61783869207133402 0.01192682494481417
0.38321451001938894 0.22581234462899547
0.57199497333021210 0.55643260160457331
0.01350004472450995 0.54862857525938169
0.37535982165033061 0.23084195284111794
0.58402668924305978 0.02442849159358485
0.59805076294475390 0.03681773758058082
0.65733830569793827 0.87923692417551180
0.39645993429148585 0.22943132233097499
0.56731266061344376 0.55700671005227276
0.45319650535854994 0.06203060655086347
0.36891143983673680 0.22577664774525749
0.64633245160687935 0.88759959177067593
0.96954357030198113 0.50847222302125528
0.74593228251346577 0.67249339900195670
0.54272239773226882 0.55113448960136580
0.75447300460237143 0.65016145859360730
0.76675565419911673 0.98354570199394331
0.60407494665932993 0.01923991484828794
0.78549000164533778 0.65027079387581843
0.00508894387432246 0.55505763423250420
0.37392269849681919 0.21176293619064346
0.54689580559143247 0.56155488281768007
0.79891478106364955 0.99718758985676259
0.48078308305417855 0.98780673016024445
0.52176464851140136 0.97499740907574850
0.64249362623924844 0.88337465194521103
0.51388687379291642 0.96027857657169147
0.77317696031763938 0.68026155154792478
0.38334184952843775 0.21665975936625012
0.37562199015418091 0.22528888531970606
0.59731729034708403 0.02659558221373735
0.46880063329832389 0.99395757510510574
0.52272613815348956 0.57504121268290609
0.56757897500142751 0.55141352273534860
0.96025204375932494 0.51425864708208469
0.67443627850660148 0.88926787752726855
0.55781146894437483 0.56350125011225383
0.49867067221187372 0.97933429938600125
0.57158941788337148 0.00540281204965131
0.48318714801405294 0.98188441734959975
0.54773168299324437 0.55911993278810901
0.65834667913701328 0.87432310622010623
0.76759816031117278 0.65647657053971686
0.80490050628497944 0.99596308711646775
0.56840926946103487 0.57344645968849639
0.58379338110281676 0.00198754703179175
0.64819814290738009 0.86350065025361977
0.77643681744376380 0.64501167429397188
0.53910337320926272 0.52239045624719893
0.93091216872222171 0.53939413411960413
0.00561296584110771 0.56696785703414532
0.47338400139712478 0.96912740182359269
0.80904356333662808 0.50046340456734451
0.98727133138932766 0.50738559775509429
0.38660200524472088 0.24001977263201157
0.55393316709010687 0.56034900766392248
0.78755809353773243 0.98794114308342840
0.65908562587603392 0.88449358743467399
0.77194225840570141 0.63071208092574238
0.98799934270462342 0.56263063494825383
0.48665452883628657 0.99566886207706085
0.67535846498280727 0.87437888485501913
0.97166180020404380 0.51811336685463683
0.76534599341456033 0.64334798401993543
0.37874545658521269 0.22746709584811808
0.50374863087479194 0.05644634299742602
0.36793323539733869 0.24193507200811010
0.37366191756982248 0.24189259611249930
0.65785100618259429 0.85846586559914595
0.74036084593117046 0.97557262295058778
0.77490103647536990 0.66771479513550380
0.55600646157915723 0.56634846909859904
0.34883451630540319 0.22676579312341172
0.59839558964319517 0.02683535632678468
0.55837253196239900 0.55455711148910269
0.66867523323596090 0.86413036848953517
0.53679781517573055 0.57303761906969441
0.00006301713234290 0.68210184274602548
0.44710782062350907 0.93714161514952710
0.55057882495038202 0.53006405459250394
0.81575955240971454 0.99794121434176708
0.37929363928441945 0.22441879400612089
0.50162177218062010 0.99600634210070438
0.76850161754725943 0.67529028438896488
0.78708332402113967 0.97884793131953984
0.76667245605491108 0.65935480275667502
0.54533995657493417 0.57440612268053748
0.57785483217339040 0.54901954034901990
0.54851382995208064 0.54289286319406038
0.77078963836941072 0.65475033516745640
0.98398593402598544 0.51022701766433831
0.58421419038153699 0.01143393623385721
0.37252186841597462 0.19915215455388016
0.55896754807864601 0.55903802885343523
0.02091307111860297 0.50390119878805917
0.99135238862016384 0.51528771293129727
0.98657509141139010 0.52467358523201901
0.75181620605643373 0.66869914789506890
0.81343156863656874 0.98086960138006385
0.98399115234419354 0.49102827508933011
0.77564808631400406 0.92768131880950322
0.66251160982682522 0.86737386071190381
0.35684180885865413 0.21726978002446409
0.37741370073355740 0.22731975939913179
0.03844031637792897 0.51286965975842802
0.99005771130284059 0.50638294820947316
0.97441934757347970 0.52311721181656301
0.78229964657942863 0.94587554497091486
0.99998938980103858 0.54206298684999643
0.69219173141194801 0.88972943831533347
0.56306627338066573 0.55995655579021264
0.55214922469587935 0.55284893006093583
0.59258115867548722 0.55673700147159100
0.47047904302002663 0.99364157866151159
0.66450849515191013 0.85454257029677527
0.61164901989469278 0.03305291158334844
0.86786762566088971 0.98304429772401458
0.57057805148579366 0.56499391243535091
0.55979498574825948 0.56647910768162424
0.35446278163232964 0.23984297682899292
0.95946588980750813 0.51931015082939569
0.60652375894754540 0.01048427615066159
0.76558248183134214 0.66351711817026138
0.77066466760573848 0.63221294217928981
0.39029453079121501 0.21715933181272215
0.47496857977635021 0.98635539986447662
0.01551227069185603 0.56783023338232619
0.80405993402762965 0.97367527780623686
0.53996851526829481 0.57545258476475025
0.48828332012728709 0.94209534180158427
0.54771210800950076 0.55317757007871471
0.37824422388192791 0.22565732153398566
0.46317492211261990 0.96808601354525403
0.00969646330209670 0.53805841512049302
0.38182534041522609 0.22825247018693465
0.77889375625132518 0.97944368787835145
0.54693688897880288 0.55564480508664271
0.57412625600226441 0.01576745903145283
0.49906831244318750 0.95597619255248334
0.49244251433854980 0.97541840435118632
0.97892130317906934 0.51764742680320586
0.37457037317279429 0.22706419772062447
0.77392748884651374 0.97525077740409283
0.35718436675725063 0.22086127413683240
0.48698625113314459 0.67576066466716178
0.77357087212047793 0.66020741205283817
0.56208384767222530 0.54078435466236863
0.60298244222369757 0.00736703572754858
0.49147198641982442 0.96792564622118615
0.48853239993362751 0.97524186693881232
0.56837607548330349 0.06681885348087861
0.59367858003500640 0.55239842903450975
0.47564803649074894 0.95417998946663041
0.76921238636608114 0.64363261295441399
0.98391168366933113 0.52743706207340180
0.36578995748100174 0.22383589349490787
0.68016924358846331 0.88958596023449577
0.78306709625755533 0.66979335814649910
0.64628151271472845 0.85270728173006827
0.97155357906663076 0.50219394721923261
0.99500626610869525 0.51356365764711520
0.76210061078898972 0.65453692597964508
0.47558652553562314 0.98010985070193646
0.98498787133058796 0.49337765521392440
0.36435789955035308 0.21615792635538614
0.81656925948426373 0.99999930400353476
0.36888694786885140 0.20914905349165436
0.59401233848601676 0.04032315981872082
0.49048753982871723 0.96445283382865776
0.76759297983762798 0.65489981883277382
0.56085971004351842 0.55881567229848905
0.59384020333125687 0.00255663440512620
0.77188584101745350 0.70727791248140959
0.02523716812827873 0.55756356801706930
0.36764334147996808 0.19189341929420015
0.04058321783708879 0.55052935613395670
0.59762539217332411 0.02560459129393509
0.57498825500669870 0.02124806527485867
0.04218554471104844 0.54787206765764129
0.38853407476906909 0.22605911770029458
0.59452309155224237 0.03709473516038654
0.01109630694866490 0.55008608189666419
0.67027632401670623 0.86820781063711561
0.01257991712076461 0.55005166030201746
0.50120239225184149 0.98913713249794577
0.96935487149119071 0.50101031262057560
0.36264311950594602 0.26524897264606651
0.04004913067945323 0.54807725116408601
0.61269739438235704 0.90294968787499674
0.81721666817662020 0.98107599519818933
0.66333138804159075 0.86350732769185234
0.77261434467390422 0.61590247405696830
0.33854331473322646 0.90644619004804483
0.74532737060414000 0.64343031117445837
0.96592399155289121 0.50994757130942592
0.78160652519714779 0.68196096753939672
0.80525051258925240 0.98172971119866137
0.38444513137712161 0.20190516300313424
0.54830782237684161 0.57899623611305817
0.76168768332278269 0.66310977825666451
0.76947636663277308 0.66275194912157753
0.91372514700837226 0.94640090192342496
0.77223665869905578 0.64859309507187057
0.97863572272238308 0.53350178092566047
0.47772347409500571 0.99756636916669039
0.55208327179627192 0.55773199367294957
0.01063457503292928 0.54103047408241145
0.57567319754276203 0.55568309498788482
0.67276142926737448 0.85212669182627565
0.36103929832148118 0.24563154468105963
0.47585413553147232 0.99866027707989613
0.76302418822491591 0.95958417345104730
0.64605004327107540 0.87811344695807880
0.64845585198941458 0.89496129890816378
0.55357064317035176 0.55652874135120434
0.37185813550389391 0.22867637973271182
0.55156323272196894 0.55493552225443654
0.75487947678637091 0.67396479386013874
0.01104399847297518 0.52032190319273686
0.62593749550207500 0.88495102802676229
0.22330327770234570 0.56379470165363488
0.55567171441921681 0.54793757889538297
0.81755607464596436 0.98984502015625397
0.02271896176832619 0.59781510052607967
0.55241001753577379 0.53906157850077119
0.35353365480046195 0.22412692430721801
0.70318997070149303 0.12232583452849993
0.01007495528903891 0.57507224759283115
0.64080529112250106 0.89470612131028027
0.61963089559415752 0.00851137616395261
0.97263315838144049 0.51158685713736540
0.98168704869306711 0.51086849642642007
0.52180263225007728 0.00000287161186013
0.51767845234843390 0.98444425303448324
0.00858029865529343 0.56470432882237187
0.58533613526413064 0.00889076441902421
0.66490848243368361 0.86529053801194722
0.54638397442716202 0.01529060252202061
0.39173371120454437 0.25282379940765060
0.68710917242378433 0.90105528505678412
0.47800989773014713 0.99999651107150278
0.78298570565157588 0.64726742560039985
0.57817152500177615 0.59458953059844277
0.98232086910633032 0.51761166488153076
0.55516790764020885 0.55972343759523868
0.97308611900255693 0.52333722875599598
0.79730152421907774 0.96842978711047123
0.97136136479994895 0.50541161743939755
0.46319024279256971 0.97936498188416610
0.35214996494223744 0.23007876554179924
0.57688151513235619 0.02699524111925997
0.36485040172962974 0.22963559181805274
0.02266603833169656 0.57241687253769535
0.67356343578578226 0.88304479708870787
0.35436080352482519 0.23651133576983979
0.53857437601876212 0.53998185981537838
0.97813922809561760 0.50705549623723212
0.76433452171067784 0.65379738633430573
0.35594187670128252 0.22624974975091422
0.68816249569135801 0.88470523580912830
0.00341148444025240 0.53945183284444853
0.02158536833770361 0.41374181771758278
0.98798992481141790 0.51632227099090244
0.50744586879976994 0.99355265226986467
0.37146311257734699 0.24747526154511618
0.80186669156233670 0.98709281545942618
0.59108958131215095 0.77774425888605858
0.38438261117508898 0.24556300909042209
0.78343408182634433 0.65666348747631031
0.66903251184240708 0.88027591245555681
0.47606426636484028 0.99754675553567229
0.82083863641561239 0.98042061318097118
0.48235191818339629 0.99365025576276955
0.77569312131896639 0.98239449533051926
0.52465997653634766 0.04998648136368873
0.47222739122387508 0.99225251463472697
0.47009582352609736 0.18497970832263358
0.75562182690636504 0.63769311990768562
0.51268562584322996 0.98668950332109429
0.01826086699444913 0.56372989250400007
0.01828404567507103 0.53965063489311560
0.78806874408588357 0.99101254408855244
0.79295119443561024 0.99451349206899187
0.55471799954882328 0.03056227012394809
0.48009253516066208 0.96127616863329646
0.66163776908330396 0.86431913282798800
0.56225932261526435 0.56657321011122364
0.66795771774982537 0.87771346946962614
0.58031907178280795 0.01836702942553399
0.49000440768108899 0.99398627855664556
0.02714395786913074 0.55221041823755634
0.44446889184902327 0.94677846057533599
0.03893557960842437 0.55328290854739792
0.76337634957885991 0.65634929647085871
0.81632409783352633 0.97804648591639598
0.98873051627228126 0.52753845016787437
0.97983727703281198 0.51280375738077211
0.80196873301029248 0.93874319464272749
0.56723136548577358 0.56262766974926048
0.46269329870074116 0.95625328207068327
0.79432160448167521 0.97369873587637490
0.53870496966631132 0.56989593904315605
0.63772746407220771 0.89250843796609836
0.36834554893292082 0.23636633657369149
0.49623566207130110 0.94890182231006603
0.94156693052960472 0.51060631967608927
0.80007449214157600 0.55043987176842346
0.74303366343115329 0.67186451317747042
0.01767211725802706 0.54255793931910257
0.36698615191930184 0.21829948020272208
0.54775765987429414 0.54071820752576938
0.63648460301937793 0.89625256980868084
0.38175831618095896 0.86410104682420175
0.01153522707585764 0.52911157134183717
0.79900034128916575 0.99327935567774095
0.61976124268533495 0.00001341668618210
0.54305707950547666 0.55949236272774161
0.60214706585443578 0.01596163893228957
0.74511415259179314 0.66848020909694350
0.56556827083212069 0.55837508147803716
0.57441255384583856 0.03541736660147064
0.03209542647315152 0.56353195812964374
0.76535701103155840 0.96932446514683734
0.44620725963689872 0.97608722348055477
0.00707934934825337 0.52852308743546617
0.62135418986875057 0.86925253094421839
0.69125335400433963 0.86927512611477642
0.67102154908598644 0.87334905132804752
0.95766160832562663 0.51901619492392992
0.36274255249120646 0.21774645624402370
0.52501580728419517 0.56340548260273826
0.34888726343283066 0.20873830522802969
0.77022435996066152 0.63667567824377447
0.59102030486129686 0.01271613905125902
0.73742292239536866 0.66173255531179553
0.64280920168264510 0.87389574590731500
0.53436495630244496 0.54064540757350654
0.35073563206276392 0.22591410808184653
0.58998720257173365 0.01631078126102445
0.98716377256362831 0.48303423622051178
0.83508455770965673 0.97081327424576891
0.38019772974955268 0.23782332059980915
0.65640888038973000 0.87022878313146057
0.81317286622489782 0.96064638266841629
0.54712775974865224 0.55180691959419947
0.00319537426754371 0.53796011067470462
0.61499739449017377 0.83733864518345635
0.75997135633845692 0.63287401001747889
0.36518762931719095 0.22778768663488527
0.57634974542491957 0.01576033087210360
0.74457213896997188 0.67125020612499875
0.79993116894633165 0.98567194907743383
0.70082024405453913 0.86637001177167383
0.01781468579642415 0.51558358792588255
0.40859082796117380 0.22858469181299060
0.76674274609316040 0.65613559340030392
0.57415371313257768 0.00981592507413464
0.77928767397673515 0.78488822233128241
0.58417493024998857 0.00927172451471079
0.77994449602113480 0.64026887489371387
0.61254005057840033 0.04068465394612775
0.76153006557148184 0.64228595092425023
0.79093365971365015 0.99298298289925502
0.99774400985301115 0.53907559297931196
0.53899325331358916 0.99997435946511570
0.76583293577346101 0.70632014516589103
0.59067441263281661 0.04411940442773067
0.76010570358802609 0.64930096419629846
0.03399991102317459 0.54820455837080218
0.63838154025437222 0.87692734457613719
0.57268377321422970 0.53840688782685209
0.03629475791211257 0.54877355705033104
0.47894260955084428 0.15124333667665399
0.57288471339423774 0.03766838482072738
0.64382047770112694 0.88355560140902833
0.46848451530608359 0.98309702599605653
0.39092243696799472 0.22743784512966736
0.97020947819370118 0.53576979086809573
0.76936864561433516 0.97738724313655023
0.00827839367162829 0.56371805657555873
0.95390560532925139 0.52542668135652992
0.63970653036660197 0.89975876635995111
0.79267717049146580 0.97692031663528500
0.01941482920454739 0.54549066916515498
0.37383776991507772 0.23063322026897495
0.76368189742158965 0.68256304362441833
0.59673971644994284 0.00532613195897629
0.36143920590237572 0.21101716572292165
0.47078849010988455 0.93636247967083774
0.80896901594797388 0.99563169801137774
0.55839284466656514 0.53649998845615499
0.56126491897427433 0.56135179572099159
0.76069477203946201 0.65886995585808394
0.66193695575317379 0.88081927464901011
0.49530193360412356 0.98999044227713828
0.08385998887961578 0.55060175242689613
0.74459844869405833 0.66590702678751701
0.03749705979737696 0.58711519449368998
0.66490360724946973 0.86609065273469676
0.58341398857090021 0.05338197169636857
0.76461530812969336 0.63588833129714606
0.82523462067536313 0.99625084558068544
0.97525184299334300 0.50010553333682273
0.59958035418868805 0.01737910954254673
0.95893901012600069 0.92299041606850907
0.34918262717639403 0.24976681706381201
0.58216970193603890 0.05044806642989116
0.76264678398876296 0.67455663919960751
0.36183077446730771 0.22591410897352518
0.98633322065267470 0.47923786659294831
0.76747235298912519 0.65075975984436996
0.02617244460519564 0.55437801279026078
0.97155001349811410 0.50770343368504178
0.65396571335816434 0.85342345649499429
0.48608193031044516 0.99012875608978512
0.80824149820622893 0.65140729843431355
0.80615991123276887 0.97440746389405986
0.80958193704001191 0.99645424291857865
0.54921616813439089 0.55867497783434383
0.98385975967569916 0.50812327167524574
0.47639525760500179 0.98732156960113071
0.99122310772764122 0.50505579974852788
0.83851533326223016 0.99231029518925096
0.01180818482469262 0.58090376985047543
0.80313403191244581 0.98349144137144684
0.99250654040165054 0.51191063198648479
0.36411027394165857 0.22859429797441350
0.62148479828818548 0.04050267555872703
0.84424731349787241 0.96798756804833430
0.01120322819452483 0.55886740218587139
0.81486015288928937 0.97596379060739313
0.59424521477480841 0.02890917441159400
0.84291364237151023 0.97713381381914832
0.99783870231650640 0.48926840232656921
0.55617860806525377 0.00832916278919292
0.38559352770500704 0.21385047057037124
0.48781331165226122 0.98772621932164661
0.96917729067819580 0.53456983604987762
0.76710891684145766 0.68453855168688016
0.77335932191339085 0.64903158298593222
0.96656915725728965 0.49732635070287845
0.01132613311407635 0.55842233621184068
0.36577572564735306 0.22838836560189593
0.67367914010839047 0.87683843677761220
0.58388098636925390 0.00091235267916332
0.96531490679812781 0.47796520434713768
0.65347008345813151 0.86296144021948051
0.62027338460657544 0.85056864148849798
0.67647994388118982 0.86951310353743338
0.56446820157442779 0.04705002961196327
0.80269242157380039 0.99111010998426219
0.45520372722534819 0.94969929357625249
0.36714549474124530 0.97095884085859419
0.76926914797643031 0.65918683056607952
0.55326379151714389 0.57925883694061941
0.02518085223727440 0.56208609413683630
0.77833728181530848 0.68773117099935888
0.00583270383707573 0.57012448696850482
0.95439195139111432 0.53086351770337614
0.36331610242995582 0.23643672974100696
0.00622317317111083 0.54211801508918911
0.01181784589709208 0.56117312509416439
0.01607575714553333 0.52179548078375504
0.97879301920161821 0.90517310003898044
0.54802009718828482 0.54787698460748457
0.36798685428913946 0.19858869864086826
0.02118581261922012 0.57208186792403204
0.80889965036217781 0.99088157271895227
0.78745765422572156 0.64905949036163946
0.82963592312097934 0.97040540936931807
0.65280975703852773 0.87049866191683378
0.76779930286188969 0.65934812857232394
0.82176999778840965 0.97877787673222638
0.36180686714818605 0.23540776097553556
0.49945491763898486 0.95366389680254859
0.97614092950963149 0.53742013060397886
0.36140205800320319 0.23854180297035701
0.54435730782252911 0.55320399002359411
0.77836087195403092 0.63811264352377661
0.99657584748593220 0.50993319627239053
0.55033979656508925 0.57429199899533601
0.03840510072628413 0.56860758918899934
0.48482189835762363 0.98775030540221609
0.57931327113022923 0.00000178608843704
0.58601201057624153 0.03519202842796042
0.57317690135832700 0.02968726367291938
0.79637562006532803 0.65828924891650709
0.37164834363730331 0.23190314139686977
0.55883827255937191 0.04367996755526694
0.97124073695887536 0.49670144509593206
0.65303597665282898 0.89178395275808076
0.48948605450569760 0.95974623557986061
0.47986666229903630 0.96596057745373565
0.66366037951709200 0.84024837141080266
0.99750225416620186 0.52402130843146599
0.59648728981702748 0.02529690721789109
0.75599739122338216 0.66164050501900207
0.76267594623727653 0.66012569832355050
0.35678168848048136 0.22783921484738592
0.55630581604505303 0.53486334751479625
0.57185263764020366 0.53517009334737420
0.56916000977024883 0.02428821933350565
0.57955974809310906 0.05714704309428313
0.74224778138876979 0.64102724366275321
0.74711937330343714 0.66899769799640219
0.34549861398927256 0.22833850090564786
0.37005186642897692 0.21062651622201867
0.00617469040772997 0.54440533714248163
0.97702930633084561 0.51798860678253333
0.66183689327679851 0.87157088262423532
0.64723713859202059 0.89791422746057714
0.59970545511496554 0.03677852040781757
0.66332327177227235 0.84544175008766320
0.49930130645350396 0.96441142951385905
0.61305262111048264 0.02941131082082887
0.03199876309032754 0.52811527429240945
0.60251147912607872 0.00002994965017118
0.97821972454591866 0.55408441472665182
0.65036304106740406 0.88287702376845911
0.57858621299131063 0.01773056438998971
0.49071607051897148 0.98811024115446455
0.38531087916969919 0.25787814950425042
0.75729185338995608 0.68403816947826002
0.37627414454243269 0.25451104588705697
0.01935520195467012 0.52665851218805038
0.37158530433121506 0.21454877586459378
0.64855126055282419 0.89779314431858692
0.00000784468932962 0.58721122425918437
0.80595011229491753 0.95752756841725528
0.01625661282968613 0.54601364985587464
0.48531050455668240 0.96888380900837068
0.49679935371254935 0.99277908328051256
0.33834308312494765 0.22484739406017920
0.04284871146350878 0.58194655741952561
0.96458115369969821 0.52390306901712425
0.67960671926800753 0.90607371112313484
0.68901776400361581 0.88682316830106578
0.77241784026108518 0.98003161110143699
0.75503417516563343 0.64425462680420253
0.75173934680145682 0.64775530344270071
0.63681937725636439 0.86186288677762923
0.77321979132423968 0.65773651067891425
0.82704137468570127 0.97523324061100569
0.95661125894988097 0.50378654208943174
0.01344373024378355 0.55825373787613486
0.65829395038622829 0.84944561950144459
0.58900534021565698 0.02290430661394693
0.58032592773161207 0.81795656437179531
0.36459992315984141 0.24302789176457942
0.07348154895298846 0.56188689242430501
0.56446802515968619 0.00903599289836919
0.55099575799975242 0.58519727573510405
0.78094773726444300 0.98136197628109123
0.72689946841955011 0.65089779539091153
0.56921741965879191 0.58272867150369501
0.01262031206613363 0.53070333838893546
0.48742760596252244 0.99999378307037667
0.37300959250415483 0.22685053384480081
0.02384782783229403 0.48455368648652353
0.49182140483977754 0.98853251411205112
0.00563192577173461 0.56424242241098976
0.40928985438639154 0.24852613542914195
0.46576235856673398 0.97769171926576093
0.77274842172033342 0.66689002328208791
0.47792143451621422 0.97150062747416577
0.59951552465159830 0.02203104807275181
0.35358186926815766 0.22843596107454700
0.29913867452923060 0.75395891548661242
0.56472223876337269 0.53013297240769253
0.82716733262046571 0.98243639089608803
0.80659134750808825 0.98354063247828161
0.77739404023906389 0.64122931843619324
0.83268662521626435 0.97851782945710275
0.79631781402532087 0.98923691410376124
0.77495793622562648 0.67621018456164350
0.00725045919749469 0.55488274687726735
0.38725424022132859 0.25175397332246563
0.99555820951984564 0.51461374456829978
0.83099767760755605 0.36841908064032552
0.56070856457786145 0.57939901476536060
0.65582226107439012 0.86786662059733299
0.02049252030677682 0.52239046548996659
0.36566194060466028 0.21174854712238006
0.82326410600125932 0.98777882210288204
0.59798101497726242 0.01962128535173272
0.74264416102321396 0.62900783871243215
0.53848417281082617 0.56707355501219692
0.38047267300160692 0.23486160190022198
0.02953331010630392 0.56509709779150719
0.97460814639175142 0.49449833113094283
0.55566796863982892 0.58437229382348466
0.58791383865470981 0.02236978297785898
0.78993164231083701 0.97874792864832150
0.53163312305072097 0.54756199829630681
0.82666089007688592 0.99996952383785176
0.55578307746174815 0.56510869620005999
0.45799440497678845 0.97058595986427099
0.80926996851493671 0.97321837362501018
0.79944857078761422 0.67477768510630243
0.67010519209429009 0.87347607081674083
0.03474149635841071 0.54501393720711488
0.65512477147983561 0.89920294325626160
0.78885746854596284 0.66939235266716646
0.78272777576281649 0.64959548860564365
0.80772500689570592 0.95149821883589469
0.38366070711591449 0.23497738459885842
0.82541393152668296 0.99125820463539982
0.37992955613451668 0.24078894153086317
0.67389941206722814 0.87400267728067205
0.79360810870571952 0.98078816580176786
0.00836412403687781 0.57062007523818326
0.45281469856779549 0.98691869732029736
0.53469180153419471 0.55262203393936793
0.38670018445466969 0.24751141061505449
0.38340033302481080 0.22144787233392266
0.02580569696913280 0.54405675684001620
0.96553156691538944 0.50879940793264211
0.34960422858803525 0.21785518930872061
0.96598586818653343 0.52630803669098591
0.48359076076005197 0.98954336643223884
0.66667808758101987 0.87164250536126331
0.54768524739577817 0.55469280981543567
0.83036369203179228 0.97722524343661155
0.51077694469044466 0.99579565831018702
0.55678293553206759 0.57683434841905956
0.75888416202486420 0.63674634103741701
0.65426165833822447 0.89091811531776921
0.55557148835581549 0.02818295810928889
0.68226036772047360 0.88191913409163702
0.56682815290887223 0.57829017332952948
0.60319335667313112 0.00387004510304743
0.49012708821414142 0.98426406370422259
0.59890202815125593 0.03263669468437824
0.66191079952533294 0.88413551921530209
0.78805139234977450 0.64050703521822061
0.95815654390797866 0.54227531997619371
0.76629985287966773 0.63195050942874709
0.46433721577033821 0.96952073264211813
0.67265617225709506 0.89634007991180698
0.54853587045509256 0.56156128599089128
0.58138493542483571 0.57600543188073250
0.55708098802898554 0.54755815647540662
0.50340114015220772 0.96146347103512175
0.56337708625976934 0.02541820715588721
0.58259480183269663 0.01564187812349814
0.59058239558107184 0.02201101103610019
0.78569606388317170 0.69603348371284091
0.54850402124632180 0.02828062768418706
0.49328347255676064 0.98254361708138893
0.01079787349409089 0.52735451359624008
0.68249261212559309 0.86474937818703301
0.01582910623763098 0.52369448520627682
0.98079889042458601 0.51157294126382424
0.75090777334750491 0.67427107017610022
0.83036054645707424 0.99295588590660500
0.02120945659377438 0.55780978052389307
0.03195477666928092 0.55043145727614651
0.79647865629109305 0.97442880259258280
0.57353195593106310 0.56244011946853434
0.21941361642861645 0.72833918780232110
0.77253472957570957 0.97767106688971894
0.58982071896704236 0.05231109361267612
0.98397891918215785 0.56543980228172896
0.54662723668334923 0.57730033618378329
0.55686669429471547 0.56557247408694378
0.37123729359778812 0.20588963934057694
0.75674860246373188 0.64201127740988995
0.79894877592773894 0.96109833730624072
0.78765493004094567 0.96010079913799373
0.81043975841865235 0.99882151154968180
0.58949090522823167 0.57603247838356997
0.74343853459944464 0.67795397939348190
0.66359795795441412 0.85724566086267029
0.37103193345804319 0.22433921087593375
0.59644178002951243 0.99999988036507259
0.39132080364170091 0.22313422733067162
0.01681197318754037 0.52548029407383157
0.58276719823594447 0.02950407426852498
0.53322532553586832 0.54984271162598364
0.97359684995416496 0.49546100357968736
0.61120055023099451 0.01391437698090081
0.45842069357666204 0.98567988196405520
0.58245578654551433 0.00883083181489433
0.59258754408425407 0.01842508053183370
0.70529166241058527 0.88476406943858488
0.53023830951318796 0.57369195380064086
0.57069728934459085 0.00832435385560631
0.73663477751534823 0.66691939141629808
0.02511466734330640 0.56307455048634569
0.18478581584721882 0.68587630984899750
0.02817679185427659 0.52552005188029838
0.37670000529031067 0.21761378107571072
0.37535928616166825 0.24514240635995627
0.66781012432817810 0.86447319716696225
0.98828811598256228 0.48941379357144366
0.01992581328847898 0.56346583791730420
0.99816355606664420 0.53029142869016177
0.98799256757547993 0.51867900528763899
0.59976578068143638 0.01470979268458848
0.99137511162682246 0.54548667330160072
0.59385019798647687 0.03102440153090675
0.47521697767389587 0.99409637155913944
0.47719806304443241 0.98431367985752016
0.50181061791889126 0.98187901950560885
0.74315482274600619 0.66225048632866423
0.55127860587972388 0.55436009027778033
0.79090427573494915 0.99758803188275913
0.21149117079752361 0.52869342583277534
0.81925503588945303 0.98035080869369173
0.38554785718373036 0.23216175034291442
0.98449441489300782 0.52644964492556401
0.74375689596791972 0.65688735161914169
0.48406662082211821 0.96436188371223364
0.36043900784047489 0.23647172453795448
0.65262451862123261 0.86521387713429543
0.55080504032058308 0.53306019904484947
0.56381897713127460 0.55722586234504334
0.49281936438178248 0.97467489508219030
0.37807739371545307 0.23677486528776157
0.48628425085326155 0.99999789675761008
0.55222610909116121 0.56772457041177138
0.79083759722755520 0.98204163189144744
0.84027550868951484 0.97969706380098698
0.75868941078406416 0.66725686464590661
0.76129346023158495 0.65671505483002235
0.80124816389003284 0.67609285458790558
0.80037620869070503 0.97715229942874748
0.52741485000472221 0.55633698314303537
0.96755312137641669 0.52406208038184277
0.00172734186308378 0.53039798127130355
0.66019123801051205 0.86114160499289283
0.64270578835625891 0.86653734799313287
0.12532961220432665 0.32996294940596455
0.77991234842774193 0.67132577420394079
0.81878165608327014 0.98841510731657234
0.36606054247350422 0.24886382180610514
0.77857321355323639 0.62475707104892597
0.49013150814562118 0.98732907723554997
0.47236569284935814 0.96837811544994978
0.58594987677748223 0.02321203555481793
0.99999011501091883 0.51152913435773228
0.56395700165890983 0.56016696243093955
0.59579770838048352 0.01981080846195643
0.66287093904012717 0.85019550811482159
0.58522771957941710 0.01143501895338953
0.67589803052890263 0.14292170196279846
0.95407534007558770 0.48106882224747688
0.53760481608553812 0.56108982634057636
0.57295289678827777 0.04304931326662101
0.78978485267429310 0.99678496646102877
0.55688203709015083 0.54976710716940702
0.37999786331523644 0.22250212720373669
0.83489462682094939 0.98711917265919047
0.56683077601752785 0.54552599117650846
0.56448560055942498 0.53247741400933279
0.66525139773032860 0.86194160370817618
0.51245281397037423 0.53967892722710709
0.74976990097980278 0.64503275972351326
0.79762873916856547 0.99779875208707358
0.75204475046222696 0.69413077998543660
0.38800077056562726 0.24718901783762440
0.64433735526546354 0.86740019286477843
0.59669592274585614 0.03524329060996120
0.04222736506916033 0.52992365600667513
0.57087190005104482 0.54351810130773659
0.48384746858694344 0.97841525885384772
0.37003469259258615 0.21933060668456447
0.50310541146152687 0.97623123561515346
0.46737070359914012 0.97020974078335709
0.94526119313986146 0.49381790583668533
0.64735139350218984 0.85153971615226287
0.54124043981789149 0.56928381226468316
0.82342473256070736 0.98366151408217306
0.02071322800297461 0.55132070239908892
0.99308918061768392 0.52104958837817383
0.62686290957940749 0.88217948856482065
0.83634201197752256 0.98499671653338483
0.94845578296626609 0.49547716768059774
0.55990284260264966 0.54244916438781676
0.54459523776516827 0.54242364541358545
0.77923972425147192 0.98496360479196587
0.78141922115296780 0.65123236257439576
0.48209993235433185 0.98726843325493718
0.02989286154433613 0.56602642235833411
0.39033849659206499 0.23137608777328567
0.81127594664149971 0.96709393008940447
0.97581278933604898 0.53898701133175952
0.55627316211892452 0.54587367361694428
0.50733449374573059 0.99429465034018283
0.81407139944075502 0.98867283777260084
0.63028783477374650 0.86754764403084916
0.80269381750409141 0.95175037905406579
0.57734453381030315 0.00397273267131777
0.77317710410360141 0.66254251339061920
0.49317427305838618 0.99999793407276838
0.80408018094420997 0.96805105267821590
0.59187940727368404 0.00612476962754458
0.78063290369001281 0.66793618397853605
0.80587165979473085 0.97525429504202277
0.82504215663439839 0.99235721690294565
0.77291003471618325 0.67392272625071292
0.96427940435993231 0.52605652973624650
0.53528070252523019 0.53571145132307885
0.80258687023912900 0.98439918610541144
0.74886915281206801 0.66834720103800527
0.54667326676300232 0.56840515799265590
0.77413945657887862 0.66236164578358048
0.76569226934892609 0.95452748348499272
0.67574379253486594 0.88068597054015973
0.81025884073744825 0.95997423194511822
0.40068651417679485 0.23070393963166891
0.93929605709700037 0.49262911822950489
0.00662109323958272 0.54132593387442551
0.67041874568459148 0.89350148069640956
0.55018876400788608 0.55295904067117496
0.39165581700815222 0.22972465621832341
0.61083881566668918 0.03044479202016775
0.81228827205480780 0.97412300632885507
0.48130351896769757 0.97659953898146834
0.96823372755876347 0.50835856549081304
0.62382414862297897 0.00222143073835733
0.38271561602187615 0.23130538342113363
0.81515546906195635 0.99999875496662405
0.69350767633330668 0.84766665069593750
0.77557072874401201 0.64782340856998055
0.51609408172341442 0.55219391300144427
0.79120276302349946 0.99922655322483434
0.46905279225881652 0.99526633711989843
0.37494164018906062 0.25318789391218000
0.98487699106535687 0.51676936575680832
0.64073086603197205 0.87100595605512066
0.80124831384417017 0.99260427347421643
0.73631667412232016 0.64492855922376346
0.63977117785723936 0.78147302074311165
0.48757419154045234 0.93459479363712594
0.99574557297013977 0.51113971177370399
0.64356316551599946 0.87207012548194751
0.40630932498551564 0.25164218167473723
0.02598413707538577 0.55884481575491984
0.52401079660417105 0.55240195232993505
0.78750518478982112 0.99334259394865465
0.76417399944201059 0.65732238272727372
0.64720328479795874 0.85529910424909783
0.65017932483059249 0.87210430730306621
0.34722638607421352 0.23273128799734785
0.81449035485807519 0.95506423683932939
0.06264219276254654 0.53216334541731369
0.80588814455411595 0.64006148794983297
0.35306802028965700 0.21889947809472368
0.76885950793470914 0.66588699105431948
0.98868923106862072 0.49064509286738306
0.55342698122583123 0.53853864303621535
0.12467014739934436 0.50181593926240609
0.74644617990931528 0.67967792210494637
0.45598989804952073 0.97102415008841814
0.59265913582506813 0.00144687000160718
0.77595818672039618 0.67169706284101549
0.57665778715886962 0.02500878854298927
0.78893063708293554 0.95550984556756424
0.55728510531106024 0.56848986638015175
0.61552245068662659 0.03610632174876233
0.75968679203421896 0.65949153520982073
0.54558480878148696 0.54350748943719107
0.64014952584096119 0.89234090170136116
0.38154571331951131 0.21312097712095346
0.36370612687911130 0.22721809879746127
0.02432992676979387 0.54052963589703751
0.77497896490069063 0.65290483108272968
0.64638363348416517 0.89276760211835848
0.81758592287455567 0.95811101124605635
0.81653698111965500 0.97681319574402070
0.57449973571722268 0.03184460399825718
0.58716719228331327 0.04882663216659178
0.55031191954374081 0.55739920927652631
0.81438433102239127 0.97171529971705206
0.49208714468302422 0.99177042900452783
0.81350833635256570 0.97435325940438289
0.02247163370325829 0.54565216767517877
0.56663214128157391 0.55924247035042240
0.38971029397142037 0.21617877806022159
0.99809579715052832 0.50862325085354221
0.00579194257358577 0.52188714869132680
0.02514134705602356 0.53870865351129604
0.55814539627477755 0.56625675885840221
0.56684923990827019 0.57450017766023043
0.74632564404907087 0.66848383549088874
0.47365160923196414 0.97152980341390704
0.36461867897795380 0.23490648698901107
0.56296868348606899 0.02740087000588785
0.68967340000066413 0.87552948310579848
0.98946045534135785 0.52495101452263260
0.61390385579396622 0.04308888268781558
0.00544199912432998 0.55850614590749781
0.76385061133016630 0.67580097905689929
0.57636636847497191 0.04802260620801574
0.03020601285943540 0.54700813376214341
0.48235618538790115 0.97392068604172544
0.49781429650763104 0.98805401198839315
0.66365080447580471 0.87845963728604382
0.58185667288848697 0.57363292689376377
0.77478108536592716 0.63959578483310298
0.78978029976002873 0.99998322203949375
0.37254330514802347 0.25881792330125519
0.37481683784822384 0.24370998171274530
0.96487509001695893 0.51934784917203725
0.57832159096681546 0.00341241587893546
0.57046720629653214 0.03533401886805444
0.78309877851617404 0.65265035536454830
0.36613976920595559 0.78148686405699153
0.46159542516396213 0.97911812591109582
0.77228180483330833 0.62785654998555129
0.59189434255359463 0.02879974243628386
0.62581419973226760 0.88047581695316013
0.79424462194824308 0.67012196517486078
0.77670548131218864 0.65596690799606650
0.78831403034153458 0.95337855516263970
0.47836778775693611 0.98368331355343930
0.64308103448474929 0.86871153788016520
0.78233005870288441 0.98900506390933196
0.57565263373310482 0.55322583134230352
0.96483666464435214 0.52206484490628247
0.01096186328105730 0.54267396925731859
0.96690737263928006 0.51850693628759448
0.75780356842957397 0.64902994746717246
0.66369125368120541 0.85599438812737616
0.97171315386238810 0.52459496496647906
0.00575026693460114 0.57535395776779275
0.03175157464405954 0.55250872778688087
0.02480040195335425 0.54946104452849587
0.68769148262473978 0.88904168299782738
0.56914981502502060 0.57096362869901707
0.97408835895801815 0.51694379299647863
0.79976400697966932 0.65778230016711303
0.73847822073436087 0.67079599616488783
0.41462633400801252 0.99999182007999932
0.01871602799322393 0.55257506396466238
0.53643163843519537 0.56887794073435172
0.97978499809814101 0.51715116393635252
0.99462231208390428 0.53105882570704988
0.49196814275649392 0.97801197366975745
0.58449341237284724 0.01624680337103438
0.64656117566458071 0.89701878817962222
0.01033437757583124 0.54733353911514582
0.34982284866328822 0.21515135126405649
0.80636459733907917 0.98464016171203506
0.95403754490779646 0.52212427991567456
0.35824708972858599 0.22649222867038102
0.03867908474694026 0.59070337426627839
0.97765678622575214 0.51279115962165733
0.01307750607220889 0.58047688631727579
0.78097328989257231 0.96407324015245743
0.75283238262363505 0.66088955915745107
0.35236932143577260 0.21760733323739029
0.93802278025798036 0.52548428514101087
0.74728760467809252 0.65084992560059218
0.34738227049569997 0.25125684341246307
0.99015129886973541 0.52211575222759121
0.49913743718784387 0.97545585383161448
0.49221165833936170 0.98330050833841531
0.37427771710137925 0.22970557787103701
0.76553168723702103 0.64749090284067035
0.73591875133821738 0.63963285827138494
0.58746670497893339 0.01460280290511086
0.01717760355145767 0.54659591014110753
0.36854291766018432 0.21504283530490165
0.00001740018600751 0.53494721657508837
0.49968154974400236 0.99344195539521030
0.98993864100007745 0.54297017102161915
0.79099961259743190 0.67533080334192530
0.54560139602231006 0.57649309279666350
0.79228246913520028 0.98543346976843937
0.00010432743348515 0.51964769251337595
0.39138314619307224 0.20735783464406660
0.81310778733729416 0.97838106843142336
0.54144193277127639 0.55003717775832062
0.58671524667359842 0.05306732307403473
0.01638900671523819 0.58379608697966690
0.37066597991153882 0.22620056071905567
0.66010598257839792 0.86330995258293086
0.91411340799812524 0.88973000858014517
0.38984849871087657 0.22906688467460462
0.98785880558571937 0.52248039722605666
0.77712960839651346 0.98066705472713278
0.68933089840230355 0.86769317890731845
0.64483470506109786 0.88964846688463473
0.65768994142424320 0.86883846944819765
0.80579685658086708 0.98162245549204941
0.58029435673707175 0.57112811977595090
0.02799463670590562 0.56952862865571385
0.46373825923916828 0.99079809330378465
0.76437952698574474 0.65016067036872982
0.02724663773901196 0.57278153975722856
0.60152207980427497 0.01490690616368347
0.79501871723495343 0.98396182574743918
0.98517013983295398 0.55548628291350965
0.08884231841832423 0.40270713467951325
0.38978723593583542 0.24822199555126237
0.52913757853284138 0.55872181842688995
0.76651429203370380 0.64618329189572787
0.64003626740442598 0.86745869624165961
0.79980986864962866 0.96425622391149568
0.79601150684356647 0.97167540645861827
0.79886113759682609 0.98126608082760669
0.78528441615877442 0.42596764037163837
0.54631941517435589 0.53955627978733522
0.75820083552435558 0.66245291282400764
0.54904345729455817 0.54185936268105550
0.50011813476221201 0.97441404921439700
0.38372043558735380 0.21807434672314993
0.60845017088912734 0.01939828270147667
0.61496525460484863 0.00788200003706935
0.98765937253386371 0.51330248753765473
0.56107147637856847 0.57413100119001925
0.64554360742557038 0.85405525396017457
0.75144299557075289 0.65823204705028115
0.57139500813748134 0.55883500518000206
0.64906894935828141 0.88410174564301736
0.56567059436611489 0.56052389473402642
0.03491546837333329 0.56151545159672089
0.63617854522066020 0.87134368438592269
0.76646554999379435 0.63533160754250262
0.65008093787792587 0.85808221710112176
0.97613033743402600 0.49980081649256131
0.75224666245689153 0.65571697023444842
0.64768825751338177 0.88846075883972242
0.02424055153732175 0.55892466054086754
0.66908346026066257 0.88441417488695406
0.79037989285832710 0.64711020757859161
0.97555640212326677 0.55144167432333835
0.97698800756662574 0.50739162326462417
0.53488363204094946 0.54260054183600770
0.37714100307842374 0.20944892875451077
0.66365259270819499 0.87567377937905544
0.98594372613295556 0.54001213828179884
0.54957402667347621 0.54617455816386484
0.55922287914936741 0.55210449152127472
0.67924162211646799 0.88424305764039968
0.51740593249239519 0.97552640924276557
0.63944395039657931 0.88694816791968201
0.54797056706053271 0.54204760238281169
0.45800645437155341 0.99542593247008471
0.76091865004976411 0.61952417629551493
0.47849665048095186 0.97065768116758055
0.53875310494007822 0.51768510381293431
0.78496726402616901 0.98042226603034888
0.58546058659021716 0.01370209505496684
0.81244835018072170 0.98972102101242054
0.48275203905974873 0.98461200421329376
0.66006734826979174 0.84256635232577537
0.81881845386527730 0.78818819508982196
0.54849923145394952 0.55973282991929663
0.76753422565972818 0.64632594648146069
0.78125097916587227 0.62962221379281524
0.57109622142939820 0.56171017860462313
0.03856796174768086 0.58276946402808272
0.55444321730156776 0.54622213998260105
0.77662190780804896 0.66290964066540825
0.79086367879320463 0.69811484664136625
0.58707520217076470 0.02064698393274224
0.97695728091625345 0.50810962130478987
0.55847488138566104 0.01907639718663963
0.77033280746518118 0.65839976879665874
0.00215192822177297 0.54141455516791626
0.05292291840848810 0.55375637245595888
0.54091863239448135 0.56425439330658411
0.02402870592655669 0.57500411555632269
0.51802916867562032 0.55544280960081316
0.78976827199599164 0.98718714155472287
0.00106308303153695 0.56716648779792456
0.78975498658436494 0.96211412757786241
0.38615168881575579 0.23057121549646170
0.76568083390619568 0.65989637795259426
0.34834787191980537 0.22217062166829341
0.57431921277972020 0.02709117863238750
0.38672015324225090 0.26593191528688637
0.53524656948389027 0.02038311311435889
0.44983357962622905 0.97922283758467155
0.02227476925843049 0.55533829712289628
0.46642302815998327 0.98498638843441511
0.68070097684917230 0.88569725015957090
0.58905281462754377 0.03150858663248141
0.54526671115248515 0.57155636743998306
0.29813120989092046 0.91055924804183619
0.57702028144693474 0.00977618384250455
0.98073795832705857 0.50680317987493995
0.82388060679479413 0.97155864127435765
0.80771645526915170 0.97843407420630646
0.38331458525643225 0.24393879202681990
0.47215025658740339 0.97137635843887915
0.50256485590643030 0.97073462595488780
0.46842759699626269 0.92898375688600388
0.34990916458066867 0.25428473560088094
0.65959899367873376 0.85083701472749607
0.46426758559545728 0.97189772722728374
0.59226961368233344 0.02317099701970331
0.54642425499176916 0.51497520741535541
0.02530939577729481 0.55557503811517162
0.37906608255464319 0.23126926574864054
0.48328498185053792 0.96440968034666286
0.81300472868031670 0.96487091154840732
0.97790917125498433 0.52470976871371100
0.58976622973400572 0.02625729626264119
0.58446672315119752 0.03392195900779288
0.49395898410570821 0.97566758373489659
0.49820821374253643 0.98072230238666425
0.01317221284174034 0.59420294066624813
0.45144490878829496 0.94525610778132640
0.79907287503655033 0.98859897960571230
0.76958013510081325 0.66108017920121498
0.97688156312752350 0.51033603113895276
0.81878216967191142 0.99341372330562416
0.63955175385819329 0.86534340959130085
0.45969397671667173 0.99647594701272979
0.75030701262953969 0.68285130374558667
0.80780843220590215 0.97637641477100645
0.55428816930237701 0.57636175084725694
0.95639736143428877 0.53973684127351595
0.35981838854300557 0.24940284280013775
0.96866517640702665 0.52461143753891648
0.76777485085690789 0.64907077009533531
0.80965445743891840 0.99209262387933650
0.74617691216810444 0.64530882343956919
0.58116734374422696 0.02490581318735045
0.59696612066806898 0.02857052128269591
0.38064352377706062 0.24439882951708250
0.59190570939953036 0.03496783551890771
0.96735420830900620 0.52910862458850827
0.98655921445891492 0.51734256235555875
0.74804075978347040 0.66491183474580851
0.59170369480805352 0.01399772191948613
0.66341467322597725 0.84859339628394381
0.56813997155017637 0.56526355796726990
0.81748638628792547 0.96576916196590212
0.54183689261716272 0.57492449970895176
0.65388524583036423 0.87057258881059296
0.99436201083369513 0.53485785462457491
0.51974794573913119 0.55314645354317349
0.52793740823206647 0.52836713279664438
0.51648214409482318 0.76156096449524946
0.50591127303970929 0.94550380059110617
0.67769916003215058 0.88062138731264927
0.79804512992910548 0.97415670272636878
0.45153892831874792 0.96040424263794988
0.99026532374149612 0.53397230514945371
0.51320860879511454 0.98184616128093283
0.65507094816616362 0.92448413342898583
0.79033450591522814 0.67224916226724085
0.00903638940486834 0.54356105224022866
0.57412252473114389 0.02024751373719544
0.49056022537522992 0.98022161832523602
0.08317603547853390 0.57359767470322176
0.49589760694131746 0.97650262231314688
0.50546794088856195 0.96946594036265876
0.54057473193635175 0.55741797214912436
0.39564847058772440 0.20747283475226899
0.74947038779817987 0.65481476172740616
0.65342717340579248 0.86695097559418888
0.37494002645543861 0.20197294100776936
0.66758400085598824 0.89784795906811887
0.51761211263680262 0.53108303305403692
0.97875818778484247 0.49094053308856389
0.97940840383930949 0.54520197248117763
0.77949141505762398 0.69471764675932868
0.56707682037970997 0.54137139283572966
0.58142568903773528 0.05531930256368741
0.96230268548784992 0.98477793937414171
0.37204491889486330 0.26025586914615206
0.49890216853988140 0.96622086124234974
0.38424184693399749 0.22420404693980114
0.99338018014839780 0.53238390531500634
0.01701136430793218 0.56078593089155426
0.36968752936579391 0.21242574946744111
0.50283488617097272 0.97923347405535410
0.47756437210496056 0.99492017658599929
0.50248387278993067 0.97202426620803095
0.63675268771986249 0.88415218303960041
0.65782182761687436 0.88549758510133869
0.03234326194243061 0.51678059580809743
0.78380118621603734 0.67517138676687627
0.57561373931630333 0.02192565972677011
0.82384922103336722 0.96562484953756722
0.02548534361584312 0.56015744664231670
0.39579324945108724 0.24771494510777389
0.40542278678306115 0.22525506791563069
0.75584667491134172 0.66216185791145332
0.50824123203798977 0.58775665914097730
0.02216907115996664 0.55959402778877443
0.84475751208699168 0.88527260084673765
0.53557835518003938 0.54669400706741167
0.38765935698733478 0.22895434003017973
0.99190468073256643 0.46454356390444845
0.02996142627468421 0.56965018834191272
0.76022420220932696 0.65604746090012533
0.48258875923994649 0.99999934211954555
0.04029219783717138 0.58705964531441013
0.61343164904421621 0.00849727820670784
0.52974758060953819 0.53633994611286151
0.57932652821504504 0.56392748627715361
0.95985493197013572 0.50328984652421604
0.99347476007375868 0.51868008469815685
0.98119576935517172 0.50457942981632864
0.64773714477476474 0.88464324950559503
0.38873690850127374 0.18726461006967765
0.66502094784514532 0.91082347359040705
0.04423071518816599 0.55388523167996395
0.77577570782246852 0.94757665738806707
0.53880519059555942 0.55421142354708619
0.74000483789798854 0.69976660216200648
0.55461191320569714 0.54816711520765260
0.78186203559968659 0.98775987377994134
0.03061934881504675 0.56455817117658080
0.80264143721474102 0.95393894173736182
0.56121739175560437 0.00763884975642273
0.81322834095703078 0.97274786167015348
0.75274872182963826 0.66618445728900200
0.48910052357476574 0.96485320109081518
0.55610140544392739 0.55776983503022759
0.58100204164859282 0.01208450725314942
0.83137999964801923 0.96560795970885094
0.53826645388473626 0.55156963981041951
0.54210315243242801 0.54561634049543928
0.58614395347960757 0.02061720854666779
0.54958319278384327 0.55674099072085426
0.75793760239051777 0.63314198454539117
0.38351128055030631 0.21094666067863863
0.57492517880292326 0.00263992845138138
0.44043461128747957 0.96889838103326742
0.82130125812400900 0.96589242009955500
0.54408745039684192 0.54959656575517346
0.47198809223233373 0.96412715667099280
0.46124283242618047 0.97802974836633838
0.94898493156560804 0.49975068354428770
0.49388672281611229 0.97343354862958331
0.75028762589234010 0.70432929582772119
0.01979545969268735 0.55914552949068730
0.56959958389072207 0.54972616554165454
0.50350603249747139 0.99269498281619284
0.80247242445857314 0.98982762817907499
0.77552838581501660 0.65604063321159090
0.48992539780104477 0.97373150355457572
0.66047784486850070 0.90698635222129975
0.58714149833433160 0.00549467227349933
0.97706227546365654 0.52248514320912565
0.37585993582150207 0.27734546000067622
0.57613539872013730 0.56797035382651118
0.81153522910920883 0.97828243957818195
0.70657468798160883 0.09504539589538552
0.67543118305036753 0.87152597534077869
0.97112831884984308 0.52884467437674998
0.50267809504309102 0.99999588511251181
0.51704918278219270 0.99313226549917188
0.99987145602008898 0.41435856899759466
0.03607888745405537 0.58094399981128753
0.98474878404812882 0.54134719722056501
0.02069206378437961 0.58041313245285808
0.00246776952185935 0.57254175943141739
0.45739338142967573 0.97195684680892502
0.97003232680620977 0.51894516721184203
0.75151008265636154 0.96910123279372606
0.99517600904673897 0.52073911741965662
0.02401092990310265 0.56207335428649541
0.65574365944072999 0.86038496216797455
0.37812704278824655 0.20439322500733770
0.61330408301931183 0.00000228325379595
0.53496957630900555 0.58141202168702932
0.62218633775845900 0.85691629226024735
0.48371755963497620 0.99999623877598864
0.58004320338795434 0.03043313522509358
0.61693244344831000 0.00839428120852421
0.99144583200052627 0.52514937774357773
0.46672713683906747 0.97760018214174194
0.59531130422683531 0.02590296400892212
0.01305931604363935 0.52198709347602845
0.79617003771208894 0.66198735866790626
0.76788445008845785 0.63616001833664493
0.46559283654203437 0.97205506296829491
0.52807117741665766 0.56316567796453310
0.58887593672579808 0.00000598847079827
0.68629306152974812 0.90944858862871325
0.39404977918039896 0.21573689585189351
0.69035956718128755 0.90091627462547941
0.40837169802831613 0.23959664443584833
0.83215909864558169 0.96996017575354754
0.81219291147827832 0.96786914516094957
0.78159039199296032 0.66742946173755424
0.79783792388628516 0.96310521242696334
0.75145384834540696 0.63858297758723670
0.67400388729020932 0.85665604768723824
0.35260997104183822 0.21483897348572523
0.39516252437305888 0.23368583770551962
0.57162785161375318 0.55448074309392936
0.76916808921477431 0.65978132074015683
0.97918214034450823 0.52268558797959896
0.96887754882422539 0.49382843831447354
0.67850910554922184 0.87465081520984023
0.67167096900711809 0.86491742641756930
0.37765373814206604 0.21594898169572452
0.67410803900237259 0.86577750642747431
0.50346332241893599 0.96977610282223092
0.74942215375976085 0.67319265228581870
0.41063639117074879 0.24434585669897216
0.36294100012618224 0.24124868380537645
0.56083755659345258 0.00000135594369461
0.34864582706180308 0.22013532777759826
0.01730486573911399 0.57727614647059156
0.95682533848237961 0.49390868212668176
0.01810415254882102 0.52791025665572577
0.57804413501618856 0.01847061828989522
0.02570678235620926 0.51683652030120852
0.03010471633928279 0.49773836650267939
0.97062005006253238 0.50132440733366102
0.79793020709947504 0.97482057102641506
0.58305716275392383 0.01273631888506807
0.97367802314087426 0.50469917638841288
0.78701857226223604 0.95021423989189735
0.56377749311195269 0.01999565674145548
0.78117157062583653 0.94176770285628186
0.03747846711439071 0.56928491655317270
0.95965570992936877 0.51237907580094688
0.77091147833367790 0.67919215569450297
0.97478888904050409 0.50806555761633898
0.57367168907251420 0.53453851012826370
0.78691690547008775 0.64249028683412068
0.02531510171608428 0.63530527873407328
0.67996657061526877 0.87080768951067911
0.64875707541474992 0.83641279216480813
0.61568719824734908 0.01330282745069689
0.95791188137470173 0.55166078515652972
0.36827026980368954 0.25542761051622098
0.95968415698241261 0.52081527201380051
0.67955045247448054 0.86774088122228366
0.82049504080182489 0.97708934234625033
0.76079936197473752 0.67426043740787878
0.51415296828270307 0.98795851384053424
0.76424630056630827 0.66133612641040329
0.84654047744536476 0.91457695430953223
0.80803099528280253 0.98737566351204198
0.68211669223083604 0.87431560044135670
0.97042580428648539 0.52511860951651368
0.75919159677289860 0.66511838473911056
0.02721610383968937 0.56503465515900075
0.73875671725177949 0.68065162970594761
0.68243890061762735 0.86807453529680623
0.81538173338520747 0.98414018887428301
0.49285567390114043 0.96305491369252860
0.57437701084603854 0.55410630477063239
0.55933408563886078 0.56035392448179711
0.75030350655307754 0.65335782818930721
0.52697440901075066 0.57465636910327500
0.35548301190722920 0.22113610034656211
0.65931457358747325 0.90350181872249746
0.75648373171878547 0.63463749559773008
0.97564761897806851 0.52323886233802919
0.79705968884577838 0.96420179032700615
0.78485063123944043 0.65902790895964369
0.01535497810652938 0.55405516632598939
0.58904131033327933 0.54829969128648914
0.05807812271826779 0.55504310093611831
0.75438164589749102 0.68666055828115136
0.47001963072041436 0.99138986370052351
0.68709580850952590 0.84945893440379705
0.02303573663853879 0.55791993014783792
0.49066377747290352 0.96987076763243274
0.76492187558679703 0.64656053517725420
0.96058738990355752 0.52314933618702031
0.48154582044665745 0.93677919062981385
0.35382320272115131 0.24132125029230148
0.99999859682219894 0.52069151036545624
0.81280218014308270 0.99931896823700972
0.46246135321102350 0.97136566636809596
0.49042822669386082 0.94931543610767188
0.73713622444261706 0.64107547445097390
0.75343668715592549 0.64529349647099055
0.99553446905273546 0.52231432557945645
0.99840878882431117 0.50685594408034751
0.39684361429696741 0.23445717731916027
0.65699802735433499 0.88334038721825314
0.03685161961922023 0.56699960049808062
0.45894238990127911 0.96106347175147777
0.64318598909020264 0.86413846573122588
0.61302348934412654 0.01678659542134734
0.46981042259005973 0.97404658020966428
0.48803774607460992 0.96522555058636217
0.47773629498268233 0.99026154846457481
0.46464685377832421 0.98956169492996537
0.36663668536852023 0.22353354594085020
0.57733371467515127 0.00690811215166847
0.81957901367701425 0.96759211278628365
0.03767727170321501 0.59558056552224981
0.65796807236427068 0.88448184391654927
0.73845487878025307 0.64520417243860340
0.97837610595791435 0.49575858420751934
0.56112725083738657 0.52360642216907971
0.36751654776076387 0.22281101348574581
0.76107634125455004 0.63936567415084999
0.35045885376155245 0.20554364721898002
0.56747433538934955 0.53540935110361898
0.66488180680703413 0.87734283559149995
0.79204804710936894 0.98107143296004307
0.34517155631397833 0.26118884581468155
0.34471523770711388 0.22676697966777937
0.80649360278596061 0.98140394823920774
0.80726032815529813 0.98622961740212833
0.99663776059536791 0.52572682669329707
0.65926762664394112 0.87302557148041193
0.75935365213594896 0.69203831477573552
0.57776819043673544 0.54480087199299954
0.78050364019430629 0.65765447689050616
0.47887929218105113 0.96687561706216407
0.54201144236556054 0.55521514360231705
0.67004787465476223 0.84938319981211496
0.64485426019934899 0.86245504762601788
0.48938424134721548 0.97159628594554515
0.50708864993723757 0.98047375864319641
0.60021235452851496 0.02056341897746772
0.53085127675969013 0.52205248055689668
0.53645574006157049 0.56178837332458142
0.65158163147081216 0.88993078353973831
0.03692132455048495 0.55013688218814660
0.98679280824844118 0.48579329983130953
0.02803424812449449 0.57795904449811653
0.02565304097224480 0.55670938297281103
0.47078425136016722 0.99573716383469280
0.39861053810597596 0.24106966142279229
0.37821699609289650 0.21199592213919183
0.78230623856643411 0.99456171166287655
0.54370543857282694 0.53490616797728296
0.84180937113872045 0.97284088205762420
0.99984639887120041 0.84499289441831527
0.99182002731097774 0.54194016774007014
0.01006039983882793 0.56510026324252516
0.66581799469986780 0.87955674510632187
0.76407475499188382 0.67205264781043506
0.39873840085167328 0.27234388450250790
0.40113776275195234 0.24808396922572706
0.47325169738495887 0.98974927541460400
0.78714082010075981 0.65289443706760952
0.81099983289764055 0.97209721942579641
0.39342989553914692 0.23864848423810847
0.85338447299519493 0.97185741592902519
0.58242943875180075 0.01718473045444056
0.98761905244152848 0.53443378671312358
0.56728262850964650 0.55993924978156684
0.67812258581814544 0.86025284552497694
0.67501614467274329 0.88784847155284297
0.57881255590673109 0.53808363199763720
0.73769145857310769 0.11437590841715081
0.80839190271606809 0.99876198631912083
0.67781759072962089 0.89161462757243615
0.53906135294331392 0.55585654019935993
0.59989556017237022 0.01394189308580500
0.00004916434011358 0.51683010983673705
0.38794961142945095 0.20788753152821346
0.59849157732156666 0.54828582730534903
0.76745740831125919 0.63897546578497488
0.82172554254189634 0.95108622688586186
0.77696196182989419 0.65235340598048464
0.66269442099373710 0.86477573899861682
0.54841405743790650 0.54911797441374421
0.65616494645428813 0.84470187506328942
0.82446915521850117 0.23387775294899341
0.76395096159064957 0.67794892325929479
0.57499440234012245 0.02480763456816887
0.33344337190352347 0.23220240800623654
0.49578685270147477 0.97507777829381115
0.96321074801912254 0.51523348410892189
0.64811339633553988 0.11101512918605351
0.57898023920877506 0.57947027382564298
0.80271970493706435 0.97849924172839853
0.76458641824176843 0.64543902909534934
0.39037529406750809 0.26208126804852228
0.50227257521256419 0.97802394560349637
0.37269214744694495 0.24437122110106094
0.58049998533023162 0.01040268100270128
0.53196485245489422 0.53590821944759659
0.36512437300736167 0.25534469292977208
0.80849382662458924 0.96288903871810094
0.79107936315441685 0.99404264201543369
0.57412887720998373 0.01345597329238940
0.66718016651718537 0.86222938734936572
0.00334314704864336 0.57878214401723327
0.56928993311490128 0.04153138250857599
0.53781699845419884 0.55556802514208203
0.65667396461075078 0.03935807396819897
0.01144863996633683 0.53715663126687052
0.64861361704411136 0.89341424552302462
0.98700880282222159 0.53944285211650322
0.77590822526991365 0.65688962909964754
0.36272735016042079 0.25528694573231259
0.99434631918098382 0.50924966151070972
0.68156143427138083 0.87903380708213152
0.77824915239089565 0.17883307570126641
0.36200819848896398 0.22845160471184034
0.65156823905964945 0.87951742709958824
0.43508368823053473 0.96936799371991589
0.96547593587149516 0.52307776822872132
0.33900254018536641 0.23705870632510501
0.78685675550218248 0.65720363126277881
0.78423800475771177 0.97606291931656408
0.54481122168965035 0.55082228201537053
0.80368784428109408 0.99352296434929666
0.60295865249435399 0.02861830665628158
0.47788930701358334 0.97787022043546057
0.38970444704443097 0.21028930586668823
0.81482452613138601 0.98539139266244924
0.74778816869131737 0.64881117316191994
0.45849879489135659 0.95347558517373221
0.57242864112721270 0.55815433844509910
0.54281247620316597 0.54882427140199108
0.80280021152193848 0.65415203884769479
0.76532402517499887 0.99583057413445375
0.53048013014213602 0.55766850273128854
0.58850120361891956 0.02976959011913314
0.04348216507800867 0.54876280291728552
0.48178591319542163 0.97111138166701960
0.49777818388622619 0.97472229338164929
0.75462103350332277 0.65578637405652263
0.53834574503089860 0.55090004106693602
0.35998339457656969 0.26175150212661802
0.47965698042495952 0.97321933389921433
0.78504064607120050 0.65774348915107705
0.95793763438539270 0.50131350051018786
0.54840967592229628 0.54015820118529512
0.40289890503960446 0.75272996542133996
0.81931707462573145 0.97262257886593284
0.50367829787853746 0.98129108525491393
0.80745942150939820 0.98977193631101090
0.75719401143882370 0.65570549104334430
0.50039494294428599 0.99829207154998478
0.01411325513856484 0.53419814257400200
0.36673436884916044 0.23049292373474475
0.00781957989539550 0.55651371316614151
0.98428403031222367 0.51583146098315114
0.76151941641558585 0.66621539656963946
0.37072618595853407 0.22182035264873926
0.44935247331013534 0.98580677839294273
0.58966595788196063 0.03039623599574369
0.35117164987165111 0.81662626849678377
0.78362610157808699 0.95565433896825580
0.35776030260543129 0.23818895514267580
0.37478557437346188 0.26466170644302961
0.59960415937296752 0.03057533056099924
0.97204184343089439 0.53515949933966911
0.56069870094063079 0.53153744005355119
0.55981049284837126 0.04991413135935594
0.54882648092331265 0.53097851962764953
0.95632101552394222 0.52568641918945469
0.36972502977550176 0.24036254551622416
0.46221996413810340 0.97252038366708993
0.35779462956784264 0.21128881444608830
0.59754216049277609 0.04038453498408278
0.81835629199599513 0.94962160469210777
0.57121388616255919 0.57413249606385308
0.58969326844525360 0.01196359991019259
0.64994374374023256 0.85455637061343781
0.64437616931571751 0.89585122417110385
0.00425589417310609 0.54111571691041238
0.54248254584348210 0.54357222490469326
0.67072286484668153 0.87604350469762315
0.36681906651566676 0.25620929158012773
0.81836228874001438 0.95474770547424848
0.38886350043465001 0.21752093577511680
0.49090558434234255 0.98254408756646872
0.98458895656759504 0.50316361118085018
0.75698178977759500 0.65286722480831594
0.75214277749538017 0.64486179749004047
0.01620289976207639 0.55173750000760124
0.58755874910714967 0.02626798370227767
0.01855547716103080 0.52546111929310368
0.96680114709551712 0.51182069289925147
0.61442995458222627 0.02656372087100221
0.56097859354466695 0.57066588218296188
0.55064486701696069 0.55453503364679657
0.97692465693268926 0.48742099683968659
0.94592976420244634 0.49917212496369368
0.78593429340162058 0.99436871536958582
0.55550870039437927 0.55388735069032446
0.56156475141449747 0.55123992888095552
0.58495308892043241 0.55218501649879947
0.34409626570776708 0.23772385539882243
0.68335498131643602 0.90085355406543643
0.67930775833776080 0.88143407951149988
0.55979329653951260 0.03316638614330877
0.61639584443861406 0.04087586541008103
0.39070092642019905 0.20253101223569345
0.50356019278037989 0.98835788394190116
0.71829454083226285 0.00002620307693438
0.47342610668554452 0.97258834670151584
0.94265220973964736 0.50265298546524717
0.99535239204865900 0.52298299341608112
0.79733376266913458 0.99066705088931961
0.65247856381980718 0.87484297305879299
0.49316305831583518 0.96519639818535996
0.61081294410483100 0.01655585251730169
0.35701451090938657 0.24791322764714283
0.80913453765862497 0.98532567698699669
0.58309475275086209 0.00964235471779498
0.81053673318725605 0.99485953950327155
0.81401197522515523 0.99998954548911834
0.76517194005838818 0.67383037577706650
0.36607939301940284 0.23631725456458932
0.65650886034335676 0.88916245156329143
0.65803627117648922 0.86603643386911200
0.58403917874064004 0.54733531930766577
0.38553844421888667 0.22296413149688254
0.65542696645493881 0.88547842031037827
0.56814644525491587 0.52261256981963922
0.64797104992829180 0.87822957714801009
0.76054136179662679 0.64618946828374979
0.81962420877051745 0.99623183001883175
0.01436690502494082 0.55119993584044480
0.76587331689457283 0.65254451787652756
0.57795803402011725 0.02293120608463925
0.68206025785904478 0.86226879800640976
0.57010231584674742 0.02676894973144132
0.80764836145710261 0.96649981517285977
0.06817854685654613 0.55501604766117818
0.66790764120946289 0.87500383488045852
0.79704016358976226 0.63144995833726036
0.95877797278319110 0.51730795961603926
0.99256503447085132 0.50705428565039234
0.81207805519010989 0.95842404192912867
0.59427572244911753 0.00944398187396135
0.66266669105750220 0.87465700745242991
0.77509086928504201 0.68245686751907819
0.76533132951059779 0.65838075864925261
0.98131384560570967 0.51068569261096197
0.48819826525255039 0.99663335114662788
0.99045197669425322 0.53554630864221353
0.73752582047621396 0.17970523613625161
0.79749081500125596 0.98827193742177544
0.58327669114077585 0.03792488777042973
0.48698942063039202 0.99077005447848387
0.98900314927133115 0.51643105103183973
0.02375012693107881 0.50892340526658952
0.78602704672136825 0.67135916405773111
0.55274317451332011 0.53104167580174266
0.64138548588407140 0.90905928777086820
0.98191887197554539 0.52439322873792704
0.81751750674673251 0.98753226366580216
0.62688095154691015 0.91081000705847004
0.76060309148558369 0.63484187068207254
0.35010578451298513 0.23908964319698600
0.38587021798997734 0.23147964580910124
0.54102446364433898 0.54510871324383992
0.79528021029050344 0.96834861040290399
0.75066308525851388 0.61822191364145918
0.82030464860820640 0.99551775487261229
0.98557724609642039 0.51861116015123498
0.58280441930361271 0.03258471254323025
0.59053905278940499 0.03771013926349451
0.79825855341190743 0.94639579523782702
0.48666935174274639 0.99660371909807322
0.74895440498297516 0.66513223056982229
0.63704430030076287 0.86554671618994428
0.54752733431155653 0.53886426490425510
0.96461380635842731 0.54742775365750707
0.65528405007935986 0.87586600012196458
0.59698866334298240 0.02083126873322520
0.35040779777760378 0.24256227983241838
0.76450030936200775 0.66030114977571819
0.39333934408162330 0.22370307092117117
0.37695235645159675 0.23141442543435523
0.02689751315860517 0.56242523144943557
0.94464675075856763 0.51689379083624909
0.65857316573689617 0.86814944317508591
0.65852862003651980 0.86414875817902481
0.35492221938101232 0.23012450414552987
0.97732365008881938 0.53710122814296635
0.00002103875215792 0.58958075284579980
0.66399932993373878 0.92019062742518642
0.48478900023625932 0.95998463838633197
0.49520714641534525 0.97320512725939867
0.35929632600290407 0.22265713463626327
0.00991466748696132 0.51778675120622586
0.56934065949128643 0.01357741614077515
0.48784979812616636 0.97855033395304369
0.59684788995668392 0.03225139112153787
0.64727730135680073 0.89160146164603138
0.56745214087836549 0.01721933760088861
0.65437461921205931 0.87125533815700051
0.81805739941774314 0.99204892388369070
0.03295496853755719 0.54720915748092391
0.00001956070066989 0.57839431574898070
0.55720461408872068 0.01098356956324967
0.60430560491385477 0.00593937428876856
0.99671931415386816 0.51200485510926508
0.77283259820037720 0.64169682054370825
0.56353660478808687 0.55892604483904895
0.78175208657085860 0.66894689154708620
0.98389838817639763 0.49640170550416213
0.38357934109453257 0.24548266057384627
0.68784328518935245 0.88084146362807192
0.79441956097222877 0.97099718487862774
0.98014633607199164 0.51148113372533510
0.67243796093987407 0.86452251292608984
0.82457749098743438 0.95602558659206816
0.56183412412661937 0.53569744771182781
0.61394513014829677 0.03373427842341106
0.76780101752814689 0.64526833829907426
0.75587499202230612 0.63296073218160598
0.50880980059973580 0.97119088555985567
0.79766933635598614 0.65897972553368833
0.22395184594126463 0.99995108762516483
0.67393292131587990 0.90171941615898699
0.05076230571683532 0.56657506854267881
0.79552239011162984 0.96905513392415332
0.01144787754053650 0.56542520075447245
0.45143885929165928 0.95405396344212468
0.40803339926225030 0.22186588774929328
0.48047116606355755 0.99509355454657300
0.67998032302154898 0.84586102238291683
0.06181841894733692 0.55742404774293552
0.57410130200958465 0.00624296938129491
0.95430554005824741 0.53689329307650235
0.65838325559566335 0.90125986069957309
0.99376914897307966 0.53134991681874733
0.98644099117882877 0.53648503408155668
0.65771424587288885 0.88261122130480651
0.75037834322411312 0.67181877098326204
0.75095576988017532 0.68055704455801702
0.36486845842013771 0.23985771848829804
0.49055067723871570 0.98923665841351971
0.54469764756223438 0.53885577820795605
0.46442603878681171 0.97659019464223240
0.53868599987736210 0.57763338087102878
0.62983121701695099 0.03690865451909902
0.64521344661832780 0.83728660945840461
0.78761402219068666 0.97676714909716500
0.48208516577148824 0.96703469791920571
0.77142602676485872 0.68088930171097850
0.47673790199731531 0.98331907654343864
0.47397675069491230 0.98697766246095953
0.81565788623707380 0.98627589580316655
0.78322230281075844 0.95261684762566168
0.52034421530082187 0.98772340292777427
0.41574392703189800 0.03782955853509249
0.97953142043679098 0.52500681720312325
0.98748412330408575 0.52142582832235995
0.92218980942559925 0.42257867424065237
0.04895082196311676 0.50124639577509755
0.61963520696432395 0.02272446138656525
0.64549021079729896 0.85595889210559528
0.79881428558623935 0.98432159587991575
0.77588569496624293 0.95628364667334276
0.38383381927624310 0.22865694974129958
0.81884374378563440 0.99999944529119200
0.67928244589190745 0.85739486260334130
0.60302817356535887 0.03950932434145182
0.53785925603003970 0.54413303238684729
0.49041661051721175 0.99497850854601888
0.07177474582413657 0.54644238476712237
0.37238842844069381 0.20717378275495094
0.66944545248521525 0.89438856660861743
0.00365407380476590 0.56780849783793674
0.99476616601073820 0.51029329432838944
0.54145418194120098 0.55145096587093823
0.98670887612756186 0.52571781521833139
0.36875154673478983 0.22811658864630585
0.54185169821397849 0.54205113259819759
0.51156546944406678 0.55786997730843491
0.35790206309321548 0.23460709883100922
0.64731424818075889 0.89023946443402857
0.78923135277301848 0.97600580335247622
0.45355891951809313 0.97623468868170082
0.76588493873285091 0.64448557310346732
0.58989004842792314 0.02868346123441379
0.99528821694597636 0.52683675313963541
0.79832642379638796 0.97176622810808377
0.57364298994954876 0.55782514249132442
0.35962382629505008 0.25565132732238910
0.35549521105351128 0.24430486701261903
0.04963245511511408 0.57937328514187181
0.53737020325822382 0.58125013373157441
0.75585929518578432 0.65246764824892434
0.01337438236784039 0.55419296442391319
0.70317468836458819 0.87514040763411427
0.60803869164759627 0.00001757191242976
0.60564187727166763 0.01567777100408574
0.77328615840555548 0.68466231656592480
0.96460637369167657 0.51530900860708562
0.49899053700339030 0.98266097986015977
0.75853196751347463 0.65025891200131536
0.61165787201895316 0.03124055621773036
0.64794566573927814 0.86672178517303966
0.97151847393245494 0.53878340445525597
0.82451524507352547 0.97971553000486389
0.40360461161877231 0.25837680616035419
0.03190772910223147 0.54505116469315917
0.50862837230908542 0.55356938072976236
0.77831330191870018 0.96433837993141525
0.98678555527809775 0.51118173649814469
0.81131951860732632 0.96356840269890265
0.54946930708107500 0.54494714720249604
0.77469939246391650 0.98914865367541582
0.98532559446495616 0.50577130515371949
0.66729069048009715 0.90414661938338214
0.81065175020301983 0.97117311703439047
0.46075327126208404 0.97555015841299075
0.37296371412339246 0.23526275319808901
0.35505350190601176 0.22471573728466065
0.65775247076610721 0.87402822177585582
0.98935839813947990 0.50875918649633844
0.79280655660626964 0.99229573283342376
0.01854440054510710 0.54294754486575125
0.76443360433792162 0.68989600465853229
0.67654658554309699 0.87858740089031639
0.48141632490923725 0.99423826256479264
0.75324889795024230 0.65010728844355048
0.33139249202207255 0.99999998698688342
0.54625290662829296 0.50622380273420442
0.74536640596955128 0.62718945494067690
0.66913139092493423 0.87951054683460295
0.80500325885333546 0.93609064236142137
0.86343066537514279 0.99999999035262421
0.58400821175458095 0.01436224857239024
0.37374162931293703 0.25014712913840048
0.78771186861153808 0.66756298426581040
0.98236645122043997 0.47466018575454721
0.63647990711341362 0.89914135853234411
0.82171096685441769 0.98216562092807769
0.92743945958787388 0.51440914936315218
0.57128435221925467 0.03078820056597537
0.56654817968804227 0.52505642259127339
0.75518851795391551 0.65306987464643118
0.68477243351955208 0.87924320066921891
0.04636341495228059 0.58299315985047995
0.45493211273765244 0.96994344323074899
0.03803051387891000 0.53528834835573080
0.65302830805310375 0.87806956987580376
0.35920224701921349 0.21316673050062068
0.01022642278202322 0.59110825282326140
0.38389349207403811 0.23415156326845904
0.75766179933653210 0.69125606280340801
0.78508369334367278 0.67545870338801262
0.65672505303496409 0.86823239078625392
0.59057423511113305 0.00644085731624999
0.79387828926656512 0.97548690697109897
0.53037490344929616 0.55979634772481768
0.65390147100546248 0.88778069307889940
0.48839376610110397 0.97043826247272325
0.79486400140373015 0.96953887110041737
0.98244019776494451 0.52280187775104425
0.58496789257661086 0.54382160608479702
0.37822835723041015 0.23518465288575233
0.85318422880380140 0.95309209797971794
0.57629354529068400 0.02260209636458942
0.54858664857697259 0.02014496456071178
0.35873160121243930 0.23678180837856119
0.59496777843809989 0.00155000375414134
0.64303397388734529 0.85825945823161598
0.00001609846658742 0.59712367763795826
0.79358613157513802 0.97611400376554902
0.38569634594987889 0.22612047674659991
0.43974905960738120 0.98604492440569158
0.00004699986359169 0.57666533368854245
0.56735888896344056 0.55308164249748459
0.75941711122007427 0.65289282911242508
0.65537618796415209 0.85918137969804620
0.96792517817259294 0.52290874551156374
0.47909115905524241 0.99999942855482671
0.36711002973458451 0.22470432403328533
0.37513131681375445 0.24120498247141398
0.03262895956616241 0.33330726197582566
0.97999247739726658 0.52735482852500748
0.46919357375344251 0.98898460014150358
0.37713552800368333 0.24238180903296663
0.59055689192490401 0.03614496593541318
0.48011249107189535 0.98219755657508667
0.75245976731452890 0.65783317654687523
0.68591163910255681 0.89115642723698951
0.56583015771500633 0.55225521917179532
0.58904603234371611 0.02482910298721109
0.36364957095047651 0.23140613861006842
0.98108543938446990 0.50359597076496920
0.77576480921224378 0.65520745768007738
0.58465616990899294 0.53672325799015685
0.01978841724060155 0.52417576053848502
0.67320251728215685 0.84623910347811115
0.55909244426231441 0.00879258423279256
0.68071439502597930 0.86999870057374462
0.54532871465681376 0.53391774601056685
0.81130441110408813 0.99131244030409260
0.79591523475910109 0.97366149674207458
0.38146038388693709 0.24479145775450206
0.49384844365748676 0.97133708713881395
0.55881690960403352 0.54156397176679272
0.50863165642470998 0.97785613534553883
0.94138780686294532 0.50585341976132181
0.35546808692156173 0.20984382370400251
0.56581538590783309 0.57397305906486407
0.65735164333716212 0.88026965400123836
0.80249502100069370 0.96896825207897708
0.48109413777548743 0.75055031022693031
0.61317970718237735 0.87437978502768898
0.54566133076119450 0.55790365791297603
0.56639667878465050 0.56387247541236862
0.02789412249430262 0.55797650774261731
0.95918460136871109 0.52553621030051245
0.79736888404815531 0.97786977642140205
0.38284075768811032 0.24746828327049700
0.59364924299512034 0.01899687452856878
0.57084950370940768 0.01826499182075924
0.56658144754288764 0.56958734018096269
0.99347677365111109 0.54962385536943148
0.11353971546756311 0.55472248023993398
0.72872883357480323 0.07206565975251063
0.55861472673129242 0.54462288851743079
0.48238039835824642 0.96938530963185254
0.55145797325259782 0.53911259230362429
0.64967185215028000 0.89899993345751605
0.99606484838208120 0.51266424314323977
0.04429584435468748 0.53657967249253302
0.77260215219293582 0.65268774969966625
0.74652208145745425 0.66362107513604618
0.79846274197641109 0.95681883226966447
0.53815399725580193 0.52492497649821168
0.48737992012435627 0.97601872152803737
0.01532430406743535 0.57288910433543827
0.97026025705968377 0.53351414343968084
0.01729236563585407 0.56843513239821963
0.96168623116288476 0.52683401852966327
0.67131284309516670 0.85894663011534855
0.34763994771557477 0.25804857167678946
0.50693744031484700 0.97903179347251756
0.03942695034939817 0.57204235575196560
0.67104195230052122 0.85149124354611749
0.00325505529652732 0.57344278118120695
0.01716965290889684 0.55846268435601076
0.02800350089589871 0.55519743202787020
0.63840187608513355 0.84410443367131727
0.76638262370753596 0.64846707391458169
0.04592379751337507 0.57746133989087278
0.76977390144128000 0.65427433691878256
0.97957355043238381 0.48351442908212194
0.77931197152068576 0.96303537618170654
0.80356996468177977 0.98616624504543637
0.37009189661602249 0.21421200566863480
0.75522393588072134 0.64285198520879339
0.02797239587906985 0.56771471685963704
0.39373077494387188 0.23584796902414848
0.76364163573572208 0.66428737766662660
0.79364369645223076 0.97815176783829705
0.36593565369788345 0.23405048654440766
0.56354878098103367 0.52016935645812679
0.99734263596590456 0.49135434586835081
0.75298442748397199 0.62632781071649790
0.60519988368952893 0.04005507571490814
0.78141176856347594 0.96010858402688037
0.65107342269218982 0.89088134192196333
0.67746120991002634 0.88600587893671912
0.36689430478094653 0.20171666633006483
0.01849425339965098 0.56683137560092967
0.47688337019506993 0.97725641567876487
0.96768457101853966 0.53956237729046486
0.55986038734675214 0.54555106107766815
0.56631698072937564 0.01426968589078279
0.65252050846506782 0.87657512455132147
0.76939347467762098 0.66958126240526861
0.90194225940352091 0.26982445409208045
0.00924969809077480 0.56210147819291068
0.62039498396365245 0.02023503504379929
0.67567328619076716 0.88445458631876517
0.49150672849478494 0.97863695117218796
0.99218159251058602 0.52964412457572041
0.46822759032688399 0.97303755432593897
0.96994667695243963 0.51612609967896017
0.63955652230183324 0.86053586480271305
0.49031102954581579 0.95733163876346128
0.00422912686048269 0.55041765659724906
0.82102077853314137 0.97272182240917993
0.98484249294992088 0.49895130968243295
0.65220441226589954 0.88323188688949816
0.40073756470644895 0.24657324574336639
0.48964222947556718 0.98699324622633300
0.77168586560944818 0.98613434249774934
0.46728696301756018 0.95046342894443736
0.77701443482561972 0.66623863642416759
0.49626378927303721 0.97746638650313178
0.48235778904402338 0.83423335021333322
0.02447116818507263 0.53570833163566245
0.01851639976020811 0.56570432801519244
0.39657456222628229 0.22800354924062521
0.00495198342236066 0.54035037582507428
0.69878813896691627 0.86216043344313908
0.76402588958854201 0.69541788462168119
0.98034833111797792 0.52408236694874777
0.76230918847899964 0.66212426099662558
0.98935956020136884 0.49268442687086877
0.95965151291847595 0.50996966522786924
0.64627417477785232 0.87289386482494025
0.68511632393555466 0.86044455828636679
0.61837677119329026 0.04779331565426193
0.48626935161507201 0.98883416722575179
0.98547767133127728 0.53771211343738723
0.80093986838328546 0.68390677453075355
0.66029685269819205 0.87854440865432437
0.01521257636907471 0.53341671871848784
0.00727695823551621 0.54158775354739797
0.96172169779263128 0.52551705779535962
0.79738355984720621 0.64862242676633675
0.53340739641475921 0.56506401412342433
0.58462949382296459 0.51979672786516595
0.97162226369010685 0.51475326715097836
0.56220523827724256 0.58001001076420122
0.77973087405391761 0.67435443892213009
0.78046394048696466 0.99041179136988799
0.81325344002902855 0.99554842281068079
0.56799077870242698 0.03270743595509371
0.41029276319636665 0.21017808859491430
0.55552813250594657 0.56053164345476203
0.47699068799631550 0.96461062096114925
0.88581358931172116 0.61207804534257482
0.68731555656589405 0.81961564808071374
0.80559814263151674 0.97949683991793068
0.40034922261809724 0.25533696327924060
0.66310126407110126 0.87158340617990460
0.39211959881852670 0.23669400310635147
0.02250640949291073 0.55124904487823601
0.35147035295060036 0.25175332597770211
0.80006521429190558 0.99442541106125337
0.58390299710963900 0.00640601389181424
0.59282175873907517 0.00001275338900970
0.67689883721161970 0.85740109009773346
0.78678378733623822 0.64626854933565647
0.58911797512950803 0.00603355567717220
0.64966398563064232 0.89566319858024346
0.38096810826729283 0.22885186158999202
0.86686616963076535 0.33503176133151436
0.56046666029619563 0.55630791666963175
0.46808936565299353 0.95963542486051645
0.80409040683446842 0.66600758623155976
0.79670050114824331 0.99231993137622199
0.78941676229514057 0.65380970618983292
0.39719386407165241 0.22396198887551319
0.58812401544095716 0.55874600099628113
0.60668633676079520 0.02200024431387169
0.06010940548834341 0.54790978610766927
0.77019251378806386 0.95518155715165098
0.79877327179180324 0.66091591715275255
0.50892533608589618 0.99789548463392919
0.47426758497546051 0.98401041773477327
0.64906454927754809 0.85939628529199752
0.58261136067711161 0.00738226677516996
0.48476372835620152 0.97305641275545618
0.52316706890570097 0.54475417040644036
0.68222197122088335 0.86999521344978292
0.76325681398434941 0.65756382225985299
0.80972883527085249 0.96114880653158252
0.77441249757157693 0.67899690631384113
0.81481503147330758 0.99847126512408790
0.83046739668437786 0.98171105328324548
0.67132507788281759 0.91085215698896360
0.98586423607330642 0.54200467409794639
0.83915264471090145 0.98218535454761702
0.64876169846502163 0.88194316400819139
0.98330705903189586 0.50878820904136346
0.48351235111654223 0.99286701722195514
0.58369702878470953 0.55438339505006196
0.54427536593173387 0.55917051717900801
0.01729775111866562 0.56707094981978134
0.67512897837593921 0.88332815407258769
0.00539118951902754 0.55923826722614589
0.59783738549449628 0.01610080273779792
0.47060250667637310 0.98144966014381130
0.02163469653211903 0.54850962369834266
0.79086956206836734 0.64211617129441745
0.37012777929063190 0.24134420643175492
0.98310894428704698 0.52438879914254466
0.98968933290595473 0.48771519957345644
0.02240182715578608 0.54870085591427298
0.64075753841300964 0.86461485338939470
0.48314077441370373 0.97539691379015925
0.43380722246736231 0.95452593796402108
0.47592946629113458 0.93809025263386758
0.35751526015557117 0.22913270752123244
0.35677053630253397 0.23689021557580070
0.59308864232404457 0.00687357923345966
0.38085169775119510 0.25173178036446026
0.99141743671736682 0.50809111109153005
0.51908906507566965 0.54799758010313748
0.77107489975752863 0.67035220217679248
0.65859886744118956 0.84192641163290372
0.03145584015289462 0.53462566081761209
0.55651288272907695 0.57072760076277995
0.75138959025213348 0.64229521150017033
0.75347624741387353 0.65979872843499032
0.34651531311714551 0.22484277762462165
0.19062934647306062 0.50360874774177755
0.83616427740909516 0.98211646139479847
0.47477886282913512 0.94390271390393377
0.82983740492736446 0.97900012915844148
0.56859911390058637 0.57647539118268409
0.66523342833441046 0.87134436212573119
0.59030949962356472 0.04902762862520173
0.48765274418944510 0.98668845005200068
0.67143035077643576 0.86413002823844232
0.56267226830851624 0.54977082925711007
0.00407352183350524 0.55938566105435106
0.54245548699994151 0.55968263332134593
0.65892396450437474 0.87511558069206186
0.35570358469786806 0.22917229952143717
0.00136025700783319 0.56387986010022917
0.76673838309355213 0.65191355218862679
0.66129469927279050 0.88775125182624604
0.39833623901133147 0.20536072409627745
0.54050180980340889 0.54910870488639718
0.47742433923901439 0.99659878266682356
0.63670953196818880 0.88517753741719962
0.98862749266767103 0.51756720288090530
0.02007699209790896 0.56852250804976778
0.65307556301346925 0.84076537032352761
0.03896241271324490 0.53663619953496855
0.98738197740531619 0.53523824901782346
0.98909161491438657 0.52369770212666500
0.76471397335471880 0.68291790660779617
0.04077881963506597 0.51888192777217856
0.99052193732831140 0.50957020996347457
0.67518211954060059 0.00000061066451377
0.56741227017135498 0.58377435014714185
0.99044686145169980 0.55482834781315604
0.75558475650906709 0.64030561606334124
0.77114453889563772 0.66751220091125585
0.63725408604950362 0.86786339644764887
0.47317297532177305 0.95473415215852608
0.51529044957701065 0.56998256759938748
0.97685973493561318 0.52990234521530744
0.56167778133366564 0.01227199705232979
0.47506880732202206 0.97210085350804221
0.74435838708027069 0.64536537933902383
0.05224691185744144 0.56118317157884068
0.80756800302592358 0.98094422538642734
0.74394655373758789 0.65900422082836596
0.00147572098492913 0.55474941001842293
0.59546191400913628 0.01621751125217793
0.55597208009682086 0.55681143783281373
0.49798228156867719 0.98264725869148040
0.03326153461964042 0.54330944334338749
0.36806128992762854 0.27652157610606748
0.37889157366003701 0.24301547390782061
0.57686088487109943 0.01942515342023577
0.39138319052685483 0.21162488188823170
0.57992538017713058 0.57413990216546307
0.56100240971597193 0.54510320354601316
0.47702908430323437 0.97068039469277811
0.97528226927418216 0.31666083248910415
0.35625654006512181 0.25209042281629274
0.77030033346280335 0.68055125191337218
0.97055741035984466 0.52741477326116526
0.37717763919420194 0.20297545906246600
0.39141775433335069 0.21318620906337629
0.64136089580815492 0.87347230819736288
0.79963662981664418 0.95021778423446734
0.47766167422260219 0.98201562029533040
0.56563331900274427 0.56171417246043365
0.50040996478770916 0.99206822262558270
0.02939196682314481 0.53686154952503296
0.03601521459965234 0.53964549413636709
0.97700600308126728 0.47566696670705200
0.60131744856924141 0.00000178627170404
0.04512572601630428 0.55267796001588165
0.39345578152769556 0.20081711091713328
0.47047410033840986 0.95255329440769332
0.65805834906975103 0.88134632145338909
0.57165149770367607 0.04482253759335279
0.79064093278007108 0.64413769781549746
0.62030391193410284 0.02550993958650791
0.96733622784270290 0.50861470153446120
0.55804299375013200 0.56052242714224798
0.48994196702233905 0.97628365338866463
0.96533486913290689 0.50632101990363243
0.66236355408713399 0.88503798798360078
0.73644933050796024 0.67557361267466853
0.76477367338224778 0.66837722035077274
0.04161956550426512 0.55681346067156545
0.77281195358755739 0.67186171856285570
0.36938035840886507 0.25695836183294479
0.55837971504800976 0.55564022374287336
0.78594638143671847 0.65311771129371443
0.38501098794344696 0.24346454493423089
0.82880864871817128 0.99512897485055729
0.36978128825157852 0.25504188576442705
0.98432278559959685 0.51503428304481635
0.77304293372329724 0.66347479816078103
0.64045889614990870 0.84084453498937806
0.55516619832949898 0.03721451066185847
0.40385125103511993 0.22763501614191461
0.47786175646648682 0.99569856554200553
0.60254032357715015 0.02158478313046077
0.63171798801319945 0.87769752388438715
0.64979856506415157 0.84681039392830093
0.83084569652768958 0.97107529239070745
0.80902911541093725 0.98160701344473245
0.77958288663539010 0.68032115152990458
0.36899973917892442 0.24916476847336277
0.97241968112058563 0.52515792663312388
0.53790913944563978 0.52964000617001428
0.60096426810136105 0.04207492166361432
0.63151614854322535 0.00536833214364208
0.47151409168012037 0.99180110526359555
0.62821262000545308 0.02705720795647341
0.63877572808733951 0.89578731470590112
0.35678115413082484 0.22269019050127625
0.48240663089546554 0.97632826238720982
0.74713301091243545 0.66619144747733117
0.56853574276885199 0.00532064878383875
0.59223989198620375 0.01620960281996625
0.97688824665159046 0.50482869693021859
0.79735046316452995 0.66570023022198799
0.77315546534563673 0.67686735057162151
0.59859434935639499 0.00637762244913179
0.97862220925919141 0.54199425062822504
0.55587868436637689 0.58167688787774108
0.75414619802211091 0.67307131902163853
0.80681020063414588 0.96011510872686268
0.77008114120025395 0.62985426987038373
0.33563841757138285 0.00000142309400160
0.79914373575090314 0.98631335831858369
0.78338597667565346 0.64561660109098939
0.75853081636350272 0.63522045972606733
0.78283385238672509 0.67208097574120751
0.01271442266897218 0.57369365375265913
0.02781351587006551 0.56306333378237661
0.37162884623201697 0.22520434553353583
0.37069387756921712 0.26093405113977719
0.58239564317133941 0.53246206856799394
0.66167872117016402 0.86809982542863262
0.54895014639547135 0.55040716783829913
0.97966118684331160 0.49973346880319852
0.65682785241400965 0.90460617184293668
0.65049653831618948 0.88910978172555599
0.59197361089843048 0.01294181638917858
0.00772049393384103 0.55129521727728770
0.66598952305491865 0.86279545248882128
0.77627497795195965 0.65141742494906774
0.69289669604068616 0.89649220354502424
0.79859824348319419 0.98491402564387598
0.49241032838960402 0.98008799523740442
0.78518296509951724 0.97000938850593721
0.62424102183571806 0.00606718741543234
0.36336916679551462 0.22195867422879959
0.47008759122897548 0.99717384657261499
0.64027151341694355 0.88532554923108464
0.00241515599831068 0.53367371489112780
0.52985847810862030 0.56408563530598643
0.46328967153760903 0.99216715221883023
0.49285394141628852 0.97623431075215472
0.02734949750679395 0.52305412914917204
0.57984942700924824 0.02159549259901401
0.80458514325273922 0.98559272617727034
0.84308243566455232 0.98481834844346328
0.56139746751618258 0.55339004553603743
0.72043733044919323 0.65617586336156108
0.37884088619442413 0.21453905635382592
0.76525047159850257 0.66419135683994524
0.96373854504502154 0.50605538303546194
0.00086424578640831 0.55575548025430566
0.80074366818699094 0.98775139028892067
0.38623802451127548 0.21928126677507453
0.80597353318090825 0.67519165408128801
0.60227737797175518 0.03602314137975252
0.54492560796759271 0.55660513693313662
0.01353535414220754 0.51855208260930374
0.78155439324483256 0.99762534765510402
0.55023718788304699 0.55926435404542296
0.69306193994144338 0.87751997642953738
0.99040886424884678 0.51441635457610968
0.55521932952102360 0.56424444772210980
0.38445643799122098 0.99999971950749622
0.63553295267960042 0.90418320636702754
0.50376577902808639 0.97827561493239945
0.98117756277069790 0.81268570435179344
0.57929272663289133 0.56291087879294777
0.98213128186427257 0.55341257118234755
0.66768638029649263 0.86644974365699146
0.95591826127184221 0.50948113813897777
0.81368087696962943 0.97864140182225201
0.35804476025642884 0.25069389511105372
0.81821616004069597 0.97712749572978175
0.76554561667365706 0.64204662049177541
0.76022856979544251 0.68557295723930844
0.73268769311242776 0.65934794581452350
0.68050441082967772 0.87946117567870563
0.48896582709075903 0.94815953581134915
0.79169695277398389 0.98646056775689528
0.03645926043522458 0.53396243085851014
0.77852471383183819 0.63944416355693257
0.58663751726299374 0.00751274589991797
0.39668602792509744 0.21576539510531520
0.38273455230387299 0.23837056330897979
0.39150705834145078 0.19090037721194225
0.82412851516992247 0.98688512472251477
0.49748380158904870 0.96426153895331845
0.48967852078096286 0.97681728163250747
0.47970367314649021 0.99589892029630134
0.35371096825586640 0.19978288878220055
0.75549537258705390 0.65813423858810827
0.00975272866678153 0.55763807487341877
0.58025451906000491 0.53210735132666642
0.56497079480788914 0.55938114241927905
0.77560355512017354 0.63530151077868391
0.45913086145510040 0.97239425503122112
0.49713213425535968 0.98005225088559611
0.54012380708061947 0.54480181027523622
0.62743247233219834 0.01156875751899273
0.53200587235123020 0.95140803265112517
0.80722264740006111 0.99999803885478689
0.65193260864939884 0.87792217334965184
0.02883627508428580 0.54385921660735015
0.75677968246316973 0.67068239653120476
0.59172979027959016 0.02551690206973687
0.64961593498176484 0.36258376880122156
0.75111752904536022 0.64530479504966065
0.98423191426864787 0.56038647143917564
0.60869972235803782 0.00947677278024629
0.67307002628630297 0.88916447527957365
0.57390708711066207 0.53228357124492298
0.64168598854421510 0.84936180322221233
0.97425182552825296 0.51118663760587679
0.58602792418079319 0.02510797496108627
0.71368341176734829 0.86022797451006716
0.65457715975354025 0.85986148592840839
0.80057022449470561 0.95702712938701873
0.79712953949827414 0.96655856043104182
0.66109193957049950 0.88672554775809076
0.97289181343951792 0.51425982898007250
0.58505057402862970 0.06621424611000686
0.01358668195295707 0.51212230930909675
0.78397706025347136 0.64105489035075969
0.58564451960796315 0.03351918794042776
0.57571003290864853 0.01271889018724473
0.67958715729006514 0.84310219969432887
0.47984127402550258 0.98376344618452127
0.65757913292804748 0.85934740881735794
0.78024556110615606 0.66723611165929608
0.01668902626341119 0.54037045637311953
0.58890726474191279 0.00865812525736412
0.64546339521113816 0.88085060003681059
0.39057600030571371 0.24320388612412200
0.66407876889544681 0.87682815211212228
0.92395500390677487 0.97097875505552456
0.67079559834795488 0.90057291204468937
0.00301569019109326 0.57082674672987677
0.67239767027560282 0.86300211869592591
0.81159302062837591 0.94542312985701427
0.37688028555252534 0.22067783797146587
0.81798321330223567 0.97137565165556905
0.76661816142935257 0.65245486939186526
0.58865776128191116 0.01880072928530525
0.99424262312423239 0.52179688384112910
0.54139705990518117 0.53488435418557956
0.64901195811399603 0.87373095343443208
0.47736777239748845 0.97229241423064694
0.05802337204756684 0.54066450785162778
0.81002042953357933 0.97182160770334902
0.03171696664929957 0.53992363551189260
0.02950375039517021 0.52314121580803485
0.00146790667158308 0.56172654552546686
0.79402935243082196 0.98234317175900054
0.60454330154783953 0.03492896052780168
0.00899236929333039 0.52118323741399375
0.38573920369265946 0.24218052828298284
0.46929921449526979 0.97657844825668838
0.36545743893330390 0.26191777797111504
0.78949221336438757 0.96608697722846903
0.64980511550957354 0.86813534207992149
0.80248797080266299 0.83179748472396287
0.38174540006996965 0.20911640136252463
0.82192248088771769 0.95411669919186293
0.97103971690809754 0.54302504868128898
0.03724376884717113 0.54360338130576202
0.48564822516213890 0.97597964216125999
0.57917920469444495 0.06331189325736682
0.58972454051260648 0.56357856375951720
0.49490274014264846 0.97949808718196107
0.58229120557631531 0.00606352062908118
0.99999574194765151 0.51272391619227675
0.82142210917760794 0.99819393576263782
0.76484124680699583 0.66731649038876906
0.73393014980806681 0.64446262346634176
0.54017523239833576 0.06234086836867460
0.62184018452534429 0.88234052392620499
0.47423316683027489 0.97361377882652911
0.79017227014183367 0.66249486250476353
0.84766640685380401 0.95934033572470023
0.80701016708362094 0.99057792155643309
0.76408353467010148 0.69228223079176654
0.76297851856902421 0.65375098039850543
0.37982341678025811 0.21014646355100711
0.67674796204539556 0.86626068729710115
0.49268855963219960 0.98718312866223967
0.47417256747390618 0.96890702649316529
0.77196015336586044 0.67932655461318980
0.80014511875415251 0.98743654206213316
0.48993966462084637 0.97548937047251538
0.98546936674019403 0.51720659890900966
0.81104050014705820 0.98475098457749544
0.66190592002550841 0.87303079347349954
0.54693798373475122 0.58340701949500129
0.97788062527923547 0.50899699588277536
0.47902241518253363 0.97779198223315711
0.77425658343776804 0.98978397936755003
0.58002847860423723 0.54554409712664120
0.78249800310286555 0.67395485532117350
0.67688025265545049 0.85972912573545712
0.53980666735750304 0.56680005559108004
0.66370900406461186 0.84320487017553147
0.77336344833281123 0.65951748795849097
0.79909196711564712 0.99547784390838756
0.33912686006876769 0.20698750590107515
0.78471836596486566 0.99208936293579320
0.81584314584817919 0.99221614175673079
0.35865898739221436 0.22823602488075345
0.64683483237163086 0.85840644974177449
0.65151199593727072 0.84850078711077004
0.00908527816639599 0.53546289961764992
0.48881281375699021 0.98251156824251595
0.95765614601929894 0.51160433732329180
0.84369311530374735 0.96309953914299928
0.37197725058593606 0.24232375824737784
0.66016999987593084 0.88054881897957593
0.34055464770565497 0.23213057895912173
0.63946986527894956 0.87873850748872395
0.58993827277930955 0.02121867424376734
0.99197842616542475 0.51102652298352369
0.00947456792860234 0.57365031840305325
0.60273766863538236 0.01690437791843131
0.65888890325376315 0.85172541158822557
0.39743492269110409 0.19979483836481471
0.68210744100503895 0.86594771014590977
0.03049257023784097 0.51893707503731290
0.97825805314806846 0.47146245538880399
0.55295751414591565 0.03954376102542365
0.55188289611875219 0.54955108053620272
0.76431118676182985 0.67310037682370760
0.77849674967908844 0.64113236748131319
0.82197804251763329 0.96854471307039403
0.63995841361987360 0.85862321640355499
0.80713637335724342 0.99511271111868971
0.77437098261712622 0.68415611425519030
0.50492393766137100 0.97568642721038257
0.98658026046499925 0.49272824032749840
0.54486060431113736 0.56566167782043020
0.37610101277930813 0.23731409580556928
0.56710784010731463 0.54846374998802994
0.02117665576276716 0.51199596848153384
0.37658251165698320 0.23016796324663738
0.62145010139307921 0.02105333928993458
0.80085783043651226 0.94888913575880984
0.58800367615199811 0.01215723248329719
0.78628852226397172 0.67468768950353331
0.54529581304412955 0.58222440665578756
0.60074222900770913 0.00271400120254300
0.63921933124740793 0.87473367178107675
0.48923724916082056 0.97911777044824500
0.97341609106924443 0.51574333646424853
0.00928573236110380 0.55907705384335904
0.55009575401317423 0.53522797409318656
0.79381392254346406 0.98882647663750634
0.55751849163956624 0.58672059744518112
0.54739998345278207 0.53744033212053821
0.02456214535623911 0.53302474487194640
0.97539007476881023 0.50988383775400425
0.49457096875135315 0.96416666324266898
0.77755596870482724 0.98434180892645851
0.67137774004274664 0.89547063238115421
0.56311190701385150 0.55498998620233664
0.79743915355577732 0.99498172318475375
0.80146794119043330 0.98230509050061765
0.59666516989551210 0.00624009264738471
0.78174005434182658 0.64591343260405532
0.95896871272392326 0.53039503744899896
0.55991083245589268 0.54752291634894912
0.57936147309292529 0.01783531786244020
0.51512914892628914 0.55759018174356567
0.96808646343663474 0.50166495558256929
0.65119971589923586 0.85336532168519330
0.79076101742002114 0.97418188558743024
0.01974415759287937 0.53783538598619884
0.95446181246750916 0.54267057350592440
0.61210150404092312 0.02038425286752480
0.37656607716465873 0.25083646567072454
0.01623180947170501 0.55747715625099759
0.98043791668979685 0.49901539549680446
0.99977359245099984 0.75239966819919513
0.55307191542291168 0.53334483712114855
0.55488021212644345 0.87533593839111612
0.50610475699647139 0.97092793177323089
0.77999708903516818 0.98642442525531704
0.77913862594478223 0.96628142580676557
0.67583770454264425 0.87686980784569413
0.02048226652269912 0.58305034389322996
0.60529985793372554 0.03707818346498872
0.74548474220380390 0.68193634976458684
0.60031903576114665 0.01682398235855007
0.56552969466838876 0.02310367049427351
0.05032038890801871 0.55651167478486030
0.01960527787370897 0.54438793423910503
0.65227258584745662 0.84385567080401325
0.49665182627267840 0.99747241642168494
0.53707906494224267 0.59087631430278198
0.76578142630549129 0.67014206597898485
0.65886706700207898 0.85737386357713874
0.83324790552766637 0.97477688820246000
0.35028615304863492 0.19962645677417110
0.59110928277471142 0.01093704979016903
0.79215609448978963 0.98927284085434875
0.86754256408715258 0.89499635524736754
0.95201487900818604 0.49853774563286146
0.60867184028306132 0.01651893696943399
0.76735585224015124 0.69693683821224850
0.59730292729549805 0.01149452930185298
0.98656938859384780 0.52194874823642934
0.81452083891008054 0.97477455157575310
0.37999715651287491 0.22970517121090847
0.69093458476639080 0.87182013129283420
0.47144406186653864 0.97432031708218514
0.59677420340874976 0.00785604709059880
0.66091352960704297 0.89743481493817445
0.67051797080601350 0.87503379227160993
0.96897942919964120 0.50273153219926192
0.35064685907462317 0.23043837327164540
0.47967995903934568 0.98012114701721176
0.01492311103100727 0.55597056811626455
0.75244649117095486 0.68836174914002601
0.56285455931906558 0.55202152057793918
0.47332350956298735 0.97801479904903599
0.53184146641115482 0.55365465894158372
0.76099289364544465 0.67059307020109948
0.96485104843844849 0.47307355291615216
0.53858086309609021 0.59774658223273325
0.74643530022955917 0.65696225828355870
0.02268399321461676 0.55391942537412719
0.36565457265363771 0.25348754392612305
0.63101111427593659 0.88797664197407511
0.60024568024433411 0.02739269771200106
0.06272568555111267 0.36164849188288906
0.38886464975229967 0.27007595535279583
0.48356146453095700 0.96038393151931500
0.53218211803388482 0.55771153288858566
0.75785732754199620 0.67077306379869672
0.37517991601880835 0.20941781414982547
0.67547000812955271 0.87864706597773012
0.35994712659301092 0.22905804300541147
0.66966292233292302 0.87156192207586980
0.82971513244583650 0.93035189944731178
0.38306758913868744 0.22754507281582459
0.80336781395573609 0.97585132332565383
0.59322347881622595 0.53230490355896221
0.58104792921848358 0.56600572333217525
0.56664814508263872 0.00568858887126702
0.38550292170838185 0.23548445747692556
0.96618113968030361 0.51201640686267569
0.75911248371819307 0.65098255878083966
0.64262067431557213 0.88503499735763891
0.00568146140339758 0.51942500266263192
0.64489088559163965 0.88155417448830964
0.59889774328208389 0.01096320683633301
0.65085544685198726 0.87343369469600995
0.95181183084189347 0.54340131828476779
0.64273723284059125 0.90489611349579824
0.38777138213873791 0.21935987465480036
0.63714082178134712 0.87386562449592653
0.04036680333352414 0.55574729345044582
0.45431418123064277 0.96194197584666175
0.57692321751807396 0.02355396101395813
0.58724879020209020 0.01343084439988566
0.96692673586478173 0.50057935765131223
0.57259057115327971 0.02232556440588682
0.03947414969093568 0.55001274747404283
0.98844723293559200 0.54318183957101185
0.50136483650737806 0.99999234419070504
0.99049408453160592 0.53959880408696959
0.37132073535776094 0.23426840962947376
0.54337794295299746 0.54750219075201889
0.02659608330388711 0.56048093446883451
0.77242253885430201 0.66134672218788482
0.77402703144575302 0.66680756955254161
0.80111281154566527 0.99652131232838470
0.66071817141425382 0.85151271745968815
0.98701825686031197 0.49667510009400723
0.50572049005940212 0.98008637242330376
0.97854565157572515 0.50299178449426651
0.01821361569290547 0.56039036684241827
0.57915396551908760 0.00117861584982723
0.36771052509822166 0.22017635856860548
0.57000818534507069 0.53376117485466112
0.53538331536763351 0.55108651598152858
0.79540508979975943 0.98253352509246472
0.81041711310917797 0.98897731921015064
0.57731506194762983 0.01332708015575606
0.56464762018150061 0.01143192927524211
0.76895527976874190 0.65371471932473535
0.77491439016680419 0.66328556939647876
0.96673464257808295 0.54394822694831024
0.57502301714707560 0.00412951052417536
0.03186820941116201 0.57439626514546449
0.63079286418470015 0.88247581413601517
0.49281128578740518 0.97397304662765372
0.47005798532288717 0.97124463664602978
0.60258911812605087 0.00139856116016495
0.98887527528398467 0.51044488216209360
0.38085793485734010 0.23114660558579900
0.64110076395920057 0.88766447577396723
0.99328164849833922 0.51123041527153457
0.37642605100613891 0.26003729250856411
0.01456305662555787 0.53878268355807235
0.79978655449992198 0.98831342940112998
0.77935866458453040 0.65789046290855702
0.50468869349974443 0.97314493841970073
0.48480103304909616 0.97489926945285810
0.61497920956681273 0.02863140429615166
0.59020129025532009 0.00313893299223916
0.96737582358114249 0.51088454739288069
0.67764535221236899 0.85675584388538284
0.39284501600447280 0.20678377530144390
0.66770585330801735 0.88909317027487422
0.21567736356960177 0.42809364497364583
0.36031499479552326 0.21312155052486828
0.80089697582738684 0.98516139324758267
0.65473995927219220 0.87675573271437257
0.81374780845919736 0.97976315134019043
0.60504365524176384 0.00000874260267745
0.34937022992176114 0.24071022909249951
0.99183171378081814 0.49861513416027031
0.78558740073995503 0.96352756476307988
0.37522764389820890 0.25501936268328224
0.74432949574568441 0.68889847566558171
0.98218030274285328 0.52583262995839553
0.67618600753088354 0.88601108842529896
0.50446903694898149 0.96428563650711330
0.76400737075464131 0.65824649633924670
0.58476105280734303 0.52579875179433411
0.83534993308338779 0.97823300881622866
0.38660783936914977 0.25915649577770694
0.47406049530850741 0.98805873756676954
0.98754899095061133 0.53125115136464052
0.39907747762286405 0.23221782202595587
0.01804045643362039 0.55668246441500413
0.60932643446194190 0.01286921358794471
0.55783286522353326 0.57332113738463897
0.53840163499210680 0.55756060110990135
0.64288586751243537 0.89078381051759981
0.78924194012653948 0.65499822028879440
0.74544158741861377 0.67877767762709695
0.53601912452385247 0.56585546854504654
0.97354711714845055 0.53695701216990044
0.96713131948197051 0.54779070706392918
0.59152566369677839 0.00000363457560991
0.78013541248479701 0.68699790404274808
0.99999214842290618 0.53383074660035168
0.55402369549663821 0.51710993519174853
0.48603616523585058 0.98336748588452438
0.53475289388929104 0.56647568516923674
0.78274662451706190 0.67624652570056798
0.98989570507886315 0.51535337141780146
0.99997813088674870 0.48018016520715834
0.65267391145999487 0.90704867221679619
0.78390477763587008 0.67294731094526306
0.35526162419151014 0.25884051654365386
0.58505156217842758 0.01461492564033711
0.56841972622312020 0.03969226798980913
0.52867845970787464 0.55724638667171211
0.66934845714761104 0.88823578871563691
0.38435794434197390 0.22985812472070161
0.57797858149864645 0.00759624874304246
0.56415260322457994 0.03175094197966118
0.57397176185303012 0.54005605992324945
0.03590107789809348 0.54588962136531294
0.98418742907626489 0.52563440554107510
0.61492123098584106 0.00660069543613503
0.49007227346009097 0.99637113354994289
0.37701793332445216 0.20556071785167143
0.58407909575806949 0.54212129319441715
0.78555515405571974 0.66249175126229720
0.46398610758199343 0.99588782681254562
0.59507562844634077 0.00001018385824395
0.85497766752856630 0.38693414690053041
0.77989123855042619 0.87994822000628281
0.00004288657540063 0.59348162504654600
0.79529207483808495 0.96680130904558770
0.75665698659715619 0.66238707954078269
0.38453922126666840 0.20524993928122218
0.65432797485406091 0.84379650939903650
0.73602108522471599 0.66936906548153896
0.75079828748528854 0.39516029438380829
0.46869851617448760 0.96977131406379224
0.46993820003632047 0.96397573768758882
0.68723486995491745 0.83081678301231876
0.64850706217107779 0.87544411110376974
0.49580511127125410 0.95652992440524842
0.76753155366647985 0.64055089561544098
0.58340174271589407 0.01543228417275012
0.57049813469596211 0.01286050116256402
0.66852744411074372 0.86902180903156911
0.59783489873135531 0.03850455807273926
0.78842652742358288 0.65049721178604258
0.78926467433472469 0.97432338082906633
0.37174082730905011 0.23718965601761494
0.63047430218030176 0.89115243537827260
0.98020743796249632 0.53103333999934688
0.03697708845014532 0.54284841457038291
0.39962250965668356 0.24455736140731810
0.99182984850623535 0.52114305400989813
0.02200431389916367 0.52872842995494906
0.04253730976875311 0.57920298915888779
0.01462574199683495 0.55454171191560941
0.79284819250767979 0.62895079336922921
0.36064075009629049 0.20713917949379027
0.38577190333462558 0.24028679464457334
0.36599881331515932 0.25977743712404994
0.67078172105839851 0.87163691379006514
0.55333915547500911 0.01052168701123324
0.02934316881245479 0.55383636433137473
0.66015871553670247 0.85369984997946036
0.80396383351434653 0.97893583056369038
0.54379567860662004 0.54659968801220027
0.82646387283814460 0.98994101758079167
0.00736257162276253 0.51620509709395190
0.57361181216557455 0.56039049061186752
0.77814384934696001 0.67716391302176060
0.66276355772762552 0.88679360285312481
0.94214111288651392 0.26644934201664999
0.99999914791320299 0.66048093168115951
0.39978075462019269 0.22031614344478959
0.00000188497442793 0.55478965738468899
0.49547353075200334 0.97867701680237251
0.59516023960647269 0.01765075393067676
0.02812460592292629 0.57351701205937244
0.53191910780399865 0.53218836046494677
0.38179089162742430 0.24847208590097061
0.48020963325806787 0.99882397591129579
0.35285771756709544 0.22167804945119618
0.58275870261256701 0.55867456431940143
0.59381651402724944 0.01567845332012549
0.47170645275427719 0.98491320371453850
0.58782912957580402 0.01975363280919224
0.49501486737966316 0.98717358218010232
0.77294256837354836 0.64986667384546193
0.35452578133318441 0.22655672829497037
0.68535626848619746 0.84170689478495286
0.64493766652127116 0.88232405905111666
0.78754031070792774 0.95782633832398689
0.63987637466075509 0.87276040452469972
0.46348576956329374 0.98411335671748246
0.55483619648674931 0.55793788782729470
0.77500008910904994 0.67263766745511322
0.55385266572541914 0.02647622185330837
0.21046877507967396 0.94932030651286781
0.03325353317528445 0.56271268521418571
0.54266885098008955 0.57878567675621617
0.67730838554515627 0.89587001967739299
0.74187661876586675 0.63924600407747567
0.50292619166295849 0.98161280000379325
0.37375128388579187 0.24807829982534738
0.36623834509286057 0.19986992366700609
0.76063103718444358 0.64792905624362340
0.81267608249782730 0.97082061316627044
0.82838924565788252 0.99869188550767718
0.66239781386836272 0.89636609132595357
0.52371405559152595 0.98974433479024748
0.47619444175153391 0.98278482164705139
0.59903449251370178 0.03124378364494830
0.74939938209954793 0.67495345879820956
0.60290261882003271 0.01940436009141028
0.97991166535704655 0.56144736150647356
0.60576886063183411 0.01219119223235274
0.99103392536847523 0.49083690701009075
0.77007945265314903 0.69361108624678158
0.65273605488768771 0.89611617336505800
0.37971566274505092 0.26158631581199887
0.58967153761386115 0.04309384872626651
0.57685525322113396 0.03854528149326279
0.37834213298202507 0.22380502913403441
0.35976050239067792 0.22768792813602082
0.52442509552585592 0.22715775414231609
0.98784231404144285 0.52003185757989090
0.50059877871194602 0.97530267741505405
0.76064658297166843 0.68150143468755719
0.37543260828681352 0.23976127567064379
0.03810501213688220 0.57952524971743846
0.75824203574092730 0.66905703450172815
0.03168426324771866 0.54824910434806773
0.84762818787179950 0.98959719412113734
0.48538460838502556 0.94929773647452753
0.55702621323392132 0.55998122357048585
0.63983911416967876 0.88339149017516883
0.77172492340684828 0.63598170316603941
0.83233714338534048 0.98936977854174069
0.58021400235661069 0.01709079271978689
0.39931082067361606 0.24255952346211532
0.65727121796343058 0.86916215916118289
0.03177743039369670 0.54351294110840487
0.47741228610807979 0.91722904301804464
0.80190263808886453 0.95788395089312428
0.81613444315282879 0.65783082612384314
0.97629267629548511 0.51871682789633666
0.67038444277740916 0.84721203066069450
0.65716854937480429 0.88424097497341625
0.65116440290314770 0.86252097837703112
0.78942727440054306 0.65854047333909349
0.79977788231170766 0.99719926699560868
0.98080902175510187 0.50793337138857630
0.66936214022172202 0.87290585732026760
0.75478537563016457 0.66455009030958923
0.75473211935009066 0.65680807713081368
0.65404160381993248 0.89386881758771175
0.79883533544147733 0.98341256293951107
0.52885476583183266 0.57214004821559061
0.77968485447528413 0.66587034892872332
0.78782002279761820 0.97223701942997576
0.66182425477286999 0.86084114712611259
0.83603111652673179 0.94416211238432368
0.55792172157065234 0.56475658866704570
0.80637049503665736 0.98879167187261352
0.00198293297546479 0.53548489414260814
0.47705196526859717 0.95844600966472604
0.48059061196416353 0.98107693694545084
0.51565132708898342 0.97238597728700704
0.80524208291153587 0.99728420120396644
0.48954837246079352 0.98042214382818937
0.54446206051717028 0.53745521056334311
0.02649613102069821 0.55351294801618678
0.78066622685902531 0.63678652517957113
0.78579046896953986 0.95373425880798524
0.96951597627726693 0.53999794631188502
0.55575653508477141 0.01821571733622826
0.58639496162183069 0.02656870434860518
0.67372361624319355 0.86917387094776288
0.55682800230687335 0.56721275460515141
0.77801705702211288 0.99505150922497543
0.96841886209861139 0.51368760958407877
0.89514820465721789 0.31092218137185573
0.57549723993116386 0.00540998237812612
0.62502057804157707 0.02640664643358652
0.62211215649001039 0.02529461483140747
0.02093624685941579 0.56969416961655261
0.57345051173344153 0.02028038222897643
0.66535918939872607 0.90691576904000670
0.40008810336637052 0.22633421822740135
0.77413085296697304 0.68607481965198946
0.50623640630848665 0.96513738718227393
0.64143658389309621 0.86060364033976411
0.77003581609610117 0.66570359455041472
0.77694803366433041 0.96884139019556736
0.80827884240128356 0.95993808476952769
0.98803487000503243 0.52564821647693538
0.97913205221052135 0.49819573553729113
0.36383810533743066 0.23893196593742008
0.37606448324938740 0.24297811156426982
0.55241127078461272 0.55706829396674384
0.76757564891619301 0.99719834585898071
0.94869645196390717 0.53488958511401163
0.08712819758549223 0.52214161302906614
0.75096919498066816 0.65995475441704832
0.76584231230597344 0.68200370652723308
0.63036030332300952 0.87403979942282251
0.66000159664018820 0.87367806689817229
0.62920290168722193 0.69395549489571651
0.83493652310741928 0.97608018746966085
0.81818172157933711 0.96837026165716911
0.38610916792059324 0.21704416335925117
0.66977809443226843 0.86720091975486957
0.82465086134898080 0.96853258045426949
0.03320022543868396 0.57904471904191623
0.00877087251974960 0.56066696986345910
0.49615782780042861 0.98903882678250754
0.79728407536542290 0.98451977888174746
0.78138206037984048 0.65798922241892444
0.01999729619405651 0.54018659104143396
0.76318599145424759 0.67258967224694943
0.52150472970370954 0.56073715405551339
0.84868170773803864 0.99396317878076568
0.81075764954633944 0.95860179214258578
0.37704569948254418 0.23413945257976385
0.47291860687183646 0.96200677421916081
0.49921179467661286 0.97823782669316428
0.78983437829067571 0.96039748579085837
0.77692623878493716 0.65791639595234708
0.48306384418489368 0.98915051109970797
0.76626157060091182 0.64966870493002249
0.51302183193556083 0.99623864027502829
0.66880759097459908 0.91303679936022752
0.36924037623800982 0.23319404214269510
0.00820871634101448 0.56002957553811272
0.60706564277987507 0.02310799098109190
0.49271760957462801 0.97239112514575732
0.01320047988893496 0.52748117483471113
0.60769895386619843 0.02758264261729266
0.99096055886945622 0.48855545717527576
0.99373045259440607 0.51759794780529600
0.40115395631781947 0.24352757272882644
0.54572744897260994 0.55642388947009769
0.75361088309608093 0.65098007617964671
0.65496509550004112 0.86607838276150773
0.77887004072489441 0.66014567596666041
0.64961217663360105 0.84955255436322974
0.99999508658578651 0.55835675837372178
0.77404833185584554 0.65732453111641720
0.55977427821978731 0.55147930518975352
0.46337586438055128 0.99751338193708738
0.95981834219508966 0.53163167150696256
0.56702666678730929 0.03550409554832307
0.53854243823098158 0.58235116136892229
0.79691782856782112 0.93916796154581783
0.62708167403257498 0.03846956873645514
0.46812877819802806 0.99307887339799195
0.53645892035589737 0.18920559274539220
0.79719283200737379 0.65117146136582260
0.49380154502598933 0.98696144757410909
0.58997041224083269 0.55487202170067829
0.78393745166225604 0.97738595520312055
0.98882801159900879 0.50531579864671916
0.65308734210805319 0.86382828505566556
0.54069795142370503 0.54187845341155305
0.55823378331933826 0.55726785699931281
0.54017589054892268 0.56743831046193105
0.77625271688882780 0.67690568496356918
0.82984785225465463 0.98436584922935000
0.58218206349796076 0.02198096990653235
0.57079111246810821 0.54267186749061358
0.47101396753559449 0.94631417462703116
0.82226139084811234 0.96346105022473161
0.01109312707460955 0.52273007405482919
0.97851942659924340 0.50951041354377979
0.57664870234180676 0.03770697212490346
0.76308937184853176 0.63999593778544428
0.03072658015966716 0.53989640192739086
0.00656999067234593 0.57652757256117415
0.57055276837646074 0.55393910105863942
0.75261366101502569 0.66713913081933496
0.98961533372274113 0.48128935010551444
0.59030827218574078 0.01115535299929294
0.60844753572347965 0.01493469958192456
0.49266755691993525 0.99135907013848135
0.36686048112825353 0.24013886504793952
0.37429688058363741 0.22901959558524410
0.75373768312572187 0.66929756271958751
0.95333274955595915 0.53221305949268238
0.95074859818245816 0.53353039976945582
0.56889804604428595 0.55611374547580894
0.76157885366397449 0.66549606324794508
0.81091275824701847 0.95107408053338027
0.02773935819289034 0.56630573919153016
0.66221908239485749 0.89816133292139666
0.58263011210541993 0.01420398645912184
0.95257875946164261 0.50813426283739038
0.57603590164877139 0.00095541128173669
0.97690103380212456 0.53108675761297985
0.64746872206271000 0.87394450540439683
0.55320665139678749 0.55503451990943919
0.68593004106463196 0.85970483900917405
0.48844477549199022 0.99985202383722727
0.55885367069919045 0.54406820770375708
0.75081183115191197 0.65544932739688477
0.00697999006346028 0.50906604535361655
0.37983904425405235 0.22508977110653561
0.45847544380946659 0.98215085682541958
0.57430709029720550 0.56723825488222823
0.56327218672540580 0.02883599821836340
0.48909786713018738 0.96595644199959096
0.46101422338865089 0.96232897844674103
0.74116743798344542 0.67059329516100930
0.35682850461743693 0.24240558368858775
0.59312909699490080 0.57973823587919504
0.81744580110184772 0.99321554070893781
0.40775405820312166 0.19736545888751644
0.58245670652147707 0.02463597740925953
0.55981213760409165 0.56283157853271804
0.39712098277944075 0.25488383443837143
0.64025547420599915 0.86011526803891458
0.39377187396850505 0.25175110834173076
0.02502201420520192 0.55466496344630267
0.37038318628169875 0.24409063773839301
0.56228080672278169 0.54810418003161621
0.02312204147586368 0.51579250750630357
0.59411741279790531 0.01681768593228896
0.48601343526992663 0.96951524739769257
0.55639121784612711 0.56956588428660870
0.55066274868711085 0.52550821519340951
0.59484451795157323 0.00793591335511949
0.80188672336290134 0.97790089899740629
0.56548892009357554 0.01705701809657717
0.46378628478165956 0.97766461934664728
0.02212055907855641 0.52365661356168935
0.67272646880241427 0.89229664726367497
0.78903305803865442 0.95807031396021047
0.61605624488107225 0.01558051618176695
0.44285342058151561 0.99998029399823785
0.64444113329794794 0.86536066910660736
0.67960284648189540 0.89543276048875953
0.61058126722644801 0.03308029367799559
0.79119171536191979 0.66562767315832960
0.81710943773003486 0.99744324437531384
0.01978755541164377 0.54729262059380179
0.03020747149799401 0.58841330142844461
0.36674890745827171 0.23437120698617497
0.04841483125703037 0.58655360298851111
0.02283276328896773 0.58988010379768729
0.56795981961976416 0.01884538062203135
0.81818772545254448 0.97001784261666391
0.58837372344153860 0.02818627121830494
0.36408682860540154 0.23306105447821371
0.49236993003654550 0.94625614482167641
0.80109164517443854 0.69422584290284262
0.76309666629983353 0.67093473025739669
0.97175019520354100 0.54924001335012562
0.80606232505075870 0.99861493046838412
0.48387900602341777 0.99136434522615136
0.64066245802520105 0.89747638605855695
0.98288348826540539 0.53645502342065920
0.01123806532885985 0.57149092712170924
0.96636137650920051 0.52718264354675037
0.55036470143361027 0.54439486630731193
0.78213724207655577 0.66050854745242304
0.50992023813862519 0.97887043920048367
0.95390574311616083 0.49277347398438076
0.44820676330167419 0.96766197037534341
0.97510051344216508 0.49291502314570163
0.68131067837309356 0.88122300611499738
0.64500841493145278 0.88317712954598548
0.57987337656565308 0.04458433131638755
0.82177222713362985 0.97038188262426983
0.50178113919913214 0.96301746573132818
0.39002099405884971 0.23294483096752294
0.01961860314252334 0.56632549112031394
0.46262211624607097 0.95901437496914832
0.46724108688930138 0.99374115059500512
0.47684334600275891 0.98493238122684768
0.55095674397948735 0.57103063316217995
0.75713053555370469 0.98385013246803843
0.01582954674161471 0.51939589332529079
0.54766891197018019 0.56974527304731237
0.67779149997703880 0.86295705159446856
0.58481674042549903 0.00373194343145794
0.54253189275748137 0.56078758800484263
0.60936969631925297 0.03667491862629332
0.00227443709423498 0.55714364467751265
0.59842151277688871 0.04131749890181708
0.83196885556215794 0.98163463795032257
0.53396880791300994 0.97711334581303877
0.56415673216775664 0.58113390066816750
0.84210334344990490 0.98266909726856055
0.60024631284476215 0.00000847647335880
0.77592299658398667 0.97331736495808674
0.48401580707053254 0.99051399565725373
0.47641856475809330 0.95202745867579652
0.55699054132119341 0.58983921210321466
0.35820241001737729 0.24848626065186269
0.44775719852993495 0.98957839939352188
0.96530721804553477 0.52853328127141597
0.82318719047157451 0.98029875933766930
0.55396966182559926 0.58746440399038369
0.64105376300095240 0.86578099985378831
0.62988695921005478 0.88582243595839949
0.38318528317996720 0.25209173063633106
0.48166847159243670 0.98652263128235351
0.73981040205694037 0.14521445380912737
0.78152330481951604 0.69744833942754991
0.15786090086261872 0.63941829499218639
0.94538741559649020 0.53315895725614493
0.81042152673066392 0.97368262368060865
0.46685252771078267 0.89007033187559259
0.57084704706228373 0.54598804028003123
0.34524290278201902 0.20995340320536945
0.02441104597555184 0.54169328213720191
0.56163920872343076 0.53457401193822129
0.55695896092601449 0.53174788900411107
0.96714912381800866 0.51683025745778499
0.65219116094997798 0.88554331610627857
0.67579469275336745 0.87603003682145142
0.94751948041644596 0.54235840039042182
0.59670410589034528 0.00879343413614873
0.97046622585378972 0.51260880038192091
0.96574499794790059 0.51609938849411685
0.03688439561573860 0.57298643073161326
0.70372258303156077 0.84333973162480502
0.67358932608219613 0.85538353640009623
0.57817907349061282 0.01045516755396023
0.56090479203049515 0.56491092807251997
0.57824421253450908 0.53340897215204197
0.48085641861137651 0.99741080788196679
0.52637644860393529 0.54753206982593738
0.56475084350486915 0.00493565770939821
0.02353750383738736 0.53837992873435103
0.75978119058521687 0.65476882608672027
0.36505729315054580 0.23050004380313910
0.66485825753765937 0.86417002588074787
0.58724494177687558 0.56658691898029767
0.37226793379365752 0.21940748642428076
0.49532867165911892 0.35221952688515135
0.51314403827441024 0.99994232785511472
0.54991243769443676 0.55389082535638434
0.78528100701916881 0.63601372330043004
0.62679079318996933 0.02477497009372901
0.99666392967845363 0.49932535638048858
0.01511657594281823 0.55307712913363294
0.37839520346326927 0.21938891745229272
0.79571626702612197 0.66412319992587054
0.35144076007969061 0.24950975881981452
0.36436533438509300 0.23738916927803641
0.04912170315589461 0.56578730669500399
0.47051044830776872 0.98772689182960993
0.78384086808161269 0.66031597576581136
0.36140557590026456 0.20869972895567424
0.59260327709222027 0.03631777624926459
0.98569941986740794 0.49616551255909735
0.03629734196326096 0.52389493302806012
0.48074313239621069 0.98406500324895119
0.03318936313558716 0.57553257640767475
0.77432558053306511 0.66039699323099910
0.35773888011205834 0.20831887603641744
0.95371910800903115 0.51166979817370362
0.55729918467283035 0.54584774776937894
0.58933211336839475 0.02892776343185088
0.77358309564118344 0.68177246539450020
0.79859351810929136 0.96478290689224422
0.01742484703428496 0.58516853195956842
0.56330084063042740 0.01610442773476809
0.78012112143115997 0.67862617774910317
0.72036750763789270 0.66347737200561252
0.52110326855953637 0.55512814019469114
0.46063770684561084 0.96760814579932974
0.40598461864463625 0.24824525657540678
0.36760046587914780 0.24958239382374175
0.53310502669527970 0.53738521236208303
0.78643394116005849 0.98249571356173815
0.58345156879078042 0.03533446937684683
0.54068042105650638 0.58088781255301336
0.57787067611441933 0.58187666253007919
0.49227350475952669 0.99803921657281902
0.02022151551923720 0.54477047582917715
0.57543925182699174 0.04144890827809108
0.02205527592544495 0.56681505495131412
0.37945432785470623 0.24980288871087730
0.98478596654626183 0.50924048821109091
0.49111321831989896 0.96025054979741653
0.74308552068004941 0.66542890763955098
0.75029367731819996 0.67046347434197628
0.78167606539273460 0.63760817270258319
0.24156658844914339 0.68893196296878056
0.82004456230135447 0.95862937869390963
0.60755309663686852 0.03831059571019244
0.59451355524982719 0.01566405963739367
0.01335968955628822 0.53609526479837644
0.82298711969554916 0.95807836500645760
0.55721575109690469 0.52700854813039211
0.77824572008116399 0.68885579462914504
0.78976778536311143 0.63921371181937159
0.56917156150796433 0.57482248445663797
0.02087099370652244 0.54978747627950331
0.78466302288461676 0.65549639832574003
0.98298085223571685 0.49981313267186367
0.02709587286370194 0.51828061375579204
0.99001587097568078 0.48378178057684884
0.34694149415619635 0.21325045420945177
0.66436686456020333 0.85782888998288986
0.02197377418284076 0.53912781206845839
0.75107470525869202 0.65433674665620334
0.75664703133035949 0.67436507036447013
0.80354802109356560 0.99705607387165018
0.04890785423874357 0.57248400411979494
0.56419977671087185 0.01714510074690612
0.59706911224305093 0.01983453239164164
0.83140705385773850 0.96311892125675569
0.66876725254646352 0.85473193982825757
0.98017119829232102 0.47723898006203597
0.79730068112433172 0.65645653204663046
0.05367653092486935 0.52345411088637805
0.76636147852259129 0.70007406501056735
0.63067352096284002 0.87156071973124316
0.51293848761745597 0.94879674827024962
0.65857069558471037 0.87575421801881981
0.74995032343683532 0.64385684021394340
0.00001892800781976 0.55229059622227694
0.48380187145012599 0.96721927546150921
0.36633750512384800 0.24960014161204933
0.65083328247293870 0.87536218240640307
0.29364057831498364 0.52085162700233745
0.62546421630977977 0.02248357416533383
0.59898545872808928 0.02951811863094861
0.46522660839989322 0.12412542873781851
0.96048174722786983 0.53908142394266767
0.99288002252854390 0.51855790648744604
0.58701790613779614 0.02151935718627111
0.76229678372146137 0.63512646016814522
0.81470523405744422 0.96618380672813897
0.66605838684057017 0.85244933941297130
0.44338637866533648 0.03466083602468251
0.47071268037655389 0.97960961169277916
0.96112427578945692 0.52150567759111777
0.44040240824216104 0.75079185726511377
0.54494235270062441 0.56315695922911913
0.76830180586697305 0.63390493348728494
0.48357834844065983 0.96868873708308401
0.56664570734076214 0.55604722654249794
0.78683741131313090 0.65488423454357714
0.80044604575785483 0.97414985093295325
0.55116944549579217 0.55304098590146333
0.69338443320957832 0.85565020618536591
0.78887417193707743 0.98501968157497843
0.56818071773753476 0.52875125274638390
0.55494696233188845 0.57177212521324916
0.46779299338940944 0.95813806211098707
0.59393418366876050 0.96214343944206449
0.99998936191864762 0.54840494537149398
0.47562290280694758 0.99617161904794727
0.67785900726022874 0.87906950035672704
0.75547686848479334 0.68306164541497394
0.91419963993613562 0.56932634266562610
0.98034598870240564 0.53612365134618545
0.64483379920253137 0.84740973870627434
0.63875250133483252 0.88420891224239939
0.99653134330291526 0.52321433172521348
0.45665108142127830 0.97390614155842559
0.51490907221569082 0.97388006101172908
0.34304059959806965 0.24477611580210093
0.78975606410435661 0.98242253309478988
0.58311551468426925 0.02568274029064505
0.55592813821558573 0.54036531833329438
0.59039559180301515 0.03217150993254184
0.71916917354889676 0.91208392824374207
0.58067725602965437 0.02763178504394086
0.58357883189366189 0.00286526033959634
0.03620808080233490 0.57823970447669826
0.96720685124208128 0.48850983438889717
0.77178951329170009 0.65652567173497012
0.75775874959147027 0.64299561839333153
0.78691123688793740 0.96298693587795114
0.65969366248990113 0.87962297191290784
0.45856547922893948 0.97341431316590399
0.74753619028289109 0.64628731199414546
0.74843938071664529 0.65707159058457798
0.34629107357570205 0.23265530051789091
0.78957824938362164 0.98330402328703526
0.60636880190895781 0.01880330011175881
0.57729258221437429 0.56309907916312152
0.38494252596102246 0.20889089226392121
0.78628820663593824 0.99292949113182838
0.54436666051777727 0.56777024800938303
0.36708391150116126 0.24795913172271228
0.98333611673851906 0.53108222343259870
0.57245834943927898 0.00731394210558225
0.95407653705726514 0.51587842244620585
0.34468596994603257 0.20092021588314213
0.78144545275669608 0.65257608418779045
0.57714820309040882 0.55643690043472693
0.78688444809616920 0.98568918488099722
0.35402493633915783 0.23282918969557656
0.37625417355173435 0.25682453191951521
0.01185462527230483 0.55225290689215245
0.65436949005994294 0.86191844366708570
0.66377868384563676 0.87318394765905982
0.52288951042108345 0.96345129263062834
0.82350912779258834 0.98865906743376242
0.77965847082084883 0.98876313390198201
0.64942684137836437 0.88717038324749753
0.63901849130160149 0.88592372439050371
0.02957320504426523 0.51141665993246332
0.35527412818357906 0.24643745135297204
0.97793699600326045 0.51045444841217824
0.66832657880407054 0.87690569127602713
0.98900903862599177 0.49366966047005495
0.54238937418127964 0.54646909443693181
0.63277669318665530 0.87355926248240334
0.72116658280025070 0.04598768457900147
0.78151924100112191 0.65707650970674092
0.00016490548855341 0.76872488721901178
0.03543175399407821 0.57014073020395928
0.69731556348340951 0.87639750201624778
0.76204410676288181 0.67206546821968716
0.60562973545727827 0.02999536929666900
0.62348856719391699 0.88480674812058224
0.97381052157993386 0.50039733521231211
0.63244939801663147 0.88730895439447932
0.66607921580435347 0.91775733127515891
0.55864476601593038 0.55063542047576863
0.07014073233827550 0.42468958084083241
0.01337233334123334 0.55680920924023269
0.64491508754131144 0.88535063677866532
0.50572433978587727 0.98590853541928791
0.04222978221702892 0.53544621935883796
0.49868991637778326 0.96234866687225129
0.59221412791109362 0.01502605450388564
0.39340666219678672 0.22670838068119656
0.66431669124879422 0.90115166895849863
0.66533454599675290 0.86854750576222783
0.75788314858798689 0.66484876374487178
0.75895270534958392 0.67685239870331981
0.56569500111812143 0.00821233696234698
0.81709875160848267 0.97879292035272680
0.62727021487949175 0.02021968054948106
0.95725431907714120 0.50278944356387856
0.46814769680656632 0.98678610385203347
0.59540234165187977 0.04443207251796866
0.49093565556038188 0.99710780657990628
0.38827825854970410 0.25539603239070580
0.01320479631340615 0.55989723209128062
0.99188967183007004 0.51822842090425969
0.02407465707287827 0.56298365668015771
0.49070158563875454 0.97117268353889019
0.80439392150682187 0.96057814734321523
0.48484702980109567 0.98646732123871561
0.78430758124781064 0.66666627538709500
0.56426479238520844 0.53850329798912422
0.83163911650453282 0.97907708682293160
0.52594097715891752 0.99999324392615829
0.49335402169992221 0.93714220223581113
0.47531315737649982 0.96808242546961498
0.65717575811356288 0.85314003061413346
0.36271871502130282 0.20631850778077418
0.56180968167526657 0.01441688921669387
0.78292824763324298 0.95681610894689595
0.49078534235239796 0.88359803471075005
0.64922490777797670 0.88358831525478876
0.36940981267530432 0.21877998007252045
0.59426605108668584 0.00802427164723946
0.80050634347905680 0.63905413309004366
0.56036624938958279 0.56108607012696909
0.36501955241200545 0.23665402115757109
0.02450333955449627 0.56102644194550266
0.46921524742930876 0.99999918454072534
0.76033529304319769 0.63760446098729884
0.53157727254429543 0.56983618735299202
0.97420458372017404 0.54577992775973949
0.68064881115655429 0.86322865205417054
0.76441728625265859 0.67709442561261235
0.58106608230941914 0.56273144937492015
0.00898464159265711 0.56925090229046604
0.69350247583482050 0.85815250277617705
0.56798496758297701 0.54977184458613981
0.45678965394834581 0.98302171761351631
0.96846984745594633 0.52917548430131578
0.66374668364298250 0.90016682445027585
0.97474429528414586 0.53593067318004828
0.77371953048649289 0.98600443642033186
0.39267691256296533 0.24064755431388932
0.78782319786206190 0.97904065137709229
0.50229808765947381 0.96656866171303890
0.50481366039067932 0.99100984190499819
0.61015197004626953 0.06075811504760964
0.01880349071012205 0.56901604739365108
0.79987929622449805 0.99881194211916091
0.80997366049160935 0.97273488455420387
0.48303252554361253 0.99246770205721047
0.00503014042153940 0.54788785599098400
0.56589400827732306 0.02668976974711455
0.96484590596770170 0.55023691673451780
0.58173048083224888 0.55708065865354373
0.38273789568536626 0.22449417123026116
0.80162907996265198 0.95625629174512539
0.59223967125976895 0.04116381931396292
0.80816477825677779 0.97566758599275949
0.66615140513214977 0.90256856532180774
0.54868169969895675 0.56895662492799615
0.48479515335407053 0.99170214214597807
0.83903758695901676 0.97585036921096546
0.75660249472604524 0.67313448284024835
0.65581128727083449 0.89431698541460714
0.81754722687648262 0.97950621473941735
0.34863295134712735 0.99999983485249699
0.48234056381301543 0.96238839654610908
0.66914195998178028 0.86632887389915025
0.47571096425917608 0.97159876133639544
0.97951081956446051 0.52044447722638842
0.05103219451264691 0.30242199209155357
0.79472075566256362 0.97233478120086081
0.74706428773982569 0.68529606919658947
0.50427319461971765 0.95571259575086043
0.76798144638623933 0.65587264001700696
0.00877345383243198 0.54786141717757098
0.74283884411092382 0.68508932216815610
0.48640352046416352 0.98702328687695762
0.56602870187183518 0.57185831662929676
0.58155327219191355 0.55970110397870687
0.58130795485914100 0.00980795526379833
0.63722887844223430 0.90119150020386218
0.73449457162218157 0.69407316757734805
0.41237734784363678 0.22928642363863555
0.98700231672266014 0.52679102266013045
0.48234110477321734 0.98354954822690155
0.59086385355884941 0.01802652698319607
0.97915649272398997 0.52341703430957554
0.57015128575853125 0.01500011961307069
0.78678929090017313 0.69040408804396802
0.02688351219926768 0.55660739610890853
0.45056292626696803 0.96503023890070350
0.80024307600781874 0.67217258718725081
0.81154167985492565 0.98996901556976569
0.37897794606050256 0.22979394856526497
0.80969716364353983 0.99370178116286845
0.36100702820073971 0.22720687151428706
0.64269044225016203 0.87587297093439942
0.98092162449816300 0.51420322279218833
0.94578762927512139 0.52812129406274455
0.45801991807410786 0.00000077630897807
0.66843455232589866 0.88048545007276258
0.64845356184039904 0.86540515664157547
0.67153736334284209 0.86653761366523785
0.07831989583048465 0.76974396261444289
0.56963804988268907 0.53036280735427588
0.57801647259978173 0.02457237692651572
0.57067305074693808 0.53760868185921062
0.02590652114984313 0.54260189276700066
0.80438116680095706 0.99394845203559878
0.06269422349875726 0.84931497961556057
0.77496515825555667 0.99810283179513615
0.51350189945164282 0.56647043002705300
0.41347921686247013 0.23610591810723658
0.56153420552371547 0.54831757735861608
0.50643979294848229 0.97315116379125866
0.46599362144860118 0.96574618055911388
0.92988204420038867 0.49104417769708353
0.60360057297233727 0.02245461066862720
0.79401160042766539 0.98386153177271640
0.81808978925078302 0.94390423151853542
0.02610464851978162 0.56319945953157058
0.67277221354744332 0.87366204911437118
0.60162275890059147 0.01801467260484353
0.80338841028532004 0.94954711716613194
0.67161134043216653 0.87390832373914618
0.53819853349956770 0.56429232322698208
0.46975225279797322 0.98446123051511425
0.76098653252778281 0.66200403549709297
0.04807020304962985 0.54190301728057166
0.48841407822831934 0.99209451433392526
0.80272845369330625 0.97340748663805021
0.97793095236943739 0.49958733036212688
0.77279760567526101 0.66541236111375779
0.57776516950778145 0.15077044281582400
0.38164606287005981 0.23593769309004958
0.79071999554119210 0.96934846947904163
0.97834089633050048 0.55188615504367577
0.38577137324054672 0.22707158970477112
0.65970281903514394 0.29239389461050713
0.61586456694569414 0.89369701392844692
0.76081459570208221 0.67584635559805439
0.63801488919716542 0.87892582015658038
0.98166958914117730 0.51589174783330993
0.82575214376328365 0.96778696691949539
0.38436925201142969 0.24250720074056156
0.35754363317040649 0.25656190827027553
0.49390669142166804 0.97933144656754756
0.02153748790214415 0.52477486307267374
0.79193343754115642 0.96556566543221345
0.79314230282114562 0.98415202153966186
0.46941194833231009 0.97238200839911892
0.56888568105831316 0.52677421418254966
0.68835498871138379 0.89667303587680369
0.67868858862205961 0.89280669060980256
0.47450659170204440 0.98752116194423123
0.66472290903717290 0.88344397328441204
0.77448659513914420 0.66613778531582324
0.48272557374463776 0.96843925456551250
0.54636099490486567 0.58040523318082837
0.61789094204458606 0.96361030117671043
0.68888644981653402 0.88016056215673388
0.81023447530466086 0.98704344478142980
0.75394992760459412 0.66474212947384115
0.97630095584970111 0.54143315640342549
0.66166498278315289 0.85569801966521797
0.37141102289090511 0.25812679740123690
0.59156065373916167 0.05410007509402261
0.76512382728957407 0.67291731821522061
0.59415850015251925 0.03565650353338873
0.56402612354475279 0.58375874857423715
0.48712046249449470 0.97843146606135578
0.03337717729071047 0.52902595106809414
0.01189664408428774 0.53545874744055322
0.56218581618347074 0.56785502080549810
0.96322347728341806 0.52288494600833824
0.97758001632479508 0.50325841408046601
0.57831171138076654 0.00865158193512299
0.52271392159558949 0.99454554225447178
0.50233778977883647 0.99003001794386791
0.74462497465163335 0.62152386114184133
0.55917034417728051 0.58317059086562406
0.49098467864733936 0.97957568593771971
0.63214407630192726 0.87571734514471378
0.76524044589368012 0.62970348793266895
0.49240826246201019 0.94125374890316860
0.77029757960387446 0.65578171836491894
0.49001514373169541 0.98313067905815521
0.82601832138570341 0.98812201793283139
0.96790132212025759 0.51230366622562495
0.00000879702337850 0.54212429148454500
0.38198615992007151 0.22949121129228148
0.56773623392973216 0.03714881904841333
0.98137881527625281 0.48551370970632018
0.47903945849460533 0.98930536331853536
0.57537600260812771 0.01372082290868619
0.58487594187247371 0.00135336370672418
0.59902124468021634 0.01223129482661202
0.02744219194876877 0.53867718563758615
0.97956714643716947 0.51819560894722461
0.55043904925160370 0.54819700779015212
0.54610638524159383 0.54499222435174777
0.99282074871718184 0.51743082358992132
0.81555891579067918 0.98068467755748057
0.57331801347356814 0.02684229304927014
0.66506867352664445 0.86321149157494825
0.64673914550385458 0.87521880105031358
0.84827138455986240 0.97161180715557871
0.58835198505902975 0.05071184872958399
0.76184882029147272 0.65068984880390512
0.95809297727856058 0.54939028698422332
0.56402710354868590 0.55071677571571753
0.80776412208153359 0.94316222327542631
0.58681871843694045 0.03946131518981875
0.56502982491328269 0.56262127818712837
0.48296242530883138 0.98635265892212998
0.55172498060818587 0.55983676164809881
0.37250423274705263 0.22324933555119045
0.79993382981858929 0.65146213617211191
0.75171985043038358 0.65094098595989036
0.99538528765550460 0.51838647193641596
0.80293398598552834 0.98818147958839264
0.82064839230727915 0.99249350021796234
0.77581828298252054 0.99276662124477932
0.78635347271661893 0.98935085683103463
0.73432899956992581 0.68744711104496403
0.82506962854210386 0.99416605104803091
0.36883665409473287 0.22965693663652126
0.50047589157442474 0.96466978360992084
0.57782682019542964 0.04032217367787639
0.78839748269339938 0.99276841220294199
0.44411157727093109 0.97817521293696108
0.73239078225613452 0.63787639764876769
0.55851508937133931 0.53529418181924637
0.68626444050346613 0.94480972870200142
0.03805804243696725 0.57735402422694804
0.54980817096355361 0.53761067753486591
0.63737990339585349 0.83254540039365210
0.36021907011681936 0.22567643941190188
0.47912804080194937 0.99739371034956792
0.56255509703122974 0.01815421198606496
0.49705917699248203 0.98974621199065871
0.80831152841242182 0.98467724130698864
0.54734249620576769 0.56535700964392499
0.66886511361965206 0.85802459659566754
0.49671011137200816 0.96623132985583304
0.01551028392708634 0.61357495107383297
0.66179179336920013 0.85004178780130701
0.80664672887535493 0.14697609869243716
0.48413340594117027 0.97431155773209854
0.57278382881132872 0.05616996059018062
0.66159046143518252 0.85900250773392772
0.76493137296697655 0.65587875895319170
0.57303461860499016 0.52975983319959263
0.82035506454548734 0.98130574520225100
0.77691065895895106 0.67749672843763031
0.56479903532305498 0.56655101651993223
0.65505669320955573 0.90772876372572031
0.14051282537281373 0.60852233945111867
0.45644931363441121 0.96178843540712355
0.53373049486542223 0.57713424106698819
0.96200353598338695 0.51842681289102988
0.80757590565158799 0.96474347396118598
0.64474128335516334 0.90014418435852905
0.65773051069619803 0.86061845821031058
0.37354098892976351 0.25272673015663588
0.02884390188209798 0.56073470630581845
0.02226352391221992 0.57405729475209855
0.54690878101911855 0.53562360734113013
0.99272725612677104 0.48224317895121216
0.02705153525821813 0.54163323812327624
0.49534651664443419 0.96631661503091992
0.55386030495709904 0.54452940360856550
0.57691642906170604 0.03136216309032243
0.01107321437729076 0.56611401930502492
0.94363200522983859 0.96998190574375931
0.00270494273801026 0.52397491264322837
0.80576679497442838 0.94866169494192443
0.00115727003155919 0.56561826836782536
0.00443345311212375 0.53720659174081875
0.00484915390789141 0.54959131418704954
0.57675509127492341 0.52346004676082780
0.80070802678281927 0.95352734281493001
0.47090578291377860 0.98426861055037418
0.77929192492075350 0.95163086864830393
0.64849591639992998 0.85837895559187916
0.67712138838441793 0.84589891290799324
0.48244087647894479 0.97687698959978653
0.60083331667851536 0.02229329682778242
0.00722452007650958 0.83137451979478383
0.78370379474964180 0.98230673810471303
0.68363451948647447 0.87242640104636338
0.57779828045250425 0.04290521795902989
0.48950788855619809 0.99819917109543965
0.99806916266059265 0.54588181152997950
0.37612559981068189 0.22947488898382368
0.52943229559382232 0.57133756457690954
0.56771634410118732 0.54673786389440948
0.59510675463902396 0.00888475857928871
0.61560449689951990 0.05125620781730197
0.76183310822374806 0.64880750205654358
0.36364692153814332 0.25954495010397033
0.60090525351592872 0.00675335986647766
0.37392641482109129 0.24025143025357967
0.81185432815191139 0.97703828972394047
0.53757324103536863 0.55848779515187053
0.37620745182163207 0.21892515430321124
0.80074120173903118 0.65359900537315330
0.62589878905557239 0.86849499543682251
0.98236454201763901 0.48219490570292195
0.47867130976592459 0.98582610175383267
0.82726376029343918 0.97357431872336209
0.76035859417645368 0.98095116500224966
0.01301008536588050 0.53424169519946474
0.36905378874025652 0.22231304282118242
0.99243430545761147 0.51633311319487563
0.62367677501127261 0.84285746115073845
0.68313127109611893 0.89105016631478362
0.44718417737233390 0.95380223829840549
0.01205282158744098 0.55873126579648924
0.48649306918575724 0.97226185748083838
0.59406128765290500 0.54842070933154041
0.96419187344487844 0.52017694895964828
0.39408232997908915 0.23995369178387277
0.78361162992035083 0.64861982498485871
0.46640586628210301 0.97609918226807990
0.78517133273447859 0.98292632477008379
0.67131720836922915 0.89133913469501258
0.49518913921289581 0.98581793227022962
0.66547427308831453 0.87869518795261792
0.39905914593442249 0.23086267435095068
0.77965081143741910 0.63509090350844832
0.75169215606869333 0.67943038551229162
0.75830204220448982 0.65453156721485672
0.59055057355748652 0.02369353333596344
0.98591040454862111 0.51270276858244423
0.80691453299179206 0.96318586557746810
0.95242410519543119 0.50178771755195395
0.34301966316706772 0.21836441743345025
0.48037742159222679 0.96671373262546800
0.79010408637426544 0.99189643025509411
0.67637880372342607 0.86767734082293191
0.56672270296177618 0.55025003007088757
0.80162730382627179 0.96380170376082441
0.53086610490894681 0.55648049588458248
0.58493280447516804 0.56440255190754385
0.65699741458669536 0.89926400115744931
0.39507302830712782 0.24644103962942732
0.78116399663313052 0.64935948932109711
0.66525089533298409 0.00001303898173209
0.75667786418528649 0.68135891452761477
0.82372614719182868 0.96232437983206864
0.78258136489147323 0.97694319108293937
0.38962218297715423 0.24301436622016720
0.02207662507593160 0.58068714535810617
0.99428144234241567 0.51487617430370636
0.57564791672171089 0.03567257083911796
0.56717972044376863 0.57298108310686946
0.81383187766002174 0.99313606214187988
0.57332930878427835 0.00842136933658754
0.38202170071724934 0.23949454837564502
0.57079228542251537 0.01889497069755757
0.39224671838024106 0.24621321389708989
0.36511172914365719 0.23848546991464173
0.54583000237236423 0.56745633926829109
0.00008339652790761 0.61151532512393525
0.75682942526167962 0.66836006807776327
0.58204820078923236 0.06004133201035847
0.56343682643538706 0.56387629291391683
0.65989670097435360 0.86905383543643944
0.65566873794431246 0.89052594899258253
0.44527212199804589 0.78880551641178509
0.39591594159879123 0.97441738328263572
0.45803173522724655 0.99868450377269125
0.97433394237082638 0.52191313254820415
0.80577240398961969 0.94509817314394351
0.02363150774674694 0.54427875333902098
0.47245675786413183 0.97897892638611372
0.59804013203323969 0.03053241544599722
0.58784547806511933 0.00941843504646958
0.56330518705088728 0.01847092197427740
0.00458261891159179 0.53164074935121763
0.25122911581673613 0.07052125884510063
0.34141254219196615 0.22993926069878950
0.65737070560337063 0.87774875497773874
0.01327802045454793 0.55915195783922622
0.29230506946027929 0.60873558797979188
0.67661391000404070 0.87998752789139367
0.57646572030031806 0.55881653360754857
0.01943180231826390 0.60230594158446848
0.58260696087891439 0.03050868578074560
0.44047959302009226 0.96494621300675787
0.77984069118797195 0.66894431060453974
0.00890762023430945 0.55527225963823912
0.36365860853127213 0.22653125553888223
0.97782379786768892 0.51110247894571903
0.98569680957615768 0.51111395101831458
0.97711320739896990 0.52606355345613232
0.01870810336680001 0.54822331979626560
0.58690885114154867 0.02511937034249118
0.94854440337225510 0.51908848352023906
0.58666040312245127 0.04457593187526698
0.65869497202536942 0.87171028829794039
0.37122283175410070 0.22979305494654109
0.97349980797822822 0.49798128956538390
0.59570779936461027 0.00771152963672616
0.50982245458891284 0.96876498058617466
0.65562041014556582 0.89322119585276527
0.75924829360745805 0.65772355386798798
0.81607646686689339 0.97140114269901756
0.77174018209947626 0.67463580181981464
0.98632601022829347 0.55015112331354088
0.43798298280713449 0.99442196942029071
0.56521229326494637 0.02594913703558930
0.38373026528315018 0.24152243564909609
0.54443729321289636 0.56898380467968812
0.76495565579923275 0.67144568885779976
0.36761442027424984 0.19509068606559682
0.99868249743833071 0.51162406971310814
0.64841460881292656 0.85989139701718120
0.75220445637770195 0.64333280416652316
0.00468753370487761 0.55791397286025401
0.00634166842113782 0.56156049195180846
0.66050538871228559 0.83646100119761901
0.47576247262411459 0.95642863227620778
0.66207846550655003 0.88828051108007700
0.56570825633332655 0.55731085352485410
0.39066871672696618 0.20594754811927735
0.38079813719602640 0.23326547681396229
0.50425043566216043 0.99528524795572670
0.81337260197491013 0.98475859409939670
0.98799812743264004 0.52656457543915680
0.81113872430944967 0.98215939724266599
0.46605363928627697 0.99849602059477660
0.66365753490295309 0.86552965029681250
0.02584272965256123 0.56145330600840104
0.98650791031169782 0.51530547841408514
0.38400634092814068 0.23726827259318595
0.52269388740366918 0.54101278220444060
0.76917981225032206 0.62801457746574185
0.77787246866319604 0.67290500327176817
0.62226845814314957 0.87288552887916926
0.78094033652845518 0.66475994030708296
0.98608039208786269 0.51346134220199191
0.93323330705677199 0.52155376768541595
0.76021063134068578 0.66137046640621799
0.55317841407471624 0.54260718256565221
0.48057529062720067 0.98969294291370558
0.55720558259025477 0.58030261506429570
0.46233011304885979 0.99776955523617938
0.47882660712984015 0.98726538574113809
0.52628534532680549 0.57290343313052028
0.38565743346461934 0.24459129837093710
0.80815923579604532 0.98108408705344197
0.79042019454860513 0.70474399900023865
0.97833231716804003 0.51199332603019976
0.01633247613481275 0.56444720998008402
0.55932152775584310 0.52201293110406632
0.79481299319207299 0.64441769119104275
0.66609082241224060 0.88171205479545611
0.80723573040940733 0.98493151479222774
0.54094526700408796 0.55298430857766478
0.46476923694629263 0.97062034107543727
0.37463140157403352 0.22804468799331698
0.60968066233703733 0.00408131568041032
0.37019477879138607 0.22351827242480046
0.66942085774464333 0.88105607518285400
0.55370178646320400 0.02084237267623461
0.76360803985569192 0.66203418614842868
0.45915845802929461 0.98738944062080680
0.76799879938003013 0.67925212471775109
0.99232222457223662 0.52672864237978367
0.64986555160260595 0.85675037741406768
0.62499647198119490 0.89084932842753972
0.57569727134710014 0.55027222244127727
0.63126907514327435 0.91704797964557294
0.76130090240899939 0.64967189488130583
0.65026855616949375 0.87963339134395691
0.56357079452107384 0.53432434544456187
0.74926666021220212 0.67186827092148282
0.34535139080740324 0.24634969655794040
0.64913717111924962 0.86763798185071683
0.55848451779487485 0.52467658532235040
0.54897670046164693 0.03625717300590425
0.65644321178567022 0.89171657318449959
0.64591407865830475 0.91055067315189575
0.39094950326206279 0.22491799303564561
0.59686503416784698 0.04509312082744840
0.81288311115234191 0.98846336299177961
0.05231856833345699 0.51400681805410153
0.34332047574176944 0.24736152360431268
0.55182972390282869 0.54075126436666199
0.84042982132818300 0.99086595040592873
0.65071569950011854 0.88535322585402243
0.83847909476877380 0.98469387961838029
0.47873001042103497 0.97894705911845514
0.49431381992911322 0.98960130068291563
0.79451003097687745 0.99293478271650282
0.04897298672466164 0.52893155705868855
0.82866441945619274 0.96069889424426247
0.59897296921923215 0.00280963288125424
0.54068346828855407 0.57278940008048185
0.56344506086082979 0.56110903343769336
0.98077875827570893 0.50861561357587670
0.00353045687947692 0.53592135066296398
0.58029750082916942 0.03644048194312574
0.39804376387946211 0.23850728852917005
0.78235692404875901 0.65203775719582435
0.55079810129050932 0.56281138971901978
0.61735592334547162 0.00004360452304464
0.55680565128020687 0.51435600895947309
0.56496955872194754 0.00243115784305649
0.56040610176584060 0.57553795584344325
0.38008675675505171 0.19260344125265058
0.81194224063458398 0.98493125008477078
0.61986326602066788 0.89209933415521236
0.86437627263916128 0.96697273256629690
0.46238713810144283 0.97823761509616403
0.53291350416243088 0.56796092354674788
0.57175874471170518 0.57108531566036502
0.47272715013029704 0.96604386796566177
0.61113709064793209 0.00743587703345016
0.58472341512840476 0.55628529845223740
0.01664613945591406 0.56652617291875207
0.77055615847975267 0.65241930797689529
0.99774193081219087 0.50976287406352105
0.63459150327407099 0.87014143860809767
0.78976827676085970 0.95130600247423036
0.00418794034284457 0.57687777215178127
0.97959760472731006 0.51191856804022751
0.57812927901383748 0.56830704454137471
0.56934402952334484 0.58536355781762617
0.52615503988846024 0.55968893768206951
0.65403588689561343 0.86571175889480112
0.35934970841916741 0.23801634946186198
0.01434195267232361 0.56517332192965120
0.97350275607759973 0.49346752249828596
0.82343711626182547 0.99120143340901357
0.49639153900741184 0.98392452965630572
0.58220218138084390 0.02408656919630128
0.66477086435194377 0.88991027213424745
0.60012827938232605 0.02415682154423702
0.55979554134058185 0.54904229659561299
0.65471077416405998 0.84866124539168997
0.60538277647332672 0.03634674795244908
0.67289182253563695 0.88047879032118193
0.75352356234849205 0.65478456115109462
0.40448499638620794 0.21785045916162385
0.68274003751970669 0.84639480003658962
0.54834689986155449 0.55779771511447584
0.67094130347867198 0.91602167420815139
0.56397472084215672 0.52321452962666670
0.58074238439353476 0.53656964939382423
0.03980991261341385 0.54167578501013791
0.98659414855480398 0.54275981726455635
0.02401168851964738 0.53214976788039137
0.45419317295609335 0.98174003348313410
0.65076806565281053 0.87430695163757244
0.94688164581510748 0.60413060219018611
0.66321671143617122 0.88411144385713825
0.82218434338457635 0.97655385763850022
0.38034595696524265 0.22025057387025421
0.61520523558549500 0.02381948035561966
0.54758585364273882 0.54646151651691655
0.00424508613252345 0.57511689901946639
0.49003192139951041 0.99049061874865674
0.64852469612885055 0.90227990780651290
0.37891899155285524 0.23552475917210064
0.83776391389712968 0.97920644301556226
0.81038231654566961 0.67522830588299632
0.56841835378784300 0.56243575450092553
0.75422095386398169 0.63910715965375831
0.66918978339914603 0.88948326427540247
0.76662630549487143 0.66015945666600695
0.79507555396408602 0.97755553899618142
0.77574893404922929 0.93744490447031181
0.36743977191679900 0.24057385089635391
0.98143589459446012 0.50571926683738633
0.60104051173641826 0.02910606650937946
0.77711911500009434 0.67049338319721807
0.38608843506198587 0.19895306083691180
0.02844218349486420 0.54867811061973804
0.02389362234516562 0.59358159846774583
0.97809061684010978 0.50488224143746718
0.46619480003957070 0.98229644660406379
0.97218522203684787 0.54135733891411264
0.60348908877589791 0.05540785899362748
0.58564072058240135 0.02600340492087943
0.63193546303766424 0.09823719142978957
0.65529064725417863 0.87430222324310614
0.56450036579071527 0.56924788847081642
0.50096991790023138 0.97179253760554218
0.53219448257253621 0.55267259171514749
0.54666200805498866 0.52985424775999634
0.80114257010387424 0.96789285916828360
0.67618368588977595 0.91272081658942528
0.57534650448547608 0.01888060112056458
0.04402523526663707 0.57005690829748656
0.01983649343903935 0.54926355182229125
0.60451102718016880 0.00268299223615191
0.45912056217297104 0.97838393207281671
0.37697719438466143 0.21133935916400431
0.80662238258772456 0.66354033831725912
0.98484473399444039 0.51789057335424538
0.01112672549786163 0.56744983990751763
0.89979719462258878 0.66797080016465882
0.79319323791770302 0.66837669572077718
0.76341426035480753 0.64660583005800232
0.38769858227555498 0.21848375714568491
0.99880659861328325 0.51536586769674786
0.50378602635524805 0.98980333009720989
0.68165452900835211 0.84860366038044910
0.99841041457819868 0.49975511871058637
0.55184844044507120 0.51422860076553811
0.48560802154071242 0.96634867410433056
0.79697843849878958 0.96160500494434054
0.75367354899389749 0.00017598591278133
0.77256364467013583 0.66273852476955641
0.00472072580288655 0.57153987469931544
0.01817286487480284 0.55915861382134302
0.65352732822604986 0.82644293948734737
0.00449556542547416 0.55364348352426118
0.97538940075683667 0.49586033471475588
0.60137010979664496 0.01005696939965968
0.00095016790848239 0.57416778213493580
0.76635930483530967 0.63923805025589087
0.02958451070847924 0.55237925213982031
0.54889268782860157 0.54788368261009179
0.55028613989155517 0.54964088505156916
0.85568387705507620 0.72204384291733348
0.77291332108009470 0.63653184741526536
0.40380937106129450 0.21184171250111059
0.59369784302177175 0.03913433824088895
0.60377725816541761 0.00000176551404893
0.98787030967838374 0.52937963462883952
0.69488739933816202 0.83682320127978338
0.77425120518895740 0.64641901758577258
0.45910816611567068 0.99151105603728340
0.96569006098443244 0.51309670820784314
0.01006734525788819 0.58016216364274265
0.00370970589408374 0.56216612436119784
0.46335321168202792 0.96987892012367527
0.59796142531918783 0.00371860383314706
0.76316271701591210 0.62807836078861357
0.01641481275908540 0.55470325434872170
0.99562083178390681 0.53172710947464552
0.49154924465311872 0.98231774953864881
0.51057690103678544 0.98817549689084627
0.58514147890606827 0.03707310202391206
0.71544871485230399 0.84498233178949511
0.34235180805391807 0.25374271547922117
0.98653012395371809 0.50897901808307400
0.38940626524394306 0.24443556894050075
0.74658972278060287 0.66138325574680401
0.03995450424301208 0.52628701062443850
0.39539390103224314 0.20459379235577896
0.66650538798865577 0.88763709153480741
0.96205506999210622 0.51629648364005742
0.65363303107180404 0.88408476814749581
0.50536088745019403 0.99410567935428562
0.76774829816403400 0.66671999650058567
0.47219251121247785 0.98705312985743698
0.73699055470369645 0.64814640527623435
0.37635260228730744 0.26283277367482993
0.65168757964501733 0.87449930725108427
0.76973847557424258 0.84051402576387213
0.67021131103779175 0.85382225720204952
0.48552063452767596 0.98488110326193790
0.67633541215530457 0.89194513308559142
0.67537294314576402 0.86104196726760485
0.74979116994522887 0.66760421070522014
0.97383689281028307 0.34497085019490564
0.75342443606559384 0.65682818150696809
0.65580052555377932 0.88326677047835878
0.60203786123826919 0.01901755428316905
0.57838240251460726 0.55018759191860944
0.57994409350007670 0.01067189223354673
0.02638441331227721 0.57029343897841089
0.78309408171357098 0.65921668046064774
0.76573531271011563 0.67526454777329759
0.80152580344576363 0.96140060469566513
0.75897857005666147 0.66329428584148964
0.55040810472442303 0.54089542281529324
0.49336793342677926 0.99182983987776041
0.99729090786076968 0.53782891009514444
0.78260132741247512 0.97972246346285363
0.61314887694726095 0.07776824857098857
0.74957120759532569 0.63484600831887072
0.98944598688973928 0.53059242549992303
0.38408647669754636 0.23072822125863152
0.66264249614884896 0.91205408200786808
0.59379863049829618 0.00576052706091666
0.38900115828491094 0.21886877436676930
0.81141436413077284 0.99258580350940484
0.57485342509665005 0.55721746784130299
0.39129678677488300 0.24246452482161607
0.01032617134556373 0.53985161240330648
0.36593873932638554 0.22105096203363078
0.54004604974914105 0.56882081423397823
0.80679977982254714 0.98050797265891099
0.69903477969647332 0.87359418207081685
0.97761247375739091 0.52789359023519666
0.01244809486787729 0.58236733219409276
0.98755490613139463 0.49588520878428677
0.97336662282797137 0.49230942471276129
0.75450991888907437 0.94221041576723819
0.58878670707247494 0.01166459524533838
0.75124725550905502 0.64635979241238783
0.01948327867685174 0.55163508889947677
0.69518792091206683 0.86394217200624046
0.48566657775946059 0.98613506218829750
0.98454270036808478 0.53172289358352365
0.58829622156128369 0.00511187401282155
0.99605859942673780 0.52785291306079474
0.78899504023281719 0.94435818727228305
0.66014085262109690 0.85955554142427193
0.57321398990024497 0.56526486129672027
0.36713840205074677 0.23142123120835401
0.00001267966779480 0.50297700224177289
0.97221640931453968 0.50608773292438414
0.54341884444505340 0.56092548182780877
0.56034777389979151 0.57786773889356657
0.79336827604696447 0.97946806832872069
0.01010769818819250 0.55509706615688981
0.94567121957618050 0.48884802860857923
0.74567478891714556 0.63850290371865970
0.95890372942296831 0.51102512548183909
0.79396105172988607 0.95900522723398696
0.97426776456959840 0.53149520958810159
0.36944854987146775 0.26081874670902033
0.49125410781673440 0.94393611229937602
0.39597399240489706 0.22479360104336549
0.56086778754294631 0.02435149604518558
0.68450282054833111 0.87783608139715608
0.44438801885008344 0.96724774438336791
0.38828891519870956 0.26257773252129835
0.77515004861179337 0.02539237318619014
0.76220577501603470 0.67027239266813388
0.96626150875299199 0.50314487596467117
0.98792756412625204 0.55386004813251677
0.49313992343679042 0.98464281159234923
0.37640676071140966 0.23524095415951027
0.74049053924728092 0.64936506901223578
0.38972649648893315 0.22211170515993517
0.66920500512437975 0.86326955094673707
0.78100090216839624 0.99995702368916772
0.61170456842797705 0.00992471747578217
0.77034608417595651 0.66436736823417086
0.47471181180715705 0.98941964894343315
0.59265743899113787 0.04618876262545092
0.35626987169332225 0.22527420813688098
0.81463846666832629 0.98290989501387227
0.55909033238834505 0.02845380865125281
0.99292162881358548 0.53463727026832597
0.56620656414927817 0.55415103857886416
0.52749929817782715 0.57043236675382003
0.97312293341625633 0.52161318357722830
0.77694799271452708 0.63297283073394983
0.37485521869865063 0.21716108423133607
0.02657019732781241 0.57360292955595349
0.37498395471909907 0.25832793007217408
0.02621233906053298 0.53333303283262357
0.55616114490307778 0.54825590363135179
0.00314689428520802 0.55850472044399968
0.98796099588760011 0.52147684425763208
0.02576817430830421 0.53966329202580055
0.65030092845831178 0.86196078656973119
0.36133251040050907 0.23113968780309183
0.03035924705603860 0.57286795935557944
0.97862031358295842 0.53268611653156372
0.60490032748688649 0.02200076686467129
0.66545009212751727 0.89441273532874166
0.64688580590293976 0.86919983316453542
0.69508877290656212 0.87350298141659688
0.53589171019694748 0.55220625143295565
0.76597099543657055 0.61957603048815557
0.79140826325854463 0.62389852056344841
0.82468189370558864 0.98315443615926112
0.98179141197929998 0.50054173541752844
0.78566494819755717 0.95656251907078016
0.65180943553108428 0.85603916283014236
0.49149892910418458 0.95888988836526656
0.97805146299744339 0.52166936845622802
0.00817671821729259 0.57962178821837673
0.44309166610708467 0.99113065398782896
0.97178616163612797 0.53634457037734473
0.59405642036792761 0.02650323367410050
0.36400879474252579 0.26219449832549824
0.02258405088059843 0.53046939645927627
0.80919934282451189 0.98611227029996806
0.56704209382471560 0.53015372837362651
0.98095156439949938 0.52253352342235448
0.74991974816172358 0.69674513436575103
0.58681970504848835 0.03018867938132268
0.96480302722921052 0.53919920162440771
0.76949128895353713 0.64532768824400966
0.77979769616069028 0.97157567561373015
0.34596899133840869 0.23537472316619784
0.63568868421947278 0.87729587909787154
0.63048856845623125 0.87604025947216257
0.64357562959753079 0.89304050938240720
0.61788876941114357 0.02423364392324110
0.81386473835406337 0.96738909732114309
0.61423779033392478 0.03804364981237913
0.03500325910419362 0.55127015598725970
0.36166299784048372 0.25088302374612348
0.04125010698349902 0.54872349808879606
0.77220525203856161 0.63771359205127620
0.78879490694685894 0.64596867992084794
0.05437789131661570 0.54357938492383540
0.94731824571747381 0.50703712767871212
0.76594810416802361 0.65600382412493652
0.54175081204733366 0.54407019490504371
0.57311415897047302 0.00487820363470574
0.58783707973923782 0.03655667951758721
0.63883376762585842 0.85728171007338316
0.79382898591304851 0.95715269819619575
0.76982657451527026 0.67236820923971496
0.01062268627012885 0.55357273469898816
0.48336888205156170 0.98075453316581862
0.49357606900962425 0.97727303055209946
0.95864793638440327 0.52176406002682740
0.35713607727372704 0.22540818607081320
0.80177122909706822 0.98353607506111751
0.57166903125081581 0.55202935259961239
0.95999823113929517 0.50852737524364766
0.04516509340508120 0.54539852053103055
0.98095074564481022 0.55566675383562236
0.79635626303460327 0.99597725819793448
0.00001909935532451 0.53034837701166748
0.96192383355346922 0.50551261180497187
0.46779749856263503 0.96520009243950000
0.64856734212403211 0.85528294122841786
0.81681751977697115 0.99180787122977310
0.37320386540156236 0.18402125476114839
0.57621284953833518 0.02029252185230089
0.79949857341338260 0.96961493623608708
0.52489024649430849 0.96772860314909115
0.76153365978941434 0.66098138412925389
0.57190016018803735 0.03436075228270653
0.56203295451833912 0.55251657633643925
0.59169104441184805 0.00957796018474979
0.46319271290658365 0.97684596588009887
0.98101919843702645 0.49326074012311699
0.99432605961593667 0.50608639069978345
0.79043687657193507 0.97482558754998128
0.77928347748188642 0.94772817051665581
0.77420332473727949 0.98292961805429879
0.96463432149966089 0.50239989275150965
0.02824583970856408 0.54093544168740593
0.56361664699869551 0.04099304190623194
0.65424931666885611 0.89210351578447988
0.64761685027365001 0.86743471637760872
0.97900847340332542 0.52126266481047878
0.31679559085665837 0.84250080679028316
0.64830609288785712 0.84814483377598038
0.81167561991180881 0.96988215116975884
0.81600213589748605 0.95894275729364120
0.99670584762303838 0.53668789946145923
0.05214142154636588 0.57418227829535107
0.54574220302927345 0.53870425999974703
0.55378130986557506 0.53281163317754288
0.38958411973228574 0.23645854642361167
0.65661076552652931 0.87855985493206656
0.05195727789388714 0.53171797382900898
0.80303420098581346 0.97175468056833791
0.54705962987239565 0.57545605399119026
0.00664607525102612 0.57228482026695937
0.36299387560060142 0.25408532712329773
0.79683436894408033 0.99997647636716824
0.75635203798252115 0.66577560896098342
0.60104391857159889 0.03926015656237589
0.54736899911915216 0.52736481362594190
0.62895733589932623 0.87774866488227166
0.38744752051616760 0.23411693072589504
0.37113519361490394 0.24342234812393862
0.67225884782122769 0.88157456261226730
0.56331081080817225 0.57277009470710893
0.51754615944259008 0.07919190086458126
0.56327664676736933 0.01422610719033763
0.96921102161420225 0.50699112501694199
0.01577879438437270 0.51574634659987306
0.45829384102715359 0.96591523625265308
0.98461326355188772 0.51144792962300889
0.48025271530888136 0.97209191492288227
0.65794960722536566 0.87159414621915732
0.83769108999807695 0.99684124668496366
0.98127691228831837 0.51753169961924483
0.58406220516716978 0.02156965801866863
0.58745355638382424 0.02330535173086566
0.58728697824963394 0.01521111058420625
0.46456351637247301 0.96043800917471245
0.66501027096399989 0.88771717476840639
0.75599897651327286 0.67757754050894636
0.80393988355720147 0.98364555013549104
0.58731966429499094 0.04144533037708100
0.96065894028874921 0.51020737427912477
0.76908576490640101 0.67877054998593633
0.38418823464028234 0.22172152565138106
0.56063428931201598 0.52015675811246831
0.03447637543190966 0.58982966773262080
0.95754024138162830 0.50778381095983693
0.55268817710208118 0.53982071677967369
0.01944291295895606 0.55092886426218690
0.39332057201859977 0.21971822361991017
0.61261659463686169 0.01536128065216263
0.60725109979328862 0.00648300958127642
0.48226653110486462 0.95320558135594646
0.63001335954581983 0.00922033249831432
0.95817344477731226 0.52092824722808517
0.37653442952347038 0.24836471732706336
0.70984648500110747 0.86668033867962957
0.67179181455685144 0.87029222879538293
0.37508306530875535 0.25171491078420327
0.77492553721887436 0.94300018932005625
0.99066618040939347 0.55115996871461403
0.59214914376944794 0.05813731573515804
0.39674843448621339 0.25665814201170739
0.80379595236535750 0.98043336391123270
0.76170820064020273 0.98902938825861886
0.77768691491487307 0.66733428631711122
0.03929440971144512 0.52468816897248904
0.57714059658054750 0.02132043510128032
0.03767704867738861 0.55568370588696336
0.77123016372402797 0.65873574258421053
0.40093609413379472 0.23821640466420443
0.67759618040570269 0.87150055343202926
0.95939682712885388 0.50521897820387551
0.77250872156334505 0.99999278901289235
0.54779413726767301 0.54966580898382633
0.37895402177122151 0.22627346141933782
0.79929870448685780 0.65485723495257475
0.98928036007172293 0.53457129935959458
0.58606136479825810 0.04095104477201791
0.56465439879531920 0.52708368861138866
0.77611325069628678 0.68421635641562339
0.97999263186933705 0.51046486401271418
0.57633261089473520 0.04368509243669289
0.82919931605160924 0.97325993690812507
0.77041657842183275 0.67005991155518896
0.79011058215612362 0.65699002066337109
0.47668337853969245 0.96137170622169532
0.79305740719109263 0.96644579894170080
0.48578401121466591 0.97463550989554426
0.46705879163690156 0.98230998841484951
0.56771331861437846 0.56694166169271865
0.80173265739784516 0.95951490016410190
0.78225029066752416 0.97436185399864428
0.54128669992196798 0.54847873143566150
0.34142379246310911 0.22054906088990930
0.73164870901120271 0.65410812305561905
0.98717679518414148 0.51424260728679039
0.75990285461750451 0.66428215454083928
0.64686616603596525 0.89520841695665032
0.56723875092554465 0.00931329749463872
0.53891767064385565 0.54632087535084173
0.53018201427755685 0.54010378320052610
0.73928352108217743 0.67632141322096329
0.02807356566451595 0.55068309939239524
0.95170676131905696 0.52166732686467265
0.95220533368405869 0.49538576812314289
0.80367334567954585 0.98769092072732767
0.77430324337591871 0.66836890286288819
0.78424504997262023 0.99652090459687603
0.65094848113473514 0.84516437236060560
0.52680560745877225 0.55091197559248861
0.65465765082777327 0.88157033937021934
0.95033968378148859 0.50255494220076935
0.04231225796405733 0.54976499267774315
0.77496124460255367 0.64168831205928112
0.02585130429124325 0.55264247435050196
0.55903448964769187 0.54701618407056729
0.82202990271028720 0.95641218213695045
0.00441545456635568 0.54382699455169548
0.39689498306357091 0.26234884203328196
0.75229699313865794 0.68413625394158506
0.46506145464607851 0.94955543795206732
0.39828024915043053 0.24309463604383674
0.37896673804473369 0.22245904146349552
0.38285461766724571 0.21952176110887589
0.59561384920744320 0.03458918692345440
0.56312228784820884 0.56708650833014529
0.60883277382294276 0.88369073436910595
0.58614493388411659 0.00911101980895284
0.56962596318855996 0.56975196569893083
0.80678084454042698 0.97698523594864339
0.00725956002203530 0.52325587269441998
0.00000648304156388 0.53756022959549288
0.35840168943469430 0.26691639215131396
0.67019086515406401 0.87001109261534793
0.75590808700841872 0.68874455086535780
0.96499797101344542 0.51376775583427470
0.79355556231876656 0.95532159238807257
0.00363266334265459 0.56881079855828576
0.88382589163320735 0.70067800518124046
0.54676996345587237 0.56439164088625404
0.80335307454941729 0.97937806957350182
0.58590009731302217 0.04354057703415784
0.02322987278551971 0.55624973560970192
0.76946489263887941 0.64601017210855227
0.37727955059763091 0.24068084507073073
0.97570384855403591 0.53361070912664077
0.75402726698980516 0.62251691180599189
0.45156505264139263 0.98047223136512740
0.48491943019782197 0.95508059488090025
0.60463724015423770 0.02995769450932266
0.78743741267363965 0.99230786926486569
0.05184253291346278 0.59049143248629798
0.64959587231853733 0.87609422556503302
0.98303594597318111 0.49689360654198289
0.65734884472902877 0.89023744265295979
0.56126493076020489 0.00501884037455457
0.97620170067558609 0.53442123984608914
0.11376546169336539 0.73291451859770362
0.47984613468296061 0.99442321646164555
0.75007277795495453 0.99999976590905337
0.59109021006500240 0.01404343677635252
0.55751402308554321 0.52342025688034155
0.58268324666171467 0.01337520915926680
0.57792741666255976 0.01933359040730168
0.40120883583356093 0.23198901166455843
0.48535665388667470 0.97034473810049204
0.02413181230883689 0.55777298880914106
0.79949734528971206 0.96670152648560947
0.75733673390062306 0.65830382395117770
0.35918913963593990 0.20618683653156367
0.81377440114100708 0.98669133203016246
0.58150089672655947 0.01927546161686690
0.02856380435140071 0.56185696815528197
0.66777839284943064 0.87013803185964866
0.77197860206302527 0.96951658612032166
0.75597858665946494 0.69767478960411045
0.02292621224887396 0.55017608421277031
0.53728939267164710 0.54673266315521107
0.66087198273177006 0.88085316096340494
0.56267431699992998 0.02396211842184174
0.01972278798407170 0.54343176668330428
0.58320874421998092 0.53478631528202403
0.74428129230509921 0.66325030430592324
0.52964967703080490 0.53409638761669076
0.48006659455747308 0.98893380677962239
0.57195282024600769 0.03222995114309048
0.81699971909500901 0.92488438409339024
0.36518594472003807 0.24320024488033412
0.76540467112819111 0.67642042870326513
0.65605970031300664 0.88387862792125116
0.65534889664862661 0.90430147640936598
0.48324978437423899 0.99592258403166689
0.63237479197110447 0.21278836630954689
0.82159227735106855 0.97222049008871014
0.66956322276554181 0.87421677267165288
0.74382618359276720 0.64679058105548171
0.48140542336220749 0.97905549441940087
0.00809717054841705 0.54394966661001376
0.02698011369356918 0.54795465586836312
0.46882666855621935 0.95692681445290628
0.36238292539070055 0.21639278565499656
0.63783534392530583 0.91152097885115813
0.62867195711886859 0.87349619646038901
0.68022648221310755 0.89753325444029441
0.73972443588548797 0.64869984223165289
0.36289794747661430 0.22599906741841591
0.47278691379137311 0.98758584483444289
0.44645325060718721 0.98113717219825280
0.52788557253069668 0.54350730695419847
0.83221892627223681 0.99310861601288958
0.77584427620980478 0.66703846577501602
0.68646705930602270 0.86623584725313052
0.70099685481249119 0.88021299563358624
0.47468971152817685 0.00004633851351446
0.99991112349921418 0.54584333794989681
0.38464361624203647 0.26493031039762971
0.77281478413405558 0.69310052005099332
0.33705355606339321 0.23758311560766787
0.59038622788476258 0.03112312826563010
0.00554160986975948 0.56934785536187116
0.56769148138181202 0.01148093414012945
0.59400321595774241 0.00157052099442908
0.03470267326406883 0.53111575832108038
0.48913803721741023 0.98844017078683466
0.35765272107325036 0.22736488387402920
0.80156405107501028 0.96992432929792927
0.04213217153157633 0.54411538306718044
0.75272291166411553 0.69866595710907142
0.04740322552750202 0.53742556538980779
0.52297269852150896 0.93869298346772156
0.97851335199787126 0.52794853948731701
0.95804591236791270 0.49196368269074997
0.82672758873989882 0.99539101598782453
0.74824546948828652 0.69036636969145626
0.58746883757347801 0.01648529579693835
0.59305223162675458 0.00768024350837911
0.59446132995848966 0.00435675734965729
0.55514217570935120 0.55574698954664192
0.67598650683856509 0.90966648182779009
0.94799266031757923 0.51394310473038773
0.79304687893847059 0.38568388025694589
0.64808131145865755 0.88711273229217646
0.60384972707153961 0.03648650639838411
0.57729120286635072 0.53568567398357547
0.75716376760773418 0.45094789719856254
0.47122843953041194 0.98255949594818293
0.74355284945958500 0.66026255340266748
0.49606978356825510 0.91360163355946011
0.58661864437425137 0.03423198254372247
0.64730349926755693 0.87717892381452245
0.47836144500435152 0.97981955107273111
0.54816124243471587 0.53718053398561316
0.49367233497866070 0.99062514957942338
0.54365177516289065 0.53809785258752274
0.65267028097527724 0.89072242640059118
0.98250415107209077 0.52717291652646991
0.36911682160075576 0.24237546988905334
0.96037341719993297 0.48494262216443268
0.81524607555727535 0.94998499343711640
0.98521690735420997 0.48818207186637774
0.46656598936545535 0.97132009652271001
0.96569710657383423 0.52941428493065901
0.79417591089255368 0.96704770987443689
0.47595849261030604 0.97370067662430460
0.65267050803300553 0.91172641976553925
0.55714140948938973 0.56964301649294657
0.35401156001683243 0.24798121665093467
0.49073306719640641 0.99999950344252408
0.95602482539430356 0.51154897540651800
0.66491443637213110 0.88114248809221118
0.74992922789884731 0.65600560153234122
0.97098471042802481 0.53393625068071737
0.79424986770022676 0.98772683707231623
0.58948905027861676 0.01055586547834864
0.46636511738500719 0.98096244830383228
0.66350441655884562 0.88805714231654365
0.44229633274346936 0.87876771775417128
0.95030271860069460 0.54936578015243087
0.46037594425813483 0.95947997827296239
0.60573004067401170 0.01977691226530133
0.01874124839916443 0.57313917068543496
0.60136588723565798 0.00311598242350626
0.56814788053301846 0.54288554806873135
0.55325936117033625 0.54170502301556434
0.48320309358833424 0.99048492654025622
0.76317178994885049 0.63942947787682891
0.58791568461328525 0.02451269686593930
0.99999134166634907 0.46706193360538117
0.00792719007451175 0.56651163326252962
0.97931839801515030 0.51113674221970573
0.38103084105431151 0.24587908560841618
0.37503108171293692 0.25081671050360421
0.68447311897000884 0.87072441269809286
0.68764986547191276 0.87606560229819797
0.56188502707371102 0.53769375276032128
0.78349031082429521 0.95922009232045913
0.55586147995623880 0.00000828418275579
0.94181999692975960 0.49783059757192688
0.53249943866676219 0.55898954397178813
0.52765966812875387 0.54008300670870824
0.02969030847924200 0.54906208527233658
0.59876559388057027 0.00792804397846598
0.48870283962097388 0.96136602943814253
0.54995119367132850 0.54215781861600176
0.62812579914353273 0.89191392669196445
0.43684770269507112 0.96097160123341874
0.76624497784035672 0.66806606789082779
0.65978380642144652 0.86853108280404412
0.54416831454184911 0.58412158613884557
0.96410958858197549 0.53826710676202127
0.46602388835155190 0.96978257485158936
0.40192194741789605 0.84354080137570364
0.40251350442775491 0.20459100003225833
0.28259832179363936 0.37870173199096702
0.77267099399733052 0.64615688093954560
0.65167321162769631 0.88198069991963213
0.37243539988546182 0.24261563202540420
0.36986855638847549 0.23513250934809618
0.68578575556217614 0.87139624390595583
0.48264373247523618 0.98004880488707569
0.02681032400871308 0.54640450625675652
0.55136613311217708 0.56097919903365001
0.54240888524447317 0.52641556290353098
0.79211680278633845 0.96859714755834392
0.80166160789885610 0.99076981692553423
0.37011261228716352 0.21579860142203411
0.49591941677742002 0.95873321650785459
0.38669861845889769 0.23301768420659408
0.00265656348118291 0.54065940147416347
0.57445279915857739 0.02601512847351054
0.56822930984208619 0.59356991775236467
0.14879764443211443 0.27270211672731109
0.01396984026252449 0.55623712538358128
0.47020655180500565 0.98346144998083629
0.01823131552242055 0.53503693411252196
0.65525196138814101 0.83882558909268234
0.01615917373028825 0.57100294413760955
0.67441719942942047 0.86002653402415485
0.59427035500585224 0.02481940654997947
0.59301289307188176 0.00283899341878436
0.59760546576004892 0.01542801365180901
0.56305523619848352 0.57644297196655914
0.57322808486480104 0.03110493620403646
0.61152465384161481 0.04269592287521526
0.02917013988617140 0.57276900221931926
0.76744255569256103 0.67744796658009077
0.75265062632102331 0.67077932757309700
0.57957524325707299 0.91806871498953435
0.75916938931955980 0.65379408274202022
0.75990155611519794 0.63966703752672849
0.61772581382959901 0.86155794605129787
0.36105656926006469 0.23421907656264579
0.77164694271149581 0.67735263168220972
0.60392814119515692 0.19420609049353088
0.38001058752526767 0.21479068916853475
0.75117109612589361 0.66208742297330703
0.58603497872681309 0.03915654735391079
0.79728696518999675 0.99602735007784271
0.78264083182004418 0.66385283590184285
0.65438498274783108 0.85856847044813311
0.00199917051926086 0.56864263137785953
0.40155860721592901 0.88344860131783520
0.54869561980542125 0.55225804086214436
0.59090286850736762 0.01649533333235326
0.47462034813274245 0.97060698832056080
0.37238145206191936 0.26930007315812216
0.54074466923809716 0.54644847598704382
0.75947274814086030 0.64593184822160643
0.48585439409110431 0.97289256044994110
0.79057819775208071 0.66164231629825343
0.38444095606473405 0.24966533933809548
0.66136061977535054 0.90263157340417255
0.40056334957713402 0.20724166801327748
0.03040905920402063 0.54283411290012229
0.64271863897098891 0.86013154883354481
0.77934994733611851 0.65714974727507636
0.50588871344662645 0.99304628420323460
0.46734575827488789 0.99100140114830171
0.96806090300869674 0.53022289495852359
0.97152594891252297 0.48509420042673268
0.35291067934438081 0.23193708666539814
0.46769206071947700 0.96231407058060880
0.56170350047126849 0.58950365649576009
0.97593209867545827 0.53204621933754603
0.78118526044578562 0.68049284805954180
0.67972024996873570 0.86131808535046628
0.96925500107712736 0.50974965767954261
0.78163615824276977 0.68986675579345846
0.67221772319294371 0.86566596965180975
0.55836901694478025 0.03923755430377365
0.56668943790477611 0.94266916810079293
0.42287758999065816 0.24038449862683028
0.64144881323804659 0.84673099605448254
0.50947903601014177 0.96605099557414009
0.76530190774397555 0.66262403392850044
0.47327496368945943 0.99758801913603679
0.00393459937438982 0.56622378739535606
0.48931180251284623 0.95246759960096872
0.81587346484256551 0.99642598739339827
0.50199158096112373 0.97331821676817698
0.80336994617713597 0.95609340490210071
0.65313093647268117 0.87471413456015501
0.39783988247936652 0.23280897642239154
0.46244574676841715 0.98477927614377503
0.37162041814813018 0.24856203484322614
0.35656963468406550 0.23877996473781180
0.99742895789551822 0.50838724062237384
0.45472498477281459 0.99998354877306883
0.81963851143940203 0.99059007620314521
0.61444177888394036 0.00936382096824963
0.97657841289817926 0.54518320613838367
0.77834795681819169 0.65150308161659121
0.59868669073011405 0.02424788579884629
0.95124099608248003 0.50526857303797246
0.74726631016234246 0.66102214646089763
0.48333932492422638 0.96281323010417186
0.55604669366820769 0.56324990055793878
0.39539650599737736 0.24055642088365531
0.02174002218724148 0.54133802352683646
0.55324588424738197 0.53648459388835390
0.53837367437037276 0.55648323867738314
0.35720989558890304 0.20467681036435084
0.55595913632357841 0.74867593245263830
0.95093680724557428 0.47532767667667597
0.64610634148135060 0.88626866022270656
0.78669841956742981 0.68836401107902001
0.78513164638882604 0.66326812397811075
0.48924808445924539 0.98344412560770700
0.78533691729242205 0.97221825039841536
0.03121115597288479 0.54744854313438041
0.02334687854908579 0.57165814592482900
0.98012439374505578 0.52636504739951029
0.39207545228009683 0.21719268386948146
0.59820825729500859 0.01840854516928986
0.56148708678113135 0.55484676188584703
0.63705745233190847 0.84920119355143109
0.00504972481258446 0.56296793065442285
0.77165527320596106 0.68925632357316602
0.77197868072372577 0.65041850118605637
0.53627827536446560 0.54329372742533955
0.47037354142771659 0.97763635465946674
0.97967070553635582 0.50300503177816203
0.55727638059898976 0.55724671842398743
0.56110378436573105 0.56233363881275233
0.65833612124384777 0.87775929102898187
0.66753090397426063 0.89370419749601571
0.79860148955459032 0.98037746179892826
0.37042309451225758 0.23836880571278923
0.66295217883507485 0.88042262295480200
0.75632916038455056 0.68451046411266714
0.65831491333407988 0.86115782251114859
0.62379461470444175 0.31018588661552199
0.03216584285262015 0.56753459547656060
0.60950255431423828 0.02079896760404527
0.99838651281446944 0.52960539100811810
0.77766246957112539 0.65683375192136551
0.79429274602928435 0.97887850659788944
0.80103661692291306 0.99993759010085503
0.56961839865924035 0.56490698391006411
0.58484559308116058 0.03091474176652293
0.66504743729362958 0.85912379892970958
0.14948031072139981 0.54157584087791566
0.33519331114677231 0.23022518005447329
0.55879962786687154 0.58194509569656860
0.63013370615554676 0.90629697748822857
0.79415756483973965 0.99630199104006367
0.49132347067156629 0.97317141586380518
0.02754743348296449 0.56110311773733923
0.47595915358429797 0.98339586996017680
0.67037052727050905 0.85469613847886805
0.78198076164610342 0.67742107524604445
0.36890647755415379 0.00012876052600657
0.58834307434945221 0.02570269752583654
0.38903802641179586 0.23953811544409875
0.56401115024313053 0.56213350788641547
0.46812237706999321 0.99912863730204982
0.84172574925385524 0.98694976627047759
0.77214288009039578 0.68658886131280117
0.96174153229563364 0.55043819019563511
0.56411018003866531 0.58584075800295909
0.47796903900296323 0.97419610006897206
0.83027115216484149 0.99488502920902744
0.58562773181560090 0.03045954490246132
0.39630450958756441 0.23811254394994857
0.77847035919371832 0.66574892104467898
0.47343512434002172 0.96484145916684882
0.52994894480621191 0.55466630254324434
0.56519722598083799 0.54725545067292636
0.04331338205908711 0.57658811636528839
0.02346081356056014 0.56202713083033995
0.81672852790688721 0.96200616449827647
0.01273050307249512 0.55196166247240941
0.49674924337794957 0.99450933266400332
0.59866705542328036 0.01810797044295209
0.38110848426055438 0.21626404412484856
0.03297635483824291 0.55452159472613138
0.48106944689882691 0.99642463678509285
0.67256094935075250 0.87482971846073854
0.53917476149959354 0.55813872229677497
0.03121197268417572 0.53314564500120720
0.55867598776279237 0.52017404715944704
0.83126736469660079 0.97402287406419019
0.56612837393224735 0.54432892804178812
0.67915762093206633 0.88652643322099556
0.64855025973455638 0.89149317153458207
0.57972683043280993 0.00274896073199480
0.01452433863908754 0.52998388776185656
0.68130460077701738 0.89366090678306831
0.68435360639060994 0.88922821173235300
0.63730915241467156 0.86995153857717578
0.02028830320202951 0.54228278096187865
0.03876801118165755 0.53868609995472949
0.63776360597482595 0.89025374119438327
0.79806235586248242 0.97861264258314551
0.01832161173283525 0.54640945920369355
0.67565396203241390 0.85377075331268526
0.34130674194668859 0.87439706339046697
0.60118909661447306 0.01427645956608443
0.38393326177521969 0.23233934859363684
0.49547111293415075 0.98231083843709521
0.63454253795478588 0.85949283614819061
0.97061156699020812 0.50659514684249785
0.00772678635741601 0.54923662000044937
0.60620757981332341 0.03270883725683097
0.77755957065712922 0.64603150958850453
0.75148113552304951 0.65289988937895715
0.01381571699082729 0.54580451173533640
0.64771082488023546 0.90073156233579033
0.50683302737563629 0.00000434433067196
0.79855281059849825 0.98227589777619528
0.78791466633696527 0.67717684222634933
0.63583956485208248 0.86314545507733254
0.96963108942309417 0.48340827141921527
0.77326154424202631 0.63889690300858448
0.57308088407570890 0.57238118727388565
0.64820330638101697 0.88051939557372194
0.01124490549218437 0.54779957835818960
0.04608545968628562 0.55854923080348540
0.58057262821932420 0.03364489322639173
0.46928443494617927 0.98799714121337345
0.64613804652010842 0.86947083869350783
0.55630550151292468 0.04782125487298496
0.58574184678459340 0.01971565243196500
0.36877464598102438 0.26451471158901918
0.49587284899944473 0.98015827414774015
0.45246554469819378 0.99794003245964735
0.79092147381805322 0.96574739132651433
0.65926683466902258 0.86490498649668823
0.96416456634050862 0.53015311461256909
0.79795393551048599 0.99115334680508671
0.56012767166727273 0.57079552987958726
0.99375565959686085 0.51273244841981092
0.80176975751734680 0.62688444421780098
0.78741352164948775 0.68061264329498616
0.79832312162701125 0.95442081801713952
0.63927626795115267 0.86836571706999233
0.78722531805610618 0.95564990364036473
0.78406535499456265 0.98377871948111173
0.00000817573132557 0.57493348440503222
0.98138119434555637 0.50929614823981628
0.62434551773306446 0.86610457583517741
0.61442688150129643 0.03084693576748371
0.99205553768785137 0.50517535929869528
0.99473424326625781 0.54160153314162707
0.47049123621548650 0.99296305173791632
0.49016613986751734 0.96695615920026556
0.56060713661331729 0.53665757800935199
0.63842762172249568 0.86602225545597200
0.58002894595032772 0.55900585059190289
0.51661828318937064 0.58042276234065904
0.52779665966440581 0.53462804365634353
0.50563463467699932 0.99613556810748050
0.65902854760087370 0.87338977059550671
0.99083284327415067 0.51246712478114953
0.76040662102491763 0.65371703280190274
0.59473471800913247 0.01441012414551028
0.66389491832629399 0.86303204761378549
0.68912435548725670 0.87243780642858182
0.38830909901391142 0.23216732747337687
0.95896484318098574 0.48727481577239745
0.38772026696644973 0.24164590102702513
0.74489940318872583 0.66146225589720131
0.48800276299292911 0.98360829027894703
0.60982894555575362 0.04823600147555994
0.56161990645227045 0.09959808140425512
0.68083610104902292 0.86797977882165878
0.64463772407374142 0.87779831853875723
0.04395840929685155 0.57418402856324180
0.75607430399245867 0.65516860168079727
0.00944027057584883 0.56992890361421578
0.48293931261064327 0.97823472810968481
0.37937988926433613 0.22354488037795561
0.79974702909516204 0.96905766396501047
0.55543972341136760 0.54493546590719333
0.87052869795074317 0.08800543946344348
0.82128315868284862 0.97518119231138056
0.80400768286149904 0.96489764803325617
0.66551923693569226 0.87190937260425527
0.56925810775387609 0.54242121237698626
0.55970749853193147 0.02081260775033972
0.01239454856531593 0.54238966353114171
0.44231358566847656 0.99494080888448677
0.79486759287454467 0.98955005283938191
0.38319892159292007 0.22044856833301485
0.96147579799797633 0.53682358024219656
0.48189828578839605 0.96103946172588794
0.78801774075573527 0.65386829471616403
0.56238520086937971 0.55326144187243742
0.35893484126087916 0.23130716558714171
0.55988928786856496 0.02286014376247253
0.33809767800422663 0.24126314460299478
0.50720337432119811 0.99118108030138408
0.82464372365116456 0.96094992948019486
0.37777319621643723 0.22870814174346737
0.98552254027845976 0.52820416148505356
0.44349467363700734 0.98083963575882627
0.39007964061709621 0.24583890293678917
0.57933939206092122 0.55727884918594750
0.36147074034394167 0.23759461647514613
0.58527668175305425 0.01839580279494149
0.36978775895777821 0.23782695600836445
0.56463026553671858 0.04391877084001516
0.46513523222329295 0.98376900012012536
0.76069953849672112 0.67241904188289603
0.58939701339817796 0.02331409570164611
0.64585199706330543 0.86314914064666648
0.05343115888362957 0.55106045881394705
0.56559447929826967 0.54941824907492487
0.35195509701215094 0.24166572306507977
0.95210008938379409 0.51039935741536402
0.66037863492721027 0.89926735237007072
0.97431592300590864 0.52540213165460059
0.77853973517184116 0.65282163921467795
0.97970658427513069 0.52211324783665869
0.40563995468157704 0.22012739925326202
0.01834106966669058 0.54413784971630930
0.01047827311321570 0.56414109096291953
0.77749012467217338 0.66200235586009282
0.67235558642051785 0.88824930635485366
0.46346590225829831 0.97456624315773599
0.36397909383157295 0.23949626474184782
0.47020088407593713 0.97532549521950129
0.38852112303996000 0.24936761931515541
0.01074268272249296 0.58583149578531046
0.02447672244308720 0.55609489564571757
0.66620619835516814 0.84708693652701461
0.02332161974161161 0.54936897593650980
0.37253634726541024 0.24054364726977182
0.78722538637313022 0.66660512607482969
0.60570740827776481 0.00198788832869272
0.96476163765991796 0.50518464835316224
0.64024498056941537 0.87409161761511156
0.97688269146440310 0.48350141907612798
0.47337314847135958 0.99413854283929404
0.48870977127769599 0.98114533211791988
0.47373413487811183 0.98896818190558566
0.00576954989507458 0.58412355201684507
0.48205854580090840 0.97558385957745719
0.37746149674640750 0.21378046820827745
0.58157100202028833 0.01317569195212373
0.56998193874777403 0.01120480108733258
0.76675775929850365 0.64452892145324125
0.82259466087294442 0.98629236441723889
0.60651183753320437 0.00456602975931022
0.02724136144998606 0.53965559274171671
0.38497463025936779 0.21490774590315109
0.45042119470669095 0.99208028238924351
0.38211702506474421 0.22662212314456368
0.50625576992988519 0.95531895740776573
0.02168640682091784 0.54292221751300673
0.55829762248643677 0.54781108370068965
0.00156714469776506 0.54277480528248612
0.54845620360479574 0.54592282111859303
0.41374066352905386 0.22520571023961974
0.04976171177985845 0.56953436537714630
0.81347987805133160 0.99462905364496668
0.65335246122368484 0.89353358904250157
0.54811737613474110 0.59077392667338591
0.02055158362970111 0.55371197116747750
0.68312198638306543 0.87980085125712693
0.02167848389136355 0.56344085754749296
0.36790689683015582 0.25985863354660704
0.37298254329672864 0.22030665301672542
0.81086889779229587 0.98584223857698328
0.97393437621106993 0.51392214591470475
0.03051872369659610 0.55058967355838184
0.64958538258781962 0.87511199917665150
0.97458440261361723 0.51292570706405249
0.79595705966808383 0.95955434058071409
0.60159404483987788 0.00883883233750922
0.04105916914837050 0.55453116481217080
0.55475913979697788 0.54908436013940032
0.02589085771720177 0.56412699659005971
0.43956271345059950 0.98217841928137450
0.03027068591599325 0.54645855336757831
0.67242159877628505 0.88521744574292227
0.36738131333032575 0.20921282674849837
0.55205922184829659 0.52504348946312063
0.25080569124611135 0.59417641643075003
0.36301103618106212 0.23183291532336453
0.36075101945109644 0.25892033552989546
0.79218326376044013 0.99349324564733832
0.58395685156353017 0.03614879082664593
0.75029747642614286 0.65879425044279560
0.57332754080632220 0.01885340102613814
0.58617959073828063 0.01785505785226762
0.67714976681316508 0.88157450299462081
0.55401584321254616 0.53725176732279134
0.97075124051988371 0.52631708848215986
0.78226118986917359 0.98125896658768741
0.64476615731450748 0.88679397111388902
0.65744878481331548 0.89395922611948575
0.98844305559307577 0.53354101614412941
0.53216312202808025 0.52877388166909234
0.01607123448693894 0.53389568195664949
0.75566394836291195 0.66022891442840936
0.99196171795918597 0.49437496177413959
0.81990654247649775 0.96493335438856076
0.65412248810433071 0.86961113912194510
0.03688970699460287 0.53860953839374526
0.74038585525988920 0.66820890715617764
0.04639983005162732 0.53401792519670943
0.04230586680699173 0.51530062901510998
0.01605500354285316 0.54443959504708450
0.60847570567572540 0.02345767231416563
0.03418239556836417 0.53536755147592341
0.64505768724246615 0.88850311885914945
0.37659948117004310 0.27284189597525066
0.99999777596137940 0.58803383071399784
0.00278112716243504 0.56354808030352777
0.76791120025692694 0.64787681786036366
0.54650342949714448 0.54611411282603362
0.03413886706540586 0.55610282578165726
0.80421271505024472 0.97006318657000035
0.01708543291955106 0.55434496928122756
0.64978201940194824 0.88953588602310874
0.68194062013089762 0.90341887332708581
0.65107577844668063 0.89797396008119401
0.80446532712499075 0.98110951725426732
0.45723010343624243 0.98722577739537920
0.73734653815831896 0.65105101856192082
0.68356220998524209 0.86717252568672321
0.79637507097477234 0.99365990611587696
0.35550929235184614 0.20586894588065019
0.49244883986714527 0.98803919380351279
0.80488693515420895 0.98607572821386158
0.96707447165923399 0.62577657046925739
0.77931790547768554 0.67651093133221840
0.46515905957969250 0.96647584073790382
0.37520407496355279 0.24628838147382889
0.65881305547502178 0.85646141658691310
0.56441778980750446 0.03726735989146029
0.58397714808388457 0.01248106005652286
0.50376056413734871 0.95791364729063955
0.37044818639239896 0.24959005728984507
0.79365598527406234 0.66551438244276007
0.77035570635188433 0.99241971099422344
0.99206987805557001 0.53094335409783533
0.26796790716748226 0.88835644191022622
0.60641016376281509 0.00000494263883681
0.37457959869928154 0.21104751430432403
0.58821932372391950 0.00817067273339587
0.49431457077486740 0.96721066074139994
0.78987681503560947 0.96721981420374470
0.50244597492970589 0.99809090732759698
0.80535916232914473 0.99158219421856286
0.40597317847891934 0.22980941050821246
0.36842283988684132 0.23373415466869160
0.37269028749542865 0.21345086147331274
0.99813252554756604 0.49397766962908130
0.64892030041068482 0.87133207020628700
0.97955438533901573 0.51419373591925421
0.62833496055845994 0.00000153922422409
0.38239282695862509 0.24568229707019276
0.46639221084508803 0.99664978517456526
0.57074445636685223 0.60045786111099042
0.99258544186210884 0.51028577761820182
0.76842447663494395 0.69042988265396599
0.35388993026152049 0.21237844853760551
0.83546858513840117 0.96746970525066145
0.75685207947986810 0.65869223973701196
0.68721601364799645 0.87867992234394710
0.53659395153528855 0.55642649811558276
0.58475405258260804 0.02288153320078982
0.45673794856783562 0.98565853355653266
0.65127030871118863 0.87609539261559544
0.36222223442907364 0.20416002329851063
0.48073129247007135 0.97482055670687662
0.93748190306998858 0.50555196242798239
0.36907933731153136 0.23485556966741372
0.69692685676071575 0.86023305772061620
0.76637466738827942 0.98693463214053567
0.59179912538624413 0.57267299625892965
0.36256812067781630 0.23807152680046700
0.77864723218850718 0.97722039020176987
0.54297320405421168 0.56347836668202500
0.36347610356862609 0.39739147011243747
0.55411889881079368 0.59017207477242817
0.99053231347170589 0.51902238258255795
0.99999847671355202 0.51439164681849903
0.54489384122084605 0.54958216258821002
0.77159250309747840 0.64973793549578085
0.48115668581971749 0.96863282218285973
0.51217230366376187 0.97215924769471596
0.44517351367261082 0.99013660837370898
0.83503646443316992 0.96058429575862203
0.67090522738456160 0.89257179383048957
0.55638023287072935 0.55428455182971603
0.82585136269017134 0.99766224326755382
0.00666726264430912 0.56558907537706504
0.55271666393970864 0.56108753113374632
0.03861657394225853 0.56968710188518490
0.49941877056069917 0.96044673691317572
0.77482723304850032 0.64752565598186873
0.78026608036818368 0.66061559918735258
0.79692193394349087 0.98640357983108173
0.61702050095642880 0.01444695054602624
0.51408652498967744 0.99340182293796420
0.75811854224341901 0.66088714407768390
0.65663783034894008 0.89751607074762207
0.76403834665855375 0.66340308201648757
0.65513678586456203 0.87816699958538647
0.37818161115995086 0.20826567582603711
0.77283767347732601 0.67258288298883417
0.00154459763703651 0.54929366296742588
0.38172167117074168 0.24252376610689022
0.81280023414372016 0.96218408646116460
0.77326979841652754 0.99616026281207937
0.46995805936214330 0.99044668004552738
0.57531478512179701 0.56383865747710205
0.00281333751209728 0.55077622200091181
0.58224678633745475 0.00118746583526693
0.69188459839289751 0.86434827086508137
0.97695994201650338 0.54011267507831784
0.66274792104037872 0.87287533841887865
0.39803305234056652 0.21974534217400449
0.39306084055978247 0.21114814714773666
0.04228361267492549 0.56486209141679100
0.57984303792164915 0.02798114247975901
0.96484013708623295 0.52743340748815570
0.01109929398361702 0.53501887639918655
0.95954558762395536 0.53339803818805676
0.97160975827671658 0.49104308157034243
0.68588941745919407 0.90564160235924507
0.65009375680586645 0.89380752043266853
0.61669879974339270 0.02777862505723655
0.54826941442256272 0.52566268592587395
0.81646028129768444 0.99600367013529967
0.00830688125971038 0.57178403944315204
0.96172013378504773 0.55355445829488981
0.80945594596280845 0.96339716864366109
0.77685476951406707 0.66839703332533096
0.97616235682174446 0.52775938082028251
0.04403133206474440 0.56383608647033023
0.54105369293276551 0.55434729536166938
0.77625354916857336 0.65353768928676181
0.46940663566554813 0.96630124275303264
0.40381788336868041 0.26760601492087882
0.59935335517132615 0.00981770615963625
0.37379135545187442 0.26142903058672556
0.60824309991361070 0.02209544945537620
0.60230389091846759 0.02249089925024309
0.76337998908575611 0.64283938058621715
0.98343504769805989 0.50532395969460231
0.36185389641172527 0.19651581959479741
0.56244212875827426 0.54484102720931027
0.53330527481826484 0.59411528128103219
0.84109812868062583 0.96596493108640680
0.00413896363113796 0.55551052536647783
0.80144623267592430 0.66259016093161849
0.58174565495874442 0.01166495496669160
0.01701061040322918 0.59023544899411384
0.37778057926276443 0.25141514352843530
0.54008384466949300 0.53391647393422315
0.55154411488557065 0.53834986052539924
0.67829297839864933 0.87782902489037673
0.66368012352185557 0.89766127306663945
0.57795408945841398 0.11954699781151983
0.98444002043190826 0.53858104159757147
0.02232789518543457 0.54980130804040450
0.80215866625523846 0.96757558650648989
0.01877405236632236 0.54716063958050409
0.89392177884240587 0.94238632963368385
0.51115960321515141 0.98469620735882946
0.52578274867939900 0.56075407812962474
0.97504983108256549 0.50360191826395051
0.98016934682754209 0.50144815780187735
0.56477909871821319 0.54499407767656749
0.67866044463332253 0.85297010576519439
0.61335144395280572 0.02742476845436542
0.47061880199240214 0.95746214955714326
0.80612038976549860 0.99424150838630365
0.99023112762369547 0.53152768103415005
0.52700764592702409 0.54107561255291892
0.00230761383012593 0.56228212925472665
0.59417819661028293 0.01047718609290849
0.79654917868870589 0.95818296314307072
0.81034194080713928 0.97779962287848421
0.35173291677829416 0.20881559569768532
0.46564651423095266 0.99084459001888148
0.97906798389252103 0.51617813945826729
0.97838868298242176 0.51441143956289392
0.97947111319274782 0.48896554329533504
0.47501225269480596 0.97708943119776059
0.77747886526756071 0.99050765476104941
0.53407118529902331 0.56938931274152682
0.77689774254763588 0.66419452350396746
0.45027470113679124 0.96226715774478466
0.47301795637964161 0.99091275091155362
0.55398490679735068 0.54523652345555917
0.56361416565153810 0.56475229781159475
0.70623153189444510 0.15439554243975034
0.75870622466082660 0.68230390115998696
0.36822092475868862 0.22136111706132477
0.55443024803484331 0.54303468562744617
0.79133869220768582 0.99734934460011682
0.49291933159371271 0.98610183336834445
0.75069663343325410 0.66253382316771325
0.54094191780047729 0.56541539687211573
0.58965500853025710 0.01749225208983976
0.62837690321857942 0.85097160293065399
0.81911730596218391 0.97552289151399529
0.55467297376564684 0.53992511220721140
0.77622531470348799 0.66609411283134790
0.56628907576217158 0.58221713098520333
0.82150152379637853 0.98347148593980316
0.79206856217810950 0.99128480917993855
0.68037320156315395 0.88833130805571747
0.75733761455208948 0.66617888761376853
0.34232638856226910 0.23389628644159577
0.38319228314824050 0.22309674663473344
0.60650749143382487 0.04469367654130280
0.58902941637853745 0.00330819434865839
0.64695961320262507 0.89313156009161543
0.37527286004499416 0.22674716037315198
0.67450389792803489 0.88576882506019539
0.59519402297946378 0.01385661916289137
0.64600239768824974 0.87119063794241280
0.67243466359674786 0.88701843886531839
0.78781850042400559 0.98204823626469173
0.98271915162794765 0.51684972044708244
0.50601002717360288 0.95119032658438940
0.63757683956829980 0.88232923302386335
0.56228018217763642 0.53878431293064089
0.55730915121158664 0.56710518194685466
0.02220809919418856 0.58371013840698471
0.75357399251645718 0.67827179042781227
0.55683548064846666 0.56145766609718484
0.76760614566451957 0.66013485730112509
0.95531277936975423 0.52274066902733451
0.79667953657055890 0.97290670427383963
0.02104455563264870 0.51910087510837244
0.58191200699602563 0.03465397974124449
0.56619224200772234 0.03840393485302784
0.57194020944101542 0.56630010856062485
0.01234618614297502 0.55373885904557107
0.97372564139315732 0.50576738594867932
0.45318097991317480 0.97135033881329524
0.78319710859899172 0.66787841517230395
0.35523942630359440 0.23875120802134242
0.99411584889516258 0.49690493617744524
0.66285750579118619 0.83324560749372478
0.36101270117370032 0.23214606277475838
0.76245714974868817 0.65254310425396034
0.98450290823698927 0.53056990824326933
0.97152782131298931 0.53309944728187120
0.78436337846113213 0.64345478516993693
0.63554313272211171 0.88728663820895548
0.95030449138261508 0.52374162703325977
0.37737650152739688 0.22640937209243994
0.36726297777175188 0.20693949648978099
0.59336392375324098 0.01286561272529554
0.47480172007133792 0.97483460005231537
0.53624367093925274 0.58417129385165656
0.56747716674889448 0.02015568405177923
0.97975320856125470 0.50865871564997822
0.75798682378820681 0.67543419646380665
0.60259179871858748 0.01522864809825105
0.58762638647132659 0.58694932760149676
0.79636943766904245 0.98522161504907768
0.56149213064419301 0.54370517903146132
0.96144207874066856 0.52340238957695961
0.56904222332199161 0.05922889017651162
0.93966473602007528 0.52920126241138821
0.97975280296294998 0.48797611381822337
0.56923526511439937 0.51732309719601732
0.76871194323883674 0.68342019711434965
0.55050954155614495 0.56735968733407960
0.01991751547386564 0.57270746481754953
0.55605179042768427 0.54360531577014004
0.49907278544275502 0.98154934526667459
0.36512080381564399 0.24200770369887573
0.59288552154290386 0.01607491782398229
0.83010417390625812 0.96791030446148651
0.65292431305371690 0.86109133469581289
0.76604407712414890 0.67719383584630588
0.00052725764119585 0.55907761458375271
0.97857909072973237 0.53145059784036686
0.87664671792218396 0.21447416674849665
0.39052241813120236 0.23758967136785517
0.81944422757477842 0.97460061044181034
0.73730641074662240 0.65843234222600278
0.02435428389745382 0.54695352300423072
0.60590410177606735 0.02735396106678399
0.98318578979439297 0.49223821354462688
0.55866751854800312 0.57909937568876735
0.35029513516803112 0.26456634483849195
0.00388596539439944 0.56978285743415547
0.38051515677069242 0.22656514448153259
0.66002946706472132 0.85536936102175942
0.49598910578783595 0.98110716775816198
0.83203766386911970 0.99188793075595716
0.56451331967733309 0.54654892069025951
0.39295760492646803 0.23172732201658322
0.55960497619977023 0.58521774495567191
0.78907608209814661 0.98940574861172403
0.03280855007081137 0.58066958049400286
0.41638092121204401 0.23896603685473181
0.40844621637384054 0.25240699434553160
0.59766905335628373 0.04879085955401544
0.66959855093144227 0.85968354519474632
0.02336166825240612 0.58302880660793388
0.02463992112663578 0.55138369967965228
0.60103996659168590 0.00201175969139324
0.37563791386207701 0.23516610745572980
0.80138159637518791 0.66397595971145840
0.66769477037981451 0.85310040718518421
0.56374940424224840 0.54996140643426239
0.75292209892047612 0.66460987531793259
0.64431203823150118 0.87879733318838904
0.55848886146693777 0.56799568963077152
0.67573318850034403 0.85834510754686510
0.01990696646364771 0.58518406729705963
0.82845939183840545 0.97225153849201007
0.03092160025369526 0.57067308168101227
0.80433805019407223 0.99608703689878297
0.66347804562644275 0.86731401964213684
0.54415346237230477 0.56004814837702088
0.98298442535116659 0.53772781991272778
0.74996129125461242 0.66107074525767406
0.38037763200416813 0.23692846684531715
0.76637928420627843 0.66372338558600807
0.61655780950251671 0.01675093113402286
0.80322691690044157 0.96716204453097121
0.48162131266081032 0.96331842128450118
0.39135504866599485 0.24454319317406553
0.79262209810630124 0.63130033918658379
0.48489382200839060 0.98118597950410757
0.58429982717995477 0.01752511725340607
0.57796080365927660 0.52705052967801602
0.84782588575479312 0.98272528654591496
0.52901334096487418 0.55107838829381384
0.40725241752737740 0.20718725110571135
0.54510780499245071 0.54507934631150246
0.99998768806245852 0.50027672633979481
0.59763165247123795 0.07598194684271296
0.83363876611158694 0.96682020957992576
0.54548793174134147 0.03360530405028249
0.02585208213078317 0.54161252567353302
0.64656200305277778 0.85713261000189489
0.54710768181914737 0.54701722181449475
0.50493707842019209 0.98886779836700378
0.59002382159526157 0.02790182633484224
0.46033463913865214 0.98104805231501491
0.45565231466161077 0.98038005466454314
0.76300339637585435 0.66549575757572343
0.65424470967224202 0.85645623568141427
0.54606122283516700 0.53210599818181248
0.77795069470489830 0.65829548614094358
0.80339252442596909 0.96916779920317708
0.78134118211149528 0.97865235727791100
0.46871607521268122 0.98204893094528933
0.76546310235039505 0.65923369855998015
0.81987032836910645 0.97950856308445289
0.67283634697759909 0.85085094785541682
0.79477345044678938 0.98279801311810167
0.58142529086347405 0.00222714345739063
0.37530698124449458 0.22216593132692436
0.37296798253791247 0.22929900606045686
0.39302468044397354 0.24554645923585208
0.68112107808355293 0.86542046534896833
0.51353601421358852 0.97006298206064723
0.39573165138934951 0.25932641920674016
0.60917862107583154 0.00770164139219114
0.79685194151241068 0.62652300242098524
0.49327306252118797 0.96987379455604505
0.00789759220786772 0.57307986646185938
0.77959622237097981 0.66136607767414046
0.55108914246903784 0.58958193738435793
0.79262794652754187 0.99541513547584815
0.70056289129023808 0.87719093390693126
0.78588276028897130 0.64333753309313746
0.36799125166128083 0.22636543330269038
0.75523686196643747 0.65406354493573016
0.57095384923092896 0.56615082612785406
0.37747537749957305 0.24541840827282047
0.38034731089544205 0.63424532414381851
0.40272016115541198 0.23008759663990133
0.76955331740594124 0.68521886319866088
0.00291192321713275 0.55506306903009051
0.02695111591181185 0.55291951714482646
0.49943736668246086 0.11569362011433568
0.38761192226034624 0.24000615063123043
0.55766194122319013 0.57217263552565700
0.79668288358963490 0.65448975520896446
0.53231081837200633 0.54499507092566146
0.03687242902760753 0.55415222871741754
0.36847714611867849 0.23224284341789700
0.51502531190718492 0.96205898059175277
0.68146758666487639 0.87769528215340920
0.63544289776425522 0.88991319061089813
0.49414628053709442 0.98845737756324636
0.48454181596019213 0.98045965416417880
0.48182315710555201 0.97775905853324963
0.64235058919898957 0.85717888754054861
0.69164403006492248 0.87524725888156896
0.38139808327470348 0.23181721076412329
0.46540734991990029 0.98463513253335788
0.66022491885181989 0.87076630811430356
0.57086452787689135 0.96841153340052477
0.58785872064259193 0.53839034622967885
0.02278261801589797 0.53716044535164820
0.55619293676641512 0.01627951744636768
0.48725839716354147 0.93909528325708924
0.49702048786453557 0.97893935050333591
0.75340358875346303 0.67746792684166612
0.97809896755660208 0.51754464690975888
0.75724162558068553 0.67195112191019502
0.36754583852536643 0.23927557046584139
0.00639896375604649 0.55567289377841877
0.55489075281412292 0.53396796197770058
0.97265520901364633 0.50317235312704944
0.66603993725512567 0.87084857855969333
0.58641397289679931 0.01130080657629550
0.38489411547070090 0.23631500512179623
0.57253897043257551 0.03594417927287089
0.02443374072636140 0.58380447578441597
0.79589056441235373 0.68939176790366297
0.46011900394667521 0.98988728708992446
0.81112489640142471 0.94086024305764870
0.48773814220117573 0.97528997776856952
0.96366817079838285 0.51763343779154192
0.98724017226685334 0.47558713218006121
0.57397551754458753 0.03219139280717629
0.80208833619384856 0.99999348581097713
0.80869731440106496 0.97771034464097339
0.98448387023535722 0.49829705378298461
0.97475863314801459 0.51948271603392249
0.39737004430557016 0.21670652757483083
0.46837754456835945 0.97436287259200172
0.39131799489240932 0.24699677666424141
0.36106870967062221 0.22053784134115539
0.78867835483770299 0.97799512498922925
0.38889050228496413 0.24534953365439005
0.63996574902442527 0.87919230810071181
0.55583408681057811 0.58718752315635692
0.62953769247913771 0.86296100229746142
0.86114672466604081 0.78466564870168265
0.60021650714032071 0.02279486239315510
0.66503757208481240 0.87994902163890276
0.55191235634709568 0.00844272895222253
0.63869316031556778 0.86193975928089517
0.54841437734937382 0.00001802145009592
0.74436469574706265 0.64895445025899734
0.55627051425969476 0.54432880253019345
0.81057174879087257 0.94828409885528331
0.65965724053281349 0.86211835232635592
0.03826530659233223 0.53246809984433952
0.65366517313935035 0.89796946857338888
0.77198956440744426 0.63938512012756754
0.54377474182267793 0.54856064556261697
0.49142841515940788 0.96875587699724286
0.37871196099157850 0.21660969627447310
0.59003782147948469 0.03921518273984353
0.46739311156452146 0.99613490362577140
0.57968647104097171 0.00768326982833874
0.60022360985767087 0.03120513865368897
0.04026560006506472 0.55852870731843796
0.56754852846439274 0.56366833968376195
0.01223683545774975 0.57087235093632627
0.54145984599008667 0.56729072110056433
0.37776410710369640 0.21765197575403997
0.65616882849585245 0.86910428643017879
0.35794886869684250 0.21927462165448552
0.78682559226279858 0.66247545859804358
0.56250765557869298 0.06187377517055551
0.98862091359056015 0.49822473654486388
0.38229023670828111 0.24623530573158472
0.48950552386788981 0.99999969927990273
0.56147374090894064 0.04020367122434311
0.55462914335160951 0.56095061024472237
0.45113438991618027 0.99415771968594979
0.80524957811235032 0.98887078055524702
0.45645647707642090 0.97615060057079062
0.79582782042282230 0.98474206555414390
0.02077668392656116 0.51533794851233694
0.64847148178994329 0.88272311844543883
0.48585887605420996 0.97926438538420568
0.10720992066840337 0.58327586317308044
0.54368010813573642 0.54556613761612605
0.97990552495860028 0.50382489455029900
0.77372328222408060 0.65900227497662023
0.56383206064558156 0.00993295564680877
0.58572935833488049 0.55872477271297571
0.66060148666501373 0.87017538897983937
0.00311878324707347 0.52792410945364765
0.84870206960146943 0.96583348186723961
0.79387737209117604 0.63944893403393643
0.57544293011130654 0.02029157493034477
0.37559804697011784 0.19893747110567173
0.57824596735147571 0.02955517049206671
0.56986395770549447 0.00951382754552424
0.58754380845227516 0.03162589295784270
0.60772472530027533 0.01588802429551263
0.49991525981867385 0.98761368829479379
0.03939002296737040 0.55639133350739589
0.74558956071749105 0.65780805044584023
0.64751829656312854 0.85365753725745319
0.59852567433846282 0.01672746969377320
0.57978851110447316 0.56601844405774249
0.36371769964470191 0.21037242547896953
0.66186802696538327 0.82159255604663972
0.37365201360330613 0.21945806483957678
0.47276163574616797 0.95751987619602374
0.56709032629603140 0.00801971736293395
0.39452181879846310 0.23747521344229172
0.66291535317930306 0.87387583790433943
0.56968865717250639 0.54124530731347820
0.98942685346711434 0.51831419127404255
0.55430669587854886 0.55187116194941233
0.99466512953301434 0.51672363074150329
0.73513140607074634 0.64755714796381192
0.49779148916786886 0.97826639749578848
0.81894269835767597 0.99510305624293371
0.46007696310658136 0.97674011771637925
0.01698192824326563 0.52862600933389225
0.66102243551575113 0.87368896806705754
0.99457312510593554 0.49832407061508704
0.38748857477531057 0.25767235767823410
0.02108926814510630 0.53728933433799442
0.63371139406815846 0.84520021374309284
0.97286622358417363 0.53393926288944427
0.65998737418157416 0.89234002156759917
0.55498045310039990 0.53733412061935060
0.66400407790664495 0.88327804734351079
0.57880332163326875 0.03574242230559208
0.38348678169030465 0.21321004404814281
0.46881358735472040 0.98025068425463979
0.56967189955657427 0.04667887321797574
0.01301593993418114 0.60033936412332900
0.35583642111438485 0.24798610092540682
0.97298909858651705 0.55131155562006329
0.52912322694021285 0.54753948050186096
0.55020647192852890 0.54715115001106807
0.76745381913442701 0.67242434408877816
0.35810047768030251 0.22272390680088311
0.48057475862015919 0.97007845089065770
0.66683727753953204 0.88007990955272897
0.79475231852338046 0.98020570480791247
0.57747518649208784 0.54728416481769004
0.54208924737861108 0.53428952869536828
0.64923025489526942 0.91420713366751027
0.83233358776039623 0.98363959585316318
0.53269059469223623 0.56020529641747940
0.59154995583855030 0.04648036221823274
0.82181203134823022 0.99605417635232296
0.55330788814440979 0.57503345529030747
0.34927546521431002 0.24532402488307306
0.63880275822309951 0.86388725398040178
0.46168732074838809 0.99907638389479891
0.81396340357675556 0.97712587201452872
0.04745247428591932 0.54798054130728568
0.37400312214411835 0.21814146773044757
0.96072431103641232 0.50811912238652190
0.03646011827574282 0.53579496187165609
0.80558162050115378 0.98278815211531045
0.81478281899013838 0.96444949827128990
0.26050861322517083 0.83395669570724107
0.99140776491019000 0.53040867259782232
0.95460202286046925 0.48634833850090203
0.03090100815936242 0.59140342859636863
0.40222106147993758 0.20815012651002512
0.39005949854519634 0.23872711003595326
0.80289532608674841 0.99828390214710117
0.81337854734923654 0.95042220439666936
0.01720219253095187 0.56392119359247073
0.52512790951560295 0.56948355211341672
0.67050960134172455 0.88433048289305538
0.37028804631293677 0.22208595005036683
0.59688095163103794 0.55460398328589722
0.40027426186896709 0.23399108805692870
0.80164045204922074 0.96269381927131481
0.36456932222551797 0.21812695799837900
0.54415186623487022 0.53657102596046757
0.77800566024612272 0.97032028665078163
0.51689404916927062 0.97044972745651992
0.50183098312525887 0.97973391297964185
0.56731535309503212 0.02155604257122419
0.55931842090892003 0.55468023644827325
0.48177914658252152 0.99593923113958349
0.77624911453849177 0.96152309992242080
0.65984645297504618 0.87184368172184823
0.59273406567583675 0.01697572201378391
0.45906607562473756 0.96850398935951765
0.01219861998860712 0.54059643801670376
0.63018171144326429 0.84771138112017685
0.78929761448338465 0.97019441042073440
0.48317656840892481 0.95416143994110458
0.65290248298395770 0.85387367515716439
0.50803507775184509 0.98733087495919969
0.54598564111535419 0.56440709648035237
0.76662333752967859 0.64324107054910551
0.46416932297085367 0.99998295294257544
0.65958452240422738 0.87903856011444181
0.48273274811681804 0.98780146413675185
0.69050359554578766 0.89762282041421848
0.55338893434649961 0.12615449380189012
0.33857131843766014 0.19997627184074940
0.53166306553505005 0.53919858017578770
0.95235637256518413 0.53495874516238728
0.60842606981469094 0.03383401967844490
0.36171354468868611 0.24223733188370272
0.66770423674665114 0.88396150163737985
0.52626530378092218 0.53437851565198247
0.64012510596639283 0.06401566542501731
0.67135758965415304 0.87731616003462554
0.47620651751628995 0.99385986600075904
0.51778753037019198 0.94671758444266929
0.76984526218909133 0.68155393134567743
0.81363923052821752 0.98972970261769266
0.67467836550455518 0.88029880752587819
0.55420592284339110 0.56472960279554396
0.80047164452100694 0.65919150438260532
0.82232008342297824 0.99158555286129635
0.64492296648132241 0.87082400052172793
0.60316934307209424 0.01849020659251286
0.81581767005154593 0.97695751062356906
0.52967033403185371 0.55332207235212694
0.04209330966043783 0.57264341463369672
0.82762908281516512 0.94652450565903035
0.04297845341446132 0.56553692751482265
0.02672355512310227 0.58070134336979418
0.95720717115955667 0.53427788632514239
0.66924349831764052 0.87714968183468522
0.46871872818278859 0.94463156897001854
0.47387004730786880 0.95591121567524573
0.02136387970605591 0.55068745867822677
0.21525229000662235 0.28576753100751695
0.55197462698708444 0.56089757382560645
0.96294722420990075 0.50381325878633743
0.36973355317535739 0.24491724219152078
0.55617895276921436 0.57408191307153522
0.78324432320462756 0.97286225922412251
0.64447256079756043 0.86376511294173286
0.04003573200702996 0.57429655885594932
0.98996091611521342 0.50526235149607135
0.57640898419889497 0.56082250033945957
0.65472668860888850 0.90233523741629207
0.81032671428476422 0.99808139781887117
0.56135738231126753 0.02857063781119870
0.56703344340389206 0.01241575197569065
0.51914202857999037 0.98192669107001118
0.82737618159979964 0.98490037120181240
0.57511528793672773 0.04690440710295482
0.97802173918047752 0.52615281483254106
0.01063342779768867 0.53142248795437430
0.76767658532987593 0.99309252726226238
0.56051548244655425 0.51567200416004655
0.50442013590706025 0.96737486694748587
0.74321064810864357 0.67406910419313704
0.37716371831568041 0.25821464488490881
0.59501296964799821 0.00310943296201431
0.98734467367955880 0.49815409145996598
0.37041074150093312 0.25195865263578082
0.66657875369351949 0.86862226092866091
0.54777985266819396 0.56287611335832688
0.90111500183146498 0.54337566712936114
0.95436807914356914 0.51391209838618346
0.63920491595739160 0.87101914268919545
0.58729060818658518 0.00404902274704071
0.74481317130329550 0.66695221116741843
0.01726371768163630 0.54750473274418177
0.99044298997809910 0.54866416873762358
0.94786918489183003 0.52488886844198479
0.35679737223176278 0.23451190980007475
0.96566667978775045 0.54488339682416764
0.97865620591931746 0.52446888244548195
0.45462842576839374 0.98775129886034807
0.78306021582690877 0.98708819771520595
0.36268114175094079 0.22072931740529478
0.59580224062655351 0.05066903027784905
0.00544945918657306 0.54141996811938564
0.98678738661133658 0.51216145682253256
0.99165692251125781 0.53523269430056397
0.78827794236134030 0.67091132187568248
0.02910907168198161 0.58203865681239120
0.48666468189318196 0.98224118840975194
0.78220103998163437 0.66518247632337524
0.34600091817252282 0.21748018970556637
0.67479241910729604 0.86769559950380848
0.01148033513845242 0.55327698589860830
0.76828223573062904 0.53260258862657106
0.50081659787491917 0.94314210668877962
0.68119101354157596 0.89643890667381698
0.54753122904668494 0.54330994845199843
0.81593578226689389 0.99121252789107328
0.38323460893699018 0.23030303065206492
0.35175315672840946 0.24298036629004308
0.68313561498339848 0.51094246412226718
0.37761056511228430 0.21883228240028407
0.54125806910445429 0.57056050068201236
0.77101317753063114 0.97650463237576912
0.38646868677961477 0.24394672516042254
0.74937493907298003 0.66282648311193271
0.02952873439154613 0.54525398879169440
0.46660623053251193 0.99183044856828906
0.39719367378232767 0.23986001915668517
0.56588249181668893 0.56842970177786034
0.70059176197950512 0.89349129338533084
0.96462308492295734 0.49292343949730333
0.02515114949164739 0.54586905760237270
0.34837777320949936 0.25470651667361000
0.02951169659043319 0.54069346938431262
0.04276889796467198 0.52623786062068223
0.50603327222918892 0.98421226931954009
0.76248518825709988 0.64561047680486972
0.38217704042437628 0.23286604440813152
0.56074493324335128 0.58760088956405598
0.55221909431355187 0.55623321772819490
0.57581540715819790 0.57623744602390148
0.56554364380229827 0.51790741834357812
0.53899188710809287 0.50714355722582449
0.95686509925517738 0.52974144268530943
0.72824215084430455 0.66669859413439980
0.88407268268831063 0.84736176050602818
0.46780942997453090 0.98095615984417184
0.59939600392917680 0.02020829223341375
0.97314702293924293 0.53562990503126828
0.60590750775982993 0.00932786641186003
0.81704972471013959 0.97289622804291898
0.00000327545593249 0.46325544175403899
0.55398092621954831 0.53563045833327250
0.80559692698613161 0.97059073686000608
0.38788689770214829 0.21332465235028136
0.59613833420319340 0.02891434274688475
0.04490009529469287 0.56015641316946274
0.66173101528685130 0.89220744867893731
0.80370390504105893 0.97114237040293461
0.97676793703545894 0.51209713288531589
0.65536393029930540 0.88730596806526352
0.78714508034713870 0.66963252765111436
0.66366369667508085 0.89381543871592817
0.66735323754380127 0.86382074270586950
0.47564184071424237 0.98497670434430717
0.79513734290770044 0.93505640823326919
0.99276981268046971 0.53823532353742520
0.50789407497466621 0.98341856703900343
0.57616826950554734 0.00566770759116913
0.39037306645863495 0.24442039305297469
0.02091465978920042 0.57060682183658684
0.62899827961305543 0.87938861218339892
0.56408834928623675 0.53751334371284132
0.59195433408313236 0.00211376051574932
0.64963814013547649 0.88054036930411017
0.49748927891883277 0.97134712992660832
0.57245247305812541 0.00628470909165008
0.96095277831074766 0.51734694341771437
0.65447849618275222 0.88295247017957013
0.79321408826611439 0.97037156800790414
0.79133641136442190 0.65270125774122423
0.35765427176753706 0.25863734978400649
0.79264647826781431 0.95666294859458445
0.48607315199690132 0.98135200580627435
0.78533410000539994 0.98450738390064330
0.44293672833099662 0.95884709136546453
0.98720379987252882 0.48772361290614397
0.96806562604065238 0.54262141221039151
0.65626243814522756 0.87115072345773070
0.36171082623390621 0.23603064972085142
0.63214512836446302 0.89071627552398613
0.78609687406818118 0.94667669516782971
0.36687876231383953 0.23343711973199346
0.98179426178235596 0.51904905272505852
0.02709895556316390 0.53515738486679421
0.79740015906981543 0.63636344411070600
0.50262557679946029 0.99127831931219301
0.79831866629638115 0.96530752948007381
0.04251250337584807 0.56264266893089832
0.59850895288664896 0.03732982812412419
0.01429502941800807 0.55515693857873127
0.57497674268821275 0.00000859627759742
0.99020153749740591 0.50866737367702752
0.59221077923015297 0.03096293851939883
0.50145839019789662 0.96895254993501312
0.97547032517812082 0.49717545470583030
0.45850113604337001 0.98041032186330546
0.53191515130717404 0.57376944832515908
0.53756855337830456 0.55015862884161681
0.64923134960557860 0.86301840911468508
0.46834278626432163 0.98473415176502643
0.94442743318672195 0.99998413601926306
0.48634297696106876 0.96083312871761561
0.78061630014355166 0.65610217147541638
0.48564463087881782 0.98727059659682270
0.60442523931005943 0.02799038538295301
0.55308235644185089 0.56292683484016426
0.37078229185431377 0.22734274760693191
0.82182374459287977 0.98016895151649908
0.82443239534398405 0.95791004543310621
0.51004840085918990 0.98633066678482095
0.54951415381689384 0.54352345370307942
0.64015221860134963 0.85154950328186685
0.96867218788345832 0.50340356391920271
0.73307024425524003 0.67284847338219833
0.53092019170788041 0.96446332872768448
0.35133308077107933 0.24055756554404378
0.01486240340094762 0.55211975293826221
0.54763920846894509 0.55222144257105621
0.67657059824412258 0.89405749563033021
0.00221292291604172 0.55894099279761822
0.51626887458374693 0.54915147044191104
0.66142837234552188 0.85654818736922478
0.76837744676685316 0.64430700911123628
0.35198545768683048 0.22363865490083629
0.78551318135830250 0.97599842432694195
0.98587362604059037 0.50317991252666561
0.04162097073194038 0.55330555720006247
0.82694649660160091 0.98426091468274424
0.50244101745099534 0.99363947694653576
0.95614867868045128 0.49960979726177573
0.00394886179940349 0.54491005505010315
0.76335045188888229 0.65298380186747029
0.67078074878479355 0.88733184524936182
0.58562013538141977 0.01612761094554500
0.97472872701509294 0.53015830122922625
0.02434565028029980 0.51972921463492516
0.38157128069326446 0.21950173931176903
0.65421855486527247 0.88972091185980096
0.80560189667975757 0.98381628264692877
0.66910914702322177 0.89380845789356067
0.58145799615171656 0.02799938101676172
0.58996124849511045 0.55648798332499028
0.01780059899931581 0.56593569758490048
0.50092947406568455 0.96788451049662139
0.00381745150235430 0.54315901077394191
0.80865267410690422 0.99999317246553210
0.96934684046222896 0.56993402691051731
0.97425338031576669 0.54130694920877942
0.00112522927536509 0.55063474363939779
0.46098165174901407 0.99613816756173756
0.78625415141842736 0.98075547767380233
0.94083514615406760 0.84609748333303847
0.80657032623930669 0.99178852685297614
0.67869930878425877 0.82807297271940550
0.58015341540720122 0.02060102819899959
0.99440677130618171 0.51147029482910078
0.03565325799359856 0.57723011098435284
0.04895119287097116 0.55996126643145050
0.57815237517764417 0.02030557892870408
0.61699744691067471 0.03842842122623141
0.66817044325604502 0.88498246883055687
0.52116331120748582 0.98544833162131085
0.83817159614598424 0.82216325786425259
0.81350673513910166 0.96370696020820479
0.94225005101455417 0.52431816810120702
0.41241590505812276 0.25090067923894810
0.60305108907439553 0.02531200680529945
0.03194037371322000 0.55625852161065026
0.04043037614185920 0.42953278488140795
0.54212740669004322 0.57297253968930839
0.78429421596178162 0.97460075240049282
0.76778347059214069 0.68242484409843951
0.97871705060253733 0.53852490520600871
0.57204731901847716 0.56238108349833704
0.74281696107858741 0.67571825561193821
0.97684509391227770 0.52087071410672980
0.55544141698914762 0.57094035855618042
0.67225036346157296 0.89049277752091660
0.99335102531903563 0.51641921582278061
0.53711750471294117 0.55185911886460892
0.77998973892243340 0.95517983323952171
0.80946015452612607 0.96999337768745020
0.95822925774010881 0.50888860791501345
0.79286975060270459 0.64925922364552613
0.00605833187267983 0.59860547386262686
0.58924423633003031 0.01256911080997730
0.00272628375148932 0.54599667204385549
0.78672286578518147 0.65567139037678546
0.47790082404756573 0.98319308136527139
0.03537378072034333 0.52052819216325874
0.02009421553249168 0.57490305909186135
0.36576098164278142 0.24542994214660740
0.38195157964955573 0.21245393284542891
0.73930572777652892 0.66606246924586976
0.53434613471984826 0.58706787508068026
0.03712754983175340 0.57491078321308431
0.02489172346080196 0.55406493299932513
0.58700021290800886 0.00876125970073887
0.73484530489832978 0.65063705127460481
0.60044718558560184 0.01530632263473504
0.35553145315880041 0.21396448298780302
0.68412416002517851 0.88696340278142960
0.68261188633081993 0.87184997289053723
0.39063146179858382 0.24984722864125708
0.66059507843450993 0.86202857613057460
0.01645790277020779 0.56968682234907619
0.99999708291046618 0.50415673157649554
0.99133220416980050 0.26182724204724789
0.55814325538990217 0.56247094098619221
0.55802616858736920 0.54718575869208086
0.07839634973798054 0.59392722408568110
0.46028313759440759 0.95713818609763746
0.53333047100598374 0.52074845219260857
0.96424753710248057 0.52225678873332337
0.65034666359810067 0.86018175906671135
0.46927667571472859 0.99194299028784660
0.77599230557026500 0.65976376531700953
0.40224274869259269 0.23502498574972769
0.60946564191576058 0.04506262533395791
0.98115012684102443 0.51640940549995484
0.05973233961127902 0.55179098621580291
0.61119888295221370 0.05059364457683002
0.62599581573867746 0.87758141600697881
0.99544586712642913 0.50936915104698866
0.96920740228374247 0.51698664216932488
0.56146257415426937 0.04251236350687351
0.58123938666097175 0.01091050868724405
0.97417695467517595 0.50147710847326088
0.00017324640613095 0.29022487545721032
0.38284033431947173 0.27148439456935525
0.59419781578147191 0.01767405371277334
0.61205796669334633 0.00499950818827915
0.67878628936739294 0.02796214887550701
0.00115801807105721 0.53955656053455670
0.77305281399252257 0.63009801391888798
0.75251482835812677 0.65424862637891179
0.48907838651914576 0.99427061606330402
0.01682644160785306 0.59797945723582935
0.67931449264702970 0.87129429407598147
0.97958175361280819 0.48054656625639930
0.38056104540582725 0.19998755468326695
0.47008393038267260 0.96924472627877944
0.75942987193403921 0.66569852166472610
0.47641162656619407 0.98872063605019789
0.97618254615598854 0.51047558043102925
0.58487449639001443 0.03497037778660183
0.77069950216809102 0.68329713627072530
0.60407454235190383 0.00855893276105750
0.54287371407123730 0.54169299975386898
0.65184400116014585 0.88832968821847069
0.50098534950956619 0.97857010489637464
0.53090607188897909 0.56572984844958252
0.77645543782592397 0.97826540021596453
0.77005867058325350 0.97918803771000607
0.77238588115718954 0.65855413827707199
0.82513145987613812 0.98925302926343017
0.48701964342355530 0.99354614763361337
0.00936812082731066 0.54959805749960200
0.81526378911521125 0.97819933537197079
0.01748743930990601 0.53057044478553717
0.82284610170830985 0.96499699493342139
0.65178788132566390 0.85026313706811152
0.77741741038390300 0.98297637703266583
0.55569110796869292 0.53308746013702624
0.63181062561946211 0.86981594950019114
0.98249196410800166 0.51604017389320456
0.40463495389352538 0.26231825274108056
0.50628491201137771 0.96082844779889742
0.82098873315848064 0.96937715433225025
0.80273429354466597 0.98281018246261376
0.01969898480398289 0.75282158936276489
0.96911245058422091 0.50431215138848684
0.00000158090379886 0.60317564283774017
0.39175041869286092 0.19427833325281493
0.76662603237878990 0.66218478137381898
0.06432160680025456 0.55077931356367837
0.50298401726583897 0.99505336023969537
0.58934168661197373 0.02197214456056818
0.79152287232084950 0.66700295082282413
0.54345124279576995 0.56821456454833552
0.97004532237665386 0.48746570938261274
0.02059976917365866 0.52943007599103009
0.80226291001776895 0.99746804914088205
0.00633998950208558 0.55373817469789233
0.98175034153707330 0.54513319055275111
0.55574866357318087 0.56127131665865271
0.47845025984159850 0.99611965453766937
0.37660204889411908 0.24097607741195587
0.48077969282722943 0.97578875806279886
0.00000385834914396 0.56183024295408324
0.76669731465744095 0.64733417901167012
0.56986329258478519 0.55478244642098484
0.98622799830546515 0.51462400244805862
0.59581810513276945 0.00098021791963433
0.64937454850717469 0.86521470401854439
0.53831517514580163 0.54562936874165668
0.98685858707305485 0.50580120953149932
0.64404909943839961 0.89093649456605628
0.95191652052774955 0.55815863094953944
0.47320494544902492 0.98130305911455606
0.48552900261360971 0.98398367318633906
0.58761934081029477 0.03592059842191581
0.36262061289219139 0.22440142356761927
0.48944389849007208 0.98169796442905199
0.37010304692601420 0.23921001009045872
0.97083248593869986 0.51133614070238309
0.66296612258542620 0.86048639550412531
0.65085661135356376 0.87116233373172713
0.36100467854850415 0.24961764053643351
0.59110165886066968 0.01712855228215414
0.96850287008897595 0.51087800434171671
0.65476104131807722 0.87341972904512688
0.99438769981318709 0.52912443356201122
0.94551091365538620 0.30088768427748164
0.82126249999519430 0.99400984434711515
0.03128621162392457 0.53842501662251552
0.39629321644349025 0.23649439112152670
0.81476028945413792 0.99561569568105279
0.58481984542114640 0.00000732087160762
0.66395905566677271 0.86972867791903619
0.50674860312617276 0.99866391110845798
0.04095983833462927 0.56247311910394460
0.35961089637617871 0.21530997466650995
0.57399790756424895 0.57925262821611612
0.66695071608342216 0.08771852542403019
0.63426245301535922 0.87650853964862074
0.01638393755579805 0.58105113908073602
0.59086835114769465 0.02404315174061449
0.39664737187542520 0.22555715748756217
0.54234610456299048 0.55055715908455904
0.78860345261910458 0.97074193814456322
0.51161426990119985 0.97756634994157099
0.00859007822251426 0.56708209515333163
0.00001063583477195 0.56428875226490027
0.74648102001631211 0.66736474758738085
0.53886831165413029 0.56791022309491124
0.55757384233952112 0.57533883663467178
0.77023421458946517 0.69621074271265249
0.49499196753291314 0.98336669872698013
0.03962120204675471 0.56752074731074453
0.57210809218793146 0.02464352595861083
0.60348947736603853 0.04755791045414852
0.78780998044333561 0.67205368009163458
0.46490647568945154 0.97563775960297117
0.54208408772903571 0.55867935296352078
0.59276991246195976 0.00979740019862060
0.60464759679358882 0.00462580521988651
0.78761252794396230 0.96478680572831421
0.79373646796578545 0.94800278635648794
0.59201388171701663 0.01960621065268799
0.79175604241967190 0.97436137194984840
0.56353127760738675 0.57404175954054293
0.95168088723217026 0.53824484614256674
0.67299627298479003 0.89496319886613451
0.02486109389608955 0.52712689973491000
0.39119976451776728 0.25646853519550217
0.65923049339409101 0.86031123117678421
0.02487038091908106 0.52445337310158524
0.77504856622598495 0.64879860293427116
0.47820455783885329 0.99877867787657204
0.67349523602048678 0.88017645264913413
0.63801395768405367 0.84562457011363534
0.56422409784960159 0.55546838100745366
0.59080984390674574 0.00373680678271345
0.53161634355004117 0.56065331367924032
0.77239727711749906 0.65941279916633577
0.35834092004544954 0.22438100670230837
0.46571179082489222 0.96170110589752889
0.53112659994937972 0.55026601784625917
0.82170401072165455 0.96700460447474623
0.49714646675952451 0.99999664476419847
0.01996046050452316 0.53236803865279392
0.75021085197272941 0.64798013621739725
0.62842171868694241 0.88869040685537148
0.83551056114847921 0.99996639603832282
0.69285000251927009 0.85150427187964839
0.75507119557468572 0.63691777789442883
0.00000678616437711 0.51383772881420520
0.69452273328047198 0.86216246561657517
0.99582729641050094 0.49274676287100566
0.77853846102189495 0.64303945927843864
0.56410540815372734 0.55153186361091688
0.02397654741529877 0.56842525079978912
0.68442622131953446 0.86738031175261998
0.80566552431708915 0.98037480209062289
0.45046925302229668 0.99654721582477490
0.82397017898027836 0.99315882977899550
0.36983201259900189 0.25391491418857765
0.66576703224494149 0.85621025173249110
0.76055352663275977 0.67136037664626735
0.79777871265736666 0.68637266435143607
0.35126235894102337 0.21973221822380853
0.83464768364894248 0.98927992850202617
0.66445805677860514 0.88475418449576837
0.75198662767128022 0.67213017072280234
0.01158498207599213 0.54153806786370084
0.78187556118882706 0.63110395169502931
0.65371999621047283 0.87991636915452565
0.96260538377554705 0.50259044756642846
0.76359078156114568 0.64552783683237880
0.55067597553634595 0.57202552604767165
0.68861982835196334 0.89307473228813927
0.63361237606810517 0.85764969412668512
0.75965261168266474 0.64713476348013466
0.47790345067286943 0.98921793063466823
0.37169733894520030 0.23033948422389683
0.58352075253842195 0.02278685119527428
0.96985822629661678 0.51144595588186903
0.99908407822287670 0.52000147997870860
0.58699707343936414 0.02592041181184245
0.38542701571894272 0.21138022541478255
0.61964372455355488 0.01365929421486636
0.97677838986347321 0.50898197567641834
0.39875471372950572 0.22365453035034144
0.59920623283448615 0.04531718110747415
0.76848833545361162 0.64913572772082873
0.99770538737774950 0.51249592786355558
0.33841644756751560 0.25312886433115289
0.47701113440193610 0.99099092792548427
0.66584172990868484 0.88967113614809679
0.56895140396048183 0.54750735253332894
0.38238035030441242 0.25035448602979060
0.37187864490153411 0.23961805825335997
0.55250820701080250 0.55449230033362840
0.49123010368763775 0.97199559053794293
0.74584412533345912 0.66507062575332421
0.46970724300420463 0.98663134592227730
0.53675938011548496 0.56353746952782957
0.03502670011678811 0.55581930299636062
0.82541940568106420 0.97541722625623317
0.80111729613760385 0.97286754346238047
0.34151473494929080 0.21622840018843137
0.80649408270622547 0.95655702215113914
0.54794733852738231 0.56808736687323014
0.00352137318980702 0.56498954963014647
0.97571286882302710 0.51637825413584670
0.48700536075818468 0.98144556267238714
0.01778682148512724 0.55184071298092718
0.57557687884650921 0.56972506279515056
0.83301637884916269 0.97640322148758751
0.63626154497323884 0.85730891775079532
0.81969866470001340 0.93460658889171722
0.98672398394606786 0.52062958361593825
0.80646662383889534 0.96954150375830495
0.83327355859377328 0.99505706606488575
0.02751143645106287 0.57055280230210981
0.57283715821844838 0.54878157380069681
0.65517731871305640 0.89584476104688493
0.36729032485560087 0.25256147642366672
0.96065254549232393 0.51886187441632015
0.53679425910899259 0.54798873171117035
0.99327779588941711 0.53007931513611906
0.68854175693255026 0.86994716711908970
0.00000346294002695 0.53376371955616242
0.40925317473889816 0.24202126599446186
0.76757316667427145 0.65805861023974643
0.62223392408929368 0.02946465338307807
0.54093784062221106 0.55197536880029008
0.45746817877822699 0.99235206925337327
0.83187108112488084 0.95696426404710233
0.78563961818210470 0.98828666274380783
0.48885541789221187 0.95545942361586778
0.79090472808061940 0.97322344888801304
0.36341093990807494 0.23430937046463907
0.82769389275450123 0.98945655025170398
0.75907935300425655 0.68135378376982902
0.77537062087669073 0.99559552726706468
0.55913569461677737 0.57113983375475663
0.65858081013819014 0.86971087603847608
0.78643264496614496 0.65131640801966328
0.78524652674706985 0.99290566077388509
0.75931995236217564 0.65566919154610048
0.02694079311136994 0.57939160835515613
0.56336609759550849 0.53942977274686255
0.98654466481213254 0.52902064802475512
0.96327205518161341 0.50043848216690401
0.37853913128710004 0.20989675015050493
0.74995404520886422 0.64900719234678084
0.79122766265720623 0.64612521051453464
0.82431346748785872 0.97012368016907358
0.52403869692472760 0.97734485819964245
0.55000229114679033 0.57892824413588695
0.66056088871634788 0.89412945690939449
0.78308187283330155 0.66134562592548007
0.78544104275602655 0.63750667731427457
0.36532414701475863 0.21968368560382004
0.57006258613516392 0.56013170406266255
0.76959327278723288 0.66641424152560946
0.54344517046693486 0.52898069551047666
0.73520860868894444 0.80649648293458864
0.57139145460907048 0.02409892682986534
0.75499657802296360 0.66295656603926567
0.56876826258168212 0.00000028378432148
0.72593509544818202 0.65989063807827975
0.35860475913642104 0.22909189929935919
0.60104427792378012 0.04667602915851411
0.82440383227999459 0.99998025237365129
0.47355762230997006 0.97954269143190997
0.01438952518206680 0.57111682377162865
0.56820510260358126 0.56081541008010749
0.61297597251762304 0.00581328102324767
0.06033358269255318 0.57311619112147749
0.54218993918313219 0.56623803226111014
0.77382300397600290 0.65448194576897800
0.77100111687139750 0.68227221408226357
0.80893857478470244 0.96597720084962013
0.03726245536259528 0.54796144504086963
0.51876155129656343 0.13755191197918706
0.37277497858257846 0.22796836380113836
0.54775225415761852 0.57171805384806207
0.55816645192561609 0.56179734503128331
0.78878887929909824 0.64904150177422004
0.53511043806213354 0.53054457092147167
0.37404443625162082 0.20785985861498013
0.81249365457827294 0.99653622117985485
0.36579153327735564 0.26510742080686983
0.41044594238575566 0.23269600846522348
0.55198054022335252 0.56881573438284838
0.60234128558416755 0.01313660208682692
0.23783642014061035 0.90611033872573410
0.97051717008542171 0.52204673545085978
0.66001986313172456 0.87446100631300028
0.98725167336766551 0.50523908205222723
0.37234669162775569 0.23622190407384602
0.01937570246227609 0.57837970641427761
0.36253774804470723 0.25232800863634186
0.99614650939541372 0.49706566314325129
0.35631353308761332 0.20767409304093187
0.81002425903489916 0.97604797144341504
0.49753574665976685 0.98663906606915186
0.62441573191824118 0.87073654916677812
0.77769780709049330 0.68307415169468144
0.80758196783897174 0.97141743487534638
0.64696830236996306 0.87970026313787242
0.66752730491348189 0.85600313852210619
0.57798538231573549 0.07742166415331055
0.76542100829568238 0.66084365625937747
0.58186825502441497 0.00715259600656226
0.82865572992370140 0.98243303953881289
0.73497164430207840 0.62981259532418143
0.59093072588955042 0.01900460793799576
0.56440832696539367 0.53549622706654265
0.96280086736181281 0.49382660963104130
0.52237697992053178 0.95150977490726163
0.65957329469158432 0.87759339928958202
0.60365615119287164 0.01796367310655647
0.00660287447581674 0.53233902955600421
0.46704049332962300 0.98589317076099769
0.64368433677773884 0.85367516941927790
0.57072853241804056 0.53953569425663428
0.66934609127725564 0.92575051166617006
0.78661617084583635 0.97142952179993980
0.51925740529274778 0.56110567943225254
0.03125524612406937 0.54264470959462674
0.92108723724288488 0.13010462457462615
0.67843852502043012 0.88506561832718367
0.75933799811512670 0.64220708115217173
0.97443728888887915 0.52415376940082348
0.80580098302101633 0.97235985815302606
0.66458878949216715 0.87936414957484244
0.03342981199358514 0.56153059639297753
0.36684305444472820 0.21049169117500161
0.36550228421552466 0.21009548858130431
0.61231091847584329 0.01867316914196030
0.55279265026889246 0.01332352260601057
0.50820229142483653 0.98496922512936036
0.67078070278722834 0.87056634952585654
0.38676433565718021 0.24340733468430520
0.63281374920903621 0.01773729633659661
0.54281447528416527 0.84673452056625131
0.59739662063999965 0.01294078901528654
0.74220911774198506 0.63714172839002192
0.65832122430388329 0.87285244441694809
0.04360337658479082 0.54653593374794862
0.59106833019222715 0.02210081118933028
0.68776016644758453 0.83743926922211465
0.59587591969569609 0.00636400222144690
0.98134491108840083 0.52963249084550834
0.60142700758023671 0.03089729994253018
0.98751836332226239 0.49988352949690162
0.03700456434634708 0.55837079738163542
0.01462193783538635 0.55692640844042429
0.00115311646573977 0.54704378062677228
0.95845998611779071 0.51365783166455259
0.01398963819058139 0.57212254331356627
0.01370424349025273 0.56997655412413784
0.98053673350964987 0.51015457571313250
0.01707468965697621 0.54216064338927483
0.03829581019055899 0.54169157565873660
0.60021922135303052 0.02148851558329772
0.57560092210114233 0.05784853809679455
0.56449289946135550 0.54079146359835073
0.37295345623086273 0.24113606725520484
0.01005357606359739 0.59580535803648937
0.98398511809103117 0.54443154079385903
0.98527806251227568 0.51392211990974523
0.56863458917006815 0.56663910745264900
0.56867121826193778 0.01051769338420116
0.79085888714830244 0.95925390614697659
0.48219080667031899 0.95705117170704934
0.58519735559769337 0.56986529830028798
0.81856647601312338 0.97229183860959989
0.35936086135296624 0.24453358118300295
0.56900616085755151 0.01750618384313584
0.47563522567330058 0.96884611307739998
0.53348466904154568 0.56165646027332705
0.55570130111532512 0.53858236505623713
0.96604950601513073 0.51933486474736557
0.76469162708918437 0.67917724374919464
0.40182999790797858 0.25227748529164318
0.55438700615970105 0.55122588812627349
0.78791044646864616 0.98449845294995031
0.00444342643345265 0.59296144009422935
0.67572291563529263 0.88193676058305925
0.64272379805673185 0.86212447020282068
0.45297827668576407 0.96489633083697268
0.65171275996024658 0.86648157368983469
0.55816152715816092 0.53326031793586282
0.03591193936035554 0.55938382218963756
0.46264659578843581 0.99496196892509980
0.37392514102769764 0.73244792008201753
0.55673300092507605 0.30672856113535396
0.77356885234574124 0.65139678641085064
0.74988576165229637 0.63992097628808975
0.36140343141685272 0.24755973017380956
0.64841912611041419 0.84527398527960607
0.78893603853771044 0.97977792976896505
0.98836643672629521 0.52862701236420317
0.67265037267232342 0.85984544936828167
0.58111247568861524 0.02631928914661125
0.03203635234309401 0.55560823169175166
0.97887792909374172 0.53506691085471436
0.73917550428915313 0.66292887015854551
0.96774209569954106 0.50445545498559974
0.52977424781540450 0.56206908370860342
0.57292202260335690 0.05279762804829467
0.01942980955192947 0.57053576091703018
0.39196166926349929 0.23768593226521462
0.78236003293274381 0.96881309700247364
0.99999923748956765 0.51549719815002493
0.98715321162477276 0.51637960251147141
0.40453671390484502 0.22997745421299873
0.38758736091303830 0.23749822534711018
0.79810401799633990 0.98164779434080185
0.80824471316300917 0.99260599229610347
0.46099113619178955 0.96427875542399821
0.53965624336216067 0.56387563788931716
0.65708368431636888 0.85607113875201823
0.97235884916289539 0.49551141978625446
0.52800127827047683 0.56022226422629617
0.08907968485958297 0.66575028857091922
0.66919586061338454 0.88233593432197222
0.98161802514744989 0.49733226399172686
0.80353533114453191 0.67344565249134913
0.36975066315893523 0.22478223283799370
0.82715664882546380 0.96505749567993815
0.81594844032884806 0.96033932742012029
0.47733733322741434 0.93173620507386778
0.56415534763461161 0.55442490623759788
0.03395944521350484 0.54079762334864778
0.57843627142809051 0.55177400678567268
0.54735752389856529 0.56380129117793765
0.80381706456084845 0.98440728789411069
0.37097282385534747 0.19683030234227417
0.76158614164415839 0.64125406414747177
0.56058803730900075 0.56567165340466541
0.79898194051360694 0.67792238539045890
0.98366914790964088 0.50956880988771358
0.66636907014243307 0.84873142840223814
0.66057564501460986 0.87230442897910487
0.79502836808357691 0.95571265903620739
0.24385677255566707 0.50312021385931394
0.37721363234145133 0.19937479894808358
0.03875638642226827 0.56282144153113378
0.78429218103512510 0.63369812837335293
0.01497855692554834 0.54686561945459100
0.00258531871946234 0.56628844949421331
0.98079126252996107 0.57392697938285142
0.98030512740987252 0.52035871001870115
0.59833530340608465 0.00076341522861982
0.39133550390444299 0.24105164786307406
0.00026538468495202 0.71798367503945848
0.63410464332998295 0.01146342386906075
0.74757753618487055 0.65932173293952556
0.49637452260972859 0.97284637580668254
0.79907544397328201 0.99220105600550124
0.38693798385949418 0.24206014953948857
0.97060855850078398 0.52096851441452807
0.02000917119257211 0.55637205706939930
0.76721017266472624 0.63419757730373660
0.58274946211453205 0.04732359311778700
0.55837876142875409 0.03525634786771677
0.96297373864640190 0.52098785888496346
0.95478049619727900 0.50823428432932161
0.49763869817258005 0.99142408075565824
0.77799777197522701 0.65452552643262729
0.03337801878800235 0.53520025499167401
0.97978508280500287 0.96660906681377956
0.56122418516189743 0.54198094690180454
0.76280490247373667 0.62356034766040735
0.55177116918973368 0.57980872909867132
0.66451777130788825 0.89702203101406497
0.58821425665803828 0.03068958261568205
0.54426817144049833 0.53331119056513510
0.50011972856008202 0.98608099244287983
0.74832432666264703 0.63651740750943819
0.74782282834505731 0.66316485713555728
0.56353882200211125 0.01289414733569444
0.01545881927289865 0.53807189166275904
0.58336098261799496 0.00534632832521580
0.79197750642801112 0.65952762817967858
0.96656836849145666 0.51450208980244660
0.97715716265458674 0.49464418711456803
0.80737487777206685 0.98398309802521933
0.03291820325504697 0.52620715785810479
0.67114623930970863 0.84246612199597826
0.47872956021538404 0.97331010402655904
0.61044654084607741 0.01574429444683285
0.40794815131823431 0.22507971757296213
0.61909633161541600 0.04339334018119828
0.57623028711131685 0.00202907692058580
0.59365598126878494 0.56001100388712932
0.76481386672998541 0.98198642726373842
0.38728804933895283 0.20149981319838531
0.98999436908416294 0.52593475833094094
0.66389547652663983 0.89092181009098259
0.77768741453640156 0.66892258885936562
0.66645938343548494 0.86371653015004779
0.02965747009243092 0.54136546081213055
0.54910237993353861 0.56238796310723649
0.75414430367869234 0.65361164935999627
0.58645135468693599 0.01705471970129832
0.76648439951860092 0.65719511454004664
0.65235908640441609 0.86751396785620627
0.47113743735981251 0.97678960967025874
0.77601980411992388 0.66939598967347236
0.57339956430533179 0.03431883667925471
0.37998159701191148 0.24159011714154180
0.47475878943728400 0.99826156033216051
0.56064013160451598 0.54578529813111243
0.38137487494603450 0.24118723049854396
0.98265139340861496 0.52913670681622094
0.96874572538025272 0.51440941198595136
0.36209978778761004 0.24491746965457500
0.00881595150673529 0.58510192538036598
0.38981402088163319 0.25437052562843959
0.79036670102966566 0.97756174796786277
0.64212406295849189 0.88172414533542331
0.59684039700399072 0.54102127364225217
0.77119917444783903 0.66438983463062062
0.61399606740015866 0.02282465628319781
0.56525196727299409 0.54299052702985651
0.64722566131898140 0.87608987695693974
0.81614374902065179 0.98253940846685728
0.01304445940215935 0.54748727761750648
0.36266156516260456 0.23527559863374234
0.63185087215525348 0.02652111502065222
0.82326918060836751 0.97904931384607641
0.99666528522575604 0.50366312744996244
0.74103105552576931 0.67442766685152244
0.76249933515251156 0.66097868035622509
0.37558409864946068 0.24933287836969034
0.67069460317905794 0.89106678706303211
0.98331023114631722 0.53411313629513912
0.36032071650460151 0.27003443723495546
0.02864338907778788 0.54186744086531691
0.77976506553057723 0.68391046095804708
0.66602469522394869 0.86507040291828574
0.01716916545947146 0.53292807351029048
0.74923489000777077 0.64219093015274287
0.99091741095972041 0.48603476522036854
0.58971946122757590 0.04807071399279342
0.56810695947889689 0.54106866729232383
0.54469496200067058 0.54370422774151361
0.76486581766499318 0.68659398267435956
0.99998036745962582 0.56252119227978270
0.68440118403083605 0.88197260000570998
0.59975690092241607 0.01303001456428101
0.02528794170384115 0.57427155528148388
0.53089560968829153 0.54911636127418872
0.66404281993275616 0.93868148086225223
0.83230060521687932 0.99794750236322494
0.64693750190310162 0.86482547606919957
0.48145948059380494 0.96600356225750306
0.15439137328296343 0.73547188489131210
0.66523712080692765 0.91398932949313227
0.68795103829779003 0.87748310477764169
0.64451839602223737 0.25284470049439484
0.66221086929553374 0.87835384228010160
0.67845943882160886 0.85933582995303770
0.37981581246178192 0.22765775799160198
0.76441114982265246 0.62562139637845171
0.53627640058636139 0.54089703114044541
0.98615681715124270 0.51793620199379597
0.55996915998927799 0.54047157219321007
0.00193629454848818 0.55798906741919285
0.80586762563360281 0.95212336851019685
0.68726320524024886 0.89113172942873720
0.77878343745180734 0.64915564370921264
0.46175603459699849 0.97657759690025470
0.77625030534560024 0.98916055524631930
0.99207357753055536 0.51263719949374131
0.03714146462238994 0.56116247734999192
0.57496172977123650 0.01460831647934672
0.40033401516504108 0.21638580265247104
0.55600561196264109 0.57747862147327467
0.77248775663733649 0.66384999359129282
0.01415085962689459 0.53953448488927691
0.36420622458303714 0.21266207274089646
0.48392727039462435 0.98802625790880660
0.75625955879977658 0.65726290489018024
0.01668698948610052 0.54148578958157800
0.77999771049543776 0.67550085831518936
0.79216645249069295 0.66991057510690022
0.77925872816436625 0.96827635943804424
0.37172864850140974 0.21170050950910041
0.98551287941274091 0.51602251906118735
0.33999308375473442 0.25846849087921892
0.35242132243811719 0.22617004565504401
0.49125493409907089 0.97100175573154879
0.64978893725821196 0.89265753571814621
0.97491615055044145 0.55401283404569968
0.64955779344908582 0.89081105028558638
0.82583158708382964 0.98083899423135679
0.55181705577860241 0.57791632561817508
0.52507986847308208 0.52611717052574225
0.55502151513261633 0.00450876180868080
0.80233994011681542 0.96481328544763834
0.41590866229198953 0.20822046432024494
0.96008215065898572 0.50129989420436638
0.75570157330749987 0.65645374525276667
0.45589961588864458 0.99191097966337438
0.01284717950678631 0.55604933416656399
0.67254953717868926 0.86880724185109337
0.03523189634144529 0.57194795303342194
0.76701343365977792 0.97580215911158963
0.77180799505621256 0.67243672674530475
0.55315851765700219 0.53491850210312064
0.58531607845673173 0.04506550867712675
0.77898156469848501 0.65920962086815649
0.79992923255539661 0.99228926301724552
0.64354536324983003 0.85481182674723466
0.99401146737125712 0.52121533250078000
0.34061397812967464 0.21390747113397252
0.59688357418223326 0.03116210129902729
0.38265571978197005 0.23612363508320058
0.54586673700584720 0.54263073896656377
0.79506713787325611 0.65129205904465604
0.40313417037686450 0.23203276897238082
0.59969479306941254 0.01847485789702965
0.37865467108674583 0.25423226119397235
0.02195955595147623 0.55217150813346538
0.99011979800027794 0.49869147040105705
0.97701282068442252 0.52363406512692667
0.48672345030334918 0.98352836944594824
0.69489605982105562 0.87058892417347000
0.01196776198559115 0.56260252652307174
0.70358073636349061 0.88943570557723695
0.39399793687204909 0.22495185165888792
0.82731553410727821 0.95594486531344636
0.77113747617646256 0.67351208060842915
0.35972034302124833 0.24630858876370798
0.39511275494381315 0.21081595118034069
0.82364706298669299 0.98462271431238113
0.97487092393660146 0.55686613820922892
0.36230680054869097 0.24283641504173584
0.66462080250003130 0.85648767291906713
0.65549387087436650 0.86392279923283466
0.42689059015749570 0.10886819152237252
0.98701475254926230 0.55786067315118537
0.60068925216161961 0.05816568995632512
0.47450809308300934 0.98553348792828555
0.98344796349659458 0.50347028743830802
0.55119660086362798 0.55217330969596901
0.47854886998446944 0.95805336083302017
0.96808102335503565 0.53388838177487519
0.34735926446063509 0.24332476863424482
0.36742164202192479 0.21288125627890250
0.66427701698552610 0.85253670649365532
0.37507316857066814 0.22349181308214514
0.55699613399071612 0.53316798513289898
0.76015228349259456 0.64536929304152657
0.82220254508369295 0.97563343127938174
0.49688585696533671 0.98540174026498151
0.98906375597861773 0.53945127227813827
0.61971788536506645 0.00178819345423253
0.96376269357424227 0.50336993643417960
0.81631891965728809 0.95393460465579483
0.58125503209610263 0.02018834171864678
0.56370155048794635 0.03092107338168453
0.36001096255212955 0.23121427164924344
0.57225391960119654 0.55111809214394070
0.67855604978349848 0.88792237657163675
0.02284149476054175 0.56810311625345622
0.04874930034555272 0.55197753368589419
0.98035437957072447 0.52829565143956148
0.02250029600746085 0.53616926358074546
0.55123811374591369 0.53513865758019397
0.35483017486736895 0.22905818983746634
0.45251586378129954 0.99998696717830915
0.97002911837890959 0.52890293731656601
0.53673340164608607 0.52070426415719984
0.56212478807781163 0.02198246271109116
0.42736729151414005 0.85810607534840100
0.64936807864682156 0.88877612425075858
0.59799383812132023 0.02308113473758271
0.36556301893951004 0.21852069157929596
0.65201343535747969 0.90536769172829190
0.02998316037201216 0.57164287404490366
0.61847036753571338 0.02667687332556779
0.79478126560427154 0.99854470963087516
0.03629774069943490 0.52969420438724590
0.65049495046280859 0.85551787031485604
0.60699470327189620 0.00926632897767345
0.44320198998746557 0.97094786135176725
0.48559761436408666 0.96465503785197215
0.77149023325461807 0.66902812415264501
0.47554736318342927 0.97258619600331375
0.59845526664722049 0.03372910897878677
0.55082396615794993 0.54303683289991866
0.60376138179256555 0.00147045509133902
0.78495687021838356 0.64924809147091733
0.03397932201980361 0.58206025188119004
0.99872863085156593 0.50562070368388567
0.63285862398416226 0.90106561302917587
0.60232048782457914 0.12509183706103247
0.46728605281339064 0.97406832827530221
0.80317249512829691 0.96138326218834314
0.48740551170133517 0.97277728158696875
0.55223686063558242 0.56262785422316852
0.74184336156918429 0.66659828756134321
0.96504331068622806 0.37081952752790209
0.48069676745121243 0.97919235717344633
0.35145809061432115 0.22157856346151975
0.02502767083961020 0.55274102174019102
0.95353732052348250 0.54702466328403421
0.78536834364948249 0.65200469075720802
0.39528521837255992 0.21666393196972314
0.56091747254977053 0.54754403564458165
0.59022761654506173 0.06135195349258118
0.67741532460689735 0.84914513418670023
0.61500040998497740 0.88003528401636111
0.79695902468124158 0.67981162121226246
0.57934416784196008 0.58505141952830630
0.05237791053003078 0.54020513008431148
0.12145271355071323 0.66359666371101000
0.57961242893194864 0.03700027030494100
0.76242353659110718 0.65693698590664606
0.77819728079655104 0.66249238696057688
0.56508017072782168 0.53410012503806736
0.66496034029378004 0.87597143235410047
0.48357845881115386 0.95851863246578028
0.36138011884985100 0.22268749253985773
0.57270626974617800 0.54526973870873552
0.55389397096984083 0.52041851222481328
0.37876537674408528 0.23895031924781565
0.75629154073590654 0.66952460748170239
0.35690560622779804 0.21461919157568077
0.75802459714558101 0.67182917717699464
0.01472635295672292 0.57579545691048495
0.96882770539031704 0.54619846747020129
0.66190931264939978 0.87594400129698502
0.47221706904526906 0.98297553623488176
0.98923400138267714 0.51141821814449262
0.59309368135352836 0.03796476614841936
0.97070297229388669 0.47608920101384233
0.55041996771825430 0.00606705188804083
0.50379156669066061 0.97429021627146928
0.95035706874148318 0.52708131638060240
0.12579464047878153 0.83204731594296533
0.39659568951869273 0.22081582958339699
0.22349257538143710 0.62012190113179277
0.54670993150366798 0.55794476516921643
0.52713119832446664 0.51734820240144441
0.53982284790247004 0.55105606587750033
0.50768364300007240 0.96114063115291304
0.54347569324306610 0.58695331316779231
0.46068008413296102 0.98408141558016848
0.59384507543762544 0.01341843742825370
0.38629265641490484 0.22979642935374861
0.79252691600597658 0.99048524543718286
0.38678725341833448 0.24949341204617012
0.61826353411001134 0.03529016416951675
0.47440735099780801 0.95913394198518742
0.81751187488521282 0.99441936062283476
0.47420411661295625 0.97882921989142824
0.99175802095909749 0.50203077826991915
0.02186710804189769 0.55789369200808925
0.02490004216423220 0.57887368972846831
0.77132049116055068 0.97234814353404220
0.36609573114615024 0.20352603568142774
0.79416745302353209 0.98582539847506057
0.00129345953816409 0.56010208436700237
0.52278073269542313 0.53768108625929623
0.76454908777265163 0.67035502373134526
0.75146242668758345 0.67080611093167264
0.57504871438219329 0.03057019347349443
0.77318224779155820 0.66746768307212112
0.65130731476174830 0.87236258009413914
0.58147942666132402 0.54457177960128023
0.57652005370109449 0.01270315990843850
0.81331761224631482 0.98765082553339101
0.35900120483300541 0.19380966170284758
0.35565679287660007 0.23264693174825213
0.68256484168929721 0.23752715771695829
0.82332148724783416 0.97009825513342940
0.00960753626125246 0.55037791355544219
0.53945073636643270 0.57136153355515651
0.66987506290280774 0.89526364956632032
0.34499828957690060 0.24488434324976083
0.94011654896641972 0.52155364391202452
0.38131074708299001 0.23781228663882548
0.58340088683295999 0.01788028066765352
0.57585292879605210 0.57789147928902240
0.80111755200977419 0.97786489305635471
0.34188337744062036 0.23725685542788127
0.57850024949256051 0.54314889511363384
0.63863668173793708 0.90293265486332197
0.82440235255641103 0.98559424776992022
0.37446976285272515 0.23148194616186926
0.97502957797339751 0.54255697634497890
0.56287632639879337 0.00006595661759854
0.37947638243226034 0.22065688600724553
0.61524390562569220 0.00014593351074922
0.37385801821444492 0.21608956253608985
0.04288466063199870 0.53427061878308091
0.01480508160799002 0.58347839532055579
0.38044114000600454 0.25945565709695678
0.84178425468368090 0.95919362757495119
0.96492544834528005 0.52085181067295983
0.67960750752956711 0.84813085020611778
0.78092150366868684 0.97692233263398776
0.76255356190067991 0.64731644707078873
0.65834066271695912 0.90749560396673035
0.55200032136380051 0.52794848988037424
0.99999559477332622 0.49857719739125866
0.99998467033134775 0.50825073998564774
0.59406501228993269 0.56336584464041628
0.78246353776477662 0.65025834679474048
0.55657170565888825 0.53548163355787037
0.57755465313484189 0.54311775283557873
0.96892912565061273 0.46604922093819656
0.61713678724776388 0.85648410854306345
0.48452344411335557 0.99021184903286263
0.58261615251093524 0.56734458756231687
0.70626745851309369 0.87270491874221445
0.54100383486099624 0.56259973797011431
0.59376252896681470 0.00437498391735812
0.49250312309236044 0.94832730305534962
0.77506135642996699 0.65591141377329376
0.96315907927360844 0.52735222811173998
0.65266469757536094 0.89468347168537377
0.79426958445717077 0.99495662023179698
0.78063782361390033 0.97320308829383317
0.70393161526043135 0.46602855521547731
0.03245130188233434 0.57216941897512552
0.47057783493765576 0.97382857747240281
0.56178410800496081 0.00324378693322941
0.48648292538819521 0.95615040587990174
0.01873599129901163 0.57529615122782962
0.00594317183301777 0.57287978569270781
0.53723040781992226 0.57750275523664663
0.56235973534675521 0.54600408342144624
0.82576438270263530 0.96389184568033726
0.36787405557419084 0.22399959317978502
0.54236684170337812 0.54745464730179216
0.53924564246341389 0.53514860965696665
0.99588355826528219 0.50213611287099735
0.52769230130049527 0.54686021879378288
0.78415448584443881 0.65343226670946464
0.45646314289476270 0.98150706896744844
0.02562091455978062 0.53053570162859465
0.78016689589111199 0.98379026676457992
0.82527022506105618 0.98573510960218813
0.95577083649999217 0.49606873202733703
0.00248926873769653 0.54932110030187797
0.01045596990802873 0.55631530348691716
0.53822002715442674 0.57510523400518265
0.80661402322192566 0.99731269720884186
0.66243741856742067 0.87054281283535628
0.39194927864116630 0.23413735686907211
0.61107117337529893 0.02571209000606356
0.76806067050686411 0.66049130532929157
0.96620659319825952 0.54179030300242104
0.37714691770159725 0.23790128880022066
0.80843990651409625 0.95911816642256786
0.75940019962759397 0.64778513473905286
0.39697086865856895 0.24535747961388696
0.57473488082680901 0.04365298627672350
0.82878666763081965 0.96355069965911921
0.64650828141352701 0.89949219865864694
0.39738474061321261 0.21865599089750734
0.37734425501519031 0.23464969965415886
0.52032945554349197 0.55856465778802000
0.66994978901961477 0.87874880051556403
0.02319179364169397 0.56083908472671140
0.54444889396964091 0.90459486629410268
0.99996044208270418 0.54373121967555615
0.04511160130269863 0.56630781353433723
0.63027847402697601 0.17290917658171848
0.37717779527787054 0.24416292265419298
0.36938117111132668 0.20713433181515889
0.97681338968915599 0.51923508086342529
0.56407275509790111 0.57153961026721734
0.00750293528230870 0.55307349700448460
0.95504904804190549 0.51964733291849474
0.49849315665698218 0.97659671991420394
0.77010621407690805 0.97545695836261981
0.84480638801499641 0.97359092977867900
0.54886022725930272 0.54707742010954241
0.01198657889340768 0.55992303490048190
0.79649638690173163 0.06367066442494042
0.79652993934077809 0.67285997079707027
0.47835795630925593 0.98843534801129884
0.62538182097013106 0.02955668653201129
0.66233181575257483 0.86572330022686583
0.57511925688381116 0.54583395576596638
0.66796303603690454 0.84155890950665047
0.76193801940119832 0.64498356995439876
0.91305659108527892 0.76314816992425294
0.78387581596697387 0.68965225986678480
0.37841508964142678 0.22521445492574943
0.67409016963739998 0.90412808839575098
0.35718861203010166 0.24047474014191006
0.80464426646687104 0.97586138777068532
0.37120324105189939 0.22842831731851343
0.76199507712896353 0.68729563984072184
0.99372558168882774 0.49185772389240084
0.79226298157514496 0.95915527993991012
0.38790680335514810 0.23687092487349840
0.65888971475221358 0.86594991293300183
0.98222368486787515 0.50856530468135175
0.01204348147181035 0.57437580455020987
0.41430798873855174 0.25625733177532456
0.51210325410773250 0.94268028481668831
0.04962837862494108 0.57459480209749358
0.78557316636280916 0.97351686003858051
0.36820768757496275 0.21075381264183990
0.65616017924871017 0.86515072035192253
0.57277952306797031 0.58643954706042545
0.67386734304246332 0.89311971735483864
0.48434745536392521 0.99639373185252167
0.48111923304613985 0.99197077385125354
0.33370268298534350 0.25619730328782020
0.00481848212784843 0.55181093297157557
0.36188728443129126 0.22996102019238090
0.96904815966336866 0.53636424460561960
0.64241249327630889 0.86401862123611350
0.81466331921772439 0.96261635457084194
0.02176363440825498 0.57083135594167256
0.96693076820926649 0.50981999338506367
0.00804877876269060 0.54259005610085120
0.79395399961088675 0.99003834401808632
0.83495225901257530 0.95762585903735620
0.48263068824759897 0.99668708040390586
0.49263982056414662 0.96799906643610911
0.48545135074467610 0.95080255867750085
0.05609293727224002 0.55748341793014755
0.78373097052904672 0.66479494134421735
0.01915842389439942 0.55596074143163698
0.52995455258947954 0.57863068137982043
0.00931883613060011 0.53976450565644718
0.34945486029114603 0.23384286440610208
0.75146340604562256 0.68129609519292178
0.55085799326666407 0.55903440691491990
0.98032512108363001 0.50028567740928043
0.47541994687181904 0.99509039628212237
0.03954241704748037 0.55950559921320731
0.49553317126185126 0.96917873877097516
0.63131605987563177 0.05378872615074593
0.75793514112084370 0.64165198797130307
0.37698819380367543 0.23913739121301605
0.02175489935804631 0.56141956645451518
0.94840361733457113 0.53105680733098259
0.66034902371066195 0.88222299966208173
0.97855325185913333 0.53675601002965223
0.47195419490448970 0.97023564192932965
0.38657271949625532 0.22022959994496374
0.40571360454911803 0.23949986315032848
0.36162933180101592 0.25469464042733991
0.62471478776329570 0.04266262401524019
0.57736564873845486 0.01836737315830065
0.02090532025274590 0.57513692066858468
0.51172064608520185 0.55052127143291230
0.97126875886683939 0.51966237648915070
0.66234481204516826 0.86990799409109543
0.66138113382501751 0.86915836647228650
0.59565380493044584 0.01294410251317425
0.38156968301242111 0.25587954051924877
0.47338972259762446 0.95342428050981343
0.67162949959330176 0.86864571689646408
0.66095554863947958 0.86774750720704596
0.46868892941481338 0.97151434746161258
0.00197522687855188 0.57599550012183498
0.99998866049717727 0.38759637558151872
0.99866478092186173 0.49607835095687786
0.77725211279184281 0.99997936825225775
0.58326765792644641 0.54874478529747917
0.74264887834303506 0.64857427734296491
0.59458185502326122 0.03836479336813680
0.61990980235573678 0.03723850210733170
0.84345979752660427 0.95354482218193937
0.64581755816633513 0.87864972880093062
0.03298766971472075 0.54854596596217309
0.62753493376655356 0.87588159239413543
0.69534438201603832 0.90286249246401484
0.35296061663644923 0.23054717068982802
0.60373690338511132 0.01189717187809222
0.68723688289448626 0.89814810131968681
0.75681662408443107 0.66486416315239139
0.54167448463861356 0.56179049629257949
0.76241291017794266 0.68061651845427118
0.43531381812275743 0.00004659948235594
0.76069320531291906 0.64382160044788550
0.97005030121077773 0.54185117751612233
0.39396523316800625 0.24154431572956322
0.38053773145318315 0.22441096867200203
0.77889501853656407 0.67026467808798629
0.37971071823141650 0.21602269595999032
0.47232297392665917 0.99999320948528481
0.01408935786474993 0.58929710722871542
0.66069510436041679 0.87791506314035073
0.66461061797243837 0.86966578650502946
0.02869972077126169 0.53809733595565434
0.91814143945022275 0.91883512912183174
0.35637913432391433 0.24571170160974226
0.79708911671875649 0.97168031814370792
0.96130338122520609 0.49401177744737851
0.75669356523832942 0.65161072869256320
0.57823490882342321 0.02746535096428167
0.58249647928480019 0.03825737812947838
0.35699571193061674 0.19923505574364131
0.60052215678114884 0.00553711752613378
0.65000952855461280 0.85040937895387669
0.73983147093424151 0.69195405599845128
0.00781557301607937 0.53490430993547167
0.97936757956574572 0.49622345076299529
0.45449194262800396 0.99611462927897620
0.96771807266320398 0.54101387565043391
0.64239826099019970 0.88781610086499585
0.81380535833628054 0.94777664767287839
0.65344147596757007 0.88193023940224291
0.77346960321233660 0.95955111491936962
0.56207394135348643 0.52619133313381550
0.37251317419406249 0.26329591784895867
0.84625213437978131 0.50372992107105441
0.69117287033908081 0.85399346903047457
0.57139282849858819 0.58889021167926214
0.75456213834348362 0.67556009873478418
0.01827157666686980 0.56486678792718825
0.53768050128442824 0.57128965720815017
0.48068626871916537 0.98661070214776392
0.69675658108161242 0.00001145959377535
0.54291551594152432 0.57614565804765105
0.78912171687431942 0.66080933970754197
0.56221090149280306 0.55881039952594402
0.46658314410634893 0.96711615474923640
0.74167603155173989 0.64454093334552176
0.54020935787171431 0.53008507268068772
0.98519463346170844 0.49731004750295038
0.81510696744184608 0.97017886351103444
0.01116793305975695 0.56170758113143204
0.01511451636113208 0.55775226523392651
0.66959174177303149 0.87504329976077488
0.69080710641724130 0.91030959196726047
0.79029639619040692 0.98023935433579223
0.96608829450243117 0.53091740414078770
0.55774729910965160 0.52893749442392812
0.99997217868751087 0.56977735901579063
0.98008241086377812 0.54739160818142851
0.52138980726892725 0.54928058238160216
0.64635197836284108 0.84929387728986094
0.64914007297848808 0.88614101220141273
0.55245140268967663 0.55977877781539720
0.69034980497741927 0.85032734334504612
0.81527361978506740 0.98818579353593372
0.79634394499657579 0.97544784420551933
0.59147778985828425 0.03979393220579171
0.55857310691239237 0.57750843259586171
0.78071315837605226 0.98789187762233788
0.47165735506353840 0.02967544809175244
0.00556091322900561 0.56134593832509094
0.39449962872524258 0.23014155209395940
0.00634294303460839 0.53461054595425350
0.01146602414921178 0.55145167020606289
0.67242910364484887 0.87822423835058105
0.78686483236064808 0.67609611296653993
0.58686845167554236 0.04774935943422275
0.06533394697928931 0.56138161892408778
0.57162555948280369 0.02899906615799321
0.53871678620609964 0.08743870618482112
0.02194960670019877 0.54198761660273698
0.98952646374162589 0.51911012206038265
0.75504974556815141 0.67952005650373726
0.59802151196181852 0.01170508140496936
0.04592073072740618 0.54349746773840213
0.50633663513649108 0.97645618422766534
0.01495852687295298 0.52675699500378748
0.95559942820010901 0.54561413124526925
0.00001613246865250 0.55579050206824043
0.58139479575831432 0.02071486029703623
0.48761166330253597 0.96947536439482962
0.57357601287001825 0.56395027710251244
0.66626083468537589 0.84081268252337538
0.36409771869911817 0.24149015665549878
0.69752009432408213 0.87191105901762733
0.75226736931707672 0.67775713974371887
0.56847751515516032 0.53081780338697915
0.52204559539139117 0.58448661076151276
0.01264694571315575 0.58452216028308335
0.56426287352537663 0.99999960278777711
0.37312163636494589 0.25408992094990279
0.64248451405291551 0.89648330631781670
0.13709864482763337 0.45437045647953922
0.96286307703765805 0.52396072683138073
0.01174886583550239 0.56835047105138292
0.66256337433060419 0.87978481711643020
0.56430137296138139 0.02743280772917443
0.76730914864214184 0.66196657546575388
0.67121775373855430 0.88503691706739729
0.59341231033045083 0.01079337894166688
0.60240869141391251 0.03258657574744273
0.54808966038756135 0.58639381876679930
0.52406346002754778 0.54600665944122484
0.36014592383592769 0.25703845616246285
0.53818513736770546 0.54264374332033494
0.57142758184339504 0.02308356901191140
0.39239679416120604 0.21491369900061214
0.97406308638180383 0.53526172789125048
0.48685921527031339 0.97971260673229543
0.83108892366639486 0.99612290116798763
0.54528403832232542 0.52122435349165108
0.65592338105167169 0.88803505125518267
0.74241536893178617 0.66940976696659693
0.67328182477096021 0.89991269994574363
0.59516775688773904 0.02495676717640876
0.49355382032276635 0.99454236399584750
0.66683143336264072 0.86505111508668242
0.78777894827774830 0.65756099512471433
0.59793149358228348 0.06283096226943778
0.53399873593611824 0.57096704833219603
0.99730301450895542 0.51826827273170128
0.04068955770903757 0.56944739502440644
0.78317890829040560 0.64323504906871320
0.36941942389149218 0.22060813034883989
0.65868033844674034 0.88781527584843334
0.39507047908996695 0.25452445159988663
0.02550240400401419 0.54779343052252671
0.99613822954058828 0.54029114617732155
0.53695057806891389 0.53673277571360112
0.60815668087084507 0.01754739730959276
0.65547785013758109 0.87041994302947834
0.79116182829628445 0.65568372052251755
0.78842662328146240 0.63775393915270229
0.38841689105206223 0.19850161254285875
0.48825203116063670 0.98484228982649447
0.02726316544385152 0.54912886083338475
0.37006006995805812 0.22128200230799638
0.77460184644988384 0.65772364316467957
0.65600004936044931 0.88663541114177158
0.96204442225469500 0.49535723679488708
0.81999282471035218 0.41096522898184840
0.80151152257639258 0.97625560855532478
0.13288842981089211 0.57995980120076984
0.04383112222287505 0.53251860462653033
0.53776264507101967 0.02958654066141334
0.00000125600267946 0.53217269531093747
0.80143350117329037 0.95164629354054275
0.85863047875441700 0.93288016346118530
0.51205914699441457 0.52956716395229309
0.79094104945007981 0.97984721189825708
0.97221249170597812 0.52840793806679653
0.97899052354933813 0.49470954752505808
0.37150039386999911 0.25050314825771697
0.54027783542947594 0.58492385139822234
0.61143592861298346 0.01278587467230366
0.73251284630998703 0.64990497387923907
0.76048103838762682 0.66335262130737260
0.75646726393292396 0.64523966232651997
0.95583226125727772 0.49028616362806665
0.53582950651942529 0.55028160758955935
0.34480512750295811 0.23212076801267850
0.75403122965115466 0.63656472382199125
0.35508501882167948 0.25021594744419379
0.59121048078821969 0.03156120255738900
0.98148690364465863 0.52829109013205877
0.98534717321222054 0.52413005806492230
0.99999669247270118 0.53524475821986517
0.67703572202574758 0.87524898013306063
0.80831283509734964 0.97981422824004516
0.03267713124092710 0.54620939695163262
0.63285428860158544 0.04259686750346611
0.05290408325837707 0.59906193378053529
0.57383863787937850 0.54226408530690096
0.37719614998961515 0.26417890258802373
0.03497295887341616 0.53949592715085926
0.81568107916934873 0.97435157646231008
0.58958461463479339 0.01485185365841665
0.97317124716593950 0.52557604001674252
0.75397272910758861 0.65193445815867368
0.54283339643038409 0.56237775717505756
0.49709616994322775 0.95471701900694206
0.66959801424168675 0.88491036209522367
0.95800748885012399 0.51514716073195344
0.63428252089268289 0.88298349240431329
0.48738129705051675 0.99279438489580252
0.00565872552322661 0.54331718707851639
0.49877954547139758 0.97358496343591883
0.59785992061055515 0.02489361206746263
0.77695891826924657 0.65330108987412905
0.94549289510267531 0.55259719881029190
0.66860177552134836 0.85173009833398672
0.48920538280573889 0.97454850455368192
0.59551177003824129 0.01499998414088517
0.78424225348809729 0.64720641662011591
0.55444944969910304 0.52363942843299960
0.98908567814274306 0.51927811098618615
0.99522573484057086 0.50714961483432719
0.72512752009124670 0.64098790898067670
0.77377229701927863 0.64576293334796919
0.76452353655200300 0.63432234763752449
0.36607761858852517 0.20835537121780864
0.48377699207228692 0.98311418558404884
0.76842494234962899 0.65708054789402282
0.35404425953210733 0.22545262546316980
0.99980138361921111 0.87915155228279618
0.66681634828436154 0.88676443616231349
0.95468797111689829 0.50207975510320735
0.57459627453014195 0.56270569627272415
0.34861455581687512 0.10976172450803508
0.55943053022203715 0.55659862524884995
0.98637387697036338 0.53008385566733118
0.75568515035769679 0.66845262830758923
0.95716652930023527 0.52776795354921646
0.60200469931772627 0.01210353273804983
0.96589327278001913 0.49039118978013679
0.78638620682317062 0.66436828081769017
0.02995548808395797 0.53884735723698673
0.79626769255780661 0.97687207581200719
0.81287806877596847 0.95269495240522550
0.99122934527361528 0.52944560234962657
0.63360944551063403 0.88472966169295753
0.83497460178537464 0.96368217235847609
0.83935049387074001 0.93729453309120070
0.48781455741416530 0.96144142349412987
0.64798595863911457 0.89637420094965581
0.46874170102723822 0.97791873649787986
0.80995212795874327 0.98532596262445526
0.60133281556287455 0.01135121685901522
0.36256058420824444 0.22798976279553659
0.54241832877191887 0.56519410135275183
0.82527734007896258 0.95041730266714919
0.37886493902622370 0.18883979294783981
0.78051892844523452 0.67431371037973153
0.76291174482081792 0.63716209330911333
0.47965137614820313 0.96501217757431901
0.58041864711146252 0.05186615331125147
0.97875231224831505 0.52946349796612113
0.03681422120641850 0.54087165569672013
0.94948822876041516 0.52196024111623074
0.60603254055586842 0.02607945782006797
0.67016235498369203 0.88031479327816919
0.73961420315911219 0.62534290046461394
0.59050328570998090 0.00500803840208349
0.96217148251049200 0.51467836549473545
0.64796509011079884 0.87233386928181189
0.65819840429098220 0.90041825509615614
0.94225463100829909 0.54022991834968304
0.03534326898452417 0.56041893099873175
0.98441276539814326 0.51235092947259731
0.67586308905142323 0.85661926218036577
0.76480426013141156 0.63834480002142346
0.97431821236499816 0.51574815912428429
0.97259908865926969 0.53775271136942004
0.79449848827204084 0.96311207495967177
0.76047677989379647 0.68771548618361455
0.55245671630462978 0.55171954767574061
0.57122040084825121 0.00208054527294174
0.02580607592222884 0.53709743076463257
0.66680670443446821 0.89452082763059926
0.82456894371572886 0.90105996156937296
0.57193476050686531 0.56082862094047714
0.56437963234719279 0.00652881934817201
0.59164620693718872 0.01157972178550543
0.80540916762349968 0.98990574325537195
0.52897829829943477 0.56066991072962835
0.55520823886638615 0.55424748824898962
0.82134161232760916 0.98619035527280841
0.97756626453587014 0.53474148077094596
0.66787632451100987 0.89579369917199680
0.98048531928755533 0.53340905953862416
0.51843392060505700 0.55838392785633983
0.76927897774399812 0.62222084079444440
0.80024756301982036 0.98382539640844069
0.47700022496147432 0.98959219432337409
0.97735959688032548 0.49691076668542383
0.54656139106148693 0.57126197780808707
0.77045154544684746 0.66054475696235593
0.36977127484980971 0.22976211728735060
0.54007228540681396 0.55709165622156287
0.81569828518802034 0.67130001411431095
0.63670450157214598 0.87528488858278530
0.67385716487584812 0.87942411012911448
0.53289805556651904 0.54002695749637097
0.02297734012828269 0.54658513555778587
0.99684235869895899 0.55199005647744970
0.03043993582062587 0.55415432123429254
0.57852586669133454 0.51680756479780332
0.87649801577897191 0.99999648618430759
0.47558956963157789 0.98778286719988229
0.37855384242356305 0.22846720278124527
0.97802322106722184 0.50103335080677125
0.73775824593557371 0.65376660087756744
0.64244333633031925 0.86571698007963194
0.65959568024283310 0.86669162754790052
0.56873440545753473 0.00315211317553756
0.79520598393325304 0.94510858913848828
0.55480619914987150 0.52559834810671713
0.46421170772238385 0.99787510914082811
0.53329433640844792 0.57468042531607866
0.60410096050138629 0.03215692135565712
0.56741217618431594 0.57106868365130226
0.63129048208894467 0.99999795725567042
0.58898073896569769 0.00155157627697072
0.80654548458983077 0.98285658040224555
0.81915554086602893 0.95360026458425162
0.77299868488499768 0.66140443903240276
0.35383658111926536 0.24624225630529165
0.04531223091381099 0.52503479438414014
0.76927753367988050 0.67638383114183154
0.79546105514660947 0.99999889194636926
0.59713521825374238 0.04712429283138937
0.55776404181365624 0.54302901936384584
0.24652719441597343 0.98110394752063634
0.57957879706661830 0.01866358228329682
0.98019442404728707 0.46577926369874134
0.79395277926328689 0.96547280528516732
0.80682874529979909 0.97224552001976783
0.83199026202951099 0.96045392966745391
0.96752549246055408 0.49824591408468732
0.79282575858941862 0.69016894422183472
0.03463600736824343 0.55857718981214743
0.50427105116010940 0.95906007241823177
0.38688351036329438 0.23772195197006030
0.78600169859632563 0.97846948175936754
0.55152438891608624 0.53184427881489127
0.01633132314081061 0.55350552078007720
0.00691870350375330 0.54614735893599131
0.84645898176136514 0.58982279584438568
0.93751648345959704 0.53604558594048524
0.67147842404726710 0.88031085187897562
0.47448647588649118 0.97297824073918160
0.58738072950556142 0.02409729572247176
0.64395359781035644 0.87529808611424009
0.50765589260562460 0.98862086038700547
0.33856928444929368 0.93405988937096718
0.77711370909956545 0.69704452434862452
0.45790247914015553 0.95920823799176891
0.36363231099440496 0.21968268179255779
0.59575973973798590 0.03674941260474518
0.81179676718325022 0.97897109319468179
0.52996688810909676 0.54676613856147893
0.76973019123828579 0.67536126898661342
0.81004266357880483 0.68242630893007583
0.38792296107496399 0.23294452200394611
0.64543357281546410 0.86841129279397156
0.82067671101290374 0.99176173109462618
0.56875604894199117 0.55676780081935306
0.04230188221119569 0.60464526155754772
0.63884151124536215 0.87314142673579387
0.77099640307534545 0.65738217779712382
0.03366588504637189 0.55391594297810209
0.02695123956707457 0.56371920619211990
0.67992148999574153 0.87303407813953060
0.02769600307675485 0.53365079856994657
0.21320784719877084 0.38584718859949574
0.45599962741186822 0.94094452891406877
0.78893459963009716 0.67906722025188981
0.77896192998075942 0.98986478479706475
0.81383088931000414 0.99124888142402623
0.85475020198736840 0.99087420288573214
0.46702118445367019 0.97566127882697562
0.02703890672616590 0.52531544947657538
0.75161547254848116 0.67327405028122167
0.58489427153640350 0.00511265493551467
0.54668018615346625 0.56554597267951312
0.55183060383385840 0.53615159081404962
0.52380768962093804 0.55798708324479485
0.97453662223727155 0.53832952698420100
0.97819681754920162 0.54360719523327461
0.00000060832974116 0.41149366011192623
0.67010709173422278 0.88189836736100435
0.78084190992140379 0.99288798459614835
0.22166021956292239 0.86904967980612058
0.50094687110046265 0.94624088667652961
0.36521584875167945 0.20591604608499106
0.66533186665748245 0.85757275951600254
0.45489081566469924 0.97337300892905565
0.46378811215552329 0.98063480769179745
0.76160604993155223 0.63276245318891700
0.46333798815578309 0.98181286784117838
0.63107621117046386 0.90357168419503819
0.01855849575776198 0.54934892629952858
0.96689123636301411 0.52400420734778530
0.66375350055746651 0.87972208021292386
0.99998714555862522 0.50585564656058479
0.39493479512526442 0.22397132924987581
0.58316419962697807 0.03164109787939965
0.49715927494322576 0.96857460316911026
0.00877540320618466 0.54878519233780698
0.65225646990743069 0.86433387946488938
0.91521294602427661 0.39336188235820330
0.99999995800259411 0.64207354627758384
0.40052936174615539 0.23749615865744247
0.78422448186381666 0.97165886174122484
0.98981102898116202 0.50265305965289497
0.55625959618168430 0.52521925278786474
0.38890271533018839 0.24685406138170307
0.81287099886523750 0.96670173439521934
0.57021496091454638 0.01709428998703254
0.55046522271469356 0.51604163905636369
0.97239411047287938 0.50108726227266986
0.76547905605481747 0.64962803338524666
0.52749629884003202 0.57698983938883341
0.60702415093124273 0.02975635652633053
0.04451508642429288 0.54725492374973583
0.52378255225138592 0.56380356951530242
0.67154611995354641 0.88636454897688943
0.49673010457445083 0.96760184380837488
0.46658208019569630 0.98004467025014141
0.75451249988389124 0.64542541650524954
0.67030144122127655 0.88614499297165494
0.76220558390960802 0.67135498891066392
0.81675004623418945 0.95179247182205473
0.38958362085350895 0.22097733733586447
0.02748363529400792 0.54314687585358545
0.36914785849297999 0.24363105231756454
0.79337964222247803 0.67563279588612313
0.77584764114031968 0.67513853801515733
0.80872678479383198 0.98315514291138018
0.77602291313736238 0.68781873615255662
0.00814584037428327 0.58779094711018509
0.80183509053987501 0.97367476616263282
0.64933158933245438 0.85284309902390532
0.49890301471266552 0.98527907137356019
0.96340800218454914 0.50527692971131399
0.47607651610790286 0.96972023522407402
0.33597674796954380 0.22719795260444151
0.98014453232440291 0.52972469803431455
0.99783934363337889 0.51485994761354570
0.98435648211544835 0.48599132956027646
0.97062078346588498 0.51785382550117320
0.48000691780450078 0.97090729643075901
0.99247802072717928 0.52585584475205760
0.56132207920801203 0.53858470971395123
0.53071162622590895 0.58950093244158797
0.54908313888733462 0.00994756926372774
0.79333488699179644 0.97436857640364849
0.37756223097781927 0.22945971763945949
0.01341195082841852 0.56425087633579396
0.04756532458664529 0.54486298568222269
0.02198505696798839 0.55377842056094362
0.96557345493494273 0.48318505388918398
0.88024105582563383 0.36233812683452205
0.62407780162110449 0.05978489903641215
0.75321886077471589 0.66971627057934369
0.58428534276656841 0.00826079519946420
0.79147420666965418 0.68656433593278088
0.02604296852916049 0.53852605798168307
0.50729314163277117 0.97611483436412116
0.38929961640963756 0.25050762410010569
0.38522260176171619 0.23790188747790153
0.77367460286440026 0.67140698019558476
0.53527011302133731 0.55787975361428765
0.97531601346267593 0.52771665112087551
0.99255872616932195 0.53723074485495514
0.58579640310582182 0.02927252711597724
0.98864520248146004 0.53168919042225615
0.65481801289302255 0.88630963199284107
0.99148750595132262 0.53862814437195328
0.78427692565691176 0.65048774891700156
0.74486579674396680 0.66376943470857563
0.96791531114813367 0.52158390250724196
0.48029536406760515 0.96781901592427366
0.01282763842398538 0.56267733095556671
0.37044084544141709 0.19950603967250827
0.38281114028119956 0.21785360027426096
0.55198860282268269 0.59320865096168041
0.66856553898629745 0.86562559336181821
0.66474762553505862 0.87327599382738264
0.54463623076378642 0.54755932534793073
0.76768528409597070 0.67020718755298303
0.67501349456432702 0.88690073646926515
0.53929011921613723 0.53724215033334266
0.58617243327199586 0.03659175085724153
0.48402273664132200 0.97143586027409579
0.58238401180617350 0.02308897058935368
0.03559508089744328 0.53256056627741655
0.64991115037121305 0.87814360970830019
0.37890322304838964 0.22188676663125520
0.48705823103273865 0.99233167804124278
0.59665904422794591 0.01603423775349613
0.96449805843593572 0.50415252332948179
0.03653739026654168 0.56564937712293561
0.58819148577117619 0.02747250658297345
0.76665993763485185 0.68121635558650973
0.49857994220966623 0.99465953465710866
0.76749137443920712 0.96773414667738900
0.51748927340737361 0.96758016089347954
0.47974087264284748 0.99677172930056934
0.35664272443479872 0.23312485698933141
0.65360936863888264 0.86810795532052309
0.66810776855080034 0.85854093452138047
0.96206417848179693 0.49230593936447786
0.99547758258614139 0.54530990200352347
0.37550022913662379 0.20351917371848052
0.02123481328330908 0.56012554222479694
0.76527232981962956 0.66652406516008111
0.38036366857361403 0.19551316546483280
0.65638615462360428 0.87256944778485812
0.48092432980727429 0.99364720542019547
0.64731568554160246 0.86028087056292202
0.78783939695874983 0.98324948283357694
0.58154841189847717 0.03279804199251749
0.58986723093331883 0.00796548343189292
0.96950506699627370 0.51577411769589121
0.68355852054580268 0.87640838730875203
0.01143202956822952 0.54640674825295221
0.54352488934723464 0.55598751681090031
0.00456039647195651 0.56457722897028395
0.67359425344457902 0.87297286562740228
0.03631156255269875 0.55600575483309778
0.04601524904386810 0.58017258002208549
0.00000002075440976 0.35663979167292736
0.48031393295473390 0.97345060259684246
0.02826992931270287 0.58402437860111722
0.35662000461995130 0.25065056258006491
0.98316045772760774 0.52153931833471445
0.49649181145940841 0.99637749136748788
0.56551650611210136 0.02025289666151191
0.76361517977576787 0.68074075603378592
0.41150822779210972 0.20345419370031892
0.02294287131123803 0.57509006007583996
0.66519805159914780 0.88830652534913457
0.49198664472997133 0.99999264984493008
0.56001598687767873 0.55290728009175649
0.49580992075997715 0.99999583565888150
0.78532700739989780 0.67233909456423124
0.99937461632291757 0.51338765258152608
0.81164633556512145 0.99350671181198646
0.67203318205342466 0.87263026460884530
0.33969486876211552 0.22569713928895679
0.99449067229334309 0.52502574194448448
0.35808596162409395 0.25367586854338958
0.74392094899880512 0.35539877939267861
0.68122097031984108 0.88693618625241788
0.58510269879610921 0.00239519975251636
0.80333546799821920 0.99572685704643193
0.82388566652290063 0.95347143633219711
0.50061568754772257 0.98435782012000050
0.02092842870271297 0.56742427032709597
0.47582753657114624 0.96440672490897528
0.76845892061850896 0.66201407879007368
0.01373654992296628 0.56696906233970623
0.81480755300544905 0.96781661437756128
0.37527516417783868 0.23585151204954108
0.01061331596204036 0.55206263702679470
0.56658286090757271 0.56752389807979897
0.80226030782827651 0.99240029500189197
0.49068227990026847 0.99876017636852521
0.99863203637847220 0.50984364664237125
0.56015569407591992 0.57286918462603365
0.51986997944858260 0.70671720200805732
0.69922683751294323 0.84929613838290807
0.68668878209537632 0.88810593543124017
0.01443879666703880 0.53611541364056436
0.73604463154713895 0.67221199513342278
0.59023520197618962 0.01874862217427792
0.84138031557785342 0.99990321548440875
0.56187133452222526 0.52755799792699731
0.50539931813055250 0.96610590816707131
0.71289036960277208 0.88410204897665101
0.49533064781696590 0.96018393417873260
0.73013834474479034 0.67013682134935226
0.96189564512729619 0.49943016589030359
0.77597624225918427 0.68150216618117399
0.37790402257345718 0.24986856808675656
0.96567969634667039 0.52464022301570035
0.57527505879537366 0.99999030522515897
0.66297087532746635 0.85357725158231523
0.04101094324706440 0.56628603023932778
0.67821323939644396 0.89014049429279329
0.97070696991429184 0.51566292293271765
0.37577127514245551 0.22197278016168587
0.76786662825585184 0.67689444340503435
0.55071954292648417 0.56586871423682983
0.78680993977527081 0.97520776811286058
0.39595513435569735 0.22258956434505706
0.40159748921840072 0.22017159384716742
0.44705002471552263 0.99357806235013135
0.09612986814226544 0.27311690256610760
0.82509320316712742 0.98380545805537767
0.55708676391118106 0.55610197720801091
0.02733036267108297 0.57558178923362058
0.59925890169491558 0.02718557023759088
0.39998609702566579 0.21375944783512663
0.77845114272257498 0.67392436748116225
0.97517323497040098 0.52890397335389761
0.06871954140067764 0.57306551859012134
0.59938407300430552 0.55981995066498413
0.01168797391620662 0.53351911210249126
0.37440014300134528 0.23855506500022272
0.68955432077509160 0.89443436080053695
0.37270365262263128 0.21541118228659906
0.57225381805319153 0.58438353375916163
0.58184382550467306 0.01632462438585511
0.35705936730688370 0.23045212670813395
0.47310395198564592 0.95101440234001933
0.98486221341677438 0.52071775504361428
0.00986754576387907 0.55831814743015740
0.39485277955647435 0.24264397343351765
0.54349603836818050 0.59151525033276531
0.82864151717587364 0.97914065128372418
0.79585972611213951 0.98714943627071228
0.36657946044853018 0.22192318347420595
0.64181687287804057 0.89197115166307217
0.58883451546118171 0.07130190734380246
0.57768911648819632 0.55945120539960191
0.47445805335849595 0.99668161982382997
0.81525263394709779 0.93944508147344985
0.59310229269568726 0.00512498097362150
0.46797453817993095 0.94900354533239417
0.80041804706868813 0.95822274479081704
0.45753654404157779 0.97902192947494282
0.01022525957548230 0.56149890925699708
0.98364438829788359 0.51690153280315732
0.77419184998340995 0.64258140987125156
0.00188784486672542 0.54847751318366045
0.40323262568514484 0.22435283150515761
0.80877861928075612 0.97448525882114823
0.35198807484925593 0.26025550493727329
0.00680516377575176 0.54366050694370271
0.53789882998726457 0.54838770384016122
0.64328277245766541 0.87910922064540964
0.47625076148885748 0.99314105349635207
0.65083673065061010 0.90284499564493137
0.57977792562777808 0.00516092601569995
0.95654896020289648 0.51453573294522970
0.67431388901866196 0.89728853424992416
0.99621517351781741 0.52176681168980854
0.46542993531793531 0.98180274766695153
0.82007809546161470 0.96647967049810923
0.68548168397094822 0.87320818762582242
0.63996642674225634 0.88743534122994205
0.55679983269328037 0.58318185595252336
0.59435875197906007 0.03452866813428144
0.49223640031856053 0.96496654572227469
0.54915453256233426 0.55549313690336177
0.82963936321030085 0.98869623407600160
0.43931246688996067 0.98999346587419224
0.58258968682453838 0.01810431498749651
0.83720336921972149 0.98756901465671798
0.48207839227315535 0.99034460623720422
0.55151524770129134 0.02222618069238683
0.96606211328414959 0.17008545135132605
0.51628044640117809 0.99591554425218320
0.56658959421102362 0.57066116776531739
0.66929397695529402 0.84352617486219528
0.61132981585245005 0.03508333886384993
0.57609748606874089 0.54877109383719880
0.57382686533774552 0.54958862601689362
0.36584886684860524 0.23087962124141001
0.77218235289747628 0.67565948123513053
0.00000435608713544 0.56853264046841612
0.75812742017952084 0.96917086377611295
0.48748667705954968 0.99868460905228651
0.49251805182903885 0.96718394400462904
0.38710936277567337 0.24630908878205365
0.65183319114961380 0.86225319789034693
0.80869340683409219 0.96695077732504064
0.80925276627121345 0.97612185010230867
0.55850960933868454 0.53072964149495072
0.00997784888590831 0.54703533380157332
0.99300450117620664 0.51346638567252778
0.53661192534056557 0.57868320972230203
0.58071734878038783 0.04324497926527948
0.60309290799055415 0.00642041147276945
0.74962427478818383 0.65755225060027678
0.48281367369489869 0.98572188467764776
0.01934511047413060 0.53937038704908602
0.01869780494669859 0.55372036334625907
0.48563151490008050 0.99727923917412276
0.39791271960746566 0.22750670638538351
0.60131608406072934 0.03395191304094206
0.95616645707480608 0.51797179165216378
0.47552972172054259 0.98109064369264287
0.56799796961613558 0.53731122042129209
0.67510210235451940 0.86870755954102230
0.57339749111531302 0.04062327654447857
0.37117959738517514 0.23151665445771055
0.75156512100927286 0.65704617220915640
0.66641797674162351 0.88372958232361243
0.01544728296362477 0.55008896674652963
0.54787981598765589 0.15516268997232002
0.36864666304020788 0.23823284351331772
0.34257118154034238 0.24080238898316142
0.38933920684484624 0.95343408556448184
0.67128873945764200 0.86058230616549669
0.68426546870660987 0.89535046490597592
0.55194099005178376 0.55193968556774242
0.57288163321708441 0.55506453788069832
0.51051195761765777 0.99999173352488901
0.78616396968002755 0.97587697689401021
0.34143166193825986 0.22812033639305590
0.78370479053175557 0.99324740618271756
0.06369199541244037 0.53797985273185278
0.59095389597449233 0.02546884724630839
0.63126431011782669 0.86133770911093333
0.97197339234229085 0.51615529531319859
0.01576864538501108 0.53713212407524258
0.64741155965333808 0.91228269447307331
0.76389264378925881 0.66298848237714469
0.57052614459025452 0.56737346330443927
0.97267203515318568 0.51749510996605586
0.75123268758130535 0.62938730158206990
0.65283999307944607 0.87213557894438987
0.67076565453696047 0.89750758587953994
0.44703731481519338 0.99995708327654198
0.79912354368313010 0.97502220766973868
0.50837553592513329 0.99192346333801262
0.53213935325196149 0.58140198209560645
0.57890867881835684 0.01982021605554857
0.50885972886373310 0.94752241958168526
0.82011692714297180 0.97396148906199098
0.01445772955139234 0.54774362756409201
0.35928167105588854 0.22038517625920231
0.54425410967807908 0.02821451722390704
0.77810167384224938 0.66472251256749626
0.55729100006693288 0.53861184855605471
0.66102619613718427 0.88921879847632157
0.79854105876824488 0.64825109308372164
0.80842285261362001 0.97308455720414955
0.77780347705103847 0.64416751663468352
0.58776953201789961 0.00723857147205290
0.56477143543714392 0.57174476310594280
0.65564483408152030 0.86697547680584208
0.56591284571746392 0.00989202911055234
0.67611105628816159 0.90246327671610715
0.81563454541826630 0.98755558895090922
0.48005114169906249 0.98570434511116800
0.78872028043096321 0.62723902782507357
0.01877764541618246 0.58363668427695192
0.81454967493061414 0.98015763748951668
0.56230205327626315 0.56043028299966846
0.54986114127757002 0.55219572818513762
0.37328268490682692 0.25696943989569804
0.01527166043835500 0.56668729231391590
0.66685380655059812 0.87212302807772235
0.65493483674312358 0.87948859837534543
0.53729157716681619 0.56684897697089642
0.99421770648836116 0.54341438421115751
0.58507255887368381 0.02427397725964929
0.34785940319488662 0.22959924085739808
0.75733297988829595 0.67615570340983178
0.55656228322648049 0.55176015703594350
0.54638442794528752 0.55034492939525792
0.99260124325709609 0.50902195876616929
0.00000059358867093 0.53902440156330689
0.47033163850412885 0.96537333113686508
0.60414969396825124 0.02049269205915091
0.38263162413546092 0.22150034990237946
0.55225189731809887 0.57204060380507993
0.44321561511259189 0.98729413820717893
0.78089311710586384 0.67859160439085198
0.02310389739576764 0.53221572723489174
0.34996095396903293 0.23134905466547923
0.79512886848373798 0.99244127918360048
0.38538800862261113 0.22054051472055269
0.76420048073774549 0.65268951059253699
0.98340021976063519 0.50161039577792288
0.61434166732872575 0.04029830895949880
0.76913210251673791 0.65022913475788013
0.36838831899846902 0.24672497068068644
0.04543760323638597 0.55666400630966384
0.59959591304548832 0.00444761674073547
0.75349902679025160 0.64904301271526732
0.78188383743700596 0.99041088818747580
0.58662319225213200 0.02870236213207606
0.50632337184207665 0.99000079372871985
0.49249818349849167 0.99312500524680070
0.48824721200258059 0.98626696609444364
0.01943877922698864 0.56103179603552933
0.98264852989546347 0.52104048592386398
0.80530250425755878 0.97392619150004267
0.58878080549148692 0.02089820179431922
0.78527821996416070 0.96778649738510103
0.64914866704459873 0.87905229805464347
0.96412525994422738 0.51901192664515339
0.80379862942026625 0.97787440929313807
0.57969720498246613 0.55293338092842448
0.48155776754928070 0.98414050517998342
0.37025129351587549 0.26743699880060307
0.80067078958145443 0.98638435578249484
0.76711482553416444 0.66817618015334768
0.37907050703305961 0.21804561668154959
0.55866637189980561 0.50922263057333383
0.48913572396761812 0.99694976401299051
0.37288485206203426 0.24600097740972388
0.02439381228362494 0.53972613458455909
0.65378186089776136 0.87679573797114718
0.79210892058952309 0.97945567186238724
0.75392208829520180 0.66141758087221725
0.51269504948123901 0.98956463709505660
0.80186368031567257 0.98873870625641569
0.37437161269646635 0.24252599543249437
0.00944751575689689 0.55647378583472074
0.78285586698176535 0.63798916344692136
0.57434539031215059 0.54810462258845360
0.38733989638529476 0.23577768695466322
0.00315263353121065 0.55309903980970332
0.67613088846509128 0.86293909159972870
0.37724753397490285 0.22417672048076212
0.54536124993609325 0.54639152461359652
0.49711687830112955 0.98864706318636242
0.59223731404910274 0.00433911515833673
0.59286703454278300 0.03312254932209126
0.40178325823767025 0.19953302272120688
0.49682382513676365 0.96172902882651834
0.79036627670366921 0.98791283830683541
0.81551995499071095 0.96885359070910104
0.35528943515736455 0.22717053992706648
0.81654901499456167 0.98044068267983242
0.73902566650004675 0.68816557790307042
0.56074054446794463 0.01611050478822808
0.98826752852875366 0.50607143485302286
0.01959833100567339 0.56193571144512122
0.39408450290581537 0.23343769085404234
0.80497600711816331 0.96425818908264593
0.54926437906272585 0.57169313465102600
0.79548036681974776 0.98174115355770986
0.68095205475512521 0.86146379004930029
0.37104142432479237 0.25273817197267057
0.47078720356801523 0.96097108190259339
0.46019823546894462 0.98551181064111770
0.53670354807241405 0.55140198952657127
0.66735153436675754 0.85908415230691582
0.81894996646025020 0.98959598836407670
0.79009179094427107 0.98104883456099867
0.00572340668755470 0.57982300408344389
0.05146170819449845 0.54411050479937073
0.75531981974244400 0.64778878747341595
0.98203141714795594 0.52226200567906100
0.53851874752922557 0.54917105682820022
0.54822870296855730 0.55518246931396698
0.96675313066136948 0.51326276258097225
0.79589038490842123 0.69369047982062892
0.96084541889461372 0.54361865826216149
0.47696636714997404 0.96747776630815208
0.75504121382433720 0.64129919427610926
0.02503635865888783 0.54246401223321916
0.75627542443875184 0.65027502762931710
0.58782756413850412 0.00000586478796517
0.73038063672926468 0.66139163982863947
0.66108952901999996 0.88312838216657286
0.35251208928091465 0.24382825104296590
0.82734611824677995 0.98049548238503037
0.61681982989647033 0.00191325118279065
0.37812656788944948 0.24219422084699133
0.80306374687844784 0.27969808853233419
0.74854817878600688 0.66137222635632331
0.80838783005848192 0.99449408355718349
0.58744233925945399 0.54665633330228502
0.40989919765471106 0.23581488315761867
0.53088997306464869 0.55224592113077664
0.52770714069936353 0.53856533531641160
0.59643704300751421 0.01684394402807164
0.97366209883730392 0.52023316736987546
0.03115181761242873 0.57508110090915054
0.58069193510877770 0.00099195928525693
0.95447757480264361 0.53471296559657266
0.65736155648662553 0.89559012254888704
0.66718700708837908 0.89661222476135027
0.59107676588848812 0.02004489154992814
0.97453257876192689 0.48191810194964418
0.64936433436212526 0.91826457001714878
0.61270969830053745 0.00719445808257470
0.98555026848649818 0.52281190347049933
0.78878188070800848 0.98133784330963925
0.76686326225698942 0.66916391618470716
0.78188786529298249 0.97224298451240609
0.79286613663582506 0.98681831719134250
0.34834207912063836 0.23150355558313529
0.64628650872012039 0.88222742185174019
0.66842169253886718 0.89284172411058593
0.48440664041781800 0.96781311112698210
0.77128783886121488 0.63844450466652791
0.99336340641524101 0.52711384199169531
0.80406513842727467 0.99069954391081272
0.74959146972513901 0.62368013841996317
0.35516683082933226 0.23509162146228296
0.02597987477337494 0.55787787196652450
0.02119098321161491 0.57348709236089279
0.65717020551495964 0.86676855510526418
0.45887462804125900 0.99998750129620717
0.03157684538293779 0.55404871670619105
0.76524020828288342 0.68005755711686522
0.47205517739410008 0.97829803850066999
0.53521876434374438 0.55913280814576194
0.97665633281745257 0.50091703399035092
0.58731266790629899 0.00094215071219546
0.96918700773238908 0.50582753429235050
0.78581458672664595 0.99500509944285598
0.62886047063250505 0.85456701067114116
0.79079758403092981 0.92336768359788401
0.76272877063637456 0.67981139633482390
0.02888660651950060 0.52896726856281517
0.36811693759420816 0.25778194080828887
0.77785472780443976 0.65916330261555978
0.58994888022112468 0.00057643050722341
0.38594403986646419 0.23707911732880133
0.65150012450702077 0.85463765310842399
0.81079462795436563 0.99999524499634918
0.96856886303279022 0.55516692655383404
0.03028866434179581 0.55598098717008615
0.80426707280671128 0.97703102191305646
0.01915396069422280 0.53306131574095306
0.40682013400114120 0.23445933382266920
0.63825953712714922 0.89789210186114365
0.55751127888510421 0.55287395502608272
0.36871186774137871 0.21999812375705288
0.75977287196727405 0.66815297402347740
0.57908411254983028 0.55384290658012258
0.75395325408079872 0.63482916172095860
0.97539536609814093 0.51375277752352455
0.60003584879704652 0.02651550382437107
0.58237126121784921 0.03647843749578595
0.48034612500791773 0.96372093676085258
0.40444234407306351 0.23311780408871680
0.77828379988588348 0.65010893659324065
0.54833011650367114 0.51860840145099429
0.55573707911900438 0.53020878363228063
0.55656530622024303 0.59239644254994506
0.58437374297702049 0.05778343669212319
0.66398349521373334 0.86119918547374752
0.56244084389672455 0.53297086143710837
0.58823210292292771 0.01633445428306384
0.37203353523835342 0.23845583014309829
0.99356537296387293 0.51943977936206576
0.37964612015118621 0.20528604480941989
0.75693392340319432 0.65654474553994857
0.66279193135194936 0.86622413478141080
0.00903131448252738 0.55403744679156020
0.64186628701559612 0.85445388184501780
0.76270043769111662 0.66462262794290827
0.59967153609239254 0.00715490692478037
0.98497934864205550 0.52196855891124605
0.97433563808374202 0.51727274076253715
0.81842124060674359 0.98638307434677763
0.77030473799313015 0.98644290637187482
0.48095779408869155 0.96270234296595580
0.79254130830992731 0.99718290349069161
0.78133988499986917 0.63932253095136471
0.98731414812278084 0.54193553476675171
0.03589819447367273 0.55036755164721651
0.65612723394543171 0.88031941090374366
0.37481532336274909 0.22448916590115253
0.01614562244039992 0.56844287144480266
0.96925596360564259 0.55134668013603527
0.65238396864916381 0.89182132620988641
0.54665688786529454 0.54228987675835449
0.38459173059512253 0.24007300209554594
0.54349275755739956 0.55531750254318746
0.53033368002018721 0.52841119707675976
0.55961667923169711 0.57715922418643439
0.59051761438973360 0.01518119254266924
0.38853999891374974 0.22064930864299981
0.96059592223650525 0.52693365052971708
0.51737090021210708 0.54269061074901981
0.51613977963355051 0.99075721226906222
0.60522541080188041 0.01309511217238248
0.81584917960107672 0.97326611122886375
0.77808941846649349 0.66139841858478554
0.47397938511729920 0.99277486133650250
0.38076042062053317 0.23991881247621039
0.78048534199658504 0.65224150716545670
0.40249143240279039 0.21864195012115112
0.80199527091264300 0.96620113813351072
0.04648093725594538 0.56109946556272050
0.66363248067169656 0.90291292700874981
0.53971690602412803 0.57943080602680408
0.98379395611755505 0.50681616012439445
0.48443541481394775 0.99297858279162221
0.01291742951369998 0.54294477340555158
0.78136504957830755 0.97075652143195701
0.64907332627228576 0.90891511152752458
0.79501656224659512 0.98580560307728982
0.54988655514676754 0.56419278879801171
0.55275369179631106 0.00002270856381089
0.66750704719382792 0.90775470771663591
0.02385316508625815 0.57701754137904104
0.79409435184993449 0.97721948372927481
0.80104199264010156 0.99168819200242830
0.58651608232265617 0.02282810858211794
0.53888279576275677 0.53147467207387278
0.65230955842019955 0.86920606033763914
0.80221188084952311 0.97522969733608544
0.56201677205781975 0.56489564398479863
0.54210988735456700 0.57083724643020195
0.01485806750173931 0.56068487227971053
0.40327200668007207 0.23879843652392010
0.76912544736872057 0.96471663569753441
0.36245337380344422 0.23228627922054301
0.78333780139160603 0.66606932062885904
0.75328655732694827 0.67178862133958650
0.34729169535697624 0.20634456724882591
0.03306894210528481 0.52244613393960426
0.54819622337158713 0.53520259037980689
0.01673205002456671 0.54928951079723842
0.46223850563544178 0.99999474086528983
0.96524567196498656 0.51838799479809561
0.76739853875833153 0.64151896212253190
0.01525083249872486 0.54395829402967855
0.79767444697622980 0.98041831034629412
0.03334357752142449 0.55792689178345334
0.47778536772296920 0.96643885208538860
0.66570220318237283 0.86081656405415763
0.35261002138290803 0.20680687800529945
0.83366360366525283 0.96918688641536777
0.47479760537680082 0.98468881662027063
0.56835541261100997 0.02528056942596189
0.58839143141918271 0.04022963815816522
0.74151327889198193 0.64263276107001532
0.99042701369953612 0.51966027928276992
0.54007183296751604 0.56241507354828713
0.66447071717867112 0.87790894680986353
0.99599229886119645 0.50741958269529819
0.39011976551706273 0.22646423569944582
0.36444486596035630 0.24555824748773877
0.46504391108693288 0.96846507984394947
0.67870098517010191 0.89450562572170267
0.77902107091350226 0.65170837030901818
0.55398354118837234 0.53877864833030142
0.76141231058681602 0.64706179666659791
0.76827693824854237 0.65805093731285969
0.75958091667079453 0.66064314570407001
0.80648021975807860 0.97605061531208082
0.38502993484879533 0.25649331647533474
0.64081717243267489 0.88411911033513679
0.79401369420046009 0.99772148918880899
0.76824014409215302 0.67779825616542277
0.80256203417995808 0.97637730825933133
0.59353252041931115 0.03012184406936062
0.57234977666624876 0.01868703992152006
0.50463755374740038 0.98169048097696043
0.56100246295252421 0.04616555504758082
0.79183513347324841 0.97007794696432526
0.48784374042974255 0.98288410025769712
0.39560451611793401 0.21881314985953226
0.80127278715919359 0.98436974781515485
0.99697891579624109 0.53350990390984188
0.47497956763525850 0.95122587201258424
0.38675996490540476 0.22667071057480204
0.56740382156871605 0.53788084281166781
0.78315039457021274 0.98541446092694429
0.81090795039928254 0.95267070577698598
0.59206165224221641 0.03249924085246982
0.47209090470268245 0.97252821800654732
0.38411500214993982 0.25381168777151503
0.22522802581111603 0.47076930393361982
0.59688453125156327 0.01060497826499696
0.03148232510876718 0.56061902303451217
0.03605112562859059 0.56217016541515741
0.99629439694816790 0.53878579578101249
0.79889098348724930 0.64520921222947281
0.50094053861036103 0.97061620667733428
0.63641461204196770 0.89465600161582537
0.66573127943770261 0.86972183485145638
0.58377752092254553 0.01372524846286150
0.03915669472541913 0.55120244374021121
0.97673298845761347 0.52423940382025247
0.97823649681694791 0.51508160710364426
0.77217772194177281 0.97301725290289398
0.58734119381453476 0.01774354629356642
0.58520257660796837 0.04262783257194106
0.97376585621910139 0.50826202559755751
0.66296683191738259 0.89559202110725544
0.80983121953542936 0.95640277991864142
0.81009473542544475 0.96239574778570680
0.37374154517554936 0.22540285207777455
0.80177050916720394 0.98108183052881115
0.52457152418237352 0.56720352131550300
0.58924148417933631 0.02615350431169865
0.65758861442057925 0.88116184487416982
0.01772750025253767 0.54927406994326811
0.37402713311649244 0.22385260078712194
0.95807348729776542 0.52691787252786226
0.66870884287150689 0.87592772314276912
0.79099590695649602 0.66847513780768286
0.04547692991909433 0.56823471269408488
0.47511679876478308 0.96108599070843970
0.97398352839016966 0.49650767493827758
0.65137173339427223 0.90096130515890460
0.02676916342964469 0.56899090899281846
0.39784365017123086 0.18960766190707695
0.73316765062865841 0.66272269241153470
0.38719933611625740 0.23207651288614137
0.69019952252185857 0.86276785324898697
0.56355374332613706 0.51661391125606204
0.50308778994453263 0.96903796141359722
0.54277703371368979 0.55264079899196272
0.77717485483595006 0.66487992139896424
0.77117908426366111 0.65340406601223966
0.76276534415505071 0.66718241602363304
0.52557676744696258 0.54327284601295667
0.54826592326662205 0.58415212586005905
0.97451983445924117 0.50324729539763891
0.03302020593042052 0.53814110900300249
0.47954096811572339 0.98995697775115155
0.56861587632919197 0.55174116900391845
0.95894768850064738 0.52443938580947391
0.57947062221768320 0.01656391336295694
0.99619203172301174 0.51846870778310417
0.66131298490752843 0.88502878486312897
0.01499697818953154 0.57422110689585371
0.97573190888857542 0.52559807521065094
0.45216336223259829 0.96962287317938789
0.54062734769007925 0.55517856469208382
0.66565651247997881 0.89050457999627441
0.70679125223826011 0.85186033860200294
0.73000428812836982 0.94931397478307633
0.54822773328184293 0.56731041310140373
0.77892874749097429 0.66309179676117347
0.55654147590063641 0.56451844537462437
0.79731902321248871 0.67610590282233363
0.00000434267940430 0.52520032328840172
0.76579905461832576 0.68348903412736117
0.48921151112356426 0.97774179398832350
0.48648377807372095 0.96902416021022098
0.48221098890486463 0.94695291602151810
0.57467630817584603 0.02298539105946954
0.76704022186303000 0.65398776339752063
0.77579579999096737 0.98732023073503372
0.57791379338256732 0.57629142116039267
0.48910012945266562 0.98581796965489821
0.97611588258974291 0.56226348608317045
0.02131973863620022 0.54707511164748279
0.37970164768121117 0.23338126939014983
0.02832694848218464 0.55625504155299788
0.02404160069829274 0.57033760011748136
0.98415667750971658 0.48968361394828841
0.79063354446005585 0.98690136415821605
0.36749071670128980 0.23239976884346428
0.52128189380450896 0.89469959965345736
0.97571556003471149 0.52992680231428058
0.47526960808454727 0.96671050452571727
0.93899132440515276 0.51744622289367281
0.56435193937177852 0.54387305239842221
0.97977517077881382 0.50653296648925605
0.38708991727371839 0.22108996949030885
0.53977523316762654 0.54152383788387748
0.02590393298727970 0.54623010441739039
0.57718396266560712 0.00529439699327088
0.80444655399683407 0.96875020980465454
0.00000186390436388 0.63047415587999112
0.37064645124967449 0.23740229023106890
0.47631083976267224 0.97891639364624039
0.60970293509975149 0.02473039610911294
0.80357524749743658 0.98915101836132413
0.47369449592703505 0.99999187134483902
0.66882033671917973 0.88591493779908337
0.50200657357213552 0.96398430890354991
0.05908781976303393 0.56056557441344645
0.77554224444169195 0.99384614788147296
0.66708211795270467 0.83407145358888557
0.57018604734407130 0.00449133249896749
0.50159719153922289 0.99421453892289113
0.58208190818557026 0.56377506559854762
0.03796621619908341 0.52112590044106921
0.54594382845460765 0.55891539754039277
0.53359304983306122 0.54916258155559916
0.00000988417203414 0.54769852601476909
0.74447635375822629 0.69234322251523872
0.64686935810427659 0.87873405491908740
0.70586095195711551 0.85864144171280077
0.01692011866030396 0.54482205087031665
0.97721570587462026 0.51538853828875586
0.78140376208016371 0.67293138107670036
0.55769709479020790 0.53427628963932472
0.38414259994496203 0.22776955048236702
0.74616046427406546 0.65898170541514589
0.81024838570032465 0.97886333871784548
0.40518254497505762 0.23773138159629376
0.80357330388580950 0.98288595299010351
0.56971406396156243 0.55736498563397263
0.82011550256154686 0.94821571815087902
0.47544444015088838 0.97839716179601532
0.02571008775941471 0.52872350771345034
0.59749984350271557 0.02789511538359666
0.76131128296206962 0.65319612096675650
0.81410346598520500 0.94391290521896742
0.01334661743925566 0.56578435186889120
0.56255308881255628 0.56322785701288103
0.54860374578887294 0.53014093161617282
0.79959550783062361 0.98180501181214785
0.98770108491359010 0.52508157088706486
0.54453624839943482 0.55822955442724775
0.00709526766425428 0.55253146249263307
0.01914724157413633 0.56453289071901236
0.56565800777400799 0.00684681653285931
0.37643479694946003 0.22414660733856245
0.78309143238248669 0.67795422407651995
0.47337578140090258 0.98239340429626876
0.77415416274177429 0.64986507523997550
0.40340399542617494 0.25063379293923099
0.65428926962068445 0.88878877847558879
0.76571986639161560 0.69153260011035600
0.60121439866424786 0.02134613193718555
0.66288022761490972 0.87910092071055101
0.59157840565924902 0.03751173475120136
0.34885098432856920 0.19146683183083293
0.38287450313830229 0.19415096989569763
0.54532308099780458 0.54905093877048927
0.51331090622852826 0.95635307192706609
0.63763002790420176 0.01608080684302408
0.83914489864682884 0.99518474309326432
0.75961523006003928 0.67952926220886756
0.47835398089054065 0.96945312720480459
0.95157832626353422 0.51778512607206539
0.01528167431801144 0.56227162568042344
0.01350744293593568 0.55201306919763582
0.76264092948644446 0.68297026736610000
0.65234181166495331 0.88423855015839992
0.81901699994722454 0.97782397119199715
0.55896534584453494 0.53719164883275394
0.48615505395086267 0.96791407444585664
0.57437735542113089 0.01649291645636749
0.97533973679572861 0.50656440580755180
0.65093201113095989 0.86474164508901774
0.56039175004713071 0.55729810588130124
0.02514108847495653 0.54816527037610718
0.57615343664114249 0.00800564794387684
0.34651389392307452 0.04482135928722367
0.53438279223556018 0.55415751316530049
0.37324838800418875 0.23430984083039100
0.66607013389713576 0.85859662580719753
0.03347305487119086 0.53341176148401370
0.77560571922521748 0.97200428974862196
0.65890917093088774 0.89696912072467982
0.60113670812191533 0.03553645135082632
0.01932055600885889 0.53732322235508012
0.53067483597158904 0.56302939859306567
0.03326805932180282 0.55222269748676778
0.51249902428987293 0.96313414281182030
0.54386533161677020 0.56634233264900968
0.80041227080359967 0.99344362224955918
0.50770714668297012 0.95888235304124358
0.59507086604633208 0.00693624620709866
0.02413215169548466 0.57306419326031066
0.39481591112206105 0.23209995550053988
0.97086284031781256 0.55678190092018875
0.76427957959158643 0.64910250021055771
0.46938088957934465 0.98520441611064835
0.56203434223105819 0.00858677908570821
0.75340317080232044 0.64719625488550747
0.67903328628523763 0.92524477472108146
0.79964261203927367 0.98032316442855072
0.98209910772399711 0.50250154724376006
0.67061728327474801 0.86761808329069756
0.97105078037816128 0.53059490528119246
0.56769111857351895 0.01390628944935920
0.66820513778702439 0.90032333188934033
0.53083326004133580 0.99143520751404379
0.82816647720899728 0.96946493007751844
0.55086241045011131 0.51903797998647616
0.55402199186024703 0.06049655268788987
0.58384962327037415 0.52933573433326886
0.75566499947566079 0.67325975260372750
0.65693655224760572 0.87411931861405689
0.70189613724445832 0.87072737959904134
0.80682086175599832 0.67844013710719819
0.39968053293894945 0.21150807612337372
0.66186932045700453 0.86655921125348578
0.81015089862182510 0.66975120797112830
0.53689436699148463 0.54583644874664394
0.81226210375120789 0.97218022913557567
0.75066641754230423 0.66683889616374004
0.01182306646192019 0.53062700521361228
0.66321857929307215 0.85948106039547378
0.37587159460529085 0.25233620726064343
0.02393241911007359 0.55940466950853984
0.81971715606759632 0.99811150953262118
0.35406445252409946 0.24442133777610808
0.76815151574812846 0.63723555052277903
0.80099845055016250 0.64648056231182160
0.57630850295548453 0.54331368898702914
0.77101091784202647 0.69869891564205866
0.54274513020820880 0.53302447533385466
0.00894435088025093 0.54234408849262028
0.37225773587868821 0.25157008685295618
0.53992082127391328 0.01259512840263911
0.00159972276063074 0.53857403388183434
0.64734440982179853 0.88076421786843073
0.98517229880650303 0.50458418054868637
0.67268816482396565 0.90690937369519775
0.66087498193004546 0.82878411053650880
0.74929647650458486 0.67886630424660988
0.61034826287352584 0.02856454067135813
0.51134604323995947 0.99362753410119986
0.76624267657624268 0.67888889669385621
0.65837134539717201 0.88956345173426254
0.60365812572841560 0.02937368668606450
0.66516718589870127 0.87418434925513311
0.78341383489633598 0.66357527119440030
0.37361115811292112 0.20514679364641175
0.54944252488529166 0.55441978880139187
0.82054007185418265 0.97639458042612060
0.61821383217147263 0.01293483082210009
0.58961728974330219 0.54076889080255808
0.67178950384139169 0.84934590210419669
0.62895739356134506 0.88355502599866420
0.36073564986105483 0.22875524915259410
0.85120746112818302 0.98542283477628534
0.58794602956318121 0.03325666959491231
0.97413787535752105 0.50998659890218478
0.58038556755142245 0.00627277732482977
0.81829503470572118 0.97438811228930566
0.35674315320733946 0.23214851600142761
0.03349250651342873 0.53924675907545927
0.66812772154432154 0.90940843116323777
0.37591631781608092 0.21414601785414281
0.97512496238709478 0.48872509330480934
0.35645849656747686 0.23046770482983359
0.01980624768595831 0.55032120532772155
0.12197640174402499 0.76908436440775618
0.76973659674335915 0.64837893163763949
0.74858239114210212 0.65054644799939865
0.75291567518160263 0.68344986080100245
0.76106255854450577 0.67287035048661181
0.78510129987854516 0.98141830178170220
0.55074562444847108 0.56982412787331349
0.00997263064806200 0.55197222929191136
0.52360304894655896 0.56176962175764533
0.81009142816849167 0.96533997656440995
0.03046722515241758 0.56723923035369128
0.37942332990499683 0.24407635887925433
0.74183389136454303 0.66192668450153236
0.97696299044247614 0.50170551665499630
0.76854423345250811 0.64243326137732859
0.99310708204543408 0.56493021398847121
0.37062002705271940 0.91919445432355451
0.56018846834133762 0.55982073242707531
0.75799782109670544 0.65614573899765372
0.59517918269410774 0.00456760143857542
0.80324644084978858 0.99999904246682025
0.79510794792501693 0.98855353026197668
0.84463236419548526 0.99999186718288968
0.48866403724673602 0.97251055037742384
0.00733948889350149 0.56446486955971853
0.48103132635800327 0.98300331552083930
0.64236901563912896 0.87198459998701217
0.96186090252658607 0.53926082832764677
0.97916005622438052 0.53466199434322215
0.78639234364711419 0.67938367322853388
0.82218052963925514 0.44574525319892977
0.81862761946105356 0.99773634589785853
0.59590987333699186 0.02047203539072742
0.68508693786823693 0.89911799515342472
0.55926047897673892 0.55284118610020039
0.45424199566979057 0.99082296550648685
0.53098277229623558 0.99999776493548320
0.67225263168210858 0.84732144283891631
0.94843539965252843 0.48315720930505635
0.37846002382104721 0.23747722089115042
0.03081130231330257 0.55821957961516577
0.00320143618656352 0.52049865656080274
0.39097700460620072 0.25104635423750554
0.99865472923589615 0.50398910217018311
0.38962873867995451 0.23181750598678319
0.66258957708185062 0.89420827773254674
0.77003987022059461 0.65963162027276090
0.76002845621983250 0.64096904498104701
0.64258080329619871 0.91344730058526269
0.00000575077965566 0.54992521801752703
0.80008128017730140 0.96341772383829583
0.36491100894373629 0.22035360247680638
0.58336515553515778 0.00855981231391127
0.55482705488960604 0.51137879041521539
0.54364011493981046 0.56387361735685049
0.02588932149770817 0.57703186430106990
0.79335597809074065 0.98580664598162770
0.98443520705912346 0.54264349811527735
0.56860524588614969 0.55836987469235966
0.98250153482788272 0.48994784905185734
0.82180051942912402 0.96158270147522817
0.56574702185529135 0.55099768053239429
0.79737758156225191 0.97589828403805390
0.79069787445497985 0.93879170526249744
0.77747342231340988 0.67591560049038568
0.57135929644653916 0.54129322656699541
0.66835901212459703 0.83788537924520201
0.65785232470772492 0.85555375110076981
0.57678406601389154 0.57114224893682086
0.79752932121604403 0.64224614808019764
0.64281942588044549 0.88171328610970290
0.77071462041699212 0.66724697013041778
0.75520607428280639 0.63005615668871939
0.81848543908190063 0.99655674641714986
0.49290574891610428 0.95740583808677893
0.54818144313095030 0.54440320870694292
0.64176909007893457 0.90372336789736940
0.66435980582101628 0.86671860804901446
0.62974532699931307 0.86546484858958583
0.48719414918776166 0.98938086869272335
0.60472031275196381 0.01728231548107605
0.39857264248304397 0.21048722181636839
0.44999748608932072 0.83210586442775747
0.59783135765967144 0.05272008672670082
0.37876574952354636 0.22038625520440785
0.00559110465991697 0.53903270517186996
0.39590940823771448 0.23203429951474186
0.79350159832095768 0.61870512511091091
0.46419041357548202 0.97969471086185911
0.96448182816955308 0.53405162887198421
0.77335420210470096 0.63974600382519842
0.54360291146006245 0.01769113929718037
0.97252513670350871 0.52379554326263689
0.49859297823394111 0.99746559359442355
0.80910454590180969 0.98073086521053321
0.01060330467332835 0.53605887925752260
0.50009581998586716 0.99999284585295478
0.00817781169454698 0.54542964821541939
0.49859974707345706 0.99999658199707453
0.66073579367493507 0.83961303542891219
0.48650687863481723 0.96580080027619009
0.54654110351824836 0.55496179947876323
0.47089939645238954 0.96729420494950491
0.02090400311840202 0.53796176235554471
0.78666314494457212 0.96876852945060643
0.79976983746170238 0.97089964980125631
0.65321412342486385 0.85550193536708030
0.38396374570049907 0.22494001116362533
0.96927982149296021 0.52743333937750758
0.38759820951410379 0.21484537481897470
0.70870614652821617 0.89199519377092884
0.03030437754227891 0.54467377027776909
0.54321345104711660 0.52231638766036459
0.75446439550065947 0.66110620318963331
0.38238139863342829 0.25728558978335686
0.46730736880665702 0.99806838999168390
0.54369746765426408 0.54041367143880525
0.84696904664590900 0.97755681383911885
0.49357285442319926 0.03280702619151951
0.98115968059188785 0.51881399292843244
0.39286455511628482 0.22251991140990895
0.47798556905398060 0.98478176782560711
0.58147368842482650 0.01758833127867479
0.45984333885571865 0.99818686144713220
0.01545782141069533 0.55592273980915308
0.01942190238843114 0.58711109540997830
0.70259950397978832 0.82893040121770822
0.01205590290324851 0.56416629137714702
0.40331001088265594 0.22079892043121979
0.36746594572981361 0.22528294656743264
0.74916539978352337 0.64682661845468614
0.55238411193808601 0.57084064113933075
0.47584429574126219 0.99999834342848892
0.99993083665696247 0.30938957205662287
0.55574402658486644 0.55060166746410721
0.77299410582696426 0.65656173028269560
0.53642358968770176 0.52654582486188639
0.59723561153988602 0.01419594964191857
0.99612953085547251 0.51676514638921700
0.02151064396685449 0.56847886384050295
0.75035166112991691 0.67782893830497248
0.78377301613531336 0.99066083894148294
0.97015131057293091 0.51396733305218922
0.77136032944349109 0.61985920300639230
0.99999433026656004 0.49490525453177747
0.67349430394556131 0.86596535820504550
0.10478032427862391 0.61067955954081166
0.80681203266865853 0.99447886463397606
0.03574588650723084 0.57385339298459870
0.97557236340597830 0.50774355016407902
0.78612644919115837 0.94160549545280059
0.38186784789490347 0.24044765566271967
0.73449014572420290 0.67379503054171064
0.55016640313040444 0.52104369085208002
0.52121726524327183 0.56313042375790356
0.92445723229977850 0.59426199104040345
0.38977209980008293 0.23520596135059052
0.96697708955132899 0.52605417672726829
0.77957601479408145 0.69231552409755626
0.99794489702117151 0.51329439719438308
0.77747503597692924 0.95909129034177332
0.49193880229463893 0.99684588731583335
0.01268676882400709 0.58793964716590996
0.09104615797168526 0.80913399511706674
0.56797252350341065 0.00867150632051448
0.95776719068247884 0.53255743515355569
0.35973487972609475 0.23965181361327897
0.49711655592340287 0.98475208857101582
0.97537394020932766 0.52072728409300639
0.77853310097890271 0.63110945341057634
0.68474369461106854 0.88353155833335340
0.59542621412846275 0.03164061127512705
0.56423175819909177 0.53974911875331821
0.58769799881731177 0.01873459606875377
0.79030024967446955 0.64139246223242363
0.76907250506034330 0.63279493426386058
0.57432162490634819 0.54349332204388590
0.98538654092787081 0.53322307803010349
0.55040057054056024 0.54655107402258962
0.57687635900797418 0.06859758944006696
0.02523311537942841 0.57287765598566909
0.39934320901710496 0.25008434062982077
0.65443715714937956 0.87460326168285485
0.48954446013864561 0.99517946746092156
0.56956650492707428 0.55218734341071907
0.77899315646530720 0.99332273868501997
0.74326252864778131 0.65816162039002346
0.40530889883747906 0.21352722791268586
0.78834327089886846 0.65626409459615320
0.76688687967384039 0.67129626676535337
0.55957922236810154 0.54855817911455784
0.47205934598394333 0.94986073727436027
0.38408349705864531 0.26308095926632863
0.83170909024823980 0.96731496943681983
0.67400316731355403 0.85432441089071887
0.93529876689399583 0.87360055101533896
0.78323927080223343 0.99998564900131648
0.56117181722683418 0.58137038243851036
0.51063046509328791 0.97231552952184008
0.79103217213964383 0.96147227725161044
0.38624691512993758 0.21617097631194357
0.68124414813881762 0.87307168446515637
0.78105394908194292 0.66249548816671344
0.36372609473495909 0.23544248266459933
0.78573531231034155 0.69981395351998221
0.53854593440831811 0.55262866539922828
0.58750646119513583 0.02933774620858584
0.66261428013065438 0.89084792513290445
0.36428299264876762 0.24677593368456860
0.73066246147889302 0.64832978284804277
0.18708686596891744 0.46804299438501928
0.41461315846626962 0.21805408050358435
0.35174596006480274 0.23628250102519971
0.77834078400628337 0.99632606348077712
0.04503781086567278 0.55053175828880307
0.75711573795848908 0.66082597155448597
0.80999224219121313 0.98171877118851525
0.75916265375695746 0.66279896719105647
0.53611744438036535 0.55924816177021541
0.65320838624312960 0.88269725969442903
0.97196638849037253 0.52972926669215659
0.76788615354058842 0.66311493855230652
0.55157401379207138 0.57568732041840265
0.77380166904358572 0.68802774334959971
0.05539797275285533 0.54672484934893961
0.37561544483385695 0.21203354352431836
0.82296896081069026 0.99020060467652582
0.08767769900558382 0.33932862824969484
0.80402330644051523 0.96630256485692401
0.61240889923247310 0.02188570690589627
0.38219028333573057 0.23518363873210438
0.80516731676423203 0.99457357490475506
0.76862094714223206 0.66110424898272435
0.77761467406583784 0.66031132753899091
0.02706309965200564 0.53113126199511995
0.67150927891889745 0.87181854838364503
0.44961130663014098 0.97406581099563949
0.61217191618527556 0.02858235524901290
0.97568351855581548 0.50109460126070482
0.48186291730338338 0.98815114706633989
0.77729039179537240 0.65537030772702964
0.79552182458059861 0.98629976102004713
0.60521365665586169 0.01146301896747224
0.50579210455968160 0.99168093976708926
0.97639724072635803 0.39722305324197982
0.81086940525836515 0.97707922895593002
0.00733102007926009 0.57844510442617347
0.58340630825645035 0.02089489060249689
0.65916935592726611 0.91933236417045150
0.61973884166567561 0.01543545782448667
0.39168598899036350 0.23181879782113382
0.66624038681482856 0.89793298951005918
0.77399186657581975 0.98442286412707902
0.35051344576792820 0.22423880075949726
0.68764205977020176 0.86838340033178563
0.58185686716432794 0.56998503427682801
0.98557356158875320 0.54454330077157032
0.79834139973268015 0.98979918264865707
0.56697576023547269 0.04920597935355703
0.95786489069512926 0.52384589360090039
0.37149553574614741 0.20423159355353310
0.04312008010727326 0.55672074670487859
0.97698373754835788 0.51623120836389247
0.36605985447306183 0.22635925730829556
0.59835564890988790 0.00957972002436447
0.97181708804818323 0.52718514426423502
0.66241751513078051 0.88307301280526052
0.57411782058512151 0.01919518372430042
0.76833978995880614 0.68627924147087949
0.67397118860017680 0.83954338662190020
0.53578991798727549 0.56830279507849146
0.77726136686203173 0.63538312628262483
0.47363396277587128 0.99575194444659243
0.56205638072248565 0.57539860833579248
0.81051683242473205 0.99701950801164430
0.55926198395619975 0.55581167555381794
0.39095632007787318 0.21589566982717873
0.77443279405729948 0.67419825459451599
0.47259247031719254 0.99528319757572847
0.02686326516182479 0.55801042345990337
0.58053497121458630 0.52143739784636434
0.73911490079054509 0.65923255417645843
0.79248547287208870 0.99872080003604813
0.80315111852235643 0.97508942170580959
0.78526374585187231 0.97825516525214384
0.38568984442693705 0.23912834586337342
0.56188809169413712 0.02032309879658529
0.82838077682329603 0.97777301591092836
0.00962512530476653 0.55425243082268594
0.78808461253664186 0.96822228449401893
0.45187254081718747 0.97275924096248367
0.37053680734960615 0.21999385487262066
0.77883656339501350 0.68537391503081624
0.01119460226738566 0.56344068958052285
0.34409731828153867 0.21370444926894364
0.97671675285366455 0.52709730777808683
0.55697043862763196 0.55818337052150868
0.47515505038432609 0.96537699150152390
0.97105797150730500 0.54049436432426978
0.40784964070908836 0.21976279499523371
0.57007962049878436 0.03401004512141648
0.65996562686573368 0.88568452232860440
0.04705668021639315 0.55317592942497873
0.61949246508283984 0.01782534668850467
0.75300656048866632 0.65306378478914440
0.01132592445134575 0.55574788760780691
0.80811662958563024 0.96168114451750641
0.81255321967899941 0.98392984874424450
0.01705025888642511 0.56239031753405644
0.36273561058748771 0.24648132450094043
0.81427588448209987 0.99194512103384846
0.74943436571421995 0.66011082299165402
0.45896831541548860 0.97719802190512028
0.01710003439071179 0.53975282215393328
0.76418782048628886 0.65917812133063236
0.57080103206401001 0.01409181826325467
0.07990532170748060 0.73267268792530782
0.56541219966988487 0.02898503383621258
0.47745325744294420 0.99298877972038235
0.73887707736945829 0.66760505624837607
0.90431641324392598 0.97742507643106979
0.63438028993454310 0.86685728194411871
0.53114397496550037 0.54118475736417571
0.96612790421980543 0.49986398212033434
0.38470430501989955 0.25198880424895731
0.50013961224986436 0.98242638679223815
0.54680643309318488 0.55262564539986114
0.56379324404042330 0.54907520404924059
0.37126179760700873 0.24505138144193228
0.02718981972076132 0.55150118506752577
0.99579482508263095 0.53350285496963634
0.47899502465423627 0.99492618128959420
0.78314591403764378 0.96831602753285551
0.76267933183309877 0.64829175089835267
0.50015914472978862 0.97986940253634258
0.58456064969513877 0.04096760328686048
0.99999877646911872 0.51686951598195596
0.75281250915463682 0.97926737778665873
0.65130085390033643 0.89235623067133252
0.69600928883142776 0.07172241783656121
0.77877097291522168 0.67525341730666755
0.69300205790825353 0.86830024683506202
0.56704970502522312 0.51330535349404649
0.59508093061855849 0.00582949692886080
0.02667818745184174 0.56133296309227909
0.37697938498775252 0.21994888500554816
0.61480643463139939 0.88754744284584564
0.01861803543767670 0.53819726334678908
0.81137389552959460 0.96469027029566323
0.50976357484907253 0.98196832739866347
0.66963811496786130 0.85144387202949912
0.45791720287552706 0.97606831197113009
0.44641185907752373 0.95942502055215151
0.78369582566085239 0.99532178623815482
0.08825197358754068 0.47041288255959274
0.40305527639701288 0.24305130499020966
0.98893261154442924 0.52272273048317097
0.60258387529713731 0.01036841358390665
0.36582560526375119 0.22744008224950407
0.76901322823424945 0.66194939072285564
0.55947397715107383 0.56938907758532087
0.37245475871492545 0.24719323424618836
0.62876128747511062 0.04584563501852265
0.46803918595086635 0.97892560941848972
0.76537046473460202 0.64094737515933442
0.99090478488979850 0.47294397450622200
0.61205127082389899 0.01739669253569058
0.35322854073985810 0.25122804107266905
0.54968548848590926 0.58080130055745538
0.77777318478677770 0.96685654300518387
0.60829489207333898 0.04292011773116535
0.37422901645952261 0.23417458373575195
0.97092802239001352 0.49493473676658184
0.48902808339113379 0.99106486445850672
0.54872606053042228 0.55425181753062602
0.47675894829006293 0.98179112288691883
0.58162446239730548 0.03165034290844342
0.77745432907787138 0.64875262918585208
0.47171529633014309 0.98216443046027313
0.45978437052976567 0.96635565724304828
0.54202177128375906 0.56823920376035020
0.50416056683541799 0.95242919625284339
0.74144415613792269 0.67797809179500235
0.47564744261111969 0.96339935915046082
0.04095599559026630 0.53607374563968180
0.60346381066523946 0.02784227746835453
0.67275177631592398 0.85802291267198194
0.38439105130101592 0.24398456011143566
0.35363843974758924 0.25482337411788869
0.38126516432360580 0.25879336742761289
0.66792794627261332 0.87239879171177426
0.98014383544742645 0.51539241154100479
0.38363115713810431 0.25885657354227098
0.67440433549644963 0.89555975245384578
0.38448084828738061 0.23470286425289832
0.81333038309032124 0.98198072122840063
0.47881707410087049 0.96169252777986491
0.98481945533810222 0.50813350780571986
0.68936632135585829 0.90365514357392962
0.55837266053971879 0.02427626689944778
0.55064317267216467 0.53691324662946627
0.66919560253630950 0.86132961999450874
0.36348921980922150 0.21636989721359814
0.82125659138520535 0.97093506806284768
0.47898127856328498 0.96546275863357900
0.67584810813104534 0.90029316822409211
0.60532892693889062 0.02063519324794956
0.35953529466063522 0.23514054994548853
0.37812864218848424 0.22139158390053221
0.46532629004782883 0.94570602195026521
0.59262016884724411 0.02632117313144718
0.56502807363811713 0.57626670384576695
0.61398660792797177 0.01167562879904621
0.80308756484363064 0.99035815726496901
0.36456184188378876 0.20480454325234188
0.76116778869231461 0.66940182252805647
0.97627505805480796 0.54817717969015300
0.77712587804791122 0.64790701913989046
0.48564581265697770 0.98197239905813760
0.40192518438775293 0.21412741566888871
0.56636482113735864 0.03382647210157158
0.00765907782258057 0.58289072656073981
0.54946073755523239 0.56824079688790752
0.38871792536634509 0.22717700559256221
0.81140594058875970 0.98633639696943332
0.43283087432117018 0.99205148659232156
0.68098258663836297 0.90163915453760612
0.55059614988763539 0.55625627915828202
0.96305923564802964 0.54566031543782911
0.54210682346921313 0.53933542059123207
0.80503570539002856 0.95088596241084777
0.78260942361719377 0.98344438518459498
0.33814881616543713 0.21137004655199076
0.48560048280566209 0.97793229992423569
0.40697286519858017 0.22673218080754473
0.54644243763343725 0.56035904164485917
0.01304099751308001 0.56759343699424170
0.63525129343202635 0.03555487193677690
0.55740236906778995 0.54010075862969753
0.37551005213607330 0.23213372401974292
0.63178334294535698 0.00000432507457494
0.74291012007362367 0.66384005236853527
0.19698923752419584 0.58519598197284584
0.56769561310214833 0.56159574214267971
0.82373916074531017 0.97737718199933887
0.95379075538762237 0.51026753208777043
0.81430225931051081 0.98388634510191730
0.50046358812294589 0.96618397607680273
0.61765955529814542 0.00961629410639476
0.56841136135694670 0.54533989380702463
0.38150941349010059 0.22746417593553769
0.02163111531417486 0.54660944293621538
0.61073624096448687 0.02766064324789699
0.38733568457573769 0.19363301289242607
0.80806187218062620 0.95339254939786988
0.54489222901794210 0.53190480992239320
0.66525974243393682 0.88546283289803196
0.75275120770993809 0.64117350509720827
0.79434771241023783 0.95144785084252925
0.49909922246688854 0.93873053309582344
0.55682963983720912 0.02106348423781774
0.96231686517113646 0.52191514642363279
0.01988256735746050 0.56060960177986674
0.37335764097266588 0.23162154750714631
0.45671973177260422 0.99997490631489072
0.81572901396099284 0.97929062698814306
0.60212293421948382 0.02374887293494534
0.82174373860303862 0.95895260735239274
0.40476206392923719 0.78725598765516303
0.59972872082616424 0.05077110382893098
0.79019029275250463 0.98399612005970061
0.46568490005249491 0.99539719450115149
0.39265765384733969 0.24384102254479725
0.77862613129043767 0.98205457107005811
0.97422244868749774 0.52783933356415413
0.00000492209969030 0.54638655385304136
0.66698228208657728 0.89218424333626523
0.49117777523923994 0.96230330849999979
0.54692041178944750 0.55368272886134917
0.98520287662984596 0.52467355561275697
0.56535580643335404 0.59764756579661626
0.35292588597687091 0.23573361818092853
0.67350863901586921 0.86497439192181291
0.02436230342920376 0.55986600469230308
0.58471070080635290 0.54482841977316154
0.47051404181587503 0.98914381058629486
0.77387027348741100 0.65598663243930033
0.55068072766857690 0.54549253636978423
0.38090764857898857 0.24775665897182389
0.49401891275412224 0.95856588790987596
0.62790291953519339 0.92442463093689020
0.98563240078927505 0.48965498951625347
0.57170590307034452 0.00000824398133770
0.00958035171092707 0.57224551029276449
0.99137587650027936 0.51796508037467504
0.43004280671594547 0.91995850849084904
0.77660309573283215 0.64683443286872067
0.81103941452841177 0.97945427402815410
0.56855804370157992 0.53288060841651164
0.55318773598034499 0.54649314805430504
0.57428889892969293 0.58102209681424888
0.55938052890484835 0.57361157167551413
0.67077560985734319 0.83920795780959490
0.54464348703312504 0.52726818103398343
0.50171437124907792 0.98714834627851844
0.56279164904111056 0.53789440786864728
0.54569459937526021 0.54186636346555150
0.98027652631235995 0.51371807678424430
0.60052457970926854 0.01844070396323293
0.66338440894192818 0.90680892541081803
0.38497640380723275 0.24168558647114835
0.81053617323964355 0.98951512272317121
0.39813650660164268 0.20906539449404868
0.76319457346054898 0.65122801411526721
0.48355748934407711 0.99478007761240872
0.48988770744964871 0.97004154249594743
0.55231884665965447 0.54741546586168266
0.65007322028955317 0.88783924080949228
0.98873335696073850 0.53689466555751331
0.63444721448071972 0.88871087329765108
0.76886476591949660 0.64116072742072439
0.54663468016294769 0.56276495576809493
0.04255955391204026 0.55223059794202911
0.65286633254395188 0.88916305522907613
0.96741161857058178 0.52071790891292602
0.64663334411889395 0.86119767420417670
0.36860865155153366 0.89144561962225144
0.65587490573288987 0.85640925942369672
0.67277269438766685 0.85475918227903858
0.58948586567990990 0.01423849594934125
0.58926560573399189 0.02752957140913650
0.01951898204763020 0.55294219512739584
0.55776832586947422 0.53985845147583555
0.97190100624378317 0.51241964771310711
0.53592144457892377 0.53421232410201913
0.03619644465057969 0.55447211360949578
0.81097934121152537 0.98142727683608388
0.68737407453116983 0.86010079341839041
0.55218084980019089 0.54822217360809533
0.99657004916860914 0.52893210412727920
0.52685286916897933 0.55434336332055067
0.38775515717661319 0.22609337143549504
0.48643237452949462 0.95949913231166273
0.03281523238242256 0.37851628563905421
0.02500716906326363 0.56987231442693942
0.53671676240610433 0.53830624984226594
0.38590675897880589 0.19556745196521097
0.67215881873227612 0.85331958456906221
0.00796098757153610 0.53893658999124905
0.66586816849735464 0.88052820611603855
0.66345223459950486 0.83785528460992320
0.36864342460622657 0.20743199882518151
0.97223381472418180 0.50877072317424787
0.61301866259450066 0.01338556550964946
0.97997811009954372 0.68991791527376556
0.75897694299268470 0.99557802226114434
0.02448766297514650 0.54488867213987080
0.72892971782901850 0.68970131002953339
0.68118701456345210 0.87182112943972556
0.48128466453890134 0.95645205060171423
0.51736780455317088 0.98791346128319935
0.78837372760397573 0.99888043145844474
0.98896112690159399 0.52093269683231902
0.77675128641181712 0.63732381348011513
0.58116191388238014 0.00545523903592988
0.36464693201921444 0.21430480225230888
0.49297413571686449 0.99509007307699637
0.76387074471969929 0.66904296126894869
0.79138841852111841 0.67767079180613810
0.36374346362755205 0.23801056274612650
0.58086605318748497 0.54714449300825885
0.78493935977613682 0.64526203013089412
0.02681518886801891 0.54502992133448280
0.79213333541365682 0.47236857995100845
0.46052926856534704 0.98727383619292164
0.75461676512771370 0.65782871042053725
0.75898089889875708 0.64917480505607461
0.76402219181386677 0.69862604545799667
0.39115246422428224 0.23938821097584143
0.47332213216506885 0.98576817867592081
0.75415579424981516 0.65510756944731963
0.99847380442676403 0.51608149838566930
0.35658265656898647 0.25415778549746926
0.67347596188441139 0.86721856286290677
0.62110163039015376 0.01275542151550091
0.57857126239350454 0.01311003156349063
0.48027861730627242 0.95970078592104957
0.68271225710254135 0.87554502744193263
0.98168972477110694 0.53777196976209374
0.66750147114771163 0.88038541883227017
0.66704039381168378 0.87911301546132781
0.68053716490015048 0.85538474561004740
0.61832592324919766 0.88310630556941183
0.54722354179531019 0.02341132031505073
0.54017518572805867 0.03845921713663667
0.98559541470653089 0.53157119035889300
0.02751841258508312 0.54430333150872112
0.59797623809050948 0.01315730709674101
0.78877029263851384 0.93269728724748879
0.79090007804921514 0.95324663740597204
0.00622539957782780 0.54717119010645188
0.01568463773380761 0.53596091070806640
0.56923793570355774 0.57851760004424002
0.18095730011680886 0.54644519692295435
0.38107581297902449 0.25318822486380954
0.96917095797274244 0.52594228659924236
0.39955062397592972 0.25291976209132949
0.57129480936491606 0.01158651585133900
0.98616146411292427 0.46959124708693195
0.01013041274324643 0.54825646341066070
0.99559041021432937 0.52579755672604822
0.48633390756110517 0.97374688597361136
0.38710410463015299 0.24486474583429041
0.03357374662636439 0.59438887470438084
0.53658912188858121 0.55985105177437067
0.63021756076345370 0.89964608745327934
0.36310445822228943 0.24557074997474859
0.46600269386344234 0.97896319556027156
0.56805222573567582 0.54795031816533812
0.35009917086893361 0.24629965189516073
0.04221466883080430 0.57029640620603228
0.52129678123694501 0.97091437129699287
0.38380676952146114 0.24067765114827147
0.68072589356846203 0.87511865535268973
0.58164898791014041 0.58904456874153699
0.37287346314487396 0.22400100612326457
0.36128941315225838 0.24428584072125586
0.89481688125414249 0.78670696294415632
0.57463588339505467 0.02338329583357865
0.04260128130932186 0.54542284333247881
0.66623407503571253 0.87797556193886184
0.65561167662387432 0.84667485754018690
0.79480892293385386 0.96142057510186407
0.01043387738396060 0.54596590021498759
0.79227983210478459 0.64350672068513826
0.97186403089788354 0.48810292506289715
0.47094049924949455 0.96905856398280699
0.48246858126433018 0.96012043937117930
0.59735000434094254 0.02349428026999601
0.96459878785691688 0.49938673438726155
0.36127029236554919 0.23944287456663976
0.76596396886417628 0.66887602176835192
0.65862856286566362 0.85442245810368966
0.99998725906968067 0.52615077230541007
0.02085896654779391 0.53434308865762936
0.14302462388730344 0.90915674850075567
0.46891037754660081 0.95377254249232879
0.96303825487915518 0.50819850698410607
0.54015184328609100 0.55623681434612704
0.62594663221347568 0.87357414303012693
0.79209748484743958 0.96469445741296145
0.64489139162162812 0.86957501490680134
0.78986076586276821 0.68342220535707299
0.67664232116156198 0.87432685336530058
0.81064857482188657 0.99272176240608623
0.75607247268917999 0.66675191380774435
0.76983163402063526 0.66861685394692394
0.45744541134344019 0.99407345485760623
0.45566410319430167 0.99813247607967859
0.79490300638868849 0.95294916925370121
0.02018745016386629 0.55808988095356626
0.61936792836035692 0.04006086395026516
0.55244213193273251 0.54936019583135298
0.81628057338599513 0.98893516620335142
0.65817846739262320 0.85396374668957753
0.74593281401081180 0.66017791550733429
0.55545933715245921 0.53575152822812611
0.00573503007518697 0.55712702702794703
0.46976913070521203 0.98111985836885085
0.54186069909320933 0.55797535654266661
0.63800384169215352 0.87537344996330402
0.79173589410707346 0.97536823123650906
0.67124644889978757 0.87593552453124413
0.83677657408524908 0.75112440749786302
0.64440820720533176 0.82887892030720156
0.79194620791216663 0.68247206650851699
0.57631463934627625 0.00378900117536502
0.63393415526228314 0.88178256963357093
0.56716381852819031 0.02847841922830792
0.35248688896607394 0.22474165409775618
0.81270686648436219 0.98318339152192813
0.42116625471569119 0.22152129041705407
0.38406696932322343 0.21975572444355343
0.38993756030612364 0.23997900587901738
0.64390923144822354 0.88481509784029821
0.02957586013573398 0.55972428622442305
0.47289871201886247 0.98482829625454948
0.39366075801577416 0.22040919011034760
0.98927741334979269 0.55007984605308324
0.65309100610087389 0.86641152934221388
0.54606899833941869 0.57906079701480706
0.04426875117222456 0.52805661199918108
0.73365540108848049 0.67749813865837671
0.76291156802745552 0.65024096700030565
0.79355913189114680 0.99178793934246756
0.54683263273816329 0.59376348567082149
0.60995816241137535 0.01488561572965222
0.98430119565137575 0.49480494216447135
0.98127946187476423 0.52725236536748976
0.44675997592954320 0.96406713833075997
0.49541928446532124 0.97421734847794339
0.80455054805827553 0.98485806065275350
0.75855031240294157 0.65685255383723140
0.76980875510390889 0.68852979573685513
0.66706053596731374 0.87427926079047635
0.80612371776143255 0.65585207254110489
0.57195311417069861 0.53262513862310312
0.04546219361378652 0.53878498198292646
0.80018459796386543 0.97329652766147245
0.98683557461589932 0.50234385903249068
0.99622616224038651 0.48104971051923406
0.54121169226081656 0.53342564918049606
0.66537922708825592 0.88632685018638191
0.84226995774475122 0.99603320204664536
0.38780897380561496 0.24869920892817196
0.60841946170156636 0.01109750796407038
0.47221719026199832 0.99843196818372093
0.62215261813100931 0.04582257709539979
0.64012952918190102 0.86870639758725932
0.99999918386304198 0.48630562787026238
0.99164695487454901 0.50396714544480414
0.01127844473320685 0.55752623052983497
0.40557240460422223 0.18618020911377553
0.81182811176669345 0.95489052498721982
0.61093215126791700 0.00213526102288269
0.64320609042856569 0.86128452077981532
0.18645413975834330 0.72278205192595413
0.00821816146032385 0.55058776105574792
0.56101994249997134 0.54266857243100142
0.62058126062366181 0.03115298833421585
0.96576171106702102 0.55332263883934762
0.77568562692476484 0.65002716973359076
0.64965688661343313 0.88215851241877397
0.75825670100717346 0.62835472413603888
0.35488857342058816 0.25596337325511648
0.00000940866219391 0.52258668587008250
0.48711026256617984 0.95248741680561066
0.66086644520257354 0.86096484705459042
0.47019697343413547 0.98060652570420814
0.76619656546045167 0.61473225800504705
0.58487231038826859 0.01030458864750998
0.68385070556333771 0.88500717262626116
0.00450419842652459 0.55273999881758640
0.98219212106238685 0.53225280596242397
0.56584749499076459 0.52868482712391640
0.65710530999016592 0.84818727855345899
0.36204601676068032 0.19095004699441800
0.02526538407933338 0.55858778331306203
0.02889862779679687 0.56307024749509260
0.35829276013092659 0.24016267118339626
0.58968069754360963 0.01915691430605576
0.36908355674490451 0.23553959548414666
0.37679685537775998 0.25382848204149022
0.97210907247575218 0.49997932852226984
0.78304831107501682 0.62182312452202437
0.47464355431092309 0.98195231509177494
0.36236237958374662 0.26157510379516830
0.39274743588439986 0.23503627422875950
0.59455846363406539 0.03266335420612546
0.64228687912070648 0.85327373143448748
0.39425075819281130 0.21774299366282801
0.96155369661096546 0.50749958421627761
0.34369824208294608 0.20552952074441935
0.38227987161313692 0.20012111826269066
0.56721261269412526 0.00483321234744140
0.75794760911799253 0.69555956634851190
0.56861876059779615 0.02282075095964689
0.95494501240308283 0.52409517651716608
0.51860599569501731 0.99619557121319779
0.98320974282352858 0.52801323200461070
0.65618962603974595 0.85226058611918210
0.58023205057785043 0.02414322227279818
0.89587646444287850 0.90694611781200740
0.47060693505576712 0.96350344984472724
0.65971017943427357 0.90100383383890004
0.80222281774127491 0.98535522735609604
0.66725618558425859 0.86872999024280206
0.53204816184039794 0.51741590310749130
0.57933264527516970 0.54639845355810257
0.47716842437690471 0.98824421521467087
0.80795293947667857 0.99619232447722972
0.99997194580371729 0.53230823163906227
0.39970757044212812 0.22750651421354895
0.03957886217895284 0.58035225189702755
0.65503437505838991 0.86938875113917002
0.00000022686799267 0.54078852981252723
0.47591188076558144 0.97753073394304257
0.00453559905148925 0.52746766953865665
0.47123581037267115 0.99999727927643545
0.00185814379199533 0.56987286981102125
0.98954586965358271 0.50002011973395977
0.76227331235975893 0.67303725941666404
0.36460178939221782 0.22233093275978369
0.68339737987661531 0.87383360282050249
0.80423353066750702 0.99262997949947840
0.47502685275314005 0.97371876202844287
0.82321859361479088 0.99870033340694653
0.55665548341465143 0.57311543631710427
0.79036045668776556 0.63739910625774920
0.98274108757076473 0.52524235781221618
0.77184343715323567 0.68330687641340093
0.54242551542200934 0.53148208270618380
0.74986725328846249 0.66883937710584385
0.58618909842047440 0.53298628609956022
0.60593972465065371 0.04919246017113482
0.80051660379878986 0.95541016866571793
0.56279893871028597 0.55046622679269719
0.59926787659938541 0.03464672135968617
0.36837096519166945 0.25238296384107195
0.99468904007793080 0.50461080143141257
0.99277811843599362 0.51989439496029022
0.99479261907268324 0.50308407391100496
0.79365993156073367 0.97140273176842684
0.69459463285155776 0.18260217002844084
0.05602270816457625 0.56226877948067855
0.67089593886205834 0.85548464458518969
0.66153755501374878 0.87713875764108962
0.54655220140844962 0.54059274143729252
0.52313147719920849 0.54947186525945757
0.02380923631193659 0.55274107369925651
0.98089560029956013 0.49623960368718012
0.01214423227715548 0.50914105741713456
0.36194180451600044 0.22210889657927310
0.57328121711819069 0.02102215077014227
0.98603746543332260 0.53547760946346201
0.36563156310721695 0.23284600215797469
0.54508774131544158 0.53567726676237515
0.33308316053747561 0.22562378943583758
0.36003971993217154 0.24810439239206294
0.58819738965956536 0.04434627055141892
0.80640386571863698 0.98960441471310956
0.52508678193722924 0.58998335261242218
0.49631587356593243 0.96410725571792188
0.95798205731656472 0.49729420393579032
0.54781990416835624 0.56042730939683039
0.80732194499377075 0.95788992098892689
0.01778404809233640 0.56179335861097413
0.97079544586530520 0.50996644510865574
0.79833043324107622 0.99892186039809072
0.41073804276666692 0.22273775032783763
0.79429532444667017 0.66127731222871455
0.40782779107431988 0.23056251344977710
0.47769210329437961 0.96849979394890728
0.49596411600616441 0.97178483018185968
0.58778507886096421 0.02854302721027436
0.77748389600785539 0.97390382038484025
0.55360928389124064 0.57007790503805400
0.67304166079050198 0.91388658081431795
0.00063979175057056 0.55724495299444443
0.38862166921210911 0.22364858430093185
0.79433493061368599 0.64547445026313321
0.74872609642993293 0.68235077856528081
0.05162491025320116 0.56992521080292136
0.80262548377646614 0.98146547040970289
0.37970191686499233 0.21104648675854690
0.74418181281346185 0.65396833685229461
0.33602433863368636 0.21582024475450870
0.00757871268958852 0.57053070787631699
0.58097293513411641 0.02162807421493675
0.99464517893722371 0.50780910276474689
0.49398296709769507 0.95439565867104414
0.36379462023904785 0.23011435030753075
0.52170790401913669 0.55255368542786065
0.99585560801923734 0.22174265733408430
0.66178648797396655 0.87229493544612136
0.78821882401555232 0.98659112032757301
0.38039459217405514 0.23249405964833705
0.80959755953201396 0.97825396101102746
0.55492313148575600 0.55025672786075785
0.36848474004556869 0.24029259043590215
0.99499860378624627 0.48561583609908121
0.67579833130908917 0.11222628611867952
0.51857545492685175 0.54418531344467924
0.56671511979547406 0.55133980829080287
0.36920586302274516 0.21205805537025349
0.33657665249986701 0.24460182368995328
0.52807333823620428 0.97837284854611117
0.56542392582184908 0.53869383723186604
0.52863143556669601 0.54844258522986167
0.03423910523519686 0.54613118358011747
0.79917601184848408 0.97374054752690453
0.59986047536819076 0.02808044737555758
0.56626645809742593 0.53106277235204202
0.01800689906055128 0.56805398377816962
0.99496252048505718 0.49112170029417324
0.77854232316765071 0.66876528388346834
0.76814662466608929 0.66480585428421513
0.35273700547525438 0.23995189151755650
0.36406991278797590 0.18567402104765568
0.79220243311872407 0.98401705490706182
0.78934803900349559 0.99132780101115459
0.48877914087742874 0.96914543837018619
0.57776308941071086 0.00144852558843050
0.95086802941705495 0.49205141609846770
0.53944524977729602 0.55431268773338149
0.55880147304693917 0.56348667378047701
0.74670093707269125 0.68747608084904499
0.02342577575681139 0.55519641633158312
0.30847071576645535 0.93733952391894237
0.76056663986734163 0.65229798359377100
0.37421393827780430 0.23555647195410012
0.75048874269712240 0.65666621199647413
0.61390147115608962 0.01444512061602337
0.57378842650736817 0.06198198164683741
0.64097251104030206 0.85825076534288725
0.35962953215360122 0.24220246007519583
0.77116023335673844 0.99777118573777346
0.75927701283721682 0.67106690785275758
0.39306496983912198 0.26360925381525591
0.97635685991149912 0.51727339609777667
0.67641809798761965 0.83484124217557121
0.54473939620849476 0.56179661773522971
0.76881599119135058 0.67169983403108646
0.64181113694400072 0.89360912849453289
0.47752196546748638 0.96574341902160044
0.79364472178529477 0.96214079676950226
0.78779769302754887 0.63524894762497341
0.49401864889108588 0.96040912443983595
0.79589072888217427 0.94834953912887798
0.61799850345647755 0.02893873660071171
0.80440494346731350 0.95860103315859246
0.00249266223626338 0.55581576452786852
0.55896664926687334 0.56224565737477938
0.77580061705711734 0.65207966970142428
0.49192875714129181 0.97682702122770593
0.59292215793362935 0.02003190775121001
0.79717257430915323 0.95020047327601931
0.80324726242169087 0.97686918000795775
0.65980957669139118 0.85759460095639939
0.47712694214763857 0.97626155609196719
0.65886411588475657 0.89004767859238021
0.00584836493575388 0.53293880179059860
0.96927617549476641 0.51329357446195256
0.54809687313979694 0.55603847678697738
0.83694125138186293 0.98933249227560993
0.62411688748509864 0.05041679940313697
0.02145813213201131 0.56200108601171150
0.62345066963921014 0.89608077361279692
0.80796512346149796 0.96951823533173576
0.74482920068582770 0.63196914138597493
0.77473910191617634 0.66963098679907540
0.78121898348566177 0.65923384469289203
0.75763293961777578 0.68242051661809844
0.51637651887941149 0.95677307263448819
0.81733390301603470 0.98869644582748495
0.57373886820227915 0.01436064990817873
0.35375108979063929 0.20805257282208481
0.48514012199721845 0.95815101910065525
0.37551208373150863 0.22071829374267274
0.39783384850095360 0.22930048382690871
0.47364676794242550 0.97711196112212717
0.57235798004573801 0.52701252212420691
0.76891857778493955 0.98932053036867762
0.69979906334617026 0.90915379934215801
0.46270371827784418 0.95142117926835557
0.95409455682044464 0.53944417507054565
0.49991079556983298 0.97171173893471086
0.51604203186421993 0.98588175328946437
0.53440005477949970 0.53143509726724658
0.55426549829544602 0.56889628945642534
0.55614951633792709 0.55308704813372112
0.64195780120626567 0.87098759683726978
0.99875311518170895 0.52372457105693759
0.97222568947810950 0.47170448882555310
0.98843218470092409 0.50097378505482248
0.57788415279759231 0.54073646553401977
0.58460674183724304 0.02010184345179798
0.63241007617780509 0.88077934686484982
0.37564960708729911 0.21565031962534309
0.78824244866877236 0.68213547583522305
0.66883391881324439 0.89070697634233831
0.46408040814502410 0.99279353986523533
0.79681507943675434 0.98983413515346030
0.76182232480301626 0.67435383446311870
0.61561087574001450 0.02570396595864869
0.48130310621037314 0.98484476625938711
0.50242829973266800 0.98462548393696214
0.35703057314365116 0.22366824264986654
0.79842805593312494 0.95805283366326910
0.48365352010686374 0.98747898909195131
0.97336111295007155 0.50218022519937489
0.96215924931577979 0.50953006874692308
0.77556903774803376 0.67351754369844774
0.74168749630460362 0.66013844518513232
0.59814093792400158 0.03210381036623264
0.58404013560638124 0.03295886740448397
0.76881582607638110 0.67241629769377476
0.56550196271746966 0.00004549904720651
0.56427770481256934 0.55348199912824558
0.66369081178857758 0.86449007310278514
0.68279199886078823 0.85481099121731163
0.76957566295966318 0.65227222508966920
0.85566450353066348 0.26049488740219423
0.83411778076219778 0.98126604733347844
0.94974785870349232 0.50899200109859322
0.70699078570224916 0.96352203188945762
0.67248316258805385 0.87660686459231707
0.01975066852545083 0.55448788277540328
0.39871553549013111 0.23476007087420395
0.02314133004646754 0.54114490124407044
0.55877162392153079 0.56707821282130555
0.78996837152863308 0.98491694487723558
0.67285514774630295 0.86143372625787729
0.99279140306228741 0.52179438104544051
0.99661596017396936 0.51564783894407495
0.61990615788732450 0.88740275606852137
0.65382145325069818 0.87400280901467797
0.87282291061303385 0.48669280567303086
0.39579762635768545 0.23927655292625427
0.01188508730546190 0.54894974019490494
0.57478233707696824 0.54439001900064010
0.77591902345135355 0.65771304135585673
0.00919787595719465 0.53349108637527110
0.45072819245409840 0.98885755178323043
0.66504944074385397 0.88264336864595327
0.97544268867737904 0.51542372493182587
0.01873505736296593 0.56288503543308310
0.02726963323027399 0.55971190306120167
0.46180697774341511 0.97402162798521719
0.02852915469441499 0.55460164657690669
0.77569388787479521 0.96589184131143280
0.80775033869476454 0.99703747652549624
0.55876244230884342 0.52628585320898269
0.05683682498242684 0.53063007685470331
0.80020835622353415 0.98954734884301254
0.79879983793116460 0.99135176409161119
0.55324231243318123 0.55975016587101822
0.54541020264952411 0.56008000287642823
0.47902692316716028 0.94658881711729770
0.59424153252670964 0.00681425449999056
0.62446027016464789 0.85320921644065628
0.36928414736050624 0.24830866407221211
0.52423203078889125 0.57906849167275165
0.37445539395628541 0.20330418276564388
0.57935306415974996 0.54096702197021385
0.36526733099947828 0.22568720015302413
0.78397423590800441 0.98136826856506187
0.77715282251887063 0.63896502732424332
0.83940023442971212 0.47248874506183869
0.99997547414103449 0.47609576389373326
0.66072742032579890 0.87493817949909602
0.78165573182850656 0.64437957649356770
0.35791499944289140 0.24627779921959525
0.82021944380183254 0.98360342497438458
0.52988843663900420 0.11060829297524470
0.59024348646313396 0.02475138106204539
0.61498966916417819 0.01201662098428379
0.03144438939490926 0.54584175095994836
0.79365145669570314 0.96855999701682505
0.77885508400704351 0.66140570811703714
0.68307651542823811 0.88102110392075250
0.99316542858571766 0.49988645682193528
0.57217276862404620 0.00852763152043403
0.40538426556275570 0.20308501564382325
0.98537815197579992 0.52713919336290982
0.65683617235758762 0.86342334584657132
0.97265641301349570 0.54292813347090318
0.54099471928295850 0.54290526368695879
0.62606904298726274 0.89465328380021591
0.37799186439565524 0.23567319772250384
0.68320514900300422 0.86417503786298344
0.37467309150458072 0.23929486860496632
0.60916981728915942 0.02981888121467702
0.58138481155623689 0.03093456932079882
0.52357089633467258 0.57099330139112647
0.58789385118096582 0.00233467180025015
0.37705229860991041 0.21505300035652414
0.64776639156575033 0.87085043207698065
0.53775007678557052 0.56609269863922573
0.76118758189327818 0.69354648259940199
0.66726373274346718 0.87779054199657836
0.78312462219295176 0.68725863789175756
0.96811869848164278 0.51715413470646088
0.65510880042067743 0.88014018111376835
0.58065415955415134 0.01589031546701500
0.99708945370128721 0.50567370754077245
0.78983506009444326 0.64491053677707844
0.96343181230363761 0.51644169659542427
0.61431084900090294 0.01822392300423012
0.55036186172599255 0.57705445928531252
0.99073710912144564 0.47833534646456310
0.36998470359793911 0.23456833874155669
0.99857700232734403 0.51812907005496622
0.00965088331422466 0.54084534007293383
0.37708326196428460 0.24732625742424713
0.79674042074776541 0.99701810513922384
0.58275814883132693 0.55626139425544752
0.05242619715642884 0.53722642459206094
0.57776431324545074 0.02960249340303374
0.47859944362442119 0.98174500650081264
0.38749184273042797 0.22344521534674677
0.57012303674320897 0.02029561698131277
0.57808971503747630 0.57113638518595489
0.73969548297712850 0.64700559311687511
0.00002319772202278 0.52827628841622665
0.53792234857983445 0.53430936639366988
0.59134091808986633 0.00076801540958797
0.65273080972951647 0.90449674502838351
0.95846502238503117 0.50561702189814406
0.59626528911357835 0.03926668664575173
0.50146218437575263 0.98098652937068187
0.54849727083656741 0.53855554987657106
0.38712231300773597 0.22845102670026093
0.61243878568764176 0.86686711559991236
0.03424198303107148 0.55993940000865716
0.48184585009227837 0.99261536245392712
0.96345208829853457 0.54254598346417970
0.77945210938517262 0.62121751061483454
0.66884743255195844 0.85371852330160181
0.38451861109344310 0.21847458754834809
0.54472701893447040 0.57016763818286142
0.65106593109011957 0.88053396036762555
0.64081923150097353 0.87011057084256616
0.97607458192515517 0.54658142134719068
0.36302292376555156 0.25130890655953614
0.48448072740815606 0.92792757369756362
0.50009775629935382 0.94877475820536539
0.05714206731771993 0.63128346019385473
0.96971903903268419 0.49687919485213089
0.76188215561339923 0.99296659832074241
0.85565021287400811 0.29476617397452343
0.64491765309343707 0.88002990195598374
0.01870864223238200 0.57747191483098892
0.02595319900428256 0.52744434039306209
0.47286734391923113 0.97442564772070983
0.79325304249754958 0.99627792905601209
0.65355071148400434 0.84602995497953726
0.96721634001502477 0.54968774603795001
0.02932403852551798 0.56174334551380956
0.02692908823690793 0.56740238180130520
0.35794946303420455 0.24547485257197935
0.50491639836586677 0.98771311258233907
0.78553693124777757 0.96587124537961344
0.75125460771950270 0.67625347548476178
0.59372938331320546 0.03227817195680443
0.80579651419589315 0.96792804251347475
0.94857442129963598 0.52836151572899437
0.01628895027619702 0.55906696391816202
0.58270322430360821 0.58342530307537910
0.37764096121851187 0.23231862267782236
0.95482516452802602 0.53223370019425431
0.64816898572385429 0.90458749221633616
0.75941313141124156 0.64429604599401302
0.68465743698781878 0.85883175721813410
0.58308366710422455 0.00000767939044660
0.73952092630245014 0.65176165505717276
0.75193717091269596 0.68676917677356075
0.54398922662052496 0.57507613261041746
0.65376001803319517 0.83187745179162342
0.62020194778154369 0.01008752481743862
0.38175289606774604 0.22333410127647971
0.47239307114425744 0.97609845641882520
0.49099807819305658 0.96541035871492031
0.77239900941773831 0.96629615525396428
0.56750554909123407 0.05537190263373928
0.01649076822325063 0.56514667978455935
0.75199133485572811 0.66364003686097062
0.65619399217374175 0.85451574872405656
0.04404720324362058 0.58627120047355297
0.01204865819632585 0.54307797805464619
0.01458424934277240 0.54446235380584973
0.00773443967888303 0.56792657309727845
0.53580192160171192 0.55722678672287573
0.39461627814544475 0.21913647732918065
0.56605144809666863 0.53732745548327054
0.01994352798809619 0.58954735140677961
0.58127936802379487 0.03516598916210439
0.67401102624497555 0.86271467386591727
0.95754518988460047 0.48361977104000520
0.92097992556292141 0.21851636550945325
0.56550599000899104 0.54554938069434900
0.03003636751431435 0.53720482068554920
0.57783486157956299 0.00285695294022716
0.96103254831901153 0.49018009569101784
0.67348249355531697 0.85919118548185158
0.97660676940974267 0.48044351832762677
0.03110684035704808 0.55518893337782715
0.78483255138316710 0.98551501135147512
0.99324427975297969 0.54162368317196274
0.49574282028639993 0.97088344477797717
0.01962221099380950 0.55714683739065585
0.77420004130437114 0.65159984651143488
0.65459779718802202 0.90111892720811271
0.01646607861647397 0.57650822554002279
0.62315619326987237 0.02262222827596266
0.36069322803373904 0.23358627702302295
0.78437297569368636 0.68425083549115673
0.56893911109332618 0.02060641236549929
0.47298563197885057 0.98354204799515865
0.47060028465436610 0.99455623244105773
0.67484006031421195 0.87714447064778422
0.37041112178226793 0.20787747010818269
0.00001029483705997 0.55940971854920218
0.64984563184969157 0.83905484441305833
0.56535409974604767 0.56335368384492224
0.47565689503346203 0.97009219962608650
0.39490880265271860 0.23863906723416028
0.51869371661444497 0.56728778514578937
0.51142989052764454 0.95374801098170603
0.79915930901788867 0.98700424526860175
0.51154788426678355 0.97059616788685199
0.58664058869122226 0.56239734379192241
0.66107734323405543 0.87184830189265095
0.61140745876891822 0.05473425531372614
0.56438856138467630 0.57528017629868355
0.67085747296363885 0.86622466308595003
0.67911395350603720 0.90937374506424640
0.36328394521481761 0.24231554506740335
0.54919051851802891 0.51084244803705336
0.33843318284333651 0.21769056007190429
0.80086787139001125 0.96506636980798366
0.68002059617176358 0.85966678527787654
0.78851541623534438 0.69305869602848558
0.58862756685623985 0.01020907035451790
0.81503269527104971 0.98976069963370017
0.79697061430554816 0.66280809316382150
0.04606823235922800 0.54889573371058920
0.01398285892941624 0.54685793790652137
0.34789810158848350 0.20260191892856572
0.58330446380091083 0.02345967354120783
0.79789479372175831 0.99258693520516028
0.35650198181910758 0.26452699342806307
0.41458579152177616 0.23129026130805819
0.99999985813906933 0.43751708521390720
0.79855288227755161 0.97704829837339191
0.77745408691512496 0.98604527990794311
0.58487197141985903 0.00719661690971221
0.57242638504128218 0.56743558083093204
0.36205655851793184 0.21973944388023181
0.67658522740239946 0.88900161165747227
0.58858801503579505 0.01441609000622998
0.76648060746331326 0.65111865613617714
0.66336496884630169 0.86856385472403141
0.54441845499033104 0.55685794216241480
0.56388332897687399 0.57974545968492341
0.64850512203776800 0.86974788616162968
0.77022091334246767 0.69102285590677648
0.64329119927628264 0.89924148370395507
0.79099246762080000 0.94986922518213102
0.83023910331414996 0.99995868124712151
0.38226051665479904 0.21804099475560909
0.49798782843663747 0.98598059159550477
0.57003635394092356 0.02217030138910485
0.38456415577902076 0.18981533399775097
0.36646037780357055 0.25090969408792174
0.49391024739420269 0.98142777617677368
0.13790962357806444 0.99994480738841096
0.58504230772311971 0.01912506482553104
0.97697984502897939 0.54245830311694487
0.36879783998828336 0.24505294293893720
0.77768246251764472 0.95456161065439316
0.81795750319899085 0.97595128946760878
0.05382675184778874 0.72204533696048190
0.37966926407198837 0.24545886664850963
0.77022138776915638 0.94776631556667690
0.14725234155055381 0.41804052681646531
0.37500078417774207 0.25959191432502032
0.96127014767199093 0.51313115583514923
0.75495075072051621 0.68056673501987541
0.52548569528890621 0.57581436087321480
0.99404460845846854 0.50119923740218841
0.76438440026104382 0.64324316588332398
0.74619971122416007 0.64127483027180598
0.78273726097077434 0.64020556645619919
0.34504661125732494 0.49026528108424494
0.69072452853641597 0.89021343948919762
0.01001458670664185 0.52659151260948323
0.65872128156928478 0.89411515318201706
0.82308745645312875 0.94808788140069511
0.03926967130258813 0.55525333498048179
0.36337285260308821 0.21841792654654557
0.36673737652738275 0.23579662469990184
0.70076862094540826 0.85504406292024238
0.59988500969235148 0.03882972239240117
0.75377545582807670 0.65906307604574399
0.79220936262363839 0.98022894035189012
0.50082038501980619 0.98573201055958870
0.63397066351270970 0.86924699022133123
0.81343783781712686 0.96591070349629293
0.98856222754280920 0.50822153980424534
0.45152324369820629 0.98675477014465751
0.65300322414301715 0.88484548342505520
0.96898813541276996 0.53129255449092150
0.77124517706186924 0.65578254548811865
0.39556992697054527 0.25027318424662082
0.39801778817694566 0.24697352850657669
0.63544768350711400 0.87860198524600419
0.78813608769076571 0.66402651072153884
0.59331614156383561 0.01452094746780972
0.56082123892320246 0.52786915646220256
0.60753244104075721 0.89339421598302715
0.65771624394464512 0.87529351836103086
0.79814893726293257 0.98327462068410476
0.57798337519412912 0.01260578331856137
0.61573526346904284 0.03200544101488736
0.01294198056665600 0.56165570405357046
0.99499946252075344 0.51262802991803080
0.66415479825486323 0.88187350216373905
0.00899336691128132 0.51353938194111748
0.38167259018188993 0.26121881282000392
0.62646413131838796 0.88805247152769673
0.99994506689652252 0.55468009269331264
0.64163716849683361 0.02287113710466273
0.99754920311154160 0.50286210899837214
0.54201067032725270 0.52784899594798407
0.36850828317717887 0.22905290620321911
0.60366669383215787 0.01482455063818229
0.58236240240102821 0.02587732860543431
0.56870447100140586 0.57259927129017851
0.38433492809696024 0.21575751836357915
0.97667124392154392 0.51370429169181930
0.99999789663984251 0.61635609349774978
0.80224310910929586 0.99347755761878365
0.60415949303018135 0.02588898894919952
0.77543072108813205 0.66275698060225052
0.97119494291414521 0.53725860219296173
0.79615096013785414 0.95510305088814507
0.55340657881121746 0.52882736273422870
0.03115011554279572 0.54894862313546189
0.76694812634409670 0.67306514358933833
0.75609786328277251 0.64742555485773046
0.04896339740819454 0.54671094490756544
0.59294394636627967 0.03394672767119049
0.67557084502847875 0.87364801831447170
0.73768820565121263 0.66468345871873902
0.55168799602326735 0.58219265625783856
0.53398047559455342 0.53367193312457428
0.68638754304972416 0.86791385284134492
0.65640147598892762 0.86580535438002049
0.78085245610792198 0.97487951692082886
0.55245998395890461 0.54207278545465287
0.41740760007082006 0.22729648249237849
0.66321690039060766 0.88468842936649228
0.77526691679320470 0.63818080992386095
0.79917070850780103 0.96274598743827333
0.63930334908771824 0.89112198392542130
0.97685176463916434 0.50604331521843826
0.67052035299769674 0.90192317491508367
0.85424242756323088 0.41992720505257553
0.54092381422430302 0.57749054361290986
0.65613879564464950 0.87918933844490454
0.79300003804103247 0.99999540311523361
0.99792253102165263 0.49741146407539760
0.74133091207713619 0.66487946474319248
0.56694948810548607 0.55388867707211475
0.67837617812165030 0.84683767699161194
0.48572295569140006 0.99088336281712697
0.54171588056125031 0.59523776172391540
0.38081522014486169 0.22796718635345770
0.38868022019309395 0.22179230304730807
0.04425817741109855 0.55778992543392203
0.99162303846355981 0.51579358045359402
0.76141862662754134 0.67683125880668715
0.03262808012755074 0.55879013788891341
0.36247195772208263 0.21493409256657031
0.39664233036925911 0.24198128042867198
0.67150766796753192 0.85671358332026715
0.56324963647005777 0.00190919913388350
0.01179050610221153 0.57256105505293586
0.60345300569842009 0.00501593118465266
0.58656402735467195 0.01383545106246529
0.95644845842225257 0.53724071535475060
0.46817252636374779 0.85829417347999426
0.47984223747679577 0.06348175863400708
0.01643683640992146 0.56298634168006412
0.60821261177373076 0.05116172525659084
0.49304274554337779 0.93072276481860117
0.03830542753746377 0.55000491628232007
0.07836633260256434 0.69551791676672892
0.79320531485419710 0.67817544847625688
0.56479930740180240 0.57384129559836838
0.77010982272844652 0.64997353086259679
0.65150254631598092 0.87706083068844631
0.02208177327609609 0.53808036211488375
0.48458436025950491 0.98907926818804892
0.03325640398259942 0.54255039724316267
0.96868779946394967 0.51930299282651382
0.02832647790804101 0.59503691063542907
0.49334461351651215 0.98520625666324024
0.55191083443622946 0.54269755160664623
0.38056889625744200 0.24885888762604996
0.93359147922733687 0.52970769537189544
0.47038734310126101 0.96983994979117638
0.96799411437087046 0.53499935224872275
0.65314622596564154 0.87741269573271874
0.81049206764227888 0.97017844382302887
0.82901103582819535 0.96526403831960161
0.77556986160777530 0.65825159129272848
0.99444029016485680 0.52430789820129842
0.60682466193136742 0.01697411133541431
0.57924473494354278 0.04567610473933686
0.49892813295583993 0.96877650246003821
0.99188899368924188 0.54402069828784583
0.04439666175076623 0.56251632404945007
0.48230812490344277 0.97903539192718936
0.98701526912598470 0.52836860473364688
0.76414509690435506 0.67528968849545423
0.75862563498885005 0.96306836500757298
0.59734177999645588 0.00132477370386228
0.82318962964214304 0.97552776950777909
0.96142684727306249 0.53259123069241965
0.48812731538552545 0.99113102406762377
0.76165455302715712 0.65888649902923646
0.99999337916216091 0.52985395206851427
0.56103763168310405 0.55229081333472874
0.46934900771290677 0.96831019154518183
0.78579667957790644 0.63423074627551379
0.36039070686466174 0.24333938603418029
0.35971884722163427 0.23200812987415120
0.56733315947786389 0.54316345040190872
0.98803175963077194 0.51379582004994173
0.59412026588672828 0.01933903966975706
0.59609515416190040 0.03802150919200366
0.52521397088600841 0.55353502340648608
0.38315642577493508 0.21526127118937163
0.77234427005653283 0.96349311172795393
0.83232092627756438 0.94898904149899510
0.77288074796412343 0.62488690509957934
0.54693488509907129 0.98510527705595063
0.65330569015001327 0.86905794904896316
0.48583517308606561 0.99176507039084971
0.79139325730622423 0.96702382748999427
0.70565368436110498 0.88037090924772377
0.95364693174236070 0.51883786845346080
0.42775449432176293 0.99998404859324286
0.61785488233878938 0.02054051254535506
0.47223724426402441 0.95592573658407143
0.84559476744088280 0.98798043945416825
0.47270264270418061 0.97736964633405687
0.49885916281632176 0.97205136914215973
0.48392471870743792 0.94524016061726934
0.04407562679320498 0.54415536077428406
0.36182701253573157 0.25702418537742616
0.52989920633401544 0.54409505505274591
0.78142240603215196 0.66356736934908245
0.44864507975489909 0.99542463268918513
0.74454906548640376 0.63739894995234647
0.59270622363301695 0.02350967073278937
0.55181347829555316 0.56701597764897194
0.37683197919277295 0.22497844846543202
0.67379509267010107 0.88786213960623162
0.53931160371415576 0.54314070548236926
0.43973639180117008 0.97817615462679641
0.57095452110128475 0.03816046524746271
0.59403267214645350 0.02010261835705264
0.78515799893672233 0.68621036054090190
0.02092559209136525 0.57815654997930432
0.61358491614965660 0.04747727439472634
0.48089213798446340 0.98582374035635423
0.47142205260113323 0.99866929146940975
0.59434944720454119 0.01181238067456703
0.47239098420770015 0.98139897012006772
0.74692631305113033 0.69958141460926060
0.02223080769478438 0.57705219127372098
0.81421163541001329 0.95816423726949229
0.59068104464116356 0.00795847680266948
0.35169014747882266 0.24597316600148902
0.65310168925604162 0.87551867012744322
0.56608837033212422 0.53256455359539545
0.77119128526459091 0.65094072074775078
0.64690745590366316 0.88707393804889034
0.98558214766387997 0.52090483486410288
0.36416495857609438 0.22508424525178744
0.49268633886628377 0.97110000778983041
0.01985757380198136 0.56963341325361350
0.35991824426316876 0.22129129714614945
0.75415294799267374 0.64333917166371990
0.65702081157693026 0.85718085120338217
0.39727723581915569 0.21175086040320096
0.80216976495222403 0.98007642766834946
0.99521162813864394 0.51592881560316706
0.03675394032007406 0.53751712179439848
0.77714561094933643 0.69271254311686625
0.98586399928757218 0.53390233669745035
0.75905071614708097 0.62238741234105932
0.80310408582215509 0.98674903949297343
0.57702256653518147 0.01513079354700706
0.80012977618894787 0.95950553991633802
0.58355705523721557 0.02021047698298651
0.46175889981465357 0.96830876405737454
0.56654857939597303 0.56617598953046810
0.64478837559997892 0.87241525918159957
0.99666819946085650 0.53553217480388593
0.49911652827299413 0.99878682682261877
0.99983900548466964 0.97004701493911227
0.95732381210227702 0.51358305653443381
0.53703661798415758 0.00000940126059071
0.77320280101601457 0.66483936031626800
0.62962504043354262 0.01437435099333029
0.56872960722628463 0.55347553332097377
0.55636545347995092 0.54281563974458491
0.77023279265081712 0.67718411985572535
0.77835405883227349 0.65373610266716076
0.68139677523108277 0.87653268424399544
0.55719986043106362 0.54503742061321958
0.99250326523920585 0.50626047127939078
0.02950012516525410 0.54789999917359034
0.37254947899542284 0.22507271000801032
0.74812499777944697 0.64179136550655114
0.98636495397431134 0.53222026752757312
0.57711621330871166 0.03309527304655785
0.54069163525968522 0.96803262341399576
0.35826961902136867 0.20145870672974989
0.69559432180720870 0.88644987909663997
0.74646822625632792 0.65315094300582099
0.37602806898333779 0.23041518811959061
0.99301148427580921 0.53364415484079686
0.58073425375251586 0.04703787930473927
0.79544545959791990 0.97167385424434483
0.46123864554900662 0.98188634512899331
0.56066678960092786 0.55421610217260531
0.54291424938382693 0.57436856029414773
0.03481281021151247 0.56679641393175195
0.77530984309772422 0.62927898026245954
0.79110973132792117 0.99594962973712742
0.37799631389284344 0.22226043376225058
0.52502969090748619 0.52994232544598541
0.96821446256937160 0.50947350755121901
0.79346055926502035 0.64226064660446536
0.59701198120019550 0.00442552380028276
0.53455756227791762 0.52803952639670249
0.96745246657130557 0.53169090604746316
0.77218175172058878 0.65540176025806163
0.65719792640615116 0.91760417434773645
0.98107407141861103 0.52340504434953161
0.31818560238274707 0.56852102012587602
0.57631150345306303 0.00002643120030687
0.99850334262944229 0.53174853898632957
0.97592311820663857 0.50885463984813883
0.49153227339244909 0.98084454416015254
0.01848232400930630 0.55104541008158059
0.81832071869992862 0.96149089947249577
0.62656013601315708 0.85699819849241221
0.03647401920653589 0.51685721801156226
0.34263009491005392 0.22560848934005812
0.40165327788602340 0.22653943589730580
0.75966084522649657 0.69927100058142233
0.36953904577174168 0.26359668034627254
0.47032476051332794 0.97862459950754099
0.61866579750527828 0.00484771978570780
0.79965993943624181 0.93048707437051670
0.57397822680578159 0.53692353914996538
0.97004144911238399 0.51991096051216112
0.37885108708775012 0.25914784797315388
0.65679980130047610 0.87506754652797014
0.98307760030735758 0.51052862989915759
0.39208755848058380 0.25458608487445150
0.53671119882173157 0.56468083255933477
0.53621343652279785 0.98662257830792566
0.01224192593688165 0.54772390010783945
0.74058587872838344 0.66374510949200050
0.97809481293344280 0.52049568688409975
0.45253196633631382 0.99175459021651113
0.63511539529972083 0.85064364402001369
0.36569373305198444 0.23779810983375316
0.02739669676995782 0.52856240959085632
0.74601754699155298 0.64976217296962180
0.64445080005989575 0.85145901553571079
0.96731318756531959 0.50727532233126471
0.38130636007482083 0.20380748230578694
0.44951345460342695 0.98206844587013575
0.54703969218333581 0.57374446910933730
0.56592315340913435 0.54303778138960268
0.61043500531067652 0.00895419918361016
0.57723556726809278 0.55299150217355286
0.96045528933759616 0.52865706414465774
0.48312266735164633 0.94218824494890607
0.01176562061010127 0.53269834503097302
0.00821763684842331 0.54971889853522082
0.38964157699840973 0.25612703040843610
0.62265761519232632 0.88852562302845983
0.56535264235987037 0.57022120997135495
0.78872445788047374 0.96826220458092993
0.97612185727159384 0.52867140500460674
0.53385940267622534 0.54755936493261637
0.65120388249448979 0.88198090892806513
0.36523214285219235 0.25827313476481789
0.59619569518927584 0.00000141582200774
0.00487801036888108 0.55643155677790856
0.38238400194329447 0.25313478145963114
0.76499519941337768 0.65713608472605611
0.01541582785744222 0.54798061259163477
0.02784084041197427 0.54766584812219588
0.78978811232804047 0.65175273150324786
0.76228461407278125 0.65762427424643222
0.02542919799137448 0.52134228518200798
0.49133421182177284 0.95562582714279654
0.48222454609507298 0.97221463646263584
0.78703420342074937 0.99618736059888024
0.60264428940700998 0.01168453859056751
0.56325604383049466 0.55565296184101798
0.48124640849756545 0.96018997461142253
0.64672867263956768 0.84375461390393758
0.59652620468510831 0.00336334445177406
0.58400608242291296 0.04916149507377866
0.60961684617663214 0.02396790227660706
0.54584582049840569 0.53704578918459533
0.53936100706811607 0.56174755663264087
0.80104442766413375 0.97993481485660283
0.39936744805560104 0.22891021713073892
0.39651972911346817 0.23329036702352857
0.00075301858343515 0.54114072037647520
0.57009605874565461 0.53180793642444379
0.35042975468244519 0.22041166673352647
0.77064464612355854 0.99428499701681494
0.81485214198848666 0.64995393251060707
0.02871051316600105 0.57075530966595445
0.68468858447704162 0.86500779896974089
0.80487431699995804 0.97217512535176331
0.52268674061382414 0.98169017972757078
0.76928717665053581 0.63794079481112420
0.57195330289724500 0.51106276032716413
0.63531363060823232 0.87999601571474240
0.79147544369091638 0.97113319869052628
0.65517031836983175 0.89694080949030941
0.49597934004108923 0.96490880793082623
0.65856362344861297 0.88612842761819921
0.77883017284367329 0.65526665739548084
0.00263614629534567 0.55227223621743415
0.66439805868050306 0.87079579105067140
0.97377894538325638 0.51235659218128626
0.56937971876575677 0.56169912242134012
0.80921413312126744 0.98836226108410430
0.55306226862869323 0.01861767205503518
0.55230386006964871 0.55046283093931281
0.02878378268904016 0.51490849250256387
0.82089310898532308 0.96361260914534896
0.03946964000555799 0.53996304934667916
0.64343254488983359 0.88011964143737265
0.79985892604023490 0.98488011044912971
0.37861484022524855 0.26102514767828705
0.78221349863152090 0.96184044182984385
0.80373113391603168 0.64880009017457729
0.77754947249908302 0.67855727962912982
0.98197465737298961 0.50661707853915872
0.48504182335116119 0.99999107939397347
0.80548340706161137 0.96945369641883372
0.56118582800829009 0.55810683838417063
0.38902139454926860 0.23342584781191070
0.56739675788911992 0.55870797445087517
0.45317116547675412 0.97821259292014073
0.65242127071482969 0.87870929805786857
0.68058354715740599 0.85898480517036158
0.03837385048436636 0.54834721207077797
0.36346348271757695 0.24842774786397462
0.52307732978224242 0.55507934948824800
0.68410298381639323 0.86286825375273413
0.06193898281529139 0.59039578689951000
0.81536126181966040 0.99516755656423062
0.50282234718075536 0.99637354061591932
0.36289391689491401 0.23672402062906336
0.59608184743900117 0.02704917983844154
0.36289890421742566 0.25726142058033452
0.61621244078067172 0.02130228657676959
0.36743174923309746 0.22961721028158336
0.58599363104238467 0.00382564057153598
0.66270335580589512 0.90933247117902027
0.37258558285424731 0.19635418710523722
0.70093786594357999 0.85897742351099637
0.49512425804853333 0.96824560903030321
0.39830775150594472 0.22506476672839726
0.46716971553270142 0.95561192872294209
0.77317091480312072 0.65452904332121442
0.77750720231006043 0.98730986811807186
0.99362344039657235 0.52817103987676606
0.76508053305175183 0.65265163285170669
0.59174224609629400 0.03019761853892170
0.75838287063299126 0.65884084036342017
0.49865477138662506 0.99192002066864693
0.58960270123194969 0.01606871665475030
0.41100273142798682 0.23962500128240269
0.52293822153307390 0.52287206371938844
0.60192722112803343 0.03838776878289916
0.67780174937053417 0.86162690457821800
0.60492934367342810 0.02735509036484146
0.99860116501063501 0.49883009161147701
0.98270101444770241 0.50781263746542471
0.35380835448320708 0.24962142186038272
0.80129361792275344 0.98688634928031560
0.05962358604992703 0.52572782401764506
0.02284305079258251 0.54034559760976386
0.55960666903455114 0.53250889461587103
0.69186311932051581 0.88149139138649235
0.38031696546980837 0.22159642835097029
0.75480548590358243 0.67032203820712510
0.39439387125621628 0.26553273786170317
0.36076411747236847 0.21976341554678724
0.82723954899671170 0.98747300907888480
0.03252136483597104 0.56059056268896956
0.38984048038984792 0.21219771235219631
0.03307367451271263 0.55266101457677808
0.66848752293318547 0.86673187094323167
0.97474312517902761 0.51134473636162359
0.03590721520570364 0.56873475517464145
0.59605507421938120 0.01813441131993366
0.37901280280754540 0.24826961221701088
0.76993329916416842 0.64252883555286067
0.79068155473508583 0.96808186096830728
0.52343514389062740 0.53559048827420774
0.65372924554880774 0.89961931507067061
0.65334672559036922 0.85008840097895033
0.99997355938051946 0.51037937942698175
0.59948826609050787 0.00574166535054061
0.63431945504339737 0.86532308215240272
0.97665355633854756 0.52038259116349472
0.28460058556324075 0.99999883314302607
0.00304524888361400 0.53500796635821857
0.99646409278221437 0.54982105203587006
0.45722927884568082 0.93155809611761042
0.56189395232994399 0.02623105478648532
0.59549608289590650 0.00855682460801095
0.96976291583584184 0.49822007777932381
0.75418079964600049 0.64791064022352385
0.02833648039337020 0.55900483863321282
0.99379470516493962 0.50962308771466691
0.80427094662434884 0.95399826927526554
0.62104710603873792 0.90403871093496457
0.78954485653381545 0.67260481765480240
0.02819506577389552 0.54663175400538688
0.69047094985622359 0.87782137151784445
0.67496270429781391 0.89138277994366366
0.39065933148214588 0.25924247515266780
0.38184629956189631 0.23055304370084598
0.03566708822442095 0.55811279938647784
0.79216365533435795 0.95105901359081169
0.78052147032056163 0.64775883585586636
0.47657277011080418 0.96575054599332866
0.53688143550900513 0.55743066035807121
0.80071992070288545 0.67037242773012140
0.80339134031479298 0.95957792267936326
0.35114813179524446 0.23426037543680148
0.78618347583116832 0.99682210117318104
0.60788405007450075 0.03000237030972248
0.61612232071218664 0.01859201635367891
0.02061570457885059 0.55545672581795913
0.02303679783975386 0.54775768944157111
0.69413623050497153 0.87894363595161784
0.56321277941495740 0.53686791029795899
0.49868714480615106 0.98715666226381082
0.67396414481850742 0.85833730206043679
0.02627224733472154 0.54721250834421642
0.04458092344917673 0.54224639043199252
0.67968008905047805 0.89140368070849463
0.59109309483163053 0.00898658373279671
0.99044259917651911 0.53646816945126041
0.55515976485482144 0.59642544875796000
0.37854168388189846 0.23404006712484984
0.58013095993449670 0.54276753019338186
0.46741159947948735 0.99465652661693449
0.55027785556259134 0.56101412297165565
0.58232226347959271 0.02123236304227033
0.77221116007719925 0.63291906800963493
0.75597065778113326 0.67176909759036862
0.98210101708404918 0.51342806501776816
0.53586891289009986 0.52389940805682100
0.75630809416564926 0.70247957836629260
0.35836194302468688 0.23910674452243919
0.03114082531839562 0.52728059463260235
0.95955997454735353 0.54593264370458439
0.56850972047345605 0.02796051252356044
0.34950516545267546 0.22275765383870599
0.56638071736637008 0.02472394752241676
0.59070799528833107 0.01242491409793906
0.65408142552438753 0.87308497232322058
0.57005273437825654 0.03287792975829210
0.54650735377173043 0.56957843946099518
0.57441230958798828 0.53832463657708296
0.78246878588680280 0.67898837152438252
0.54014655773970510 0.51342459612569613
0.01038576441301461 0.55982870291787556
0.55232270204843836 0.52988929091943149
0.03465872295478181 0.52428507581470862
0.79674270680918424 0.97851690327414043
0.34951078415531306 0.22481660386849750
0.39463705724758352 0.24562829636353947
0.99998908708301593 0.53104154674106974
0.46232689468506588 0.94771337782924614
0.77198693936389673 0.64765564015040489
0.98390385272867176 0.50416414983743030
0.34624646488083966 0.23075015826105028
0.71149864466903068 0.30466475929179160
0.61961383834111239 0.05321649067902638
0.57991346620479778 0.02319063069946987
0.16185047373191350 0.57225018564560293
0.03387489654041458 0.55087369419700549
0.48179093119034100 0.97018160499214301
0.04014489367293933 0.56065636991384282
0.38948344476155500 0.26485686361354949
0.38358976223434404 0.26044558147284641
0.95826301223358756 0.46532154141427867
0.97031922330860909 0.51460483684628933
0.59168502602998374 0.00319662826273759
0.76928327609780445 0.65824931571138545
0.56048828353551972 0.55485360817417362
0.47451306145638583 0.97831655172861554
0.76177697599684213 0.66388246022340980
0.81477358121768295 0.98742814971269344
0.59643184127427418 0.01463930815104416
0.96133852039576628 0.50371819094420911
0.07324691469344426 0.61708230868739400
0.58007904256187470 0.03472987531946932
0.78776267294391344 0.98922248903241594
0.37356805535582294 0.24468246538471361
0.53431543541535298 0.56066974972102679
0.55144752936056030 0.52088423269165895
0.65189191171504579 0.87062493750228143
0.76847146585436310 0.66371011976645600
0.68652125919045470 0.87351873275602809
0.56823747375914146 0.03469168702279084
0.47605115289212013 0.99251024830946621
0.58686068961174198 0.06121849873076346
0.76698048853738776 0.62765697573353918
0.78239026663270073 0.96487145150051834
0.05432335363255100 0.56767845993240729
0.71532760394664352 0.87246261917123702
0.55049129532605134 0.55171767182747988
0.57404567072421031 0.00791678540367679
0.78862516342756817 0.64691458347004360
0.76183578810598673 0.65585753859988427
0.59590897919410202 0.02216091394164911
0.57547694622264112 0.55884466305426606
0.58044875086641490 0.55558078714770531
0.60411934149470925 0.01300903402797633
0.36166459976443610 0.22694813426548860
0.00002400798223743 0.57323735743083148
0.68977878266278259 0.84577222986011713
0.63445113379143525 0.86162428898139620
0.35931905228080441 0.24045303644520602
0.54496193620568623 0.01027202246524404
0.76803447992216722 0.66872160559892480
0.78213614826898836 0.64180549186362867
0.81213482604136900 0.97312318740656001
0.67830898374389559 0.88184063089824560
0.66056852284856504 0.86566373465488056
0.50037205426705933 0.95866541420773443
0.57896317351446813 0.02597186059420881
0.38560270774790523 0.22152498424032907
0.82344403296441915 0.97250310059731293
0.55491955702148499 0.56257888380528520
0.01299823180457623 0.55310323924974747
0.52543466400042405 0.98737340045926214
0.35090883690300106 0.24869373763271099
0.60256005658668899 0.04081144140842220
0.57894901674777377 0.03771121127355585
0.04402397347943341 0.56020887841211509
0.57126699968314520 0.54990360605605026
0.45557541015290148 0.98465797066692951
0.56053264567590533 0.55134092429165038
0.80473830820047243 0.97846285016841672
0.39409854128327293 0.24394854929337209
0.67040709385070019 0.86016038549574203
0.80802948138566533 0.95027390959992675
0.55752857722904547 0.55928066602108228
0.37350603357078471 0.20947675477385913
0.82300453801658879 0.96768187684727514
0.01843045091987465 0.53217327820331384
0.82150143327672520 0.98787705558873951
0.35183237613079954 0.22590380269789306
0.60129679300383121 0.23390238278679915
0.34617523895827873 0.70974560060803360
0.96573882909886755 0.51500063893784198
0.98799138365733630 0.54504540775981358
0.80280289641838198 0.65843411329575996
0.61919235294288588 0.03233613086072473
0.03390794060854468 0.52783044999564754
0.56230784754969931 0.57799861782299655
0.56570026209150492 0.55288430219618567
0.37828368446526889 0.23141072979171268
0.97545006330822159 0.53102613633262452
0.77461728951540965 0.69776302124551703
0.67627112100007014 0.86138052796012721
0.02900559617411153 0.55107179366733117
0.34481256534919646 0.25674244964017673
0.47053679611695876 0.99998532977291599
0.02823432043643727 0.57187441879860867
0.55850774156750571 0.00007446967721748
0.37013252296101862 0.23071677313988542
0.60889729293828632 0.03857503220045525
0.57188454920263976 0.04022972636286484
0.98863937340458974 0.53570628202966653
0.82641050611062039 0.96206414293540710
0.79480464408107854 0.65836327044530540
0.36267762169724144 0.24412581962543103
0.51916310103856478 0.55121941024795140
0.37664514433181312 0.24682453994243417
0.36954901710340576 0.23172661518190119
0.67282861330145871 0.87024388785047391
0.66804335752480004 0.87355526018530638
0.93007351895038215 0.50460706396290256
0.95943925633696137 0.53594650305115621
0.38287102504861231 0.23767551058549910
0.98378541123588470 0.50034457441332703
0.64167746855788665 0.84256396258393229
0.37945888287501067 0.22878746883755388
0.68120789993181796 0.85074635683103461
0.57295624318609983 0.59287381570048059
0.97873011994303916 0.50056334641220768
0.58625682661901690 0.00485068256474010
0.57625997148185926 0.03339231977862205
0.79795603972829920 0.99442727100616612
0.76187488074985799 0.68207228620223004
0.03347173196658296 0.55561547993456173
0.03389942847628461 0.51288955979567674
0.98065220041101264 0.52141877986135399
0.47338995235541709 0.97029573222170529
0.65312750731022284 0.88650352788955389
0.65112404587676664 0.86566066281413900
0.63246768548082910 0.89569648240583211
0.36481559348664505 0.25456281414183957
0.54958680711108632 0.54863942300735491
0.33799622571421351 0.22868622981825715
0.96033960063355894 0.49979059775628565
0.76917253998422475 0.66724609025993198
0.40108866304292451 0.24050433125696341
0.34143516563187520 0.22403776949369716
0.48430195463268449 0.97726429562639805
0.01513097424338207 0.54211146658822873
0.82041851458171300 0.93989425623143175
0.53384018895821228 0.52435853988144421
0.65647994571509372 0.86220463812971404
0.66159597337720055 0.87981425220798626
0.54297231277888636 0.54475706613963348
0.65567122819805679 0.86173719014192707
0.48446067014710131 0.98531624601416146
0.80095399062791950 0.63486258870623768
0.49839947847609045 0.96731042558308133
0.62202104438923855 0.86374053941991280
0.36386533392535975 0.22104738738766264
0.78235720115053109 0.63347203710738398
0.79480892758824184 0.68080554004904847
0.64789616315718879 0.85715639276767741
0.57370022388439723 0.04567144371531597
0.78933967377650260 0.99809859343528284
0.78527164591819743 0.66608622927973993
0.67093441023061495 0.88808150097195360
0.46159047468672415 0.96915055809186712
0.54684270666719026 0.04111037807207323
0.57909113551521685 0.55465831816999911
0.57384696153063985 0.54687589467054643
0.73882993067281399 0.66913545006701225
0.28342762135466404 0.85640325339885148
0.80424583377097270 0.97455149879937797
0.65252378047513926 0.85995248741731101
0.58996018266936978 0.01993951358552874
0.54447220605610214 0.57972577917067381
0.68612436282040290 0.85237417764883860
0.56052036483984902 0.54379688291577755
0.99228298028159179 0.52466595103975466
0.63298275900773204 0.87137898621666632
0.00577415864515649 0.55430524578235774
0.56244324699268000 0.55715920366237814
0.67622803918783458 0.88850696100713489
0.76662295143230319 0.66483450111110642
0.80992248781634046 0.96896118559426692
0.36844934998172318 0.23040277927697653
0.57429110986969201 0.55126271477033584
0.47056322143654100 0.97242015141585414
0.97596882001040364 0.48517059546600450
0.80117305435327024 0.94366575063307012
0.41556755007032925 0.22236257229291229
0.67155457832333010 0.88125080901019048
0.37414573899419090 0.22066814431763793
0.36880481077708288 0.24163341515878348
0.78353112236522238 0.65855706828075011
0.47197503407048297 0.97950778490294188
0.98213449633477479 0.52825623558472490
0.67401651781798488 0.87608096606654762
0.59467040540232874 0.05252421511422174
0.37672027302811151 0.22624865691479332
0.64970366839745497 0.86586204299309943
0.49456869365843531 0.99999925946784562
0.53766903565498347 0.53731235741620831
0.77487958723327721 0.65925772097067636
0.98032937241586915 0.53223021735356535
0.50905089899440348 0.96454804253622373
0.49357979579004790 0.96857344519976896
0.36079076329899812 0.23494225613402878
0.64370730127277509 0.85600111953972768
0.48555020777818453 0.99882526367973568
0.57525779554864931 0.00888799949373351
0.98277114034324253 0.52625383146620341
0.38637444736087917 0.22268123683195945
0.67532184383886606 0.86362262607916596
0.78269921745761251 0.96275375164261556
0.78191342421279297 0.66284011507034502
0.55830540307474419 0.53804320209576972
0.83910139871742617 0.97270761054036425
0.40415780646261207 0.22594197158568904
0.75223320771034219 0.67471234282568826
0.58353174228329341 0.01673651000913391
0.36845506741317480 0.23107361068262933
0.98906550407056426 0.50427176158820863
0.36066926585850273 0.22425921120032324
0.47568945686257491 0.94805559289340469
0.58456393620246605 0.01566573852628355
0.37625521874337309 0.22279587996851835
0.03897816453372358 0.55781450480151129
0.46289848392711413 0.99325981280362063
0.46550183057603911 0.96352683209306822
0.76216426377841151 0.64347140694189997
0.79743283587483260 0.99341873944204606
0.46753560944459549 0.97190718450719571
0.78657371657872743 0.67325716927092116
0.55202531041932223 0.54644716319757503
0.39644202162073422 0.91402015300737349
0.76638268265391096 0.65480206475848157
0.36263070191585195 0.23932735391736898
0.02382240234922653 0.53519708779789943
0.97920133189248237 0.50695455293587999
0.99905161257395192 0.50807202588067801
0.58511620803929398 0.04738988756910921
0.73134560007719451 0.66522045187582790
0.58419839557369413 0.03198087710321735
0.56179854201061297 0.55929479639675506
0.96271719457697480 0.51074499540695473
0.51125854245790681 0.53497429549094355
0.46806975027806114 0.96907539169843404
0.02136427925897583 0.55300095847630104
0.95131137141570088 0.67835017526494745
0.04826453265772707 0.53341838951270304
0.54470880961138901 0.57676027938115482
0.97824621364269504 0.51632985279711452
0.97541380654529686 0.51725768133927985
0.78966039150490119 0.63287647358368204
0.97861900513527300 0.49329319563722718
0.53113458856935536 0.53745758540091548
0.95475027461665984 0.52750513454283032
0.80982833551303601 0.98003324544903803
0.48951264934949001 0.99327733982851307
0.48959068752116403 0.95835602209019521
0.15532796667709561 0.47918384970392452
0.37051467297104612 0.22544421742072113
0.36457394135274174 0.24771834437932871
0.77380748085960604 0.66596713803072771
0.55665504109541031 0.57874438406589324
0.55105177696931162 0.02948455011622678
0.56187666336294118 0.56611957258274481
0.38010406189561569 0.23613284837155907
0.35517322617863645 0.24173588456540790
0.65745528805429876 0.90333451861450076
0.76223425811776357 0.66908048067950521
0.54450965259222639 0.00001988005363175
0.80579172458265536 0.98563029705366623
0.55176335138740562 0.56992568219457718
0.81993533994109447 0.98804652156302764
0.66125879410197663 0.89545615806765611
0.38644562825951412 0.24090694781535305
0.55490865021264046 0.52780002506198931
0.47460631601366243 0.98058109024962792
0.37301938613460833 0.23772433747733754
0.00576852051492917 0.58984992554271665
0.97460918287920095 0.53285781291209888
0.99862373019542572 0.52249426289767020
0.79881285387928413 0.99472873437616172
0.53565827130867738 0.56113459463254378
0.00453490370039152 0.51664842602322791
0.37626149635448908 0.23192798935751915
0.45061383585843134 0.97139964833886139
0.65209071945073627 0.89847354755533548
0.76667794829501046 0.63737084211931494
0.82398378612646728 0.98101020550997498
0.96831508710597014 0.50536531768021220
0.03786331257951234 0.55298506553965499
0.99698551493473497 0.54402807411151910
0.32014733192931777 0.64566459522095687
0.36974815303049169 0.25037024191092899
0.76493649717194723 0.63962622949486503
0.97537376010134835 0.49858006793710269
0.56560272522834842 0.54784894859086031
0.68580605918605286 0.89577225477958555
0.97006258841656690 0.52817643244960366
0.58934442811073406 0.00737748709907512
0.58579963133121737 0.02189874803566147
0.49007752322527726 0.95508594220776866
0.99736314884283728 0.50142963268517016
0.02089315004366908 0.53157398084746899
0.66215312006838833 0.85779232416905016
0.92216084313431390 0.32766701454196856
0.80546889898618756 0.97752232662219618
0.47944436080764780 0.97402073961044933
0.63877754902800599 0.88095044452488236
0.51114673112083231 0.54369655907397074
0.76509556449201332 0.63231186173376575
0.01764839487163038 0.55297412779382416
0.53665299376306697 0.54192660296162320
0.79630282431564336 0.66998396771733881
0.37196081155310889 0.21684080682454904
0.01312368631867140 0.56905951574997660
0.34693692540703847 0.19627037262850999
0.36636960963717458 0.22985891932791372
0.82162054704944176 0.98466021024177164
0.48081972522026661 0.96474879104958289
0.58136494845144659 0.01871548005757913
0.75827069084950260 0.65533743442023706
0.04093131031000310 0.58390129355803067
0.97837517332660418 0.55769172054646265
0.00034135770559013 0.58004606316469676
0.99488807922034306 0.52777827606599503
0.28447843941553708 0.79441949890680674
0.79714050378488932 0.97061548739663828
0.64577897749870272 0.89065744890226295
0.01778465654834551 0.56963641021501032
0.75926204402436404 0.67428556040903342
0.37487746698223368 0.23729147444002968
0.98129330891989075 0.49148865643185591
0.66116542189788030 0.88135767509610896
0.37313456858897115 0.23355978890304985
0.66874276520530607 0.84579916024920776
0.78739681784339610 0.66109138478533258
0.38887166503138915 0.21474375620829489
0.59301784947925429 0.04345066580152276
0.64997719374220631 0.86735900685814171
0.78407005490956072 0.63625818145802826
0.79057948110713416 0.99006221833532948
0.35859855766571658 0.25193193723752971
0.00000284867381009 0.58189273997254454
0.78167107436139971 0.69320189976282198
0.04231486851188423 0.56025061480224159
0.59629668959397319 0.02992649995508002
0.57566670657275842 0.55203313928214126
0.48511677284262450 0.96361754282057399
0.26364987914497989 0.93439294039115350
0.80627001072556026 0.96460532729996229
0.57083670685283550 0.57977890436676560
0.00635005212474444 0.56279763536546401
0.48834700036375400 0.98976243521551954
0.82891739430698763 0.98380339427320129
0.58062358505171641 0.00256784659920572
0.49720338339069664 0.95290996084586987
0.39366347222391496 0.25334542164769291
0.99148583410456725 0.52238258276795502
0.78993702199805638 0.97100374744763385
0.79337834282528463 0.98712508870269722
0.37384483254203893 0.22208352880802643
0.49457805768228968 0.98420455965115672
0.57674267162477233 0.55467032666687788
0.79248241553069687 0.96060516262562656
0.67092943933582572 0.88290975075879730
0.66403745329659902 0.88623045159387059
0.48828945410147628 0.97797688149044615
0.37354770100410040 0.22623112330448303
0.65726169460456207 0.88600279986988073
0.81879707028324111 0.98195262872855626
0.59777957753718081 0.02964374545408255
0.35965052578161694 0.23631817186656315
0.37261763936494274 0.24336310119383112
0.96519768653783278 0.65313214191453495
0.64621494898784904 0.87706361730907778
0.59115295872472473 0.01549982116374583
0.53278229586665993 0.56622986662418684
0.02760435897159304 0.69189281733473873
0.49445588164465515 0.98244316235987672
0.66730119238542285 0.89919212310941854
0.79757499550725330 0.98558402323948102
0.34466981662065438 0.23915837426938538
0.58386875563361240 0.00724002507511330
0.97759541700157304 0.53545706563641315
0.02469466536703834 0.54393181505829391
0.99409762543282165 0.48411094215332434
0.76990179447722384 0.64157510518065886
0.94742147984811642 0.51046843068851311
0.03403833719788540 0.53687068512935709
0.53042417779525197 0.98445426949851811
0.56205082776873305 0.54664079037833446
0.63231666796674890 0.86570263001281644
0.46576250084754578 0.95789606393787530
0.44808642358293238 0.98378194813582076
0.61637869752977414 0.01022298045657219
0.58368772873042851 0.02955138567755878
0.60977089355616554 0.00001092334379966
0.50235216574016628 0.98853762063117956
0.78291495923744103 0.99277680548212055
0.67620270604974386 0.89052034783950795
0.03487267086531173 0.61757528260293915
0.80004238232833313 0.96772195182008969
0.37092753560720998 0.23307041585500904
0.56137390314689550 0.53981110323367354
0.38291790894625211 0.24164895351281102
0.52036148837496610 0.53870350683269619
0.47980374577803764 0.99315099093985193
0.75950760324909239 0.65174191484198585
0.02545840342418460 0.56851704413352777
0.98028755725277605 0.53843077929876015
0.54662674174333559 0.00498385552647891
0.00982358191683632 0.56022624203274141
0.78174884569614589 0.67448206398745514
0.40046066728152341 0.26403880586107448
0.47544311868103478 0.97579234813023419
0.01935426132852987 0.53639273588194025
0.74068763856344100 0.65420413381806730
0.98287410765511318 0.51825582462695907
0.00779173230968743 0.53087032756683483
0.00686747753827709 0.54817740377625390
0.67573390749468443 0.86660545556161162
0.98843931841969601 0.52453876297728985
0.58644155523909480 0.03793337527702430
0.97529235327978503 0.52685245961365512
0.46839411701399719 0.99192622741756176
0.80372573367820221 0.95763678970487010
0.37402054468750529 0.24668434688124910
0.35377974717874033 0.20424998441206504
0.03771050905858380 0.55183636803355574
0.98680877219675811 0.52377146727333024
0.36428414664736375 0.23182975582827320
0.79185439615426789 0.66187736885064086
0.66978806307618155 0.85891847469891791
0.58867649343882933 0.01555646982175244
0.03185218020155611 0.55950279253192536
0.36709460439452318 0.22635406489853482
0.37231768848825575 0.25280986413530265
0.69861010277939461 0.86595178964705632
0.81724292327379278 0.96308764565151761
0.77979498985486950 0.97506249713432125
0.60505962848060235 0.03170359055279113
0.67539515069328881 0.85499111806086869
0.36645727656177252 0.23158420604189736
0.02691829483632703 0.44901061282333099
0.65701821826290352 0.88830870763748171
0.75864723709320658 0.63822265076860318
0.00849184935857723 0.52758551304274859
0.57080726748084554 0.04901278295590062
0.01334402156290561 0.53199569322959239
0.59176264904227294 0.03285417144810247
0.79491248622005650 0.97418089860410895
0.80576038833824248 0.87789953038527213
0.99399922265144669 0.56011196251050632
0.62507623396413614 0.13397669550938004
0.55147057310526926 0.56418657560493179
0.57973533701472002 0.02648122238231578
0.63889516588168505 0.86663622535634111
0.02112228068537391 0.57698659916617112
0.75790532778127651 0.67422743695642251
0.65367585987874399 0.86459652972223389
0.38557685133839914 0.81733034659945947
0.62174118693450642 0.87743410348905226
0.49247966805258647 0.98137045939485501
0.60048987637573914 0.00989324787506481
0.57170345708062476 0.01601026743215214
0.36904673101771124 0.20192349089119688
0.37187346998022602 0.22651497417663932
0.03541710581064638 0.55327735481876650
0.76976260509549832 0.64729998321697590
0.83554657040557512 0.99479939138902540
0.79946742672181037 0.99322788185461430
0.56976917828619755 0.00858312043671234
0.38068789687305588 0.21414587557923725
0.46866907099154059 0.96099709338196104
0.48789849645815520 0.97128198150536127
0.60211610704565055 0.02929725557207900
0.26187400800587490 0.64598930107067576
0.65374726083124879 0.87177222349591432
0.59534213184190610 0.04106927352976630
0.03283023189131799 0.57347384520369038
0.37368536707710404 0.23596446462529097
0.79375096649312504 0.96370018087607534
0.94962282367834316 0.51683156616728221
0.55481964252218863 0.55683397560347414
0.60622286554025351 0.03465410621364797
0.59448869812706195 0.02960311706738297
0.40496295376837277 0.23577380646889190
0.57458909610664521 0.00551398788908964
0.81146900877940487 0.98897787364515710
0.38624120970196435 0.20227766884490553
0.38895420846333728 0.24125940445172922
0.46532399714054884 0.97479379091139950
0.00550228459466596 0.53740836471593989
0.37718102960288669 0.22818866271788865
0.74733584807275100 0.65318790878026511
0.99977726309301451 0.94028348912537629
0.55270453514639151 0.52367254337721569
0.61122592235619533 0.00333416072268790
0.38416311727529845 0.24849835483302363
0.80452754419196082 0.96183693698126460
0.69614400951026312 0.91917354000698659
0.46364864210151091 0.98641739361782199
0.16828035149714993 0.82118319712197763
0.99742454680173076 0.52684068842864262
0.63619796205492318 0.88155726342899210
0.37246274915020444 0.23165457457975386
0.56974918490955173 0.55336380042961464
0.57008516986515623 0.54845954806727271
0.46277882517743146 0.97525039344760611
0.98168010024277708 0.50742836036450178
0.50799852212868624 0.56756856978355941
0.65715311763159434 0.86454355862665733
0.80491790548641173 0.99101008521580991
0.57365806077592696 0.02173195868316983
0.65788767107808921 0.89190990903703193
0.08123263417420085 0.50135518015838987
0.36970465817222103 0.22773490878486755
0.53419001269599498 0.57947708458754943
0.37381665333655456 0.23768111355766813
0.81949190648563197 0.97133816104837223
0.65609810704186122 0.85831347771010913
0.38982428122789103 0.25200915549062991
0.49089281014345182 0.99074174478215071
0.39341703849194232 0.25673652668903674
0.37841949009733539 0.22693851870859152
0.99019578476388947 0.52860520625507423
0.02456883139593340 0.56757441829145316
0.57229915829658273 0.02575028445075160
0.38213338822184989 0.22215686306940408
0.81995762721097165 0.96233646893738278
0.99081398626681105 0.49958317839000627
0.36376575883461432 0.20197959304987173
0.58822629970528473 0.04671858765146844
0.55088964274787933 0.56438439901111093
0.68341893171558665 0.86072536931447341
0.48409364617401024 0.99810716617412254
0.96410509950255252 0.53603909479371525
0.79522190619030209 0.99606121477529486
0.68339992646809333 0.87807989916608231
0.58593199717237276 0.00642451966122060
0.83120713186683759 0.98096470005507275
0.01489212640370617 0.53505513108550273
0.64883102704301188 0.88506166076957460
0.37668511844670122 0.22177306346981077
0.50787271439803838 0.96912830413248352
0.73946367128358026 0.66139307452258500
0.66328463854967734 0.85863692580961537
0.95660355343490422 0.52422587713003044
0.54247645623298990 0.51924502015898721
0.97891455932932536 0.50441556660244391
0.47366213404989965 0.98082748627437988
0.76536305074847666 0.67819245947886031
0.45450079182490449 0.97177530612141094
0.41686115226152159 0.23406936523974453
0.33088333495171951 0.21631719300172414
0.98415914301598972 0.52914375423299720
0.72539776851038706 0.68280889589930449
0.60722076481932863 0.03221503904794962
0.98903395643491920 0.51317552952459167
0.01600994673065427 0.53009989058247997
0.56323535813830183 0.56264896523723662
0.50436215574897247 0.99785616831675306
0.01766158988494798 0.55736913521043308
0.59363608382732869 0.00876823205609964
0.52018081963831064 0.96731394288754591
0.98152729016980089 0.52060340065403621
0.34789463446670266 0.23653800102216449
0.84386060546407760 0.94677860010146253
0.94720232646926061 0.51252915295101342
0.57965874879401114 0.01421444200594917
0.39087643142053247 0.22630370802309202
0.98073612100882557 0.49498020344251620
0.76801375312456721 0.97261412207285725
0.54846592403972994 0.57422581434367859
0.61312089244792478 0.03194362491131077
0.54339475314327224 0.55205342606388619
0.80938648335460672 0.99508465791007139
0.55534613735532434 0.56173994288584417
0.67521002335963176 0.86529255031525509
0.81433785572177808 0.95313509327850543
0.50664452982072561 0.98200415768289617
0.56045763229830836 0.53849027267359284
0.34726589860129770 0.22371760996274226
0.65894164037945668 0.89839841124339759
0.98206712650559014 0.52005875841704940
0.50517763737441035 0.97178449003913270
0.82145376868442899 0.97777180972539679
0.46936592413691774 0.97946200085078960
0.50118826389488413 0.95044911514451724
0.81143419941753425 0.98354444205449554
0.53385488723826779 0.51177001458791582
0.59823104892576895 0.00868013255094600
0.41018228255602385 0.26330282278823119
0.98030287229355206 0.54181910754080476
0.79476093923158120 0.97803725362437355
0.79241141846479846 0.96317485695487781
0.55681361690421538 0.56292768651295444
0.79282113589283032 0.96790152238462002
0.69500230035326960 0.89363697575663725
0.60968409451117112 0.01847644511262090
0.80605140773609230 0.99080377393446029
0.48948413033079974 0.98494653626477358
0.35619377170002831 0.18847545416508904
0.80881002627484955 0.97730396988782109
0.38913507943421993 0.23025744622755492
0.77947294432810188 0.64701747957242717
0.98385551220933698 0.52480438693974052
0.55041451126377194 0.01382618747522976
0.57876837627244859 0.02239800022042252
0.36347583950927270 0.21402247002180913
0.81551985182644626 0.02764080556753877
0.54833348301378759 0.58173697625671716
0.00477349224812065 0.54276488435276016
0.60697419710727818 0.01212238249681928
0.81417119926046810 0.97303555815225407
0.75773501493648987 0.67751240626785025
0.65528299352413910 0.88081219129762767
0.00115218745565917 0.55203832332870351
0.48161982668632342 0.99999580036759139
0.68348801713707941 0.86979061219891762
0.78220505211626712 0.98472468922534095
0.61188068349856184 0.02336447584301681
0.75020655028547645 0.67642305511922274
0.97194454867503066 0.51103653174522290
0.76781525503236092 0.66603763479250622
0.46887057579833380 0.97348724046832869
0.83736763350512788 0.98049390743555875
0.36890810758336051 0.27051684924982028
0.56401743386096204 0.52902718510804536
0.64063144217150703 0.89048435334373910
0.50287092133766020 0.98661294941352762
0.67243949653492496 0.85635621083447888
0.02626053139111031 0.56547123273309785
0.02452239934507251 0.55513302490943317
0.66619548398283202 0.86620007077762273
0.56775747399326570 0.53916646162035164
0.48594747596464688 0.97067435172803951
0.03162355766572107 0.53547079620299287
0.79593552187956995 0.99286297836537307
0.00000494446151319 0.56287986646363442
0.46318500266834145 0.96428857654333822
0.81726345518527888 0.98365520533218420
0.65707496439685653 0.89280603089130939
0.97049265949133701 0.50901601330310031
0.80116539618105997 0.99002099860466086
0.39530931155434934 0.23642417829493806
0.48229116525733390 0.99780508844010873
0.66960790055229491 0.89852247035385102
0.81623843752877034 0.99404228776516290
0.53982109974454939 0.54072949840826412
0.66194410571793127 0.90119625008832893
0.64165398578153821 0.88021861967662929
0.79680008233482902 0.96500938176544937
0.81533889684447081 0.99379693667423297
0.63008550535157271 0.03092311541206129
0.52726113185507395 0.58135944434340814
0.64132724122163887 0.87511387201563162
0.97630411890756186 0.45666796262106402
0.81811464086872365 0.96653416984115714
0.51104133586930245 0.99047827540840638
0.78256449029559805 0.70339606797266496
0.50199534997315409 0.98558451545562009
0.51910323617542109 0.99037678313968891
0.49785940552344055 0.95835486394270508
0.60675264354508063 0.01352032157797813
0.49270479215650764 0.97954972813908014
0.50755238983746798 0.99664196603619937
0.98389714150173402 0.53970486460189937
0.59479699563196586 0.01882723510060453
0.37497828860978033 0.20563473762910309
0.54354836268072493 0.93037694364460299
0.73132061029484785 0.86444484081262407
0.45402759481340837 0.95302768681214400
0.98658205390610410 0.51865946295695298
0.75507136779169992 0.65976873566704897
0.53964445825794938 0.52564536663129813
0.48025510367552715 0.99999591319604131
0.65764686270023298 0.86707529638152414
0.79710298997941176 0.96910506717762690
0.02375439560489086 0.54569153952337390
0.00784776715645667 0.53738695684822779
0.58083118412807533 0.01673892774132104
0.51477062448387267 0.98054369179886525
0.48098815953573398 0.95528831666021141
0.97957306693740998 0.50757920239104504
0.58245443055883861 0.01093580187891098
0.44881936253733101 0.71275098112775070
0.47110432633578825 0.96570170816377265
0.48188026479684493 0.95832834800142808
0.77933857013891816 0.98073633607076327
0.00377354274421150 0.53254272837376593
0.48498849034651947 0.97591666545787026
0.34830375344041337 0.24800536114818572
0.49916951545321681 0.99071032378097845
0.63160171976963808 0.86245272757291569
0.76038801418641244 0.66040390741696831
0.97659121192194620 0.52173525885311689
0.00972863562376832 0.54447243598536177
0.40278742802159528 0.22874263639770015
0.44342989526197590 0.98360374183955135
0.55231421068826192 0.53792561037005326
0.52949812438460864 0.97192037227872385
0.97105506825355814 0.51864714789239663
0.57582203421441847 0.53010296352493358
0.77539359441373734 0.67055688539556701
0.39288117478756551 0.22960805281647176
0.48407037760535865 0.96159928022234753
0.40229686383040442 0.23949949887394240
0.63951364189023863 0.92466193864498525
0.35499589223892569 0.21182639603267867
0.53976004551764933 0.55330762226000552
0.74805863821403540 0.63382036991823110
0.65015093986187034 0.87344831862933070
0.56233429472430407 0.55554647717928785
0.38294141842606677 0.24314629792397635
0.79538617062387795 0.96612094065424281
0.39724477785769252 0.24936819755814463
0.67623015876598846 0.91934686599109605
0.57583810773657340 0.00657899396423059
0.45950648942458078 0.98234498492413747
0.97693791154727061 0.49862198786701684
0.60682438917327841 0.03685683987087169
0.38268906895747207 0.20687823181610024
0.51950451725394275 0.57589410579893663
0.63768278538419210 0.85164318638560876
0.96439495772303074 0.51027566305992578
0.53993565889740858 0.54767642648494341
0.55642812859640511 0.51740881744630307
0.82848138206531419 0.98113491037798073
0.78401160437292872 0.96638688802562134
0.80516631166381858 0.99314845620511560
0.00462581633003004 0.54597923640237800
0.59071747103449346 0.04276416513435968
0.01465518373648867 0.52828765682919820
0.83083449766741513 0.97636066865618887
0.37657533010620214 0.24951625494876251
0.98257752161950895 0.54447333516927043
0.66121929403186419 0.85457420979724141
0.79065132127617388 0.95713610405795102
0.75662058808697918 0.66335028074531632
0.78931122181449764 0.98773873712034577
0.98387952316173632 0.52138860225087613
0.57791904409344408 0.53913119921642549
0.49683292650165212 0.99172112617074559
0.39311136073431363 0.22859165262766332
0.75684348132602186 0.63666123078662051
0.64246491536206729 0.87519407518165182
0.93368812412696578 0.64096025369158927
0.38566408258217100 0.22821665056581752
0.17368295892502525 0.38544075285691975
0.57649604438696489 0.04521669560214204
0.76771284785769023 0.64973061611732952
0.76494313073957332 0.66212497415328719
0.01272580173101337 0.55791286979263777
0.35872009783891512 0.26280200913242507
0.98536674673888669 0.50143695560168500
0.79238115645816054 0.66545716225575202
0.99999720707170203 0.52788952987629545
0.65173077134115809 0.85169368786888855
0.37578819075174869 0.22471969311775900
0.05219666221156437 0.55141146264375684
0.57250079986747060 0.04737887491197568
0.39753762255958952 0.24497969405983980
0.66082950508224980 0.90523642249918868
0.65561854559872168 0.86306426269587622
0.45560870546737470 0.95923248934913996
0.67115616600021577 0.88247224805427449
0.63315552674606956 0.91033862446852343
0.47940882524288664 0.95394339551395235
0.63777782378462899 0.88897599686121498
0.67793095917095969 0.86948368516712993
0.96634066218720138 0.53359445935218597
0.97748209088859161 0.51969336406228384
0.75233294346487689 0.65187514419578818
0.56632446924263524 0.58698661815282438
0.50016690846594647 0.96249076217637430
0.49404836634760307 0.99612375274874032
0.01934246312811586 0.55512518629300633
0.59269681816774300 0.53790496782078412
0.97808130366500801 0.52680829230723780
0.39271330548406014 0.21817379542602647
0.66111823301808226 0.91605113503198732
0.67478333577293093 0.86226651692628531
0.47599539495219739 0.99524369065109941
0.75728593919413734 0.66750724242455151
0.00197074949511808 0.57738274520868604
0.37192201830638749 0.23549798029520047
0.69266875427136654 0.88410056009505167
0.62782036651450857 0.86873915196450802
0.58604946211831366 0.54011615338169838
0.59023305972430229 0.00000159112285701
0.76792397752902397 0.65397821407171264
0.65377464510662642 0.02097326740655292
0.56038926089291596 0.56343929909126778
0.01457589120255046 0.58151769139010556
0.81026609779907088 0.96646284153564477
0.99293598068185063 0.51446371811153435
0.88515645260888898 0.39925727696272162
0.61247987708420237 0.04489134937053337
0.11666195927614784 0.42252320897126994
0.75742276205570802 0.63873141419545665
0.95216038728309571 0.52400327403233948
0.79111709281009690 0.66382838544663014
0.39359078729779490 0.23706966650853220
0.01433215915355490 0.56084343512128221
0.36429043594631527 0.19482550857649422
0.48958391321264227 0.98912402038503067
0.47966419089936041 0.98492714230120204
0.38494262067769452 0.25392088252677208
0.61141640004252318 0.00003114222433503
0.59537437591927700 0.03551210786617914
0.38884394297463964 0.21291462417864995
0.02068522823418099 0.54843898031232108
0.66088671139522204 0.89073780109932621
0.62583702322564017 0.89986713691973530
0.49154984911389277 0.98591641047681966
0.97288098952434543 0.51310592613538786
0.65035789239504482 0.86364229728503938
0.62366214948914900 0.01298640143465183
0.78845013877440029 0.66815161677491697
0.58843064793592603 0.00403247705732825
0.68048760683102039 0.85326926818466331
0.66853263131748086 0.86092234428111558
0.46762825486595017 0.94091220257574015
0.32723676863935464 0.23075156204761482
0.67436226995415682 0.88120278552909481
0.56374702360179063 0.55680052645075584
0.78695616563053894 0.68473055239598979
0.34922228814697176 0.25205876898024021
0.78624972818907535 0.97755064738256559
0.66739835960307203 0.86740751851830300
0.78314775727963715 0.97870340496303909
0.79495958390041377 0.63537851651101673
0.03212364314157676 0.58393361969895974
0.56884459931881892 0.03889273498190268
0.77304656565889929 0.65547175430932847
0.79577666917667600 0.96081466909718782
0.58616832206380731 0.01573511155794375
0.81217214578492403 0.96906406315696270
0.55365257690074043 0.55434502679693654
0.65217994452705552 0.88130018175656688
0.47658805875528243 0.95522975394008136
0.59144440118305230 0.03622096500883448
0.37620778345483002 0.24178672226914816
0.99252277677548462 0.50329824540018997
0.51186710562848792 0.96758258315838142
0.66632197736098153 0.86728430778862420
0.57575812965286843 0.05185410343827507
0.79897468573942210 0.97564586536723041
0.76477063437945447 0.66573867672221321
0.03647705273532550 0.52822880216218770
0.51440851449103364 0.55422129778923224
0.95613600378404795 0.50639612205199114
0.35235414573996732 0.20989254418098427
0.77180939304083096 0.65415394830196760
0.02381603383426247 0.53062370815284232
0.57549071340765601 0.03840887038145231
0.54436351386561355 0.53129361843544598
0.65926843337223850 0.88049974355151517
0.98177205867105410 0.54181986910145696
0.55378969627745089 0.56244042344509204
0.58578978513970592 0.55986312681655370
0.56138062387454113 0.58246554473425316
0.99609597599178934 0.50861224413269335
0.49562168180169552 0.99485584148600315
0.37199256363514294 0.25547986381319471
0.55554385542240015 0.56850446775753483
0.80039641487506186 0.68971332107472783
0.75531035430890070 0.65548503549783410
0.97605294589814218 0.50238774369716255
0.77022534724703740 0.66321589406591319
0.79912156779742372 0.97698103696945482
0.02329986314708810 0.57992279371586519
0.54953013276770324 0.53837922737457389
0.35964141511475400 0.22407944653845679
0.58618023740260827 0.54998605015892810
0.37099288941806141 0.23619731204791819
0.51082550988245279 0.96167308048690658
0.02981145247893922 0.55512979349971270
0.67264256546613377 0.90137575617054200
0.80700293828133485 0.97770256207686679
0.38823491762639351 0.25360084667418720
0.64589812577997285 0.88450566840274691
0.78437952762698659 0.98650164417234065
0.65313722804309671 0.91660040556903477
0.80212862849199928 0.97244076574975458
0.56485188423854471 0.03489863312190899
0.38746605235982573 0.21695202553987883
0.77010385856609731 0.65714772844830149
0.61673267148527611 0.02203580639462730
0.98969103520065149 0.51079350913971444
0.49077554157724324 0.99268238835634481
0.63145649767428269 0.88421934984685679
0.82488805692368095 0.96628806625717945
0.80953344756626022 0.98352741340057592
0.79264780206990237 0.67252611192849565
0.98947867004426926 0.52068217387853910
0.78680539622114531 0.98374782807541084
0.02059208891755918 0.54582572858647238
0.79776498244672767 0.97688502121711807
0.77375490171016525 0.64433981454322464
0.76316126225285696 0.65563422014969752
0.38210393414188781 0.18470941229460491
0.52645160863825369 0.54578522914236838
0.52519464815878170 0.53755878573808125
0.80809452162342077 0.94785925369624224
0.02396484893609587 0.58120878619178551
0.60653369404052437 0.02132036493805298
0.35988259364821495 0.20390193877110002
0.57649765346148307 0.58892729953309930
0.48221434324090462 0.96555125449888324
0.04025260623692548 0.55291121988737657
0.70443736542743396 0.86321810997345649
0.78571529617488012 0.63977580370851583
0.75190275397233286 0.63505595422635686
0.01951369165357440 0.53094762236632964
0.57599572763950979 0.01636179944522561
0.64464013724445846 0.91632774470959610
0.67820769595622588 0.87093618043991627
0.56525167628379114 0.53630239283112535
0.49145674108473991 0.97441256431600265
0.46102203260646718 0.95470310097468580
0.99813580290092163 0.53352139234988938
0.76315785988327722 0.64402307501153899
0.34026118081473111 0.24823149822961293
0.83258186100974141 0.95381044382554281
0.98760912518700472 0.51520782539132115
0.76703056270819969 0.66689530872536629
0.37753214001244312 0.23317955925237657
0.99608173409345824 0.47354322216218209
0.99625191499270349 0.49793660778520599
0.96668903913728299 0.52141024185682194
0.40652963112849055 0.21673639391991256
0.82028022219697327 0.98437640897454304
0.00000558279841649 0.55383633189831039
0.36775842071806525 0.23526472215976979
0.00480716518794456 0.51248888558673544
0.55298208993737508 0.56153071351039552
0.46487139897178054 0.98534077619731741
0.76996035485379766 0.70229055146261521
0.77576325911447175 0.64649199085915610
0.67352981145246416 0.89043541505871437
0.73465290516701720 0.66172757726789910
0.77357765697484149 0.95667191119883710
0.75039449846311324 0.66402036000590492
0.76303150643737938 0.68445464056807315
0.98616225581435624 0.53817336927014259
0.03367258555206368 0.56861330719672409
0.73908077553791529 0.67489679798268853
0.56888057601168063 0.04501587918885543
0.75000976426202115 0.68972936144173969
0.67480575840487222 0.84351016019780323
0.34712285669755055 0.22073969929114862
0.82143790613331191 0.99998833037063495
0.56137670314878119 0.57188818906422767
0.58651582216678466 0.58029093282130906
0.38360767791777689 0.23985928301591930
0.72969194570923368 0.64494658416359218
0.64568553056008460 0.90159603144227540
0.49798613638196004 0.96974698859304365
0.56666804798969006 0.57988238236709078
0.55568279201165827 0.55267728139120154
0.66487734982836433 0.87654276667273845
0.82930571263891362 0.97525196061097708
0.69234645822314367 0.88744838930558034
0.60276688192523942 0.01384225577084656
0.96615926786582973 0.50558781682459619
0.60007304164248998 0.01163906992448258
0.78929918464251303 0.98609263930563840
0.95556405482973639 0.51654478436250961
0.38398611643279335 0.23873577195106888
0.99753570030021943 0.53510237340312417
0.53502427604359037 0.56426943327353007
0.95922237982693459 0.53701566353771346
0.64158694850577180 0.86308865478957963
0.80953123937685090 0.97418359803847121
0.56778330163568591 0.54478811289939622
0.77590963313533212 0.62717719185437815
0.49551322101804834 0.98816192833194449
0.80662311098486583 0.96567175393703186
0.96075109770908129 0.51162179326706603
0.76151186056393150 0.65770133127999686
0.56473382024302687 0.55843384328383616
0.38492859556938869 0.20745638458223534
0.04610484605758595 0.77936308003225407
0.62329885942489682 0.03625242543770224
0.47481753209311739 0.98285424185779502
0.02660495827896844 0.58250381220347924
0.66459264697598119 0.87517203342749961
0.67828020678116019 0.86567160802360354
0.01623874626051809 0.56133931642256796
0.37193098427942428 0.23436028856466323
0.36669096637911858 0.22827585993025273
0.77119818350086766 0.66277029514320884
0.64383349068763307 0.84505623511385697
0.81459833149253469 0.97400793790030815
0.36253217719223929 0.23087218657550421
0.64004975808282960 0.84842518736902950
0.57101762530295486 0.52744241721223084
0.81276139698661876 0.97748918589563660
0.81383722814264825 0.99746432676370234
0.56660682434396714 0.02170583852457498
0.37547925862585319 0.23802885901329002
0.66111903795188387 0.87084436436150114
0.76167738640245575 0.66712613572014734
0.36707046452169589 0.23672088439165842
0.57351384169294695 0.02462185649964712
0.36719112790445707 0.26662971199154856
0.78740318626913297 0.64425817974477662
0.38075036008625834 0.22309187782465015
0.47993689315045812 0.98133877696498817
0.37013252284130632 0.20368734159727378
0.99835439342228027 0.52093992489566054
0.38737661738179568 0.22242175218879737
0.55316436025441140 0.58096338460185371
0.00772310221160130 0.55918669777524221
0.34762402297886319 0.22717905369981473
0.47592491545563864 0.97591112922590773
0.58510167166177229 0.05164286797347878
0.57656150368144599 0.01798458185425536
0.54386761683985352 0.57014977271421985
0.58715330825728573 0.01986619397082373
0.56391172710085580 0.56547218273636513
0.78656137765218670 0.63178742431621393
0.59017858388885369 0.01327954407043324
0.65994519588641587 0.90999127806720381
0.35807928896518365 0.23286992430497366
0.79312722241042144 0.99315032667067249
0.69482965550309495 0.89946379291378165
0.39237032798678112 0.23942947471709697
0.96671405851618264 0.52548582426265644
0.77167690135804901 0.66322924143565531
0.97196954292360938 0.50973473653193535
0.63020180047594065 0.07629099463618681
0.58767830722684533 0.04245486415292440
0.79102261552763198 0.64844292505479750
0.67707021691504155 0.86435380262769668
0.00482169548684268 0.53401644122197889
0.54654703896132195 0.52342554511246364
0.45488355214765980 0.95781623343526257
0.02536460581230959 0.57556921974461994
0.58954299745485272 0.00488144895036297
0.98268423943804761 0.50597352046579924
0.83284533583030251 0.99991863131519021
0.01263052369570961 0.54867106747408600
0.58305459256369918 0.00393917826297096
0.39649224781479092 0.23130782992305371
0.37465432470495108 0.21349794712602715
0.04675922929168290 0.57449183138938664
0.65817082053473619 0.87970200569718249
0.03073398227458648 0.58632401500664033
0.57483244103513031 0.57186063285254696
0.64777082242163431 0.00012918763252524
0.75108594348299518 0.95726707801883271
0.00902236201340845 0.54592444031425802
0.38352172369180804 0.25614681805893258
0.67515198907480412 0.84965950190767270
0.58072452564378718 0.02259400938984540
0.48369695120274042 0.99860466200974085
0.63797218803170030 0.90751037976717941
0.97841808188714841 0.54037302124997588
0.57585988602815275 0.53410235335843381
0.03247053802678104 0.55343742134613649
0.54415732326950650 0.57363305204291315
0.59155450111941410 0.03404648796885073
0.52137067467226550 0.58037560540896871
0.98016932588093064 0.50555524502733673
0.79270922816237877 0.63762983113062743
0.54269400083899011 0.53632820647898238
0.58138172440895453 0.00406368128078452
0.38070495149639216 0.24374815702950572
0.60769884349817549 0.00542044041395766
0.66192086110775428 0.92713996322518888
0.62955275005593270 0.89645209451869601
0.60280219426220405 0.03064529349527419
0.66978575698435083 0.88337003708485118
0.67412512014967518 0.85243314998315656
0.36450787924164119 0.24465730936799590
0.45834966007463318 0.98991709486782553
0.02139042564343536 0.53509527240095101
0.55899313502476344 0.54073219277560136
0.55550331489377724 0.01345219832988430
0.80275672480486937 0.97026562034706543
0.65408399405371620 0.87790690204961142
0.68564970608973086 0.87753452211411143
0.80015552705628978 0.97778724524253180
0.34547979547596058 0.21613156271244915
0.55672750421254980 0.53921218608441979
0.82526113525692113 0.97386039055928109
0.76699058495024075 0.68888832237160258
0.68312672680188136 0.84414572622820960
0.68672361475996824 0.86440487257286003
0.55825179672968905 0.54620403435703624
0.55755591098624457 0.54878821338221462
0.77863403952875587 0.70032196320318885
0.77725413597318527 0.68204967677816641
0.80913211303997512 0.95770180817371597
0.64074280239323600 0.90069687907312590
0.96307182788795498 0.51918157253369324
0.35514141528651211 0.22216855453799661
0.48308408647924017 0.97450067666859364
0.55607602240205245 0.57595759856136441
0.96901928483941546 0.52141601252684044
0.37673739117928823 0.21339933227691021
0.76971500271766058 0.64944456124996297
0.37981872737886363 0.19769846627516188
0.97283453172767087 0.53057302640146531
0.77540214151927533 0.62438497321556530
0.65440420244174757 0.88565416643516159
0.81201922350528888 0.98695522694903093
0.99082942922968542 0.51456009228672472
0.80733518881787847 0.95405185024554140
0.57188131675881226 0.00313306142615509
0.53358381785539843 0.54152921926781739
0.55690556908307665 0.02208799849009633
0.36104882756152479 0.21686039113083513
0.58608681736719437 0.00989422994898978
0.83113501164447590 0.98703722873433897
0.49640491919484048 0.98741259250335767
0.79272092834645280 0.98873281080818132
0.65703994506873353 0.88226759155288825
0.93859606691932851 0.54573449955010400
0.66122752437995658 0.86014695382591433
0.00000859414249503 0.53641471509212091
0.68629713638128254 0.89321503037491079
0.98296148087402702 0.53940553097803523
0.76385359403856845 0.68627299075739101
0.49849573883522558 0.95741872895721547
0.54886274493432030 0.57070948759483942
0.55825708011967323 0.01380783148959278
0.60745183656189761 0.00170176469309501
0.75792733732698170 0.65751789276088146
0.55702044599722189 0.55099219966660617
0.57419055404974839 0.01208882748899404
0.02805250844718081 0.53657409324973226
0.35010760055460938 0.22933100296927891
0.57664825157405364 0.02840612099334171
0.66052131580240148 0.86657917750796720
0.81213146193262276 0.98201339397491494
0.54468537235677372 0.54110675093400196
0.36313620250437839 0.22328870270683687
0.38324230897702077 0.22937121589420675
0.38129084038685146 0.21177745208688853
0.58961391189751466 0.57035884407205883
0.36597758354513243 0.23515548417439358
0.60703848511704750 0.01544205432381100
0.83748415488504513 0.96363624225068278
0.66299718973573762 0.85610175320995319
0.77077371258473149 0.66813780430486147
0.98829628354550370 0.53805080300454733
0.96937068462458664 0.56361186557961729
0.01963089432504327 0.54821924360360663
0.54210295182294921 0.02273025875472403
0.02405841733865858 0.54791321816369842
0.95564643153367734 0.51284660455237230
0.54586912160313306 0.55395469480212933
0.36470413002736618 0.22306826572878741
0.59328951650472872 0.01777893440639144
0.54045791703320334 0.57175200622480349
0.77224707337758125 0.67020897289055525
0.79800779800958455 0.68189872697801612
0.57873443526815127 0.02657293505005128
0.48444811255761672 0.97970377223527461
0.63415551525925651 0.89176136565911668
0.81459107015569443 0.99079970175630239
0.98019198211887049 0.54994994012647425
0.46779757502474018 0.98568108835914936
0.47527091321770448 0.95804609249430539
0.66723838352209264 0.87527595518150225
0.62717601239734722 0.86350746809111956
0.99059936737925591 0.52687096276107848
0.50420288424787718 0.97162347142079164
0.77256544813117678 0.65366813750822450
0.99540172241791114 0.50542481018136831
0.02524383685044831 0.51255640015292736
0.76077701118023100 0.65111586295969426
0.67355116444523944 0.87188632962210177
0.02105022937800200 0.54034889549822684
0.66483625618540743 0.20720746113464270
0.79112522446204614 0.98310116230492339
0.57995962888743857 0.00443175464503408
0.66647553942191251 0.87383007755815145
0.57332364246631917 0.00354054985245188
0.49170187233341750 0.98747282519101820
0.00962366274023293 0.52867060009416467
0.74787562995196588 0.65535939231200890
0.65977714574743074 0.87562758423106901
0.76282279188092461 0.97723974442152950
0.19233398816989858 0.63751936673963128
0.79678334357257374 0.98331008435343237
0.55007715029930981 0.53961304834007040
0.66260881150963968 0.86163054067597977
0.58950379141297515 0.03491686584362125
0.66060184964074442 0.87287081685731327
0.48376714944048532 0.96986755484936948
0.74391362895278679 0.68002473563107191
0.36204325341948917 0.23438604200970606
0.98758692179949059 0.50671095059279458
0.96539589814108739 0.51115034967519035
0.00522258173200283 0.57801949892114401
0.67344586218063396 0.89131189787982423
0.67728213848093866 0.87746039019608602
0.38898143440833094 0.22474811070980338
0.78757686205446986 0.99547818773930219
0.99708506842441036 0.51697139978535278
0.37733648716931928 0.25295396333739623
0.46384478345192109 0.98833038155883302
0.58972369214026843 0.56089909949182160
0.76630032089359068 0.98997304433319533
0.01799807534257815 0.53603902319655383
0.81065886074422822 0.99561185169891797
0.34213424726563213 0.20987053734889882
0.79796566196701679 0.66352226986371166
0.98051837950960030 0.54055449982394188
0.45583821240207756 0.98949222153195548
0.78538563121307903 0.61684661363276427
0.04056278438983029 0.56431953777331745
0.00904893667298566 0.55278848466625197
0.98034111893739173 0.49032258474263335
0.60387871662132653 0.02152779045998169
0.98661882312320981 0.52319972551792648
0.98598382898366110 0.50648400240665647
0.46890935925639132 0.98615351514740068
0.98674477083323009 0.49063696354304964
0.67107491229561700 0.86929347680378533
0.56346961375129112 0.55238747479372174
0.98455513190920962 0.53428410820176675
0.78274416358488663 0.97614475562819314
0.66245432620577382 0.90455674224889537
0.56049554472295327 0.56732784892782839
0.48794291807281825 0.99544717237330294
0.77825582387728853 0.64717981935632030
0.75234705161702564 0.65917955529492034
0.47909722470079263 0.99872367880817381
0.58924573197131280 0.03574959579171904
0.82245026215488626 0.99297539936530876
0.77609517612910839 0.64230561560739696
0.66964846345288564 0.85736498272002637
0.47766454121170582 0.98713870674013982
0.49619675365523330 0.99137169665447666
0.78191203527919606 0.65564583232881579
0.59072147627356886 0.02718183813217832
0.80789256448065816 0.99063490306863444
0.49197010808202335 0.98951680816638576
0.54502800516894245 0.55552888032751502
0.75961742371292684 0.67256450948800028
0.75287021532176923 0.65601830260554417
0.65149303203381692 0.88669508953589227
0.76029234167004900 0.69029376524286923
0.82050686371985204 0.98713261708347932
0.79000331214628794 0.96463002598993708
0.48276545361858325 0.97043067811135009
0.79762872097007709 0.66835197072983665
0.66818773434963163 0.86269807748597460
0.40100947794394154 0.25979778537630877
0.87481875399960130 0.81807177200634784
0.57704997269653557 0.01711464783491252
0.54483223360306432 0.56084515151206371
0.78113171858177133 0.67578646263612152
0.47686543845338408 0.99855146451020682
0.48854665740404729 0.99334858997798303
0.98271926268691390 0.51262230058874880
0.35346970172152115 0.23471600813640331
0.55464981704885741 0.56346283158741395
0.97285595033063765 0.53992964287247991
0.54912770335871919 0.55707039115947810
0.37833111298976152 0.24860445182823607
0.36900308192863840 0.22502022500369584
0.56417175331642666 0.02428581976439757
0.67415387578838049 0.86985965087572714
0.74834249607703029 0.65390787366826242
0.77981840490656529 0.66394547321204478
0.99055719685639698 0.52484621633978767
0.50439083654945460 0.98581926702598566
0.03273145939275584 0.56585736367864337
0.46001607514007875 0.99128631427312786
0.59412699787675693 0.02301317097390125
0.56637209458485105 0.02563449886912954
0.46786126170164405 0.99080882911662227
0.80787096510247858 0.99335904831172706
0.58578389158308009 0.03133591925128728
0.98432733676461215 0.52855926672216214
0.67530455655440635 0.89338678630073631
0.60685923057575331 0.02491504975153644
0.52576612520390298 0.55746171672163136
0.79665062407074938 0.99866569568890662
0.54668392422558854 0.55675312049436798
0.38227807946549075 0.20369832326943288
0.46492713517551143 0.98702833437934667
0.05118323213499267 0.56015107316717216
0.34897514822717884 0.26015212717888098
0.68229642629581455 0.89446709168638128
0.73412844431915314 0.66888803302733069
0.98706432716399584 0.53688315897925032
0.76923787950851863 0.64796655455891117
0.36834725696081999 0.21614189599962430
0.60164578309175498 0.03189430937191834
0.59234898972996075 0.02833339750285318
0.56743905445990528 0.04250259190052885
0.52762688745508823 0.56480612138695785
0.94609744084802161 0.54616185814205298
0.78266924826882467 0.65790595921203809
0.65137485243549154 0.89316468262942417
0.01565846841720714 0.56505130789463009
0.57099546172613891 0.54540272981849802
0.82438605137998988 0.97455525448964886
0.76647942771061839 0.66610259207743905
0.74499805042943712 0.64721495936784512
0.64537849166970551 0.89333174508949953
0.79559635595731193 0.97927845494195664
0.50338103154164526 0.99837418781067677
0.38127058829414268 0.24969022212681563
0.66280642006932922 0.89184831997550806
0.59889928966238637 0.01559224892741255
0.77938415620957935 0.64418347022758149
0.64768085765310934 0.85027379812841020
0.00990616061721897 0.56698804750776144
0.54003141288499623 0.58976878168994151
0.66939667576546913 0.89664085007968541
0.60144028653009662 0.00792046965420213
0.60016297014574016 0.01959314059188842
0.65281804894473550 0.88774269708485276
0.39619437007789898 0.21294080562677267
0.55900619848110378 0.01694313201848668
0.96139090035134789 0.52947840068779761
0.48870570849343409 0.96721185218410677
0.36070976339435484 0.24162855343745768
0.55292899710821630 0.53233138157207716
0.74869847801382272 0.62648552525863488
0.96764121760670263 0.50267825909449626
0.48248466227110837 0.99892946406305061
0.62000729122013354 0.91244548501453471
0.99677195542982200 0.53151099276813096
0.74923213861837312 0.65898139834720948
0.57888228669382791 0.01386129511053354
0.79984802068623606 0.31428719331131649
0.99811070559215642 0.50187238452221328
0.77062146094695116 0.98335238592260055
0.01414330437142617 0.56212147217166020
0.59898753313637976 0.00001203411335847
0.48875251855714391 0.99872998904865318
0.53433301388337595 0.55512412144962786
0.44536412388356672 0.98471104334605686
0.36707067991537140 0.22147671006006209
0.40374254614932759 0.23433565313121152
0.54763670165836176 0.55077471285014290
0.74934832502696602 0.68646798793188801
0.01878489542367966 0.51766865052109245
0.81432535553312291 0.99630755735600562
0.60037014246970033 0.00899372071985268
0.82534151714282689 0.97072760211806441
0.96268353178121624 0.51743151783348984
0.60361508585729773 0.02376499120835902
0.58740243696635785 0.00648291924567247
0.55298410206528414 0.58547138597507897
0.74133178242396736 0.65278436529530048
0.58513512087132591 0.00577255986037169
0.02227436905828687 0.56559933465953982
0.47915044623797182 0.97202928559419921
0.56618305985921524 0.00293362606950192
0.62365897506277346 0.87988454778267278
0.65665873548251563 0.88685155356857392
0.58062415738685902 0.52904474697004999
0.38285916303029560 0.23235429711568939
0.82811687413055635 0.97658913001241865
0.79982339299119976 0.96612619757710716
0.77589761106370292 0.66484982137216830
0.76873659086359369 0.68051989187147921
0.70928380986958839 0.87730974122591254
0.59363674135187450 0.02552829831912760
0.83767627393214950 0.95521093026906145
0.54947935774678158 0.54941317237847398
0.78273304138453470 0.66204386231250867
0.78637705585513518 0.64827092149740773
0.48371617750538271 0.97942802893313208
0.82826330026156214 0.99412366270545705
0.00000231542679163 0.56560938177038267
0.63474217011911838 0.84833750065553448
0.75922207678184117 0.67332321544798435
0.35839958400093241 0.22146541985437787
0.75379058537766797 0.66815590302275030
0.57940773780855392 0.03106403827202803
0.96996761469296811 0.58793532324972420
0.61315690264814460 0.00352048494618470
0.49023676057405241 0.97756031757235173
0.34161180573994976 0.24290876010317622
0.81230637383769488 0.93520874079193894
0.99349740793918406 0.52504900363973872
0.99882099911902200 0.52599696833721576
0.60648019725058988 0.03127507759457129
0.01413755979636564 0.55397231597431384
0.00270017542488441 0.57978447442042491
0.99533881267524038 0.50361258335531323
0.48001578146612733 0.99131272267857395
0.96218624558652810 0.54115806773715558
0.58996425371399352 0.00591143540386370
0.00682289113195830 0.56046105640135757
0.94960762711763591 0.53835271850912692
0.79405798819385631 0.96042857368619883
0.57843981623942542 0.56050620621375191
0.80727832242379660 0.97007559002371813
0.82133933901610168 0.97420547141118674
0.02665988987913364 0.53717000419891481
0.54154520761099112 0.58280583811491948
0.46134611216895416 0.99473033478208406
0.88756808564413048 0.96986648145574694
0.65454765788714087 0.86089153013511011
0.65866213251743611 0.90546084014176320
0.72994964200107182 0.67488848232997112
0.56366926887591084 0.53079391671307508
0.67296427203623355 0.87781381076836951
0.39377247721913750 0.27066731174782593
0.67151172326423880 0.88407830173007107
0.83838399381272433 0.99992114394874054
0.57032168416129847 0.00009436791113472
0.76915559905136122 0.90210228596419184
0.03801585630618744 0.55903898251342310
0.36248795891511132 0.21226340553542453
0.57899708217499135 0.00451727365081510
0.55300485277708256 0.52673563131709722
0.75654355026517306 0.64038892018991500
0.83266413700004371 0.97179785893215520
0.58153131476237008 0.04932112272516268
0.54351833414381812 0.56515758826619478
0.58205443836794779 0.02721308457118456
0.99444008702891118 0.47847472272413538
0.57969624094340511 0.02886377915414150
0.69685615893358799 0.84379601378173685
0.98624893563066673 0.54529537601662770
0.56739564115058427 0.55460595244534705
0.37650916067790996 0.24537239805578137
0.80367181670005439 0.97224363737313013
0.68514399836556039 0.86178581837910928
0.74345335803651535 0.68246482615441839
0.79851823247381404 0.95334300477719436
0.57883390792248546 0.01154603554407290
0.58961344921717451 0.00229488366647528
0.78329655741162663 0.99792637031161635
0.58112580606275011 0.02950195647058821
0.66450401045859653 0.89448389023423913
0.00387187719390863 0.53425835270866673
0.59556659533788781 0.03009157335643965
0.34206615198826734 0.26441507378747803
0.55424869285202782 0.56761373635352252
0.64401508441475397 0.87307920327878574
0.50399816180960422 0.98529551046802888
0.46217065653394213 0.98986501796488069
0.81856387308524448 0.97327764582857024
0.78402802309938280 0.66248129448986115
0.40186620516536359 0.23338752803372315
0.02594218934595377 0.56737461147256496
0.38473202956797331 0.22280461889792699
0.50817863552963494 0.92418347130126988
0.49902886900761345 0.98890335063765200
0.82553892777802762 0.97931485798041085
0.66403582652280613 0.84701740746846177
0.01429212766257824 0.54537240243830143
0.49445079817672544 0.95222613195879613
0.99070938215652371 0.55815882264021710
0.95133258057403058 0.82050615767237434
0.97775375888123628 0.53055927748160203
0.67788762952893611 0.88776703664371948
0.76764601389922171 0.67100190732846487
0.56446905306152229 0.56434482659883389
0.55894593713656215 0.53941527962814628
0.59784303590443799 0.01002326883797902
0.60691259745517323 0.05319961520535894
0.02442470794606492 0.55327049499147873
0.76998771421301326 0.65355119472388579
0.68109492726383680 0.89115177308713378
0.77191844222165562 0.64131334678504837
0.65096734892870589 0.87876345507939102
0.60439841538885508 0.01453751105047456
0.56931276301814460 0.21605403959246286
0.00702658095577324 0.57379880725956489
0.37988356599315160 0.23173293854401450
0.61240571955333678 0.03669772278909416
0.77140450079007761 0.68454225057064844
0.49634960150864643 0.94579245827696168
0.58144355285166860 0.03838226922997751
0.74550091803608221 0.66230607436784084
0.75605390370622361 0.66383472546985312
0.72824149879708011 0.67795885285081570
0.59440873803408434 0.02174610056425691
0.57429595337735384 0.02995730400555043
0.81258373282812535 0.98017513585462213
0.03782195150256295 0.56538837909209194
0.76399917816328844 0.64787655061757998
0.04082404344547760 0.52849994199586403
0.41388908456813567 0.24677375555474063
0.57205557778097593 0.01980616213651152
0.59281135695485510 0.02218643804208552
0.59776788091115673 0.02066383377506726
0.50919469159593100 0.99303851710763846
0.78483346751601379 0.67018986149863757
0.94936390247649405 0.51198072801400596
0.63661731696055346 0.86031306483695857
0.59381841846286709 0.02083954191722481
0.65927369901678967 0.86320664828337179
0.02001124224546505 0.56723397847268175
0.97120850693408789 0.49989905844198124
0.67171106515539025 0.87978963667433374
0.10890734541117604 0.69645949707010535
0.79117433243846591 0.98128493856317489
0.54741318702686415 0.53130327322735293
0.57479071098973755 0.01086399844596493
0.52644677466916867 0.95904421519101901
0.37616361906668505 0.23895111038121802
0.66911787206825668 0.86258799425725075
0.47178229635053182 0.97523500960264498
0.79664041618838077 0.96311234524384848
0.78858716720462563 0.66163865531796329
0.47361807382458093 0.99839903119085149
0.37272199361309133 0.23694601182211764
0.38547732425507641 0.24927305853913165
0.67928377260102668 0.90043869878650395
0.35981243201233465 0.25324300434686076
0.72760722938015177 0.67200155004476292
0.58642881247323508 0.57144383658081055
0.79998761804229779 0.99999561863633757
0.63601571300549320 0.86535806087467226
0.74816083389644483 0.69373349326668365
0.55401663775383592 0.58315376762934157
0.56996275885669978 0.03183728447274174
0.37964848477985152 0.25479738706164723
0.53818836630463318 0.56871209871021067
0.51654436359775779 0.53493438589232389
0.58922932444606513 0.03392487125682968
0.03144716246774271 0.52430398838733128
0.57812569959447890 0.55616423004806448
0.68366582490304761 0.84904958472247072
0.03035794959801106 0.55280053785353500
0.57282895333808748 0.00977395365223173
0.64736698638133783 0.86615997688809476
0.35740348595287813 0.21651879933978069
0.81870875994748293 0.98530330033239255
0.98975293630674321 0.53298890987198633
0.75119782699828819 0.63416401648894472
0.44587216815873931 0.99619601931938162
0.58061680407440586 0.03900145818222663
0.65825890457571401 0.89138552891801348
0.99695398636541710 0.52018356130356047
0.51296511976993087 0.02243425486485967
0.36167143357994991 0.20180004703887017
0.75826631196696348 0.65228380576383049
0.66698660022467249 0.85725924327151737
0.66290624456976499 0.89341896892009265
0.79817824908939017 0.97013928124819460
0.75136899731809015 0.66521629243189884
0.05231786818990832 0.55676965586872107
0.02879403269731014 0.56860248169591443
0.78068058636302629 0.95785197743070005
0.55288272068730049 0.57612120692668511
0.56278007154471110 0.03352351639609213
0.81674684946534293 0.97102283928699529
0.99428751596484699 0.54651224050417446
0.47948335692457167 0.94346975504189368
0.99995632539779478 0.53853320174024533
0.57470678553980226 0.01799533451422592
0.96897793757379902 0.52337882034689265
0.76010968851901739 0.67591344543390053
0.76019354632526714 0.66717354832415443
0.99999318879462251 0.45084045938311545
0.84304207573395473 0.99092056970650455
0.97195417478205404 0.51911593325819849
0.77948762338718447 0.97901398661984473
0.77118328039451778 0.67618750465048294
0.47606412911129969 0.96728494125535702
0.56176549924759378 0.51227171039661290
0.80011753451250778 0.96210570578576471
0.77675521209907372 0.69054360918432423
0.60794561073861220 0.02064860566599968
0.59484494071779470 0.01291046884933434
0.79842858868623912 0.97945573604285618
0.66077171092389586 0.86359074803614266
0.57251213702259585 0.02837277556913816
0.47210316697025090 0.98630403739104788
0.67522443352826256 0.87019052913091000
0.36784074828233809 0.20459476934062348
0.00990992161158305 0.53190923503487086
0.59757035199258846 0.02216253125130865
0.54889270588334060 0.57758435953249598
0.90691772657167846 0.50548845516030505
0.00993188046617790 0.54237678196197958
0.72338642930125785 0.64796575619085905
0.58505483982547857 0.02220334954507334
0.55657821350329495 0.56001346592991086
0.53499321541466915 0.56948778189263505
0.65428048472413547 0.86317602278983874
0.47265798756619598 0.99334469102077350
0.00000341020448937 0.55793723637499992
0.38851807559628188 0.22844323354521329
0.01018818228588529 0.50339415052837955
0.77091019183466991 0.66160966268832710
0.00798069766683032 0.51950843809495495
0.54652234543071432 0.53311247582659493
0.60843763707250476 0.86074877896441959
0.78818934236594396 0.63023499360995228
0.02716837280981993 0.55735965928600173
0.79829222650906606 0.99999717099338092
0.48531357373541062 0.99537323669668731
0.04056261191052569 0.54339414289186205
0.76895282513612706 0.67320174742313366
0.80847097648442889 0.96911663825575256
0.69117862369602123 0.87369267328884270
0.44271447798778235 0.97481513618292104
0.99399568840212504 0.51402501823763591
0.60997067285792028 0.01156908448053092
0.99018039791168611 0.53809112679019455
0.01767549279867452 0.58220090440984051
0.77437534957916498 0.97355319358267922
0.03484903063537482 0.54184082250134413
0.75402949302109623 0.68527506688117090
0.96648562379181258 0.52283503789005348
0.80588019041501235 0.98675984019877971
0.43265274601055842 0.94172742610531590
0.79256888172374174 0.98250436322889789
0.83458263874105720 0.53614149869884642
0.59481578053278239 0.02272125714131916
0.64780937392738125 0.87455313706605009
0.96787732637557611 0.52791418901326459
0.75792673491534113 0.65091932232996053
0.74748633876919857 0.66750851904543185
0.46762074848955465 0.98877604510942874
0.65492998640794819 0.85567996096114718
0.01687912954844113 0.55254257248084149
0.14184378597322436 0.70246786001908035
0.63431088497920396 0.90693874375689809
0.35874324066848806 0.22536913813492926
0.48472913364044057 0.96634451677329036
0.57776641339739077 0.01440762161937456
0.80883204410282916 0.98881612741895497
0.02803942451574418 0.54980913751792782
0.65490878883485071 0.85268318651215202
0.55595437024349093 0.54155689438369425
0.55260984257407675 0.58250873879315002
0.98084972542104132 0.53947373976177138
0.53437764490733686 0.53907378482385959
0.67752672681742954 0.86840898872548811
0.01459776026909392 0.53143916755634157
0.39298754043007850 0.25907429767434298
0.74193241935959986 0.63465714675900142
0.75937907250950554 0.70667562733509481
0.77234380392198043 0.66772385441639881
0.56542280185549321 0.56540644826689190
0.47688905545554156 0.97233806443586412
0.66799345037186197 0.90660639656496944
0.98243397392245480 0.51422645377919396
0.78443293848514051 0.98805177567161429
0.34513698903328538 0.22419195533044597
0.98188306015961846 0.54778744975383498
0.97585072265387340 0.51965014438219626
0.97501938361479978 0.99975958829315659
0.66461353355475450 0.86019868041069592
0.49148275998070379 0.96392360593961346
0.52911711261400340 0.53205676356330667
0.45899260565191563 0.98348938400722863
0.57562134397355169 0.01177313841328837
0.02385727589761496 0.54654412818148113
0.58441291537782369 0.03890761605548151
0.61171566244566167 0.01164071426820439
0.05116227095196481 0.54818502056325169
0.64931831537659546 0.84317730663612223
0.53187893008685982 0.53063756153272845
0.75307323730309184 0.67344622351305017
0.74376455986338785 0.64304821961693204
0.47076205634862572 0.98640500200610293
0.98747367501213623 0.52795297164005450
0.81082564932915024 0.65492756971303312
0.49489340616353228 0.98051982526839476
0.50043274240031865 0.98090194629826866
0.64514338137138982 0.89758565321823647
0.77895054108570883 0.63653480738904944
0.78945130445303346 0.67700335655186028
0.43328829678080072 0.98071411210473103
0.91084873132609534 0.73492494887129234
0.01718093000968896 0.57450171189772414
0.59570456038379249 0.01014062266896874
0.15911353333063330 0.77783937791311297
0.99041448217696471 0.50768548061424290
0.38371288449669660 0.20845566701269505
0.62755028654697897 0.00415856945070007
0.99734390991182131 0.48751399574409082
0.38061219883890313 0.24236882158483997
0.55882502212308027 0.54954568564620832
0.49035224255893295 0.98605156814398742
0.39075855028808676 0.23612876555898812
0.74014498355700575 0.65638703149495514
0.46864611282893059 0.96380702945557883
0.35158165232399757 0.21645813358445701
0.54327712068201661 0.57203462090876922
0.79608637130239068 0.98037788235750578
0.02542515577015882 0.58874908911482982
0.99642768681929661 0.51395654614171971
0.55966785847668665 0.03692973366575491
0.60943141233720100 0.00239785594312729
0.46241936181411597 0.98642520588839977
0.45402447182228728 0.98452332886533878
0.78215393371148079 0.63499605142938287
0.73024758288129621 0.99999888577553042
0.77581511750088195 0.66093056431259556
0.04779017177301881 0.55673775056003538
0.67412017951096403 0.88447170549120402
0.57409451855322546 0.51641090332092787
0.40047840871305779 0.23587809693906889
0.77665271780967482 0.67241077937115723
0.64990509125846074 0.86973379925537664
0.04742075136567148 0.53965676531491336
0.77704867045362569 0.66089092032054886
0.39182161338640631 0.21021168691427983
0.54728178785823400 0.56683580898841157
0.47394744848327675 0.97466293036449914
0.46215966373904338 0.96111104578786410
0.54406417595233414 0.57207545402646010
0.73488068573885867 0.65908492200424174
0.00934011952615259 0.58134886905289118
0.96318636038975436 0.50753479026281034
0.03308410936742486 0.56439189232384890
0.01259819705144883 0.53936639281252419
0.02219477570887217 0.53328404200708401
0.67056042827455531 0.88109637109483196
0.62521615906149219 0.01826937786025346
0.77885363708159239 0.99999549202063387
0.60840524578897159 0.02464455696317413
0.80592289643577930 0.96732689374750580
0.40573407112946630 0.23160334973426691
0.01411257258152427 0.55263767328237801
0.74086050114634761 0.67285509706841973
0.65682180126625045 0.87567684804198287
0.02523763918367142 0.53394348118593415
0.76722277598357946 0.69248933652532096
0.64702770327755710 0.88518201970384791
0.68584886368916675 0.88525504649089171
0.79794070679490581 0.96049151403565136
0.65252662685884799 0.90256842009155624
0.45304705916112853 0.98998488626981873
0.55388450814619195 0.55754880930165651
0.65924408394617584 0.85914230168121009
0.45088180569376685 0.96773881463353306
0.50209835119089885 0.97662929047098634
0.98200806470365365 0.53047530020189804
0.56144612158865570 0.57651702267387461
0.46694169779562411 0.98379585509312151
0.51783110342553029 0.99993160458974906
0.01043926731159750 0.57785638199513556
0.58206011516355316 0.01020969867840881
0.56151618005070580 0.56699527886551826
0.78587602013361069 0.98000278357416026
0.79555176007753403 0.98803316567103039
0.75687178228558005 0.64409663963908237
0.77828435903601900 0.63235418213626748
0.96738888948104973 0.49585633790557881
0.67895131470900871 0.90312522633966696
0.58466182349514051 0.56136607752299916
0.47583372695984050 0.99003698131249052
0.57471307395911719 0.53509810065944596
0.59597056537073545 0.02175542419010457
0.28322138946636283 0.46625183285633143
0.77150678472987921 0.64421015948647031
0.78082028908587153 0.64098229795712180
0.76562976351209866 0.65413684454692544
0.76291626579044580 0.98576015828732466
0.56134648391168607 0.55620424922188960
0.46018758305962543 0.97513479310275930
0.52262474529471159 0.56846275215246100
0.95191416299830012 0.51980798478888246
0.75697467150340692 0.64826180248127241
0.54709388307854767 0.54873044376898505
0.99189543178742023 0.51951936790036601
0.81780512091439816 0.99116005042617505
0.54212565206266283 0.54962500271423631
0.56567291919460205 0.52180848877562969
0.38625905815851869 0.20608940824350619
0.65644958267829367 0.89090768344276150
0.65931213003593503 0.84486197886925074
0.02073837028416129 0.56326750756865496
0.97356738360252704 0.53294516171848638
0.82051821003429715 0.98521345816582750
0.48817801863697663 0.98866211052265329
0.58815087856519821 0.03409882260879427
0.94343587820189945 0.51968260479523309
0.00339860713353892 0.54197601962626463
0.46426813017971436 0.96494077787870691
0.01403449956104993 0.54223433695709611
0.55420577788616388 0.05349079647321827
0.64621352719257674 0.87993757673168949
0.80346520112066555 0.94677882562266080
0.77251958102619245 0.69047158369331507
0.47927417255636834 0.96323318764924626
0.50000331013593324 0.97321479866444149
0.01138690864447029 0.57905064993222721
0.51985450698425684 0.53492218310393513
0.80477975022265158 0.98344504364188545
0.65791024032913248 0.83916831622252053
0.97375215074290655 0.47793256934498690
0.60493905501141165 0.03334826824179733
0.38437977507444604 0.23119523153641053
0.58873602343227327 0.03222941406293978
0.53848459478778443 0.57259360308148666
0.60262918057844983 0.01750453955656175
0.64915134590631096 0.87280508047837213
0.76834323651606939 0.62486632863539293
0.48695177737377687 0.97108735670156765
0.48992570636446175 0.99154669413097929
0.79651616191796593 0.99116657662112717
0.65844029059235176 0.86723364124805202
0.76361766124998676 0.65212918454236524
0.56209680933363770 0.53225658775869933
0.74669568732136038 0.67023988340736507
0.98286240434203054 0.51156830360605388
0.78051164949872243 0.67221426264867934
0.01758482761910765 0.57303249329634520
0.36923001123169036 0.25114517041781903
0.59097649479129022 0.02076590974299514
0.51195077670629441 0.98035279127426267
0.55322447379766204 0.55819616164415120
0.78303089073165877 0.97051687226842143
0.96783718991529311 0.50632050397101425
0.55969807743305211 0.53553725577649358
0.80091884653834111 0.97172646538091934
0.68627577266184858 0.87617402360457119
0.04196261109670594 0.57548920428233774
0.49098078150299979 0.98517649593854462
0.59259846200128008 0.02522115187087208
0.66795403162782907 0.85713608284579512
0.01741804599775843 0.54117649633999165
0.57826761406542271 0.04767371569227165
0.48346973793869352 0.99388691182374989
0.77827268984751463 0.66658892848358720
0.60076838163531399 0.00435309314321002
0.37260085379233848 0.25001187819426524
0.79599412103111034 0.99472946654443439
0.67859027589045529 0.87269297571380211
0.98802322126933506 0.53998235399357652
0.57882969603816259 0.56704893108886412
0.33350515434378325 0.24091956763899383
0.65740527602061816 0.86220732451732118
0.60489149609699033 0.02535861676258385
0.97151537118704356 0.52121262891578590
0.36766726535304328 0.23774582418237034
0.50609661718911358 0.98703173617850659
0.55924067518821363 0.55734586990292501
0.77813461377334492 0.64222857402357703
0.65333538279359127 0.85176838825833601
0.97387658599106031 0.49893693313589771
0.36968813381424936 0.23657900452673236
0.83122398345786608 0.98993383704974169
0.75913699978657423 0.67829822838395626
0.36160105882665794 0.21470161221624129
0.02063299308377054 0.53593589413822984
0.00123762720018820 0.55360393854611989
0.66153923646289703 0.87553605677376656
0.46921300567528901 0.97548001063223833
0.78846300463629426 0.65226857988225384
0.82708271785597465 0.99392155855991282
0.78099257396817712 0.67062044607116800
0.76750481754934385 0.64312024717061300
0.96737420114929118 0.51809077344087040
0.97767839063214290 0.52280136014510203
0.53300462971451945 0.55490817321979125
0.80563119082203860 0.96262346290275358
0.99265556295452595 0.49722866954828820
0.01363760806710838 0.55006524399080015
0.00244006252648366 0.54440038533582880
0.61796195271870447 0.01874880601181264
0.81373742284536577 0.98562799551983604
0.57289461200640412 0.55233199162390401
0.47346222614395922 0.97545329163059002
0.02458020341921342 0.53712653657585152
0.52568946359436175 0.55567619411275970
0.78159638333012948 0.65610816372965441
0.49107265353819513 0.98699713464352645
0.55962875981225579 0.53693125346145054
0.59920762248907289 0.04405929848235039
0.38671648896809663 0.23852438398747164
0.54280361461382676 0.56698651126824240
0.38384749722022593 0.23639533703612167
0.80841441492532851 0.96493592977125608
0.51665970091671587 0.52420680542669140
0.99999671761297615 0.55165606172601256
0.00224287669385554 0.56471268037667410
0.75421706238703212 0.66610007284164718
0.37858139887397202 0.23971488052431722
0.02096818618545745 0.56475447260358014
0.56933717365730940 0.56317356998140733
0.98210849211062601 0.55840267790856712
0.97107515125624488 0.49334709392640397
0.77169649514829286 0.66528925665551408
0.47444079082783103 0.97588890348360502
0.80417002661838077 0.67099498578262795
0.97269925776350119 0.52643606210064386
0.36147125392160229 0.23332390194830918
0.02609713874979675 0.53513780441022751
0.79677090814216289 0.98781927806457426
0.53605170270946445 0.57104063422374751
0.33346166115787274 0.23661454969615608
0.51990727822941785 0.54152369510757314
0.57270004055702850 0.01227466817228006
0.00695558880854241 0.54282068217718760
0.66929212237059443 0.88697078861796941
0.49171526878207772 0.98418371453260844
0.65592163529899239 0.87363447736855038
0.83467957274819804 0.99124573231677859
0.38337139440142581 0.21451453709378102
0.02928681282041064 0.56702618852728415
0.74997680323740457 0.65115889501211033
0.01434959634919146 0.56385233041892402
0.81753543810480178 0.99528601813129691
0.02146339156293351 0.54542786433089863
0.00846469339097575 0.59309714416640547
0.98840614834063112 0.51219357636272711
0.56509144854055393 0.02187540122724819
0.03414936119600561 0.55009360039796573
0.98228624912605356 0.50493314340639273
0.65787122070748738 0.86258634250642663
0.82293328714960556 0.99497530826132030
0.03177428888595586 0.56156115498740544
0.48892810748773258 0.98741859577303204
0.56069113553883498 0.54148198188366781
0.77936448277387937 0.96092196150867770
0.78137521602944948 0.96723477655535528
0.77348698354810752 0.67544383743230574
0.95437968304610810 0.49811423187265697
0.96318405475737168 0.52868028094427999
0.55357723972732364 0.55135192185910697
0.01313008356040392 0.54413032978291931
0.53381481877954673 0.58456541186978273
0.48818293265309981 0.98022361625475296
0.74452119021583818 0.65537784178842129
0.59770341792125237 0.00227614597220032
0.56647223071888175 0.55800070503410792
0.56269965380178899 0.01060856264079544
0.00790830929904340 0.54010813644776345
0.98935931368752217 0.51386367983076309
0.80495960278495593 0.99999834331752624
0.02960316106330954 0.57599269012965859
0.02304839232121931 0.56446064416009445
0.45943264309873172 0.99383022439331070
0.66719316300531539 0.82834755338874322
0.58629607440812481 0.55526691871261080
0.79443347545161513 0.98163093440077831
0.97708337741133244 0.51433964718525649
0.57785060597354776 0.57376729198231347
0.55082516256790592 0.56819994116425299
0.77612520815748132 0.64028322265522020
0.47781738205234037 0.96295948963632017
0.72308762527289727 0.66943134901279733
0.99794842873985623 0.52845807352037344
0.77011190872073554 0.99996120724904369
0.66535285633602548 0.84908223444916742
0.56537693923262122 0.01843313830099392
0.03531357918441572 0.54781738249229128
0.37179125210156827 0.27382128569862418
0.01804517550995380 0.52086686471542243
0.99247924355846273 0.53195118576186939
0.97966281936737187 0.54008312992609986
0.58322301143496691 0.04230854659925438
0.60522315446409292 0.00736161014448680
0.64416078186238579 0.86004597990262033
0.74542898932759660 0.67327047918913296
0.98640738769758896 0.53084244421483739
0.77051551241191163 0.67264732113086323
0.37898825305728612 0.23671198951262612
0.50228214289456041 0.95696695291556921
0.78770201558828434 0.65064959403027911
0.65171062360515997 0.90968901855073536
0.60301062709257913 0.00837352367322533
0.98228426562196192 0.49353044553975484
0.49114047984062803 0.96623301677272500
0.80110077909373756 0.99411716802568928
0.68344528939541016 0.88365446294202465
0.46365585692601324 0.98529464034826664
0.60434861712544519 0.01584024532680891
0.79157086640311836 0.66100334709225528
0.98434316660018473 0.53751458658214735
0.57710591221690155 0.56449247453312534
0.77833145135053117 0.67883936235804154
0.81224787886830252 0.98120425374549536
0.56694437566378497 0.52689981348761150
0.99380095843365135 0.51531342957196991
0.66857992232552210 0.86792796969891395
0.87245334473202196 0.94860835323825987
0.74528499030909889 0.65614259238467132
0.48767746061368866 0.96645263601264086
0.56920960543359145 0.58056992387971951
0.39799198004470704 0.26704712776493666
0.64975525762862107 0.90027326837691712
0.53498038033557138 0.53727173062949529
0.53999945263040205 0.56586962570440258
0.59638572007829627 0.04220102176622370
0.74854459352354630 0.67018780201027650
0.79284903879958846 0.65115310077363320
0.66612586074079427 0.87578973181437514
0.57048067329482088 0.02817595462873236
0.80607371906519221 0.97844400149024136
0.75288636138882159 0.66826049604415039
0.97693043279294156 0.50364561507664873
0.64349140917192782 0.87689073657966543
0.79481637953253370 0.97542939233619930
0.57417941023334074 0.52136683400769412
0.65501906675455523 0.88439114669901242
0.55579279787157199 0.55136658901648339
0.02342509167572903 0.56946810020069794
0.56261911732329350 0.56833391584774073
0.60333015424671377 0.03126608014166182
0.56689471473911368 0.56465059358535152
0.77550172946284679 0.68012835209549038
0.73167185587741201 0.64194750411725465
0.55094031808812427 0.02523197770734574
0.96617204054505668 0.50184312212788962
0.80392801982448814 0.68150366756964731
0.98313192213999590 0.54177178690136529
0.61216783144349596 0.85014656731652960
0.96973752543591207 0.52228785256827592
0.58729598431096386 0.00273731132212974
0.96512838271488222 0.48510379470874454
0.56418517749440000 0.59283302098948132
0.01541886650725646 0.55135326774604942
0.80538711303643340 0.98456588538679057
0.98149029095504869 0.52133488448405940
0.60396052662517008 0.02415988116913312
0.36977976437564236 0.24767974305909762
0.79298268016311724 0.68193592900489808
0.82707006624718593 0.99724465446296295
0.37978872843239619 0.25066966852929556
0.02297518284990829 0.55221159290361510
0.36507808220926075 0.25726162431140132
0.76203245866957303 0.68903777717457781
0.82830797192131622 0.99996957082944538
0.52144214511889719 0.95730092241724507
0.03711097863380326 0.53118002672489684
0.57245875491325215 0.56889616358260420
0.60907555324225460 0.02852426574058473
0.95137908678603744 0.48822556014424889
0.48683005054263218 0.98434935481047492
0.98874120727436510 0.51462654996024493
0.47961816934668416 0.96887543543773857
0.38816508896706087 0.23606689081669097
0.58473919731508450 0.02699633625049499
0.39535111976312665 0.22727840781071279
0.60620755051167452 0.04043543044481033
0.98914423547142538 0.52159202688446971
0.58203221448483089 0.55461490049463835
0.59775545436335686 0.03371858390818580
0.01703730573571394 0.55745223354963958
0.02888366352493731 0.57479534265924692
0.94579457062006222 0.52139949361563620
0.99621874920186881 0.54216048143679696
0.59986504055150325 0.01102385853181923
0.48010596726265342 0.97722757492435053
0.48710659759554281 0.98491503520415180
0.47606238619976626 0.99120092490550649
0.38041614570669841 0.26409185690764470
0.32853241721477711 0.22318127035095070
0.35939928555350914 0.22658663790280748
0.75854731482059046 0.63966532098339002
0.58180910680588560 0.55219461848990026
0.38718336440342305 0.21102970747683950
0.04071078801429147 0.53767550784641238
0.36913393708444375 0.21375741443980983
0.67640095098112818 0.88338948143425777
0.58289351569190484 0.85537174998007082
0.38113654736660030 0.21891138913865130
0.66412990918440451 0.88935515968397028
0.65077141947485040 0.84122188461857217
0.60125917064169010 0.01317337276498508
0.99565686062439973 0.48907396101539696
0.00012800628702472 0.38095011569832360
0.76238632769373205 0.67848298845277422
0.00899060302004334 0.57602913950504786
0.78489739446117324 0.66022473400793913
0.46282758134112845 0.98834799573359411
0.47877766245607606 0.98431089506785252
0.67191226375390800 0.84394901707209780
0.96273463344598587 0.52555807016240608
0.49182748593505471 0.98520448412756201
0.55464896613773729 0.55479327070400986
0.35387630879553750 0.21949555867962997
0.01535548555359747 0.57680370439751849
0.46296030953815565 0.96596353668583723
0.63495459449406055 0.02274935095278867
0.48844592704602902 0.97347292159486010
0.56740276964832670 0.01565462234588656
0.81693709129812941 0.97549578620957078
0.76584207291000861 0.67222672950098439
0.73428830406427825 0.68337263051134778
0.37520557068603894 0.22832898059222065
0.67633921932929431 0.88543489702720013
0.97008278966497818 0.50353799553877987
0.03102785091777190 0.54142051516644540
0.64539427284930084 0.86112219746925689
0.40224904334395778 0.21688245136446968
0.33570378689107416 0.24920006876822898
0.66625235059062338 0.87702346727576197
0.65147132165643884 0.86373021623612456
0.64613484908852414 0.85939721042841288
0.80604076291520965 0.99999221717056674
0.56154660124622624 0.56356709704609775
0.63345786795827330 0.89358083483721040
0.44399997080817133 0.96305527396018764
0.57393715228479447 0.55016903187659549
0.57572554498877104 0.03174579740802888
0.71615508813677953 0.41871562340981255
0.98779132184896068 0.55173231576827653
0.51635215673735368 0.95203359927531128
0.77918021652209835 0.66696130962762890
0.98982518125173169 0.54134830986879090
0.56290899481935452 0.54774116660609318
0.02569302327553026 0.54096949566331387
0.56996139011725455 0.02455645749126000
0.05514269358417674 0.53980981885862001
0.03529193465616593 0.56424574118676241
0.69204979971569380 0.86086294228462257
0.66159209218533477 0.89928513082995631
0.64541580602448623 0.87637671967890596
0.92489619055051764 0.52769980074794609
0.00930378398730717 0.60519010254328487
0.63108693839850905 0.85928080691934072
0.36496209452336492 0.25057842683516446
0.00803027441259466 0.56165485938055981
0.80732087776600514 0.97980889189483067
0.54582638276089745 0.56329454952370073
0.98224789661498002 0.48749006710590892
0.96372654081339848 0.48978003359002259
0.56504633481743005 0.54046915975644028
0.66276887252793548 0.87602594594929450
0.48650179979737862 0.97509795682322242
0.41727099174121818 0.24408394603465816
0.76644883760352134 0.67388830480104467
0.78842363772478974 0.96244238766563728
0.46124000886625655 0.97181447466932724
0.79557844058514804 0.67714252540909181
0.81780057340598544 0.95625144092577619
0.39791990710758424 0.22229054893773206
0.98769670566816781 0.51171093479953866
0.78960591002649938 0.66496811423007629
0.57614415683953391 0.03008824980390839
0.54884460684900072 0.56364538953228260
0.67363525786166056 0.86417168690244384
0.56254779377889286 0.03556368323003201
0.58345041809950116 0.04482221681479229
0.99998855864812697 0.52864565497437954
0.56960502639219046 0.01625263615996553
0.98116267022084713 0.48877152705907956
0.47688672761991613 0.97353805308760089
0.59254943302474583 0.03888929754353321
0.36908517095430959 0.24589364923947932
0.09863487581311071 0.44386945607536638
0.50112239271417869 0.98246387644077127
0.46110051388967288 0.99308112490654954
0.58964435149069261 0.04573123713817241
0.38175395416938579 0.21538516973194474
0.82144629124103563 0.94438976938147579
0.63626241096473035 0.87312239153681581
0.62653419160272150 0.03309135940296334
0.57142888440733142 0.58226616758354455
0.65032708717092580 0.88438700788368474
0.01724332253842020 0.54567251017158536
0.51290156656745511 0.16853006328842526
0.36586571100338006 0.24648893168899558
0.78449078875322831 0.66779950683310341
0.45261311514502545 0.91175314586188050
0.78731793799879402 0.66557423212325728
0.99346481967318623 0.49535750196322353
0.54909893341018423 0.53653920431445379
0.73999230048582965 0.63178524751411658
0.39427804731931781 0.25035889846619741
0.66680167878111651 0.85460441549278998
0.59272971282858633 0.03176957575147038
0.99200319200414155 0.49191675966618376
0.58402759312667518 0.02625931989906469
0.65469148984808734 0.86413745535854725
0.00203367227813434 0.56727168388463522
0.39962128610845316 0.24016964452664716
0.38281974806640207 0.26572470710747975
0.18690803770311457 0.91628666485722154
0.55250741777031964 0.57427432156747205
0.37759803826882626 0.25595207739925785
0.63942542254034229 0.88194472555560066
0.37865718971002260 0.24703305227076566
0.64551449124276716 0.87502124454603303
0.55239211165607816 0.55843215022153725
0.55452690025453932 0.53105211318377810
0.63817039024980282 0.85888487611447595
0.46800347200269476 0.98763534822793553
0.97147546257821260 0.51636949987640135
0.96436026618974624 0.53144346496964001
0.60875244107168180 0.04087242094319481
0.01978843503536506 0.57181560345543236
0.80324106130663442 0.96358115481851003
0.60259048789786140 0.02760211916287001
0.77374162787097966 0.13536115001816162
0.66292562800355792 0.88250293976900718
0.98989286618564820 0.51292302621116237
0.94495264056527550 0.50601225722721077
0.69679393578665405 0.88476306377034286
0.60168375240206784 0.05374630441407885
0.53606360529327279 0.57612996993023191
0.68531761400563918 0.86363339842729037
0.56884194736872284 0.55452472492070815
0.00301080964776499 0.54768951145950207
0.11843703166952003 0.53016456259193634
0.74748458270414830 0.65830240006199259
0.50008736216861227 0.97694392237878047
0.36722497085642603 0.24258248697662368
0.75740809737248171 0.64729629624075791
0.01737898012851588 0.55970515027534085
0.67695393544777638 0.87081524295151880
0.41942411073776903 0.21497124142339996
0.55596889375759784 0.55563399876644681
0.61786052655765766 0.00694385138753178
0.57113866348021836 0.54884023979060259
0.47476250829406391 0.99033000539316163
0.46005994288817231 0.96999081569061651
0.49041016281044675 0.96186076543219490
0.37986164392241228 0.24659477176888081
0.62991157870700309 0.85829736943797974
0.35395440401336314 0.26250035494381846
0.77259314968143444 0.64345743808303191
0.99780411241390909 0.51898574956854115
0.78189715732351173 0.98002426434420997
0.80852084682656955 0.97911875745056620
0.05583689225761301 0.56611339143314587
0.59686682916019629 0.02195377557353899
0.96297724253811767 0.53747088141629762
0.75725743083376451 0.67893202716011170
0.36071703634542157 0.25275692224342278
0.75184796268279919 0.66056995903966875
0.80412702772379430 0.98186557153377885
0.99645884683058550 0.54830507740226475
0.57007174946647421 0.57739325656978502
0.78961009888630751 0.99488482997361616
0.67330728656576089 0.90904961332614476
0.77426145596768148 0.63326107506173746
0.64760707802358686 0.86913827196892557
0.01631755518179690 0.55123036616192567
0.54373191809502541 0.54405577104542147
0.37657782431351405 0.19252589657348643
0.35085373912159296 0.23627917193733841
0.79196655093163382 0.98749824650893903
0.62271778907865372 0.03208429989794368
0.81628878007036709 0.94666140416419975
0.39195219623014566 0.22051464859147957
0.80085675792580291 0.97062356610412392
0.41900142589890754 0.25044348146883322
0.64341153333357881 0.88701787696015244
0.81082111621541975 0.64422236504605312
0.77404200042467342 0.66110844562456184
0.35537127595757734 0.27189534556850964
0.67592997105454833 0.84676556723937269
0.77420430869528278 0.66404459643729197
0.50178934998044200 0.97421808975475854
0.99171616168885701 0.52303937267915390
0.01431799058058061 0.53714367847702882
0.63380907620636517 0.86380300123399412
0.54212296550937777 0.53729207914255139
0.46069392662690711 0.98318477945436489
0.99281776075047912 0.52378605984710958
0.47064595706042783 0.97597374418739447
0.00242401876152504 0.54329542382782348
0.59792713279250354 0.05458907079604212
0.79261999136899075 0.97807051530976685
0.40118325818068007 0.21100180414690242
0.78696726893334590 0.99063120006266359
0.67139039853366533 0.87508289532407735
0.80144610802399563 0.97461769563620182
0.98613140294568702 0.49484643319882982
0.48696471041948647 0.99477541733571961
0.78620460363827604 0.66881290111927305
0.05395916318018087 0.55917017255001600
0.48673366572627746 0.99793241357822171
0.04461290288774545 0.51898320067185222
0.37909837520691197 0.23225757085168011
0.01616284658803051 0.55283307861069153
Code file agbn-serial.cpp, g = 1.000000, G = 0.500000, t = 1.000000, tNominal = 1.000000, stepCap = 0.500000, I = 1, q = 1.0, scaling with v[i]^1.00, area pixels = false, parallel mode = false, scanning order = Initial, precision = double, reiterations = 1, iteration = 1000
