16384
0.24497709979435706 0.86845809559972875
0.29707556625071824 0.52717708295381993
0.64468017351854212 0.46967403439364563
0.28430715594171418 0.51843287614222788
0.52248671010358938 0.54810734515472204
0.59857043878044525 0.51327706943040352
0.77791928871398786 0.54426402183505929
0.56903203099653477 0.26682117450555465
0.09825105079662418 0.88667844033179288
0.16063399988183261 0.78227583301095949
0.44027372504572576 0.92221607355043200
0.15978502637217629 0.92929907191870798
0.69934159284433661 0.43147410574693001
0.37177835260982950 0.42795032451613307
0.36934136807600848 0.65590359396317710
0.11189507854434444 0.47683391968071148
0.11783330845166286 0.42782264506416473
0.82216527117921712 0.20426031556572835
0.16466049617210307 0.33971396705573698
0.78696815051315816 0.54995975832449540
0.60767295844795388 0.76991878680549797
0.65260694298978938 0.18339063804922112
0.75932285082355300 0.08229266544019671
0.18240729015538620 0.87369641854376823
0.79243897148897047 0.60352809732058454
0.06014062421976666 0.74135350056256932
0.11784515037680443 0.47765377149275534
0.39565911543562826 0.72038066935557588
0.13512840167994628 0.58380923563028853
0.61019795374553421 0.09024962020161956
0.85290532519252504 0.32695534402502646
0.56545946277801629 0.06515701538058599
0.82703579709077579 0.36491074766547943
0.82580971135691306 0.56069505867786840
0.55246089985437707 0.55396836400824168
0.82589023829063524 0.19990052873447436
0.51347616721455658 0.11336357024145848
0.31543406821691911 0.24825638439966199
0.69906462249810986 0.41759409109294116
0.78132720630535146 0.56003582068513391
0.79468827216940974 0.10236393934235392
0.57113531976398346 0.69552916279882238
0.70366846418643847 0.43709990293482431
0.76354187961474618 0.30251210889385166
0.71668816482366060 0.30686545366542306
0.79769501604118187 0.52549788271010334
0.37481097718469442 0.83814219607572138
0.53923197627583808 0.41612980814919798
0.71964934300919126 0.44356561153491963
0.27723966575313191 0.38683977506614781
0.54866897013571059 0.84398763208684879
0.62519246382152982 0.58604884264673807
0.65403044516599340 0.06832283756760406
0.21887460125752192 0.75951346697976285
0.05706163230323920 0.68941118864913342
0.36096988081661441 0.49591840950663518
0.56600666737626293 0.65581359299318565
0.63036676453048923 0.03144919083744432
0.56405925657432454 0.59526740733747463
0.65101084806971155 0.22363863456986882
0.37025395203811062 0.06851648140534876
0.15361693207143640 0.30640666635900371
0.21689434690722451 0.73133662309134573
0.49041510441763037 0.07838047177562640
0.10525186645991184 0.67406594346115889
0.20410294255801922 0.27994170317956568
0.44129072832606681 0.60579135866164924
0.25486071021230639 0.60341697584446163
0.39816363385720827 0.41127618897361962
0.67650004318534240 0.12925670288170543
0.08452142133678289 0.56980134894070489
0.12916053718847964 0.86663559815195379
0.47910889074555768 0.26009408992916394
0.27004606554845861 0.15290073460492701
0.09838436404711561 0.85465175065956578
0.31866420426879100 0.97995629896198211
0.82647494573128588 0.24799548434932403
0.37914402787929674 0.10163746761044036
0.58809184405777992 0.07180874269857829
0.64704220089136011 0.07565460355368694
0.04752315733825713 0.68492757401779047
0.36766952952413517 0.28295976857634009
0.62161584969766637 0.01556921131717035
0.07568418683058090 0.50034568175817629
0.66178311937902634 0.25096805919820464
0.25054172361668964 0.89638326289021064
0.23845307363330817 0.43306962284309880
0.34057646194542135 0.20407370231138255
0.56764223364393229 0.07023561246103710
0.15205360878990673 0.24605043552322178
0.79680589476723696 0.59901467618470960
0.34824390658086829 0.43584867581337211
0.55697471981595736 0.33524193688740483
0.32771356983943273 0.27989555024963908
0.53241814266383081 0.33544297258179012
0.34449271358667821 0.41853615361579799
0.33496648912742100 0.13122681909878214
0.83918959955062422 0.19956794009415943
0.41134809696189273 0.63298977131374445
0.66372405369814602 0.75997085150910548
0.19293224921924856 0.29321017456301063
0.48610797481476631 0.47203403964997936
0.79001416090347842 0.22708638384061999
0.59506445014247134 0.02561640178030002
0.05381358451718649 0.46751841384261067
0.24214226996910168 0.24676320833310561
0.29083586373871184 0.49562665517694759
0.61450484938289673 0.77131508937700111
0.77473648751354962 0.09754003108221683
0.83123882506925684 0.28578053336172587
0.31541176388997610 0.24170847495726427
0.70034951928743672 0.59956627553179842
0.40190926391659054 0.46774138389921982
0.72064195705694900 0.09006092362280896
0.82795906568479494 0.32640274583851486
0.48909655486970688 0.58485542658132206
0.30159888655917411 0.17188251700452684
0.30759088763333248 0.86265780715470641
0.46715420041078559 0.09165741937959074
0.33869679623641225 0.50899564055755619
0.82197337085758748 0.49451137355237818
0.74829483316389511 0.26044073081103086
0.63857013545016750 0.56908803443601130
0.67728549716998077 0.40963641721975491
0.54818586587638252 0.83342015461680097
0.69230066624852360 0.35424467161702822
0.73776204640432308 0.47468949642460684
0.29746768296701981 0.84728532023244618
0.31254346325493410 0.71318719028493005
0.33937272337423968 0.53620406450603175
0.06923557498520085 0.79465908857990364
0.55709714708520297 0.47081296000246847
0.20095771115032518 0.33091732156475695
0.59310625227243097 0.03270070718880001
0.24874441851414092 0.80182241924566300
0.84170197053010010 0.30605223709147589
0.27484415449612271 0.59087578302291432
0.22358542701955161 0.69159153028573861
0.46372393731945727 0.32047932168005355
0.64461321606214450 0.06221963445659512
0.41571350055875034 0.92692114378968160
0.10247936189697966 0.48942453504725048
0.54246323475583236 0.07139733025337357
0.87491499252425076 0.46131881089455173
0.24585756167709097 0.89191825242921874
0.22875398713324654 0.55283368635407737
0.61873987383912077 0.25636910597884799
0.29719152691915640 0.12328806396698688
0.66325541653822306 0.75484922990206182
0.65389148014849585 0.44170147722554087
0.35859634780940852 0.89695085323753654
0.44445714108727091 0.06124107871335727
0.73222371484182769 0.31585559466809437
0.72730786790260149 0.26826283998230199
0.03767563581233528 0.74145120917931551
0.78061931583319399 0.48138433626100924
0.70508404807881875 0.20831630019659300
0.62982964943855835 0.24164977267225399
0.33261883626524519 0.40952687229185647
0.47075659460280311 0.53362851896248931
0.59958168975451864 0.74037312008884526
0.66382049797735743 0.62635018724441360
0.66140195671478419 0.31895662851921708
0.65546436309467371 0.04106340081307251
0.46818499148983234 0.46154803244392012
0.11169711409205212 0.40185543550078140
0.10540063179766740 0.59041924414460967
0.65204656203736511 0.66707071239169602
0.69686631266718446 0.71650236039424076
0.25273040417957993 0.73178328858926600
0.48235505403299800 0.81495354354482252
0.70400637145926837 0.66360289757863200
0.41852474477076490 0.79780371708217479
0.68101830885716974 0.77665180065565509
0.59995199740993688 0.31798417575921367
0.15944714084960751 0.28593592047105820
0.61512884463972628 0.08795873720619263
0.43745556687132797 0.72578801834757267
0.59497641087406095 0.17850371524500153
0.28940725812483070 0.25910708482901457
0.78640825965907823 0.55926911947075619
0.76310634321651316 0.17568142749268428
0.61155744904063036 0.61215022610170666
0.60730890868500320 0.04808876490023166
0.72468456841690576 0.09913406468235930
0.33968929861972691 0.49407650165914530
0.18857107951280233 0.41900977302130171
0.26140403431016579 0.60678269735855028
0.54955116708101948 0.69199096890432088
0.49251207141670483 0.85681245294492436
0.83691467191092872 0.33350924472454602
0.65424628518442618 0.51032420350568153
0.61631237722723631 0.77645229973024499
0.04361887927952037 0.74877085068391880
0.58076514666688672 0.73459593643865151
0.84445402059546149 0.34432468225842239
0.43222715516141652 0.76013432310683748
0.73394401567225065 0.26626198174815585
0.60114181125918897 0.30409480638191344
0.07644272959502331 0.70468294440786405
0.21089376199850324 0.58898757156729797
0.26611334606754961 0.27627162598158406
0.43933927270050549 0.71682802723339212
0.56841861758091405 0.47904588765982459
0.56268141980709052 0.48353612545782310
0.62523971867550165 0.71818486977035101
0.66081781942375384 0.07866334666767413
0.57392928884127659 0.40786685144472906
0.19067644405866047 0.30770544766784730
0.66092708310808146 0.51221267467732501
0.86334943573995859 0.34611652488195765
0.17868271274970188 0.57062386574024837
0.65304978245964840 0.04994399819356425
0.11276077027026724 0.92734987627293752
0.78416418053568104 0.55447734569681373
0.68967255739856981 0.02953716543404080
0.20523440869026610 0.79271747055951802
0.22094031931583433 0.65026312589185709
0.34167611481811705 0.27943585739030591
0.83010638948854065 0.25287530464626773
0.19174905105502860 0.72364601396189665
0.69127326912008213 0.72891448639353251
0.70910905260880042 0.23184084092946700
0.27969526055317351 0.74869184300402902
0.64034706681323073 0.81202028723337916
0.41072489101777904 0.09560998829291593
0.81610082598884182 0.33000283137345859
0.49196102891017929 0.92366020148052164
0.51993519820853795 0.62699014229177741
0.55705365310709620 0.85813062633795612
0.78681944755218503 0.40801374778121430
0.47548377907680267 0.24432634782218246
0.79545329204880111 0.30241633357352882
0.39663153347451752 0.69978236692029350
0.34927894941935050 0.18341150824129202
0.60992727020232451 0.66738072298256523
0.63146516369613748 0.42658252154748905
0.47568118649510321 0.62212184408453575
0.41128647968641502 0.46694056226844577
0.14767669612359985 0.36674529201709882
0.67649255624331783 0.31905484378659643
0.46314918748710748 0.14012700964707719
0.73953429787689284 0.48688205454820804
0.54936783491769059 0.72424451583918825
0.40639257597825285 0.17636491237326549
0.55221242098808065 0.57072296582064896
0.25610050755733516 0.28685114489768299
0.02319775470041874 0.59786512303514072
0.47255639016934564 0.45547811583486375
0.71434161133922536 0.22718288214033960
0.12682966168828744 0.79886019823706589
0.55681706188942903 0.03759534741379338
0.14488946056422683 0.45079286112397532
0.24359374439323658 0.46539264431390631
0.73758390146308161 0.05294997482819393
0.12304069501813800 0.72861264890498700
0.60599106347176868 0.21982995053485607
0.18240245957298534 0.24444660950449681
0.24391489539103778 0.16296616726385826
0.36224739707561798 0.42948907484755228
0.60932564747029550 0.45889793301073956
0.54022591137422393 0.01712576629647691
0.59112808445468745 0.06809984407982070
0.02687191347307243 0.74204476117720908
0.47119818378073003 0.80666374122404605
0.32455464221614966 0.19077260404881788
0.79733565496423620 0.19980561797653038
0.46577490059963123 0.13416608829944235
0.17173954899782073 0.92723524405565816
0.66284472607817635 0.63840182554866953
0.12177123240001594 0.78261312353589119
0.71667930822103443 0.21521440612707568
0.52680673881062523 0.67001193243968837
0.47378328261217123 0.85538148089473631
0.48363119643577390 0.73201469027366473
0.55596357215663350 0.25646218027934725
0.23807645798702665 0.89918280131503003
0.22071690698608395 0.80832683812235917
0.55635619474621645 0.58522568923756557
0.74532864192907533 0.10040628847547096
0.44978682054966518 0.72616967444546632
0.39013369903372053 0.67421022946944287
0.66346432526891586 0.06990926609159928
0.40076549150921464 0.22828621202308974
0.01842966192817263 0.61840247569361584
0.53057801607790300 0.83699700067287697
0.62736774915449334 0.64953588287908515
0.59905517917310025 0.87639699729465781
0.45153245625043426 0.77567027960213630
0.49736598162832124 0.70686941547076088
0.41421187273995430 0.10069496103085969
0.33468377601917343 0.27648478188270353
0.74995859846037649 0.14233535857991961
0.46923799723051712 0.83272958521092699
0.08294827630843052 0.76690345012439687
0.38983371026927088 0.86473976515703765
0.10450143259455190 0.87898608596355832
0.41445453669387339 0.61242633282250925
0.73193574040585374 0.69519633650185131
0.66101079779501359 0.25767377740043385
0.60375503608083048 0.72354628269401944
0.53917557500683833 0.74313405623661810
0.38113423072805458 0.12858313513153813
0.36614603084753716 0.12095594143211812
0.55328837996772928 0.82225085052636249
0.54455084665929310 0.32699685651960975
0.23950184505001443 0.75072477681199801
0.11450644241818042 0.73767689372857681
0.50057051293498378 0.79237667513433097
0.26987291491815407 0.19629423032168750
0.07233061441556037 0.69744051375264970
0.63605303486648224 0.04985235660883040
0.74830410965712990 0.46860333798212755
0.22875528076328397 0.45632437803509990
0.43030731966659480 0.82769976052099514
0.03084862964077690 0.56563380145012809
0.41746474153662366 0.33772950515707612
0.50945023381881616 0.35325422923606842
0.52348822589219290 0.76635562276794156
0.52439281703487128 0.87276578604715804
0.39002404328544199 0.34020756190252904
0.25141750938458618 0.66861650672738271
0.65260297194139449 0.79379983278855271
0.74845500881234717 0.70307796762573171
0.77422143973688662 0.34323457518520006
0.13038946199360402 0.51929751575353389
0.54098625536805234 0.13663155126079141
0.24993544804526482 0.90252069593459505
0.40575637444303697 0.37042164640627506
0.24279851106523212 0.55904952574824363
0.77462646890064624 0.23176269625775930
0.25299615362847777 0.92946882571490330
0.81523936668780139 0.24897869045810234
0.44668174771390345 0.24604909141819936
0.53866864012806392 0.32226224080878046
0.53731824926123584 0.11800551907786454
0.23775643639727287 0.72652405300809320
0.77819136299244396 0.14735246326789270
0.13007559754196335 0.91108216168441025
0.68446614474509460 0.55946679802044763
0.73274506390654159 0.13577066112904107
0.13028243756582783 0.56270957004350663
0.25371884519156024 0.40216007823285488
0.81444254990780018 0.54678583546971293
0.63386284783430613 0.04503330710277494
0.45775261500077358 0.42739272768733311
0.56355827847108741 0.04491823494012603
0.38549042258052718 0.47941930149641437
0.34163316028849233 0.66819224101094132
0.48636320385288845 0.69990110027910735
0.01064718931182420 0.55026312986625581
0.53455105191224350 0.66601263279544498
0.76749152221436800 0.52296787038114401
0.29758922326993548 0.36648040051852931
0.45760313270426195 0.41910588316686659
0.66415628398796556 0.74087737166759049
0.22913890889854494 0.27865064058499067
0.79564255856431987 0.39342902804346336
0.75260568188175747 0.12006968360552005
0.05902718924457105 0.60622457958553300
0.32587995743933496 0.88727602456520616
0.69276688277591347 0.60983076243137369
0.31065827539399221 0.84679182164753708
0.43133460586760330 0.69472649152266885
0.32141707721590651 0.52930317640037583
0.25878381277976492 0.37824728323428120
0.65351986408310325 0.17282195794831812
0.24967593689145026 0.55985502896992390
0.07227318188056214 0.58128615324724475
0.39235479954253033 0.38691227405958012
0.18766107321011388 0.53211604688074099
0.87458599617834176 0.39399179911640536
0.69703139529582425 0.69114161105977034
0.82018993749299574 0.50183711462949088
0.10317666668130368 0.34010673708211686
0.47730315556815500 0.63522473502776877
0.08886244031804980 0.43696377872400899
0.78558984841020463 0.25440533736407389
0.48454048677544481 0.84522135304880130
0.37763615988306076 0.19399858609693860
0.72178656114861162 0.39184739412215580
0.09933579985178083 0.51756128723056127
0.48678805917443729 0.22726228722197911
0.40880517808818329 0.13963946586911261
0.19456943735089585 0.86380119624359841
0.38771921076184024 0.44255117585543324
0.60036270255274571 0.29042520017640672
0.55301151626358402 0.22355246037566223
0.68245199734892581 0.75771135233306064
0.52188685320818284 0.56408244070373303
0.25501837201525851 0.32816310539590576
0.24880620017337904 0.13972480823355557
0.29268727158720409 0.14468858984197094
0.51712633189090684 0.40019612015200740
0.68128781139643235 0.17468832735585479
0.64693242306379739 0.80357388387529305
0.17601958797913544 0.32903162254915808
0.64900710401726835 0.17791744180533015
0.10812594489988843 0.34266534432622153
0.61276899414190633 0.66105615223029213
0.46837644440941112 0.05165859518105820
0.08598792266733206 0.62785538500555349
0.78438121113996695 0.11689669354633410
0.35262851754764074 0.15265032252254182
0.50207290955255268 0.62457035259201121
0.17617946547503538 0.31895562838780805
0.79290248404838570 0.15797678746569360
0.28300213114746475 0.49733379063248961
0.32784315829819716 0.96280265552885536
0.62282079046564365 0.50176523496586045
0.42284727417179480 0.19861198338160149
0.60988212980619394 0.33526128819382855
0.68613962165789144 0.32996307437105737
0.55451743099764794 0.84746619022742564
0.30488586069125156 0.71083301566871981
0.60073982838768580 0.08938084561481523
0.68632843993938286 0.74741382731257344
0.19414019587685691 0.40761337218632693
0.15503023814395264 0.44262283275766079
0.50491070709993424 0.57772439943507248
0.57416740893420581 0.42222919876546200
0.57571886418929941 0.76193563126640984
0.05961377731582798 0.89226749236448621
0.39169308085179971 0.46282867970387670
0.26071687574109492 0.79348198781192403
0.64688933784176694 0.27124733090073516
0.10390179179191185 0.37392237854861415
0.45043711082081844 0.34999480377932790
0.33539349417707748 0.52281654812380118
0.47680514885786440 0.43956259744876941
0.33894058870819010 0.78563093877561807
0.70471951367715624 0.16443228252375064
0.45294346146204412 0.53924957632999415
0.57254711853396811 0.83879957356054047
0.15802300401516844 0.56673949434103588
0.79048140314902782 0.50616956058082130
0.05576274029711881 0.87122006694170329
0.60235584810518228 0.51927328743970202
0.01432224761534851 0.68551173039331870
0.63741064244578749 0.54182397011070882
0.15182861812608706 0.88734911429294283
0.06255489057726743 0.73219148821053925
0.72210385388843068 0.10823654409438896
0.36480851046624191 0.12540135191108190
0.62693854324334652 0.15251030370097154
0.77132902675149162 0.04672558130935280
0.40042783470164789 0.13785124236978361
0.52819437919029266 0.69628314759879428
0.03763125341123919 0.54628208387913335
0.42426169336504321 0.07609118947169073
0.31217127693276669 0.17026548226502428
0.48452849404015402 0.10015289871694112
0.38226540627611377 0.37542229283989093
0.50502887106175820 0.25259813496220662
0.22233096006432346 0.85989398020576946
0.07827030528988477 0.82132348070870409
0.11791300330296514 0.68889945647234474
0.26167863362880645 0.95124200483711441
0.35839305338732286 0.32242287004665132
0.73104893120689884 0.10247190357906119
0.25491731303678350 0.31492427403868939
0.48073373961489962 0.74468332473687826
0.08972306704676497 0.49871362101807049
0.20646362158966033 0.76718841519784808
0.31410023900436368 0.56017545089957299
0.36927742697552401 0.76117589971239852
0.21885306018251777 0.75189495757006719
0.57996018392216453 0.75743581253826830
0.01031422529515701 0.66509132060831555
0.85649020900467643 0.37200342600604769
0.29820698750080377 0.91755634032734312
0.70987346037984933 0.57677270150264137
0.44623975330037702 0.85833814318905655
0.06620094860006773 0.82331910235185379
0.20022369557374750 0.24992029010565708
0.33987205033197593 0.30979470647964996
0.11347081859353104 0.35202715930179629
0.67381244144513708 0.70224336718051639
0.81633945558705123 0.51464253433598306
0.14028235754316934 0.35169200537632672
0.37421734561753628 0.21248475014721099
0.83589932511088838 0.51544222648086513
0.35156391850744356 0.51554950402341038
0.54579609108528304 0.45419993091638550
0.63165358380284775 0.79163118466926941
0.81335592823769853 0.31425018847256581
0.68676413257417446 0.49156461386292011
0.16616279679454601 0.45978231950368881
0.81143754631495402 0.36463039533189628
0.15949029640444543 0.79497782333001576
0.04468674095935715 0.82257154090799445
0.21498035831804505 0.49904264375146035
0.58889127790959039 0.27562169585467478
0.40046570351588079 0.30270892892354095
0.17490422337478120 0.87486574435132913
0.61742670123961296 0.73324073906861997
0.62689970127786754 0.66943847417183600
0.37121980886139294 0.73848848599868666
0.33674099669772012 0.63381521833716559
0.80950963085299377 0.25011611119962768
0.79346563571076456 0.34229724587514804
0.50354359633229384 0.03060786101968269
0.14521392964351659 0.61292352782303849
0.37907680173634473 0.53756319614470727
0.05969300343072580 0.54373790425454382
0.48531236801042016 0.07989096891787048
0.13727807621346652 0.75158801596090707
0.67713020505691757 0.02505408074617789
0.32910701551403571 0.98334781684819517
0.45122410194157175 0.86138307607254150
0.28357849510149735 0.61741190083242281
0.56538725574325432 0.62884226254250075
0.43129955727350261 0.27454289485561589
0.73822309624245530 0.14653052818541154
0.60906293122528410 0.32780402291687050
0.38904539340429911 0.71831153095934175
0.77743913932318731 0.53093558353819092
0.10649441094176411 0.86196959277121321
0.72489867015665621 0.43953386565496660
0.73699111184017585 0.68772154481037262
0.58866382131925366 0.34378119800537893
0.15677973179572752 0.35354376321590908
0.61914375678059019 0.49520620889614825
0.28361677736619056 0.36209898204828478
0.35448414319707494 0.43095684503006942
0.06797458383757661 0.82914959533812926
0.35281020922731776 0.64078105671463370
0.58119913160253456 0.74145556444852845
0.49250939743403244 0.29486637078957523
0.72537431300245048 0.59887240212442638
0.06246054574699725 0.73685888343500416
0.68836987469420730 0.09132142364403852
0.04560108634510409 0.45317988921164554
0.41424002090203105 0.53595877391934343
0.68340995081697253 0.24113390498879086
0.12649847858095190 0.32905312909138412
0.77328624881838670 0.16377598802637469
0.46522169556504428 0.33513123539571887
0.05600699805704551 0.62982804888372845
0.31772471275007907 0.12067467165512834
0.79180606353008653 0.47980233745782425
0.40963819670201784 0.19698738447328448
0.07556850376873667 0.47461930064988422
0.10062072388400881 0.75619231407983134
0.47775456502482117 0.04495038521701623
0.08510777858557153 0.49964893933165389
0.62524088900096753 0.28836911322444986
0.64949640163098077 0.48422283956526724
0.60921339086022608 0.18049883792538665
0.78401015567327348 0.45331353153692422
0.27807465635758161 0.69667488598229599
0.83580055867034153 0.42276774868869599
0.81315934696207104 0.55919191739692109
0.50824263702160821 0.38795856790707756
0.77896617526000544 0.59494459989113702
0.47907976251597867 0.76351153162772900
0.43400675753395351 0.43439665397824673
0.72439795851851863 0.11340138464469164
0.31250858867939885 0.11812591618848939
0.05577458571451073 0.80227879636844968
0.59870711591741943 0.16992094164907365
0.14144597045329982 0.92441714480910064
0.23031719697330161 0.69107958178305151
0.51598940559101525 0.63317589957875853
0.55617125873513618 0.23574452383767497
0.35831626094342511 0.82461770822170366
0.70750376973760976 0.06857431374585234
0.57851505348891619 0.01264882684009230
0.73972035103196998 0.58513596490899056
0.20765617709176640 0.59645027286290198
0.33935689866751223 0.23246851059205903
0.22975983700127359 0.34015504248873280
0.30779529301881775 0.96685507959193984
0.41369145622004527 0.39436966987418687
0.72253010512927385 0.57953680913739947
0.47759079518353942 0.05692741670605966
0.51542090542963204 0.88855209697022963
0.43444054715036629 0.52289206809528954
0.57771138792456145 0.83962245046449746
0.23510577966395849 0.80333948906098429
0.74161423711855734 0.38676382492759165
0.62297405654655524 0.74826333879386941
0.49005256177676026 0.70632999869977153
0.34408693918374073 0.82499998529077934
0.77721705337898761 0.67825739743222735
0.08648894305163529 0.65425282712093413
0.49056469407934539 0.40810665034817156
0.20073174965006149 0.83958051384330645
0.78098278759214623 0.57552278299939430
0.75998498255999603 0.19940054476903901
0.03479175691697496 0.72023927880385608
0.28098143071150772 0.29289414007947151
0.46508246124858260 0.34993616762801283
0.48320483332657699 0.08404464770681508
0.75364258979600862 0.55487769793237374
0.78701456597576858 0.29280300702493506
0.53806391439590795 0.45547571566450151
0.25892733045797589 0.80632478239957117
0.47218937866377120 0.10759882602638630
0.64785896255664865 0.30386546029067540
0.43785760564157711 0.67851548521994931
0.57529983466390366 0.09240968088457278
0.72832219310283797 0.38184624816103968
0.79645552640377126 0.30832318566479372
0.59487701790109115 0.64823966563011293
0.50563760863701801 0.82559728212454786
0.04078984005193542 0.60786450543191628
0.70102973812350622 0.09911411589096426
0.65325607045323764 0.65160977283554666
0.77026444051660037 0.10108305887284946
0.77897488727963982 0.20013109614539812
0.40754039884524218 0.87214898169918975
0.56723453505354382 0.78319579600181632
0.44754941380793767 0.18336923127812935
0.50076408863822763 0.85076859136117766
0.61655850247787780 0.31548483162636781
0.20529511336825720 0.27124005625349823
0.15065031574679438 0.34965180333158663
0.35165382522081984 0.68029538196873574
0.38506778849936973 0.49741625538679368
0.22672689075483649 0.21088510833577143
0.04533060758024318 0.59739317391314239
0.54293997683037964 0.46896383808935665
0.79818345530301693 0.36371264464643999
0.59219373960004706 0.17172397106445469
0.62580134670117926 0.04107877595517214
0.04045224981663635 0.43724885602490776
0.73587493699905426 0.18765540261535829
0.58976561287779439 0.56654523692249803
0.57596861134736965 0.08176757376484393
0.25219269218857238 0.29320555347136185
0.15998884083373013 0.59928025693804088
0.79570616702185204 0.32049869804078635
0.58417340389149730 0.04306919804176152
0.55506764186612767 0.29264806757733414
0.46087147788461080 0.60983955493314035
0.11064278999651093 0.83387363269087189
0.70065670442717554 0.63792362072238906
0.33591320692248905 0.15503731570823728
0.45346899522088463 0.60978687365736506
0.55965246758042109 0.42315622310878181
0.20313923045212634 0.56581524260212168
0.76381220046974785 0.58271833212497315
0.24241092368279174 0.65954331777886810
0.60628321407942398 0.79461392396097708
0.64194182413943623 0.69323965564818757
0.11685296196400959 0.87302426199089656
0.03252232568284305 0.47614822940805512
0.14788673454845949 0.31954823215532807
0.83688948911239913 0.40502656937670684
0.39546989766895624 0.21480221888309284
0.59191556127789913 0.21947571825780499
0.50130020647001461 0.06148010245004228
0.55788894252302978 0.83355538108211058
0.81273915588594969 0.47745970873592775
0.07215547735285271 0.60742021296809612
0.13950157891923257 0.69523839147197197
0.44398244867111214 0.39431077448291690
0.31380165510237901 0.92579950285133517
0.65150786946925687 0.60426154448352876
0.38386812810012838 0.76228590138644259
0.46429311918681665 0.75689655970871816
0.51109512699122661 0.06715081049422700
0.73239598240096182 0.28863142433418759
0.65442119697914625 0.15991655271719396
0.51226217837771926 0.61492798799836701
0.71573781762371824 0.23459885995618548
0.72842242111937028 0.38896026447103399
0.76633275948275636 0.35987963598401357
0.15024849726397560 0.47043439358820133
0.44748034887511290 0.16843319697023759
0.10225222444951819 0.76153705296804619
0.75086336893055128 0.54855495396630194
0.35841167396549073 0.19316773376922364
0.02294512901698748 0.51278474679701291
0.74461596807863506 0.11027237937815329
0.83457204261445739 0.37176667416035830
0.53066410810424169 0.20754513127913993
0.76245789743347481 0.28774077874640214
0.17491708063902836 0.84041178641124215
0.61814325498563616 0.14242434423598968
0.13531173540838298 0.38276194124330376
0.67678051241078552 0.48380330875756350
0.47821167169460121 0.49780074140268105
0.54451169226123519 0.04742640833247923
0.62818742555612883 0.56011680141976117
0.18604664852359615 0.85333194045572891
0.13164569098949372 0.59829990961315838
0.79760494347632449 0.49945848954801891
0.70230304932853593 0.49589392030714463
0.62936528208245390 0.26196629854387826
0.62388880536196523 0.81071823828052381
0.20323997973387298 0.39640052946161025
0.82217763977172409 0.42094624485023052
0.39323712266563038 0.93732296963854678
0.47606920668119834 0.46416539588184158
0.14666643511189695 0.59745884174783515
0.33743679610022015 0.51632836214004096
0.11664713469017264 0.77926949102774956
0.18189957227131875 0.94223044317130700
0.27664484240196829 0.97927153309664583
0.69410844954399376 0.59731838251143377
0.69985828280473539 0.32158445402334657
0.51596092604062971 0.07978930010021294
0.35400861731249306 0.46411002493150694
0.27347788652720673 0.17289066451599586
0.10096414019594158 0.90372107879249874
0.36172785596095652 0.88825193938813829
0.47766962240077249 0.64637036519545010
0.50089434537170896 0.77929623542891568
0.37479876632457676 0.23868490399831108
0.01578632283698803 0.73331275155760722
0.85396772913979491 0.49956238048164703
0.01946359434126715 0.71790711011272579
0.28455312066545990 0.84377961034993820
0.58591683414599249 0.05656885139981403
0.07179833523858468 0.68561476090806772
0.71783278627820069 0.67298710013780749
0.49927850538952068 0.67315436548711993
0.14020983849761728 0.32561470460286057
0.28394943827302643 0.17042616967558491
0.48191223479560902 0.82133983984466996
0.41686733172862683 0.59019502527072332
0.45975710809632458 0.08096621624119640
0.26400718806818713 0.84499198347647020
0.79035162906416134 0.24117466063275797
0.84993343938530397 0.17738584472221156
0.16263068293315899 0.89475153859224177
0.04269122936447819 0.63204286353150319
0.03436495376966413 0.59903400266666984
0.19252554095322361 0.49081164642759906
0.64522001964365461 0.28455959346932064
0.63724794516927341 0.77778281325708032
0.54845802056753012 0.75881034086202437
0.39397566160384989 0.51817564987301723
0.49618932419327660 0.58456513622552109
0.18701730976772418 0.36454930345249698
0.67966102031513043 0.72454079263829319
0.14373095686436291 0.56749869102009809
0.55444937377284909 0.26378965984790598
0.48408529258621658 0.85977987234348652
0.19072223722009962 0.91760819174661690
0.15304532192315540 0.33179365079929846
0.44953010140570060 0.85298415796242333
0.78258414421757305 0.46005417010647531
0.46615293138839325 0.09962903382470516
0.79676440160327344 0.35285315091283609
0.60282728913832229 0.82226915904935116
0.25472613436655595 0.18622913281486453
0.20229797972321592 0.30837828055388472
0.23557737237686771 0.32886670884667485
0.51165210167231590 0.11963400791142129
0.26773583588089611 0.20409447085392504
0.48779674914198540 0.12990122470932497
0.28953342026963474 0.94368284865602514
0.57449006321265661 0.73299923797310385
0.70692260581659006 0.60032951630962716
0.17631348118946627 0.20199500832832468
0.44099409938635054 0.90500393345498020
0.19675690115356800 0.42093046686547508
0.28493539272011786 0.53466618410165268
0.03630879706756141 0.58921573585586284
0.20570425333001005 0.86966920313760165
0.06175216137273493 0.85242628991283154
0.46155060688391814 0.30616713546549318
0.20987032978327624 0.85672953831914533
0.75737599183650839 0.50202994615667307
0.64514315577074755 0.73783979728941873
0.27535785481257546 0.15168704004373598
0.80217578185844551 0.53545920528183111
0.27764104629623443 0.12797433879871473
0.49608473670877845 0.35173146738803485
0.70887807788277901 0.67858666339687701
0.39398016789377693 0.15499560470298313
0.03722859256827374 0.62374282272977288
0.05684241569828089 0.70191886427119998
0.29074600042527515 0.75916598883400643
0.63561462302374805 0.13293399797874292
0.58022198752066501 0.31258248836922808
0.60208397939601066 0.42362993910931274
0.26415661801678469 0.42736009271907843
0.43945109108304625 0.08818518589692552
0.06082534822874221 0.75369152516074878
0.51371583687998867 0.88241297871884417
0.26751586429095714 0.62408584510853038
0.81679104864072138 0.48082866711040378
0.15695538979049242 0.50117443374684723
0.36568580080789970 0.78650383699909254
0.48955904183956994 0.30856764880563653
0.31802581067406410 0.32858077551036491
0.32935354487513552 0.51795004294668301
0.67874300486499883 0.18162859917294094
0.58512000108001661 0.86148393181734373
0.63421336578539811 0.46098014625903716
0.70698374004054720 0.77061440362109623
0.60340922964479637 0.53945763956505188
0.68657911311281317 0.60675878799139704
0.63147003974482263 0.06741708788134013
0.59365039512485207 0.14322789566648397
0.37349293882839474 0.44638492890256060
0.63600807688043293 0.45170290934109597
0.02223631596271533 0.69706023716156429
0.70454091106377936 0.19928174670171836
0.69510317658494547 0.04289203645615773
0.67438017822927210 0.61882663499524793
0.64409804501116630 0.18437164496650355
0.59958226808101811 0.67424924987134538
0.75843260388397449 0.26939255862984868
0.76900844310557570 0.29874979860831341
0.21081235141393229 0.95174860741993150
0.74426491843321807 0.58830388430712577
0.53166194931796984 0.16348278531418831
0.60387161655470256 0.75836046091184295
0.67260398653928888 0.10408369883862689
0.43282981518463798 0.11401350824715656
0.50044404888785976 0.77292047986838908
0.50043789765534619 0.12380997871743479
0.20533932673721300 0.30354690210049162
0.81048760768423711 0.48251268467887332
0.56899408506620197 0.73781792388977063
0.14759109909171647 0.74251241936245060
0.51865164065467761 0.43220394080875452
0.68375748251372692 0.23423482245177607
0.78408102299379223 0.54553425733871086
0.14032775908830647 0.37973129278895984
0.68682032905808421 0.19446513764982573
0.70596786942358181 0.44314686897283595
0.07635925571731265 0.88786015765810211
0.70221918521212634 0.08337299665450001
0.36954311959622960 0.68645039595651214
0.77235523639966031 0.57939738418497500
0.59654960258676637 0.83002595908876942
0.87428857206959287 0.38379570589070677
0.84341307447850677 0.39260807182776991
0.69501541170520309 0.64100617094394163
0.68351481713646489 0.05487932171696532
0.59660374645099379 0.47989129626829907
0.16715308291362291 0.71373511003406132
0.65982243095340953 0.23728370859855108
0.07978082956223966 0.85622305421741196
0.52793793021499369 0.66340517106671948
0.09233169689214236 0.32271097225105266
0.22600644630680397 0.74122749606094662
0.17270630631243700 0.59505344624104561
0.22931072043428471 0.24182430533191004
0.64404221602636025 0.11006215916666706
0.60236091767798638 0.18284980021538622
0.06034067315257293 0.77285782832374961
0.51490315588253821 0.46732598592071728
0.17247413885170082 0.76561348916498373
0.37301259865309472 0.35584666104330059
0.59944628431828395 0.64371359455684762
0.56633041936868467 0.03075690025484796
0.49651861185552915 0.04767999673229792
0.57621272998614503 0.35326069592780812
0.27802786709593735 0.18473211960365607
0.35740895248928467 0.95412110238231340
0.61877956185532001 0.71619013475056370
0.74425963285362551 0.28068623158641076
0.69963445352882581 0.64459069855260798
0.80850734236050159 0.47431295468382639
0.09419984155669427 0.71851336859072212
0.47881952127942284 0.10020438948811594
0.13857937222840119 0.45078415751925166
0.11356559061612069 0.83840393826782689
0.65863828033580829 0.43682405329738822
0.18553183470185947 0.31754864211490746
0.71167663674207493 0.21961090973263767
0.78333567493724410 0.12350807041428524
0.51051337215695058 0.49451084591138894
0.62006315873805262 0.08592091538446989
0.20965826404195376 0.23603705819520254
0.59326084334963580 0.78613162738869913
0.31729457817427870 0.84541486772881791
0.39246605690464376 0.12103848245011885
0.66024770870632887 0.71510629687969407
0.22854484481361328 0.50203913767071662
0.51800534847323820 0.14335790756938435
0.48910684697594936 0.03634172441822350
0.54294927954301464 0.51101803494952303
0.55134578750052698 0.62651062591267970
0.80044184048071998 0.17193631221602598
0.66296480484213949 0.13301968108506926
0.09235186252095172 0.88440406356500290
0.07375609783120990 0.75789054550349400
0.36237115116475727 0.11700572761855725
0.59615120895735474 0.20485657695528969
0.46890762827520843 0.68836902901904862
0.31715090623336650 0.14203109419418494
0.72615315151144244 0.48722766452985455
0.14799792437117268 0.61911922820776966
0.47404678503989101 0.41233662039530811
0.26976862657853989 0.52274527476811139
0.66092262470131946 0.53541830515558264
0.57912682276720129 0.32095000310870136
0.75881800114517428 0.65047726062261135
0.26206933896048057 0.52359138655080750
0.56680363351442642 0.79523199979505887
0.29288211601213437 0.21764375459977667
0.35798498138835350 0.24859982765161501
0.35353925609774395 0.71706104994875686
0.78839049523872418 0.52971549283639241
0.22860090716494277 0.35469326560461578
0.84826006410123012 0.23458587747688822
0.63950101784225444 0.30385630027355853
0.17208000132808704 0.43228235214560057
0.49549412675083776 0.65929035119922985
0.10086134947868297 0.81999930121405040
0.46841790784578652 0.12089793000509129
0.20687805052761568 0.27601169418552146
0.54624467619331962 0.57356880146273381
0.37225717527163693 0.41893755818918826
0.51468216195010608 0.05507939968538734
0.47056662230997270 0.07000685986830414
0.83601680989462734 0.16539718741810305
0.07642934289680087 0.65645068330827394
0.70132684220079478 0.12493220825317009
0.70467681345791711 0.61792780606300224
0.23881557569523432 0.28044055030220999
0.57770132477795566 0.02358355594817279
0.82265381594007447 0.40595418949923917
0.18212223644192987 0.58395384216688240
0.35339986742017993 0.94281390154394962
0.71674167047766768 0.50523304582628370
0.41882699220144426 0.15331988718783868
0.79050840128382083 0.11453979556143044
0.71492399901578751 0.18112306177305784
0.53198160611299516 0.27746392436114098
0.27490810463323245 0.33481405242015877
0.52259960387306303 0.69042816786708094
0.65361495315621698 0.36834983748127903
0.13554842331466652 0.66350114169372898
0.07736470968833163 0.66141828401712155
0.15402173141695372 0.91478139939874703
0.84233447094336777 0.24020807201109376
0.42744054341019461 0.91479226391340440
0.65922388070875126 0.56171073511705638
0.46775926961371189 0.89364112217611724
0.30990167706039973 0.22268503863357200
0.26539295126247919 0.78441604577761470
0.37668088506443337 0.60643494496571415
0.25368647719343296 0.63344646501622159
0.55857274302865778 0.43604992207874754
0.54342104635402888 0.12350775666874841
0.66612962248367347 0.63318359023614867
0.67260047412531432 0.47062814765418554
0.04864547853054731 0.72985868522748365
0.10574318909737318 0.77228633884933828
0.06074181329434453 0.75878779591005430
0.56622752288486211 0.63632366969263210
0.65367122495055230 0.47887802177871486
0.67300432093343243 0.75250941586671738
0.81140994896858720 0.20866140130481406
0.05158908964598591 0.61707641717161510
0.29458982284572022 0.17756176997563078
0.31251664514964411 0.94254004011175907
0.20419863652074116 0.44038698290583511
0.21923485043775198 0.27296644769322664
0.08905570307410517 0.33774243531425524
0.68340730850365750 0.09006303885464882
0.58160253989835797 0.18104395586845193
0.27006395630409158 0.71822937509946549
0.64827388467387104 0.75589333959905936
0.75850854397003786 0.22235935340110174
0.36364407020197148 0.87614539337953512
0.21498713126949912 0.70713633647479290
0.76280924750382151 0.45999533208142435
0.73478441336736289 0.32203015791880735
0.46492714596912155 0.37200765191719859
0.53905605770645293 0.21669890618725032
0.16627604721602832 0.77084274064940383
0.35216603308851191 0.25372297979449576
0.66335688483495370 0.34719275225376312
0.26093152683644438 0.23273107035057972
0.50434924606542930 0.83938094627849325
0.12339011420100307 0.79407637454825442
0.62784167038904404 0.73177913742941614
0.71529565276690554 0.26673761254190242
0.59418666335271653 0.30603813449344869
0.37925807511181381 0.32072799592894136
0.76927327298179238 0.19165901246119671
0.34648287252547261 0.71231775401452346
0.61013483618853770 0.68293750161264799
0.23259156643135764 0.58630434760829941
0.06772336315678056 0.49924978026156303
0.64965536221230624 0.16456989033518729
0.28503675746592844 0.51014735481245810
0.74986254471775848 0.10999263595826744
0.45748970968285230 0.37066191794377595
0.22615939765945356 0.39591419503136133
0.35863139867936544 0.78589416492113584
0.35403124154151266 0.44810543158959248
0.04896483770560136 0.72468923221352410
0.62374472938632775 0.49003920066397383
0.12374003350875375 0.92192454513700728
0.42774853702897081 0.20886124822141072
0.35296570545122080 0.45591305209122229
0.27405168844529804 0.23227165957400203
0.50525862236520458 0.76810661387558909
0.66725666776255532 0.06484990648696839
0.39819863952896378 0.93291232429950866
0.39324244154869270 0.20632161166520113
0.46625704906363147 0.55488675392322617
0.69114997387572619 0.11899083225720884
0.85728145998959737 0.33261022862669992
0.10296476318797028 0.78841852043541727
0.20434047230654395 0.45990918606768816
0.32417410763831250 0.93802844508553207
0.55524377264857827 0.42897910973350190
0.74183721974700301 0.69774487243225691
0.44264323282384649 0.08440169583056029
0.19462137942211774 0.51185493264844439
0.67257890552142796 0.11917559399740728
0.30350657768737049 0.47864221432778825
0.06071409249901941 0.41405810688786815
0.03271795129605854 0.44559224622186627
0.77124636517313050 0.56413576418717237
0.19122107488395526 0.90827553991812027
0.82159539314044616 0.44017923950128829
0.44274032201907965 0.19671498722897060
0.22882294451942217 0.26164665067684112
0.48873450709399996 0.08312532338934848
0.72673566457773153 0.69654742830582850
0.27794257342357259 0.54833395876389368
0.32896106740434117 0.61324351236987529
0.58794147112345330 0.15208319157351247
0.72004294792367673 0.23990278621159633
0.24379036099731349 0.29100300273758462
0.50791254319992418 0.51248045281926546
0.51703455901553608 0.45274323971252850
0.27774142215545594 0.15701949960951259
0.16938448896501543 0.42615055447333400
0.70401340932506162 0.05307408347905850
0.25044276686797884 0.66168147459293181
0.59200308072314556 0.48665288103870141
0.10876843116508884 0.83812579282029975
0.08683926539722628 0.71498404474563770
0.03111531298612880 0.59281217952310328
0.59342727886965851 0.66156718451766627
0.81976945683057167 0.33421954375534857
0.07006231687712307 0.53388883579644442
0.05237962529649987 0.48211547816401279
0.83419981006334964 0.40980639510482941
0.55726136075653576 0.08009802008892052
0.35718272364569198 0.97900980748638333
0.17021418284957487 0.28557070122076517
0.04453450199831029 0.61090566975395266
0.06528038570472984 0.81266064594111653
0.10452589975097711 0.40837984653376375
0.13286229699337360 0.72001880833445919
0.19981349123119946 0.53300493667330462
0.11077288476405994 0.46655951239058624
0.56939808865972408 0.84347190468654598
0.12145959375254181 0.94301315807482977
0.78186548522507848 0.08681847001731059
0.18559479360098224 0.87942072167947849
0.44650019005294828 0.61096116637610487
0.45548067772603240 0.34338530044946741
0.11660497124470291 0.76702543122624789
0.74246256286125500 0.49344966504094412
0.10036200313275001 0.91082910597256872
0.43878845400613331 0.83642852110088228
0.53993622473691960 0.18855095178565159
0.31611919960879870 0.29466315982029939
0.07810738138639078 0.57518746662609532
0.49124088376659730 0.49269624516060451
0.64161414923413718 0.16495413991288266
0.37941777006109978 0.17511317850211400
0.30306515963776220 0.48588498970910338
0.49179655947829137 0.72568331140437736
0.23792242059673693 0.96347346979541648
0.69557108109280008 0.30803818788299620
0.41651734914014482 0.81301520582530351
0.52297946603374135 0.13124309431676395
0.32012623253444655 0.13259354874474319
0.54195121946922342 0.89210610020716807
0.32522360749065277 0.16134887368145648
0.69717760104593884 0.11683583222135281
0.72448450365312467 0.04416394086082050
0.08447663951354746 0.78514933630178363
0.07721442536924517 0.58008947501911501
0.70028005886953515 0.10493686752512038
0.22228813787201504 0.77434210573735129
0.76742881385740591 0.14013538661040487
0.59099812336613888 0.58739793025998932
0.73266505779772773 0.54452318191939264
0.17018783906128426 0.84581932800868509
0.26700404740220207 0.40420268415014038
0.37405928827183293 0.45365989158559833
0.50573071021966598 0.12740630587368265
0.77461744908150076 0.37211127360084661
0.31934485468760376 0.45547663590703119
0.63177371292138229 0.47681937086340548
0.33786510270126685 0.30175601328843382
0.16462093427551053 0.56950108946720646
0.07354108786422278 0.69282980090263324
0.16312565944850141 0.68829487463908845
0.09500080582104702 0.42001285057763682
0.54179511271370684 0.82419544105670828
0.15547776533189184 0.37479494058043777
0.51393657205657484 0.42663410738130847
0.18900374971032222 0.28105540714101573
0.62943087497152561 0.67503673021954813
0.19561687912811179 0.59969638210483278
0.07009575870232877 0.46237184020504690
0.71355025858232457 0.68551638681583682
0.35813756907195204 0.84458062450448157
0.37036310183929100 0.20636337393383941
0.31160653428856727 0.62214897422776783
0.57909862425432268 0.65833314462553882
0.13009087597122171 0.32380195054215638
0.50969671878386813 0.51953063029722890
0.38917566839204587 0.77503191285910566
0.25181626504051735 0.67607864236144388
0.43880710047506860 0.27794961486118802
0.19023229290111240 0.73787147130948960
0.42584273130916639 0.12083784550970796
0.69263541235215909 0.28445555442489057
0.28025837163974177 0.46874435263924258
0.12887930489563862 0.39670061964639530
0.74822534380413308 0.64923255771050492
0.21975086337953562 0.58070723492658283
0.19265843040719410 0.89607767839870089
0.20801926821050912 0.24419473798288074
0.18502663771376993 0.80352321122737513
0.44295403643376446 0.31734725834277605
0.26763118239201589 0.61684844572599107
0.23051591237859020 0.83880050387448257
0.71793118484020424 0.43703842361689482
0.11138208120463837 0.55976931003629482
0.04465644916014960 0.50122109057979058
0.55288007212594514 0.04186329844973186
0.51922708653526306 0.29330038562402111
0.79432916740907888 0.24655957987006208
0.86439737871645628 0.33101750650318801
0.45167881610007843 0.26279218395494491
0.30770241818640687 0.98659543527019222
0.06781028307793378 0.56063299409365075
0.09352451465256197 0.33175996751045467
0.69663891951163570 0.49940905969867366
0.35078924665839684 0.12892208863834090
0.19296021971802310 0.44946076670698737
0.37145742901321666 0.76917852938988718
0.11460298606774406 0.76140889705995873
0.10502166603605438 0.61841980427751975
0.29641418566499428 0.13961920256113822
0.44473754562680651 0.51716921375823000
0.37738628369269833 0.96735426122610191
0.31722763193182291 0.82475661754232754
0.20294407827184216 0.43340841550152492
0.61573151506190693 0.79248856742014462
0.11468198691240329 0.66618123176320032
0.31872729358894586 0.94221822066949756
0.22660483687551963 0.86653176424002609
0.56706050093713234 0.30766995741844710
0.51028649489377975 0.48519438562338574
0.55368488841382635 0.09614983696243813
0.54460348847699769 0.65003912308018064
0.58216324905261818 0.70221578557137609
0.63363040366635714 0.08073943194903933
0.63674970590816693 0.12628289084913139
0.22707023848679381 0.89331315666877364
0.49172690477749825 0.63192817025004677
0.64788130108723652 0.56146588639699591
0.58439530485555480 0.70812793115372097
0.48079823409381944 0.08821025391698790
0.19722613625914132 0.45704144025387156
0.73807301683667836 0.40600562655338052
0.07933841234671632 0.57015388571188752
0.78932898798604845 0.43026757572583207
0.73192619010344806 0.55114928527832019
0.49355528175104385 0.08214203151559067
0.46751134906743302 0.21545287596240723
0.54774940059193122 0.08157436884854864
0.11923550258908482 0.59337892873468989
0.32408135843090474 0.97064421409526336
0.28150677460271484 0.20089985266500981
0.24633940540184757 0.63704643257457749
0.08040823462342347 0.47281375067006803
0.75229165385145547 0.41035078975645711
0.52047704462459077 0.23358549515587526
0.72592375888245619 0.23562493029875459
0.79870122079235573 0.15602116592017121
0.42611380703108137 0.74271279435795723
0.76080183776492849 0.53331086485388701
0.45802281369085651 0.91497097221001256
0.79481100214280420 0.35905626854470590
0.44185506179902312 0.10952146517873060
0.85158982389016258 0.50986201685351784
0.69129014967201929 0.09881074233722421
0.19340130009014017 0.77405634973196513
0.68274598024704747 0.62949069683123482
0.20615360798768309 0.28828694487163059
0.58029098846795379 0.09504455231308137
0.05716191075931641 0.40713262262815952
0.09025848675472729 0.38621135660320244
0.27232902928169495 0.30711765165390320
0.26367391814914887 0.23785548143543647
0.47935502981143691 0.89470155879433177
0.76431942331003422 0.55789075481899486
0.36646477300880465 0.70094301890637889
0.51126807727343515 0.02698075611895011
0.59038578403704944 0.24438741135107278
0.82906792300607191 0.45786051019306845
0.73939202290754658 0.17480584290592133
0.11789194346110896 0.73199124530383752
0.57086938089797712 0.33286058170333999
0.60993138657802692 0.24031878790524192
0.24705170774719740 0.19256292314433923
0.16560582702906132 0.55516891787980061
0.05781612068519956 0.53036657591906800
0.57252313132295374 0.79646376640213234
0.63224536900490413 0.66626596343456701
0.31818953432336894 0.91060300285003637
0.68716587040950006 0.50899811279679774
0.13340416163240632 0.63324144445197272
0.27339593301208409 0.21045112101897614
0.59125020610565115 0.82693445374786145
0.81438154653932693 0.41427776005410616
0.12834472669414132 0.92768188396978357
0.20789204270331396 0.50499812014694356
0.34289066786418282 0.83226354801288960
0.19575633274243767 0.22192015026441417
0.14753147438674249 0.81105645145211780
0.64083528850204796 0.68073866585733123
0.72409055190906724 0.29838315573944835
0.30232868088702641 0.69511986494498446
0.60772865853111246 0.71866431907906136
0.67457366933522356 0.49544000838329971
0.62354147435075025 0.46044260812097176
0.25835622912051909 0.89353848305809824
0.54375867639909337 0.51879691592574195
0.82949634413246187 0.29829619913032734
0.13446726425672825 0.59161366982729002
0.70949688079268247 0.37870365466931383
0.31023873595135176 0.95358898917596657
0.09556305637764577 0.92469169730744305
0.30897520100153214 0.73230388164123017
0.48702405014271233 0.62597814817871722
0.05940829442864228 0.43796133809723614
0.36227533817506757 0.14457818335420755
0.05673259985768605 0.58969649807987268
0.63460135643050175 0.52815534121154417
0.04454289628956822 0.66141517146355622
0.30807003551236428 0.26254454367845537
0.12932225636426556 0.31376259599552792
0.09145939896093856 0.60589151080738179
0.70011125993934620 0.15000318158692746
0.66823263587420512 0.60909442054050378
0.50257584888300655 0.38377355418643494
0.54952565868144909 0.58635529030532740
0.10780672092583037 0.32122637983864871
0.25497715151044037 0.19294722120110372
0.06784260617165397 0.36180792446995008
0.20014805406714065 0.94353075890258475
0.87050258922484380 0.27475977461832524
0.68940695187563550 0.31175681886670731
0.18486595888606647 0.23998748134036774
0.42289752784689078 0.65170012321694770
0.17482159952935533 0.41318607394028750
0.05566308039436759 0.57657947124761266
0.09933011381863299 0.58832913132899722
0.57510973502013285 0.80795604727455206
0.04135189475827191 0.53548266654333831
0.51384930916511196 0.13828142785550335
0.65132607025345046 0.09056133828226792
0.47209403049963428 0.25807413451968991
0.45085683297257795 0.82743350062275334
0.70760004046181635 0.56311344724707968
0.62896535984331570 0.46521976740727178
0.51287283656783089 0.67614346433694950
0.41566084256992292 0.45371058184668833
0.02498190465389435 0.60960330037468302
0.71331453186804472 0.32141283395003961
0.31773621724391010 0.83851982037839123
0.50979046916477599 0.56304216877093183
0.39523268970991504 0.66775096558146418
0.65418336352290474 0.25837444761803091
0.61456885804967587 0.55874985260454346
0.22288995004052989 0.25975055654774393
0.35547477190345000 0.90293077372486630
0.73689340556221139 0.34988293313461705
0.14401478676398866 0.46894148181697926
0.48438061429603435 0.39505678248219367
0.20773622175054068 0.42738625099704264
0.25548915007323947 0.58594214508617481
0.46194916887398746 0.38674772485335995
0.26937034776940522 0.13319387187309070
0.15157677106553685 0.33630523660101075
0.47947328962276059 0.61412432044816445
0.75600975536129245 0.70262529822438347
0.72704230246101176 0.13685834709263134
0.18462855993021057 0.33689392147858294
0.61703527246358381 0.07236700895456591
0.06092080076996571 0.67140914840062438
0.31774164230206614 0.81777736069696416
0.77525449343493724 0.52584806374373227
0.18070156893830111 0.67983902308367261
0.16138754729635854 0.44035913902665674
0.51778953394455485 0.09260143023186174
0.13627584978931565 0.85024082720086325
0.37162464541018286 0.73119919105800435
0.33551559842274103 0.08235978975281844
0.32453207306435822 0.85354631996810881
0.55660957390768806 0.09079162324507274
0.62792529097193295 0.70810012663223576
0.65965175113900754 0.55437725837857921
0.32595844410356073 0.30925791327873375
0.26249498520813475 0.17365126865831398
0.58272982938506313 0.64514828257815360
0.02612682896965191 0.60333676291817662
0.11108011696930248 0.86287898836913401
0.12592361809579702 0.44993885306228276
0.46003935202966600 0.06841932728589740
0.19683384612061430 0.43774442149477355
0.43966742302242223 0.21684759305528609
0.60826002864346118 0.11345102456407273
0.03051365010934394 0.60885909050790654
0.38077451041260924 0.45029037956730267
0.70624193274856628 0.08553813394353824
0.81666662094171971 0.34673201240060492
0.60870679099727854 0.30722258477888720
0.37945413225249208 0.33350430590850760
0.74650573691968347 0.26737869017507399
0.79437834706627242 0.22209680522627684
0.48051953277570636 0.69606103691845012
0.31367586862167068 0.62914516105872820
0.10930246260794277 0.58478026774366865
0.48535461077349662 0.60107107341525901
0.74851704137491304 0.49350916335532485
0.19254804116361751 0.46949433213416081
0.09971970992122269 0.87738155489441294
0.21416501709784749 0.26517234944551371
0.07105155055125621 0.42578602116516995
0.77801078445798311 0.63972241974391342
0.21792377098358084 0.58745731599065676
0.76965609730163465 0.36790738124909694
0.83189354942974358 0.52209252739117917
0.37477425965655559 0.34869239566463539
0.73182106534818103 0.68941939853911538
0.38496632681600568 0.73849104542511723
0.57115606013557985 0.89316754252891406
0.56905003473170634 0.10169955814357798
0.40983981275050824 0.42677626343782449
0.03835004395405200 0.69933248505533852
0.75060919379558133 0.04439106973643407
0.33254896535882045 0.97258737731872080
0.39638487424456886 0.80417657105059293
0.80530243834803095 0.59313174463323748
0.45037448399538782 0.23991626891712534
0.38780320515717454 0.68872305065242889
0.30832941131841546 0.91779920861129705
0.53002945701195370 0.48317577308109494
0.27741633911317726 0.27664582207196681
0.14262839659534959 0.87581664291919226
0.61184733251400525 0.71416116591990308
0.78650205281766605 0.40150709708072363
0.53001784840237742 0.05145320141874851
0.12959316783076455 0.49641223973722753
0.26310236056170733 0.26223957989303570
0.03816086810137231 0.75803234937341568
0.54680965826171624 0.07252362409736221
0.58605668735254579 0.22978420793848719
0.39826882026839955 0.63828771283106900
0.70347631489988904 0.15547100936607269
0.66030780582855431 0.04002339784760663
0.66586410196136148 0.09846236539509959
0.59030026307750894 0.06280226108267023
0.32243053989155196 0.20388792125592387
0.11423524159988335 0.82447120372045024
0.23938289801443152 0.40540506276324678
0.67133905679520023 0.08812766231971403
0.05708777877848362 0.55235933391104231
0.42971691932989092 0.05795364455855931
0.41528110426310832 0.17142394165889327
0.12879161595641769 0.66571933462780630
0.39577540128254074 0.86335430450301587
0.05329498945885747 0.69881074381275954
0.66345730365744104 0.70555316143326374
0.27617936436733570 0.28719466333056248
0.56372773583423641 0.35602670258440505
0.31085452686683113 0.18294557678222631
0.56448872176868203 0.07411607655963687
0.09699790182364885 0.43481329060102608
0.07728024072150382 0.83165230126455469
0.20061680693401157 0.90330572761763162
0.40238163086043593 0.42590531418523259
0.65039527705698075 0.53732154222707396
0.59132738815429520 0.75479306254151390
0.65002150817049764 0.27789728513474066
0.54763118852530390 0.15434581863638214
0.24392474805195780 0.38451900354886259
0.62819994423243586 0.03624236675414078
0.15970713015146479 0.73959983276779651
0.34764114379890637 0.21447216812072656
0.69715870928454182 0.24867498398997570
0.09528001474954409 0.66527186793350768
0.57770043710873187 0.61753426639425979
0.67514814566424253 0.77915766719094537
0.62535926874170500 0.41934727533479960
0.61580599557894000 0.05941394895920941
0.70184497113260902 0.65437730865558474
0.14770608691552750 0.76258867695757970
0.66237043432191467 0.30500010783789161
0.40967445495205679 0.08435949635317744
0.38845816539904021 0.13142806961794282
0.10809041049970852 0.76056264122844475
0.52857161435146283 0.02552580655336833
0.17427457746929989 0.70057482039776831
0.63584410180054818 0.67175942159312863
0.55903678765510278 0.08435719326785757
0.41660994629570408 0.21811390410180395
0.70497945662121486 0.05879637071647318
0.46507498784905149 0.54730681140641380
0.56693349212652866 0.43618577086630478
0.81212779130850643 0.56669782929350643
0.84379854844191426 0.27603734535769403
0.07214824154421434 0.78115288567262886
0.43857622657331424 0.75779123265599480
0.65292772854175263 0.68009811780741225
0.67753537915819939 0.75525203534164764
0.77176100547656257 0.29073900759781990
0.67978517918456138 0.04569214977714463
0.16669375867579142 0.77769080007950830
0.29277785503221232 0.91558466774909120
0.59032691392115788 0.51465814189950598
0.06396372746028120 0.46816231727730673
0.06530716456135317 0.67007520311391544
0.57479474898476002 0.05453333300878364
0.34537042066039281 0.74464147551100879
0.76752743313177962 0.42932207985633480
0.41905436240234728 0.93203245016378822
0.49864834828018573 0.34455068813248418
0.03715317706928838 0.65035620303789332
0.02666537923754035 0.76545769627821647
0.34642800908750859 0.50239504888370123
0.34605784372666526 0.23308158325947331
0.43697468434924547 0.62302406379025521
0.30125033321202765 0.27496093911574787
0.75403228190592686 0.20109394583616266
0.14095641221996050 0.89834185252883147
0.55333995399909242 0.45520350909672347
0.80777678734728020 0.28013516540158656
0.40113495309063602 0.17274102858205387
0.72569350270670252 0.29063486041480047
0.61746983770603325 0.40795959653301817
0.63943866358754786 0.20523434785464692
0.52997489579050250 0.58530761296398748
0.48629471805460395 0.08740446605662290
0.50045717829007463 0.64442028783788874
0.36546591942659662 0.07872926853316455
0.55861867811669452 0.06780629282882565
0.52206508317888989 0.15603910047625866
0.13619735263073815 0.79144420309787411
0.23648937323334840 0.33594406482183681
0.10648485696635128 0.43146002291023311
0.22126123086447178 0.20998313736238558
0.14089990442399139 0.39686655532896342
0.67077347983489810 0.79008173003629101
0.09600112092221971 0.79355315047258024
0.33767405749438323 0.82147114856389791
0.11031679254117113 0.94576590647060232
0.13493406091296659 0.46316082778887047
0.53061814727455736 0.53687710974279323
0.72570138741407120 0.43312785657785036
0.36050920453413038 0.46830954789769080
0.29575146516181694 0.54524855185749854
0.72317988402127786 0.54261578216878914
0.49202899792794830 0.12524106727601730
0.67742771971433002 0.34025071227287179
0.34218527988454750 0.15317288840754670
0.33726639129692898 0.22584897623649627
0.66927764821741020 0.77695276546587932
0.38834179155650345 0.11734041966196228
0.56438490804252039 0.51893100119835367
0.46784047282514879 0.63565959071394940
0.41374909719627645 0.12677281625198822
0.53148648465117743 0.40274103941713646
0.23562399956427951 0.16284690551391412
0.04070652937824486 0.71408960418427547
0.12658463117732036 0.52541387040398913
0.38280086000378943 0.71453365789177470
0.41475115839925530 0.08631926261661442
0.48966037820940733 0.11872600383413295
0.47188494383625829 0.62986238514093218
0.36911626267434927 0.27274686746170052
0.78927776637502900 0.15313066101214121
0.78516568643976870 0.58583999031725176
0.09508364965687299 0.60079595646732531
0.69368528231171755 0.45360014919063535
0.56317053300979814 0.64878063078788151
0.07988603994502674 0.58474014251141460
0.53726223886230051 0.19500821515018582
0.35818836747764388 0.17579719108735350
0.56368108253086524 0.33023022606642949
0.37402870598078392 0.88983449911780632
0.64911445661434353 0.06248264759873141
0.20350054215534302 0.98226484582362661
0.15146942292379209 0.56374860547137051
0.27656166402717386 0.26906405846445136
0.86317391762381968 0.36727258152884001
0.66121465736964802 0.04548856569937403
0.52509389474717272 0.16296719073205462
0.33944749434375743 0.44679917612272557
0.60574065790272225 0.49025996769358809
0.41980400654650302 0.76457500322168659
0.26720536947015849 0.53032289248165665
0.84181357475937679 0.53962295427963203
0.82044350570846059 0.18080944033036331
0.61277186045590259 0.10934408789953096
0.56265054756905308 0.25423123794334218
0.25844899280189682 0.25739751981714593
0.54606105814295891 0.71876817891512401
0.77892426103434198 0.55494092459422284
0.62474071445570212 0.61083693853871113
0.18109459700361596 0.27763715213251039
0.52659246042506325 0.34873180700887063
0.37926192254480262 0.70198692948619490
0.37807632668315233 0.82606059369083729
0.70818934596031013 0.70556760135718644
0.23730706814087277 0.88747134060714306
0.02732488735965609 0.56113862900020928
0.06609973418750466 0.72471554254698878
0.72777242255185082 0.75875516774884122
0.33772447693633784 0.19800613807232359
0.76829359738147462 0.25301672227148381
0.64960621115901429 0.24453156229870895
0.13229285347758471 0.88087514677060053
0.45625981191418347 0.88962493847251112
0.12938553824571541 0.35185143105492028
0.10232660156926235 0.68993460116309302
0.84536321533569803 0.40442652374712840
0.43698777889333712 0.51656749806327373
0.80471067422591380 0.42821758274597277
0.27952624307041207 0.41497172061952214
0.37751411377938643 0.24522065477806937
0.07052939278122002 0.72239310610728613
0.59416814987540578 0.31307088657732529
0.06207556453391305 0.70070470919397121
0.12597514092254200 0.88802252086747713
0.16877960133274356 0.87450643200971334
0.59569522565827593 0.35714402741860352
0.73769645150533425 0.51766469837068840
0.63949105121353478 0.47505274730536257
0.58098352060932090 0.85639263656382036
0.51355168215497260 0.30484274804598493
0.47435751919436903 0.08007272817138582
0.37105944018629761 0.89568474402012854
0.64828407781495567 0.11994126059945819
0.72263033382924713 0.63742971996532505
0.66696225924191599 0.34129790969988766
0.45327941125888938 0.30261325839470943
0.82406664126987350 0.19447514881475758
0.48054265457627887 0.66586458687608008
0.71277626911311154 0.07063614905619406
0.62794755975350258 0.75072250003918140
0.46755160905514892 0.74916978351423702
0.49841455583783123 0.67976694210712696
0.10807194621624457 0.85444524394227739
0.65486143092645765 0.66137313855874258
0.72487256033414371 0.42576947517881258
0.51180580615510174 0.81534165117619062
0.48250069919153965 0.58218790601401527
0.27767737735505960 0.82611862486318732
0.72160576382554642 0.72825597861352820
0.29575197164310230 0.25629618704680940
0.81851568815280917 0.37295927273018281
0.60114069515607360 0.83438877885417995
0.63332456630995093 0.78161994361099896
0.20939191487721601 0.82420797969066073
0.51359572642821050 0.38350673274896435
0.22475873072148853 0.40983179988742685
0.48746464344727425 0.11337806684696043
0.11074748609931581 0.81972273906041460
0.64058437932228851 0.74179505692565983
0.65396175927392308 0.42339403027439065
0.13445500049133968 0.35149495320624968
0.70910554075391330 0.33060112302699696
0.34559130742222527 0.30609762480309011
0.31797271993507742 0.17852758513575545
0.45211140980139702 0.90497174676795500
0.11502102886390027 0.54939281234011839
0.39646688535368418 0.26524230261237663
0.87448214003000757 0.35566431601367482
0.37539981761785735 0.93720447200134416
0.05286175520219644 0.67608993768947356
0.78884959492551243 0.58082467734512089
0.45615742320331432 0.14149753696281128
0.68324153074769112 0.69486093639205737
0.73838532265259982 0.54617088527370627
0.61205512656298933 0.69603797035828341
0.50837679870459429 0.06330733834606048
0.27417952485351049 0.37263629742316268
0.54317975130963891 0.61511859371170974
0.36423167949512686 0.60212284776330838
0.04097234169465353 0.55109583424864461
0.38637227855890077 0.20557007061179366
0.39657415224443404 0.84291830058490258
0.46805153021446239 0.14806756672572258
0.51920933074247511 0.37827524511953464
0.14270646751233645 0.29473350374913687
0.69865174919865913 0.60550783586447421
0.04175961874736416 0.70871574715674157
0.60543940057589973 0.55117414038351054
0.76583418141588699 0.61846101464327219
0.11866248721253225 0.83827329447198407
0.14702414692097251 0.67135211904878767
0.81845860802816794 0.49038969961146134
0.11473603171003280 0.43741801301067512
0.62924499357983221 0.51684536009643400
0.62504840575921328 0.07837117842698370
0.68370917263483366 0.13953850811194560
0.71803864289705466 0.55445753098477080
0.80548063410133897 0.16952363644542467
0.40905331906718789 0.66751825450454461
0.39011418366091277 0.23735649329331862
0.73058862098659350 0.19228548381352345
0.12536153761073870 0.30822588023715519
0.64390995386315619 0.21089610051399876
0.03998006139142445 0.71914807050591267
0.35643143415402784 0.13713600863618439
0.54700789697413621 0.31080137809937797
0.47516746102207014 0.48253261823755350
0.76599996882744836 0.58798094541222323
0.20356983874216270 0.64704826796805437
0.51699632844930643 0.76489350068523365
0.23562002765465612 0.26370105622077583
0.50931134881410478 0.14318159787474197
0.30373129629495432 0.49974124858211749
0.55787930435900290 0.74708615406736523
0.47963649808655379 0.67314345752517202
0.36895148987250781 0.61599095056142505
0.39799868105783037 0.78337203500490304
0.32818915170431340 0.91024896433199132
0.31067157198455930 0.68461249453711459
0.37938280704522148 0.07119801997413816
0.05850587909659150 0.49617704734284018
0.33157782329277025 0.17443995462173284
0.73171852424350403 0.05019833331492109
0.08778313020386222 0.68176446223188558
0.32770933964202908 0.12468919759809305
0.49651377196299357 0.57079942967434927
0.64850313011625071 0.78414680687010296
0.71871703158151390 0.40976154914582147
0.49515771502143863 0.44436431903256979
0.27747447946936332 0.96283704267397729
0.57018649827632895 0.06602903150220964
0.21213939552772529 0.46138822272905278
0.66017290918175175 0.58393688451622805
0.51907922035841181 0.17613347296580847
0.86932997374928789 0.43400919799702875
0.09253759317511022 0.42900533895551474
0.13582595275362136 0.87708606567208391
0.55127334610066359 0.80724536473516495
0.30957697038179960 0.69173986567546897
0.44744986576801465 0.70414236646316541
0.29712254361888141 0.20058164254450905
0.78625541297702639 0.61469794273665535
0.73498815289057029 0.51163138995264346
0.15832173519330811 0.84304596791928854
0.78595773739518404 0.47720861640344348
0.34020076315220577 0.39060516222754338
0.77645403700658500 0.24438064166659060
0.12351746410960501 0.30290955991753110
0.74992346765269347 0.05267793615512924
0.42271782235801669 0.62693101465941381
0.42922972024830969 0.92700146408513295
0.42263310099702278 0.93885209025556660
0.75884485819325276 0.40750552304192084
0.34929062444554215 0.11125219780469998
0.77806582752117259 0.33415570304622944
0.65565416722486747 0.32406407485236360
0.35145381402074843 0.80955048521792683
0.22358158324129923 0.92619218013469151
0.57577766688461873 0.67825408860020520
0.56585469271035294 0.41805254670779501
0.39425722918048117 0.17247459110255006
0.46314642608174078 0.72219794547691063
0.77486726670390349 0.60392618335815196
0.08668426168211459 0.64897606789018536
0.62440512291370576 0.65514736938645612
0.81115487177086432 0.20275488632305780
0.38043293751152124 0.93415880366646631
0.72213827595616209 0.46876631350711945
0.58394236125204380 0.78862696846480229
0.34599314677816101 0.31465165898479691
0.36073265665490573 0.23527280286654662
0.19682165610705576 0.91783698912541212
0.08852185882793030 0.70851236905585235
0.25762502778345647 0.81317695035010273
0.76560413815278194 0.38053146656377135
0.19608417868916883 0.27608215306508954
0.14523580992663243 0.78180255694189904
0.22936599454426590 0.44210478010602200
0.21974180576765709 0.28588007892970368
0.32814944033228954 0.43620067401187324
0.54153104586212464 0.48420433105958616
0.45430492189228744 0.05403676801836817
0.53665779836490357 0.25658093658858661
0.79131868947169659 0.39815403770354912
0.43912415628667051 0.16613464721633869
0.46946423094932171 0.56947363348806479
0.39279501622932050 0.30307252613887209
0.81637068588774009 0.44953208396004019
0.42875221070776598 0.78799932707527476
0.57911862311070872 0.11393363869647932
0.67802382363004821 0.10216087786158032
0.55300593797844955 0.10146046755686973
0.49477366144005896 0.85161187227686597
0.37661928077961471 0.94998609409905521
0.76471682336672520 0.64637919982721048
0.06042168252653139 0.62754357866145116
0.28993963192673555 0.34751828965062065
0.19134973850975778 0.54904696767453809
0.79551507767674623 0.62493628493220699
0.82198669618728881 0.32817395305311425
0.10177515976489762 0.84175303162936244
0.34707329835437584 0.37096761849612125
0.36789918113359893 0.64898075817379008
0.09985792861770894 0.46696507088026751
0.57469341624485215 0.56520093419180029
0.44643830320058731 0.12504476155417840
0.69052417086283868 0.57178437054080555
0.30000514212268908 0.77599119952643669
0.60421361899790849 0.15032213738728351
0.08889677123264106 0.51804726058175321
0.37907899855911864 0.56981184895566406
0.48281831536858705 0.68993978973329007
0.76584201506838068 0.56309275264458825
0.83642790649319254 0.17320147191908192
0.46237223111679637 0.44529604491410912
0.24977905177677837 0.87345930067143840
0.61283868324238266 0.10323092423840466
0.09492390557773037 0.74690995525963400
0.20588212771609360 0.83514052794876925
0.76944451477020104 0.39948506564499953
0.09571514304447926 0.61030459025540018
0.51919144673830808 0.27628240997416809
0.17500029495618707 0.23418317037217767
0.70764812599900706 0.54778941596242436
0.36602418941142439 0.77406354553516965
0.11941008170877702 0.32402445519567813
0.21246404089668228 0.84568169179530928
0.09034047024582884 0.63836349795010561
0.69696458764296132 0.09615193026082322
0.49420261108614039 0.77833449030473367
0.36037681811565636 0.72182883216010363
0.09137481321772287 0.84872595666028994
0.07152561633754938 0.56397195840805969
0.03622902458619881 0.50790320213712747
0.49252642819878673 0.05502355456035433
0.07165171008291128 0.88293768659742045
0.47603562193912380 0.44845676120084865
0.61192799898770656 0.74377880786559580
0.76828203639174009 0.40666521319584348
0.30007466139361405 0.72249410518488977
0.81024725203810188 0.26206883678695403
0.81640809052892038 0.20370292118841285
0.24877752465120639 0.54565004658385796
0.50951976532647814 0.63593002633502749
0.07651044707269795 0.64669816670929747
0.38140145069016229 0.79981987676930055
0.28333972743492342 0.19313123355523679
0.15692051616013750 0.60647851353264293
0.49915201497877332 0.85620000756863546
0.15403168916882437 0.63832530279752553
0.39762484845857593 0.22209165198613048
0.53346182117053909 0.34524793550601707
0.05036172276292237 0.81756510011700523
0.76188979674542545 0.25499483012388408
0.41917313669843709 0.12739476767561167
0.44464394224584475 0.67834405924332353
0.05170076589931275 0.45197002233897116
0.20630377678113776 0.35728372918023382
0.45822948286149801 0.46061879260013605
0.55059005934425498 0.43496868081155160
0.57292542520672518 0.86756907162391994
0.85875822231334931 0.48094011736292114
0.55343937162360135 0.60622056172478278
0.79656499377785672 0.31443198232371683
0.25180294517650392 0.86663581108244270
0.57945151517866478 0.21902917579143039
0.53542538342183099 0.76022207188388669
0.31536295409849668 0.97029494041277109
0.47790933021282417 0.10778281568904639
0.42975490672901279 0.54709130528978722
0.55114694141994880 0.69852146980479302
0.43669266675107837 0.35486594718091852
0.77546761715024703 0.57512786095089430
0.51244693933594210 0.44633219614748254
0.71724651185588040 0.48256323324876116
0.05499310594064773 0.68044573354270932
0.45923080050703896 0.11484446267431117
0.71059066135478366 0.71051151045595529
0.47353870710402390 0.55501207314649881
0.28327825596189243 0.58905005757235007
0.64413620666627314 0.09755211752075570
0.10193363941986557 0.88313184831756431
0.67889275234576207 0.36293424861655099
0.35626892633922924 0.24126676843136677
0.72861758318836800 0.46753516564502168
0.26192792966705125 0.39173718631635845
0.15192938679487392 0.31104409510606873
0.14646693487483078 0.64081701247891676
0.15044034919880833 0.57040596385318498
0.31746221971520272 0.85213851191339540
0.34795600185335074 0.46710623451104849
0.69822409442662980 0.41096223983414870
0.52177381484751117 0.33565466264395999
0.70905933660843889 0.49626924090642499
0.65934802483180821 0.05574787649861720
0.67618501614214410 0.25089306227954755
0.27299088098715063 0.46107562137916619
0.37873727416657177 0.09156839090023135
0.47303418367275546 0.74309894087268913
0.18632995669269178 0.27719528537228000
0.77813689453460289 0.45664354950349695
0.30592522097059366 0.20519876490721026
0.28691400840764919 0.98969399177124950
0.17768187920197248 0.25908091009270101
0.28969579478987656 0.37810757110184190
0.71592076268640081 0.39641499160096000
0.63338240387939237 0.21892740633318786
0.28015619622741228 0.17998052887734625
0.24873317353040464 0.33531068468761732
0.38363859342550155 0.13266045448810371
0.42655933055895356 0.58991303216141033
0.69856530694671726 0.50667530534230465
0.24426800143721078 0.68781358433469619
0.14235220425707731 0.32154853790069365
0.50952893701836355 0.55579698864521909
0.05577167977043663 0.84162106488955657
0.11168662029653337 0.88646770263128405
0.32547831238182373 0.09978028076331433
0.29816747783632475 0.11627253251052484
0.67761550053110653 0.29593012317689105
0.79968005132659847 0.53062575555431057
0.14749988408016529 0.59071110576798236
0.58173012112816946 0.54338984961979209
0.69934048813136584 0.28085765547149388
0.72316490709059700 0.70791360457886865
0.27576138658972954 0.36317985389827478
0.70101022940774649 0.51262915063341752
0.38689793063933170 0.69953466184372382
0.70967120104797965 0.06094524249825636
0.80871109589675427 0.37861320862471110
0.06929920355298623 0.87655236429649452
0.57536352142047298 0.66395507929858777
0.34105743066633726 0.21210019563142915
0.36404860620731283 0.63174248924670162
0.60466222275953829 0.59144190352079440
0.57572106627181685 0.36369160246168164
0.04940400865515334 0.47089106328287611
0.63205055374006491 0.06283116959782849
0.35338965089258012 0.19711880234013041
0.62350018881776914 0.22869814319381848
0.64358304757655327 0.74633081890973685
0.39877580067816037 0.90844182243773486
0.11383570139761914 0.88207216836829383
0.20251013726133760 0.24349185956783659
0.48362669843915285 0.36225039824363442
0.24747299834352218 0.48479167551125651
0.73001995517235474 0.70710478425348700
0.06152843595199507 0.68837165054950566
0.26261591737904466 0.22155298178686847
0.49558262191400115 0.12022566154992892
0.06250279203259980 0.51852703031234282
0.67006154744112512 0.14975945003060789
0.29822850836866821 0.15480569717093084
0.71045019989327340 0.72513936818349778
0.78999256419437991 0.20367206143713829
0.07908353131996837 0.83639657919091237
0.30313448416746203 0.59484681531449668
0.46584973174133532 0.67559619970040408
0.00338445240580321 0.61201507171644687
0.75789080280994281 0.44121083307752568
0.11060001391285119 0.31585005043189579
0.53231318598593225 0.55753768606957144
0.68484425260194359 0.57424295476530351
0.35581046324707510 0.90921731005455697
0.53962209698641850 0.29133307601826758
0.14829094047264163 0.89133571927634303
0.77853463932973765 0.32170398211873497
0.62092037610413597 0.07539785138970569
0.10868265014007210 0.50568933538565763
0.08768416040445735 0.44739078902207519
0.20236125040872102 0.23046335832536374
0.38056686848195748 0.56197579012926091
0.54765654889119242 0.87458388052999936
0.53954341882237566 0.83072112211143567
0.70406363573679120 0.57445924030699802
0.18727364465429902 0.68315535783048409
0.12249642835901464 0.40479410287965728
0.10782740690589925 0.29434388167323916
0.62343730725543067 0.76478966167822848
0.25942732449469186 0.82619996988140265
0.16720644112868660 0.65491056069870535
0.11142667458929068 0.80514722194990529
0.78111077355407421 0.25015530457730362
0.34414802057430294 0.22611332042594348
0.25774613277422448 0.44611854049566313
0.55532018109996018 0.68711422481720019
0.50194862586891342 0.44213107932816481
0.75680354913862358 0.37092108210001457
0.39627964692474738 0.33634003394968831
0.31636701832689718 0.11275443476700975
0.46938924647245028 0.60290748294650720
0.51405853863403461 0.50779378379808460
0.17127022309080112 0.32097308976398364
0.27667757345710003 0.71380805280610349
0.33171330385833026 0.55282624617102516
0.29953280979093178 0.33852760621206462
0.18983106243365352 0.78545023947109971
0.25129608429851191 0.57368759562752403
0.65906809594818494 0.68806627940370679
0.04664556241611980 0.62445385730500558
0.78736953872357507 0.23251688810740095
0.66468593521729014 0.65784291963396069
0.04082243246509999 0.56148178695805961
0.60267104016769368 0.62528892057738483
0.64671892580364643 0.37031713520049753
0.21042908174094566 0.20767169568741831
0.66082883942876880 0.69374222473695935
0.09085129406134682 0.83447596386147493
0.06977376252410507 0.77350134147586980
0.71573656836173016 0.25951011513225913
0.51939594498474351 0.08773924212764257
0.28733809891643847 0.39640548094004741
0.30791896650147316 0.11372398084015817
0.06895489286913542 0.46742440316270006
0.56930887658560991 0.35037761966762265
0.19039898249083467 0.92657315821391428
0.77238599086970561 0.36227837599181151
0.06093448851562004 0.57080376636509389
0.50070251418286726 0.23061307559040162
0.78076740509065334 0.61147588327197155
0.72201815653600598 0.72114616570766843
0.51862038460577875 0.42147405994489889
0.65563011338732036 0.71978521582804889
0.82997148468790827 0.31564025808257096
0.66900090408801494 0.64061932748191075
0.40930883659892131 0.50804646840085910
0.48372502154350139 0.37139071302403681
0.83688323210658722 0.19320314335106351
0.43881277714991723 0.45036116827959211
0.22596488108775115 0.62864279890272590
0.55274696477046004 0.08194701779290853
0.83500550818907748 0.53518826235711825
0.64775010631775520 0.69146538058695373
0.44682862189031430 0.29839386491158548
0.75522373602583326 0.68815535711281328
0.35368521631381689 0.11438098820524764
0.29887131732544897 0.78980341708848378
0.25992662994461030 0.70901387948518357
0.38675166850780940 0.51165022195447973
0.11626364466740798 0.58603050813479862
0.51942868525867447 0.87667900448170311
0.46575081153563425 0.11568357819871097
0.47629990069403627 0.81692380189414193
0.75503005935093825 0.69485424075883928
0.83919147567357710 0.32840445958706266
0.61631005127220650 0.13199651879300087
0.67564039795790842 0.65884650292922553
0.18567190184764476 0.56998868441631911
0.50745433504559589 0.34254614351034712
0.18369268649631129 0.54727523784460907
0.06545281524988204 0.42664247182710635
0.25990399881376386 0.92135652398534962
0.71914019616792679 0.41652392902864321
0.73210944301065040 0.41601907290736556
0.73990689599255877 0.63986574215786551
0.60814204037198594 0.52523469564988501
0.56202295860437179 0.58093967394084400
0.87472801431921010 0.30545737588088623
0.46752833693072487 0.92429859732399056
0.16130636060001260 0.41100045642535221
0.16325763266359164 0.26742882822682434
0.30983670883206410 0.76508161923319018
0.66884122709220939 0.60247789418302378
0.83387795201226800 0.49072032417464467
0.86285819648140982 0.31862169998503931
0.65230506148874290 0.62066426191562107
0.18127137357992115 0.35472273362700751
0.51117261637677691 0.82313426378124899
0.29083396169435011 0.47781881176026741
0.72495728107331814 0.35567902538927798
0.69255927223696723 0.09380801416463898
0.27417367110412810 0.31409997458058864
0.28063618703881488 0.11873617548812609
0.05289243370809555 0.49624133471310983
0.65619088321401542 0.54101106309785552
0.50219330727657197 0.78581100554510885
0.07572572370438702 0.44118264385258676
0.71639186038263913 0.10810289039886464
0.41407007220592662 0.64177240419837278
0.80425814379050486 0.50794239327078783
0.69762398504104506 0.34897504853722594
0.53157318113761276 0.81578287084967038
0.33139477522619831 0.94614128552251386
0.16026435210693443 0.85098802774640736
0.13782502769029942 0.83319044566968126
0.41489677011286952 0.07578998063237233
0.48007866097396823 0.77014911571832279
0.66814808559197314 0.42677767505265685
0.38202519017998615 0.94015128911210599
0.61792380566792371 0.84882762629636410
0.43616481577094007 0.71083029455262370
0.17717797699462839 0.54917150374818136
0.48319914455560992 0.32882627221155986
0.69429109927022570 0.74541926628403377
0.22337883895636076 0.47973593247390472
0.30842249422783474 0.92426641569993562
0.72345577202176758 0.14197825231990838
0.37522134678526475 0.17012942525942923
0.40382249641945661 0.16611613895532581
0.77151564667050587 0.46852336774457853
0.42314578015453291 0.45290159375787792
0.49103402917020533 0.73229618708997635
0.24275102078319510 0.80474212198830231
0.52199046180397390 0.09672909027820882
0.35763525923990752 0.14150556930435398
0.13519796051927810 0.76617919917850297
0.55912460702421296 0.65459076878514766
0.51625828927623896 0.03312480987588527
0.25188284966045921 0.76045825700182113
0.81674233339433122 0.33942668181435837
0.09945491042026296 0.42578028530273054
0.58213144717903564 0.34164193162947804
0.15495759364291814 0.86507012796069349
0.68428796071673936 0.74058380062771023
0.03860285376603645 0.45443115099702386
0.31497908551883308 0.67913528006500834
0.43257739266387940 0.08158854993054564
0.66517983284509408 0.23282980662870900
0.54249188388385516 0.69056924296010946
0.06538689654056386 0.62964681367073017
0.29813611909163157 0.43449617175011246
0.34596362630429739 0.20730275846352519
0.03819585494241270 0.65545625434464239
0.18577945652100400 0.74992556466380655
0.14723996523057686 0.26163302357198609
0.48633454860179437 0.61337721798484379
0.63207714950014060 0.77617293346645866
0.03600922910282656 0.46458179072089606
0.38379796523550758 0.84617182746524955
0.02738696705384087 0.68519220314393181
0.31530584917836102 0.75999385874252678
0.59137994981265662 0.83298791018147555
0.36101053199021926 0.77964934411381626
0.43920951869878611 0.21035928512029800
0.54394215551621306 0.53295199124308912
0.38885539489700449 0.54786697429439979
0.02880792195627879 0.51726014943488130
0.71911810481659832 0.66778938639451491
0.74728473491770342 0.71886370463032967
0.76741067421117148 0.55336727470294744
0.46387538308544890 0.53287177216721038
0.31973836466351785 0.30656635294788026
0.16430976054878146 0.31263940203049922
0.77708799791797167 0.26328635709084752
0.41022116888102617 0.40739145416965539
0.38551509028591729 0.54141709427088958
0.07104619836587731 0.84016874858762725
0.11611964169181108 0.92125996813992339
0.87212975617596422 0.29514178666713187
0.34775815273029648 0.39308321086166814
0.14226715385437491 0.93613068019885459
0.50815454276367500 0.39551589863606379
0.32152052962979416 0.27470381029419139
0.20768516263814818 0.45395237620906520
0.44952601018915911 0.93325737537476205
0.82484338418946479 0.43575743580972509
0.23926388789476691 0.37519505684739229
0.16414389182270031 0.51057266055379469
0.40520699839886787 0.06958289642639945
0.10580595290357811 0.34785983001529275
0.15580006685251752 0.52221896544282020
0.77319984789838325 0.50984989717620643
0.56081086461298824 0.79376832622568172
0.37351889711724712 0.97804456839473386
0.65974201453152725 0.63132989441070508
0.27124622408881877 0.91936867256438182
0.21478331746700929 0.24906728625411864
0.57606328743375534 0.69062561057055250
0.16345104599972532 0.54040147319329823
0.39651785640324472 0.28040075026606404
0.41715669480481310 0.25870700636893862
0.04723343725942135 0.56967199157536008
0.52628034800294721 0.84720866448640508
0.69400039141332348 0.20705279732186688
0.68515358401718296 0.34268735723877397
0.20594786570057413 0.60822236490796555
0.63059985110195360 0.22761439474163145
0.69318903214658567 0.72024862163632908
0.23710938549246499 0.93483151456191504
0.53457391491222128 0.13722202263522315
0.05839559061174132 0.61137379044446249
0.48894197910687354 0.90356534173123015
0.62894619861445455 0.35989576286085206
0.74229577199647367 0.68554871469164214
0.28288884539788589 0.25349845606199639
0.67280539840504205 0.22345889560027951
0.36676696720367141 0.11537030109309510
0.61341747822416770 0.80928873824824876
0.34348074921448102 0.11228466336442268
0.14723773249813010 0.92261366128914912
0.08673081572027604 0.53776116260874796
0.07177580233224784 0.47131894388627354
0.63626836966034839 0.77214544518583583
0.28305246315362770 0.34819359216003831
0.54728323846914151 0.66419311436716666
0.79604639946725675 0.58699577675382431
0.36394187502713610 0.67335787889625098
0.68609652642058772 0.64797518389982900
0.75609020682317918 0.16526903013085906
0.33413692759599029 0.26214150862333496
0.34768251820798779 0.85133079752900775
0.84273091704288072 0.26433152983614155
0.59856172711033717 0.32505029388143081
0.37759807339531176 0.09700312341222485
0.21730944572671265 0.34809368816292580
0.74686128831486409 0.57049471128626472
0.55833891863032425 0.62792387632817026
0.37863769696207145 0.31301102065175679
0.78568875423234708 0.09225121667030310
0.54402064034516240 0.06357423381942283
0.62878443937206907 0.68158244411686586
0.18635166076874976 0.75710928043912784
0.07073006657367242 0.48986338321979578
0.24097039476457249 0.27451822958028904
0.69911683914564859 0.49017749634280539
0.06517237901093437 0.49084811032815406
0.26383498336571659 0.92610558891792927
0.60389417445920079 0.06390413288912443
0.48262916103093961 0.45145004529848570
0.59659884143486941 0.63782995710400614
0.22867667491595012 0.29490213912363056
0.25533008003291247 0.20930532633390747
0.09727144031890300 0.76365821186148253
0.26654309525331771 0.94159067195561519
0.39362821798791836 0.11114893170969313
0.78101480613491703 0.52469261810337975
0.43904267199606828 0.04093296157430335
0.65669954193633828 0.20579275585120624
0.35379287918247226 0.37376409045845849
0.29098313232861811 0.14975001116201428
0.01567592750107420 0.57630950915179624
0.34268797494376019 0.94145688090899071
0.74412247335997672 0.06628798183161153
0.41233396178141624 0.56385979141406350
0.50507190782105293 0.49037874360947903
0.59875644494767444 0.70969642561876889
0.13690239997334469 0.92048318342385282
0.58853786130872288 0.71269016718968636
0.47738695907596918 0.72498983652576776
0.67054353103830233 0.62879534665543058
0.84413039140880497 0.16988964706129905
0.34544055540572377 0.69739362357803336
0.08276229754817638 0.58951508490395899
0.77764184630497324 0.49258299134549310
0.26308314610338035 0.49479744828606309
0.19918886050386991 0.34986717055025834
0.08865962248051272 0.89926187230782084
0.06188061755907864 0.55259404620353125
0.48967223285431266 0.36581833132135377
0.68060550841874379 0.26154943072731507
0.77242612715847692 0.22182384107862077
0.66423708951002935 0.01684170871766670
0.05133834051802226 0.62228518914830788
0.26595091215964412 0.23081365433329570
0.28601553956838471 0.88358225902378507
0.29416684565810802 0.72666455678519348
0.13821498640554547 0.51248056839916756
0.08714380890482504 0.39334710793486910
0.37019722583365816 0.96236275882285405
0.60554640526904158 0.64640116333440412
0.44490240466070813 0.82555734321569108
0.12239366908877598 0.90577488565323516
0.11539077456360633 0.39897723035179050
0.65910186542336480 0.18606672172240835
0.21497351186626118 0.41405716726829717
0.03124052906967668 0.70300339900665054
0.36349471126939897 0.11148962752682536
0.21810760999102288 0.91517930237903955
0.25284958949918562 0.30762154929927299
0.10482749923708691 0.56531648984323257
0.50405635286671668 0.49839817218139754
0.03246171651944023 0.74407258639949025
0.29119604650081099 0.55888425270491016
0.24383114300426581 0.20467901914753131
0.66278633906185891 0.05084507879183345
0.52243687679109485 0.77625911068114206
0.43025606379488829 0.42620766378316566
0.09812347316828272 0.53648631174142924
0.07071153647063290 0.82509347870989913
0.62823759701482951 0.39882946778250578
0.37828005657872144 0.22527257859890182
0.83577144043952334 0.27330661080459834
0.35039268041931693 0.90720981119841548
0.29024145429611181 0.61056510630242145
0.09302519572372173 0.67054174030955149
0.34700150333513680 0.72697143991513569
0.84546523750893876 0.45353780097420027
0.78232758760973986 0.51436755385525967
0.45021847101546186 0.58097349225737538
0.24099753159844697 0.93095272676477214
0.61082542164125830 0.60401909194717984
0.22884531829721499 0.81933989124780682
0.26639220858540030 0.96648743098400780
0.38352163893021590 0.32677675453671795
0.63056172664353716 0.54123794388561641
0.14138306424029712 0.46305016507921642
0.04610652467193659 0.79022410101196772
0.48703731742926176 0.45864554304137445
0.48717222117013503 0.77775150752834965
0.11309117738603783 0.67259406966705526
0.67017015101469846 0.74173951951109796
0.61433191670126186 0.04169769549059534
0.44761139604044864 0.37995061036926236
0.63172569871872508 0.27029603755092402
0.27985563375785827 0.22983306401912765
0.03524354601789401 0.79295912176038175
0.07510748106367661 0.51393653900779768
0.59439332694706626 0.04326147270028458
0.49826357557332862 0.61866862233291975
0.49675495700799377 0.42888277489065374
0.34696245272163145 0.53927684786539354
0.74353866863537632 0.54904336494537631
0.17532417631881897 0.78567530791259865
0.32618295159753002 0.44945197480758742
0.07413961037159898 0.83555751339747719
0.53355146572601464 0.82124113909756924
0.32145370741249540 0.11608091881204527
0.40739009724829195 0.85883645503478012
0.32152100381750831 0.52013416820853786
0.23844090442508981 0.28728189766223927
0.15943543718275763 0.89059686779531311
0.34870734739586945 0.16190450708965132
0.03548834038839141 0.69319912769781122
0.26687667353054390 0.22410886150854928
0.43578328220783585 0.23580099087345874
0.40223767489132706 0.20269885779744606
0.41074924466355761 0.90647848710329304
0.14792905598677683 0.82937657282713884
0.37934276263984218 0.49270809019593359
0.13025452065781662 0.34272605636658943
0.41894974873874702 0.61876887032917405
0.18951874950057079 0.24964758930760325
0.37883103053992934 0.40072011950352554
0.43142305763489303 0.70537677598129944
0.35253185904861034 0.50761056971174845
0.04256422312208071 0.76537456605134635
0.61601743979555146 0.79806196089509718
0.88058961031506278 0.37513877223760167
0.70504323126242230 0.07563076427618784
0.78858921245263114 0.62168991928007300
0.60389568539323768 0.78407879354880072
0.33753182592854536 0.52939481865994997
0.37840096404855750 0.62876670434169601
0.76678686500597837 0.57816736243813827
0.57099632874693385 0.23005711119225195
0.56869701550754026 0.82186156115257436
0.69200644100472675 0.50428012615505513
0.35954196318379517 0.25557070414969119
0.27516699983200443 0.87399679991300572
0.29740200991133869 0.90460397644900226
0.46921743017022471 0.37901876839730791
0.35736338036153364 0.29348894995578034
0.36595689632464534 0.54673668386436503
0.27131808326614354 0.72582339591614331
0.02327658361031587 0.66198779734640589
0.73088296582899392 0.47396289511081541
0.06707358567089390 0.73392731023699909
0.16153724285523094 0.80144904185269406
0.71337939679251661 0.15579390304569846
0.71868016843285554 0.07695607841360501
0.03582599985343043 0.53234941524335877
0.24653274582887513 0.86195660235236216
0.35740445019083811 0.11788088324079267
0.60568621524591770 0.60938501228687436
0.69890883370108625 0.61226474589261204
0.21903236695688921 0.23495458832984314
0.27611638855741627 0.26235639276027689
0.70007126392170882 0.07377958240936722
0.83619061223246771 0.24111238413774241
0.77450144078340610 0.15192591867103142
0.35324365628148208 0.14289294650552389
0.04606783883414303 0.58004360933534815
0.38397811050716679 0.89492758488830060
0.63979764228114322 0.43876413257133501
0.72332992789574668 0.67594054799898273
0.41483671228116559 0.33109993011562827
0.72718452421011603 0.54745928639578834
0.12820068502249085 0.27879338703196510
0.17495280007896494 0.34071998265609826
0.62745319839915847 0.32371638524826080
0.18064351353538441 0.96996084530711479
0.07201982861559954 0.70241258505904669
0.25388981964601626 0.59352038147652320
0.16920227845926003 0.29795428815402031
0.69511550019708213 0.21728416363993727
0.21826530517035142 0.69642661461502264
0.69015641822205287 0.07105503124137437
0.29628712612142760 0.66743727216189386
0.23367319574276513 0.84488072597480368
0.68471049641344550 0.12089174216424614
0.33661259230146534 0.59267142612229817
0.44275894931610960 0.14960967384135007
0.33475935389813494 0.75205260762219317
0.54632014398342121 0.56572700771435336
0.54602885940855073 0.65760855537930596
0.29726516815964676 0.24992074587582386
0.86071341854707362 0.43655684103879616
0.06676378278788019 0.44518608964289341
0.22852014566506243 0.15848068826503525
0.04244693982343545 0.46071779765857779
0.08531234326070694 0.42292603489343378
0.44609947653309062 0.32495997827261852
0.27771467274341510 0.19228213439266062
0.48799225176941757 0.17104786591088800
0.24956236380426008 0.25910121431339639
0.56657777430678713 0.80087975419834523
0.05053888500414373 0.69381966256585481
0.67242070333798765 0.76574428478462619
0.77492703834297194 0.49802603148317764
0.37400257980563206 0.40672397004141619
0.02976141417292672 0.48809806485639445
0.65411456365395737 0.37569604825848157
0.67878631586901628 0.05567454242489894
0.77462818373596820 0.19546934451869566
0.67080717265189760 0.04942851695629744
0.08105358151629036 0.71458578510064719
0.82548348865014987 0.30477901581125810
0.73608564794638287 0.70756777015221461
0.09625460288568530 0.58271932626470169
0.16732389811068410 0.95591131032333365
0.22331060057308916 0.42975097349910252
0.68358307254409278 0.52286044829005773
0.43352353781044856 0.83306678127177647
0.41112234525830221 0.82034304245384482
0.70591111622549663 0.41631244444721510
0.84275348645393744 0.16032958192795957
0.67889196699769783 0.73888872934839156
0.08999015826262040 0.77243398256102169
0.69597104060483916 0.19846338403839797
0.08863970469133857 0.89291748858085562
0.63847738897319994 0.65390947443748981
0.08094003812519214 0.54821372653429778
0.53224670691528542 0.09729731779118801
0.54250362472021951 0.59435081763665187
0.59290761799641756 0.57333173931495318
0.63341733243176646 0.09625361334819268
0.15548257979136482 0.75243451416528484
0.51757400839986267 0.16877425022088779
0.81680906543729670 0.53072341466402240
0.06076678753703330 0.82147079200558082
0.32571960895252550 0.48448393428374342
0.82684290494623491 0.44161151352069322
0.81783691696951422 0.55400433180194508
0.62211629014712100 0.57233363631624767
0.46609837467586934 0.74275424476781349
0.36430323347646770 0.80977471785551203
0.27232806289282557 0.38137954438790633
0.63654761969329199 0.06278798096123336
0.49755006872421687 0.09402817107700683
0.37935210697214466 0.88406249626804623
0.41521094034653233 0.51349968422068737
0.10631582774312807 0.41296302387078965
0.13715711512255815 0.68067691040946920
0.75268995265821093 0.37819472377114638
0.38571124451146976 0.08956145161593262
0.18611467941967902 0.20285193193001658
0.78385951496224560 0.42746365103490985
0.33955672280949695 0.09947867103719911
0.57819545901442515 0.79775000622553394
0.21514107281951791 0.21782626511600503
0.53342980249720751 0.70858147385717096
0.30954777115909715 0.52071258720437730
0.39168436231920795 0.76441747421340267
0.38142189482386674 0.11089512132278757
0.48011245557441978 0.38836913997245287
0.31996093099159578 0.12697936418411260
0.16079066281205029 0.26196475124961466
0.21469702650423841 0.22672005104518270
0.20848693472266744 0.51359578748916834
0.22570555261960343 0.76255118389415555
0.11181940092026983 0.90951865561138379
0.09942723530956266 0.89206934392589232
0.12590195048284211 0.64709243857370768
0.09161872786047769 0.49258918755932546
0.40902028471465068 0.27090017868021365
0.39928488360602071 0.92016374494157682
0.80298802253960133 0.38021710634028633
0.38606813667086060 0.76885029651200565
0.04538558264756714 0.78426632753173886
0.13596414070482324 0.36779132617033550
0.50143752564060240 0.74797149536590035
0.82201131409929806 0.27094976429259476
0.18885839342789337 0.52405873109969869
0.43272870146014014 0.59332607437632912
0.36453917535462299 0.82937481670165758
0.64592773883788512 0.39802012502976170
0.84353503519051598 0.48237986531375154
0.62685804322170524 0.72493630285553778
0.22404727805122066 0.88731913799645323
0.78813712165837024 0.09840702777059222
0.21817957189865747 0.92466448019592129
0.30285101666907932 0.63884831245638807
0.27116934351152855 0.56491180492526283
0.52335582571366990 0.65002648514551598
0.35331267047280362 0.47937745079354832
0.71889609224972595 0.18655255665625811
0.80620118398398988 0.20445710397394348
0.53722009188442421 0.51636975865201895
0.49365896461120773 0.23871391731242345
0.23317736357983224 0.19179888654630073
0.51114106679366678 0.80792683797087073
0.07615222454268232 0.84508217546447817
0.61603832850287266 0.23112208908815873
0.21252560516735325 0.90331527477765139
0.82583718100875603 0.33214249194993373
0.37310120043338413 0.18642993732606272
0.50933502056132118 0.75694245642193525
0.27843301732100845 0.51412139135754764
0.06115656596577235 0.76375353443480443
0.74299752465110802 0.19630460771497985
0.75287527971882318 0.66642718666457224
0.29218395533920760 0.81233921543427356
0.31847905762279655 0.22861362758226347
0.29199381346182351 0.42925235822723251
0.43511990613018930 0.87917104676610913
0.58104519895521223 0.83488309777228897
0.43058993793159839 0.49789881170506689
0.41828558495311435 0.05679777909572836
0.65164989583023392 0.07597739764799345
0.24803314834973325 0.93968183927357540
0.12972746895869727 0.68310331635845079
0.64086733091460035 0.05088733216741516
0.78732462221111321 0.59186095719296050
0.67371214286513259 0.72305688636700127
0.67472802481566196 0.08107017226204062
0.27895609139522304 0.17105184292045394
0.13242667658853013 0.54454373138954959
0.66998134826067612 0.38385083576545415
0.48139103894035123 0.12929076482048391
0.36167129646733553 0.21729605445481578
0.58475224962269412 0.48660757336011690
0.47740176795660183 0.28165371558732610
0.14608651748106175 0.42468673826768716
0.24745988043161279 0.52347529411292459
0.67475707122855022 0.47732029229032980
0.75742512069471246 0.47183097035971133
0.07585828499404321 0.72932682173190311
0.07224366881651192 0.53791204679146731
0.62678412564695096 0.38425740890442278
0.42500216701046012 0.15166994543797668
0.54270524919856022 0.72610086750892466
0.25195904761672572 0.74516034579017587
0.32019669402093087 0.74134038444829420
0.49459172076512914 0.09034437746026680
0.58571114529547852 0.40259540906841140
0.44662198385813068 0.35751956174811095
0.47587112122940067 0.14178642415399120
0.30186015542087774 0.51979888408094710
0.15636251304974100 0.40757791605708404
0.67574085450491350 0.62511851289293985
0.04938834520122758 0.71920592770466218
0.03555104029838497 0.71485196364779424
0.12495977672942161 0.55597791282925968
0.70672158734942248 0.69436843639026080
0.53933053131936404 0.34939946925221488
0.57250897391210365 0.45134457300285730
0.42699060762485685 0.52300731733574302
0.60091004164155970 0.02470257521956463
0.30289750295868229 0.19993321889504603
0.29009644136627144 0.87165706966877554
0.49660252855714437 0.07141517851147146
0.40741287694312694 0.87872778667018647
0.49770627147858892 0.73384194545672798
0.41132756901581841 0.75811437054606223
0.16483457870497914 0.28581304310347977
0.18828007495729579 0.82004828294452348
0.45231745107298826 0.51853050768641940
0.33219429065605055 0.29737625025784020
0.46228410240884027 0.89099713857278529
0.30020342761501645 0.20546386578847228
0.83917835836655852 0.14982450036408404
0.67688687915652557 0.50172576099455590
0.25650067372533497 0.55735257827718820
0.72915011183040190 0.06064895027221453
0.55582221957400002 0.67355126835099655
0.50994358545048790 0.05705752981971762
0.57223124774668466 0.07107679952242685
0.70931630658656442 0.36487347148510596
0.58956867765788112 0.79085343114253970
0.13050823787377636 0.53171291207558069
0.03338145035717104 0.57041232985933921
0.57619264182808383 0.81382536923089599
0.34089460671113136 0.80009215476459261
0.24567561253954476 0.53189043796540048
0.29332723449739306 0.30707721599556248
0.64713481100042436 0.19591325416411931
0.39103020684311551 0.87147060758008599
0.79602391381645277 0.32691583920428463
0.42265676070212815 0.88414946186980059
0.08173251324088353 0.73720147291278637
0.63694188121933393 0.18596816546170886
0.64740817017565289 0.37734354171839435
0.84927869996764294 0.44087096555077937
0.68678617818144083 0.07450410296683986
0.48111851003196732 0.59593508269148265
0.73228036340131641 0.57676420448555032
0.48454488990295019 0.72548031894464338
0.54019617731348391 0.75054263672106647
0.55096480440378381 0.19559921753086290
0.31285110730776766 0.93689722839443845
0.62836262246371088 0.36829835524238347
0.58450864150004411 0.75336569577094425
0.47252449723124529 0.26586617965208281
0.80604511488809516 0.48565212821624737
0.40785846262376635 0.57937594719545793
0.79921638479227441 0.23390131209262691
0.61775446216581809 0.12130561749401458
0.40087866444550219 0.33099325496660364
0.63239810912402583 0.72716953464435230
0.24283914746276533 0.79023062512820097
0.67058404419021334 0.58758535599901085
0.63296842189551217 0.63687121613917752
0.71870767729143492 0.11333404093231295
0.82566582283003775 0.48218361230339279
0.50718190311337852 0.87035945444330021
0.04626098336906160 0.55064342783175568
0.19943806736460998 0.47879216311893913
0.30860805813405984 0.15447270909115840
0.42614869555367618 0.93279027426103389
0.22044875351630625 0.45913039526602212
0.19576807805271845 0.24130872635394557
0.79151121084254095 0.57540552527800470
0.72860373833814118 0.61102102869330210
0.53439671929126831 0.29940743682934973
0.34889446828920029 0.75305553546756765
0.09555270943654137 0.75802350740654167
0.10532379504664241 0.66304826748643841
0.13110597062955204 0.90018774329441209
0.34859909759350938 0.88493319107523927
0.18163306488141642 0.61697433710609972
0.05819709602589851 0.74575819098161666
0.86807926834029792 0.47761289565727122
0.08493227800781411 0.69178333386875124
0.45860473420970982 0.09406211666090630
0.70385609308086927 0.17493182305256880
0.28642226179348113 0.22825483380157477
0.14817771646107694 0.46338743494174750
0.71405728006543889 0.56578190467247924
0.57299248990561080 0.79063992623613899
0.11553198950980798 0.70441284124180592
0.55204917837128931 0.24217330767902512
0.33568626368368920 0.37615830843697662
0.55682911126749868 0.05215507214045274
0.51629484783800594 0.64876404114523578
0.61407926685564906 0.70326152604959169
0.09092622520188617 0.70307467326725204
0.75437734301161563 0.40306222064297781
0.39231500950625398 0.10128543292390124
0.65838978537755055 0.65621943331387589
0.41543644621483516 0.06954020742306320
0.77543543106607937 0.61518933200725423
0.16432385014065259 0.34485209785663706
0.37477487661738496 0.10377513856835127
0.05424045921331879 0.51842513195036521
0.84550264035905265 0.25857354819698342
0.35887181549929570 0.22877431209743118
0.41085266236479351 0.37943995186729662
0.10930357220653927 0.42295518683600786
0.64320700236987516 0.78616741697267500
0.09085490470830672 0.35921548771175943
0.55964574207728002 0.54380290193687308
0.07914395601084136 0.78736499044496655
0.34068563041765498 0.69072403763336443
0.86350769033127106 0.37442315854108693
0.16817640084674274 0.92265689690183128
0.45533601318576500 0.14792175915988204
0.31387280093856185 0.19607822841935882
0.05960673569219364 0.68025326669727348
0.25718173250534904 0.50834885600056579
0.65090318471337927 0.14692310247487075
0.56313004155491220 0.74223674398592132
0.32748476755215750 0.79358836842624336
0.23340192482918326 0.89331799883571827
0.76152473704151569 0.08751915396358105
0.32674766391321836 0.39554286852461845
0.43257824176735027 0.63155061979941385
0.69396781063527813 0.16358247306340162
0.29917617013586639 0.17621202504389685
0.71837280155176653 0.68339969749781726
0.28872530955811432 0.20729146262460102
0.69915851321323297 0.08669390809298798
0.37223216169328627 0.70528172292631808
0.75023123644514622 0.65866715341831839
0.57644147646576094 0.53775365088057170
0.33934099533696188 0.67546382660845228
0.56226866933953157 0.03961374512941478
0.26785566241477421 0.21868507269001705
0.44757060423851353 0.91058524218276349
0.65602001517015529 0.45894303576670648
0.22509188726497920 0.61439890461737789
0.77541735659675859 0.53864999899706822
0.05672148990880199 0.82492929174862706
0.34958890694706002 0.61020174999190957
0.16735556132080737 0.83261935234504936
0.07306342164115577 0.58973249860347754
0.06255333349358062 0.60926973918452010
0.69398118318476021 0.77080188974231556
0.09818656394882160 0.61752603048173260
0.55574441070104230 0.64069191924747637
0.42795276161093382 0.68834755534141978
0.76889415058178734 0.64195153308345276
0.07607524219332330 0.36598027139395023
0.67823682908093741 0.51910554899391392
0.80250747654314381 0.55844776419025188
0.70851353000389206 0.73671644226887878
0.06493741190399999 0.63920079745708946
0.16494010465134784 0.47456475584835223
0.43531577555556639 0.81603909661345120
0.56742124342555011 0.18457004836673246
0.29134569842937436 0.95664503921274613
0.35095809694842206 0.24634491801270364
0.77958138968089663 0.66801408590884581
0.05403992084816577 0.52395767967239215
0.49381910252826966 0.71275031025890323
0.10412253009434969 0.42646442449928823
0.31923315584823608 0.92404961096070526
0.24725550541228133 0.19874755173070346
0.71931915950749736 0.53743876202450480
0.77877558832568483 0.31500499118843417
0.11718140554810855 0.61331965321463211
0.13622037103958257 0.88970248081050818
0.53217296878658560 0.17774391243290463
0.52677454601346285 0.22992715831658042
0.70576965749889753 0.52528246467303807
0.26096804769895321 0.18549290757959841
0.05432950897150046 0.74316017237872611
0.17643110334570783 0.82092688143354087
0.78829020869028443 0.16088570233443900
0.11489719826144623 0.33440793998328544
0.41119649233388000 0.59437018629502347
0.59257175439674037 0.52632245509529096
0.78538690762232333 0.41405609548010747
0.61026386805861144 0.77499445761193675
0.62802897645952827 0.66087330374807129
0.14630012242896465 0.54755461377781200
0.62309863770750706 0.03548298810649541
0.67704580969606376 0.14875247797715421
0.52825325014277591 0.13670664360157370
0.49618476985490728 0.56347660834943736
0.68755682708156662 0.59396662828047331
0.73897491836863582 0.73399895997839049
0.50471745634373089 0.40893031290772613
0.20309467709858287 0.73250468694606552
0.72841395982071899 0.21148492395368332
0.36627619680403484 0.91717280525085543
0.54227557665523340 0.81001605906991792
0.45819270140916801 0.69637572928048364
0.61677102104828341 0.69193741583312296
0.75780317465807823 0.72026907909685578
0.08347521030916613 0.73267068496745347
0.37159382702657123 0.17515783657981099
0.21240672449246481 0.42026584407729956
0.74293934433672848 0.11530289404381751
0.47297128621203027 0.33376355704569843
0.81845283501541455 0.19253150981180595
0.18505069789283027 0.86829789955877668
0.11066688307503829 0.89612519206153962
0.63088627061450953 0.07191410067161880
0.38968672219408695 0.34721160629389630
0.25173255322102900 0.41704727434211947
0.65680272379074967 0.48548978604096532
0.60671218220267586 0.46611391269097435
0.49967413435195268 0.74109058120454507
0.84892978535481411 0.38982731786171776
0.34051697076264403 0.18169416252193660
0.47036700587304875 0.18826389423025897
0.82322795564718976 0.45649127044055504
0.31747803467289404 0.19093629120644226
0.17560198107296029 0.38911248305950247
0.32745863408215586 0.26419186427209668
0.39988218966107497 0.36579127930934136
0.25978863639611749 0.17773542343622387
0.53301649570933263 0.74026017200827832
0.21698894183017906 0.23086028379484747
0.79893892676923162 0.49303149150105768
0.44643771250364050 0.38754599257134459
0.69262871321117825 0.06301938035950301
0.58322326615185782 0.53540603904911865
0.16623350680168486 0.40637771923136279
0.22083382262846810 0.57328134991833768
0.24776190981600549 0.91405717855054269
0.31124582341223522 0.14966498670915782
0.78465475670628682 0.31305110050628149
0.61055108916541545 0.16357859250069620
0.49432719340883446 0.14372475262893419
0.42128901321872014 0.60410242130612646
0.60289093381920655 0.01858058107511402
0.31548186094805380 0.36023118524398612
0.51516139508539061 0.64123288042836601
0.13596825127707959 0.80621455718666413
0.76229503868711079 0.23302595235578005
0.54123223020199041 0.75714431614044875
0.11903275450586635 0.64600517184247908
0.86367095294091112 0.25772003997577148
0.26036212830149302 0.21199652498794011
0.72668588189096661 0.31988330567273643
0.58729025328160578 0.84516814021260211
0.44907557345752519 0.47144900135690071
0.85372397164313207 0.21409787453694143
0.08227883463882237 0.76207327349207665
0.76736481587569105 0.34138387545516174
0.05308231028074226 0.82957395362099218
0.29361168941175209 0.22815765255366438
0.40107917687204808 0.11712432861876633
0.58799341257698301 0.16565443925200013
0.81118985203497429 0.14280142923281483
0.67515565058424087 0.06333887750296770
0.83594456888937363 0.30690962522471943
0.16629433851966530 0.74987584369816318
0.74968325729284491 0.46049003439360181
0.18420075547155540 0.28910906069560821
0.58378623307535737 0.80560650709568915
0.27577902540382537 0.61261600443205677
0.57420295870725091 0.70141856151613380
0.58811277655313643 0.73059400917548234
0.54958430311691420 0.12151240830030284
0.33396958600844634 0.59941545742683988
0.80472154036105725 0.38599353188392677
0.57859780310399578 0.30492121416126095
0.83744722622067747 0.43743359809249205
0.33075434244631796 0.53106443641872902
0.05232598720950925 0.64096038875632411
0.80343266194792429 0.62877281865092705
0.71191233809638099 0.70200165426668881
0.41553945998019487 0.27338991494746323
0.13875012009408225 0.61668857292785206
0.12534016893121591 0.28989396945340051
0.67740432840756359 0.21726986789191685
0.76022339102039926 0.04141929735956162
0.28237781691199881 0.86354390581749285
0.53121774104324926 0.62492997588335653
0.54044203547033731 0.56906022705906978
0.68282950525392194 0.10595202099052801
0.23077908679154033 0.96534112991800625
0.31463572078981650 0.27763749552983658
0.29110125934826780 0.78172336870390224
0.12145684621351438 0.74954230177534209
0.07136355775745631 0.61191117461084232
0.60289537374130764 0.75241128732187557
0.69232678161150818 0.05827023993158761
0.14519085911111365 0.40142535223042913
0.33129568782049346 0.95611052404930674
0.32777589174791166 0.55893010889504369
0.10320226820078514 0.40343145985987700
0.68719215753850205 0.73194654891215416
0.36363018183400525 0.89415549166571873
0.35951404079021126 0.77178871477826227
0.43091524944416387 0.19372424583354880
0.78603532238103746 0.33818490957742237
0.81989829879971354 0.23685566152665133
0.73068811426312097 0.07855615326530845
0.05692673398540703 0.48695044516041858
0.47157512640480148 0.86304365121082960
0.11413331380568660 0.37048736188842935
0.53970879586891207 0.84339028990786713
0.52619203992142449 0.63003006969278030
0.73554582411436298 0.70067481458478575
0.23797573592375637 0.48430578664025720
0.17177088940963278 0.26203505263398724
0.23819408373151618 0.94472347767507492
0.44486402812435893 0.07966192153170013
0.73153158659558848 0.40917991427100664
0.42374059970778138 0.09844267298221059
0.18458477565011525 0.51072053168237919
0.34644644603821539 0.67536032788842704
0.58883793147393015 0.70216577288258442
0.24771831893133300 0.25241361091770004
0.63875050616081352 0.04598598750919965
0.78851235541937592 0.45670236248476709
0.49734070273251368 0.90935100779526445
0.62873909178053244 0.11543488068901045
0.30260006781720439 0.67162400528681054
0.60896734201186020 0.06978049716802362
0.30983373815977311 0.25617275161111952
0.45889904448841240 0.25352646130687556
0.74497877094509224 0.61435914358193899
0.09843212168075784 0.82876963121678715
0.45943398104606781 0.74331392310975364
0.30471140043401646 0.81533460246385836
0.34162335972654928 0.75019143905707486
0.49582303488766938 0.88021015636538724
0.35352097716492609 0.75786626150106196
0.31647870404898581 0.88869676707944512
0.12344495297458627 0.85571569792037128
0.06410093552820068 0.45373788824166505
0.76755538665696599 0.45623856680501979
0.63771941598047188 0.11175819953799646
0.20578055390327304 0.25198677861356211
0.09375612294100703 0.40139203572667836
0.55162387656553258 0.57914910617471294
0.77093881882752557 0.18496499906221553
0.34332961391728495 0.13462015738346458
0.11754816547977619 0.37578526217998448
0.08947595262385874 0.38095980373387200
0.52986248482718279 0.13013968334699882
0.81779109989352727 0.35223799233249620
0.58578580743549935 0.63846226719626276
0.67737603728322937 0.54940538814875683
0.66133697496458210 0.08841580544526781
0.49044683834509062 0.75899149920791753
0.04044661159978297 0.69410637607789649
0.11329975218501653 0.79100531516165407
0.11910347442104652 0.42304297679216446
0.47826781365077659 0.53332396577952801
0.09991983147863538 0.77897710861271496
0.27964171547828182 0.92748184844466330
0.22024142986397202 0.86594401314892111
0.56639380829085872 0.28143679475726829
0.18919287111310129 0.69425245699710447
0.58926014629597734 0.04361827803080019
0.18049717369849189 0.23121128219114362
0.35389789820851703 0.26095221915753269
0.39313989688060419 0.17865735114478090
0.30458362718707382 0.17552353899336648
0.09766920542777567 0.78881960536431250
0.37793384146456582 0.90652573928006130
0.84452372618928140 0.36808918962288456
0.17435996503452741 0.21249731320379892
0.78347118608920330 0.58064560526586506
0.72474470153626136 0.70274278899735099
0.57272977397975311 0.22274469591285723
0.68931530835806620 0.25778447638288432
0.17692502991972850 0.42689933154030008
0.21031327619264187 0.56805136154405289
0.26913628896954900 0.25953369100476226
0.48272625811255149 0.07601159845380506
0.46892527485732621 0.32756627948885314
0.23448057229291733 0.94025882316771414
0.41064996526811653 0.73125213252026555
0.44021898241261070 0.18445522546733562
0.47361291468929334 0.21074987165499504
0.63462156937587322 0.64798360941288025
0.74288298859275836 0.69123686329759404
0.04447577807106636 0.81601476516661420
0.50093682935776718 0.46675082755618325
0.55862871035657280 0.35108427218166000
0.40743327101517823 0.89629563747856389
0.56016468002972009 0.39112767754522704
0.56788267152292571 0.15751304425856855
0.21695233751930706 0.66371581498222920
0.67753245983761101 0.07259443474647562
0.80153444260641449 0.08944937119856861
0.56689108719529735 0.23947942930099117
0.29139274401008691 0.81947085436815037
0.22377611673884257 0.48771171308597822
0.62994397790696366 0.18437330370267233
0.46496732737097995 0.26983172551418599
0.39540370670316471 0.23268316360857180
0.19653901877385657 0.97230253277819167
0.36817054973034891 0.41316214567896542
0.78177914989334396 0.43980444584780137
0.23254600404619166 0.98591245733787947
0.69128385450740071 0.79918765325410868
0.30777726162103997 0.53650322691523145
0.61969023157760028 0.48422906959797807
0.18309352411025231 0.60375662463226132
0.15058007422437528 0.89578831444912177
0.76478815684376111 0.20329488034851267
0.72256362423382248 0.65774428190751677
0.06340407490787160 0.64614705279843798
0.69760564379269607 0.22493787163837531
0.47713939413010564 0.87982259314898081
0.54144443324645275 0.42415386115028458
0.72993578298368544 0.48020018203519221
0.10305969113196696 0.82871171064094074
0.42585588821751319 0.17872858366171165
0.06522842191699882 0.44026516728197046
0.57672848892811612 0.02992537778519082
0.45279116633849698 0.29462850338893237
0.09808764663110915 0.45341242807354903
0.15828634254024276 0.42850971402996291
0.64911896320151052 0.18929571485684527
0.20648930296010318 0.96397842131791533
0.34840805193566976 0.26754668461997810
0.22261498100156671 0.65948070720955232
0.59216889357423586 0.09301332920470957
0.63102964181399679 0.41280196785051337
0.27166300167125540 0.82090101314839881
0.42658215844229336 0.23797998492051503
0.69966115961713349 0.16068943706113095
0.47730586224629340 0.07623842393807252
0.44523973961380148 0.13669348578358784
0.21734874181871791 0.79400194498190579
0.65873316680543426 0.29697447234518287
0.77964309368584672 0.15370423377920392
0.66888636711485838 0.62268514622131399
0.67262952116315711 0.09298140547554563
0.34828994929977142 0.93888512401355539
0.54544969705581869 0.40390046918094386
0.06012413037901707 0.79903306802627427
0.39911925353256961 0.69188301870209568
0.15024544863608749 0.51868736312649033
0.67454053807289438 0.05841162272937288
0.72272037750381113 0.09454869681723026
0.23087530534839501 0.80987415908179861
0.66385948933747008 0.29088961131696389
0.75149232051997816 0.12532013717414253
0.50506218752319421 0.32253384434521831
0.28362570238795737 0.55493303433045638
0.36644357782114473 0.25687380387441083
0.82701700053260541 0.34442558844061288
0.68190240717014505 0.16010096741876903
0.70609934826177623 0.06410745081948119
0.56460448170467259 0.05038030702001928
0.46481070015572784 0.90487798383051588
0.19862293590877064 0.95640278014263669
0.82384190193041229 0.51892852150827395
0.63617399702961619 0.32526152001579406
0.71560338216446606 0.05229581360597838
0.17421079899460246 0.27282287441989483
0.44336492066218552 0.15625205236432524
0.26881793286877459 0.36110334336789618
0.52831705989680111 0.59280661031079618
0.24997043127963012 0.44344962082518113
0.45121203928354137 0.75365868156112203
0.47549324677645777 0.82980968608518924
0.59458591326183863 0.65484743463074735
0.31055923851842981 0.21614397027398352
0.78836893327661162 0.39298702315648476
0.29079707042309966 0.82629960057835128
0.18243305053235476 0.21082325509985525
0.70151825526891298 0.06209045151473290
0.82430778199701626 0.37433565473528563
0.66197322003147152 0.39564480442165784
0.18010555504374126 0.43299776632271036
0.15712034117464266 0.23963494520615408
0.10874693349193648 0.87589989534636115
0.20543471854150613 0.95667885830995181
0.69121622796480597 0.29120727864589313
0.80762363267302517 0.55595588349358516
0.06635920029360209 0.68694460239320387
0.70370979035626458 0.29741154475158404
0.73467480100366589 0.08718818621558015
0.37825332725519684 0.73465562005495577
0.74513849768703189 0.37570901663528156
0.49998457786719902 0.09917782060333991
0.19268697412761004 0.30297553149531148
0.69588150845289753 0.36000387979090825
0.16374022673862682 0.94885480705713188
0.16261167811990501 0.31766823581329634
0.74179686425215141 0.56798279611629088
0.86051877701176382 0.38656031218381476
0.19967726049322140 0.57176003251715224
0.49036504525083507 0.25109098949093483
0.05596277685623059 0.44729082178913188
0.60248869714395059 0.81549492103679699
0.30216454929648784 0.15940254540388582
0.13182003262600328 0.65242177270444013
0.04515652134218084 0.52083762588837024
0.48441891377283075 0.13588116787269494
0.56558439179651232 0.57437271227711384
0.79090543152307069 0.48533796607241786
0.44796578061755415 0.20266250515974926
0.13594796833445130 0.44511786749078575
0.55949871745589053 0.84555967116353459
0.88556049657052660 0.31024383516515575
0.07928030634551879 0.49159725917561115
0.35618091073316571 0.83091003335352198
0.69568788209187382 0.67023430117384519
0.25763132721156495 0.14270425563343803
0.43513858649596715 0.10409563024212137
0.30809558562587763 0.91110874495030569
0.25699118019334716 0.93394059678431418
0.13342402062270717 0.33866372820246893
0.32225902876317464 0.72899036997032274
0.53771512019259504 0.08024426037862709
0.51937484761973240 0.70831613248503111
0.63150575251030217 0.20652142285431715
0.50262818564304923 0.63719040952120098
0.15201589291909529 0.87687761143803633
0.07151890006946529 0.52719732550331277
0.52024192648852552 0.02704234872302156
0.60327418060107585 0.57086014555614983
0.71019144528255507 0.71932169222584175
0.41756003338010245 0.78432615219972068
0.85166973933442547 0.28777039711594976
0.66734005713720290 0.51315853339646733
0.16091715057431197 0.91447557979376559
0.22045767858384741 0.95973266483637143
0.10338560854068550 0.55343791396416964
0.59302473450956961 0.22724581370625629
0.61253577586699837 0.50938548942738948
0.16054453222805995 0.53166260826559530
0.54773792827577006 0.76862096602413676
0.80910273598268034 0.46268818634032643
0.48091399699499010 0.47811047841515225
0.49927088760029786 0.29817151883699339
0.16905454719188456 0.41911855997218961
0.47769857626547962 0.40636615860740027
0.64718274132010301 0.05798196899884957
0.11763829245252318 0.89538083943576174
0.24343071066898581 0.92612471592792656
0.42350726068563771 0.40163128262744635
0.44711042881387708 0.65202470941318225
0.50412994252707644 0.73073235358739341
0.14891471432964087 0.93492063288779670
0.38950338248255939 0.92567890818948673
0.80169221676541669 0.09818976318028790
0.47890755302553289 0.21572110083000581
0.07329283267393669 0.50866271569325283
0.62075645066529772 0.13638527952469662
0.43392764577401571 0.56197090350603585
0.41377914246671665 0.10537326363730533
0.84839952463783774 0.28213219419039370
0.11700457817046940 0.60272050876897554
0.19954584374811027 0.37622072675544210
0.50798771109494545 0.60933729023898375
0.63983623954366398 0.07368244796948875
0.23410912045254900 0.59955356427916540
0.65739779674779464 0.81476553208592795
0.29389192938357456 0.75304748910489494
0.45791110445174027 0.33511439887594907
0.52653336924517868 0.29679943451668345
0.37204551162798583 0.81102334007729826
0.23626178340127435 0.87604427253504946
0.77548909623265427 0.39011496634306064
0.39579299523453643 0.73374339030089786
0.22762886705323288 0.88214866755007848
0.72541438009876158 0.66608054496154245
0.64880565023038972 0.71640752999776824
0.57480275707921469 0.60344640414368889
0.55635444899309594 0.12630641494016437
0.56450628575149908 0.55608711408156530
0.39652615973647404 0.92716226102506694
0.79990462919692529 0.37523564086303285
0.65985590397036897 0.13881156407597739
0.47546510407275616 0.16607857883599367
0.56171708899298511 0.11157171445034308
0.51639634637245313 0.70254868752810451
0.36829000758064845 0.10994858357411176
0.32189104531211238 0.14253405744727771
0.62946272023698790 0.80983223510731206
0.61149567354861034 0.85391725594251533
0.41155923816621620 0.77859160465717880
0.23178347487912157 0.41130401753270118
0.17818960732815273 0.72072808246035291
0.72480543125078922 0.46157459205983864
0.43910199297745073 0.87497082324785769
0.50257383467492656 0.36540078079045973
0.82869313143320200 0.39682223059545652
0.14944403323443586 0.86812398885418651
0.24633034925263345 0.81047005590900878
0.50677148742226219 0.81880947745672805
0.61599945022945657 0.02050156482099394
0.37132038017496322 0.47783183457846190
0.48420647521252569 0.89982517770567505
0.81658193554225589 0.29607378887374897
0.07151663701796335 0.55161653032706037
0.72625001974824954 0.10380344860585745
0.58471504970730781 0.10422772715025895
0.02666516526349623 0.57865216262087971
0.73974969683667902 0.41923356403954071
0.76917388727421920 0.17408583405615563
0.54378837567031535 0.33532170619057328
0.22734581937517281 0.54591689470947491
0.69696988293488094 0.06013776665564895
0.11106720622450508 0.69998130327171526
0.53797423211304141 0.10047877101460763
0.24114777746110638 0.85667538635036156
0.26640601307134160 0.94742510927632506
0.82717644224399767 0.29306579662961096
0.59726196115715058 0.08384128886175780
0.46341314312172333 0.10343916969540859
0.22661566268064665 0.17447224162139488
0.40519035195150122 0.74532724442205533
0.09487777889192790 0.38211753655650543
0.04962455978087099 0.64954275439790854
0.30439863201895029 0.44979436574941750
0.15738210624891524 0.72316747056916231
0.39542037559822951 0.57933738928908085
0.57908539196774445 0.52219666392889152
0.24788999507439138 0.64668958898731321
0.08814988372853071 0.67614829843655755
0.34449887753631991 0.18698134902310892
0.71268377814927530 0.50998992023082546
0.56979635077658564 0.19758462139067978
0.54829757121643830 0.48292751218731628
0.08071868753549218 0.42396270289713639
0.55710048046781468 0.24805943328669544
0.48623091265942114 0.64697078730086666
0.71569830570654669 0.52439592745230157
0.69554678975103978 0.51786573561905336
0.36040985862352937 0.46006431533509917
0.63943222651027354 0.78996478686983562
0.32769198637437247 0.10624614156450266
0.41773589008025069 0.82736761415938198
0.04844248239123498 0.65778282946606192
0.74497767126111836 0.47502677719731035
0.46492128421015461 0.06629879208971885
0.41020315530493301 0.54283616896436737
0.37250706424418012 0.25130349084264975
0.30446325933927132 0.38255594152166655
0.42108109320312725 0.53423104264694532
0.82184697939590967 0.29443752266214351
0.51100238243883811 0.89379451470282922
0.12084312966051944 0.27481442881599233
0.47078607799574235 0.17938683324783675
0.20834205893350907 0.56058495902956706
0.57694258610825688 0.07207881395002651
0.10153541199330918 0.43510625084947918
0.54837425680454721 0.09656143798548611
0.06222498972265584 0.61899772610051618
0.53139324919528108 0.08703931209769757
0.08083661494344208 0.61479803312025771
0.34036037971523625 0.72835901174657502
0.09852909510061543 0.40245707719065898
0.16317021083990330 0.87418932761703749
0.59420230641485661 0.80245115082142326
0.02607587761904286 0.58542406031986793
0.53380720483136868 0.11221846029212418
0.38360905750906049 0.80685183724948439
0.05642701197966334 0.86350902329861712
0.58745078817864194 0.74290603680454936
0.70050039574255329 0.57984886009440595
0.09912812379746083 0.78397893657684226
0.38054762332717457 0.35394656961128412
0.19229113956323060 0.21748490462373143
0.54183563574557392 0.55925882671533245
0.13197403154941209 0.83260880029378981
0.53225273176361576 0.32580532404459389
0.72945571928634501 0.49340812168503678
0.58461159665256690 0.29684225614117454
0.65645538154655558 0.60024208017316028
0.27893163194245141 0.95063569947680804
0.80764144371957036 0.58538579226265430
0.57215871819364683 0.14120723663904208
0.37665915151390150 0.84537447780738051
0.06306253267216608 0.39112612546562492
0.62656143108752416 0.79411761077145560
0.49631203765335263 0.69435629120655018
0.39687170804501015 0.67608734511169510
0.28693479612418787 0.85879291409533975
0.05555182320796718 0.81314506941509690
0.30044134249213977 0.62008581179256295
0.49683862872626489 0.75967954877454502
0.03208047131883678 0.64884080570044078
0.07466295819225229 0.43621188774519809
0.15115897312637647 0.65826121173515706
0.21938718495546827 0.62341327279602399
0.33116704161519350 0.73919260457676350
0.18595320925759393 0.44582679834544214
0.18245652635721826 0.25943592419310391
0.30099227524329952 0.55107344782047385
0.05642636920511049 0.73873181674077604
0.05894425512785552 0.58060144681711801
0.61769367735922198 0.53000444624033671
0.85479357650886711 0.49047716535751573
0.53188630154176764 0.54482869449413318
0.72328441003386068 0.21665536280403744
0.15038060174189802 0.39791782429145323
0.42423310532185415 0.06113392375555438
0.51235782834685373 0.57650736785471857
0.62441774438018605 0.35417092048067811
0.39256224106154619 0.91666488045694527
0.29360321627834024 0.79771926289668993
0.23111257041578365 0.38999172942801746
0.35214996048791464 0.56112253656012923
0.37830832722227681 0.65659937761061182
0.37162329613843104 0.86621764551997826
0.68280444828593068 0.64168052764811823
0.72534199948716793 0.12480001053245063
0.50959458845874184 0.88718708696113124
0.75030074716026374 0.06529268605092943
0.25736189334397885 0.18214265843979702
0.48177445085469595 0.56049167315155701
0.59699202765328374 0.70300095659660999
0.36535205135742810 0.29478668160563465
0.21947863244723534 0.36235063014636704
0.69490241286129295 0.67633616946954778
0.44202523506816660 0.80634474869214878
0.34603782733025484 0.89625995866399277
0.32528455085803210 0.38840640826390616
0.26157114894058642 0.91452919259382481
0.07443784485740849 0.87308167843468609
0.20165328319017639 0.26857279910835863
0.76527327549289859 0.61294146179469355
0.19533363632373052 0.87544788779454674
0.74959921473106572 0.63408401790281466
0.11061064251730926 0.36156733081197723
0.13554522374252029 0.48527174814891877
0.57603641419264262 0.55674361079728707
0.47405000393030056 0.88462201214191605
0.21416073409204067 0.62832068050977885
0.51230361274502290 0.40966834446254669
0.14814591142226319 0.52563637410716657
0.30430875118425155 0.84276443331479001
0.19324750161987664 0.94508511924620942
0.20656133621934014 0.69592743523663525
0.70064817116312517 0.44974038722330273
0.42272033445097701 0.57737070862919859
0.33394606847583574 0.45921540886107987
0.06474333645121863 0.81799262374759174
0.40923179880066485 0.64817015372966236
0.51277401801851319 0.10775348684668955
0.44922714266056246 0.27955437797176336
0.60025658797316994 0.39603314828932590
0.58063072644949976 0.80982607560009201
0.61595763353135824 0.54480119612360645
0.82609563430036437 0.59939127151774485
0.65270927940500356 0.19990688405584953
0.65206131038183912 0.50315838860300055
0.68234547192959982 0.33553209433257736
0.04988818821173436 0.59559712417203647
0.20316035899587120 0.34494112276969613
0.82692112494667613 0.53709630775022255
0.05279021954551291 0.75326504735766298
0.32836559796464376 0.65384576869672495
0.65105055336756501 0.57234819906162582
0.85537240708359485 0.28113333733423046
0.24795989573078922 0.90845263615251948
0.05745564935161966 0.68484636340705973
0.56968483977055240 0.82792409962083724
0.57485922777401266 0.82860436197429055
0.66787261361338290 0.17541946173759931
0.19788748372736184 0.25412127938983226
0.01697191326811739 0.63335518130269908
0.80403527549690990 0.12607398421764182
0.23632855599021810 0.91662780581709946
0.62492508509519895 0.56625725803225380
0.27502438352044972 0.89314308808131326
0.09519068189420743 0.81218561548728252
0.12627181110830632 0.73404702525522647
0.40485581827124101 0.18956975076882149
0.30386046294411678 0.82930700738519758
0.28590824101199980 0.42560934391542632
0.04059152113195482 0.85554982621501507
0.83877424806829748 0.24663536614658962
0.15786057413208193 0.26675311379842126
0.42767124400327028 0.13389457925918075
0.68916250495687792 0.54100662585497783
0.50258403411107722 0.33755320298667590
0.62115643846126756 0.12699771511786845
0.69297605359655634 0.59050056914143412
0.30181951661902179 0.14045387590124950
0.69012129123608013 0.25077054108010299
0.44656352894761320 0.21699278399611982
0.34503572004301408 0.81847362389577094
0.49530728628128068 0.04225504980654437
0.09689945475686849 0.84100697947306691
0.81910087874544935 0.42524935657836238
0.27655392897079428 0.42927961937580267
0.06831941306051116 0.66338581664979790
0.17741177357940263 0.24269992324115180
0.03801914297035098 0.72931842073596120
0.83171942186686265 0.38163838305606246
0.78769015688836141 0.16899681837011157
0.77515291504031814 0.28349154402560811
0.36184617309572670 0.39144305247968975
0.68181066866671480 0.43881838611026902
0.58319808152197339 0.56806490206344240
0.24415500884104283 0.59380939798159749
0.68417751408165184 0.36699731354273318
0.58048642765021030 0.21107225181535749
0.51164375826401765 0.84900256579189814
0.15439414324572079 0.28579729375227075
0.42968511706117474 0.90780674334449962
0.75103015866174638 0.28774193654975111
0.42712850649913681 0.67222127262675868
0.84302524730209738 0.53015969774722349
0.46047678310343942 0.76986756261012490
0.30767586241246503 0.17902064948298427
0.84721592237048904 0.48893965160538944
0.62941677536621843 0.82308864118874436
0.28753697097808772 0.87739181412079459
0.74833054798161447 0.09615396727941761
0.18945790263026813 0.33357528650371038
0.06903120493847757 0.40436809123544193
0.47283438690940394 0.09307117958775288
0.00432001601616777 0.60003345352882076
0.75667882660839891 0.17160376854904782
0.75432344731283607 0.68181322909468733
0.13448226023830578 0.92625654878592367
0.67567919978677271 0.08579710629986802
0.50335725204868054 0.58445370267926522
0.06574911619866158 0.51518648321251126
0.87862916711669192 0.25270823801802639
0.56730919426924797 0.20414574251130374
0.67614785834399482 0.71427984983702542
0.27665650353881793 0.20134631673920356
0.60676346969003980 0.06045603411659915
0.17746147236197024 0.90065891762700556
0.09682335609618839 0.39227192116911880
0.45614521671023700 0.09799388403196634
0.74322108160792810 0.09556188069501875
0.47668705556437718 0.32618525270397047
0.11124318224560421 0.56611938433632691
0.74240590629078407 0.57474931921233874
0.51968143246397613 0.86116264103379281
0.05133293113238832 0.63163926748261534
0.55614677951999425 0.17320632489469892
0.09407711665168320 0.51889317376196120
0.62140923569022666 0.79730603402049038
0.48406053969936302 0.94120970444208629
0.07311106900217793 0.77664173351648247
0.09437007362278611 0.37690527153837644
0.31157503406736303 0.20314747168977049
0.07985096287343421 0.41822176148694756
0.18887208244736745 0.43654103094882490
0.12683030467463932 0.61126159463755103
0.59220968464470569 0.70729977715215009
0.48214678816529022 0.03464795363442021
0.28597292769113641 0.96228242471258729
0.85952044843915942 0.35939774310951783
0.24085947462950924 0.69953648430322823
0.05152947550924449 0.77013357646239788
0.81123762256121701 0.29757284979820886
0.09496398257970283 0.42491858978894420
0.79183853828020290 0.13091075416111386
0.29670334012622951 0.60602510987679259
0.60641706982832888 0.66131745911771855
0.52608336555963675 0.42003971421912090
0.45671035059795068 0.53322282572127933
0.63014633685402111 0.53363039705143989
0.23070438088526238 0.88777610477913993
0.16385308675651919 0.61897236952267920
0.32594787858491664 0.68852404848830406
0.04541990428658804 0.69405798161915244
0.67563940248886412 0.03655733418462034
0.43382600080045425 0.90404152457721099
0.38379409709116458 0.92384137331102067
0.08054351331570228 0.78293943607265915
0.82624902445655191 0.12599742256695526
0.23059510700733871 0.79859309575602844
0.48571650554448337 0.83918900645552230
0.46256641451277769 0.15330245275814433
0.36008370757389341 0.45285161288220871
0.44981806935499036 0.07927569869391692
0.55333660571885568 0.54720401852101686
0.06737094611808109 0.58260795784003050
0.53798856566711650 0.20960985362051471
0.76019816350030167 0.29651820231628045
0.08881867481711957 0.82991066702153193
0.34699454983378791 0.45952827094638266
0.19326329371421544 0.76716073150594188
0.45859056549210320 0.26065219416911828
0.28785250898275377 0.21402633957654094
0.06753248182205951 0.48621176205663430
0.07027987899550006 0.56846304001034265
0.45325570359175477 0.06772568938058939
0.39923394392333156 0.62685312543661342
0.34711229806369942 0.13774135893871986
0.72623188923794768 0.50032038148116076
0.17001519716136948 0.36165752978290627
0.68744804846059182 0.15134434601439700
0.36625104816836812 0.18717874349206590
0.81609695742024735 0.38793626733308190
0.06552810782440101 0.56977343306945860
0.40745709257772811 0.11922132902243865
0.68674406542307775 0.45241955470698902
0.65915718919791089 0.31131294449899077
0.80948329560378807 0.29160555905549501
0.44753678554845633 0.81854892921199229
0.22974639048242995 0.87644495651082666
0.83293544821389154 0.34434715900770596
0.16199063701695418 0.29014555652668533
0.59718910672781089 0.56754811775513725
0.72085219066096085 0.36132643468190190
0.75610273978937204 0.67589821145937645
0.74787839823561320 0.31924469073311951
0.14708752306272802 0.64850397383282965
0.61279304230670828 0.16972370357012351
0.08720140131547915 0.80097658342503397
0.14789660536024468 0.34603601139666212
0.07675012422653220 0.86729618499440686
0.46627453717589218 0.85262473248162973
0.27888871863124931 0.37806897370214981
0.42022215179834321 0.08996387293184119
0.17897683102620862 0.88907226258369065
0.45851999414717842 0.82441080605901174
0.60267247990790740 0.58434582399469570
0.58268808082065504 0.34978473272087440
0.08885080635615905 0.36457913178908158
0.54140941297004186 0.05967039152737684
0.27462691468227801 0.85307698676389532
0.74225791026420418 0.18968325728859167
0.26497958170722052 0.68096287719640958
0.49574071470455711 0.78490114993320093
0.44784850079868832 0.62768782445685944
0.29521290826061353 0.53735661120606171
0.18262303728345736 0.96070374116171031
0.79450604817389670 0.53112594413503633
0.03067458885800394 0.64272789042384570
0.40430908509457836 0.10845205372605575
0.76390233305292621 0.22673684506066663
0.76205846238344732 0.13948897172971408
0.43830899895587966 0.06759088013923596
0.40307538459512532 0.33930191637457041
0.35612427311472145 0.12256381703010957
0.32507527339039938 0.32479532932148714
0.51973058995753907 0.83172831500802724
0.26154247592953683 0.33072894326528701
0.37560099065759889 0.63623817199991883
0.31370538427566502 0.28455925948865923
0.73417369099698748 0.61908757505283074
0.09723487771193538 0.62359968113952313
0.46592907122670385 0.07111576359292844
0.76097051043063513 0.14501049232928159
0.77895269619144381 0.51965242937997025
0.53784529032682460 0.03175227469389585
0.66258695372655940 0.74981755367273006
0.48323367906300574 0.53946270365377225
0.39963350270388426 0.17909933118888866
0.05078351209647306 0.57842121421550985
0.20539503318949212 0.58112049267340771
0.74161287597208680 0.13890765864644453
0.27078191613264901 0.44001489428330282
0.56946132485280465 0.64346902930073901
0.71312885486741651 0.12547177096085932
0.80185492260540414 0.47571105294169075
0.67166128583459195 0.23044912998604244
0.31568280943835153 0.14775127656698936
0.23991358256608478 0.89326567655723699
0.30086279559299189 0.96444966498818407
0.20233138583440555 0.50972728262247624
0.85187832646960870 0.35155706827884120
0.63781363343206898 0.08470495528837743
0.62105331074071202 0.72255149181652256
0.05026678289267864 0.51536834729899894
0.52994389922577367 0.71613199826981655
0.30706294186942323 0.14106318117802483
0.72099433778256417 0.54907289326981767
0.23540450122016707 0.91109469250881181
0.30300033051727859 0.14563708323515415
0.64353579934259830 0.69934057246492287
0.18832323169558515 0.25422382664019688
0.09840684306041168 0.43952057370312830
0.72319821755035174 0.37738606694285787
0.53209326768823884 0.60337914068399867
0.05846751850678153 0.69742493508519743
0.14255584177039460 0.38943143308017697
0.69911950765148956 0.59300566888666295
0.37120714675307021 0.60053433829534308
0.71545331713931581 0.32812291211788774
0.08416537354317521 0.51896660269420569
0.64886461040787702 0.32340665147836539
0.43263260428112726 0.36168030143923752
0.71515019676852110 0.11979716356958228
0.64050769296930432 0.42418552240434698
0.32172403377632375 0.89174654628322325
0.30554855563098648 0.43535794085903751
0.46030735937242312 0.10738901621963080
0.63075314371502622 0.15822863416271138
0.06128311894149180 0.84161833778960438
0.66170948518093209 0.72044645870690838
0.81036619750648453 0.09595936579081009
0.79453321259281329 0.49020273469871956
0.41743055855522698 0.82044385384557217
0.75603966924335020 0.14082949585091903
0.39425807829542370 0.77062853511220364
0.33237809433729221 0.87648526629599810
0.49561296192072152 0.31193284243793157
0.70886720140655002 0.11856623997196510
0.75367393995348420 0.54349677844933708
0.50537001440795981 0.53532436040928122
0.35898059388658660 0.35334108170039785
0.66572419591125520 0.27769954763278065
0.24146483316935849 0.18468247407047200
0.24344047582706008 0.83603300492097676
0.49563173235067171 0.79755230880642847
0.16932140318413766 0.27207822495515449
0.40382028155325761 0.14186314937227298
0.09658793016325964 0.72384260924857846
0.29526537949476617 0.19580578255859329
0.83795317039774486 0.22731289613756575
0.37142546117980191 0.16401143797638337
0.44105700563605915 0.12416478078675083
0.03318632675030556 0.65398060065995567
0.51416563596857390 0.66252316112831733
0.61294881749171204 0.21848310900552412
0.16403123292598684 0.90296635137983183
0.46848054736442268 0.62389193666789189
0.02379305090805942 0.64199374444450918
0.57210594352163124 0.76682802153259533
0.67615790097803707 0.03110837609578625
0.04125950272315380 0.58778043565500482
0.09483406075189198 0.90191821205014588
0.42944853237096431 0.45928999686763566
0.69329070540524196 0.73373408220950398
0.42367268579149842 0.69409447440319116
0.23120448623266998 0.21995805932245815
0.51172033887385016 0.32565278505464157
0.19844381971198377 0.40197216429409210
0.70093135810158003 0.71321660400675635
0.34162210473865884 0.23983387173144380
0.24699190813272678 0.84166583732993794
0.35253631084663206 0.69466383605360438
0.50124148144722269 0.70058137901492246
0.16128500307021290 0.23360614238900129
0.33389239215681843 0.68962052315260702
0.70805015835066509 0.18029590372631771
0.19805886359202943 0.55153121614726663
0.36571313972075808 0.33417827672892181
0.38326955977872118 0.09440774151103376
0.24702796567272278 0.27095171090975184
0.45228135473947784 0.47812883238030218
0.77161399129995289 0.49284372006971611
0.83505724564708539 0.35527376909871289
0.73780169527855111 0.46201242113016239
0.61934873420845404 0.65897011828060859
0.05944427997447931 0.62246538132794416
0.41194184222584712 0.15598592172705913
0.46579753962450782 0.88706532521966786
0.49056040681203306 0.40059503585650647
0.21237365687147008 0.36658327272166069
0.31354223617740890 0.46665083212666786
0.09913279903297194 0.37297961778342231
0.18747914815191460 0.26823461169459245
0.05027602113043641 0.61007818422319648
0.60763202623275758 0.73631186483145994
0.51839042720200301 0.52967561190318968
0.33258624226818739 0.71050583580891924
0.75502736862190456 0.23469303349913673
0.30337541631711556 0.15484985667575277
0.67546547725568884 0.40105841729747266
0.33706156535017007 0.09225741049949614
0.17347171933730221 0.83421174012762989
0.14659285058962987 0.70542578483147267
0.43579251142570086 0.11828275383353477
0.28348512203687531 0.94141601932045993
0.05936938664192643 0.59377664089248172
0.10144603670827548 0.41692511409413407
0.75282850567212967 0.21808987381874953
0.50857672328361969 0.86003687121763572
0.69894054472518852 0.28837289157656004
0.25332540939452192 0.32128307339726481
0.18020363356823557 0.91406814876162312
0.53124040592306065 0.06904416667219483
0.24828621008972077 0.20358922513226962
0.77610069406697579 0.39642813136047556
0.45602468881473968 0.32377704783774230
0.35829438767774202 0.93278836969727463
0.71355147461517432 0.05689033832636297
0.47956207551404201 0.12336287867600665
0.07497514355993654 0.51855191476065232
0.46355150261966865 0.79465623818855269
0.59497371983581304 0.56082994473285108
0.27686413105206076 0.77633972492551651
0.72493858529400990 0.02113494493518976
0.08994813659185523 0.52286669699032085
0.32421141236777623 0.84058267805973330
0.08162162079063888 0.77835169967957207
0.83647349020918438 0.12103099209598676
0.44021094726683696 0.24361485845928099
0.49564021707402306 0.55668162193767567
0.34191031204365246 0.97019900169698126
0.20947366145658547 0.30859836073491470
0.19652550859687992 0.31965972658128605
0.43302777166438960 0.48472818372057641
0.84279560518604280 0.31758934226008623
0.80268328069348216 0.65021530463519406
0.61002349152057622 0.02927727280456397
0.23934940086009968 0.92170284594737883
0.12114233183422984 0.29714992215741365
0.54977418711713022 0.12790260170934550
0.41001107337411052 0.94220810504808006
0.67909739910842037 0.06025496645241712
0.46750467420758901 0.06037345406662332
0.59012816133591695 0.26014549271189752
0.51294622421922753 0.28047614185547698
0.12021974818573818 0.86875110424535185
0.01357280864926750 0.58465273728370981
0.36198217821125966 0.61691794978447434
0.64588262345689385 0.76859641434015480
0.48534845537846000 0.04787106420299911
0.76386531867448815 0.65267667349147662
0.51192791718258435 0.77017264977506550
0.34769387101782373 0.16698854820055906
0.77505461743195825 0.18946915575892828
0.75245554009712723 0.42335871832012378
0.70375234138750353 0.67788151831356291
0.33260927927352063 0.89750312841692481
0.61478151587390084 0.78668631443992232
0.59922958615136568 0.06549657629412406
0.13811875066045021 0.78265013516478177
0.30590289686403438 0.95839521991241516
0.22279258129169674 0.31343448342664049
0.46376296685509838 0.88128267207596478
0.53553699172006053 0.64001184673476563
0.43755336924510030 0.25640498223432190
0.21010649305916043 0.43428681796118723
0.65017904778302904 0.15471791838721691
0.81230925604935689 0.52008975495842302
0.41003698357595658 0.69505736413097352
0.34173561752326631 0.43204543670247408
0.82943782444188296 0.35557657675643300
0.59961456245825040 0.19871564993450966
0.01961377072337833 0.70378009775869133
0.20207080468319605 0.85271292172332058
0.36502352755916817 0.82288085945029754
0.06550935678656723 0.50339479223734562
0.44162045868379712 0.22316740619521974
0.43215499108654271 0.32681703987728794
0.17865977850461731 0.74725930103174265
0.74046976438811707 0.10079962620481653
0.22894642359727707 0.64667120141534984
0.76634677118943650 0.35353824400391975
0.05546373862168267 0.70642341076167969
0.80435783341019018 0.26306032480289826
0.59573777874609279 0.83654292821132548
0.63765995509119333 0.72442786140592452
0.80665060570342939 0.36743699607901659
0.68161391527299220 0.31024856504856868
0.75660262567092329 0.59085915021528779
0.14917092588552000 0.36200762296683447
0.56662972370936648 0.37448886970326123
0.15195182576032198 0.28106215909005472
0.32430057909123911 0.37093105410053262
0.82173246780778109 0.28291214674898035
0.57111665758541663 0.13442415713294895
0.75695419982948875 0.36445253137284483
0.55234673457146233 0.40426526371605392
0.57451674483922222 0.84508018690520537
0.24830149332579973 0.15571910284060145
0.84458950011805767 0.41465500668232397
0.70557975550366492 0.27643901449632763
0.38922656393831201 0.25151346803897351
0.44896882245820063 0.36449564749181640
0.74471205790000794 0.17185614287453088
0.78880519466099208 0.17892127104590466
0.79989841496756087 0.44309879769450283
0.80168535676848662 0.07192387612045045
0.52872711063215638 0.07897560508211741
0.71712862555377288 0.47605937236953660
0.45510840234951949 0.04726427130913241
0.24148769959319655 0.71827761052496486
0.62456989707198951 0.75524045561722475
0.45067197675311299 0.87094525830733149
0.32463659604373529 0.90110293210991066
0.67037853217527810 0.54546623657386273
0.22012596433821546 0.52539117063772678
0.30249244556129590 0.90819762951972460
0.05457753385977945 0.46198181463678106
0.10205533657128578 0.86327785180482886
0.12052401429040212 0.40029907433782008
0.52065796957600463 0.14927649623654524
0.47501061346923301 0.50508976802728456
0.22911144354586258 0.67649434369477934
0.66834050647061782 0.25273208924383556
0.43897042588999352 0.17828867716904970
0.64891326987902365 0.72837309622254343
0.04500128915450107 0.80968367782953043
0.58432223371636216 0.39580287951295778
0.47166689144675056 0.31290609034719807
0.82450898076202361 0.55376972417069448
0.83903642110684773 0.47076927216033670
0.46621101522918507 0.10757074438131257
0.46159127415679785 0.66254702376416463
0.17028627802453816 0.62149902347254848
0.20471544932013439 0.68052267936024846
0.67003200553577347 0.07859322548735069
0.21230933600432253 0.22235505701953936
0.41327947669357329 0.35092535458183466
0.72814739059437006 0.17797960348222758
0.56610312485589465 0.01178491777789560
0.48749360209019404 0.14628965926009505
0.46458525057645700 0.48065278666939004
0.11766430436637139 0.77316424858750066
0.04971530523191612 0.84275998081829329
0.42953928014263937 0.25143128361040828
0.34515741411259043 0.96231620357806980
0.58843903317055857 0.46073517807457015
0.67699564126799139 0.65244669548450929
0.88518619881973060 0.38808728283699684
0.52324315072496475 0.47835697300617375
0.43847510919834526 0.40584809678550887
0.13368585337391392 0.30445461604203866
0.07241550642136317 0.48477293846104264
0.38545011388719524 0.31585693350363875
0.52564230999128780 0.27258324382605720
0.47518791620101641 0.19385277055316394
0.57669246882569791 0.33665130767826645
0.36245445984760011 0.14940324502866509
0.25387722359016685 0.91160296670207364
0.77034519012248148 0.10655220111168662
0.68811513085880327 0.69791742530155432
0.56622694100278370 0.53981292298174455
0.26788442667329149 0.29274195391907559
0.12438381339742427 0.74309969637921613
0.70210191354509144 0.21954714774441608
0.71649429674823550 0.36700037708881794
0.85771241162683509 0.39279367806945498
0.06979059022178540 0.63502585648194010
0.07383974996731039 0.80737358131052084
0.20574022556232094 0.93375277408555468
0.56988211998035732 0.49289627553654419
0.09981925744675071 0.40742111901266553
0.73449735003891026 0.23374044133138452
0.75897116336718007 0.20644656377653389
0.70666078587433312 0.03707005681614392
0.22894599315787470 0.72351333286801101
0.54314984078626083 0.83494824653733291
0.08130542308145557 0.45421517615515944
0.29222054423793636 0.89289205440536978
0.30086248832609030 0.30854175864790623
0.39021709212675465 0.07905930421025943
0.41311629475428524 0.18359346733213297
0.35652914336858854 0.64700733074199535
0.28441845719003817 0.29847780505686550
0.05761894640495357 0.67602411705522392
0.08288183985148559 0.46872901161261815
0.62281235289115755 0.69013448628132390
0.23348734164160928 0.56579253940127505
0.25819336276053573 0.29487392367693643
0.35588021718368607 0.39629435470039304
0.24414372896595313 0.94355286068133670
0.30392244390583512 0.84945065639105988
0.51540433963708077 0.75201205009533700
0.62897301856016286 0.59906156974121361
0.44611819585563928 0.63504773860787034
0.69356901510684754 0.17013957903415852
0.67176489602960809 0.48933779327035654
0.10512552419583839 0.51709414414612420
0.31354099122689882 0.79875990025887533
0.84476522753306915 0.24725746845343641
0.02425109665702820 0.48036554675999499
0.28273625444479478 0.18401183839476509
0.61367074550223866 0.73825187053832875
0.37821047509576161 0.83268025125944101
0.66067363319690209 0.74516575301905652
0.49139569694657270 0.04906307814032955
0.71200581166009802 0.46162944771039599
0.37638457360315442 0.41326028854568120
0.56030581547045188 0.28522685313110280
0.69982010682471163 0.58644161807928064
0.27125221365548957 0.78085521007060810
0.69322569199156936 0.33178178000939018
0.66204614005149298 0.60507961299093038
0.13342781036598386 0.77857115533430066
0.35314156755566545 0.93577171262538228
0.40222043968316534 0.14773680495604868
0.47703503116388912 0.84997930090364349
0.21611424548232158 0.97320243779033966
0.75392265279356141 0.46633890137584544
0.12967580771202752 0.94141267240083204
0.78129273291332468 0.09720603398234819
0.12921129948944812 0.61974920707733250
0.16289644318699414 0.49688165683403607
0.74292345857266451 0.48074457352024347
0.15543040061747201 0.34868765539716123
0.40702067753581850 0.59973292133451106
0.72119964130189584 0.03066686650142670
0.29370499895746099 0.87960019012896340
0.26202563207723173 0.34445370543103293
0.59468421044179975 0.73275571090775649
0.22004254826030631 0.63225198932232074
0.49214721512136739 0.76570877870352394
0.31878752058827925 0.44824859772083758
0.75041937404722137 0.58975147261017258
0.72349983754206515 0.50605311916551177
0.36691596726925535 0.87085573891525081
0.66691415021479783 0.33162122803061689
0.55266211477156846 0.27838231538704100
0.58762988020115792 0.08178223634240907
0.58277109411480310 0.55368864515082372
0.11361630885304373 0.38924838352221025
0.51589567906117928 0.80395329917723657
0.50747555664680288 0.78110301539871707
0.05119567825155402 0.60492649639134366
0.56030916391907737 0.56965394296296723
0.76474753645310523 0.26696920892985659
0.56748521193662238 0.42508844564031062
0.72343881748844918 0.30605535360336017
0.42454732569543213 0.44520609104372094
0.44563044292451437 0.11957587648208973
0.71682877082478624 0.06729116745242682
0.20446401528687341 0.42159217242052299
0.72535752799140241 0.08893234336137283
0.36531979958471894 0.72674851123809958
0.41906123061014688 0.09970556881454810
0.47347791933214423 0.12338152886124505
0.39502870493234921 0.08203662607436739
0.12403428054281557 0.95439375477538657
0.20438300138660923 0.66360639507370278
0.41207650040206878 0.36497133271710303
0.07351236057989893 0.73541657873114508
0.50981226183242390 0.43223148086943097
0.80226523251477100 0.57403457293607885
0.15427712515285422 0.46516417986421149
0.34784657252807982 0.07902855252105428
0.61016807693328989 0.80121277483318387
0.74503360882853098 0.07705199208990000
0.70523186865052112 0.75454836297811267
0.62631181425708193 0.04952715833696496
0.71022308808739631 0.10349743627728844
0.75366371148102684 0.09638745062546179
0.33031220867501776 0.66208871709412720
0.79065515857692648 0.41736976221546146
0.28693907754874165 0.17457870063024017
0.57721677050208153 0.70711231457255186
0.50590051920275114 0.21267318292413515
0.25702541898315778 0.75029230741496999
0.50146408625909622 0.79997871557089328
0.51281662228203251 0.06102236084489005
0.77108152739735492 0.62538056477050330
0.20622130761186641 0.90349146367403910
0.36036585500521207 0.88183055256895027
0.57735480224734625 0.54851037102325417
0.25689070269339825 0.65648576229304723
0.26959394992571251 0.53696627854680001
0.40161031087841431 0.89757853008167976
0.14056748797156751 0.34430042349235740
0.22206813450391683 0.23039689178205625
0.46549815280300194 0.61707098586038422
0.29017826808368830 0.11981266964519104
0.57945654145289471 0.39044345326551427
0.32705607317560237 0.17257691591048965
0.79912546323018807 0.60495566142871093
0.31897811180602270 0.93010974749695996
0.41059905780290573 0.31002750198663992
0.45799582294605301 0.26838382174674680
0.63998585381542161 0.25133966443284433
0.71072878419558638 0.10883314342584469
0.08253826036146479 0.41322656610770259
0.12185584806151475 0.70153692639751153
0.43292129926813450 0.38367063945425917
0.21896321374583053 0.82827894919990663
0.42668383092240747 0.56055412370328761
0.13207853152327334 0.34739519390446699
0.38594874120624217 0.15404805819715917
0.16057104789525828 0.46896919003961807
0.08800428491500351 0.58990110911084126
0.11304138547690878 0.60819532008468979
0.44248591463142345 0.43488181123881775
0.86120875251186424 0.41982025383624100
0.03048772355290302 0.71425194913077716
0.68123355388313378 0.62305124165067671
0.23731297307965918 0.68551075538582784
0.11597710851726095 0.49515137777784268
0.16221718468452759 0.52490118615560599
0.19691429332551791 0.58607248222096275
0.18446247140231942 0.91697059869806319
0.73751091200808494 0.68139949253791476
0.54048001733386297 0.03734763982601860
0.41633164729956462 0.12266053940851385
0.20712506633999841 0.41515159745723668
0.54652686660191685 0.28836673384113759
0.43992287547522091 0.29692231034383942
0.39153922645200873 0.70464415153550308
0.54144776365556968 0.67436950832854459
0.21301317857305446 0.47943193398793421
0.47823460034259180 0.13567911229995774
0.67138430930299542 0.79714931316165916
0.37122706787217830 0.22499416971932301
0.29135293609866580 0.85379379483958906
0.78637629730128134 0.60249817803617967
0.73279128613767031 0.36766866862963354
0.24141617562060164 0.36133339039520224
0.80733357994414867 0.22696387070419455
0.52209910910930901 0.61447380060140366
0.77789384890502744 0.36680440293058791
0.76098156129776495 0.47660281955818590
0.33771557714650741 0.11645503805324015
0.70970803438307839 0.20353874742126402
0.30691242885753528 0.51380188049304065
0.55389419344339141 0.84224959666582144
0.03340770858285649 0.69793317243470898
0.59850008218295869 0.13841232760299840
0.57300306449300298 0.16215000267204913
0.49297058589404996 0.17559906451808222
0.30322050115599036 0.70335001018943755
0.06908176127125183 0.87004126854465191
0.52192730007668331 0.04761191484494967
0.12844592605625135 0.48543888768911742
0.29584869206089243 0.28843338141269120
0.44330021172860778 0.87077378794199978
0.67986701432863328 0.80064168217716869
0.52053377927367539 0.10166320498280611
0.10101141416628601 0.79313199153268854
0.33252932961942711 0.67582899713238187
0.06305798202356383 0.54004849234786401
0.37572710610541488 0.13853497548698415
0.55999598933741335 0.18616302186752709
0.81710390622871698 0.54129065257048015
0.27602620526784344 0.34897403442940667
0.21246110382466066 0.83046851518685338
0.41186886782278620 0.62008462966672528
0.72739699070034203 0.19782631253727750
0.32507129314777239 0.81398926895685975
0.38884338919679862 0.32228577924033447
0.38618952734674039 0.38129435104921766
0.66560504383405239 0.76691848469027890
0.56807466908936333 0.38874567801969412
0.65298464776645571 0.28412249663209338
0.06582174574184185 0.70370619207193985
0.44647886117692359 0.90491552788291285
0.12250491379304913 0.34771054376464428
0.57891473346918698 0.78574341817405002
0.61932856804015490 0.50836590254502234
0.04990264350279089 0.52099928806095464
0.54243943551888663 0.43629613863909289
0.41801051185913468 0.63491382520157746
0.54723398974951321 0.67789888896549844
0.45349859531137138 0.11502290702278793
0.75152616033090358 0.47438889592856032
0.06451008613696728 0.40909318650903437
0.34143653977548988 0.28656522185389749
0.26719758430625773 0.64548289651727697
0.38302340953008629 0.48644147547860772
0.81057485220452286 0.59794726326572745
0.82739046018236129 0.45236552449580653
0.06528812486286975 0.63432491789270529
0.01841094677491762 0.79205673013401157
0.74008215450960868 0.67043435273290630
0.22453601199943884 0.20613477029944619
0.55532591520122576 0.07083962664401615
0.81861293337573415 0.25448516631090068
0.60493521732175248 0.16736050389426652
0.67214123409799709 0.41485545023155607
0.03439719342986092 0.78632317849154865
0.41254635572692777 0.29613307769395214
0.22150827124575412 0.19041458464158806
0.43683777502768328 0.14715841331658649
0.74366651572912579 0.04789241764318912
0.74547325105915763 0.35475648387772662
0.10145961177367321 0.80208623576108540
0.15856073069293702 0.82491401298702172
0.09419276607468256 0.51347785219714182
0.59378614662476814 0.05463210462125610
0.40819907049621201 0.91174895425023261
0.64993129828348939 0.73383514014006290
0.39008951963628569 0.89195489957922713
0.56401655544972906 0.74891947691437055
0.52130688219114174 0.41406975680907870
0.72844159446512291 0.51014839024601377
0.60394698795773905 0.81041207361183742
0.16339994743893441 0.51794097103645265
0.44395380694723202 0.84618004372768207
0.21574931535068126 0.77655308488659636
0.22323266269021205 0.38969153091949416
0.74051287969029833 0.59263842999809258
0.21690360247384952 0.98395274894161555
0.78358646849460245 0.15024835555737712
0.62421535293072805 0.42616737118953540
0.62049841100848968 0.67161580659236775
0.64426459371351974 0.54186625241269604
0.25366467018163080 0.61065239160714291
0.20726158869669678 0.21256833918476140
0.63587149724990288 0.74455987626935682
0.73303534586291397 0.42257806359464856
0.45100723704069640 0.11963884795079067
0.84469127558881063 0.19232926258071301
0.08639731206360909 0.86257306307193404
0.67923047826225347 0.70536322768660520
0.65220577717554662 0.75197654345356413
0.14530151620305229 0.80228756144672919
0.08097432356541540 0.40803453281371621
0.58319688341919473 0.25559229808389156
0.16880224007832428 0.67462872884190384
0.10579367894719534 0.81974811594334518
0.46349785904920515 0.91803110470726756
0.61874741979039649 0.10604878812579194
0.43097356875684412 0.13980574490514255
0.03657203372953266 0.58401292591379206
0.34857175791506095 0.28201651304495862
0.07679175547923389 0.62906332458527248
0.50648422840100848 0.81182031405255362
0.54545607540139252 0.03491979664549229
0.81927907238141751 0.31246982981401261
0.07929512359024830 0.63652932258428185
0.26236380031626000 0.33759553513402130
0.16020606764556231 0.61290836015666528
0.32297087278932785 0.12247613914498701
0.74801630143604236 0.51167985176120612
0.72436802574940395 0.17263257028677270
0.54623871138945990 0.14793862914700578
0.60644092650196002 0.29882916111964714
0.62293057189210677 0.66438699563060566
0.09396072496466742 0.37179440023141774
0.38700551928042820 0.64415385625065380
0.49802393402217887 0.87514794348520597
0.19605780675717904 0.82005079260302516
0.14759755027526761 0.25191180449141559
0.25193965280405883 0.21301965411339893
0.45705007696732974 0.52627394162279284
0.49478551477624433 0.82424975096823239
0.71753317480735790 0.07203994825644457
0.06071836085096206 0.63687217069666358
0.42979494667014145 0.39031675233678825
0.04219259534869563 0.50674699306876225
0.78740968790086852 0.37614205913481646
0.08113111400778514 0.75200759886143664
0.63982490951893167 0.58929174971699361
0.62947533078482965 0.76581303703650427
0.60549127168056582 0.20267602420663033
0.32950994947977280 0.92865582476074304
0.47851195806493280 0.84450080598868171
0.08857324265613972 0.47584077784244355
0.18298758960607109 0.51861808543985621
0.46642782636249647 0.50605867606292587
0.71123180169246891 0.37225426830679864
0.05782593155109842 0.50906157000308216
0.35464536637045491 0.21611674052434213
0.18469130242637935 0.74303912067893552
0.76048313825601832 0.48995204414957816
0.54991216593609016 0.42467152277503989
0.65336630683874775 0.03047253681983072
0.08635367313531703 0.48011091254455790
0.15273727334910647 0.29330027029606359
0.30707181005358652 0.17143335953450711
0.49264803395201501 0.10360737484223341
0.06640788262797481 0.86264211631997056
0.33110079272060400 0.33650900576267895
0.21909384082722363 0.36911479743089703
0.58913556996280136 0.74876739490661326
0.56718555968811768 0.41063668759274341
0.31156661000586078 0.22866381389905305
0.02957411247805198 0.61409311882873829
0.47269812401596273 0.67414388356774246
0.76256474839817012 0.65853912021574601
0.44374706514349060 0.91662903236675786
0.54424727923171945 0.73237586503183205
0.72677037875891060 0.69100201236440706
0.37148571384581980 0.63025639045601889
0.70109626865535624 0.19358032138551026
0.67346830740573072 0.45794985862677295
0.34455268517264920 0.73503336974401723
0.39586057560935345 0.19998589484632709
0.40539916130613657 0.68901113910910006
0.80175747131182062 0.48193064583686868
0.53416305610767623 0.42118286824112988
0.55088854982189561 0.89013617099214948
0.64039650691012051 0.68723974127221665
0.50693520804984116 0.22720744106089907
0.37152028241244472 0.31189551216761424
0.72274021672310695 0.36926167987978281
0.63479425705002379 0.78742483115727291
0.82387566588052208 0.54278024310252659
0.40074582197486358 0.88613543158267205
0.05248744491972907 0.53770578167451777
0.62269857766343750 0.45318765389136362
0.40103143343400810 0.66156988702149566
0.17578621375234757 0.67513163630557937
0.75411998209700826 0.64287324149596659
0.19220042442646396 0.48322534405212081
0.60761478408435066 0.26538541002005889
0.53819856722013326 0.06301563442201900
0.53841725171505161 0.24826983502135994
0.14602657737350003 0.58339966863764625
0.23203612977279750 0.61266552771568783
0.78378103287808121 0.20690229704991334
0.69235401556394327 0.02200099692750616
0.33596510621645970 0.95090029534769893
0.73093502607306193 0.40247450007448293
0.83042483472111217 0.37599710845372031
0.69735113751414390 0.06493097019330608
0.16997626678311051 0.90226917981950727
0.43490873863216584 0.60064720153914675
0.31752128264283319 0.77618902425586944
0.13026698291227426 0.65893978240099882
0.40952689070584014 0.24818770558036932
0.25434175199744041 0.48701880537907205
0.86815557153010181 0.24856582483797901
0.13767046656699702 0.65702904086849523
0.46961312487619422 0.82620639315333655
0.09537776956290560 0.48246441683484287
0.55069664801755347 0.53368524652071903
0.69753866377085993 0.78765708514344723
0.64174628366967079 0.83462346579775226
0.25633256737824139 0.91652920527323123
0.61019799504613270 0.15281294296252901
0.58635881431771175 0.69609285568033885
0.48048410535572855 0.11283514681700012
0.67124463842729365 0.09868023816758895
0.70653669062380631 0.11332443629506071
0.65857254089915018 0.54706682418071950
0.83238966605498144 0.54205191354254489
0.85054797910051128 0.27590341991091777
0.43993671228479869 0.59182206247883917
0.78862373478924364 0.46905022061869228
0.40198565481034981 0.87420397987434106
0.66454385170048358 0.79336083391988421
0.45707604385160927 0.31603409670842425
0.07585215141119295 0.71506583514111799
0.15495003693890713 0.27636756165888232
0.50329636293871738 0.52147785188362505
0.63549889625881728 0.57529495060688596
0.42096803803336819 0.61094639940107187
0.29638753409072066 0.35190637559284121
0.55779177835329496 0.76698193935635539
0.41652136089400127 0.71668708615067811
0.04328548517289552 0.60303696395798023
0.19543811258349814 0.28891900741641940
0.08193324869087877 0.39194871817777877
0.09921035821553661 0.52900172985286065
0.40650625425223996 0.95612457777341797
0.44086892628147228 0.70596592220238830
0.45225916927178833 0.92654243212234277
0.71191297668740428 0.31405743058485075
0.39186855279486482 0.25818078328246352
0.04096426187530949 0.73739461076984547
0.51940768683774563 0.55431759790427548
0.56958171422627979 0.05270637134963334
0.46600217032234253 0.29200386641590603
0.61941304645083417 0.34441596000671276
0.73490110558336852 0.64058851383875171
0.56375895132368792 0.84260064669164347
0.53579334318434868 0.30659931721502909
0.08345673747454430 0.85237855788803374
0.51287430895582331 0.14845954809275486
0.78691016045003603 0.27906399850184233
0.73791499743137401 0.33684982172386052
0.42494470794171035 0.05270116638404292
0.05538595564304476 0.79147479985439395
0.42192473803577973 0.33097566228070618
0.58511257921762716 0.28988740328653934
0.15967669775275609 0.86893307041981038
0.26204164796484802 0.22716407814599399
0.48961704685072266 0.84945510035283078
0.19231876933948019 0.36788594288133902
0.41986758300850935 0.07316695015361536
0.82572817922901010 0.37967641937328889
0.30954656388001306 0.12327735214279469
0.76412634321087702 0.52814370616544148
0.26009217422052866 0.62863053984527206
0.09387341771164927 0.67642617563095309
0.69140822022948600 0.66628542261906831
0.73667065534356624 0.12266276043854539
0.25284289131941756 0.14912025633986828
0.11218950086130369 0.59088865630778897
0.02978399942871653 0.77304595683715427
0.37589052567693171 0.76311892564594774
0.38742393370818523 0.45676294569978232
0.38178067720639353 0.85777316027438855
0.63482622197659555 0.52127755006165866
0.39090831915706081 0.19282399546910980
0.42114959185908052 0.43807390469488050
0.14541488351184731 0.71672840525341164
0.55964293375442720 0.27749506493231829
0.23239534943809900 0.40429331045298278
0.34532907225055920 0.91035348384406600
0.06826151446066644 0.59663114949359408
0.20937736238219290 0.53637980685347530
0.46678816193008565 0.84526944294045192
0.78259186544371984 0.68776391369889067
0.53039039357992535 0.39589548248254669
0.46733687883622976 0.51940414456228434
0.16055500779945869 0.64083510949098588
0.43575741662018680 0.09663366358647091
0.68699876788965142 0.03475954408453749
0.41968565225235688 0.70210811556825803
0.11583197783744352 0.81943911391083368
0.80794790660370186 0.31308394598041589
0.46901759083545630 0.09597082709855578
0.50400533773875422 0.50704911533444619
0.08531131386636771 0.38764402916336355
0.47176604087559987 0.04628786632299062
0.29566897239268680 0.29511614769615585
0.49839985875279030 0.88553361960374199
0.29966135341145361 0.41281169818202734
0.14900030110822077 0.44506622226453629
0.62406025232147866 0.23542506597923762
0.15499566954977609 0.88115731502584771
0.74516119974244910 0.61959262290535133
0.58630133525809003 0.83580669620219583
0.46489233274514874 0.08186354313780601
0.30790532858462344 0.92990342224883482
0.20816081156848076 0.64169886958509736
0.73795534425870091 0.28456878845940664
0.49880242405452618 0.52921830019597849
0.59315471877981418 0.73860636923676659
0.61903368903677680 0.55203449675467420
0.33490631692786282 0.13590594846211124
0.09236985721032201 0.91567805844521044
0.66228931973614080 0.43086473765066491
0.36721867289456278 0.09033252651748590
0.20171614013061567 0.22201839633429707
0.49526088108144128 0.91609788115905566
0.35768533214674542 0.15100377144705293
0.76269100791799160 0.55031316748333936
0.27784721212946639 0.56171330700729749
0.73131427028190799 0.09111846030313925
0.61129109327694986 0.79617152891117859
0.18287258502255221 0.73635141857002107
0.42680891272453675 0.24505052154001583
0.25834902353264050 0.57190481839139107
0.13985490300298620 0.41454159175217237
0.78552509593846953 0.60818685677681628
0.60974301447249346 0.41482928042139505
0.05092122505443866 0.79956056779112672
0.26144541807960375 0.73664178457392504
0.65280744664374113 0.23762901382467438
0.79555434421602989 0.29518598302873778
0.05637790404225054 0.85500241424659218
0.05683590233978193 0.56686838876606893
0.29257004690630689 0.90856088727350404
0.09923137880531900 0.48548336425599203
0.31904011116429382 0.36652075403508927
0.73656582357790357 0.43136808625303913
0.07358354149923416 0.91204237323070325
0.08723357233011467 0.49440691079648030
0.47576241593174812 0.65954595411414341
0.75321815375677048 0.26554730927142095
0.18861831285866487 0.73086275320421412
0.81316621735743344 0.19078039859489984
0.45728848160216945 0.89502208392219396
0.13421276021581574 0.50062389760071180
0.63539004147722467 0.07163262366227095
0.76794030243610267 0.59319805789984603
0.19100613832694394 0.85706993679779953
0.24016611408396232 0.76683980866479728
0.31468479212812234 0.51570243797059656
0.66332947159080480 0.24353221719038010
0.67948255344466657 0.64702962813681375
0.05610560514064864 0.80766917264262972
0.20860824567849368 0.92897970712835709
0.58222445025922631 0.04751923480142416
0.33874335420607488 0.58616226131185523
0.36001791653032311 0.69150138523391769
0.72108917141514139 0.57290851809982613
0.30629619386921342 0.42790476817262818
0.36286761259765488 0.60976840425413270
0.13690690687909313 0.50626002429571648
0.42278766728084172 0.89133174684508609
0.52713982465700260 0.05640981138855097
0.72878711505144667 0.16781526906244124
0.11510989141574741 0.72629259039687410
0.62615349574111800 0.37700936196554746
0.12052575465686861 0.41821100793393501
0.08114978889436286 0.64928130538806950
0.79371871288872686 0.57022856492641805
0.71520500433842160 0.49473348613733631
0.24236245458465286 0.22770890378879427
0.18561023537067547 0.47397258266377951
0.30899115119692133 0.24287932799387796
0.37598816406251029 0.37830808519470960
0.56316941833806444 0.87546306201223112
0.11410080609271257 0.52354310363353940
0.28593379209290093 0.78587862128889352
0.47674043458073195 0.35910091279347583
0.06649817959496748 0.61604284126517717
0.68623051800880774 0.61287203924834865
0.84632719601994677 0.20051214518447713
0.12317516850612488 0.64057518994760576
0.33169594179275669 0.38300147996836992
0.70509691448827505 0.59461921910345228
0.28475083392429068 0.49051203759142076
0.37348692876822237 0.48813615940832328
0.21396070373475584 0.55116262566418261
0.12006461626292829 0.31006556047450107
0.08102681930335875 0.55337689350945518
0.72007541841537737 0.75257603473112478
0.38154290626944659 0.58304889260932213
0.85106851896671942 0.29858848146368328
0.63695160891027258 0.51461651850995871
0.13338479545523357 0.25587987254812294
0.03090585449928011 0.66846113474739444
0.22376111671043666 0.93676717771601514
0.43650679283653088 0.12890689294034693
0.04462577548739473 0.72261496385222901
0.78306029905191654 0.44641412883834164
0.30325241912248252 0.68739791448784560
0.32531573772847244 0.59963770428944230
0.12627869990824497 0.37791918489338627
0.78616763073996054 0.57544689005995131
0.79238822523952512 0.34876190434639420
0.41508713084071386 0.66260075213332126
0.27302188131441019 0.91351006987967109
0.30519669069572630 0.52664289736355729
0.60196611537872502 0.50595588972838212
0.72167185275078294 0.06857794861349463
0.25810943032332295 0.66345558345460398
0.68359784632430498 0.05985957417829744
0.14443979076569785 0.43824732784680448
0.39709289631628925 0.86940221463445522
0.03623041268855164 0.77506442694941080
0.65519915920091865 0.30386256285300672
0.13047749670664666 0.42321583879199082
0.15239595255341845 0.36922860913413880
0.73307495827614566 0.22433870110840776
0.07120855426109385 0.84555818952757311
0.14348957300004214 0.30751103378406036
0.34169214274602938 0.19231114068680330
0.16755625989545148 0.90690132355057196
0.13893791652118190 0.33519605622749588
0.60861415593510981 0.67668782817022477
0.53811547269899118 0.16451087938599490
0.25102758225147459 0.97567452740722937
0.69941716903263573 0.21226180759033947
0.34548310133514509 0.10735035593161052
0.47168749953282990 0.13557791562860008
0.80283015435489757 0.18819346284561500
0.08934616344319239 0.45629032902307742
0.67069020566617676 0.20410137772874731
0.76885367712353192 0.28509817425443124
0.17047080200790238 0.73749609150149886
0.39159896803120359 0.69426943256696783
0.52049906617018860 0.50398349962187750
0.39442739789448078 0.37994762981879082
0.29096584048573965 0.76689577359387628
0.10574538110792953 0.46077371393438715
0.50984698465639400 0.33457054886327553
0.39208666037573503 0.29507453272063988
0.05272670945395070 0.74771455186829283
0.07375636628031802 0.54225347298155424
0.46304947859463630 0.27676844020004471
0.53302178636580133 0.37002045437779135
0.79434639594101186 0.58126252482686647
0.72965982387151973 0.58865251444248123
0.57271543833621119 0.65686456593498366
0.69012111417468491 0.65261971276533426
0.31531008674143290 0.13091648634978473
0.43366948456740279 0.47113295534696897
0.35617875980562097 0.20421240185677650
0.23617381648686681 0.70522491605004745
0.58420986834231614 0.13949167073747251
0.40491622105814790 0.43369787084789263
0.84966294343880477 0.54667173426081928
0.37967910063909066 0.26244845009849865
0.11958724550538756 0.82373803999371620
0.04279697943370075 0.54596167764192804
0.21267515892653371 0.70053811181402437
0.84191489038486234 0.37925795172909210
0.81289467452472497 0.33522998754447658
0.26176024102391754 0.37218349034489479
0.47284268905550098 0.90065272558706788
0.51210454365607028 0.53425385101655709
0.42684202352679579 0.66157273763831037
0.62100971592867660 0.21736827370191178
0.10092401149426622 0.33289146898840388
0.27065314934885382 0.45430684158046808
0.68962454978132948 0.12530885862884159
0.18660743089074930 0.81086706607844850
0.24456543201986447 0.39167480992312553
0.22415090961899423 0.27546603201096181
0.27397049948652685 0.62710915892492547
0.09071064258539070 0.58427649696110318
0.53877083569004647 0.54633332760881903
0.21479944423559072 0.94056681963490330
0.37109433016157906 0.13886904811858705
0.26745140654287780 0.79109798122148034
0.73509585882072037 0.03801987270086183
0.48552115746717878 0.51316497877502310
0.69453590954346445 0.52906750505988742
0.78263340861243347 0.63510821321933497
0.69206389327112183 0.42123732547401094
0.68868474028968418 0.76664348035610630
0.21608409528559194 0.85817341760388699
0.29945624845234098 0.23038998989147083
0.53118182989415208 0.17022256891658330
0.49281129702639648 0.42305879562202325
0.63544393209208583 0.07601719619156147
0.50261398900340304 0.69185003488949992
0.11777271385099264 0.82900132041190366
0.44342190496562789 0.79818016989121976
0.17754671134477448 0.91833400065187654
0.25720232685461147 0.69432321111176598
0.26291525029112167 0.68909581837130141
0.05331334445639632 0.72742545773502820
0.73836790405136199 0.37230376968771378
0.43066466291047040 0.10517342432275512
0.31058558613224191 0.82646799684951711
0.47946651296046155 0.62786182190751505
0.18479286093523620 0.23454018931576345
0.78054636189900295 0.40161714146728833
0.42770613676182889 0.83665612062566519
0.58994277768423176 0.50093633801024195
0.09720908185400998 0.63698297752545929
0.57387247306274680 0.14761347655213530
0.43706966885040305 0.47885212289565726
0.06158567310951495 0.51221441672184975
0.35754095802706515 0.08176391170497335
0.77023285174994738 0.52842178940013129
0.51389940711377968 0.41627251482079464
0.76919025478154202 0.13524372997399969
0.71082161632683716 0.73116672357885182
0.04060604672366262 0.51230276239991224
0.76014330583585077 0.07073363545310769
0.07763342164265338 0.59942161429397678
0.23093388826713890 0.48790043209640743
0.03326419458986996 0.76815229551671516
0.43568721870706439 0.78618670079152808
0.63834709165979020 0.05477370729913333
0.79079476523841674 0.31100812458148669
0.28612049606420437 0.15083219257493902
0.50299162634649086 0.55696417276597443
0.38615745460798018 0.85228103567372182
0.23932316358595609 0.63680719244810824
0.67728884389598087 0.37165040960759360
0.53729366012764546 0.09527366299985124
0.75265068692983961 0.59503506212379642
0.57597602747367649 0.26720218248219696
0.40152124318556309 0.40501774711306893
0.58217542676711531 0.18841861369409785
0.77676271103034400 0.44346754298813879
0.61089737527618881 0.27215045896561463
0.58517200139651404 0.09826858510303207
0.82376708147614275 0.46745796548511614
0.19141183705263493 0.42518795450492763
0.16003074103896273 0.24552562290792926
0.36948322039303966 0.21851209523528917
0.56713941962939318 0.78934442152580520
0.39636163015365550 0.25146180183622063
0.30403655653985084 0.82241450694476959
0.09046760911748296 0.42322915654047516
0.57831217661479029 0.22736925925953197
0.11958269882807895 0.90127720800915978
0.20498463814195203 0.20637451861221695
0.15587103321509024 0.47346594431252564
0.54899764066551004 0.17237374064981606
0.17032677717779898 0.54935736630492027
0.66903705574563199 0.30673070794556245
0.29105957397816601 0.30028603633727258
0.18102411667712162 0.39264605036735573
0.19758705950235381 0.50470092598461946
0.22726117049459141 0.24593794503190461
0.51734154033946755 0.78875391313607168
0.83490846402164254 0.29642149759906694
0.70487575239907152 0.14615751663832630
0.22904901164802768 0.56024498207315598
0.53880954797747849 0.65367958141489102
0.57037531261409979 0.08972203466049193
0.80214557373807638 0.28199030171322381
0.06984481437353972 0.75501721774980379
0.09597714181207924 0.52389063545174397
0.41972424160807942 0.86850322904609878
0.54523399332172162 0.80505777330335526
0.44203961175164252 0.37560041397283062
0.23394525610475264 0.52394108127556627
0.71536677652621006 0.10292664690549820
0.30440043529515304 0.33360050563440907
0.21064987172374705 0.67645990806675493
0.48230100409569943 0.88972275468333217
0.22181910625218307 0.78839224080331849
0.32021962285740829 0.55636565870474497
0.57998593161450063 0.14520250118109662
0.10667793435233423 0.44273764896778028
0.52063706173416091 0.81567140271376737
0.74438961837285456 0.51783420056575835
0.37280310712805587 0.09422611035369824
0.49809426044430977 0.32112292988599656
0.71042131923589302 0.14316816509980496
0.41216580298516081 0.26443031824271646
0.47053256723462905 0.81998649264205692
0.68273225483256783 0.73501544625667847
0.08250980510693749 0.68042646298706955
0.67850242287661200 0.07717322510670803
0.02003366655220071 0.49330556351644594
0.63412933566039553 0.30801148959729380
0.50415724820776187 0.42732443420532451
0.78612235089535276 0.26507965839361147
0.15073022610301326 0.78443933099807206
0.80475705085100402 0.49169596183526759
0.56712193273567857 0.21152401317827546
0.82083435282579675 0.13242741265375069
0.30437331752883251 0.37008741270109730
0.67764191681691432 0.44474576978576047
0.26819738070972049 0.93024812282779357
0.51264614888345950 0.66948591594614681
0.57435383229621839 0.07587790010245231
0.38237995806050096 0.61191426902746437
0.35051303755470159 0.91310279811156403
0.73094169226469263 0.64403060122212241
0.32133022019398261 0.26744964349108424
0.69276554491068587 0.61591555215308358
0.62284071743782310 0.06208107919763857
0.21142264378538358 0.24044889460167204
0.76342287348565208 0.36556974794406871
0.40043922238568658 0.53833996306379617
0.77635957696955304 0.63262909355476660
0.06229253911764000 0.67571196776612141
0.41322283696505235 0.11897821444776230
0.63287890287655979 0.37391706637951994
0.58040244331862034 0.23415001086239653
0.48925634973518078 0.79629349932540272
0.81878676179469900 0.46205786928055609
0.72345493051803278 0.67090538442157721
0.71374764464938523 0.45481421307405256
0.14362494440597937 0.51957058576594539
0.73200408606140654 0.45012418376260105
0.70569902363795955 0.31722423409567246
0.10399179514799273 0.84628700900384857
0.64320255131395998 0.54865985133688833
0.07171224975379967 0.65633856748740693
0.63498187590508892 0.59438984735525524
0.32087829393467232 0.94889574365226681
0.38247981851943597 0.34008437739427122
0.74355076011209487 0.05482023092175704
0.10159272361171742 0.43055210693975110
0.22354909718116672 0.22366385046414936
0.53306517504679896 0.72226234368018161
0.32248511291037596 0.25111810662398115
0.39620198122298483 0.52540892627673408
0.25714749091973993 0.57891878576282729
0.72679643313702502 0.07571322632594242
0.10691924032292111 0.88497076895969695
0.58058444263344045 0.82964175661049355
0.19337846700645067 0.27196402572451334
0.52914410065015549 0.76185671464689997
0.81389450677663688 0.45927396410604548
0.58979090237093057 0.67997498102986575
0.10230963641421278 0.45163885729190578
0.12876373198787658 0.36880390463551915
0.29564351108376358 0.18635859363180340
0.53740507750950495 0.70079448760206908
0.19055722926682958 0.89064623814661925
0.56153850467222854 0.85050133447984178
0.13802819531264415 0.57211406091752237
0.63006869054581283 0.64298488406406074
0.08855048306356754 0.34619691517313878
0.77057331256507799 0.44117588490315313
0.78488387947594629 0.17458787766091763
0.16033992701668873 0.47931010122163148
0.12626257666155605 0.67152551090759482
0.42145111533117674 0.10810417291528576
0.66760175775021802 0.11478100796248249
0.70507717453519803 0.64222257786213333
0.68781862658763560 0.26438088791494607
0.18850432917743859 0.71687923298657963
0.51611559025718923 0.68949408710898796
0.09256446409829751 0.43395184809515569
0.63832032963884067 0.10579424634827951
0.62417499581754943 0.53858461921170830
0.58209759856191423 0.60441845815043993
0.24181467322668199 0.34695304619121431
0.10457545569948572 0.42195133758855746
0.18638713254669864 0.94708983455535600
0.53997811624255609 0.37188901343428526
0.36475604830622682 0.36999597630710429
0.45171634805098815 0.67777457838452515
0.34070754876825493 0.46281256919486530
0.19384128612772325 0.83927376426419520
0.65679328923586355 0.77296268648217303
0.72000313658755322 0.64909069024599331
0.10201033754053904 0.54737615499242065
0.15752730845873558 0.80649627528866130
0.24291558390281023 0.51298013166659873
0.13126516639109165 0.75411334627905502
0.72786244907507869 0.05513633031866686
0.45993320461397313 0.55962086875054395
0.84454824007314422 0.44566608800996343
0.05189554491233382 0.56835634449649952
0.43314328383621031 0.41271195885299444
0.23282123110310829 0.75145932916257629
0.47736906779510352 0.34204077373609176
0.18202884094947916 0.65221854052629180
0.12395954024656375 0.62454435666020947
0.07082470607006938 0.54729757938357659
0.58819920779417845 0.65517852040094060
0.46771856357449371 0.04082148039997442
0.47003793441170660 0.72272478178472976
0.29468498660339654 0.58123704418458011
0.71735456423125643 0.37455648542702868
0.59446946112229315 0.74472022710537633
0.17569560161762943 0.42027236263592382
0.41197535075314112 0.23637092303722318
0.20878580636465868 0.49606879729114128
0.34768348737280430 0.68959730680404885
0.19879368572708886 0.36288552467985824
0.64006795511744330 0.17119970105325408
0.41779142800545832 0.54273858047464918
0.41316564044556703 0.14325818535107324
0.85755925467376926 0.40051385973563258
0.15340817457403058 0.85366877807611041
0.30348892578226844 0.60200869922113820
0.83992637422821348 0.46396897801489623
0.77817305801573455 0.42471086002910763
0.40851323288969849 0.77167236184792642
0.61682596579067539 0.60707132350540749
0.36362811182614574 0.20587229870606250
0.33139716083678872 0.15422844718726900
0.77624179201952859 0.62112838574129936
0.41060986302842700 0.12289661675655107
0.26729890858016647 0.93595837959146033
0.57888785481771410 0.04130340734705256
0.13851321040011480 0.96097276477139792
0.78338241125246755 0.22631959732940135
0.25539130912985475 0.33505205253548875
0.56015389366415758 0.41402110022893523
0.07769877801307491 0.58977761001369788
0.08242988579161216 0.80864401590980783
0.49817511757218691 0.49472885968286268
0.52295826012584390 0.91145010525137293
0.67022011807082948 0.03335025626419165
0.73436171918929061 0.34386233628336016
0.49046463352002800 0.10891749919615486
0.55338947851442810 0.35596152623641014
0.43070989582637836 0.11895779350335565
0.33282355438644673 0.88343650810256547
0.21756091475531447 0.68765428595993860
0.50563696116497547 0.13795235712637510
0.51927551114719928 0.57429974537672090
0.07442767232849225 0.71993331762015256
0.50246403315979271 0.65799253114030998
0.54240997885629272 0.58685564677923696
0.49108850876635357 0.35770046381525639
0.55510292602983813 0.78503633769934089
0.13280812446324636 0.78609991440239002
0.15404642815629288 0.79983519879349763
0.07991039484284009 0.69031588280147671
0.74464690553168278 0.71020342739427045
0.64470084780499515 0.14273855963644241
0.47069344922721712 0.91795766479411922
0.67360396589542171 0.53182031614040615
0.31065935272672857 0.19191978556766653
0.25472661836446109 0.83099479176991597
0.31582835159734041 0.52429806499250553
0.43018909257815507 0.26641257575176513
0.19559883455797711 0.93932926389672533
0.65070963100747459 0.76588857369812391
0.52967058178106918 0.68966737394497402
0.59694382881599817 0.12029850999371983
0.40018560164064704 0.41918552174711549
0.56226476879287290 0.85616715322638026
0.13761112090271227 0.29441838289907435
0.73784480577328482 0.57901370756775483
0.43044810944373335 0.25839945309711920
0.72613141179232377 0.15370748650677721
0.47392772468252686 0.06125890856446869
0.04620377565806526 0.86737964866575179
0.72928941281138182 0.08662088837561986
0.37613710358835839 0.94321950473962579
0.55849436431391619 0.32053825370710815
0.23700958922430060 0.78661405458700473
0.41168945528631773 0.70969754162173848
0.69033565422056220 0.40760918491878789
0.86651284906162862 0.30215688825834019
0.83439396557940548 0.31229616812232786
0.35681910841710235 0.57407358822694621
0.27011802145343977 0.26558662619843088
0.22363168731457841 0.96721170747979035
0.11724639120818775 0.35611534298514497
0.03583082550329397 0.56341479349021206
0.68434244992270865 0.41095837851308814
0.35664677864544425 0.38258043099996475
0.62272189664604649 0.06650950988862644
0.71118691466819917 0.50236191342409331
0.64516387107992068 0.15012031175674914
0.29658020140118152 0.70044715319019757
0.69128889079617095 0.03911416533156740
0.30047778686477761 0.18514865967754957
0.76310564236017664 0.69653430463533017
0.78101959162081402 0.23191486534658690
0.51389370688663205 0.69587360809049903
0.44993147548657880 0.83396128495576549
0.43760036601662833 0.75057427142310584
0.71789349210029740 0.76982841274284075
0.78688250447953112 0.67427939503644518
0.51609725632934511 0.35678038085009578
0.31968843119564949 0.68487747953164257
0.52547731393733765 0.14277339829661190
0.29616510659988260 0.69179922971509911
0.00394585805711919 0.70053461113536264
0.12825732061955902 0.85697838860914677
0.41777662532954918 0.19113683463956518
0.43700787476597175 0.07273162756148224
0.73726712116867021 0.60219952258740894
0.08713415175986149 0.88683528020171087
0.34623214381683853 0.64298300697473432
0.26482827390322583 0.50971381894214940
0.31326123503110082 0.85974589083810116
0.49329320691024292 0.22394297423338971
0.59218225241027844 0.37141710118160298
0.03177093969890989 0.54834823954186940
0.56573193886935202 0.02205552966329059
0.17244466780797135 0.60668300215408411
0.78879258808043373 0.44879935432877893
0.45460439181364859 0.59575309609558247
0.34434473897717616 0.14916318556695529
0.45318323039174530 0.08873837591091800
0.65428558710532458 0.45081716037506858
0.46327423798414230 0.80124558452257810
0.52210595240713265 0.63601566673830601
0.66093378392230251 0.10497872381353648
0.55836434147621572 0.53715646358044511
0.46690553729493695 0.87617998188055590
0.24256682214295230 0.30960249012819557
0.52712486748072218 0.79774068940046106
0.43811107965731494 0.10063801375981195
0.28953456829791341 0.73811817120472689
0.62193078457911721 0.07106541953418598
0.23594737691882908 0.95076338534666460
0.52733531774437237 0.14928204926882888
0.80778822981394305 0.31917544156241345
0.75968075573688609 0.54462196113902595
0.56724204170547177 0.11506086147309096
0.22981701466399126 0.33370800701022230
0.39136439717069099 0.83062462932885284
0.24203477932763798 0.49748252006970389
0.13626335423343997 0.55045575935449520
0.69182852633452063 0.41431241481968584
0.38432585791852575 0.43627188229885938
0.31082674594647103 0.70589857699500635
0.43618059883306876 0.49136469118800380
0.02779754579918456 0.62617463522497574
0.03301792932424745 0.67333937070877903
0.24028860587669582 0.62228368753089369
0.13262343959604903 0.37133996912998440
0.44393952115262331 0.08927201473373803
0.78045090688458552 0.60536539796926692
0.45486535852568533 0.70305462295434429
0.49404399952884381 0.79101050670880457
0.76909277329639369 0.37536687465341007
0.04047674528397923 0.47845527952968098
0.71247065375887864 0.58340645946177150
0.67591181840198888 0.74318058237968776
0.52164199140294443 0.32544979676233249
0.09883068799954049 0.86649338266626741
0.28147573671841919 0.95705468818899875
0.17706295621946233 0.85851575387055401
0.23618203524960296 0.66377094928786107
0.33041986010133312 0.94013531234814707
0.36998673163008211 0.94673834077682528
0.04140652267958881 0.79344488871232854
0.08247546376530797 0.79942473565381178
0.70514482158883030 0.35988339809261516
0.51736520055501656 0.89490659719936316
0.78186023264172688 0.54074114665021467
0.69171778299311648 0.69392607824939712
0.76987297246850517 0.22793948877001893
0.17326825198766990 0.96336614947184485
0.73970621691460492 0.61879440052485979
0.32648146845318621 0.45693224472827593
0.66835146604103923 0.76208822491723138
0.58975761696135542 0.07747842146993909
0.10061217759291820 0.89789528356418369
0.41414469590903491 0.04805930598196066
0.10861155509358562 0.63788589980369181
0.21658617838848498 0.29083891440580051
0.43311894644816534 0.64973354809506934
0.66636564323292180 0.74543504629078783
0.62745179073400115 0.43293739761313038
0.79196942550075677 0.16520872212765572
0.22693268026372279 0.57907162740400120
0.44679025695112096 0.09767149680822106
0.38346704862693315 0.28581689608386129
0.05621282879610062 0.50067728115217325
0.02936865529471267 0.66346483569243675
0.53615728854270983 0.71457518715515433
0.82395328661308165 0.25348617466849066
0.68742169215835114 0.27172309729071314
0.50631794622336901 0.85042372474101513
0.49809781704979811 0.25355140859522657
0.40523845384183421 0.13574894971089188
0.54864535737102171 0.70933214319384463
0.55429931282818057 0.05623838349392776
0.49413040187746732 0.11415748072264037
0.09236033745925612 0.46010236396438009
0.05582905607673990 0.47267074308900092
0.69266908808643635 0.44703489675780006
0.19972157344774996 0.70654206408978981
0.25982907667730176 0.27372449830699563
0.55697539718245070 0.81833049764204047
0.72623997092573367 0.33263994840654953
0.34269238676135111 0.11747241361039784
0.14908595678040412 0.66461202266342112
0.71714943655454344 0.14294015951941230
0.57597060491160756 0.64440216144798346
0.70362083500663453 0.02471179493656868
0.36136776532512782 0.83491635006321430
0.23158740471728317 0.87048562548306396
0.58145723760918755 0.06000585379163282
0.23357219044371449 0.74431832487180527
0.47507776521042189 0.03850748361875937
0.62647886008309628 0.27633201913524869
0.60062985933219815 0.55739304519070076
0.68711380787798393 0.52954780346011854
0.81912574395658477 0.19865350381150587
0.74590711560438117 0.29404134830736028
0.64470699693026734 0.07182293766901893
0.10647236844066817 0.75501878300280201
0.65205258872209926 0.59544540944167390
0.17556808057181950 0.28529675097285601
0.09774953355320251 0.47167333034975600
0.15133491384870787 0.51146154226502649
0.06752502824934277 0.65884194476541391
0.15061334485394071 0.43822473837061199
0.53818237132435087 0.62857880072328398
0.64036954299760762 0.13770730013082885
0.14871222899517031 0.55560519984060786
0.05283941848504627 0.77713340175534884
0.74513555982452573 0.53529234671361503
0.58103343995756007 0.16540577733485801
0.38266897891264834 0.14982837011943309
0.05556298009753579 0.61997278137804845
0.48924951294058727 0.82767798303759754
0.06960145489309201 0.57319799257082316
0.85239802412152044 0.41510303285299882
0.51477392744759287 0.83450095738292052
0.32152727858727509 0.63027130194808778
0.28405657105502075 0.43967697174702214
0.47983600351008848 0.83875288855740193
0.11252027831132376 0.54302114147921321
0.27436024712950036 0.95490423768143451
0.80264684989698187 0.32948639368662896
0.52591864289875567 0.60014697369802572
0.34024348980024471 0.25728657447356335
0.15202236912215167 0.94879156787873409
0.56349629066464835 0.56389704380386063
0.29836924797217840 0.71542068420336669
0.64525041139936834 0.12555195267604366
0.43742753651167393 0.80087615655662736
0.66117042505817569 0.06066916399735833
0.16800308376714831 0.23521459448796245
0.83585594686747788 0.25250935601594016
0.65250607474240563 0.83630448706186156
0.52746100942032170 0.04688799888707135
0.19988835723231418 0.76564569085521317
0.35183720435624977 0.11905498030743665
0.18184510561216069 0.69666808418599302
0.38549692522079204 0.38871603297656465
0.41014655932124450 0.91678447751811554
0.28670141219288064 0.80220533223521007
0.26181020603545962 0.35835030537310425
0.32918895706299089 0.22501449618512032
0.08147875633318867 0.86121905463969306
0.67849894559812540 0.22952753536337583
0.04645232384844716 0.48543044999813134
0.70872953192938315 0.68398809021206231
0.28025734519350887 0.80585346243010003
0.77371059798350705 0.42898001259216029
0.50420937898865814 0.89779171017523296
0.73252669090171385 0.11849997992030034
0.06123346369947598 0.37454038605827289
0.40229495719794656 0.21631541316214672
0.81856739828453762 0.59417977279004286
0.33110861153514104 0.89049042328479255
0.50055197820243424 0.66530723310380802
0.21202496784177075 0.78928335442109776
0.76304681157471510 0.34698815554964030
0.84081429737475288 0.35601992598947513
0.63172823174846826 0.48923772182260655
0.61591811758225234 0.36730488741338341
0.20404493389820574 0.38994841935822350
0.20063160191305160 0.59413984424440525
0.63587934094880116 0.09041450859616604
0.55704130790972817 0.51679670650356624
0.82323712549596550 0.44620426914748706
0.13588262699885914 0.89865037848191653
0.73824459807405718 0.13394026359303410
0.62166739095397205 0.52267223260959117
0.20824758496714044 0.86375062781740819
0.34477616833081609 0.68299990780841868
0.19979142221008334 0.35626280412590011
0.29159780484973935 0.20148045891803715
0.48611215859372603 0.88509426451154660
0.04778616356777012 0.54589800129994137
0.83405741029362379 0.15686320529515796
0.08960294318590863 0.40430500613621029
0.75911323133078101 0.33414750511942815
0.49507410816741010 0.43648746847747893
0.81250193333537235 0.32576235776977919
0.76142392858567087 0.43231091808502231
0.60699899712578376 0.42966216160031895
0.05775042853272242 0.56179080539827497
0.41330560929312937 0.87102216428263035
0.09303291488581251 0.76767116462589291
0.52768962209481429 0.25704714021320990
0.15779343582442887 0.87526638817219682
0.40743238602484660 0.62653239407087569
0.24667656736621746 0.73937411322277258
0.60682284025080935 0.19503773324259566
0.15311383059670150 0.90735482802051648
0.31015923732942835 0.59647102596455759
0.49415233890018928 0.66711570218330141
0.40524633141751942 0.60655015916307120
0.31204577532784766 0.80573305689806096
0.56834634594539146 0.12204424159602903
0.30346793139797545 0.22414185685652402
0.69252664603202296 0.42965855133807757
0.68055343578817074 0.08640617331067145
0.26739577471913023 0.91415435517891419
0.83023533228235158 0.32101951895910569
0.24221873404220365 0.50591899085240732
0.16050309963235157 0.88021510287841342
0.75507433884950637 0.56638890585968060
0.06695729621778489 0.52037092187530642
0.51296270045011660 0.62578817952351040
0.36071884654612024 0.13559959010946787
0.14697350341033316 0.47633681336565115
0.24343315539894642 0.41871187915520375
0.77342793081279082 0.11993954419378490
0.33819395575737377 0.69777274462816075
0.36828350746796301 0.43413422504400828
0.67378880969683586 0.61250783639473538
0.80849126348901290 0.49522618678253866
0.37007432535070928 0.60862797482270348
0.12858100237231074 0.88419596584397786
0.53077690965781121 0.57689196234345819
0.51428385201817661 0.26345771745833896
0.63889751880058854 0.73647647081275491
0.12950609007367089 0.62764189688228933
0.40935467936331604 0.07879596656210403
0.56359164990624966 0.58796671317261429
0.12972930319248366 0.46756861952949236
0.48558335221778876 0.12358645118542935
0.06541243952891945 0.53507323347978342
0.53095945417118362 0.04269061570492370
0.22973885870700156 0.66959670134334837
0.18140067322092887 0.37667867104853603
0.31178309553900707 0.13892417876975136
0.14390717071561510 0.91242768695007181
0.23628476730326012 0.22856635761182204
0.39031183179759460 0.84519172487601002
0.75938462034947740 0.64511674885452042
0.35394318199561597 0.43976036797753154
0.28879930549843846 0.16947617696848286
0.46853537765567926 0.23300160428482269
0.33064016360045595 0.77452963483586001
0.80683033449272357 0.44350185092660310
0.74540465543145618 0.21925666503651101
0.14052862426547444 0.47445515813940153
0.57397621252859343 0.68446517989559896
0.71942208912565131 0.09836722060378754
0.50847834854976826 0.42199296994692431
0.50462495538266550 0.32994890037595148
0.29196490715594553 0.46042357925130012
0.56402043994492379 0.33747689302116624
0.43722791321689120 0.10880372866709366
0.50741838448745502 0.46290609777203717
0.75427883888776104 0.07097560916517327
0.32101309902090741 0.28196662801861272
0.41344440313841102 0.49291047363042362
0.77517924603406840 0.27066287180802562
0.10148051185695636 0.52290879173060378
0.68203047577483811 0.38990193563719855
0.39228075412441904 0.47687966076294253
0.54665557453868074 0.86286630191891067
0.42552254999137418 0.48427366514092762
0.09021227814822008 0.77766963667074296
0.15212438606984849 0.29808492506626788
0.53438021712920092 0.84091813836712992
0.61372866607819776 0.59136968096286180
0.80172610710245051 0.50354138036603446
0.71719315570190012 0.40294833338190578
0.13009648549438688 0.92094679290974957
0.19217648914313898 0.28487659215229449
0.11747657675589554 0.30483972042233287
0.30065914499970947 0.93913668511138726
0.62482055365443157 0.74291831825968635
0.79607131885600135 0.17578911595201729
0.28883410443222007 0.13322226840518339
0.81361673009032232 0.49302952303913072
0.71222216300051355 0.17475775002451172
0.10726826918764595 0.19723135690437885
0.13924099196853360 0.30523116496816660
0.63487846076290777 0.44405962180260927
0.64577555335582859 0.09138887666301879
0.21512599598894949 0.85146774334534903
0.14170981100323826 0.85242095274867524
0.32370304702246455 0.84723570659379455
0.85721296226651078 0.47151490191867218
0.05635660317711514 0.78160249969671469
0.07673622588953269 0.46965989505217864
0.31933143196296693 0.62360189812569367
0.12967758705753724 0.73993599470779903
0.60126070489705141 0.66535891388823798
0.24659394895372250 0.60636171871899669
0.67962402453623849 0.45223303897298156
0.83466368027729188 0.46036227036708804
0.03979764847759976 0.78140870514505567
0.67632974626282161 0.09694148169740179
0.51153189832013790 0.91660801992002505
0.08779155068491994 0.68719048051121767
0.34418144365566189 0.36207444315655202
0.78550128780945350 0.35044278344247748
0.45117937215129528 0.25572667110094327
0.51383632887869535 0.55007954881828203
0.51442741725832786 0.07054395850628757
0.02860683659081290 0.63780706644162444
0.09072456421939094 0.81175330705278004
0.29481087352859375 0.93936513763049567
0.25333431684803093 0.85991234318917498
0.45051228486425099 0.69713193859121536
0.02498067379188584 0.50325878314930184
0.18137542614096289 0.33184782725851564
0.72215790144646586 0.07363757723222507
0.11151768612646835 0.51754739986569620
0.19638940463369534 0.30804674117827818
0.31880327656582369 0.91753476047498006
0.16691663483897676 0.49133309266284630
0.64633740821313368 0.59201269851913652
0.65005828473421501 0.76076269784789241
0.70061484512085370 0.36454339977314765
0.69892737253490578 0.72128901462947703
0.56199570599729831 0.68801860111274604
0.71762429177736065 0.34266064417421899
0.72845207865280903 0.71826432785723771
0.45357040084305655 0.21380662591209229
0.60803600792508605 0.24694875480209935
0.74781703811333777 0.20034789284475282
0.84477922851693976 0.51489925284067717
0.79190194357096722 0.19812886693494303
0.28374778806266532 0.70113940445928691
0.10651227840207744 0.71788416732411786
0.13694508860563800 0.56526814444137063
0.52455758435075417 0.12485126032862848
0.70361637443432434 0.40316766222533368
0.15493610288554130 0.49481732016084540
0.51961468146598533 0.66988355989916160
0.45352278267281970 0.76926053480009715
0.55468770907895693 0.50834791509059818
0.02700688557289453 0.64667038058884330
0.58626531469554333 0.83019416596420026
0.25049434681278571 0.55232064431161743
0.50674553005150580 0.18020229738608329
0.50691675280319082 0.04675327267942257
0.69347457366405885 0.06779237823795543
0.29013558071519446 0.23995038962935469
0.54512181736031873 0.18280259377721036
0.56324560586977723 0.08255045163790373
0.46150911452646332 0.07303008515812677
0.34930117735671634 0.57684253001444441
0.29975668913307424 0.39755651155039728
0.49583615014827065 0.36995896604253087
0.52952922006248826 0.61696098104195496
0.29559878466031292 0.63576017299451837
0.77976794451166420 0.13575595608515778
0.79123637490478371 0.17339138632324266
0.20069595275411473 0.88611653615465236
0.26462126031716748 0.75895897151237057
0.20282094010426854 0.93843377883227852
0.50699342601591824 0.69713593595805234
0.38593522796257967 0.81351794687972601
0.02030103233445016 0.54398068502192443
0.30663567680343884 0.41407094631303154
0.42711246468344660 0.72284302085857322
0.63861210494771248 0.73025573804210253
0.45317466670789353 0.55911418186904804
0.45790177551972716 0.86122094998195164
0.26633723540318999 0.32537313414826075
0.56096272993467355 0.06379207929419481
0.70150965204062909 0.18155333443762692
0.37357654157445536 0.56408614023655035
0.81294604298574014 0.25534967852717388
0.44146960966559634 0.48507380312161996
0.51400959345619468 0.59638043298991072
0.12726847561416874 0.85179224923417773
0.82171702198697050 0.47853316647031202
0.41846057022582450 0.95668617730508920
0.08323521534148984 0.47644712398725020
0.65590308393320929 0.69783565865738906
0.11679920384650445 0.34714672246595391
0.25886487468627972 0.21796877170558582
0.64686364945563624 0.47668166432702824
0.42323585378020506 0.23073215984530412
0.17498221804443115 0.66758607518408486
0.13873975152130563 0.86799866492115874
0.49393469521213168 0.70066694208731084
0.33555008824159810 0.17788471095937941
0.17030664002450480 0.22900851513189796
0.11396439825562416 0.57998400799719407
0.51051998612502691 0.58347355236242882
0.63788208488227682 0.09945362551176654
0.32668107378648842 0.49145089336392100
0.54580533063161230 0.70344242669242696
0.80688828699165049 0.30173335153867764
0.72455883026803125 0.53407963102760103
0.41488569046093793 0.11441250879279628
0.36084215350262860 0.32897671649282645
0.03851135155616085 0.61842396236485853
0.56515577352930135 0.32287473375532566
0.20733966434345555 0.22176515232731578
0.73984517140400219 0.23879103579745059
0.19484587301314629 0.23656955224382720
0.05159316586756475 0.70352483340374983
0.14328606916062461 0.86493192186581436
0.62212834388488225 0.44607371055064965
0.17324948107064847 0.31023751145283152
0.46852552509004031 0.66120259992936781
0.35506387661086186 0.88479300409874095
0.68945574202003812 0.72358668427889261
0.46180987823043368 0.14668251399217619
0.76361977303633122 0.43801458843091523
0.33054736682759195 0.58659652183121380
0.62642547050840924 0.09456616996926474
0.81465493876457573 0.62465588667787675
0.13331756440669790 0.91580462803289386
0.79891919936723876 0.11351397309282239
0.12923559554697198 0.58727120303871105
0.65934036035495269 0.65012386320907600
0.63828005596424642 0.78343413004318352
0.10047348623889533 0.91772814051070095
0.08713129400446606 0.50861987100360506
0.51708759934151305 0.32010020088685176
0.77888838001398675 0.11974837362570306
0.21053491572870450 0.27266530124657257
0.76440328941932767 0.32820173217578841
0.74282773506303013 0.39453856758702793
0.51990764250827359 0.30071930965749721
0.66679845820470041 0.19779864284503557
0.40613881297005661 0.24144886203669561
0.70096880087636015 0.09298169198969884
0.48756527254713217 0.52325958886677937
0.37235935470530385 0.09952702143667372
0.66408054391336857 0.35600598371835923
0.70704391450430015 0.09162799498852060
0.35530367418925229 0.61432691709306153
0.43081875967720767 0.67780445134797129
0.39013320305552512 0.08576808626456514
0.77845022639165884 0.45018581082810877
0.09073953815281351 0.82558330288443571
0.45927943725070519 0.78818178455878551
0.28398560387465149 0.34093689394931115
0.48713982047054455 0.29965012136284891
0.28615267188265053 0.95308915588741294
0.40797747717486638 0.51618628043842574
0.67581589978921153 0.18784765790519234
0.49308611092383414 0.19602998567616481
0.07350906422976961 0.67604761390045442
0.11550196501969449 0.86339793425480138
0.68465503203891009 0.70738512036290935
0.08839028958565588 0.55964137211861253
0.46833217913459502 0.54067606186935147
0.10603476563448244 0.90698284445897215
0.26149993438066188 0.77878159566517269
0.24077539952123123 0.21979491907341117
0.24394427985880590 0.66635092956481401
0.82887164320222972 0.46988888153454567
0.58326288032418094 0.07986345359790378
0.32264709524215524 0.22313226710085385
0.56284599653644873 0.49048809336568605
0.14509429001805879 0.56107693057335917
0.70257639419295814 0.56735774678828221
0.29798640124485382 0.35896201765681307
0.56702768566562289 0.45855396074446447
0.80250895906661857 0.19360298314176144
0.69789791375858778 0.31460207658523792
0.27178603624570763 0.83528292644462132
0.33837513667997371 0.11107649087099894
0.06298490737072421 0.50730353817777485
0.39522308545297030 0.68601475725177730
0.24669997739323715 0.61367030269154588
0.37161932145296867 0.83076271750864483
0.56463944406958178 0.19168336533823757
0.38657077849193483 0.40285769259237286
0.52386294779590659 0.82767992928723144
0.34516867079916475 0.91606027677180901
0.22927490968038300 0.59343154768563722
0.49832038666103301 0.29046610544860468
0.65265198385866496 0.68620777447007308
0.26667867647937926 0.90270373322330566
0.04258065711733473 0.57639901019338713
0.42668206398616149 0.76421172756438149
0.61233691417700398 0.82925940500605766
0.32738431845944838 0.78513024133051812
0.45597058074753960 0.71556418409801670
0.64942893713819616 0.69731227599459722
0.64578442972024963 0.48990060811796510
0.56242918948705833 0.12472372480378392
0.62610032445384933 0.50912902800253645
0.41776990119666779 0.06375557276676139
0.75385626862625277 0.18741095024089760
0.69802794051525952 0.42476425969137976
0.24725765205323727 0.39804572599829591
0.60300491052913674 0.35942290503213375
0.35182407835979207 0.17696444323977395
0.05187035614868677 0.73674909535981070
0.64858987579608796 0.04839014640383468
0.40333655797224827 0.23497422358625036
0.84959672584312707 0.36368679982215679
0.07019623590369052 0.37111435787297697
0.17265584065347420 0.75206094382475119
0.09388679930960493 0.43906714609774389
0.61623585057092067 0.70990210991612401
0.63914813215023292 0.14654251030721990
0.60317298831363142 0.70506839691361678
0.86738916237115460 0.41302054112473818
0.24686445748633104 0.32018794256248256
0.63343685441465436 0.05376145228457740
0.80628571943263894 0.62068246722977694
0.62086430524096481 0.70551469664333433
0.69941081848818354 0.56197455809646446
0.30909140655018447 0.89094686173338133
0.17095036945018330 0.34849522048834758
0.33625100902306271 0.73381962524701305
0.53599068720932641 0.86055245442364803
0.29060974009735185 0.70473904989389013
0.82087428847018784 0.36377612440821755
0.24964794413038810 0.78681958276168029
0.15546647704427333 0.30130850489468697
0.15766162044660623 0.44858976816324342
0.33513174740446333 0.60605095583507873
0.38973873891588168 0.63715835170269652
0.65128704342952504 0.46468127972642359
0.81396053701098481 0.13564550600139846
0.32133617161434808 0.75532420530239441
0.07575909398601807 0.84029854692359096
0.65359858323109710 0.06355932234262054
0.71321188520028367 0.55944945327496565
0.32676520691597205 0.89544886252546851
0.34958898336314881 0.82964302218341324
0.30462442291861358 0.21147975735726407
0.23870979837190609 0.19157713601833715
0.04561481488062401 0.66593008557306232
0.74196840824970112 0.12109133770573768
0.47282980111280637 0.64063449839884268
0.67295950654976910 0.36644373803681024
0.37730223759613757 0.71872062233535061
0.78231823417873381 0.46641667800716752
0.24516725680594367 0.92060750344833286
0.53648245289373764 0.56313512913736996
0.62594259036477040 0.25590817542819777
0.21382457425741680 0.91196132755355486
0.66341629508291378 0.59855681452287179
0.02743351429429752 0.74897659595802368
0.83412808387402626 0.23204299289284200
0.63299826787103075 0.08590114317520833
0.21677944126719270 0.24116238384527999
0.27238887492241226 0.66064632139178503
0.01740359551052982 0.62607286083726399
0.69811232249692945 0.06977581152295105
0.09202074752439221 0.47905398074746863
0.36891193239004727 0.78062779948657046
0.07443877346210631 0.81189764380399254
0.40021782818087870 0.49682881982971527
0.87889215905885676 0.42799525756215645
0.78598494965178156 0.48278051574033254
0.14411326441083946 0.33374279284796943
0.21518359043931193 0.92929322144995274
0.32388370507720871 0.33259569112619419
0.80651949780237087 0.51888801386400984
0.66229622581146064 0.62009021765805750
0.42422103757650154 0.15848635842262498
0.46801911442219901 0.45000086649377763
0.19187571298620440 0.32395957281876347
0.22564009760037826 0.58632307030137620
0.50691778095616702 0.62952275912647615
0.60923855240161029 0.59653953640505453
0.84443929339311852 0.28852617774101141
0.57585936946600569 0.20084336799713659
0.25152693209287530 0.82449931598065795
0.85585729053921666 0.44317759676819973
0.58556744164707830 0.30427823327812781
0.43380921099025171 0.13445620543722753
0.81801210476023345 0.44441333722396847
0.64078004170359903 0.06477519617205960
0.70892804205721138 0.26304183817380039
0.43119811779378070 0.89152574383081995
0.38926750057733939 0.11213742130826745
0.39027459580964335 0.09184067235751026
0.61334143312606870 0.65451523569201198
0.39820451050384448 0.72724369664002853
0.12781591436178213 0.76102828218794372
0.08592223487224347 0.47210258311567854
0.53742837700356938 0.42981238243583408
0.34076845755391572 0.47021074227587056
0.22625021206217633 0.16724164709984574
0.16108466799448412 0.66851456634584028
0.25574997866792903 0.93999597471906682
0.35175078695234530 0.92995709916628300
0.32901293090782208 0.21841480303991420
0.10447575315344659 0.78333313841951913
0.16706305023835508 0.31664705463251230
0.46234135454653896 0.06183738962984823
0.63054945790962258 0.75638841351904595
0.80186190760221221 0.58717779955082883
0.04278105837458634 0.63731223716447738
0.63503595687852421 0.27692748546211476
0.87174768990142093 0.26235991692611960
0.27148245010416555 0.67678288081052140
0.27419894186602489 0.64141427709975762
0.32023719801036377 0.17429678935965556
0.66820658273560340 0.70063289272387408
0.33229390594219854 0.81175022418097031
0.11439815450588345 0.89955260519052627
0.83024856989828821 0.27505776448404518
0.16901210138088327 0.80243526389874398
0.12035087376911721 0.71603995956053834
0.23715457255593064 0.57270062166826230
0.57707016761170016 0.57150141724941417
0.27476882209461106 0.61945583978856622
0.28216340555332942 0.14647351833652408
0.29822921088606774 0.12962444935039438
0.30066782940823228 0.40563279506563593
0.29598617591843490 0.33254719990058051
0.22368487415045626 0.21481332704801243
0.48641646986264586 0.26206229621238747
0.39852871581726096 0.28787093222266996
0.41102247110367945 0.78553653999303485
0.23734637981389339 0.77991342365894833
0.53163107769045626 0.03158503544252648
0.82944765078487093 0.14959072879169244
0.80323300193665703 0.21610596237516053
0.34032625456438981 0.64864749659133669
0.56971733639817890 0.70639763913505416
0.13853737800560681 0.87314296024361016
0.46468908370049278 0.58162030005779408
0.40829554315239874 0.22995782861809985
0.18114568623361788 0.28530002631262757
0.35682958446772528 0.92699419793627447
0.64995818088221780 0.74744345536686441
0.38113121483951351 0.07879399512858469
0.52572081094457190 0.88417461603520420
0.04803215450121347 0.43886857811648877
0.51861708900688852 0.53739962555325582
0.13672828613056270 0.30017734533899343
0.27218330114327766 0.84273514930994675
0.44666166577402855 0.34389538350150267
0.21463326748134942 0.45459230723187538
0.20117284654157977 0.81505912344806164
0.43749021315923481 0.85014146619915987
0.84972376252220094 0.31662534544048404
0.19192437717108901 0.81462747683542547
0.14738849696137757 0.85692178230595550
0.65044231901019667 0.65699929433226356
0.18825544896970545 0.86288723609782392
0.67773774233279738 0.71948692627719790
0.26971548577834770 0.65274185627520143
0.03982709410850381 0.61316984275067887
0.79353500291639401 0.44412917034582533
0.31902668627947894 0.60517246299164829
0.59092206476446452 0.20002134890475221
0.45466487475970629 0.90005110023958546
0.39504441048616995 0.44675002171251588
0.67834761323566450 0.63768687723717388
0.22293773966410724 0.66786264706344123
0.65361967004487864 0.39641793701155897
0.76421845984151771 0.57286851277732187
0.55853441157475148 0.86359116502070732
0.51508774289857673 0.19560118736969248
0.69663777057559106 0.69666172754829359
0.38120971980238882 0.83980207406402163
0.75737536113301251 0.48485313813457181
0.43966111589477608 0.49732022896149825
0.26400444706476373 0.54510684831144784
0.62509959157423289 0.05699804346888303
0.52381809170926885 0.70291151330658908
0.13432498039475996 0.42797502245232527
0.33733399869582514 0.84852488908705015
0.18527703814991370 0.65854869615731293
0.75760528947272543 0.32784815875259365
0.54753631512748557 0.26713946369616837
0.10536514298863242 0.70272529739690615
0.01274128312300184 0.72192517417027724
0.14325551241882112 0.95095210518977513
0.67555475525088771 0.52509361488343886
0.46044224364917435 0.92460304201885812
0.71918453061222976 0.17620649875364630
0.09444613472964025 0.84525556692349912
0.38349841175086491 0.86390090306149858
0.83425275594009385 0.13249825018328804
0.40420049888742698 0.71197658619201221
0.56264267541617086 0.72815674974303657
0.34031846747531352 0.34746906685438039
0.44930293105666369 0.54546424063982701
0.21213402722485195 0.83693966969209510
0.29781161154242924 0.92336977429347722
0.36373003365148610 0.93166427398666818
0.16924849766748687 0.37402573172158782
0.13877965438268330 0.89377239015079568
0.65945926002339139 0.12278294346980845
0.66111109661977008 0.66286276510501829
0.58734860675706568 0.55973823330723316
0.43784747940244984 0.73361524353365393
0.14978711578122303 0.90354686887791524
0.03373287746859846 0.61755321618731418
0.40490529895304794 0.79974591396184047
0.35324652811761487 0.14781749645418568
0.72036360171359248 0.03772467090736639
0.69424805768324516 0.75569206376535691
0.42833897778943109 0.58296242731450665
0.24701995474226701 0.62943297496905681
0.06463576350120276 0.67953125288683580
0.25448313693338781 0.78151933975444388
0.32602498961372184 0.80729584701632140
0.78373123527621114 0.48799696631140466
0.03820754406659487 0.81318834207662583
0.75366872330809165 0.33961877509579713
0.67615872544025646 0.23675494511602699
0.10719602360416486 0.57172157836518256
0.08813230935446273 0.37028619713003658
0.52123392259833989 0.82257291256346643
0.38080817434636743 0.13951579856857779
0.75837272151958934 0.13524091678943373
0.26899781259089217 0.20852861793825306
0.22587691608852109 0.37523731895879747
0.45596655701014138 0.72251014795511259
0.12738325646209867 0.45566227181254892
0.14052211328135503 0.24671260727889432
0.24830892592906481 0.32781056974910400
0.61346889968732365 0.06472866066645537
0.43764724194020671 0.39055908630317593
0.52493979256888856 0.87829061993018898
0.78712503487824925 0.53968832045007098
0.32808185872307222 0.16778277002894962
0.54421305255517050 0.53985493654669048
0.69505105448355775 0.72565526422228632
0.66385047215546333 0.05593511803914460
0.40042337076467938 0.93909830943608807
0.82569884874006960 0.49879084345410346
0.24593983817772566 0.18209643309976906
0.07783536178953343 0.69486152378582888
0.24329090416094937 0.47908953636883567
0.25599584361498923 0.87266584275243220
0.60111767574739206 0.17620981453092172
0.82622676511918203 0.41735283662830541
0.47089292868896920 0.42685031465030882
0.68328392561534856 0.78295151902801352
0.73152005107089890 0.24758828628850515
0.06853227920894742 0.69461345164592381
0.73834231901349245 0.67570951403681101
0.21137407612086795 0.32864835091524497
0.83449329112650206 0.44841248909342502
0.68844482120614214 0.40126052661936928
0.30255857686668119 0.87519727008539472
0.04974272220868441 0.42208659632567502
0.64394685818289443 0.22347248536370826
0.69764799067601035 0.18783735883012745
0.79860850861882116 0.46251892967553482
0.69072283482033503 0.23659903651395886
0.33781509762407719 0.89418514959773832
0.48327891137580148 0.80847119163321768
0.86673328911822489 0.36122912337898655
0.21208594603795458 0.28698181792309041
0.23144234050713933 0.90529154187362215
0.37511252050745925 0.18017404362512315
0.85016047588189148 0.47431881109022811
0.10940820393846261 0.30475751977987181
0.15640105647232366 0.57355451159943593
0.27924320239071310 0.78318363693576509
0.83063988993983895 0.43738957911969406
0.15672901978271195 0.90358747549582252
0.26948115353332991 0.58620288389076258
0.44510482213012559 0.77685292248841553
0.53929881703895410 0.72027587406291804
0.21327036391808074 0.35327182997529061
0.11119049238108150 0.66123429410197343
0.07624508168520182 0.74397891138791061
0.66272948066896531 0.15018617009269772
0.06810886098030901 0.62587361226448546
0.33338872664190683 0.30672190289126305
0.69294885573609533 0.70051685321815238
0.38914510307276318 0.21206708465610358
0.05704641768086861 0.41922462553091105
0.18755568578976453 0.24520050805166255
0.30837270439562631 0.40715282263805080
0.61039791163370227 0.01649009141242160
0.65633041820067595 0.74820335416951633
0.14220448850354100 0.42006587880092755
0.54148535623172989 0.66771573116153438
0.07928312234416021 0.90370847204617755
0.73857035190749598 0.05949554003364903
0.49653925364588014 0.46106421889283811
0.57802676679853160 0.87531362736891383
0.19791681642142211 0.60727251024703044
0.46649036676235850 0.65463280585221706
0.64988512369480911 0.13045405532243934
0.35586483601975766 0.91520119021794166
0.76941444618255561 0.20746357938335316
0.30267694549737045 0.29653874585935519
0.57727831852627065 0.04597859558951105
0.30555758049127052 0.34585255336530912
0.07225089890030030 0.44695190748327807
0.22058015729782529 0.71975395429945743
0.32143588757730041 0.78955787100947883
0.73541808098920880 0.58997203236797280
0.04349498835501472 0.49050905241670878
0.56767682312751355 0.85483648034545878
0.13321694065531006 0.57643292653929801
0.57212059415059469 0.37870125717315367
0.80822090877681474 0.19784891546851960
0.07661984761940217 0.45550005523513221
0.12992223874303555 0.47963666335629013
0.55467362403787357 0.41838787168520536
0.31259105068769522 0.90094413903247583
0.76820544026466053 0.23424087663005791
0.39683408405961351 0.11909276865795845
0.10398130031232325 0.76711386617168098
0.60363546284697034 0.77386401355286671
0.76780461659388755 0.46419600297672764
0.13887688943729368 0.80045794361228884
0.52524122692606001 0.28905253683311433
0.21568564390476477 0.87737586361377284
0.43622760311871528 0.57034002138098017
0.07378942026575819 0.70844819631226241
0.25984426105645586 0.83504566198684127
0.05430633772758670 0.58157684911083540
0.04215931922446955 0.49566880967224897
0.04798741980465016 0.61408101896109746
0.43590704049536055 0.12353615003459764
0.32437608753233371 0.17669977845406273
0.72408879491993017 0.58667073666075276
0.74018013310695496 0.52323286840710181
0.77721969362371113 0.22570467374239536
0.36700087669009346 0.92295366877639218
0.06740794334326367 0.64395201762761944
0.36646200838422105 0.13876170362675547
0.67501690867719433 0.04684034859099276
0.48013459280012921 0.07206112111940402
0.23459648347054662 0.57985178238769652
0.63448512329320916 0.68447542413280082
0.07042577506350453 0.51718138296892568
0.72102286695646589 0.66303199210335906
0.47517882478049778 0.23645374727450644
0.03855757317162840 0.57938131940544135
0.10927010118957038 0.88079459749667399
0.67521785376119947 0.67199917351588412
0.54393336086515209 0.76320162626249965
0.28986861467663994 0.63133002456072929
0.50197935977052222 0.92151902526036500
0.42470245202369361 0.90983078197319478
0.13612684812402828 0.32952638879277635
0.84844316930482722 0.40994192885258018
0.83980495799132626 0.23469936623268933
0.23443100887839532 0.81604922805274760
0.39018232579301765 0.12602237044214384
0.33786948743688866 0.68284442293086978
0.15973461777759962 0.31385866963272024
0.67443330245260291 0.11326940855324728
0.70694706874272351 0.67317412612449612
0.31104806647423283 0.83982116841432963
0.73724180133265249 0.69374138454852130
0.08257851268038516 0.59466192813572183
0.55228957215853958 0.31585049359238465
0.83127392927257571 0.40385746513975324
0.26708411172464502 0.31206698454879722
0.53603388222851067 0.84711868792341782
0.53559082982791750 0.41003802856561455
0.48954766223234925 0.33282012821345297
0.43210038107592091 0.84711693198248261
0.35128687447441515 0.96967505994150527
0.17779108275719011 0.86986354553572454
0.51502312268935480 0.33931260848572675
0.21201449579350506 0.92471611019556188
0.26524582833917770 0.46093914559171612
0.78944664502068840 0.54440414649455393
0.60902020899811327 0.31449971948502381
0.59105664978796935 0.55421731037020383
0.81837533299371790 0.56790111456680614
0.70816675268386242 0.15153206179959594
0.64523099306913534 0.76344434385083348
0.43205839151123276 0.91956439278092017
0.46058095354932482 0.87657952799090655
0.31856098931958982 0.57651159318809198
0.77250845033698878 0.12520253870466769
0.65074495190694304 0.43536078987486693
0.55645198390844808 0.72674937089492164
0.17602580144247137 0.36489075807161425
0.25443833421695833 0.17819633002196761
0.23451106055777141 0.20647486250603536
0.84956679253611678 0.20702230138914116
0.81638118543565019 0.36786007990053954
0.16290632165158461 0.72728424417497750
0.34839088775708571 0.19287384261444604
0.44097818931129790 0.33952705836404012
0.42759758142006526 0.61258147418625231
0.07279280145514368 0.62633365458393853
0.19899637188436442 0.75838094201115902
0.12879035089054480 0.41227380404674907
0.12893240035863721 0.55053176399929105
0.41846840891632620 0.10429568084738154
0.64340080050000725 0.26475199514828407
0.53163397544249114 0.73347705261378471
0.56106743999519970 0.82958129465425190
0.14209214632766728 0.77049903553249055
0.62085451249299028 0.79221387559107481
0.68861629937193980 0.73697283855536067
0.59278271970701601 0.67403671380601260
0.43609432657516733 0.19902602181404364
0.12916473860837641 0.81705321998361913
0.24063300269056889 0.15698777780534476
0.14304591706101383 0.35547035688810341
0.64235650569618985 0.27769962653213315
0.43541799171990836 0.07755476993456392
0.11916016417802906 0.84733558933087749
0.23446149526947946 0.88200170308755999
0.78268390353385586 0.62281047184552196
0.41884638692564169 0.43001204189331826
0.66171929425744835 0.09345876042417370
0.51674497321457313 0.82660872161306997
0.67186544279131466 0.18149860172294449
0.60240586729407208 0.04912081740927719
0.23874887266707057 0.83044709347081980
0.14395607195657900 0.50616494642551357
0.82891169647807728 0.44717794099042868
0.35443976264902172 0.68669290583704956
0.69334687099428527 0.23034696314853648
0.64129468679657209 0.39250003549389917
0.17800103989408037 0.79206508063190306
0.17924215498591561 0.85287607500552642
0.06139334357165047 0.64200658095482066
0.36626303279627587 0.88386551621639364
0.66684515906267239 0.53281513019344762
0.15830619325575904 0.30527344361615305
0.17463078386847686 0.37765172530815438
0.52515937114462730 0.55762599225391207
0.57153891216291142 0.52754431110253586
0.65794577846945579 0.75304384033460126
0.69683933683728383 0.55610253771139262
0.32454197141847968 0.44222018672082825
0.56680686818032855 0.50655776556093401
0.57568202373126987 0.34563860914582395
0.45905496229439829 0.04174322353262648
0.13061263628740882 0.28511650842035419
0.67771618234162201 0.53663811744136991
0.79150758973148316 0.38121645845512464
0.02307504449208940 0.62306531300415124
0.75028094497182785 0.61495371687524991
0.63523010745331210 0.76682988448082834
0.02332955425455046 0.52920136115197358
0.75858263191222441 0.24567479404019679
0.53675047935609388 0.04251392749923804
0.15637020002851770 0.33536374719529094
0.80291824601804429 0.19937731888608232
0.34195366622717549 0.88447258612824675
0.62903046222464143 0.58089446631388963
0.58315244464354210 0.78098388406399821
0.79903906389087986 0.38819141715923783
0.31974274523752005 0.32035752003253604
0.59634001015971738 0.75061751188086223
0.36480084770818444 0.75527033337745975
0.55158200989246553 0.41193327889473036
0.76563185219242902 0.33487661069439917
0.08500941247335095 0.74828379059986272
0.51811814818115043 0.52149602999358313
0.46065229249664780 0.86646646342194711
0.78451665419076855 0.50616332924022855
0.09946488424653156 0.83728226647873882
0.08979012794357688 0.74885011709882399
0.28477628493697194 0.83682999310899364
0.56114529644483613 0.08866758468425233
0.40552251188193794 0.22276445545249482
0.80988672084809188 0.50967877452819899
0.59197099720167168 0.81297547147646976
0.38459220314368792 0.16354676462029905
0.77804585467813248 0.25587957022306007
0.39833870549082206 0.10919244719210480
0.17100864791687079 0.70730617985218136
0.42441128406061851 0.34616733132359917
0.17226214912962515 0.30161024044667972
0.65655348895884824 0.04603444145115371
0.38246835038741961 0.91763933082817595
0.33533947831258898 0.24390999263631788
0.42542550602182627 0.32467948779014960
0.82052401545460996 0.28888962815439251
0.36699047432880749 0.44146321880869704
0.06934696371677253 0.80447567788268948
0.80690851259391272 0.32492089416649023
0.07654333737189449 0.55085496884692287
0.17430640836207428 0.90510162569578678
0.42769745039526991 0.11532505108146003
0.15252272517700693 0.96881420743507840
0.21745610434739826 0.95332649243766843
0.53006652324243853 0.61018747654175598
0.59027256329309941 0.83979748161742862
0.73214090935805487 0.27347976538383262
0.35287846115205485 0.18882113454006819
0.63163065060765389 0.12170431964539397
0.02363401533416228 0.73045436669420438
0.20549941521828871 0.36368839437819855
0.47838772721590772 0.31890950463014861
0.29606176303204401 0.64309998027904391
0.55876090076310381 0.10075090515353215
0.50944443663915051 0.20066290167668593
0.52093330947230088 0.59484531289446363
0.30964272865013898 0.12867910785963738
0.75999050628764897 0.23926592984919162
0.44833477559375223 0.78322973610350055
0.33041498689228366 0.18791717116402534
0.11594642648305223 0.85076225620945378
0.06591232663925607 0.60039356253333187
0.35386699121526100 0.72458963587741154
0.79577677625887921 0.22862790599767555
0.54637055637296150 0.35144052553320654
0.78633822990739888 0.19552452452459237
0.56239434712575764 0.29196051708546472
0.24402568280769257 0.78292642675194635
0.20976181477184105 0.24844116403024730
0.05341845524088973 0.58616884782706224
0.73662418705080657 0.09162842794693986
0.10316777141104194 0.74986976595632426
0.64109238566603166 0.75415079248668271
0.14393285427515284 0.28891614903428386
0.22591063907178960 0.90689738564185773
0.46650865170133410 0.29907094190294087
0.16609052579212052 0.29410677239741934
0.13607992760205681 0.26469454249365215
0.15132963637414126 0.92707695189306472
0.78279417713318833 0.14452076933866154
0.40263043258216957 0.15930742125280781
0.66599647568969000 0.44761618026668998
0.52221374594724446 0.39409746586020666
0.68699264822591344 0.69079003505660430
0.79420444584912409 0.37551406127027881
0.22493572942797943 0.73369239266850139
0.49584200379240961 0.33588538629459874
0.54352649314728430 0.25371585106480510
0.20169418911546058 0.77941753313892126
0.09347560926894660 0.68223837727638836
0.56226654058704029 0.83629845153747995
0.61789722438922767 0.11246316860192246
0.08117457548145969 0.70119650070569506
0.57412762790205296 0.45803488916807844
0.70240826356408159 0.66886523257642150
0.18816785762985430 0.91299896414401238
0.78819771907582759 0.10491204954806270
0.15410710810350403 0.74426879139603663
0.02168289181819170 0.57296314583172703
0.40074731401985664 0.10535130387540734
0.66696800272715995 0.82325242151411038
0.04940713354388003 0.85072143811676793
0.68026488094923165 0.04069880258504133
0.45238652168644128 0.63773818777444069
0.72681240791282187 0.63366740183687509
0.43454173405746993 0.58580305868272020
0.80080522186849301 0.20524251151364656
0.28848099321244569 0.15554037284396088
0.61679154355518573 0.41533461276617278
0.41651851958242969 0.34468942657317508
0.12011335521070214 0.89113893956754886
0.29651917386756499 0.86760991620907157
0.49707111847220170 0.16950181478952894
0.17366228767950009 0.77939749218073662
0.58727709136741724 0.87624436461891764
0.57742479122995760 0.25140430178710288
0.39884180622651993 0.07798034698528344
0.43375098626540198 0.87187962703830690
0.30052321534706783 0.19502755458929577
0.25165067724851392 0.17298933729551436
0.16232626980259493 0.88530120878431950
0.14076162648313609 0.64438182342143502
0.87998802418074007 0.32356425465030542
0.50731802951938487 0.77480657562521993
0.23662781078922371 0.30625602157442705
0.80078741296894451 0.43364984327678874
0.09126158649985691 0.87878338351075946
0.65159013316352687 0.61258275952706598
0.33816478171642811 0.15114491796282262
0.16340447643639705 0.22612196538633447
0.76499208159125009 0.05452054562068092
0.55172643133787147 0.05109556489244207
0.83318177702886043 0.39294194449441994
0.33301982571037775 0.49640762051334908
0.48987854856904345 0.47787436537145833
0.63067799010201420 0.62784447967783497
0.03763387990639605 0.82067477503508479
0.48253848140734390 0.82726247217470139
0.76404608116683093 0.11427974540689971
0.13240731403314240 0.35613035657703701
0.05683691546965944 0.59758932671281972
0.08988488932429162 0.69357666582794542
0.23458855202463269 0.65595425529723572
0.72754001443751048 0.45483297500630404
0.67788333429036018 0.14193341080133717
0.07287332901221008 0.83016861333307190
0.60088716973572265 0.79347215083289935
0.42291374141630639 0.92656620497075448
0.06989972043714382 0.39014413833821687
0.28444620672006804 0.85069218718027229
0.21795898974810335 0.17364221337480171
0.31748729310375334 0.38766225930055409
0.51736753254529333 0.48218101778630085
0.75376711210184355 0.64809342990299101
0.69386767530371884 0.27657176894112956
0.24121194433122942 0.60070793242559783
0.12459938080121430 0.40922982961572640
0.07784933681424143 0.76037068394085894
0.23522546307903983 0.35051433394816750
0.14085747324235873 0.77663840015934849
0.69563267286506780 0.12320850122639244
0.29742356092250971 0.45551086392529977
0.65254239813926262 0.77644852347084692
0.10081258476438155 0.84968413532671261
0.36094277615272224 0.34657400983834474
0.28874151974424833 0.54153999233260275
0.52904242163513993 0.07433304128900982
0.16416636965594469 0.60607479123382557
0.82040209869337510 0.48502738846704219
0.87540229913188405 0.23748981663876481
0.73243253651558704 0.68342702823241852
0.20910111824985839 0.93890948146608622
0.36607043327823935 0.49100753374132672
0.50974566066440785 0.50271437914976924
0.21062317832110281 0.39695061452759178
0.83797400284788282 0.38916669320678754
0.70478088010045847 0.70989547435350731
0.81860695394960281 0.46803611294444486
0.22402133039374034 0.23457239868778279
0.61935505375269928 0.38081179151260691
0.15921582077843852 0.55237272545358129
0.55357445339386291 0.30776413443131134
0.65023008140161287 0.54524140207211436
0.62425027558475488 0.53081915932053336
0.14587015632329198 0.92930206234141433
0.10660491334923419 0.79303558751166736
0.21600850302061328 0.54097094433877013
0.34099387745548232 0.89933388616940613
0.45914956815832564 0.55210852583933412
0.76528165397713133 0.41848704542754311
0.80849630031153019 0.45727950260716482
0.24928282592432247 0.17758912924641868
0.83151249699964713 0.48012394975951916
0.38574988718320896 0.62903059075476442
0.33388106100950737 0.16413747068833329
0.14497473753292342 0.49339019280942664
0.48909417962597918 0.44802941745333019
0.39786582853075347 0.91493435345690710
0.54561211996196191 0.39706120359764391
0.56334016220879424 0.81942469557859532
0.44834091853615615 0.51079515772302275
0.16452679443738513 0.35903480687606953
0.23356068375935363 0.22451296180805561
0.04937265380945854 0.44587298933260605
0.74704353830325698 0.13734708605496093
0.44404293186387978 0.26669401572468115
0.53341827438172085 0.80187084071769221
0.44470206449682698 0.27385149176575896
0.63847606455148143 0.70297283713229897
0.22360241350312124 0.34987502137786153
0.46567906143999199 0.25532020806333228
0.17955535545331827 0.75407008575850853
0.60866518807938408 0.47634206458135026
0.21961998532554614 0.32528426890053946
0.32853485567755686 0.76719109240570760
0.61666293207186307 0.76306354035302904
0.79300728893752981 0.23471911820944230
0.28415421329038149 0.77877970567722588
0.54361492619821372 0.69712905477659148
0.46126270409244402 0.54013680246586793
0.59657915614218993 0.36407543563180533
0.60987041712298895 0.57200282276141767
0.44874022071287845 0.43938584455102725
0.74616411133909988 0.12584595808873872
0.69588092810133328 0.05487342775969611
0.42427339883737453 0.08739183857811200
0.24783273422556176 0.94811372560926321
0.59607864206257666 0.82406643954435643
0.34560586927956416 0.86756425416607208
0.80630428714813862 0.50047069803526034
0.50967592515640581 0.47791044017767942
0.55416949463195053 0.15908651122015463
0.62278953503066958 0.51586807955133152
0.66968107863591553 0.78349512242526931
0.08567051491541688 0.74334066486419625
0.76348578700687131 0.70829132662433758
0.35685679009460153 0.17012206877413644
0.56628724875820735 0.84828307154219862
0.68309991115102864 0.18816386911286984
0.56261404118799929 0.17153921609410661
0.55866447445369072 0.83983649320856835
0.26905840762013705 0.55838145092289271
0.60933030515606812 0.23309779087176336
0.19652364931549071 0.34278830953103478
0.48940236663305803 0.78406533509571985
0.72367667874503583 0.34007627492511400
0.25484743273512800 0.87941590824550708
0.40323599306316105 0.12111058012966432
0.69015091927299321 0.08330676471222213
0.48951290401337805 0.06442095440835321
0.24713883396589315 0.23769071983919887
0.69617318743370016 0.39116044190583404
0.53676557981764017 0.02473481551103957
0.78271547387445395 0.37168065828485192
0.17586208676094389 0.88401536501501410
0.06020953833976603 0.81547636432491477
0.17884708589414550 0.60967719844567236
0.50223654194918921 0.09451706499207221
0.86274322898334710 0.40605888613359981
0.48933557319101928 0.06969996777149114
0.81772262024063458 0.15777838060255864
0.09649329998613701 0.80278494278739665
0.50816930397318028 0.72556098811782332
0.58054006501969868 0.08383664256629528
0.16650705003881933 0.70206682835819434
0.05724818128112822 0.64405523000975273
0.84598013752777790 0.32790238342323741
0.81844965512658530 0.14066120643562621
0.46340683086600937 0.68278046507876211
0.07501753853202821 0.60356035121053553
0.23303707681250765 0.82503275905019913
0.52031908178154174 0.18293547481827460
0.77797723087650261 0.32793797482932058
0.03564572360288078 0.52648474114242327
0.84018307999453157 0.37282552559187654
0.69245550428024027 0.68817816100726492
0.23806309279142676 0.80966381809076760
0.42067991661537907 0.37370769244288921
0.60917662341343237 0.44420841814874612
0.70450070775766682 0.48312001083396688
0.66665470365951296 0.58192317251761494
0.81849225330216102 0.30158356150296112
0.75875164166359177 0.11493752355454522
0.04759432930060972 0.49677015651314338
0.57024411333845659 0.87439281913882505
0.61364395438986652 0.12603909810515854
0.82934200702361482 0.46386644073679167
0.32694719939182842 0.72354175732366843
0.04003365997139597 0.80608942783112636
0.20390323014031850 0.49106679389209962
0.54261983709702144 0.87907589863225000
0.75510462192855232 0.49316950405797155
0.64655795636339630 0.68534196041965600
0.03897646027314971 0.77005849605253540
0.61297065193816691 0.26075384879533975
0.05805075676331850 0.61630997552585276
0.48464922428954016 0.17717161010935367
0.38725196050523686 0.61733451376160597
0.20666196737603371 0.18599263178711631
0.35083478912273292 0.92443527215571131
0.16099348537623628 0.81253029877472949
0.20530737180052916 0.74600963332145576
0.66204538047444705 0.33667796248930482
0.53337961122118582 0.18630659864529678
0.22012806377168123 0.35578396787753136
0.20714171753799177 0.17455402390322441
0.50993232891694440 0.31728382831490137
0.07323474991728494 0.55973078831682754
0.04220240484440189 0.77643544699417932
0.60120736475171799 0.74640190782393256
0.50709449927964700 0.54834365082838510
0.06686768903626139 0.62083108599367964
0.22199247318054008 0.56092447056374395
0.31923287359601521 0.16535859893373409
0.46997530920922781 0.35642381740401863
0.74590328031577691 0.41585824575742286
0.04873133189640526 0.49177579118241393
0.72140871295008924 0.20962935780083852
0.53820034357965429 0.33990091510798481
0.74420865475811671 0.60898081089213529
0.44978065586365074 0.53163717246899633
0.10435277562321081 0.92677510494959670
0.06211348656775855 0.48676972602643981
0.76588053997048355 0.18083958074287182
0.25682157077320528 0.17341456342917158
0.65295641892354428 0.49110127803071474
0.77065333450728490 0.63085514864804515
0.29380308452372267 0.32545399643553297
0.68299311813449282 0.25510912878742636
0.12432830506454214 0.39782283132671320
0.73529665760652541 0.10046898850896521
0.69033419873734825 0.21263584774019945
0.68715128955525617 0.05049319762025023
0.50395199001919411 0.60318029831858389
0.86384038834110766 0.29297991807182411
0.65224462329318988 0.02430733052677802
0.14786728554205678 0.35680615042633901
0.07723218184999532 0.60855233007012577
0.62997388335751370 0.74489786940675240
0.63351855023746995 0.43632369339279997
0.52444809202799780 0.03257797731804719
0.13174059162547463 0.67644694398144933
0.74682952144724113 0.33796388813096317
0.44033742058767666 0.38369175736826322
0.59953046636912055 0.59638991298064670
0.73163965454925184 0.55702464042569799
0.02487458506352444 0.71532113714965984
0.08266765012701528 0.49557578399790103
0.69791903180578296 0.48356898864093861
0.77286301925373235 0.06776022996214212
0.24614342539912110 0.40482080102172030
0.31422167964493058 0.87971850962814635
0.46952708003042187 0.07977503116781494
0.55424263778502936 0.15231759634598657
0.37858990411767479 0.15333208363102660
0.17240544768897348 0.80892468344897850
0.59405104360526695 0.69744135894660086
0.43677633702079866 0.94029555159943878
0.14749118619675042 0.29296009026553665
0.47374811643307552 0.69435393928903788
0.15689880220897198 0.31010908012549776
0.41567512186967859 0.59978100342467278
0.17259711158022401 0.85192975674326654
0.31392012958648918 0.89479865032291594
0.15734008061634372 0.93747321477041545
0.12156062746834712 0.63075249336306038
0.09485335628568094 0.34387820748237086
0.77225893644372057 0.17892276714726976
0.28184581362243571 0.96906378129037507
0.79386497534477318 0.49563980204926433
0.19547893108079817 0.26316344683594112
0.47581591481346158 0.54024043830766355
0.09227918680043080 0.50831949927680786
0.50215778274594480 0.04943658399427969
0.19840934013454745 0.27192828402551456
0.42313488418650380 0.81677926993059891
0.14091287862250498 0.66772437514197991
0.30121315550753758 0.53330877988214409
0.42669088217286377 0.36576698380867290
0.65209095970858422 0.47139354487070217
0.68982986551241399 0.37260387973119918
0.64696282282051987 0.67870836500872733
0.30437077003266666 0.31414968305256880
0.53570168294143283 0.05201704086368857
0.06034244599991435 0.78881879142621436
0.76361464867350792 0.64005762194569704
0.32743931372709911 0.62512843798555262
0.72159755725636987 0.05376808204849081
0.56472929698737562 0.24721242161159612
0.33520825122349396 0.20677536626403142
0.66396459922969830 0.07437557381643504
0.62060666679137755 0.32425290110071853
0.07415742966426371 0.84978926878767103
0.82276608238872284 0.53107677266454278
0.27230444993525488 0.24035320392278073
0.30984539169476616 0.67445619305852145
0.20818858209093088 0.29848241954458421
0.45036596905463716 0.84042647582211216
0.15175670946371217 0.94093235137286824
0.77020019249813543 0.42310211725849894
0.51918552367083104 0.35053610352530234
0.52919874572784886 0.46889887326967233
0.04801877962037216 0.76180937115815461
0.67494638628369719 0.25752596277020906
0.44663004714040161 0.11028338446250263
0.10882124486449062 0.42751636548970406
0.52568364797609735 0.17667060600064860
0.16474631450126201 0.39758792769511636
0.81417345501421678 0.52525890606618209
0.66578729161300920 0.64588119425112944
0.55978094402861944 0.04824131901333902
0.17120971136026553 0.66119440285088760
0.26908947561644836 0.31946389309505063
0.44772700401598037 0.59553530986242598
0.64499328542522005 0.06731010620191437
0.55414829488476391 0.59862274366617196
0.64038171931654875 0.06938488066315814
0.28579890633298421 0.54814198587935758
0.33384851245830360 0.90913903257505457
0.79265825419989810 0.28991038668061542
0.55261346981691295 0.63393761153408223
0.24361197970946569 0.82609488648170470
0.45672654195809176 0.11065546935344496
0.66672472336512856 0.37041172400911215
0.05000793060504184 0.74126697137645858
0.27778187629020101 0.20617141643770298
0.22181029473635763 0.45257304098941026
0.75907981109278266 0.09551698095886489
0.47632940402571583 0.60071667138687668
0.46989003891264530 0.06502764247779284
0.18066156291637092 0.64538538769965259
0.21476281219313081 0.27561564744221317
0.49630813723092904 0.36199684196742560
0.55944782270779236 0.14517267905544751
0.43239736912681920 0.17934309712095131
0.65758566338530444 0.14468954504591369
0.26073747552451609 0.19915348082873663
0.14589249141127777 0.38374375369337582
0.78266541415237911 0.25998054161664264
0.58075429818283864 0.86785275412966023
0.53553715888383235 0.69434036948074862
0.60803949036322247 0.55806196305999123
0.38417402429302638 0.19477561509455951
0.32197854966439243 0.10928993731722549
0.36215196311553605 0.28764880307917112
0.77240455363715266 0.46037787050012297
0.57156121621653178 0.36940738563471232
0.75429718297939297 0.58584884206069376
0.70772614533791034 0.13740536784383384
0.38179167232467537 0.77576201134059108
0.37440899685319956 0.93072377231795222
0.76960933548152077 0.60326052268991381
0.49513333075347943 0.02874694800863842
0.28649235681765828 0.92503941072441709
0.22832393316941124 0.19661075022446128
0.18612589323419668 0.48806126692569235
0.51919445563689381 0.40745535867868865
0.77663372917810292 0.56501773906907748
0.47052205574305361 0.75559328964882388
0.40777637640944497 0.33207915176431418
0.17583527293315773 0.32394110231939133
0.20995722187182855 0.21720186195313931
0.59109015675512044 0.23508487413208801
0.48958804944004797 0.04323258097720638
0.23095766997456196 0.60596728133030775
0.30773383913290892 0.63269614989938294
0.40395339574990274 0.84598588454091050
0.19697136127462422 0.73700242364914303
0.36445988814787689 0.55370682051344278
0.09672349828735514 0.83310547382891609
0.19249232060410423 0.49979121615294880
0.27250678742231427 0.90188168038005112
0.34469330030222839 0.19852721540764129
0.82006263604700247 0.37824900537147038
0.25442733834699022 0.71401296612441389
0.29623390342453959 0.59151991949788896
0.65911331891048464 0.03414673107733020
0.28442849337448700 0.76470809432675957
0.74823068585858976 0.11498074864114702
0.62987129210171189 0.69508784232854082
0.84347014855916735 0.47588897396048591
0.32313658961469410 0.35981395416246043
0.35485879954227650 0.85662081601840911
0.20186628353228464 0.19973001312195113
0.80117509193300107 0.35702309376495334
0.50362923663143855 0.76121096075880190
0.84004498732916633 0.31211510760258743
0.20342881148273317 0.63386030343700916
0.59450819455377601 0.60135515283693408
0.31656502022100985 0.40731095171771381
0.02973025262573789 0.52408338162120982
0.13816208800683177 0.71610242614883601
0.22881892324058847 0.38375104108812064
0.24332146213422981 0.90431042363211311
0.80880818529577481 0.14932498868592323
0.70136648736588125 0.03282082102428535
0.14369993685489893 0.73728913144601804
0.39188218268519198 0.79601466018517641
0.61478527273478245 0.09369653257253462
0.75479481197310594 0.25815001589171810
0.64836873511890647 0.62550944725830571
0.71310101381902402 0.62410528886280814
0.22142440980083791 0.50238478735820646
0.59121618428700029 0.78011499379088722
0.60415631475143117 0.60122935584450865
0.20302359446404239 0.31992676956811100
0.59655837881092888 0.34947759379100130
0.03551535756085538 0.67804921206190139
0.33261021498974924 0.16894549440132950
0.12867185545734974 0.76730146397143351
0.29832905739995580 0.55797720417438168
0.44946061243762220 0.52465976161360095
0.59120296014734852 0.11140252070114176
0.13507441254503821 0.68744235972543211
0.48481470300334506 0.49998280626519748
0.59061789619700034 0.05806488664586488
0.15469804882946295 0.34007885359441625
0.82977521343289196 0.42133803588137270
0.31143627346606928 0.39413677017929416
0.85267709007095649 0.25862980229993765
0.08509391611722483 0.35650125985327052
0.30018600840948906 0.79666452146973976
0.43524651877262327 0.09084359220622615
0.25313561365110621 0.84586376261545360
0.75660719633742701 0.25191943995150651
0.23422602793802505 0.23953490128716298
0.21932615222033544 0.40073313514407816
0.63488206333085817 0.03482736593441958
0.36448610106814028 0.31291992653971712
0.74739958928211669 0.38977749342959700
0.09936891348231697 0.65991541919946317
0.14952228979403492 0.84579843447819092
0.67714420532088893 0.63131985169497873
0.43556938237157855 0.94917872451772023
0.15641432396170862 0.92467715515959448
0.52712968910963620 0.18405459050824868
0.47617005769478671 0.78222421637552730
0.82399864150651569 0.35339361213340487
0.71625229951935743 0.69934761895229536
0.68070131135843104 0.09421923705043798
0.54331947462135066 0.52592405776100659
0.01432058907816347 0.71295746127141990
0.54608806123069076 0.54666104536917781
0.80503673190484670 0.14491782613178578
0.17631447880978313 0.65673689312194139
0.29553031643732919 0.73391295135778623
0.51302661470238575 0.23156671819295102
0.31548512288085317 0.87329120458558585
0.41101027760545861 0.28763893448140465
0.20071391903057992 0.69959047130921781
0.56529998131908854 0.13725566257259525
0.22203289150384672 0.38199289642037859
0.36269350756892538 0.57820910575034001
0.20126963257003491 0.61377803303383260
0.61217967499010728 0.83559482317956335
0.26480775330402745 0.56802701017507951
0.10511310085825608 0.31159297622808257
0.18388216505751703 0.27315955303052131
0.80154024128197643 0.22756723606405638
0.52488558333750157 0.38234603156796176
0.43281902821362045 0.29554371175064154
0.07224675431408048 0.49726239750840845
0.32910435231652557 0.41588198122138964
0.31477387691514097 0.94838461053502143
0.53183503308503444 0.85704978338261750
0.75785744510832964 0.11997765048494041
0.36204397176866654 0.13984812066851399
0.70362725634845158 0.68337805822753583
0.16788883440786509 0.91401890568183197
0.29793080909170055 0.19061872883777500
0.35732590528295999 0.28277790644977896
0.59713558173170278 0.53271450458307323
0.47649743744383849 0.15484765024348229
0.55963623811957453 0.75387193553669574
0.36615129302069266 0.42314778188814184
0.15187571715614454 0.35422390373899693
0.15399728001672738 0.87136928055896345
0.23505765828357614 0.35771771427015292
0.50581664689800254 0.67742667643047649
0.06245433509389991 0.59739685410900412
0.60996144089629178 0.64042555018703018
0.49088827570250793 0.84353127925952331
0.52690818672187334 0.33083143465079617
0.09185522089182450 0.84096040837788111
0.73490760344428108 0.46777637627305307
0.25959228787959598 0.59783198268836468
0.83824976921636052 0.27825303158835252
0.51663013383172207 0.56811763752615296
0.27286711487002296 0.32724329620993164
0.11314129548377228 0.31025078124984534
0.57856264849648786 0.79215352774740666
0.42925377226264078 0.56786539184656992
0.65172928507357153 0.29681238933977377
0.77410973026838104 0.11438082829017018
0.45602426460769169 0.23470295330503069
0.48655587880776863 0.26935427644756171
0.65401053940022991 0.31701089843648078
0.58397658875159120 0.24733477975501472
0.82889598888755001 0.53071541783273690
0.12318307521029988 0.77601499432146726
0.62258544893815826 0.11731427140897846
0.20027113819782283 0.41474735294891357
0.30451344881152309 0.78158299478434445
0.83204198175055200 0.19856558376906197
0.24265146055403342 0.45174735654649079
0.37891346114278968 0.85146689226035210
0.25491813096377636 0.77414619722953981
0.27301410977867058 0.46807154045434152
0.31995602295148351 0.54206730665802638
0.38898560684809913 0.80192369926419738
0.43942171627928422 0.79284286768649648
0.83673531851109806 0.28472928509431372
0.08041723119375707 0.74682682365626674
0.08435371928488666 0.51417484839053873
0.33970318144803396 0.91304583839356879
0.68302534511119184 0.12692430242407404
0.42266669528799738 0.89872834689116143
0.15443855761093683 0.93202479557017803
0.71776573145367539 0.13073126702753834
0.66977576161557795 0.57384835466894346
0.73086410677219371 0.20566653950483432
0.80270298478859847 0.41125484585938660
0.40159946988866702 0.86144393608068026
0.37647220561020556 0.78193920926352500
0.36256186104656585 0.16948228002807150
0.63515490715671719 0.14128083189865570
0.04212924485709647 0.65183775982275105
0.33164649754192682 0.14453963645409598
0.10908360015208675 0.38710101391808188
0.06508265065114133 0.80726074797348524
0.58174123997805982 0.81516452219481006
0.14052973535760599 0.67514967018414640
0.34873936047540949 0.85786880537398746
0.48246509101851159 0.91197597793695873
0.18743343918367558 0.29305676279089571
0.17499507362213049 0.35821139205648611
0.43628837337850768 0.46468146175259695
0.71176884244604888 0.40739973898353499
0.05117892071566457 0.78206575926055588
0.76754496427926122 0.16208983063883292
0.12116088168464692 0.60807594006615850
0.45696171045503431 0.88093115125250732
0.35291998068945418 0.34962204476328801
0.42950500985962919 0.63919783432869681
0.45577601555641750 0.73010265964479470
0.36756114133010404 0.45714212160284418
0.36109344076056382 0.91421263705766198
0.11892641428247853 0.50148434036149903
0.13971674780105953 0.87980230757751454
0.58395085814158787 0.58443227046329382
0.65263458423727050 0.12474755070458733
0.61688683949227230 0.28737226722324161
0.62031106219769183 0.59049979285172283
0.38689189688791897 0.51917885820611387
0.57635381879008174 0.13081509264826852
0.17159151175488530 0.31583395148653604
0.06190220538214485 0.50013621704495159
0.49937080458507149 0.07529426873121678
0.81370302064100042 0.18444895637739456
0.58655475525954559 0.72401495626231305
0.77819217229738669 0.48687735692072365
0.31043204781854356 0.77846270872741075
0.63265009401253447 0.31916901739030457
0.57908387493673008 0.10093164848886640
0.33361789136333925 0.25537893262801664
0.61499589190457471 0.37565163763384407
0.32073019389299467 0.87722747438552529
0.28094707877265185 0.62419962054512135
0.73331316655687284 0.49857283442726158
0.68267734952889925 0.20034485410201469
0.35133749096885464 0.29678692989930000
0.04430991714108886 0.47391913784913170
0.57446840049192804 0.77287543125912117
0.45562503846644692 0.49775917133640218
0.55180696775687232 0.10817642231607438
0.61980809315742191 0.16996483512921995
0.44729288225392350 0.08420321820265013
0.65718961874531123 0.62465768760232920
0.12613097904211135 0.50187357500692775
0.00277132163125692 0.68584318377718889
0.38935028202003169 0.75771407485510101
0.36813834623486974 0.67877873283409040
0.43182563963118259 0.74604701871833723
0.44887549944780125 0.56515523507665300
0.69186703866556343 0.56073997262898601
0.75031205993557337 0.16805459458484875
0.49551436717986280 0.65203540468188215
0.61080434120765237 0.79059083467728908
0.08864753845949482 0.73311923939847734
0.57993911407097209 0.45187481430121057
0.46148873228685877 0.93907737338986441
0.81618816786796933 0.28409207391575558
0.82674427449094978 0.11112745937101620
0.72141506163925395 0.69835164011765682
0.31665720431669919 0.44138322504731409
0.17430337097711618 0.29726542782734194
0.01564022471434645 0.51849817800522058
0.08992357917400058 0.41855035524108769
0.83226264482609791 0.21641546414809584
0.23707833451658589 0.92689561767090523
0.20517888452236371 0.88046105801117147
0.60149090567976604 0.77886260843510102
0.52412977810753381 0.10644934469867165
0.48042415964283941 0.55373685904138137
0.36474676971312758 0.74106857150821881
0.17432188267922089 0.61513977726565439
0.70683415608249689 0.21503271083148642
0.50455529708032276 0.14844840038256946
0.69088555334463908 0.52321573732984561
0.72735645847827946 0.09346365978302783
0.12898965902043460 0.40666004200260453
0.18524114270153172 0.48076300807099459
0.32367814101297565 0.86388164962358727
0.29586549977391491 0.27032410054759887
0.39118605746796986 0.65088612231242393
0.70468108928487072 0.60596992635006641
0.57816343840551965 0.59006647884821406
0.52141564847648192 0.85582624148184383
0.54383417377393650 0.09924360416840422
0.35300381179407708 0.16546821153012278
0.59573143092626080 0.66800593254109053
0.14825910539836412 0.38892688338933340
0.77084075865193380 0.09309514912816695
0.10942568948218327 0.60232294099840777
0.51595654476207065 0.55998435898031285
0.73311718187651442 0.71330291121373968
0.63762509563699099 0.64131648736897551
0.29041764731953490 0.67989941926753128
0.07480539994221962 0.63331145918638232
0.43543718939845127 0.42060502599480520
0.21299175756933397 0.36001488879745269
0.16481647339238389 0.36501756224576443
0.25318289556785606 0.76769495075354655
0.26206285149154640 0.48777816629483378
0.37264039953342915 0.25970470662891765
0.28944909661514417 0.66435451570488158
0.58329613363492905 0.69054616973458671
0.73245770649902397 0.48673951711482627
0.22610652810535792 0.59996478327891700
0.12390074997135699 0.88252086337613633
0.76472902917828733 0.66868131742802828
0.37686894462209491 0.14835343292722206
0.19751746536707479 0.85843135082982902
0.34188067359578805 0.57970398197630846
0.33282516959597075 0.36998395396571354
0.23029119715494228 0.32480569563558437
0.71720029925861217 0.09372231357145605
0.38315531575517331 0.55215768397558440
0.75066267569182510 0.62015532832933917
0.21774139075192372 0.39437706178856224
0.32426954436033689 0.82089823179625709
0.07375177937059071 0.78861516093784378
0.38480514616537614 0.29281847948172901
0.41303268439274676 0.89558882259975747
0.59198192608733946 0.08385024338789042
0.69954119496626332 0.33524913755628621
0.09440117471291470 0.83693318251193738
0.41965107466485324 0.56310085646621943
0.24583315120373078 0.29693406426029029
0.24035346030320967 0.52747540640919399
0.57771300530371050 0.06344214411165755
0.12582835486457858 0.26557529898107302
0.36808919739091583 0.62378453055995842
0.77278598877777682 0.45344111188537650
0.30656022647966313 0.94110393741421494
0.58724104821557355 0.31091236590182719
0.45462249639968688 0.66416655288333637
0.04290459688394042 0.68939430092426690
0.40547862924833067 0.08720638072721476
0.45728932497331959 0.06419807253205849
0.26821291454030827 0.61002737192780498
0.14195335267310435 0.82820228493855319
0.28712601534276100 0.79463345773392113
0.14649222647340668 0.32397780393547504
0.54984064977074953 0.51311955762829287
0.50697255427595433 0.09542065460104640
0.73786554189994102 0.66196345859318984
0.25134967557272681 0.18270785401133993
0.22060643014211148 0.93087124988225711
0.80897312309845404 0.33120450677689045
0.45456634378526967 0.35683974185290140
0.18208304216258189 0.34844211478097536
0.43151740484062129 0.66710704872822801
0.66981090433865265 0.24585027368266071
0.35613350042310082 0.76572554262924086
0.28399859350810824 0.90819123657885803
0.08054052051632182 0.52415300586036040
0.62779246902424291 0.48354462518202451
0.01825589724714063 0.69124189731923780
0.20437383735635956 0.21719401173522715
0.77029213125260654 0.61385427659037972
0.11761351159798415 0.38581350749908166
0.56120021628256100 0.15870420119623863
0.75842479507653071 0.42010154872653549
0.16753192118651053 0.56303342962183867
0.20858076842783038 0.72639892299622044
0.67187218716966757 0.32609499476914999
0.40348061971496180 0.56572133080931919
0.16440339457337402 0.29863064875122358
0.71204076480640144 0.65744926551367666
0.62474294817443943 0.63934824100608589
0.49183992447245245 0.31784640401137881
0.44256158441422927 0.42067037605212759
0.05316114419433982 0.56333209162780196
0.49386056852157817 0.20272247659269230
0.58052969389511300 0.05556297161967598
0.27215042305347598 0.22126213238285802
0.54675386976196216 0.05979266545282014
0.13997011649129301 0.40330484755092133
0.12334965431221562 0.33870248264919312
0.29568152372860895 0.93400346169173543
0.55787080697295188 0.38469566017314688
0.33005354248341412 0.73064497125816119
0.35263786031685179 0.89638294141718700
0.11630409484154287 0.84275071578126237
0.49466215463546553 0.81805309462687836
0.11843172137998755 0.88274791086586790
0.08064966018462787 0.50534972526837074
0.34908600763974235 0.76290183972997239
0.63841006539584944 0.76000329620115958
0.82471461423974102 0.31104005303692533
0.45879662833902524 0.05775805618579057
0.27093734778033723 0.42498878376037003
0.32767347841110944 0.75182647812442915
0.06955603567535071 0.80944948610332712
0.31283631500563847 0.72031270200896336
0.40685825796899777 0.53523127026593476
0.69249358973170949 0.11280405424103108
0.42680541205921746 0.64612918491065841
0.55154438628138858 0.74485173084527656
0.42842429353061928 0.85197834853295540
0.58187962426536888 0.43785916150218884
0.80858594583363064 0.18671508470915330
0.77362977903705410 0.50401930714731902
0.08572601195537563 0.79619754299766932
0.50127469395805280 0.08421156788166102
0.06401506716401445 0.70807647311093846
0.06546730506064122 0.77098828771759409
0.82059579530095117 0.50764826436611410
0.29325110287634243 0.41556151524582896
0.18109070768407357 0.26428099687786916
0.84263466193636016 0.22200442143209656
0.55247132434167301 0.13917068894890552
0.74128041967200420 0.09054973752167704
0.35235387157005887 0.87895296897661213
0.23297801749491043 0.61954541753723813
0.09016443098573096 0.50377335641727838
0.75503255984583706 0.10998180989206714
0.71611164498557023 0.71947541943895987
0.47501536425008040 0.11223336007163633
0.15506418051787274 0.84810298922251703
0.43342238192425714 0.88549218133325347
0.62499281121177963 0.26887163558083010
0.17545831845190543 0.89319328172277168
0.70313257052900413 0.04155770161830936
0.04655389494922606 0.53653842271060259
0.35224287544499838 0.74724530458116678
0.26551510317034899 0.41921117208857817
0.79202076563830792 0.21632816341249358
0.20541049776080125 0.71936136808821582
0.81884397099104511 0.31812851594377889
0.67459200385632523 0.51324949399873210
0.29697391988770716 0.57242016043979704
0.72454484131998775 0.40523524878050260
0.27210028934363145 0.50867038315389479
0.31729692849094698 0.83196673952185174
0.48722440089341379 0.85490328620101030
0.79151582422821598 0.25280857792367745
0.55051023361441687 0.25110432131599658
0.73849320728843504 0.02888177819881922
0.06633772046482719 0.83798864063159451
0.17594555152920646 0.69339139948392992
0.08623007732213790 0.88144441402934448
0.22545715812255587 0.56786348790435581
0.52622817630061358 0.85790470855341017
0.64911092417689598 0.49644192375295582
0.28627196675782984 0.41857143759363985
0.29723081796488371 0.68379701811417115
0.47082219086021693 0.32034426173100300
0.31613986783011316 0.47348231369049198
0.60248530583825310 0.26021102078535657
0.29242405187553533 0.92159340166689796
0.80224194366472457 0.31737432768835933
0.19610868220851660 0.84546549179109998
0.75677859129186176 0.05797745464211886
0.51208237175473736 0.70968910386531137
0.37812849203895088 0.90097284332014416
0.55271543804695211 0.83103672726325584
0.55638627283307007 0.07547271469372287
0.18696720222377924 0.41194216359178043
0.86803428459728416 0.20351201432267316
0.74761265123108522 0.55351363251234587
0.34973556171317194 0.60236357247079009
0.52365051042127031 0.60765460651509928
0.09210743972870829 0.61478635616603716
0.40269858749906978 0.80631805785047117
0.27940493648700160 0.40708492531101648
0.75247774824755553 0.33321652352528935
0.01877317033539333 0.64590393391975998
0.66544530626944065 0.50628508582538190
0.79043030155002936 0.07326186999597328
0.10744784161178073 0.62977840067782787
0.43473988940511754 0.52974150110766305
0.68056515216113889 0.52957443245271751
0.66669883667492791 0.16860800938247855
0.07589579057592934 0.50503700518942440
0.45427790369122545 0.58833103822469468
0.15340666554694848 0.85969859863927534
0.18327620817347934 0.90077212513274985
0.45655724222641370 0.83072737352549708
0.62865181303362594 0.21360591320883610
0.19528693841918199 0.52023946410402477
0.39160569794026412 0.66186956815873765
0.50993355400647888 0.68296709104674436
0.76498315199383704 0.10379335577873783
0.46606186892281470 0.49264725881624832
0.66448027526715070 0.40418561333950870
0.53692725419571896 0.12421324514958644
0.16608969633826126 0.26220375438406496
0.13849438971250125 0.28909234348461965
0.77764200449534648 0.30855363535279584
0.30835133765435263 0.33948258825232647
0.75175439775632580 0.09157513982448151
0.16587164517386810 0.62727918414050943
0.74550072335269357 0.42900001567736606
0.41164801058834777 0.67553443423078241
0.84476926538944974 0.13798916257753388
0.74956132247629703 0.60975335253199137
0.06876570480025314 0.59169963506490442
0.20445560843327024 0.94974733698924807
0.62881927172641261 0.31290822465791557
0.53025386302968758 0.47598708516809651
0.12373178916564796 0.36969462235489686
0.39046003675719027 0.62412445411052242
0.04685893615005457 0.70289301406443261
0.83540197596568611 0.32294158402203821
0.65532367527260393 0.76230732104756471
0.24162820663368834 0.64343386722769169
0.75397350772839811 0.56063733775087599
0.52267783087475117 0.31504377088016655
0.43841950799994256 0.44071328057980219
0.09498435914450043 0.77812522702416709
0.32000752716246306 0.88376494297514208
0.48225230298921373 0.70532145481453401
0.48651596424914784 0.02673682495923996
0.43012269536004971 0.23185162483653080
0.36675173503085956 0.85447495781067628
0.76018228080842776 0.12977768438980308
0.58098722764540944 0.56146097280280283
0.57242990429634022 0.57592401596712162
0.50875623500813261 0.10322509198987770
0.83824893100756459 0.39549159172230036
0.71700657446264970 0.61354563582726507
0.13798379041958386 0.33997190084729051
0.69673521154914186 0.24162828589862151
0.61257448886345789 0.81596352018402807
0.55367488800360798 0.70467996858769932
0.76587028140950730 0.32204464201624666
0.73025958037817496 0.33867833261412539
0.37504807873910667 0.69093213011665922
0.09098833930325265 0.86126806756985197
0.09715793324405748 0.50683558300764220
0.46009030458701733 0.48950908307357294
0.70196590502693124 0.63097175924726157
0.80230741125783211 0.49699555999638739
0.39875514364637593 0.46142506212804979
0.39197068663620382 0.74041149047208954
0.72596891585797318 0.28364695983231814
0.55090872932317758 0.17952740241666182
0.10993627345566433 0.44638854597784949
0.24740929986232843 0.85528276569628048
0.18457945898342046 0.39864074968658558
0.49250472757064606 0.13399998675961799
0.63596846871089585 0.17927485127649886
0.38776306751286166 0.10216665943359630
0.36623672956039083 0.70911365977341689
0.61323738576016384 0.43570559546835136
0.38694069240136175 0.93539729664019100
0.58180967129263994 0.72847460512094131
0.39454841591901618 0.53288911487235335
0.14241561294316488 0.89026818466803981
0.51527834756898405 0.31187657417481157
0.41281377068070402 0.37267835829004153
0.08279522514953111 0.55997749277132236
0.05140728551645583 0.67154342270045064
0.81006671053102153 0.41839635245875340
0.74793039425057117 0.68365605870558344
0.71934751278587084 0.48904681983681175
0.27276218927422463 0.41756073363433055
0.64722142313020647 0.82597699322443474
0.37153217508733077 0.57084101966782030
0.47316457468349810 0.77587057597275177
0.16126552364590499 0.83110667230162871
0.07886001732985133 0.76986568066896632
0.28722442948016624 0.50319533977869635
0.23138626985515742 0.24893206848473320
0.15391196229545487 0.81194542763467226
0.60214269244909435 0.25229749846528848
0.24299355801642356 0.55214447150234947
0.55482985418433528 0.79717226232415550
0.20037931027733413 0.92219824083518065
0.83854410591214112 0.50208439557645879
0.34344079583362930 0.52463785688214504
0.18144836302599682 0.92170187637948342
0.81020819122688492 0.38424043420306997
0.61420833289834820 0.14795611867068484
0.08208740307514041 0.65964953008293181
0.18377522621446979 0.93653180098514577
0.59525714579905664 0.84320686910193454
0.33513632782071340 0.34214980579095722
0.16669242413446694 0.43692736549538136
0.53817460774719406 0.88444217645596990
0.77960270348239114 0.11406160214549846
0.67021202776715694 0.80547451826561933
0.45564858784142181 0.51217799879167125
0.80347717230463322 0.59948394666239702
0.36546229585042567 0.56330516447881440
0.06651421056007809 0.84352019675042211
0.67654736245596525 0.24352918623318170
0.40731935980180933 0.50135644235857668
0.69396840524304293 0.18201757141168678
0.04787077928113758 0.50534867986903254
0.27662179158872779 0.34188677002533113
0.57130075576975192 0.40121729770403619
0.82535380807219194 0.35978552462700009
0.45786802776358609 0.61630776607068549
0.44149767021664665 0.20392595223402024
0.10481279751576293 0.65641510092637168
0.24218037808776838 0.97979510599162900
0.78787156561864558 0.22128140847914585
0.28007840733177564 0.39841444197447834
0.55207059973101791 0.34740527358277129
0.65271559408645363 0.23070844345014466
0.81369827286662333 0.27885126706796826
0.58667136925278229 0.75934039265163555
0.11121599209455796 0.34764923488049815
0.53189590712376866 0.10253881497673224
0.76036441303484914 0.58702905328598554
0.75674157127583863 0.12519350259611342
0.77981147331230860 0.65826136553420844
0.71447236799626512 0.70675790770421965
0.22363296944247257 0.68356915257502326
0.50425172821710895 0.61509546014325722
0.65894874459902220 0.68203712393597393
0.12503985538358114 0.42138648809787538
0.58746731852744050 0.04820787729770581
0.17341827899234158 0.62861492660220875
0.50948647140225400 0.64992220980767190
0.33508539606855314 0.74521214207795583
0.78122841375310381 0.29476133836569007
0.13421245410429802 0.94950074855543631
0.75913598322962594 0.60099560218268711
0.42002042765790765 0.13457498649778027
0.03550576626897673 0.64485698654591028
0.56997138353635957 0.86134034105749158
0.78117045380771510 0.35467806864789514
0.59457303377637205 0.41855096484531989
0.22330631562431721 0.30701560305333547
0.25296560548693853 0.89065009864120304
0.78889277530316215 0.49059318564415560
0.62453926729008646 0.61798760072549686
0.62274673519382584 0.60399806241477827
0.36840866516810994 0.32663336065211995
0.80662375592873925 0.43363366239691159
0.58666355472500931 0.67217938792948928
0.78417314056031084 0.30027326966322482
0.20153064524354983 0.55770424960083609
0.37307817855273262 0.78771679758578739
0.43616156549015933 0.08489477763312321
0.00631616052652787 0.73077168525905412
0.44924511685612767 0.23225373124326074
0.79118159587461556 0.47416950436296013
0.14659924294778184 0.87906903906429912
0.75703363400174051 0.09087394649353900
0.17808084133768956 0.44460055831494572
0.41420042009378655 0.21088989687263821
0.63296449319308834 0.29035524729074674
0.04849845882841220 0.69829147421749693
0.31656422668565071 0.42117298291661098
0.32438538622332230 0.55034784235306589
0.06555252046090776 0.76646769378753554
0.64355948419253761 0.35757813183358750
0.61817388041726673 0.16362513198906251
0.22461296169342371 0.43720344074834366
0.59352440260599881 0.12540461020336816
0.22695745757771166 0.46276726290649689
0.17310264361765590 0.46355186104580254
0.11768137163988965 0.33912719373396499
0.71656598445478070 0.73249648819726310
0.33667787353174161 0.17177747218580053
0.11129524447815559 0.65466404450388349
0.32304467400573345 0.77144663265945546
0.08814179263879254 0.85197136601063606
0.16388968194496514 0.71998114954673098
0.47529369459236526 0.06625788816153352
0.53184974667311413 0.22150845446284431
0.60693400315079760 0.83908442776531178
0.64035486453580093 0.15456238709691447
0.46528835855451689 0.18300131831618668
0.19345918190209063 0.38135645376974064
0.51541403925809515 0.90859702062347736
0.10151086483885223 0.39346694943150456
0.52269579865847660 0.86763906646276856
0.19443814044633756 0.52807361543901987
0.30879218870053660 0.42115721640511411
0.46865661105509426 0.85799914599117955
0.43311848614109011 0.18629307694790434
0.76125096378351453 0.56660552511144180
0.71325282873566542 0.19806575011020711
0.67614338556241516 0.68792794167685523
0.68503938750690807 0.28579060794994515
0.39905092204779896 0.70641223807058640
0.28217608463030086 0.73513285190568811
0.66770262733083208 0.73683564950598957
0.28189912004536494 0.33436297705304135
0.47322908436083938 0.49268323262503250
0.50915189227011104 0.68976688941728048
0.34406351735583351 0.32301064227342274
0.77484253399919356 0.65285124859333465
0.76005622990874677 0.10974759496855156
0.22050049722722068 0.29613102785462703
0.53320899122765220 0.26268441393012854
0.11749891480287276 0.53100726436117507
0.84705996006539774 0.43316291561844328
0.51117917885850639 0.05097797181246481
0.82794685501914722 0.40820552477659433
0.57922190583573463 0.42998052243369611
0.20289369888488634 0.49995004949358685
0.27142863840746811 0.51611940900644160
0.28559394402225480 0.58116763975802732
0.53668164344434710 0.50803060201743722
0.12449458468753838 0.41526762813493667
0.77218117093138916 0.48711414738568948
0.22897034661387039 0.47383308248768924
0.15690997837813153 0.66184113140643508
0.44813589211855159 0.80343354854309190
0.37965462940572181 0.47486953385797281
0.64154956145849529 0.67439157603959976
0.57823196149858103 0.03596457932866514
0.40784483962941137 0.14660373008508037
0.74663291412599331 0.62934779347581438
0.36967467519117497 0.57857102994650789
0.73688500317343086 0.25276375535386875
0.17001544561869325 0.68864993306186884
0.75814347426950701 0.15761035017436847
0.04874345274785093 0.45860229150984788
0.65925940088372192 0.59343371454400373
0.48860736003635480 0.88985469735421407
0.30019661074427623 0.63036858798503304
0.53098477996260374 0.77674220712672282
0.57773411246465722 0.29701511467670927
0.57506913290269790 0.73978528695266144
0.02446625878368196 0.80448035027568576
0.25713247473810441 0.22818069769182847
0.18709340298221983 0.40518711682480851
0.31058472325734005 0.20984106130226776
0.69887352368129296 0.61909091134624261
0.27723890184597449 0.17583336436062025
0.07339227546472149 0.68126799723839171
0.55932614678022818 0.09522260137378469
0.69284076458425714 0.19239512025445088
0.43570037946328555 0.22752560930196813
0.18624552934323252 0.79412250631647696
0.77117173690220930 0.58853586286287363
0.49177889890937332 0.68063873597928926
0.49389958772905923 0.59139872934013105
0.28381118505091740 0.75767139041494658
0.52573748219527427 0.81190985473142130
0.82971299811465671 0.30902324061603947
0.45709772927299375 0.75631938003025689
0.79599589291353412 0.63258162792509320
0.21601595952992497 0.60896283849373078
0.16079080794857645 0.27691945425226672
0.02996057408167186 0.69204950232499562
0.11617901676777170 0.46049816277836597
0.50081963201664725 0.26818976682303347
0.01672766381182279 0.59952887036357083
0.70617045335685080 0.58223788244090002
0.71810022549427732 0.65418064789877528
0.36153081270598364 0.85863157682648372
0.73808074787121580 0.31163675702804150
0.09341739260083776 0.85337608957411970
0.58147401373109109 0.66638399329798981
0.62810896611011802 0.85333840213860934
0.52495100791786720 0.28082154270637316
0.43487127666756936 0.66071663911890843
0.23396211348330134 0.18183131935555261
0.38360316250485099 0.12350814210979728
0.70176150682483229 0.69396742841967207
0.49094409297629138 0.89737744641937311
0.19891676805985462 0.48624085157693031
0.58006775297458368 0.41532027962849927
0.57379937007073256 0.12518826701700059
0.57566364143768933 0.83383223681023011
0.32417784910251840 0.50649488582241342
0.58069438800155626 0.50767904230275407
0.79553135890573423 0.25815461509727355
0.06998755460215125 0.81419094479215837
0.17376555433725110 0.65040585761516478
0.25521370701335849 0.36182303868977639
0.54991242914723093 0.03002124792976019
0.48300211961442113 0.34622176783820152
0.08819311624714973 0.64352353689217834
0.40131892059004731 0.24629707824101232
0.12589637877699614 0.49096627090046674
0.08789200572102633 0.59534711290661713
0.14342831095325301 0.34805743463572392
0.75751262976943889 0.63110094480782586
0.20687204466545839 0.25680447448394744
0.39769505883184958 0.16662563787201309
0.53979168259111232 0.90024332379000083
0.44463887363810600 0.94430000148594118
0.28837598927720270 0.63922751796474075
0.79183028370413733 0.55937146617391043
0.22416417697387409 0.28206820052196435
0.06444373228662226 0.59328756641477365
0.83551459593825694 0.52797863581953164
0.08697662252487587 0.90556421940748077
0.35013560528015497 0.84342747460412326
0.76890086013813153 0.48149418278443640
0.50862666921662447 0.43974532630532098
0.36409969037186257 0.10621803398649265
0.30570085185391299 0.23074088844964311
0.54933225254333062 0.79364224305873410
0.74725090799109739 0.65436563371085210
0.30318766128692110 0.25328964941129489
0.10809732298716931 0.68734870744092236
0.35068351332127840 0.63412950110376931
0.21861143435951633 0.73802879888032513
0.21513668808815886 0.72440943017065962
0.66090085511088559 0.27227805370311670
0.35634399064476324 0.10282180099719089
0.34442539272885381 0.14424968708364194
0.16183396613661216 0.37625199665120845
0.49494156524635385 0.90269258937596031
0.15596796387441333 0.48500618783383409
0.40383707369622340 0.30933506249570264
0.68311092460914236 0.68179863919622374
0.44161720732357412 0.58432550949514261
0.43880857981670912 0.06210293233466142
0.79498235800562622 0.11843027341824129
0.21851537100919344 0.24536340397796610
0.32619264344475540 0.80030644782220384
0.84111391437743921 0.43225188141110948
0.65517074368027661 0.19219949265070010
0.71369305995741628 0.14888501669082269
0.01171820093772014 0.60488389054984848
0.42357107630148688 0.71632685638797799
0.14148261774443341 0.27772730916520449
0.49545518218545342 0.60355013880127106
0.56742020596233356 0.68221550882618642
0.21356311662490754 0.76995539559371418
0.65653463058738337 0.05973050146565469
0.80002408040743112 0.22198108329250332
0.38861057546434336 0.52630391988908487
0.15645547994284661 0.78707694984556620
0.57024196998834520 0.48600024041313011
0.67671277589631573 0.30564797250003745
0.40492298513310676 0.65370901804259840
0.30637591217688970 0.40040342028302506
0.27983780413832704 0.88212185721929015
0.23707317920289556 0.83764683770917636
0.40800479178741461 0.31740391089867803
0.50860998272271796 0.24203773075037371
0.52924758987908183 0.64505488885697104
0.26635036165083770 0.19961259232047668
0.21871846270102505 0.25128552970702400
0.31805821922184224 0.50213654135940056
0.52730997585138983 0.36598615291462255
0.49825707198399127 0.20854174719266014
0.56096174579823133 0.47628441587676373
0.65933049304323832 0.07382243526415523
0.32796272300154972 0.37674005762327928
0.72824824569441904 0.26054750885793354
0.05040117049381953 0.47628652857009496
0.22511243156892360 0.75509288895233584
0.37332898001495346 0.59158205781857098
0.21758454226248139 0.48436070539767118
0.72393314174946344 0.05893148509479491
0.06203217221948569 0.72765401110354666
0.50509195794952033 0.15987114333787411
0.29723139524347097 0.70822960769056553
0.62902281948107863 0.44865516065565281
0.45946802169172607 0.63706460959085209
0.24058970805595925 0.84366088971179920
0.84435460438934684 0.22933324856370288
0.52432129779687808 0.65677433335754531
0.45696485627272559 0.73705496694897554
0.31632148165764062 0.20805410811543484
0.68816754073601827 0.06137200222093674
0.37915695747621037 0.81976839013640102
0.61361115475545835 0.03340748158326392
0.38487834231853763 0.82685708999497831
0.77958713004825597 0.64811001588498629
0.49781721013509067 0.37778698993713489
0.29786948870825802 0.14480703798034986
0.71046385550379632 0.52092258437165628
0.33175377411323465 0.85286252570893106
0.12655279510915299 0.63447311168924592
0.68990837739184907 0.70965086798939592
0.60421532398120115 0.06840434696942518
0.50172062504350934 0.90386933547933235
0.67669547446876366 0.37942383070388080
0.74913109061494787 0.13104780033600144
0.71578816872668738 0.19207626126120006
0.71460870896287809 0.06210963087763380
0.76565957723230582 0.30853444678720859
0.64547614313519952 0.15935525952389021
0.53563715585189930 0.78110395015117839
0.48226771945889640 0.44359245787121770
0.28916077344640378 0.93804698831524169
0.10899742718991945 0.84662216497479026
0.47074815696311617 0.94298289461702089
0.39194630274371628 0.39470854130439620
0.74186011190700929 0.54092705156690968
0.12283231427175806 0.36526226913838206
0.42917107773779839 0.81365109435690286
0.81115649873817386 0.17338750308694414
0.79617730852040314 0.27078344945510019
0.07279800560449116 0.74082128684056892
0.46171275943392642 0.32826320787831881
0.54505325135335569 0.78235518951854366
0.15865109863699506 0.34393935482329963
0.17133488672260738 0.57147603954358983
0.64477418732559388 0.03767584096948809
0.45716052918621053 0.58145525885575122
0.10203403665488350 0.81551197445466628
0.71682278497062324 0.20512261154510489
0.40842487369547958 0.45478635823187202
0.17482344487482326 0.63624521728424521
0.29342068023819878 0.15441660617245936
0.73540757275638557 0.45533145377618656
0.22817861067971337 0.20165238870057534
0.36537361450189509 0.50831036363876558
0.56080512539910965 0.77219252524947224
0.80263510225432533 0.35030284549541901
0.12621036284158638 0.82231862649943832
0.62570127302500600 0.78900059181010440
0.38794334090064664 0.12192940610071933
0.35353962751921747 0.23407937088529915
0.33924715573204067 0.86545769681819351
0.40328294350962612 0.48745111473817843
0.76898421392682370 0.53916757298564277
0.61877558612129613 0.61386460674592558
0.26721605457354536 0.80490548485507996
0.24916248365051757 0.59900931747356090
0.20115081439035895 0.25941969961758915
0.32873466331780221 0.17912354022089619
0.27443900242919805 0.80157858413591276
0.77810667480051221 0.08135178649324736
0.06486020966750734 0.46325701382246243
0.20926928785493334 0.87557947685754856
0.20625101132115509 0.57412268115754084
0.50015687328563874 0.60932079190946153
0.46956296565367012 0.15439038451581735
0.22366525173710097 0.29088538400366554
0.46799527075840092 0.56171222878735017
0.55417511476873349 0.81295118947421308
0.02629448899584341 0.77982126865019441
0.53894324065929711 0.35696034819260231
0.18978442968053555 0.54232833920535195
0.65419447928120544 0.58166488652845494
0.17845062024806088 0.28899717481337778
0.04614992060279064 0.51048874923010712
0.67907892080430299 0.67663576593812824
0.60767373285726289 0.21266016768389834
0.46417165735790766 0.73596625860555265
0.05480247638598962 0.60834906527663923
0.63587144011524777 0.26416381573810865
0.42632537859586639 0.77665727611376600
0.81589564626699274 0.41987756472946725
0.69869269800474187 0.68020432025005129
0.29293092281723032 0.21148569926119382
0.48026111643928898 0.52648647416178018
0.18276757478240699 0.26877225765440005
0.35226837612321810 0.20944261321109017
0.54598882274730742 0.85739223433995126
0.01601978627475951 0.50630331794294636
0.07064133433835980 0.51257022275220654
0.13441670834907848 0.31437017757152325
0.35360525575175489 0.65515474328013257
0.39244671453640201 0.85120837840749530
0.74673470379823981 0.52391530902612204
0.45375072463670829 0.87609287550955151
0.13622010385048680 0.39931651378613331
0.37351691773466911 0.12238181141220875
0.37437118570846034 0.26748249366225307
0.09209089913511552 0.75365413291571137
0.10457060528833120 0.81049959470248900
0.23645518378056735 0.21107855297634895
0.46596128431267692 0.93129113066406932
0.06807486639757529 0.68266816452278845
0.47461143373368886 0.14813737822809986
0.12841797019520793 0.33820963331176152
0.50713740532418849 0.66383895817339411
0.40167032482975035 0.88028252351871661
0.07508948351712581 0.66991520918774128
0.44000679604018417 0.66530578332709067
0.25791255322377599 0.38602499549797675
0.18097191406529800 0.31505256837593210
0.55829434253002397 0.44942243155907441
0.19899957024615619 0.75130207224534284
0.60909278539064993 0.80659268894462477
0.77434291631611718 0.17025840228276204
0.49364583903234244 0.06756010892170383
0.53798541768975128 0.18066986292402107
0.16899220030637710 0.33029156392394832
0.04965274661320847 0.54141093816996977
0.20187889828024516 0.80643912772050963
0.46963227924146667 0.72945436006274245
0.25135044425751557 0.96711560746915248
0.23242275254112818 0.37785768442481638
0.76292697693967593 0.06241968200501746
0.09914124464780880 0.49479424706869901
0.84353676049446380 0.33328247141905570
0.49188390794697895 0.52869212826267098
0.26049083764541914 0.43332335673132183
0.19742850848714186 0.71968972131309372
0.34547669997807096 0.25292054925641722
0.35548857378261928 0.33387327128979222
0.45669565533742562 0.57425531492363657
0.58080939291453904 0.44480169145253096
0.51072525074930608 0.79972623924339048
0.05247593276099763 0.68470031368112083
0.53398665969233727 0.43592498024814424
0.67509705714736656 0.64285947750110084
0.18881844066215989 0.22286707167754077
0.40264121999699515 0.91241716285424113
0.36369288371311964 0.22342956363945676
0.63572962819078238 0.02250160290329865
0.17156133606305937 0.82671763747189886
0.20570835390175296 0.37044200538927979
0.53648515166475053 0.72853644116845939
0.51179390492486720 0.16020211712188601
0.42930840286323546 0.86029266642007651
0.27912969703409918 0.48518544698932536
0.53580488560812045 0.85380484491186537
0.41461237002763673 0.49967532698449313
0.22891186541167946 0.49505064762478634
0.39621892869408892 0.89420029765886566
0.14569195926950243 0.37838058033121769
0.59454414673158096 0.50774164028719515
0.56767721168856700 0.71738303498770883
0.16649349066062022 0.89816923029461104
0.27547669842391609 0.16752693631901056
0.54758392853349136 0.16203583831611121
0.30590448496727263 0.71794001959473441
0.05022539459201436 0.85890688306159269
0.35902026148122018 0.52707698023402250
0.85415174935866889 0.16533345447487996
0.70952808906201337 0.09813924453108670
0.37749037329627194 0.39252892826331154
0.53535742314209389 0.15707925689169425
0.65641117150825656 0.16680320322871861
0.81532888412575000 0.17820603765625523
0.01829517972440328 0.66648595170015545
0.51477720994537901 0.39280345976965414
0.70012693388937497 0.45651223262089535
0.29440471539575197 0.27789526155847405
0.69792834567196882 0.70242964127171292
0.52804902312219049 0.30398424427255405
0.50885123385167408 0.92893069651204196
0.73821573681921504 0.65092892286166759
0.62321955167177945 0.71188007519425933
0.56999206212777431 0.75118040317736923
0.39913532356976239 0.29567741089032157
0.35007512824209686 0.89061954430731538
0.81195528801925909 0.58040581797441748
0.16301876552915975 0.57600563512276359
0.25227078411958781 0.20037260335310014
0.22214524406921421 0.44559326980269248
0.66523259637210974 0.04204196203489985
0.27881143773644662 0.56925369729962405
0.07852209407337567 0.47824277171442708
0.17996475043888330 0.86439310021143778
0.11621855507621030 0.32901650879700239
0.52882722712618446 0.15608655507411420
0.85078140885496867 0.48166352455795891
0.21241590296214202 0.87034279591381913
0.40051382811863728 0.50427602630721791
0.52702809461254319 0.09578086712638086
0.25896437427149094 0.97030684362189201
0.79927769729252729 0.54065062218513404
0.80865472732589960 0.33906369257767649
0.16831008623026689 0.41259449587739777
0.17819177537902731 0.45120548506907704
0.33707116362996709 0.82817565827828588
0.61816288247449913 0.78187359901255482
0.82889869971515273 0.34971266706778942
0.65952448270638275 0.64366852441681932
0.11323782777584704 0.87704597971493636
0.22088251811799794 0.23934113182339636
0.52027310659247139 0.67646870592512220
0.56959796175047117 0.67607364794994085
0.58221037964300459 0.36581640757491324
0.08565282013982645 0.55538040938790867
0.22758606995979522 0.76936225807256886
0.27231768380561233 0.57222212702272757
0.82287517984399927 0.47291344058958429
0.43271540918733292 0.10942237262829139
0.27274315617461570 0.80847045374014759
0.10372661217042389 0.88884284921238799
0.35121485188752077 0.56887849222686893
0.86436440271634452 0.46659088272385035
0.40419174399022290 0.75790890071574457
0.83897909797105541 0.49554836038969852
0.70149580367650488 0.32879908680018549
0.42668329166795055 0.38002481338180671
0.02007648294735269 0.60478041641457414
0.52422757937669939 0.52510994948552070
0.11824264333982686 0.44149621821894974
0.75330440276817878 0.24152019357456439
0.14368858053772635 0.60371838200662276
0.66426922268571142 0.78062232595136283
0.25777975221158039 0.75726522244947969
0.85971622445003837 0.28667996032715620
0.16500958832194937 0.48386724577522983
0.37801397429430572 0.12008957714129427
0.49722321891757670 0.05306200461546026
0.34679177305826542 0.12123505029276385
0.58962761611576320 0.39068501751478579
0.29914763581874987 0.74802987740388760
0.70796112425356394 0.17004401882535330
0.38678698137498502 0.41382971796416090
0.37153382736446489 0.74624849779131885
0.11951108783306316 0.48998712040797826
0.12276690550458873 0.58775288889608757
0.36401815100759460 0.93776311155304659
0.11771013804810318 0.87786913024490276
0.84672807598619959 0.33845508014892978
0.71692466433852797 0.61928825184941516
0.53599666187852135 0.13064162387492817
0.69939189443576788 0.65977769635818284
0.82694477892506502 0.28125811585669991
0.78079242699574547 0.19380879921623351
0.79512499285272809 0.43204146573974522
0.62264811944109244 0.81636246909372956
0.55802614274620432 0.55867762398342680
0.24430496029110435 0.75590682759459571
0.39262598208345345 0.14488889008704192
0.68620125187480308 0.35124498323600173
0.40381604188424675 0.93054026870632034
0.25913989021371864 0.20693534229294122
0.73566549285087568 0.66686981554372482
0.61479560690938906 0.52316337344275177
0.61747433494342618 0.81324261686672372
0.75803633017757044 0.58192926820910595
0.62645675869504092 0.79955059269727513
0.14171446417712177 0.25758564620899210
0.58091608514867832 0.47299206865747839
0.62963792075381408 0.45581171745524773
0.58464366201175266 0.11734000635869628
0.79264286048347044 0.26587517045337938
0.60308382446715048 0.13319113353650880
0.34699982928234813 0.12590904261116490
0.21577055158170330 0.49165617769770620
0.70169184743763691 0.13425886081766653
0.84830306785457266 0.52252436318740836
0.11790801374954575 0.74372624033039902
0.07688353796795012 0.78006069286384661
0.42176997562057178 0.84004070426336630
0.48009221867166874 0.85577256658858436
0.55273815920130764 0.86546074904840808
0.75391615062822370 0.51329794243938631
0.16784529610422044 0.63426909127065545
0.02783721289858547 0.61954723067325768
0.02580902129782897 0.54930953733133725
0.66372053729019120 0.18036992414536507
0.05833634001553163 0.65805509178820287
0.25577588415130503 0.49400848279966186
0.44100083757717173 0.56313425715446108
0.26209738115362968 0.36517292107578314
0.73823884284890084 0.41306028383376708
0.29942867227374903 0.42754138601714242
0.19050162163618539 0.58328608377785884
0.41487483766825939 0.79192709158472729
0.63797638804198509 0.33244924741938409
0.08369512337196450 0.39794069646036334
0.56695606871241033 0.16520328899983683
0.20491536467755250 0.22631273730076837
0.66931945465123177 0.39135617240182058
0.66780974048265695 0.75059921329374824
0.52067554894593782 0.34357329488727240
0.51847206589850958 0.10719450484068714
0.13750728472563209 0.53221289882875700
0.27649132203607785 0.86780091860151420
0.29594741180904838 0.38157254346471892
0.56463496532836688 0.81054876837695033
0.29613486413639506 0.94471901694857785
0.83498841898795817 0.58715532847592999
0.49459524387828396 0.74653116944224296
0.32381034782673807 0.82765049073853492
0.64554825734060950 0.05214767906536430
0.51082904891806657 0.09858335402463472
0.10772392720193730 0.52282874624200626
0.77222494296112520 0.54361490071624685
0.68966576976060634 0.44090302490107131
0.63351202919299798 0.16596376827808978
0.03247725207861949 0.50265256367990818
0.77378516711565482 0.64496751629474591
0.69011996792974473 0.63667135004704789
0.13771911646399118 0.43931885261913411
0.42108406699213813 0.58476811129428963
0.39966808381428209 0.47459945326053132
0.15947939386312598 0.76104489429127609
0.60219018022684223 0.09707996086763657
0.78130169762941815 0.12973817616151717
0.22304553711552766 0.20116662559841869
0.57208773028635462 0.17884926101916210
0.39339744957725803 0.24462433325965999
0.58133101780255525 0.35822709429064864
0.48665858973837373 0.20418412148591067
0.28331892845811724 0.86990186248220724
0.74941442339040643 0.30310610052483888
0.67350768633720326 0.73766182803949276
0.47967891633854159 0.41678935000938555
0.82220468828092663 0.16235397628212617
0.21609985094062309 0.78392679807237542
0.53234930529546509 0.35299497389687007
0.08314875074031591 0.78956124138559802
0.29063487222798573 0.65423747877944771
0.04860918889172376 0.77427019486410142
0.21905988721781827 0.25689617282832028
0.60014060332923169 0.43129119570489954
0.44927547266831802 0.89922227963235468
0.41862915086789859 0.85349792762730614
0.41249891595234772 0.47906246297039157
0.62972693357747955 0.60586668163141599
0.67281613090207848 0.75865177944271078
0.18743285634207707 0.92176290133792893
0.62276679225000953 0.68363087852303372
0.54197765311234336 0.15818737920510054
0.45092937042857711 0.27002687354373611
0.68262453725057726 0.38272692304716327
0.82523350001731410 0.21576808192214511
0.14980990776438580 0.91130038022781257
0.46766963196242628 0.83870052733521672
0.33958178652904414 0.71278909668518764
0.57981546342669754 0.72157539836144147
0.07700311652747220 0.73871810006522354
0.59536798850872585 0.03771211592634973
0.43963320072956147 0.13512660305684576
0.08194957362830589 0.87725548427972067
0.26572952711172881 0.82369428357979535
0.54685561786353010 0.49730181031673404
0.06430378576088638 0.83236308357008149
0.50580206840676423 0.44877770652231563
0.28088713438111979 0.85622003714956352
0.11190540481480767 0.74366404163378175
0.18706955701177747 0.97997977421585125
0.83319478148457582 0.50923923754712774
0.23817180062764409 0.24297752915134632
0.27656993197641017 0.47525343036916290
0.65848614559712304 0.79035673481570023
0.39374010016671468 0.63144717684030582
0.67696455556107771 0.05125113733472294
0.54645173910154465 0.82142257801553020
0.63622843362261905 0.80070047520836385
0.32138652258694267 0.41496526665940842
0.50127202703162277 0.35633729367027794
0.10083931087332026 0.66693092363150552
0.18670484183897376 0.76518703572852709
0.50193847128868629 0.86969617636331054
0.45427701283835598 0.86632484262959264
0.35182259684025574 0.81651543589942654
0.60621190809499448 0.83186136958900303
0.50517514477621672 0.89165503256190659
0.35646993415559852 0.89072572871923839
0.15059850872050989 0.50494259182598666
0.28719038520252305 0.14477803904664802
0.70925464218944723 0.38595934397822951
0.20581680465703686 0.31338849865839452
0.46438568751788395 0.42268737984041904
0.11391217698510311 0.59717866742036341
0.45337370240915070 0.81419659830581415
0.15495758193307671 0.31477765615962688
0.69329106255475903 0.51174698246642525
0.26669304334860744 0.76666269575808288
0.32377695901744791 0.16571114793032266
0.76633073475623248 0.22056089224674802
0.28047914804541124 0.54168269813709014
0.05078187279802574 0.82350461457712554
0.23828415253315455 0.21562870243747434
0.70137118144439026 0.54539617517551886
0.49211172767403738 0.50002419795799591
0.71240246806375229 0.16522133422628821
0.16715223893884995 0.64111476356865904
0.23978799464274086 0.71126699410714023
0.12177652289717665 0.37910798333351503
0.08793063560481261 0.43191536362724453
0.13550958626872928 0.90977368945258530
0.79808500769295287 0.26366415095540863
0.34486868156439709 0.29932987747378875
0.56491374600053557 0.82562252114155932
0.01180572406336913 0.59366587299990325
0.32062968688899912 0.43518944179124014
0.49153228876091770 0.08682247309001320
0.27719214768917894 0.68114978261415760
0.10451932807093596 0.82424292388615228
0.78682180457241468 0.56452359235953220
0.40435372897242949 0.81984736634208977
0.39767972709241212 0.34426532584267111
0.24820204733745879 0.34299378995273283
0.46160428992251135 0.59542477692258455
0.58490894084995859 0.82515445300521340
0.63023204660125520 0.12808722052395782
0.76965415611714683 0.54840590090430597
0.34254017073947790 0.76474376775223274
0.79244934508279941 0.54862582877266675
0.82048985354046189 0.39998893168308752
0.15721893355312841 0.51511269704343920
0.30607567981074862 0.15045141184951055
0.44866289246381474 0.31178141700912149
0.49708970747962072 0.14949525280705006
0.30305270173797749 0.23795522915875614
0.57213849959937046 0.52078862827798045
0.31339860618138515 0.75336178653953900
0.23661236809382297 0.18687663914262814
0.58781139151686990 0.28245330071957364
0.32799660160848187 0.27187186993020696
0.69345757734886393 0.62253039854251113
0.19807106775547231 0.94974737454192204
0.02858568718052447 0.72683943176619858
0.83283047830281676 0.24679292463863847
0.74576201440402901 0.17867916524894606
0.06443097058371641 0.55728702200661107
0.06730824402613823 0.60665293916649199
0.23581130321028473 0.43963593766750897
0.19841507338541259 0.66734625704386286
0.07520196035892564 0.89505270135666060
0.11680443551848459 0.69693374274395348
0.70858878646587664 0.15963643501478220
0.36736167794725316 0.26543904204514257
0.08720476708860585 0.69882412548633255
0.28964345547871273 0.64680682826198854
0.45147001196671160 0.79762524172336779
0.61604187102786501 0.08250988593298074
0.38322926672272883 0.65048808792960189
0.09382212285773028 0.57728962907182324
0.34042195961531213 0.45453734462185336
0.06341931616251309 0.57939443041743277
0.79637978681085853 0.48462901418603421
0.38863122648852833 0.78813125803815309
0.79883054984626900 0.50924604245633176
0.56026585377005633 0.89172370544482815
0.58893216597290532 0.80154362521408906
0.05506843663309523 0.71208166066045209
0.44630330837161125 0.21027879137101030
0.47006103944647820 0.71534948905610340
0.51867058171817826 0.72166704819337102
0.16125687637272729 0.69502088420037578
0.17156397270478177 0.91000842136857663
0.03462082190656667 0.51425578075655309
0.49142208974435958 0.28678995125662127
0.29003795903890583 0.93242694429564388
0.74291840782828367 0.64471720650066844
0.09035597615319937 0.54780914590152929
0.03442107383335896 0.63888054843326514
0.23322921918403919 0.39752464731340059
0.32854868752060734 0.21171955511955154
0.76238697211274342 0.07700105941066415
0.57096032754076309 0.55214813350743119
0.43165264454970620 0.78094256279552476
0.19817446448890622 0.18347799286957825
0.82325464871502319 0.24252325891187854
0.16752975667068815 0.75773984022169161
0.67714436341065520 0.09041409273444027
0.64720099712152235 0.17058010384239841
0.24555278656429755 0.20893796244175847
0.24081971591507656 0.85003501221828581
0.52897519548272931 0.46191162839588173
0.07625520305984199 0.46213168635265295
0.60385572657020059 0.22791936103112870
0.74174231813827463 0.16629345168648668
0.25142177151124279 0.43423074672610024
0.35525931359589108 0.12761246773032434
0.01644174091515327 0.66036407003121478
0.65873008876849670 0.02767776602628264
0.67558054136212664 0.57084569675408947
0.47010838302358532 0.49989678196034332
0.65546263390649828 0.67440207297297783
0.83841424979249590 0.41379896874086958
0.36640631362565002 0.91145215833603432
0.69568250448332392 0.47081909501635144
0.41644596594686184 0.23073100718860137
0.50809138619129468 0.62097830801864784
0.31995432195752782 0.85872437639811994
0.25878493407735242 0.15127187701072187
0.53013450486832026 0.37660610978676490
0.33332780794344780 0.78109206412865873
0.38652550998881630 0.23178487782853857
0.40235366031308589 0.71882143137447518
0.53902322858939578 0.27626463587484584
0.09347754416595075 0.65971046771153330
0.07420474886889432 0.63802052323139002
0.63536785581713817 0.80725036151167318
0.36501203356953132 0.16395231942421504
0.48312431976670950 0.71871669642271629
0.19377739021967219 0.92246037806023118
0.40217727262317071 0.34974954113150258
0.16799029937894477 0.81362024260839549
0.49825923608226058 0.48724936543748626
0.76609831638162718 0.06892527025531849
0.29194823240162115 0.61762958380291966
0.50030399385467683 0.17600396165506876
0.27179953702969872 0.70073000747685366
0.59559997535256926 0.06991818165651839
0.66889030822112028 0.35120454681146901
0.48757002975247360 0.87757262754089893
0.45662868771060205 0.24290484113077554
0.80402504489678450 0.46430470220016373
0.40411547089254490 0.25324734372959712
0.24004684718218763 0.39840205228162895
0.05329156459063956 0.73234274246653364
0.37718406846731917 0.79384658885585202
0.55296819317518098 0.37846950647399819
0.62735534259305881 0.06522196364655351
0.67279715605165202 0.69597045608696850
0.31820817633130427 0.76683590008166924
0.50748210441117281 0.71448208734642693
0.03235901740742276 0.62275807518157289
0.37693712054295575 0.91750292751014995
0.25308593140297719 0.47164328759807200
0.78090918089219274 0.06732836448529557
0.24179639853112311 0.32482425042036700
0.80546593072034267 0.53994746177716513
0.40186013886464028 0.09478939650902971
0.09322972903214133 0.68853012481341869
0.24214082432098463 0.91580725771591920
0.54115767768880718 0.86188618688362217
0.25199138425789358 0.83748294689811087
0.28313930932619763 0.90156670185831367
0.44650206632135053 0.41024786291722898
0.49759453518777214 0.13751325608690182
0.64446994483846298 0.50202298763442710
0.26063932671390411 0.24425173120228855
0.54172798965143332 0.20349121032474346
0.23581526107320760 0.55809410345569865
0.31662726588849033 0.69893409551114338
0.22858051384400627 0.50910833306039294
0.16702965651067991 0.37954108783200746
0.24561926673078549 0.41212663536340283
0.50100943502032869 0.81499395202940872
0.60712691782724637 0.10705074204645396
0.79894982131871084 0.18332777927705796
0.64632109999961940 0.02130302023860016
0.30361011258829762 0.35299539762764709
0.38562287679971502 0.88843456977240665
0.71909995130242055 0.28562216308297667
0.27591635147266547 0.25619302469793859
0.54217150850643980 0.64348668619121374
0.57303759493921191 0.78472053457827284
0.21544591426069037 0.26004054290612844
0.24088070703457132 0.16816715103257679
0.31635931910160953 0.61638334962147856
0.22444458403856010 0.32069317908977540
0.87540818680218990 0.33963485233999774
0.36085582348048018 0.58513943047690253
0.51664249062568279 0.81127464513427405
0.80139288225720429 0.51951172453087946
0.56037732237064186 0.66778244334418058
0.07288578757799118 0.59456079419544916
0.46402783544893145 0.86117750719411967
0.51721406872396469 0.79700244753342242
0.47344241882166738 0.22777737208109036
0.38565531108899453 0.36108743994877635
0.31342621224753858 0.93129150319220877
0.80353530372109083 0.11861526424744934
0.04330762523324764 0.83684626352091485
0.47862403244358831 0.90011379494001698
0.67075264011645408 0.68370614183886869
0.72226341829094431 0.52744055418485392
0.52969991288875762 0.10799976274671767
0.30918322020193029 0.87473525764079452
0.77415244905118363 0.21157449176925644
0.64600421408112707 0.33526308436508567
0.10311354703718573 0.58340139917389289
0.38972235296662305 0.89746910331946628
0.20185954541057635 0.27490532628407488
0.42308393787904591 0.30579588217447945
0.29360208211051270 0.90029647242372235
0.73108548268620366 0.04408080674205599
0.76003258388196304 0.61134436508515333
0.06467166280190145 0.79174436677808746
0.67395127912368014 0.07597935882274522
0.33554522730255443 0.65551160525326313
0.27682858313416925 0.49178664749129802
0.10922202243610314 0.74904502529547745
0.47368810708284698 0.76940161699912513
0.50975379618967676 0.13307760562923801
0.08523885064166779 0.58467419323322145
0.52011556223061139 0.07779590361392935
0.66309378222182602 0.19153950658733979
0.73090895166682623 0.51698728754655976
0.24020190206572986 0.86331568241433010
0.80636220030198891 0.47920176269055259
0.24165983833533486 0.54526323498891283
0.67826253243231238 0.20513393667817537
0.52412500766588821 0.11859720492698322
0.37977437640907963 0.64331637625011473
0.20945433484868117 0.78063735325023065
0.22046785716563674 0.70327838687910360
0.42228241146157447 0.66646491787210571
0.60324442912688714 0.33842525745058533
0.42593225553506481 0.12586115671338058
0.74618625581479858 0.42256044255802871
0.27425682779846761 0.29434812598300558
0.58123243982026518 0.42305418214355844
0.08823532678440978 0.83846321105063493
0.62893121137274133 0.08109219018800330
0.84127800927531859 0.40871890121627968
0.20432816514916188 0.24769610096422937
0.10693901607342551 0.91377012520485834
0.54813332772586554 0.13429441540798584
0.38473331741698091 0.46491321601111368
0.10418299015378728 0.79754960956500665
0.70207447531987655 0.26576770126643684
0.28743828218783479 0.48397304046094236
0.80423218055519519 0.33533893010653432
0.06839875358792540 0.77819097288227401
0.60757222551242296 0.12764914440772526
0.58725988972914567 0.14566267472657676
0.15122369691528642 0.62511884772644966
0.46335986469015117 0.71520188366086834
0.82548579887494722 0.23692194324404037
0.19136394870257287 0.80597375809250782
0.16767924161823017 0.28156289780136423
0.03164798447501215 0.60353966765760769
0.38043342253845497 0.52281275384300363
0.41876809464116999 0.87460504420220542
0.30018745300456040 0.37574623071698576
0.49136566781007113 0.53573304088538298
0.62468827887500489 0.02984115071332854
0.72404051661941216 0.47476777125186370
0.50154461897745006 0.39243722572465661
0.14422012576876028 0.72780189847720600
0.33628282653711883 0.55913884138193015
0.28056230132206283 0.28249589682553905
0.34452641343390150 0.55682993908756273
0.79671903431346003 0.45684040725091374
0.48434245791347547 0.15458156411828267
0.17563868316060385 0.72686707206245804
0.63974840247488141 0.41687100660980442
0.65073468625011455 0.38389694274895669
0.41664579217411341 0.68097974408689355
0.44798843342409223 0.13072053898997835
0.61002092534962082 0.13373647652885118
0.10243802445541039 0.50553509178488099
0.26682297776279895 0.24275454193320026
0.67487790165318196 0.17496974065665180
0.10712514816641920 0.59634902176925253
0.66310258845721382 0.49954187151810214
0.29893441500029810 0.38787540419054023
0.78791594748681160 0.42293977527483084
0.35166153136261757 0.31043851156637076
0.70921142306200335 0.25580986447313392
0.41091836042856728 0.06535643334217202
0.05285069006822181 0.41319972886266637
0.05899297958145178 0.46781124362548959
0.61360622052792801 0.27901977714928261
0.16060431488594443 0.34865394575424241
0.30183465892060207 0.25981369186090647
0.25794016350540022 0.22314205590530001
0.48007391439346742 0.23103936684701643
0.71686995026263522 0.65946723631882109
0.08917816461659607 0.53293855848453342
0.65310033254094702 0.80826743144684543
0.25489419280766029 0.26220714622212432
0.10153110274884891 0.31888937877281065
0.62401636507891489 0.78359967758893667
0.70431625161038725 0.53978260865801275
0.59757172235741218 0.09378233149472029
0.39300867271459644 0.54040984405867853
0.34907120235582434 0.66802701767472095
0.38166837612962934 0.20101719109521771
0.88252075654140438 0.34911581355387916
0.10659997196761202 0.69498744096455656
0.75328393169728536 0.38579614301910653
0.42882981685403720 0.60578755129990980
0.35054554356751177 0.86384694873860823
0.14927695788219938 0.26754268228214806
0.32056449755476013 0.19554520776406739
0.06181460498869389 0.74905559436662139
0.42314023788220007 0.51182300419776272
0.12897408917971059 0.30210364719205351
0.20996769816945005 0.68520976873440342
0.83038154758890714 0.48607489266846277
0.41293324839840678 0.58465821877644075
0.71064999383963889 0.54229250156616271
0.70663321337894747 0.45598510038378770
0.55966203372533641 0.63456839883483329
0.08499655096211242 0.87063890733611249
0.58877707273198632 0.66606929130092529
0.65932457384850152 0.40965805622454005
0.03831992077254921 0.63478305327673223
0.59778240558286599 0.75653362357835263
0.07333054657614510 0.66548493120027030
0.07573699421643999 0.53511184135524903
0.72239276519410045 0.68716250068099338
0.84531174889880467 0.46068068968410159
0.09626556472321572 0.35583447702143134
0.24668926305837319 0.95525938952384237
0.29586985164633728 0.59885446794930897
0.07977424262288225 0.51488872323658830
0.27779244572592565 0.24342352864442296
0.62181414813000535 0.57944867477197282
0.48269840673043962 0.56744981680615370
0.66001877494108119 0.21235019599174718
0.24648697008146023 0.37053614958644132
0.36074074671705542 0.19981219811199033
0.44859262210028400 0.08873591261370292
0.49723308983077902 0.39848847046473984
0.08904850367028401 0.66504492648875713
0.69823003927691174 0.57207584697870550
0.38769780880113675 0.91404283002282782
0.51421271952170089 0.08901717597757752
0.60283458205576401 0.47252954666135777
0.32108886557933569 0.86989867364620821
0.53245673216058220 0.38417613697411201
0.80742697202709779 0.34684266800236507
0.50140937473032932 0.14293254578265960
0.43557673080226533 0.64288295835598752
0.27461544396738991 0.52858217278178443
0.71687330563191232 0.16979484773132311
0.10133161601513348 0.83310545814139636
0.73915246789869815 0.08567824887667379
0.67394117378286178 0.42217509610088239
0.14192650615385571 0.62242356107801344
0.41408515426422515 0.46045815477236735
0.42917135336893475 0.94118571079189395
0.51318728709305483 0.27200570011197661
0.60958674435952287 0.70739547524989210
0.84037785997523284 0.40083376759086892
0.25059360706715156 0.46488058303285035
0.15340036070532176 0.79279574751452031
0.20940472735400045 0.89815084714307980
0.58347678068613729 0.01885901583700476
0.75486836061182050 0.61026576194517734
0.19141583444953159 0.46252779141381789
0.59668996813993880 0.07490585271788654
0.25094064938083965 0.69924857076538083
0.70778377919096280 0.44957606029204533
0.40670871148036614 0.88506600351552100
0.70887214763339668 0.07318439394835878
0.72398930932209071 0.59297886266832889
0.42539489663188174 0.87146432408152297
0.13462241761331017 0.67063687648290005
0.79003254688845537 0.35497644806717765
0.24533724803435636 0.37767199908194299
0.72812077293318767 0.67974129079682777
0.57363779305970719 0.44430777098617380
0.49018150635448043 0.90966006392631427
0.30293712457265021 0.28964353866163667
0.27200503585097552 0.28023353594111577
0.39122784159952501 0.16460853373845427
0.57878487099027498 0.07789812320139272
0.60104776092279366 0.65171253211300939
0.47272965114873627 0.52686033465637772
0.06104129567637646 0.85954305779278406
0.78495709315050766 0.23824788576358280
0.30515159899357991 0.67971371141410009
0.39381651828430109 0.92208265109565435
0.42811609387972055 0.37301793387293442
0.63458967590368098 0.15164258183020249
0.85027508493960191 0.37027770638480256
0.77288646464040123 0.14087718107468861
0.42613115169473770 0.10684673573988662
0.55618753605148907 0.03138774518862339
0.30748594795670625 0.72560700498018016
0.80906758034553461 0.50469784492235048
0.75917384933479748 0.19036808378474715
0.64947561589253233 0.67302533624886951
0.17929223837286137 0.55617253257249610
0.18083722642501848 0.93150954386023410
0.58644079776045210 0.52119821923554777
0.33294197688705390 0.11048070456658547
0.78147709760005168 0.17903523835313531
0.70258319524148827 0.22947991309339436
0.65499539001053164 0.09860846093647584
0.17663686028959305 0.34612925391319382
0.01902768798982201 0.59270997686538551
0.51893755512039730 0.28477612308754091
0.55029271509115685 0.80104781401328196
0.59993331886725310 0.21589932432054235
0.06006214395787799 0.53685322602429897
0.55127683932306515 0.78038311309080777
0.37617319769596519 0.15847513455122661
0.81208481421783962 0.49917555086288762
0.31633907056536087 0.63642590484436490
0.28220959497663178 0.64536845509800711
0.44291742168322590 0.88882199791363969
0.37251387668318470 0.49556016535041375
0.11318830858559517 0.38455638866753633
0.81076012401396147 0.23196449164599137
0.09709743414138736 0.81651396158120659
0.06217202380291605 0.40240051925289083
0.19403260459604149 0.93088106420820316
0.72609672597474417 0.41934249031942999
0.13577162954972150 0.37775864123688740
0.77574577359509533 0.43664305733328262
0.31255946293861958 0.77128402235065707
0.44310762845807999 0.85227937282539412
0.60015373584234466 0.63231969955376177
0.51517396797699444 0.72717311729487111
0.53287654810461904 0.63270455994044217
0.53813712412232806 0.39659155861718876
0.74105342360994175 0.18252300561899207
0.81052131573297426 0.44804933570260058
0.21387017515011419 0.32280234313206602
0.73417973585269558 0.61338398246265247
0.61733331514916223 0.58411725894349276
0.09275339477890227 0.47322086774830652
0.16027012278607938 0.32629324898938872
0.53845347780199404 0.83742135262362227
0.16666599782815303 0.64818562210167252
0.64413560695112038 0.29762963532562942
0.44736474589296649 0.58813212598200149
0.73097835634674557 0.12420394364313872
0.40746878190124686 0.63945851116080388
0.47360548711857881 0.08459498283779254
0.15459273173676114 0.59339761586564477
0.31117033545427564 0.88511760018937191
0.69439015672903659 0.30124007908171541
0.04198056246898858 0.66987655444189864
0.52080227584278327 0.69685071854969816
0.19740614888915869 0.28426269624343570
0.25373028111946427 0.62556696986881677
0.73644009661657728 0.62948328694781730
0.73784106754819612 0.64528125915857204
0.80516425817446613 0.23292878156984465
0.77761352561235719 0.09184225194913526
0.20644423994594804 0.88634916508676065
0.58694130849485371 0.77625165695869236
0.84598959799921580 0.31137927228137591
0.65808829276508518 0.35154484564971533
0.22352250431097856 0.53912266892631244
0.47451579537248501 0.93268225471125255
0.66059284563419629 0.45316515890342202
0.61796961098060332 0.20423479562329147
0.25577553392038399 0.23299664371050821
0.62661926233773402 0.06972730795236305
0.20774493965960944 0.20125902388355679
0.54565779884708510 0.63011351744169308
0.42836494101162331 0.09689893233428015
0.00419752497803516 0.58754450273077141
0.63575893869934119 0.71280080398168888
0.12735266856015504 0.36447754350378736
0.40851203083764326 0.16134567699774999
0.60960666521539442 0.37154490742041119
0.68428877267260635 0.48509660396599807
0.71325572521070890 0.11397054507200893
0.25281989169269675 0.52901405421015890
0.09482941722715403 0.89577954475280386
0.13281535365241512 0.43360348626277817
0.42181499492257435 0.79027161421972347
0.50870960842549173 0.87571747753619977
0.85472837620031095 0.30404676300797995
0.78367413814813369 0.47202490545899128
0.59661915035935098 0.68039136559437130
0.16713062316046814 0.38746999590135950
0.38493318616500166 0.75281013357412985
0.31945694324057250 0.46285593923719942
0.72315534401665416 0.49412764537931347
0.12592646433072160 0.87484962983301651
0.37463196971087775 0.11693658340706783
0.50077313566520665 0.51480902158613040
0.50887261165486108 0.59024800159196900
0.17593414266264507 0.27748734603627018
0.50116481841081528 0.11056513259065366
0.37157488741475131 0.91335323659158274
0.49015293756993872 0.37443882764015685
0.29128103245681108 0.74554831621019046
0.32627810599869700 0.87399117944020632
0.14054213093738521 0.33066857258786680
0.37269997732689875 0.33455243740657098
0.32145465992423133 0.40136953856322655
0.77264284102583181 0.31790224755725777
0.82913916612326921 0.33894767056074065
0.68673766053643681 0.32313602373070532
0.36679698872110283 0.69339635480947770
0.31725375989595223 0.20110311685337881
0.21117737338085871 0.39026834404365135
0.04333305451666947 0.67506628373584843
0.50409409613480161 0.34895017768222741
0.54486098964007723 0.55318194795377018
0.05862974059478639 0.71524473323437432
0.49645125204546764 0.08570368752355499
0.69610849062052937 0.63425967533252092
0.65251521691057179 0.40975257564824241
0.42827002324606117 0.08440597417381314
0.77992774300163625 0.58544808754534639
0.59809215564321128 0.49380948654392787
0.33870117215481316 0.31755947298413495
0.39282329024396589 0.32901215862686184
0.45595367790434421 0.68410808907504339
0.64370959499131275 0.53465597941612597
0.09610631232608850 0.46358464950985334
0.83669101290416792 0.26480139836394695
0.10627962378840525 0.43617665266694039
0.58032511406736031 0.57803863733907068
0.59935986112546302 0.12807917270584873
0.57333438792935365 0.03884115679834799
0.81287197795358335 0.43432623156008671
0.09717754749053964 0.33809804720397457
0.75180135161469519 0.22459393185159443
0.33693668254126774 0.77181874313763954
0.58685389328803084 0.73650910645406897
0.13913217584751408 0.93034605709184304
0.25896225251276878 0.25048757506954505
0.72026155229168076 0.56649064083211276
0.09963487783272985 0.59470823073376322
0.77231819184275763 0.66783026893917508
0.77676583182984515 0.62669682491507495
0.68218012415462925 0.47848365739834620
0.55383649597523177 0.67988831611116729
0.07944527370631807 0.51963302128367217
0.64518449638155795 0.65359102558237392
0.74732973221052601 0.18621194333925564
0.84737614193336375 0.42014137552902903
0.19201822386244449 0.26771909861436388
0.22903901157735496 0.70549590311419619
0.85968666409836270 0.29880928805723067
0.64628190383481299 0.41302498142868188
0.26191969113284502 0.88262883942520487
0.51794243641836490 0.11876645464377469
0.82108805061066814 0.38396043003284441
0.03269964562099559 0.68774441984366619
0.24382033540595016 0.17728408332948636
0.78876670293405793 0.20986872613192603
0.04573556478538558 0.71260810288161147
0.15649397329329609 0.54441342826779993
0.07380747742072918 0.43128744729866969
0.63816614478380551 0.35199202777063882
0.60545365623561465 0.69297282717865827
0.61067976952749958 0.76037792627493794
0.76985400546109761 0.34814946047985001
0.71008621334926647 0.66288299157064501
0.29141747323885470 0.94942336834707874
0.84137621299523657 0.20678206911801578
0.39538053030400461 0.94384991953467601
0.55988645671371551 0.22046483662695063
0.59114371073535799 0.64190401811222486
0.10779506655410938 0.35288504428881684
0.64308714308858439 0.38530522176303261
0.09492837642583396 0.40631619379661854
0.58988960714615335 0.03858400870093915
0.39913534228324743 0.65021145994855190
0.40881915490964471 0.20403192087155197
0.51580252763643009 0.43867022768363811
0.64025665511846808 0.21742835774817873
0.81960223829190926 0.43425500429593517
0.44216758274013096 0.12975667577980304
0.26564495924447906 0.57498743722411738
0.23869325111899106 0.82183041231728704
0.34083423460760781 0.42469309516029619
0.58237313435495075 0.03210609804223156
0.48033978078812167 0.77644808349828487
0.44060682543209623 0.61488176481378021
0.70827507204077977 0.19344890127738387
0.49356532578870488 0.15732272067473674
0.23737230958116426 0.67093595309718779
0.38214697139545822 0.27871866859164657
0.16521981700046345 0.82528319784444049
0.16514481676440385 0.92743337685224603
0.07526870192807184 0.54654223184672501
0.74266600677916084 0.40136568619202434
0.29072223684098153 0.45215021382802295
0.42875547875951481 0.33321373418805472
0.25616657372348411 0.89932368877649849
0.26754342381896568 0.87773479646530406
0.46910701166814350 0.88249724370984894
0.56869094635896766 0.68945096265159600
0.48568969503673975 0.33892993765529322
0.48312299302226230 0.46542539431993307
0.68163964258416210 0.58990619805243250
0.15021131548344718 0.40472075596389812
0.56900846648201620 0.51371530901588947
0.33916613436087667 0.80742382378147026
0.16253385553707383 0.39143427665703090
0.60036538500656655 0.52578438797511651
0.61849524514584020 0.69895357817833781
0.34632072630305305 0.15543435562126395
0.06952033371719288 0.63970301854295375
0.79096780342599482 0.64490654652575785
0.66437484641318911 0.78696752811937742
0.15250284605787323 0.47940196384009587
0.26219114787425357 0.53846734504867388
0.47879674902911573 0.27447194808289471
0.10555143409765708 0.46589488785965161
0.31413772740951035 0.79168292391970974
0.74044733526316975 0.31775979196882465
0.41610516834034883 0.28259937713227085
0.67482164870760242 0.42944598143969698
0.13719577167330471 0.46884523752499963
0.27377603038850185 0.78738760456351753
0.40200184723124405 0.12671913991597269
0.86448513232853597 0.44426593865189934
0.43494298889512412 0.17255057121129383
0.09094389744677166 0.55318779628931569
0.31265032953277472 0.61041547442691535
0.38586184159538228 0.50458568670372295
0.08768893861870705 0.65953451714604439
0.16666277254142944 0.32137478038751105
0.67106809244382892 0.40662931758015081
0.24993020992447398 0.45764014222111193
0.67995814333968263 0.61036401380549909
0.64195546553166616 0.13078254965787028
0.44518195412530553 0.10558197274631502
0.29902612484099339 0.80421765177895399
0.51340095808410580 0.18190606346280877
0.25925401067161152 0.30946901322479664
0.41310257072206064 0.22452580860737717
0.53490621080023071 0.89098167868341771
0.24203090271833907 0.81548205157001741
0.04623524154666177 0.53146992510303526
0.72907078944388881 0.65085901767891385
0.57432810729789796 0.38532357070869205
0.79877190971411183 0.54822059761706854
0.10331029922920312 0.47046610895418850
0.05815010863442764 0.52105433465838402
0.21237847427331688 0.58166481914963031
0.14154723991383292 0.79480320745879396
0.17628522520299278 0.26388651386252537
0.66833607449731314 0.52572710340676265
0.57367917662883106 0.85627843191728203
0.30670402088102450 0.88043165676794399
0.12788956440748192 0.58093376862393831
0.27376206640536227 0.60543945993523807
0.34052280379654321 0.17550285640337560
0.56386885408334286 0.34600640318530129
0.18956098696240456 0.96631578704050758
0.61345479400818159 0.75070900237915339
0.05058147247222714 0.79328493077812157
0.75209335847283454 0.48763950703915843
0.73293916757253841 0.60723265719800612
0.41045846983045292 0.48612046268355691
0.77085685683339944 0.61961517146165890
0.69218937488387711 0.10561850326002180
0.43049147252548675 0.89964982804548443
0.07024929577434222 0.78516777772656710
0.30747568666823299 0.79485059735011199
0.53667509269136748 0.47883780659693942
0.41523593049677004 0.77150100559400481
0.43492744850930976 0.76699108173129071
0.77842349001812750 0.23779600400617851
0.38792829318007571 0.44964715729477572
0.38984658612339973 0.71145236873829232
0.53570395547210059 0.46353241168443349
0.75262384026063145 0.57134995960722001
0.06887415064708638 0.48136822456437933
0.30998317415591287 0.63975589262931432
0.85536453300045301 0.29327097500016946
0.55080645312947263 0.73784648192209923
0.71524711359508364 0.64645131363615227
0.06631940477783267 0.54852345955232051
0.78072138805959046 0.40776200138564089
0.17907944628735642 0.87865700086078014
0.56000755343607667 0.07286800275487532
0.76018788059367226 0.60630459658329405
0.36026668424259645 0.48030189922923788
0.34490007347831619 0.40503978390552253
0.70114690514492217 0.11235256479636023
0.51602638515597343 0.75843649392104073
0.12924064774822391 0.41781777383895047
0.33662289667238787 0.41714607013345767
0.64554909552214357 0.23035595236914375
0.08174516240589172 0.77325021447690678
0.59483933561964630 0.06038047281990323
0.09311103422253311 0.48698334912634839
0.34235857893285276 0.12744736321490363
0.22102249312924790 0.90321829487391136
0.74338723477629109 0.34862287146106752
0.45551675970338296 0.20069940028965166
0.47118925539755330 0.84938143895684004
0.18350795774095235 0.25466933966479477
0.59339403749336561 0.54587352498666586
0.24119795727686913 0.26845888406685264
0.44176887929826142 0.52317459340976824
0.25272795076199950 0.70620125340931195
0.68893495774236468 0.38682395225806643
0.18705366044289826 0.35775982312380844
0.19596878946013890 0.21206462923671413
0.70988166417754728 0.40071223649557730
0.59646162034530992 0.09990642397858525
0.09152853009852398 0.79255179782348273
0.04073472970635643 0.48460802542118597
0.31579111141465765 0.16167720947670064
0.64962097421088705 0.81769649741869599
0.51287068167333161 0.34703610956958059
0.64320699126226577 0.71998622360385589
0.52765207220753030 0.34053740543637379
0.06247048838632412 0.77963212872401921
0.75375258725668892 0.60006492601691142
0.28768243963364809 0.18316949460870996
0.07763582247148915 0.68410538401328025
0.44698837804549907 0.76865266874391092
0.07797904222560405 0.71061695538067626
0.79847790953767128 0.34609924006027332
0.14796809195567762 0.79662705634965647
0.31562959325090978 0.23448219235148177
0.17214050258191524 0.38371867513319707
0.52004906066926104 0.06310007881818636
0.21415858411825950 0.89421804680534289
0.34603424233749275 0.29167566955871299
0.65255293506716427 0.34719560056640986
0.39032952778927338 0.14044192906893885
0.30577798123007360 0.19370122009107224
0.20036095551587840 0.23944659353886757
0.60707313214308301 0.63161131055732300
0.75386258228495495 0.31546830819228466
0.72450137436105866 0.51549326439844567
0.30332374807626866 0.91486637131135173
0.85404091364612300 0.42159408129543935
0.58847169272233324 0.68603949683118859
0.06421576595563387 0.66548728415318303
0.66046050388138633 0.41690525198802186
0.42529337559462954 0.68160291558771080
0.83302240598785460 0.25829873810748755
0.35997998149435756 0.59235779581721937
0.50308820419558120 0.37318101075378607
0.31220929669890574 0.78511150832559706
0.09697335912552177 0.69282280229922344
0.17048339665450754 0.30620597428078944
0.26981697841341939 0.48800492813886681
0.08705863318158014 0.79177682932292337
0.65119501769589649 0.70299558744684931
0.14303566720172584 0.84678804672884544
0.45191036121230876 0.08414202501202649
0.55679146097991283 0.73337319800040324
0.28248254926909883 0.22399939858229920
0.58096543691597247 0.40831926266735008
0.13946853437701828 0.40896742816092296
0.82793733198227082 0.49304032867395758
0.08309936524249564 0.46273270989969845
0.46920932798616843 0.12860523480492919
0.28376211202791290 0.93581221327258757
0.41273014724716645 0.17716209696740889
0.74259393729972700 0.43460344606603651
0.54249951452875733 0.46159220159211378
0.21206480952401577 0.93388611917745412
0.27553866145131539 0.35630771716192899
0.68219411099739025 0.07371422839004924
0.55286425704921094 0.39704792350833262
0.13568270846764674 0.81798639972168841
0.41293718533021345 0.70215994022671335
0.67393063318999524 0.66571455192610762
0.57733928407264257 0.85117946213537754
0.57349079405437142 0.31068717069565827
0.75242552478272240 0.27286249047715089
0.59309372183104903 0.72638925200370030
0.56954364758436160 0.72373509686966131
0.64697487347330118 0.13605909957267726
0.20174045119140827 0.92999528529628117
0.17316672378950881 0.26795780015635551
0.14964366240109753 0.60684276433131390
0.18946688768169800 0.51631641704022935
0.04859984377514836 0.75644556499871918
0.13811090102494830 0.90324373682121450
0.22314035302921417 0.78162204177503725
0.34984129538196385 0.40008733304376354
0.76448764544570658 0.60231016911027335
0.42780958193611629 0.06597621446589021
0.73160835739494734 0.50471782279385924
0.36681834989601192 0.46513410140881167
0.40449247390055643 0.07586853697949007
0.57872716336314067 0.12077002205259779
0.36190055557709311 0.09466102320134248
0.67866226798665652 0.28232673962170313
0.29076168614503484 0.71264510453461105
0.52509005505191153 0.22215646487525312
0.56480266705790083 0.77698653047985455
0.70889871595399723 0.39390782135299734
0.26999976078247201 0.49483037505754490
0.35896206836058003 0.16457208290444877
0.64380281215184698 0.75855185787155577
0.68013534074039450 0.61662506636658210
0.70202103261765614 0.39685079405608870
0.41826184579248193 0.31083496869601929
0.74946618465010706 0.53015316820258462
0.08246332207136117 0.57989831550239046
0.21234416025948791 0.94582377688110553
0.43721568835755559 0.15985369899887622
0.75113706061910102 0.67216569012977967
0.06687373707837695 0.39777864063804813
0.31469620665195547 0.26287045524535496
0.22365444021758521 0.95275112282518104
0.59770538844594345 0.77193797146206022
0.78222364835909752 0.07503011801280574
0.61809047245305349 0.35122438714869364
0.16800192861960112 0.83963677022089311
0.79067663785766662 0.59775982006629047
0.43773425610585881 0.11349432180356334
0.58055796636016521 0.77491691319705558
0.49496193959404827 0.47147924498446953
0.26639977534420312 0.74447789782499174
0.53812999181617593 0.76596418190136450
0.03839302581351553 0.67379684356416336
0.40824354768027193 0.83917558863374919
0.45204517123682120 0.67099119002794982
0.49039215474226178 0.87027882934649337
0.42991117510036481 0.55434016924962370
0.50827090157529597 0.47005803162239623
0.36625794506248699 0.53043064731965661
0.56964550151754478 0.17248843847400711
0.54442272079904475 0.34409953631583140
0.15330636237025122 0.89998086831346347
0.42137424412195440 0.90489876714028739
0.68214547495353739 0.58185938077700039
0.22826028821826189 0.51639079018820833
0.06120007081799905 0.47286034470353339
0.54003025574938379 0.78588205417187873
0.67867154288347653 0.55646207975211492
0.75522736494374731 0.62535372919385668
0.41275607247088825 0.96721467970501318
0.46261592177113658 0.89681040759410513
0.53848932667422578 0.40363685209460937
0.36763073263844798 0.34875429481365128
0.56845519549674350 0.08333735072882781
0.85455210700435702 0.42828238293437298
0.58131423997918952 0.45890066785302486
0.83483898654520661 0.33889442560055988
0.21801817313493951 0.18558237711897810
0.28875570083560614 0.60286871139312193
0.17910838151845246 0.46600918025354005
0.24816657988470137 0.87958950930930746
0.33785018690838431 0.16661632187794945
0.74119357572904621 0.15917799305353600
0.60965026039104731 0.48458448680788241
0.50643882143317387 0.21960612264004659
0.35809650988491420 0.73040431124761140
0.76831988837691634 0.16799888990207512
0.29588858124568940 0.26330680098363640
0.70520226015668130 0.40974368330701116
0.40479760760983424 0.26267143101154944
0.66346418556791720 0.38787332403714403
0.33694452224018329 0.94349873124206685
0.22465307265038331 0.87290367260587698
0.36172014045069728 0.27072934965868795
0.10457977517119470 0.85794101071346651
0.33076458422815952 0.82610707533967143
0.04268839743388911 0.44616325645853527
0.73716527888363936 0.55932112688069124
0.57327144353830095 0.88294418795841345
0.42749607081121965 0.59877364664043442
0.06465747295848864 0.79664688382154980
0.23334945470609797 0.19682560651261438
0.71177223032444570 0.42132174683250895
0.08798242260082320 0.42722926441824854
0.07451949858637683 0.77192284742106843
0.06682411272906461 0.65404172410637285
0.55982581022987699 0.55110540226212523
0.22164380853263005 0.50958719221735715
0.72579125229246122 0.27640527926093755
0.22609080799123671 0.23867824787357123
0.60612484896849950 0.32132693988990035
0.47570790134721602 0.30360300650945449
0.86104180605497060 0.17877544357574149
0.04730067570665738 0.73439186763385389
0.59137180134063649 0.69163129264363776
0.35153350789713550 0.12390043806882119
0.23594479483318528 0.67771003151597387
0.71161497155177955 0.06599656930796184
0.48983378969133862 0.80898909742968683
0.24179113588015388 0.25202583099728298
0.10816301583349711 0.54760553573703041
0.56937059498424125 0.09500463219004655
0.14307637180042473 0.74869826714673304
0.86023974339757880 0.32522699982715103
0.47904973529747941 0.19999506024075916
0.47046880146003728 0.41848023329213174
0.32442823385147229 0.61879105832926751
0.02702568172220722 0.67292377549579652
0.47734132078229263 0.75648345935373051
0.13229983449315880 0.45106306339349295
0.41039139432167038 0.33879192926004120
0.53713321367934208 0.81365903580206689
0.46243133339595754 0.46626896846347177
0.17151025122585301 0.50603600272725124
0.59210771396452289 0.32904734310128886
0.69362718468911733 0.73953064270139157
0.17717883257314959 0.93713435952257740
0.32962677718052047 0.24933105308260323
0.57260863914845994 0.80204962758060838
0.40794332339787037 0.73851153312521045
0.55390604106220820 0.83667324699796974
0.75558732917523375 0.57594792886614443
0.37741150093990122 0.59759933703115398
0.51866119611978168 0.06851330674994487
0.58806604005716456 0.41062950929257863
0.53161029935581594 0.25129355984757262
0.40175104377977044 0.89166091971413064
0.30853557893987260 0.56455221820517687
0.29353001375649213 0.16845532478266137
0.62598385945463286 0.07402964898420467
0.54942483917555507 0.84919567947274943
0.59271537408062380 0.76079254166696542
0.77817320474861962 0.14135342090076577
0.27370647987235097 0.40208530086614164
0.32358183646866800 0.63798202758807276
0.35461023428237914 0.62193780496214468
0.51171060961766157 0.12602654338744185
0.31478826154690098 0.12535450123738751
0.35785087898128931 0.42380593992521221
0.10131027786541515 0.41234522693590431
0.27145012793730561 0.20083273856666561
0.79015976665002530 0.32402792011225773
0.81300012680110045 0.15345917117283139
0.05806979942955535 0.73452275027663960
0.41290793427269284 0.88989657045566684
0.13294207785155998 0.61384089926704766
0.29414775194470860 0.42234288865121289
0.56426837452405143 0.61536606939979710
0.71446076053130392 0.09801443217718712
0.76007832395643227 0.49638282615374141
0.56489371259679766 0.22600808806820966
0.38767028214293314 0.91981324945181264
0.74877567981635484 0.68964102500308289
0.12193476772314438 0.31934569530663759
0.44304364220826453 0.57033509349865963
0.48668441185523831 0.66865683156501576
0.70512589669563464 0.72282748231506122
0.70982253702668907 0.08246008416079363
0.40608242793883587 0.09776031242775782
0.35805698207287578 0.94700929947983814
0.08307851027312319 0.36293128557037213
0.06940317522244090 0.66790202459307280
0.42982909637305161 0.71405250780381335
0.10041100504771716 0.74499029444142428
0.12654506811025124 0.38749668469319720
0.76715613099239732 0.56863602282910108
0.09689698715188583 0.73434494339878320
0.35045379708025415 0.91866052783358043
0.34333214590705485 0.16461003128716725
0.20577835566169109 0.75992772501012418
0.63603272121094723 0.60900619036129366
0.33074476700335925 0.15872376502469795
0.47330777555496756 0.89508215308811645
0.58738288713557585 0.50793499586276414
0.26939894923637231 0.50228409014733455
0.53581853053154971 0.06727557799246958
0.14023305559503532 0.52542916557839048
0.32285736006535715 0.58562339166778388
0.53227259479632427 0.90573760429845762
0.58306911535677952 0.51519193097703453
0.54011418081619256 0.70694385419386585
0.44134456891020557 0.81358316682461518
0.58792997340333475 0.37880260605649302
0.88654113432932702 0.33519684232328001
0.45734461632054924 0.93145596745055903
0.27272489048121418 0.93610238019643310
0.57780967949240758 0.81953140352480391
0.45196050428078371 0.89399244410134138
0.47589279954041119 0.08896766712908870
0.12022337090128510 0.52469894628569369
0.53129006717123572 0.36025827087989404
0.76378372293899355 0.28084157279903099
0.59986835849175535 0.65896320713228052
0.18138798511249510 0.84087350522432713
0.74433734531056117 0.50586215618367869
0.82395607662112058 0.46192262897486897
0.69451374333638760 0.56677503826909037
0.74904574929076229 0.14857229877424857
0.73453684614348402 0.38501486755926412
0.36245309487714539 0.68451322138969628
0.43670522845426057 0.67184915391333122
0.13919446098432031 0.31600376253395668
0.72387727563785453 0.65267630211607375
0.64162431338337067 0.60434780758958684
0.43500652265983830 0.31432358345890193
0.53439214732995555 0.75385763452434618
0.81174784953778911 0.59039315438611228
0.72817674904879315 0.58160191356039448
0.30717540512552854 0.65253892767501709
0.02960514749902788 0.67793370992412705
0.45355831598809093 0.06045129012423640
0.41961564276719648 0.92168023327268478
0.51817172786776911 0.07370767148837734
0.12474261779073507 0.89267818552405442
0.73982903944320222 0.07688645435864572
0.45379663445530211 0.16652139050448528
0.23300575693605091 0.36398414079677044
0.53876169726091250 0.28390450821548691
0.75061239905659671 0.10083097947886989
0.01754609919067856 0.67888594781952383
0.39937876671777361 0.76498655090245682
0.50052890667337513 0.26038513750550590
0.57060952314932056 0.25250696944214740
0.67042348182205735 0.08347146877416928
0.33253397493834802 0.11595980408690358
0.10784574708687922 0.45106561431872511
0.10652085765427427 0.86643953908712257
0.18243567035455382 0.82316752007723937
0.26243487886996497 0.50237026220070768
0.33512130942495544 0.62682584037053779
0.64121394850881885 0.44627761687813106
0.78106376478546324 0.26846943431594444
0.44231861733892391 0.54386306716330501
0.04667374313167547 0.62921657392863550
0.29965148338144793 0.28223486821282001
0.33045305855065810 0.84648562729592236
0.58267123941456767 0.06473244832482589
0.40184050395236298 0.53021070313135521
0.34554759034027166 0.87875686960981392
0.29713892361773453 0.47456892753076668
0.41410579836457734 0.55683904227845915
0.61581701423931490 0.64341286307359813
0.79895207536554602 0.14381630828816289
0.35107708284125921 0.42149455888420523
0.58833821974888656 0.85431307132318113
0.64237861488579218 0.17777494804897662
0.63294131955912980 0.40457145335841549
0.81110823700204548 0.54034607218264130
0.30029084407880846 0.58562709426103332
0.73570131297121988 0.59656562999664808
0.77932641677889825 0.37659382024301680
0.34307571942510817 0.86044143119924643
0.19235278839071088 0.70633822598009566
0.38123923242705171 0.14478612144489580
0.00736339392786035 0.56317113341190383
0.63919562443443279 0.40113982669479187
0.59574604693526745 0.27214330066015624
0.38635751400659174 0.30012995317308017
0.55684624129719351 0.69369177007003280
0.39078723305500818 0.57306097856104021
0.02100450904302747 0.58034614236360205
0.31206607339600134 0.54238181002841890
0.43256563581414481 0.16571059980865013
0.74436100474281863 0.40994352746029095
0.10143767361636269 0.64158835445265849
0.37807324481960886 0.92288725715817199
0.15822500308524853 0.36999243813411448
0.41302717758924307 0.76494353749609623
0.55990296585391008 0.44273384393162457
0.14996586406204440 0.81748019689627283
0.18731618321218496 0.34428405569251297
0.46462382300488642 0.64198995426127892
0.16440149336027193 0.58344190998550982
0.79462929224216283 0.09524319095174305
0.15341776332619436 0.69558111780418830
0.11389508931614567 0.89201527713251139
0.21215364015960303 0.71769370304484426
0.03456248731924020 0.80028005916466127
0.10718252916775969 0.57806441263942809
0.43737839437896370 0.14089435792668489
0.05552712052698708 0.77287802599964583
0.10408775167740755 0.83757075760639088
0.18771534061287243 0.63241895560744044
0.25802748626387823 0.48073971393385384
0.21260431083073203 0.69221738538024424
0.78889973741410335 0.62864632324387448
0.28988404990864824 0.17848214501113652
0.50259668664863533 0.07887599310375597
0.68879794017897855 0.49836419842115698
0.09660215800947462 0.49038809287706980
0.78167673837653506 0.22021886604913787
0.67294980621011025 0.57951502439158165
0.60154948319563739 0.76769013260263308
0.15536979162646886 0.40119658094084298
0.26760659645840296 0.19194080812335917
0.79014110518025105 0.55443887086268839
0.60908604458354332 0.05638089634521731
0.05420129038901944 0.88057642714760254
0.15276579858418946 0.60005736905843621
0.10040062965483870 0.30346521233219126
0.75479697546575863 0.19459739231203046
0.30515458891297303 0.80848976122364302
0.37772123931332241 0.42431729701104448
0.32126395234882277 0.56379767413778714
0.16400792450880933 0.37096386510168117
0.23363875500863479 0.95726135883601537
0.59715043405415347 0.85359803342310969
0.24348600039827256 0.96986160847726777
0.36133438919420152 0.79268584740321124
0.25194561577028551 0.94383330232722951
0.21073736951925640 0.25307396578598368
0.51387650138680907 0.25537207383456612
0.68787082733593641 0.71823792434370770
0.26391469138057566 0.28234830366528851
0.77648915481123482 0.58962921441696015
0.55307870567583484 0.20901185149076762
0.42069645435008796 0.47882762675964763
0.66523205845625477 0.56955134448523137
0.44310129271985205 0.14290765507270256
0.06392229868840817 0.88288793853659497
0.48871214253994977 0.81532071711593612
0.13377993147361159 0.74549579917644337
0.39540432517078372 0.88191506477841652
0.27588555122182301 0.22563224084144007
0.35376078580516307 0.86987390378220986
0.34673527278622734 0.93300867333156445
0.76053431316852604 0.52333175425816925
0.74519455899300835 0.63958921481699316
0.82015594567794614 0.30684423764025087
0.64168242348179905 0.77517084874600062
0.12990872394732522 0.33365715186673656
0.19779691771597246 0.65122306980336442
0.55960954370677518 0.86945219650973815
0.04722245950953284 0.57463670119575294
0.71854579460679546 0.31333406683047049
0.67194137337860316 0.64815176177705258
0.30613755349437793 0.80157073815639446
0.41614201547203422 0.91665682314447883
0.32569165860580235 0.13867382150195864
0.86962947552883985 0.28595003243408496
0.37063909617678709 0.66982986201834338
0.68209266118835921 0.30101185334922703
0.74575290158733831 0.48717165074349389
0.42620562694077985 0.94957160444948030
0.35620067093868135 0.22249258388960277
0.26924799556381451 0.43285652256665041
0.47374091867069423 0.39184252060549235
0.20790835838886501 0.28325910104685154
0.57831121445523292 0.40046987116449717
0.77414220954777857 0.40984339831419142
0.11885873142253156 0.37089803239624031
0.37197792695808946 0.14834081731588927
0.45737070230444016 0.87169537647174999
0.17291033901222594 0.89799265469428147
0.27131783948004840 0.24704157424626522
0.36457214371671554 0.39846753185660888
0.44274096073869168 0.93609168581449542
0.19312811100310351 0.59216737450556878
0.16290719288643676 0.25083152402581432
0.27398659698543254 0.88688690467092179
0.15915960342491192 0.27217277611637553
0.42949665683336496 0.57534638652240389
0.06485412748347982 0.57453454733817544
0.57521127876242029 0.47926312861727410
0.42804601456248553 0.41775190122108269
0.11130045898089562 0.41407507225322043
0.48936395851930126 0.56254142280585506
0.23248051260060043 0.63354033382520691
0.50011865699403224 0.06833633410164477
0.47020455031987562 0.57732243695325469
0.68077315465478772 0.59700228050637660
0.09360793720256119 0.69789439810252496
0.64550706525220514 0.23732435992812795
0.29724306648902465 0.92883338772168678
0.19043735536023096 0.24126716391566133
0.86637047709279058 0.38135803425406023
0.08518611205535034 0.84232921747918066
0.75716120565839862 0.28410355631258294
0.33603326349288604 0.93768024981084641
0.44026790884144401 0.10484996489052063
0.07655181651036840 0.62323176801070146
0.43491945952594396 0.92507637659570929
0.06624934202985670 0.56494548015590296
0.46617530746494085 0.76357327819819643
0.50810661256729117 0.15352119498519176
0.80657339148153928 0.24465040852366587
0.15333101959896958 0.35904630383791208
0.27792571567045987 0.93874670415414907
0.59554904319377799 0.41154095662152085
0.65886011295511149 0.70949677395705202
0.29195869756440024 0.34054044193088184
0.20426549718704612 0.68945758783568978
0.85126127058226309 0.46550027497235758
0.38950927708162925 0.28080752722304558
0.06199171623622164 0.53242966850013917
0.05117737138436011 0.50975039489517893
0.15562170855540339 0.61934076444683839
0.34946303337071022 0.83626156998215195
0.36541156626868199 0.81621112747796609
0.63188939714198433 0.03977401783468865
0.34423049432821295 0.08762587030495554
0.28089938212053522 0.79805709207899778
0.80690866125879224 0.35414580022239872
0.54658323440010070 0.18984879259709739
0.57832265388436954 0.80353400593959035
0.04401431358126664 0.75445109264475974
0.15409647060885887 0.89174186472098016
0.16832771626996143 0.25737544524270850
0.76294318036730391 0.48222615246491390
0.09567835531591209 0.80736492649988290
0.69050120172870966 0.67299984935682322
0.67306538508604496 0.13694131332693438
0.70497019260530713 0.10753392429613434
0.60585365659539003 0.61771739373557222
0.08723243161808615 0.67040644030144225
0.41952383992282416 0.29911702452239475
0.26638823156654862 0.60156382877572934
0.40254540154684249 0.05466836085353351
0.12000507951148542 0.47197983779926950
0.35790399374510390 0.59896616953972648
0.28390509339388542 0.38308428855623650
0.71525573503576645 0.47005572764307618
0.30817553787368251 0.14587102062375579
0.12102170279477618 0.43707992160637704
0.14718102630076746 0.27876321980756036
0.43185422703913068 0.50982536018921909
0.55683418825411901 0.46349272832272170
0.10990795626643142 0.48203882690868144
0.63131389163951357 0.23442965926396853
0.52187381188021942 0.49359033186312301
0.14073885328812119 0.75732880930736968
0.37148927605521037 0.36351413390503723
0.53784130763083438 0.07125682500675601
0.28944221250744551 0.86515802570242051
0.02106874583828884 0.56411481856709100
0.42176425854215210 0.45987376053246248
0.75721260781347799 0.53868069692594189
0.64836464677923400 0.79763451523147622
0.74334911348297161 0.60362245171037066
0.12412717537396858 0.51881935656801093
0.39611395135118244 0.87600998153882170
0.44779307997272316 0.11486354294974913
0.18549963222902779 0.21766478245323775
0.43160668529521340 0.34150216450049570
0.25468141371055619 0.39492032119217063
0.38374868209270485 0.21747937455836114
0.23557477408638577 0.55056430216975605
0.74371347815657718 0.36856785294890776
0.43932975389382406 0.09319036553550102
0.10251644384514072 0.72315202017057278
0.09578491380529673 0.54771758611268129
0.14993905324864581 0.54184396096977405
0.68808700885573182 0.51725168284274248
0.23578410703748839 0.46185730038473799
0.61814047648668047 0.06325125829013183
0.14394164729117914 0.31685534456611603
0.55602306286372549 0.62085609036682166
0.34184162089493630 0.12253573182994915
0.14566240168357916 0.31231877249236506
0.11105971473425864 0.43379866410301088
0.83690847307376870 0.42821728497154571
0.47048037732304010 0.81313038991759667
0.65889156537598814 0.06930123036090734
0.84343862330899455 0.43876556815786383
0.63570537046643827 0.29813238539854137
0.76499950353100532 0.44395859766611645
0.65820161963597890 0.05071449321189858
0.35700009091588147 0.31503354255646820
0.42884668149824418 0.20114698082371260
0.41326749786070877 0.65451472231035213
0.38587937241560633 0.82050692328373831
0.72494126467389619 0.22483494454038999
0.19820321072791230 0.29426277265977629
0.74402960791166795 0.44196423396353435
0.26648978473422219 0.73141500768636170
0.62343908845636864 0.31743452259595856
0.26090267286997570 0.90273292075807143
0.50434805862043741 0.70727877758577051
0.82664567918827114 0.38535713682649575
0.58024224248287526 0.84552844432928009
0.27621178185093576 0.14612416703613471
0.71914001744124145 0.43064490087486146
0.10495752965171801 0.68174220409244424
0.66623253613972722 0.31300762491695255
0.67649402926663538 0.28850871310943282
0.14046255613268793 0.31136528786298362
0.49727573916397999 0.57768570598582003
0.48135625015925082 0.19125806974300996
0.18931029808679919 0.21195925779590410
0.23887207856344872 0.22446601374711933
0.48271850199130373 0.62056214077300975
0.28584900232268373 0.72262968205203393
0.39650781227283388 0.54700709074100073
0.42816760548702210 0.09041216519022534
0.68496177191654861 0.04571077481976121
0.39285430969238477 0.49687849218716551
0.19981169288163764 0.42735555441133544
0.45716798218687704 0.79510451019788264
0.32125662429253010 0.29899968999465110
0.71092865677968209 0.52922766302981428
0.35795778027093644 0.75281582003871117
0.31379391846078858 0.41409458391875187
0.45620217733667862 0.36356908871054294
0.68922485408651157 0.74304471064507405
0.27556661691370771 0.55514510965124797
0.04402679514926345 0.72782958925097374
0.39202546118363524 0.81687805688094806
0.49714303330382797 0.06444041861755148
0.08699377379359392 0.52822412241599015
0.53143113131889907 0.78554274043849703
0.21703489821599967 0.56646615711943193
0.34552416393303709 0.53185921421530136
0.27753621106560855 0.76333388702669924
0.31650808135904174 0.69101863274684971
0.49433833320478004 0.62518619630914374
0.53832239338228460 0.73549172518361139
0.47488554960154700 0.92484261794707956
0.39532006563863248 0.88853297130127840
0.04633005611330129 0.79679432595762378
0.68125089889400658 0.15372537407980449
0.16564014518244299 0.74267874655191912
0.70022106595667744 0.27228954980907971
0.68177165045863819 0.21170613888483300
0.66341936751032671 0.21858784380842755
0.74157762813385775 0.62949266150060956
0.29124650787701406 0.84020762833361085
0.69890087045762350 0.52368643070826815
0.70298523982214012 0.37653450025173207
0.79922530956674276 0.27655643777332456
0.35838865719535445 0.51200257427158224
0.05509324830203177 0.45661504675427816
0.45814532834603333 0.12485948780520172
0.46506005299140912 0.47312444763321482
0.72642669906093393 0.44645483664176167
0.69203368052215219 0.08817446408584936
0.58390650115747222 0.85018116361721441
0.35267316275903737 0.54473818795569440
0.39394537871989810 0.83653580555817897
0.67664783640173998 0.58508046796970770
0.48999398461003263 0.71865611696857301
0.33060902883844978 0.68270432014823734
0.49136236367020059 0.48551750115700709
0.62802806995807803 0.44123403760970198
0.57249561582319719 0.81785773715212662
0.36652525440550549 0.53892601712343113
0.54561544208704416 0.21054530007134717
0.36500542299611100 0.24968147890219672
0.17015026874677378 0.33765862221686499
0.74434170844515823 0.67418974838038292
0.48878637212770454 0.43964437184983990
0.35872860801215400 0.81794020157541936
0.07502847991625823 0.58501382840061467
0.09013057507398015 0.79704197973387225
0.04227412231870372 0.62173659903100109
0.76807792964031329 0.07525506558015273
0.82128547576041799 0.34257518019062527
0.23885658540288116 0.60772696578752661
0.04566888114037690 0.56021063454458742
0.07611983260658972 0.42634434009196964
0.64987180512975762 0.36243246009876190
0.57772025465622678 0.46560663487928328
0.16736821120991655 0.28976696309978561
0.10599912163227804 0.83332926986965739
0.19850215984853425 0.79483812663154840
0.13095945645481577 0.56934703158526034
0.60120897881816882 0.54578520826417121
0.14578979067537307 0.39440701267265843
0.66172743844219994 0.52763046473772612
0.01835064795412250 0.61072279931993478
0.17900724259824333 0.94866489806676368
0.25442021148044291 0.73844346803928729
0.58880106300907564 0.13031659087652536
0.60676437232489078 0.03442659206948147
0.68537283330948773 0.18070576417046152
0.22670289769087346 0.92105085037486134
0.62585000925832412 0.40592350714452852
0.06591576481410363 0.58796034188548563
0.85224963069265058 0.53345952841630928
0.74987746336239025 0.08669042942565086
0.36727700090074161 0.12946398365719619
0.50327416763677513 0.68452364589195758
0.34725211588063459 0.58468289469749624
0.15774356481668325 0.68215493869829535
0.74934004280144328 0.25381706950059257
0.46101604769301679 0.75035243913397309
0.25340840876849041 0.79250689216809167
0.06221078195686051 0.61405393475266812
0.39298755254708156 0.12993150176756010
0.61429887123694116 0.72027552898188807
0.66325781544373941 0.67102477020052353
0.26014465573467321 0.90905287568006499
0.39456988390375752 0.85727618326540145
0.56599127700412977 0.31520791141800858
0.70263130272588226 0.68870538144338345
0.23322550490270968 0.17588279487652619
0.11685429649884223 0.40343923894691819
0.72678843307937868 0.11896806741436761
0.08389244226511003 0.71897227149268805
0.08192528129429054 0.48158442093066217
0.05689110755468488 0.75063741002158291
0.27297817342549185 0.74622331839719780
0.12154946456969824 0.32913349898659233
0.52458710910178996 0.86283440621470098
0.14793593312382361 0.69074786655204656
0.08205843406568598 0.86615556922283921
0.56378026745351095 0.53257152873702940
0.66111121429053032 0.67652017066031600
0.83960608720038687 0.57232815922889413
0.61740531855879000 0.74617437931511610
0.63182781091782525 0.56822318605693600
0.26861762597498429 0.47493123199594189
0.66327083631802997 0.11023277699185319
0.77231660783965905 0.23883025855552384
0.30935047598766197 0.23638574268564846
0.62661322955027221 0.77494282586621366
0.14166999778137945 0.71056199170441958
0.77266718862498018 0.56963004154561991
0.17414263626946683 0.25079904322441415
0.43598794253633044 0.80855247834999144
0.80490774282285882 0.28739077479520075
0.49307523566747596 0.64559870567296929
0.35200031783647834 0.52968574917921607
0.50415244184111807 0.08999296593453954
0.03609461167145620 0.49597007331790638
0.80820771601248265 0.56220060065217492
0.42307533948097770 0.84875327386654587
0.87403551038595773 0.31528438208088888
0.17765481197208582 0.57732685887900259
0.67107436465057901 0.44245748062439971
0.16005515305989898 0.76860624065483774
0.36703747592652813 0.50014847954066088
0.06520066546438109 0.78674515509325771
0.06681225312095954 0.61130369999844747
0.70487551078731692 0.61195284169238517
0.46143560144748968 0.84137251124825840
0.66429625546002058 0.03095360285963013
0.24279081089771468 0.20021992538248509
0.60568143088666782 0.05337951072863557
0.80334037929471513 0.13267514053145701
0.56145431392413414 0.66144355404836197
0.09628656798042072 0.36151591110358594
0.28337093497042498 0.43196859247710756
0.70206033526839839 0.06699476351273831
0.81649335668558065 0.21972748044551266
0.69849221534764350 0.53619606306971224
0.16862264246631956 0.97291768670039569
0.66928392418151061 0.48240556408477536
0.79262193615344445 0.41177897569567923
0.71471861857689833 0.08022599442789052
0.18368318835993647 0.91031985771992352
0.66682769502967787 0.49386517081072379
0.54332324927751185 0.17580127988456934
0.08511944055852999 0.85736529423723395
0.32814082151921181 0.85926956866641457
0.60943125805729859 0.51805026548606892
0.21860707439032684 0.30247551247617710
0.78091014218522392 0.18780711433396716
0.44684865875932112 0.74627511127140034
0.21853903664854496 0.88366457431370005
0.46300886162566962 0.20073915371085832
0.71194404423423763 0.24078419189419020
0.21151079199809597 0.79704651571677998
0.60524090640263017 0.27712595805240758
0.16621968260845441 0.85113529057168258
0.19079969340084388 0.93555183112465490
0.27269903268786511 0.19259193829143659
0.61088375172783149 0.03804316626119313
0.08763991540666495 0.46119011252977471
0.10028881132930111 0.77374886678528632
0.73156955088127695 0.53406537473235549
0.26732775210726706 0.97532138126815349
0.25480489534652040 0.34839536124613824
0.15267024941669355 0.54991845687366370
0.73587520312986843 0.16810706482566976
0.42447691357585376 0.75006407830970767
0.83435722317634964 0.46690694639882224
0.76368654584018081 0.50151673119314633
0.82417115448851108 0.41225106324809635
0.81223325140925717 0.34345618010096030
0.08421492322685256 0.63837654175648972
0.58956890822478281 0.25263966446875175
0.18116409801821290 0.78136913798516539
0.79881889109287663 0.56920378931739601
0.59089887497915905 0.09846660320665654
0.58756309874357870 0.44670674954896394
0.53890561291308958 0.04731220831930984
0.58115178110101440 0.68438454105805380
0.28694915322337178 0.46536976344927022
0.12316085096847068 0.61664245693028097
0.62824255570635990 0.19080268283446733
0.43710859060822427 0.54914534110790458
0.73406403781158347 0.67213244449512410
0.61906418291330978 0.76815354219321275
0.24092720044353350 0.56573642634624399
0.11236129656537425 0.32510834167656022
0.72724971603022992 0.36357029027311860
0.44272757354390030 0.78626553536221733
0.29649537109886814 0.87402360012955760
0.11405515973281941 0.80025258417919021
0.14863341246411446 0.63413107480766717
0.15550699266572632 0.41512041699224750
0.02420073408203272 0.72238170598455109
0.22272525765382439 0.19598105476061414
0.41299620660338893 0.14984897014737933
0.05633576235859943 0.57160214263731257
0.72100225577411481 0.23051283874183648
0.22878427423906250 0.21552183879670184
0.22176487422895771 0.59345623249083534
0.42136146799126140 0.12298819797171566
0.54856438390104612 0.49000599832149949
0.81393568539965522 0.26718050512971042
0.45467691703428131 0.78223134220460411
0.35937095403364133 0.21080179742266270
0.18867110865917475 0.94093085295111201
0.55028128746500327 0.23157435173146979
0.75885028015597855 0.35209309920179765
0.23511458935795507 0.51668678569916293
0.59927340638279647 0.72823626061105495
0.19325387819059051 0.67943284363415668
0.21658236902497544 0.53391218635701743
0.68779013459431915 0.10907613141908490
0.35475381056753441 0.66233733803630024
0.53092805722464653 0.42709289565775577
0.33416504377392281 0.66796859976507317
0.54742210644908107 0.60142841092168098
0.50930702445349318 0.83666437327291909
0.44450981053850364 0.42766729756076194
0.21042275883254835 0.65050596847203890
0.42768292717064538 0.28057969592776782
0.47979567214388985 0.33502389038812586
0.75730639808496503 0.42762252094232500
0.17211144972926623 0.47100433224459315
0.79481435993128968 0.15207593992271126
0.78090936001006617 0.34624035766544820
0.16619197835003865 0.79612055213209376
0.61602462796556456 0.33024127682356835
0.47929499803250591 0.54631657707074344
0.71826170165444558 0.71071825762488272
0.41675596542998877 0.64855913852289626
0.02757309381846879 0.78752364132266939
0.68040676396331656 0.71112925301047269
0.17552028948410348 0.94290868055855226
0.27137884678738405 0.27261504483680143
0.46773113633247565 0.61014173137037286
0.75164460819439682 0.43039854733173760
0.35764812246900973 0.36761006437186222
0.53089862723514758 0.70236745358576991
0.52515834000934303 0.73483365946157009
0.32475988209259349 0.94382124654884347
0.11297169679560649 0.45081629606095791
0.32980593805992814 0.13020942891051374
0.33063021393089348 0.83307626945648272
0.20465485250346943 0.73926383366786597
0.07248905453891644 0.74649974203888969
0.68648824603636183 0.09584710358129593
0.11230682354704896 0.64849444600893569
0.68089657811845405 0.22312643636419696
0.26006296974311033 0.63651366224478012
0.80068515365634441 0.48777187378383657
0.46252419762320385 0.24673152118734998
0.31729706509331268 0.15701017480175020
0.08047753407078974 0.50073914883932968
0.71817554664568561 0.08626670405353661
0.48992336374003165 0.57003525491621321
0.13046711307271319 0.30866192801471493
0.23213725970700508 0.73745475747176337
0.51565400647828796 0.08459596363620503
0.71085657875067132 0.61814757097304673
0.21437507578092660 0.29694196554233776
0.29698942166464537 0.24260860264952763
0.07826574224407948 0.76531520955314225
0.26934545640800373 0.92477315970164731
0.68304668177108407 0.77049702298823930
0.79708442597207452 0.47895542993137430
0.34204736793620155 0.16954058391138979
0.79374547622698988 0.10927617221858409
0.27704132632039735 0.53533603044975198
0.75120196039020593 0.17479716189553773
0.08468456789866975 0.40333695019446408
0.02169669502416983 0.53607391902908774
0.46813018044102012 0.40842794517647152
0.60177550787569956 0.24420538098102071
0.65317972354823661 0.63016384662055724
0.52804873181544487 0.08390150272796405
0.80559595445720333 0.57905067504115026
0.27534927537979820 0.64849000589717420
0.33587313946250819 0.90252492278323293
0.62873938776538640 0.68854247306719341
0.26915276295618873 0.34713748424387969
0.62182498172028933 0.26279775668952404
0.68439141575501150 0.06475277629281957
0.78389560953610415 0.38109622021880329
0.61210185636890668 0.07965228638966571
0.51663973569514976 0.33089406784407188
0.53386313613505298 0.74700929416355488
0.49032408770563168 0.57765980200475275
0.62876759155546524 0.30354000198626946
0.55714174361600288 0.53018060136369105
0.55588271089818753 0.11982437680571932
0.17013645004403527 0.81974033507226030
0.36761880188868645 0.37832036292995436
0.05342903791699105 0.72223580952298960
0.35197693496877536 0.28794873623332096
0.41231234025931179 0.74467330431708079
0.07806251171041476 0.64154244149809403
0.41574331316186747 0.47279435931647551
0.66720697371456783 0.15572032818373066
0.58475135655303512 0.37263117866887896
0.25089206891375521 0.91863731337480781
0.02561547852254472 0.56840621132829727
0.13359682202089862 0.79749473113023928
0.51248305964757213 0.79276833696303506
0.31940146845960066 0.89762222548277670
0.86073328409443484 0.30731049655298964
0.37277396883677660 0.51973287154133707
0.71357313119469645 0.04687294559451848
0.12753195422449889 0.80882540192795105
0.65359075509131348 0.33727704733172398
0.59437624270292433 0.28532476649258859
0.40512352284529851 0.41256435132082503
0.20589972109997942 0.32573167674821424
0.85084084661691151 0.22655791297882613
0.32273506985000178 0.17025307894872585
0.19907595943108108 0.20555980463278758
0.21849080741224705 0.87207445782277659
0.75062284928418899 0.63908836740214292
0.62137859412851537 0.19067541090134246
0.57154527061863314 0.07966978441034096
0.40608174402142799 0.70444559245533989
0.35098044835419051 0.10554939097937641
0.56563010208712261 0.83205013396249694
0.12136431834219973 0.87362866968313924
0.32648687081032174 0.88102275192540325
0.72162381671819786 0.69284095976050475
0.40820546658763845 0.57154646992236091
0.49239515970039383 0.87538764272742697
0.19646955805671171 0.63126990439429542
0.11589714236125313 0.36096321761734285
0.04995505048701054 0.83579077316698358
0.77351803808000441 0.66101226332607643
0.07711386400201214 0.56235607074951555
0.39806556791192660 0.09788832703632590
0.13139360665888028 0.87570272167287300
0.66502233083354134 0.68825913935059257
0.61358415962561996 0.11668238295075725
0.65615948063453489 0.63692644312680469
0.06141006869288627 0.54810497987302054
0.74931854226639183 0.48129907332829031
0.28238603689915465 0.63106886889160851
0.04360661567350217 0.61642270470273663
0.54171866447298167 0.26214344051049326
0.08697233244882867 0.87553383219832803
0.25951718079896352 0.16876777502930562
0.41557790388799332 0.57820895209995460
0.41333332060892314 0.16502894380502856
0.08929688067591360 0.54250466219226390
0.45952314054205662 0.66984752612244713
0.44964288790582679 0.73407441614423241
0.39615448254315272 0.58728242187653856
0.25005140792750347 0.50901416879007111
0.03841095796083401 0.56790131752138939
0.78723825597331198 0.34425044686408418
0.18849571017509809 0.59795209790005299
0.82313770879701276 0.16865810473397971
0.37169689937105577 0.91917866875926757
0.46036620652397631 0.05133241008888103
0.74811691174887618 0.21273533663659364
0.67627914192088845 0.06827468541351091
0.80860702375196247 0.23823044647555056
0.37664032385960955 0.87823346257498813
0.36113288193550758 0.90239184066676026
0.28091140559528477 0.18896002705252132
0.64157232326741687 0.63616047023281852
0.61422442061545734 0.15796039825683081
0.06976899938610649 0.43683483568966774
0.05562615962007894 0.47772667989575490
0.01995832385246192 0.58669849864319434
0.09933529318344880 0.37799045329056075
0.17816534560104103 0.45808580241800106
0.42612441978427673 0.50509426786620681
0.54462423197795273 0.31835775329672922
0.36317329871455845 0.27774811569603375
0.60642446173461440 0.84772854480568982
0.63306696414042696 0.01537710539321653
0.17625252993609358 0.95561795893212143
0.81572447063832021 0.10833813806479457
0.23309823052874101 0.93065491712160220
0.05777607691649074 0.71999427476240641
0.74806544560600585 0.40486108640796270
0.58412549215933085 0.05212056115639892
0.06037160856183788 0.44347330220828651
0.13361300109649599 0.85987574328296246
0.61587035690895264 0.24473844003075707
0.36784118497483026 0.19981352020607801
0.83859220241410692 0.34466848744847806
0.82388718042738840 0.33768988985415316
0.70289316208888353 0.73402202180404130
0.20667529882144317 0.81165752495979959
0.63184791043951694 0.65461222696270893
0.76977306301693171 0.51615144912784783
0.38216914191176193 0.23889412208064958
0.37315832405995275 0.66182713527834780
0.05879759532014640 0.83056088610585943
0.63093783969399841 0.77090598222464590
0.35063034776331836 0.52270841935380119
0.55336118449700689 0.50103171405160030
0.48333838375884880 0.18393492840384373
0.55515383738784640 0.75825391819578414
0.47713312939183794 0.42338266876373049
0.68139283464315625 0.72987991154272625
0.56443314547433787 0.76623633305351180
0.61354688190511486 0.05539962057272213
0.19162663593962020 0.74500198126896733
0.27354279576805440 0.93011217744417063
0.14142219192366079 0.76408001264033898
0.80995210137610840 0.17980408286243529
0.49109741387727984 0.59766769625392036
0.56033869776680045 0.45693018065639240
0.26064742669086394 0.94372203314634240
0.73960429607013545 0.11033865537942156
0.23934130898015046 0.20599160298001032
0.84229034195899455 0.28286004228749528
0.12457608293165512 0.81385494183038176
0.70398174166335736 0.50252394273466139
0.19096564731881338 0.33968151463947510
0.61077359318449242 0.53866408219909934
0.53640128937029996 0.61438740324093655
0.77031584389632168 0.27850981290266952
0.38504915038584092 0.88164756620768969
0.62539085358063728 0.55371918503297957
0.52834628001331729 0.75528772145831868
0.73085950693702106 0.30917472034776622
0.69738728485747303 0.12956971209619894
0.14621217508408604 0.88687613050271175
0.81697652375417407 0.17206488596803188
0.39292823031112228 0.36038086646856865
0.08419530379537513 0.38193087488336924
0.20655598385435131 0.46683376964787221
0.84045342986016991 0.33870957364610588
0.82940333451997050 0.21107937187051135
0.49082531124675888 0.88204746379148458
0.53072431593535552 0.11743413003595991
0.35134411059579018 0.95064918452611846
0.63737431421331625 0.43020826697219433
0.28584866247860874 0.30574719270908507
0.55822438732865243 0.04313453016978815
0.64648147273443857 0.60861990399428922
0.12270447603323704 0.69372290337887432
0.27672003275475654 0.70581521808836933
0.16027303698489709 0.89972606923955467
0.12235264175929081 0.28360753126159938
0.54596392499284374 0.22547384496113626
0.11761092077037250 0.31523500660796194
0.16109620095871482 0.56062824740721673
0.29186345628706795 0.92728598914946436
0.50321389907959146 0.54234136681206335
0.16689531989607537 0.86308709656957672
0.55635932281594724 0.85240811777968795
0.50076016715281912 0.19988367280209371
0.54396247581213930 0.19659684056534202
0.21759008062324017 0.22210355096245699
0.44952532137880019 0.15460933472983759
0.05283854683769905 0.75914863857412207
0.58393176679980152 0.07014158259672557
0.56447596932885880 0.17840185669777561
0.38515904002332885 0.25821057433168493
0.48634655871833521 0.86645360714731079
0.62516886878982514 0.80507203328546861
0.11753046649919560 0.93483968586774846
0.45393560740171096 0.62389860690774956
0.68131703697129853 0.03529946897800790
0.46725645970168073 0.39422435216056040
0.52961384570941283 0.44257095271570618
0.12222866311282919 0.38859891676106884
0.82033157149415159 0.52523376932771382
0.06675172158024859 0.55298211389837715
0.74300880752268794 0.23301583597648542
0.80413847460777355 0.47074044894697370
0.52148923347267884 0.46386453089064678
0.71967591542253873 0.56021293884701207
0.41294500541537926 0.87721420100137792
0.40758781533100930 0.61330755055386899
0.63856036803463700 0.23175745761712280
0.79140664710406994 0.18579949972809864
0.26831353812549891 0.33311697470983065
0.12476874240445948 0.75519321829355868
0.11777132401045498 0.29086576564201960
0.14807242925528036 0.77623845123534507
0.66752669297963696 0.72205327519086870
0.32500250237867340 0.13386780237211704
0.13346283725353872 0.89422598212842708
0.09420089645912597 0.90837966909729628
0.22424032641161309 0.84071285115722738
0.16536909763977056 0.86861190920995968
0.24009447432590908 0.42491986180986202
0.36319192381204168 0.64336111368766813
0.80771549001469534 0.42330984258118204
0.15931223466161046 0.36435264395266603
0.25199661588248995 0.29987915192995546
0.85023400217356193 0.44869946967704527
0.22133203206935873 0.17973707333770256
0.80114102639021478 0.32323299479119860
0.36841099216396239 0.18085015628018566
0.77449437375251340 0.58440058122328586
0.02960350085923020 0.55457026510729968
0.72851160756730216 0.62246969547303554
0.36455854170839636 0.76654377593788925
0.13251381245199012 0.84344455582104172
0.06386068475605770 0.69651283285685395
0.76062981233582572 0.45356474212794196
0.12826241543658179 0.42851247492729466
0.47189459275679246 0.40134288999080220
0.19406176658573723 0.71307381502207967
0.37755587309451477 0.95725458506714622
0.41938273181496166 0.86082223746883046
0.29822440139206563 0.61327869019789183
0.10955843189246446 0.70736245191709046
0.48300359894427108 0.90600003485065805
0.26767986323461990 0.37579833556299658
0.56509493618398876 0.71149480561309553
0.45422191766908365 0.65081508501127705
0.13749826728627185 0.32046392343346097
0.77926685541797269 0.50401265055741851
0.32569640034522979 0.57926110222292682
0.26927946054599378 0.98778852746022583
0.55118198213175651 0.09129135497772028
0.10979700021030911 0.76606702398744875
0.75155956034048366 0.44223932599774468
0.14337172893202876 0.83467377623006833
0.64028410878186615 0.50800235467832888
0.24557667553175758 0.76302821737372373
0.46459417599955050 0.81472652539301127
0.37801702126802161 0.50067755552473481
0.57116282623034142 0.61623317727805205
0.74886381184594497 0.34511084952334592
0.68808992238850075 0.36039645325000230
0.53138420359806426 0.80954543303012838
0.12155728116539821 0.84325357905529885
0.46830591405843380 0.58817080981424463
0.18869326525777536 0.27250307909374311
0.64778917578612871 0.21682933923159073
0.12760539169903284 0.68987005661820455
0.85651268188703700 0.23150619959089155
0.12754142262543799 0.69859262579345760
0.14929106022228267 0.83550661913871227
0.70247152585364037 0.38320375487945008
0.65168057099920251 0.14048486172990418
0.76939489171193465 0.11228298207648571
0.75962847634707653 0.32082080108349298
0.26373044006867713 0.43977373626071953
0.37769998774516594 0.43277014405147579
0.15996917769989247 0.64812182609160218
0.42865880884127971 0.30109674671953923
0.59621950982543481 0.47326187104888212
0.35072831790795456 0.59568244292776040
0.21909378469439431 0.37579161943443767
0.56945181568122305 0.07490642401858860
0.30996594151412038 0.29025693852771367
0.64876389847859395 0.58601730848316935
0.51414183460053153 0.74535597110383434
0.54628488447972090 0.09101736177538311
0.73194732400270113 0.15530509519794056
0.13815660816577002 0.39218047461515015
0.66270021512097910 0.61227472892319712
0.16533078794687864 0.88974887905855959
0.64687868221973832 0.08611252740041524
0.15388391044805502 0.27032029385119100
0.49155525065250733 0.21010659808347390
0.11410291721001720 0.47133906112717183
0.51840363417556123 0.04353642409841775
0.69161099128686199 0.71489225167661341
0.54254147626267846 0.07592426669686843
0.83273037340119982 0.28001870173882187
0.72168086834415923 0.34862479796650425
0.36375492600846654 0.38494780703108844
0.27512470084909696 0.18019818405869734
0.56633384078664351 0.07858873765980449
0.68382139670501318 0.70154154856907569
0.72584689018127646 0.64702846560986949
0.14636674910197439 0.69729485242783240
0.73793195944033596 0.36361111798335732
0.06929829130442380 0.54312334510615312
0.04530561458693608 0.68015126031729467
0.79763876584656812 0.28630572785984859
0.86886621062202363 0.32308706812657212
0.79776751619230224 0.12977668223654454
0.41745129573494433 0.29103629517565821
0.46835673431272229 0.59614552796778864
0.24215252456795927 0.94991920700351440
0.03320616094735387 0.78029476848392798
0.10345640013376767 0.62462495746870383
0.64673052160780420 0.04320462685101969
0.68208936116995633 0.35710521228049802
0.84309620749862668 0.55831566061439186
0.59511887599655799 0.79693566705540453
0.39486578140826695 0.08815628914695921
0.77600525581815383 0.13056527697851344
0.44515523591954226 0.33359628942092667
0.11734765253314970 0.65919735843178995
0.15704120796362309 0.42119137685576119
0.39824754443728655 0.14332080373875200
0.59314070148119169 0.81858245786158557
0.51955964524226139 0.26834353691261531
0.42524927817314562 0.63378841395956564
0.27818756507497483 0.83327987173501694
0.56680740043110611 0.44315501368051430
0.76879937450732028 0.19838749494585053
0.17424498416438175 0.75905927441143617
0.50146931555108776 0.80804165286359575
0.49549305280098621 0.81146074867681028
0.59819231040866094 0.62056589152101682
0.29630708209985385 0.98063004431988410
0.71754565246375435 0.63498895136524125
0.22608430413587544 0.62152830762944244
0.39806736139637955 0.23961701657622217
0.39720449189915846 0.32297092260864119
0.09991791502200482 0.47991543123538971
0.23727907749898230 0.90508724855939116
0.18866839353229267 0.64872673367229805
0.45225240389033855 0.18908684940029949
0.45747222969707457 0.90698356727042762
0.75011864079689727 0.05933047365448574
0.61866700749658143 0.15271956043571308
0.02666145338028112 0.75638970627309932
0.07806044521496278 0.38004441693255592
0.76708874335463573 0.63541075781096767
0.38340380255349149 0.26828327306000216
0.75983900295820528 0.66413851630588505
0.33829061463851084 0.87905992086995866
0.27714151812101651 0.16229199474474862
0.10073115470155299 0.34553578132057561
0.46190406072132884 0.78212160975414979
0.72322578923362080 0.39870145352459918
0.54182234176355604 0.49228583166451256
0.19504552260205582 0.78103770868318245
0.71581507716824921 0.38130234631686594
0.85742595584836545 0.20445564429562837
0.17984315939739048 0.70420565357258524
0.06069244430979125 0.80446484535403606
0.15104499315967324 0.41123910967504756
0.38202925625384826 0.15825738944219114
0.69387524880841245 0.58421558901346671
0.22649188120188504 0.36088067428765491
0.28571983687094638 0.40367845863129226
0.58531770155185436 0.11085177480952323
0.18662198546795658 0.37278633106845505
0.49646210230941623 0.68737924910921189
0.43599309758799804 0.57796085922735119
0.20404851623526318 0.85889087929925134
0.36448495835557954 0.51609462958417940
0.13551437979105166 0.77230039903318881
0.54525837568089741 0.60837538638859601
0.41978664047496100 0.72339483549423234
0.70703769093030944 0.22442735813340597
0.70322254686439145 0.71795664682329052
0.76914267948815518 0.65605137601521879
0.70459551028212175 0.37020729534293878
0.47361359372296008 0.58410118429104341
0.17965978309514988 0.77478333001049571
0.55913434856066024 0.90231608145845266
0.58855116986961364 0.47297864498022435
0.24688484241981093 0.71184408488548168
0.60737224364548170 0.08200499502474536
0.02984971474863780 0.50951432364899985
0.25153443164888684 0.28130132615475734
0.34710897062342061 0.66113147469720679
0.12777481161581697 0.78107570753135691
0.70960835353953000 0.35460612546682135
0.23584605977068199 0.49339376455460165
0.42122256396318752 0.21300786756739692
0.73241859680222521 0.17359195558233873
0.81418224865928523 0.23732036922608660
0.53063807824702847 0.65218658263302898
0.09480746228390102 0.54225531989106968
0.12547850878172995 0.34305409927860592
0.61369873024172217 0.32193212648026381
0.77556729064806795 0.60956102633250298
0.16807971767739976 0.60027101536227301
0.70011834347912705 0.16873125509345496
0.06239917723629159 0.44858379819591537
0.28483184297762038 0.56214317496907218
0.59275520193911657 0.40404785547859767
0.12508901250628635 0.36027143894828523
0.71540614219429299 0.51633372712589987
0.77487254426613761 0.29631925647329355
0.70255001821304297 0.34328563660298861
0.79617307787583980 0.42040862921480510
0.28391389369699427 0.21035251063872643
0.03452192057297934 0.53745615361658283
0.29851242440140729 0.46356577661489956
0.25924624059821133 0.76475782697817329
0.82853955461161866 0.37065517810844595
0.02806620373665542 0.63204162415164555
0.71520288664299803 0.44847848953927094
0.09877673400362090 0.76874989527987558
0.48923190136131967 0.66189490974787546
0.65704086072227896 0.57548624056130371
0.07955886596586584 0.38590293932119057
0.58927170355424929 0.01071720679096489
0.32705551434921964 0.74478977205860109
0.43875537933903547 0.82865186801183410
0.29748342709370484 0.18127181590367450
0.10828404325660607 0.47194479950491841
0.16368101920051134 0.94034443147833369
0.12271602638640050 0.59939054921094570
0.60033982456817847 0.61397148800468204
0.26933325113476053 0.34025399138130419
0.11294562475476856 0.42954725121389004
0.75295549967500286 0.71115556895544918
0.07255151149683250 0.66096817234453209
0.09494439551689264 0.31290337709689664
0.50191329034870602 0.88036843266368447
0.32320873494624419 0.90710249338048865
0.32407493873780546 0.93211855777314767
0.25664125612518462 0.94763812518224566
0.78442507405221396 0.16471642177832541
0.56041802734926127 0.60818494067096251
0.57956773751030677 0.15862541925545751
0.77536888770262924 0.54927918337109205
0.69391793028698490 0.70612415880206725
0.30213736879442082 0.46949230451756990
0.70786399142410883 0.65298622212669732
0.61581290344977746 0.59892116608223323
0.26960215720292396 0.84880405807094428
0.06897052763420797 0.89030534635819913
0.71000067101267506 0.55441824492179481
0.57365756975622573 0.82346605936780415
0.60865930479484631 0.81243966177376847
0.26167353866472787 0.16375989268116106
0.30167635705671836 0.57781678599623698
0.67994739728083320 0.16720574108161729
0.62556668996714393 0.83556695719518181
0.31697600380568786 0.73458558889147474
0.12874309883864166 0.53792168208841795
0.07799407347981430 0.49613788424149902
0.67000188090929025 0.04418547578396193
0.09960166818874966 0.32602225660354206
0.09445675097524392 0.79832563562408410
0.16610655442513139 0.30769388339613024
0.76197238555779223 0.09962536180478421
0.75708141010396302 0.52874365785989996
0.24403452777686410 0.22334197685984861
0.43265332016446639 0.06920034554709309
0.20042693121434083 0.47146614751375271
0.56607458433336322 0.86775718566347448
0.78262712199772644 0.62884093261790719
0.07752082172294933 0.53950162128044288
0.74900216220490234 0.19297504926787765
0.46067492100050839 0.17792112953928252
0.39492868822744631 0.12494987371321523
0.38497603016303161 0.11424016734952656
0.41850064649517621 0.11831435421327510
0.08370741378702493 0.66457637383625634
0.51210683833864434 0.52636733379959710
0.58080224769295330 0.61112253590014598
0.67776728260322794 0.76767173061928051
0.28026868089401696 0.72790872971865517
0.33000240052438423 0.57317504116283713
0.37865980555063827 0.10725074537326472
0.45917585848929349 0.70851818607852046
0.28878110956792485 0.59554166996887448
0.72953350481954182 0.39553926195221656
0.41494210765026668 0.83988203640473857
0.26839668532762301 0.89075289826495418
0.81758089565298253 0.47415820162002742
0.11009520731619138 0.72279822411478223
0.57597897153757671 0.58334392307090899
0.79909927621147980 0.42738285132457232
0.82053601510574270 0.54784255883101696
0.14245904676004584 0.28333731565759424
0.05558633415346748 0.60302720970148493
0.16452525160923490 0.27215613482591178
0.36063409097074939 0.41024475824250900
0.07129556912037645 0.65175665447563591
0.55930839881577465 0.39918596014584157
0.71091190589973319 0.01770216983564934
0.31129307597208056 0.53029855818451122
0.16569114953627334 0.76409343325694024
0.70375980655591941 0.31039020603871953
0.73577789058367138 0.53909159857289524
0.55798228499018165 0.80902605978354891
0.18992798093448460 0.28901859922332296
0.67894761141364524 0.13482013955072292
0.28383403235571492 0.24065279658506700
0.46776643133131851 0.07544861735693431
0.38379477410002860 0.90042216654876106
0.45445853758819627 0.07957523246913056
0.11192008054010641 0.49964912447978627
0.07088642291255333 0.71711344520338971
0.73666156328749210 0.30506953184243474
0.23005214660797804 0.57295615404194111
0.13145033773722770 0.51274076560751780
0.19831560186011887 0.24558004067960537
0.31677235504323192 0.18344757079762736
0.24112606513259555 0.21037872589824805
0.26612540794542777 0.17738012660389177
0.66974212306644965 0.50030698630283299
0.22983140184077766 0.77649059677207521
0.17982225376475244 0.66302459172299189
0.51264189211324152 0.29686185791647418
0.68130160973762532 0.43113503214604582
0.18168329516608778 0.63745858028745273
0.50563819327817117 0.52854013408913914
0.42468921257658615 0.19192770641080886
0.33084541452476340 0.83970085286470664
0.73078608141624046 0.42841410525009604
0.39662264768795374 0.71306351361473952
0.30093473646614560 0.15024712438137330
0.66357724963094833 0.32549674417208835
0.76329430249160768 0.40290552920957173
0.16286073606230453 0.30402634598739914
0.53353541967831941 0.07278901581852223
0.81804704681633267 0.45582730957846768
0.58961658308558862 0.02064278841781175
0.61655566253319283 0.66623112112201266
0.67772833945302413 0.12317531321943886
0.49813734142873156 0.50332234997463510
0.40716672943829180 0.47265239621070521
0.53239345606812183 0.05586522079021013
0.66497977432160671 0.46916162296301483
0.26408451875031541 0.75149124787320587
0.24796223875686568 0.58785592554433641
0.66698749020371584 0.45502636452437190
0.63667776773895990 0.61717283071508944
0.16914859707687932 0.89338754707423373
0.45316296135374690 0.39138026717720409
0.34258151562533190 0.98115855857032552
0.85024512171389499 0.34533231008161558
0.79233565348223500 0.61629641357762044
0.53900748379827612 0.81923544861945763
0.31539681124611474 0.66858496009810653
0.38827412280726786 0.58871414165413993
0.08912204525110758 0.75762569897839649
0.23626772067641016 0.32087801531636012
0.84022196927342740 0.27015322211850723
0.25159198124961352 0.38189805807205346
0.60521453106594802 0.13957665530179086
0.17137469172688907 0.44904511458497121
0.46580826312125728 0.17363858934965892
0.05556111740490690 0.84818265885069821
0.75791949142344872 0.15157405298113585
0.45321816799684955 0.80737102931630811
0.19116307358686571 0.95833743408465755
0.58587165381309370 0.31850398973757138
0.10874654094853121 0.78795053876927335
0.78429478527596430 0.32615070686023928
0.17576501605729480 0.39699538846134730
0.76105158288371855 0.62188174890778558
0.68652749186619200 0.17060414731515638
0.19902352518359290 0.21707353781142646
0.33012710353042718 0.13500095253754307
0.71485838858716111 0.57198767785242977
0.70253343628761677 0.11899182628588353
0.69859282803754053 0.73761941235896611
0.35210510029904668 0.13827377952639436
0.74403402276381614 0.62443198221535268
0.73991423113702959 0.20220432349578552
0.66790166534599160 0.06964350918453541
0.43051595270598553 0.14582895121173908
0.74406032501501451 0.06068402945597078
0.36709624685919351 0.48342090563944079
0.08473596213152527 0.43864708004892050
0.47756797457486688 0.43123965939562636
0.31057857598890093 0.83329984494984388
0.60434962987233032 0.36642772768438198
0.69800479113736902 0.68574437564469592
0.07569712977099345 0.42092250207414494
0.14146227244696316 0.68903992747773279
0.31847233773788636 0.48758823366739373
0.29901475772953984 0.49299482933777256
0.11317469067099926 0.40639269427345642
0.47196934715133959 0.37182883049703008
0.12809323192037139 0.90599856102906207
0.24322948119335447 0.23486624811122400
0.70303950830514539 0.47054476888002844
0.51564284841243480 0.51515743406986281
0.38586615661612139 0.12750414222975295
0.67883074461166382 0.79223123218989289
0.10864712095461215 0.38226079447516931
0.14257775500487879 0.44423753726729764
0.07836180075785351 0.39688382036988507
0.09369848970543457 0.59541230009994683
0.31107593473694078 0.57453826139151165
0.10511312068594987 0.60668525403044093
0.12492897791321710 0.51260468608953769
0.77711481031962393 0.17532002124353968
0.06285484213620025 0.58436444520991127
0.83747843055357662 0.36098631901548578
0.77379661249142850 0.08697150493362657
0.77323326533072634 0.55423885675357643
0.68584342258324693 0.66341340606528520
0.17107374244575169 0.91817386154131853
0.43022002043398655 0.53638340608175206
0.48399450832893587 0.25482294188146659
0.83929925549491635 0.45668623270033976
0.81335994037105086 0.35598028970067686
0.71949792405015545 0.06296332487657733
0.20190391889078960 0.21156278371739598
0.62956558246128280 0.78567503743150358
0.54986026018842904 0.11486256920071565
0.24811481009882289 0.50157522099700602
0.73243255835466126 0.08295596849088820
0.29841769650882194 0.31966093478092761
0.29752959111904975 0.91155321729098482
0.41942060178709356 0.46656611627880756
0.35278424438501288 0.79078364290790049
0.04050508570513618 0.67927266428399746
0.46450261820029859 0.43048426822009273
0.14207582356918577 0.55344244516356078
0.10028768980307187 0.57743005266205805
0.44242578322669840 0.52990638380920740
0.70312738277675524 0.38989008798429281
0.53988406313148662 0.80195694899415415
0.21536970494269192 0.51362334533634324
0.15789756342072339 0.31881732253176337
0.18831711675736149 0.19240782368166837
0.64042411371564834 0.05984191185234455
0.72580013367690588 0.62721807656427142
0.52775913529610519 0.50723088652283610
0.59214530136318133 0.29216692199208738
0.27288754441948299 0.76940760118822216
0.38198338861142267 0.62171694597026084
0.32743589961602187 0.09077292036518986
0.49945950327587041 0.27603656905392920
0.79229859521774337 0.40504503590102708
0.38548537098252772 0.08303393187980260
0.33495857920757360 0.21340646616856049
0.47491780760184460 0.74950399208537810
0.42923747833435605 0.77049182981429953
0.59918413412953109 0.80372845885814725
0.44424672050370784 0.83949795930348392
0.71967473715929031 0.51148095844933117
0.84582388464822744 0.39793037157752575
0.45997437965834753 0.88562409369913064
0.76690437894239027 0.53359321899103263
0.67051962426524148 0.72738224128046747
0.07915140912966029 0.81634090174588758
0.45932056876932637 0.80983733379969181
0.47084253825841405 0.36399580788521269
0.21977813249762193 0.76729098928143225
0.09373405110365308 0.45488940736734779
0.67622241070219402 0.35305343321087757
0.44071575017709436 0.77173378512661872
0.65753658510636204 0.17820828296236646
0.20599148723427113 0.24006067201588741
0.17727768615455558 0.30131469214334883
0.06672520526059270 0.47254601748930919
0.65013618024197339 0.03949646464958013
0.52173963576321059 0.84391730074157245
0.29293373048840038 0.77531928390338400
0.51246515068348097 0.84168080862177896
0.66410883708466062 0.80000671335312157
0.66724709575050689 0.09323853869122416
0.24836129815486777 0.36416191137876663
0.39949107621738605 0.35797231484749270
0.75048613465976732 0.50548082079876211
0.21467293998718073 0.26987964914482515
0.14269582323292768 0.36525627153611345
0.16141631750009214 0.29465530492754505
0.29115768339030890 0.83331542815355197
0.15177887776364271 0.45116649673215992
0.05252234147121745 0.68923090851579494
0.34809471077477000 0.42781227919610898
0.09439635712274694 0.49665407741192880
0.54212718049791941 0.10519559185453582
0.23644442324655665 0.47663966640649730
0.46449780848905392 0.05578570083870182
0.13616860224018970 0.47903379731967866
0.86383643226711182 0.28027793689629804
0.66991506548349500 0.21689514722811359
0.50964390697593009 0.45476008862507405
0.12588367499269593 0.83290360320977264
0.52472350130257273 0.06160642560957965
0.21670436438547705 0.16400861721281607
0.51175528248474589 0.60358280177856016
0.79205680328376482 0.56491073588317453
0.70111568848344952 0.62505938070155298
0.78213925309117938 0.59081181756353707
0.67213231755548741 0.29983481419496871
0.65597540642217222 0.15168471046427995
0.64463222187913649 0.45219953492088616
0.35910295611959597 0.67854825248263106
0.53074000146618527 0.52890265146689042
0.12207701781536318 0.54974708265469574
0.20374577201133051 0.89772300792389503
0.18029740758009186 0.90553237371190132
0.38000163371081619 0.11563617196047139
0.63048298898874111 0.33038940074627865
0.11869985313557614 0.40788101519205322
0.31247991350251192 0.43505443443043540
0.78955286413716796 0.51561857754678431
0.48282259490110851 0.30553107243121952
0.34607706264918697 0.79178993694476141
0.28543750638779886 0.19762398489415775
0.11806572899332801 0.39059468684611470
0.05928876734219648 0.64817458296447394
0.62580017803860655 0.70220132394199952
0.69356253103255128 0.46067233653449829
0.73844518552279204 0.27680840825200803
0.66663240426645376 0.13813840039422390
0.53693856763952352 0.37821532937586511
0.73804705655030978 0.07138655616490991
0.12679948167248678 0.43429313469748243
0.07089508816080763 0.47636496722366140
0.09012721279821208 0.45124253629561589
0.40749565965841195 0.44094658602233811
0.47060946742363219 0.44317599597861501
0.21006210687971449 0.26294980669824308
0.69411523146535314 0.03397986216029337
0.64983137695758875 0.05396410021283547
0.35057066856129232 0.36477148347782939
0.17826668080574601 0.92655273139240757
0.25348226223437414 0.24837615072368796
0.80863001032365500 0.21534432609842533
0.48641707712707066 0.71217036585462690
0.14353139906945436 0.68267760150413936
0.58124668834034987 0.07392435788285764
0.75257955566429535 0.35792183287625101
0.39367249708464652 0.07362391399513216
0.21255551165533643 0.23199480728961985
0.38854513986865430 0.60784997191793533
0.60400785441108351 0.63835052718890695
0.31939936100674421 0.80392575699704116
0.61470092831468059 0.48945981325953108
0.41442310839471858 0.86476714988330194
0.44505991653523519 0.47903417815659094
0.07866611277984419 0.45028797237915297
0.08459880001475320 0.45767865718354439
0.06016770740970295 0.57548617075448216
0.45547385458920531 0.56690644586532013
0.76202073181567809 0.12446691178876772
0.53363354238809380 0.67258895604516022
0.63053345130142413 0.14606331548647236
0.25425182751816966 0.21890609352958590
0.77226087372529140 0.33682638478997717
0.09500106791238312 0.64274338616514204
0.59763259027921400 0.78306057468204848
0.73352958251082001 0.20000944405511342
0.30056987514846606 0.13529624053586692
0.19319837544780080 0.53595952385745538
0.53455376928995957 0.86587977957181850
0.72793076907588283 0.10858626931205811
0.27490783701630361 0.19693934144373390
0.48867480114316209 0.05875788749721881
0.81057837554957268 0.39006250701860157
0.81441117216135372 0.30872051533386402
0.71411155092345147 0.36007773267197452
0.15753366987398851 0.38784943132232835
0.25742461876387074 0.54940936694705822
0.81327820831400754 0.32014329886534720
0.13008662856917064 0.36049777868063709
0.47044504696644296 0.46856850817433093
0.66495533244860916 0.72670006629173001
0.49279090557197269 0.73969650387330799
0.39345050517749902 0.43883516071105860
0.20564756113649710 0.48231820167044381
0.38713863956527717 0.47136809674603725
0.62451120060355259 0.62538160011061139
0.19846974984460530 0.78719193252378528
0.11327902631892152 0.57355524888542075
0.44329325262640046 0.57751406320671916
0.52966576701821788 0.01675276249432674
0.46234954398390449 0.91053737143004831
0.27700387979734153 0.91834847724417279
0.84014360097655261 0.35015361330649064
0.40688331405384798 0.92248321491664720
0.76245820245472840 0.59217243452521917
0.19601444009272909 0.39496550553591470
0.10599540469497538 0.32745562048542226
0.67873825601431181 0.81212434156961488
0.72932009800901243 0.16176709471867504
0.08840550758263310 0.86704542720310374
0.37616911364373451 0.61481938081685261
0.33192049703882309 0.12121385769220279
0.23004521689973745 0.78325361302274032
0.08143198361760727 0.63195236306076263
0.68899629302646148 0.67874187947660169
0.37133072587386412 0.47074236424334759
0.28381782537464273 0.71586697291690482
0.07906485141381006 0.53199900965762692
0.57356660065653742 0.39416540039535497
0.55481595394528116 0.37062092194702856
0.51815279270901049 0.12506439947742673
0.40139579559206473 0.57513667825050574
0.64862775926226568 0.29075046534812415
0.33944556577212504 0.79348607446033304
0.50240991256515521 0.43461681568112814
0.57380710671088397 0.20734479357279928
0.06281737014277256 0.86731897252458490
0.17136044869215949 0.86921027440928589
0.59514482260621238 0.13304375009754357
0.82946288892722164 0.17017087436694198
0.73192448124392251 0.35913942719785913
0.10325181063346910 0.53419750122730281
0.45216409746206598 0.07456294212423879
0.06925629691785082 0.73770433898490217
0.40352011939265964 0.73231582969777220
0.37649698965858008 0.14314253269953914
0.39184906562103256 0.82405259391233499
0.85600816529352741 0.36494617205697272
0.54149463965829148 0.87304224041917133
0.68085207393795844 0.27587307558144164
0.40643035617504586 0.18280661701400283
0.28132489139176114 0.87579321695973211
0.32715609001348261 0.67122202779802109
0.65368495645612013 0.41647351702082036
0.76364961234190898 0.37242429302414098
0.06734046590149415 0.74762625769584734
0.06322352611067271 0.66098333897129280
0.39129846310782107 0.60105506612614557
0.21057236319437611 0.63512793557363501
0.03980492113963998 0.82895918628721177
0.51026075713124008 0.90022922520797000
0.07637081590519251 0.87886077179382238
0.14439272984666512 0.36084213978225177
0.67097525218982590 0.19230739341798947
0.32976579318299787 0.93442302668490673
0.21622147537747224 0.68047413410622626
0.34405277215109470 0.84573215670428437
0.02830994027457731 0.65804937327720503
0.57276116047802561 0.06208062673968204
0.39800571771990034 0.82679634609267083
0.77036398234881476 0.55885183430127428
0.14767470798999013 0.48437961936176110
0.45397658222684645 0.18020713802451879
0.45275894858171056 0.78917524514548376
0.64977465104893006 0.09584909633165123
0.49768794370160502 0.83987303238883315
0.34932412901381998 0.64962077239964744
0.09518521824851196 0.82552726044322311
0.05148779553969932 0.48720702585175035
0.24170863872093779 0.26266553865841141
0.16415541620072632 0.91064166018277659
0.73355191303285872 0.64824652784305248
0.09367614676933748 0.55794794592150310
0.28006367058704479 0.36846791909152465
0.32954705745512913 0.56578745791761265
0.45288113435686927 0.82161018957978382
0.19278425271864011 0.36073477105933222
0.15576861215646828 0.70852964174295430
0.10408536783875078 0.48276135673009046
0.45929852824330020 0.76321352128254183
0.41976538772619315 0.23821301688300381
0.84880600643193649 0.21953583011317035
0.21668424623846178 0.90716187425584771
0.19064503489145743 0.26340664254790291
0.01361963368297534 0.75438102912096261
0.28654632126882296 0.77268681705736630
0.52417192188907913 0.16963641010501468
0.57734172809243767 0.48626012229111493
0.74662532355683342 0.54414477963402730
0.59925611038889626 0.48700470805097429
0.84788166861053305 0.30515889773524935
0.77869589222825786 0.16543649459248388
0.25844048921593699 0.46670902000878522
0.05434673101234976 0.66266347188025632
0.13154709164253489 0.43947076959317022
0.67885321760238881 0.50804523360229348
0.67673072448284877 0.54289510690985776
0.50054963929631724 0.55011362656644325
0.16358929472318526 0.32989936664559161
0.25512673713591394 0.34165463826372405
0.17413671037504749 0.64309353991130780
0.80629889263787946 0.21019738352501893
0.59119059248260708 0.77237248098823685
0.22888724068919039 0.44945868737749395
0.85121954711954562 0.45675077302630707
0.50379271006909654 0.16636330972392369
0.05686703049023812 0.63935384306781684
0.40697938602950029 0.35502424923682957
0.08404667450038492 0.49078693253250438
0.61930794498997110 0.75295557975723626
0.73768203657559095 0.44574832013666144
0.55477071989910853 0.08631959681897688
0.81212589373860133 0.24356443355190294
0.33485865578839397 0.43038942331528024
0.29727935107440712 0.76164430325831178
0.13087330455314655 0.38551753586704779
0.13519544985191262 0.32456461416132804
0.18768550503094736 0.30149780484472394
0.46650433732683488 0.70802903023508357
0.62023105635363440 0.80256448755754417
0.70966518716514426 0.47511794827641202
0.57270746860006083 0.04390809879783689
0.61812925144044728 0.22397271654007930
0.48692878989023275 0.23460585809272877
0.12893265092723594 0.83779665196302644
0.43019322199486532 0.31936838955477642
0.06043699923511382 0.70499886408939039
0.73466065912701783 0.72094900551808205
0.32417734906313284 0.92634527510440801
0.13856186134599000 0.55907509638836306
0.75903219303249259 0.37718794762285734
0.47174553779979111 0.11643574385382811
0.22951720050442606 0.91157544028141357
0.72765699894280911 0.72476482404351028
0.20650775024839740 0.91326629753275290
0.07947602945915820 0.40257335166746522
0.49224516428012233 0.09495166461090755
0.47490844518613379 0.91125431418919556
0.35101785069814539 0.09975581738046994
0.60403490721527131 0.53240694641057007
0.06949272357164467 0.67814707125264695
0.35751067176705348 0.09044039450339977
0.66959757869163317 0.67071506516357293
0.15714641378346372 0.28107219552498103
0.34277221422917881 0.62781076928777035
0.62706961862377897 0.63336210541254756
0.11310323163589220 0.85470538849172062
0.72938979117278535 0.25398145683173640
0.22338511948133197 0.34272947628680350
0.08974702294400462 0.46958869000332182
0.68164946355725242 0.11178846407566644
0.74815653102193680 0.55939396280603515
0.84674785349004433 0.35680578544005309
0.53898733415600120 0.22399862251133390
0.52162429795942455 0.80761538630540142
0.07585312851974725 0.82602780434469503
0.77487548839629605 0.41905394006739893
0.70997870672696495 0.30034534822027104
0.31280489657941002 0.96115454784691023
0.09665856654633104 0.88119899470067975
0.80970142794046240 0.63711305234230764
0.66483817527402567 0.54880571778444576
0.58642925302962101 0.43162486486229873
0.32355080646862794 0.76188148650583132
0.15593201419349970 0.68942282796175580
0.45315455370805358 0.20710737642615859
0.36688919715326518 0.90539131598051170
0.20240817666478234 0.84649667170235654
0.65432204566307195 0.25179931146837992
0.76218861723624065 0.68886491890323265
0.46737875773241067 0.89966973577768239
0.27360057692751127 0.88004241139865491
0.28034479367208509 0.46162499744251856
0.60220908481921276 0.44538213098079188
0.71421659992337727 0.71440574249496358
0.78822499488607101 0.27107757620028905
0.72096246203411241 0.11887741949485449
0.73080572824641876 0.56320432900457085
0.31860352807408165 0.81069970643974942
0.31835549322744211 0.10347701383455660
0.46257538427369155 0.23831380888758336
0.61884985866251430 0.65111218103135171
0.36073606632279392 0.30024641614059328
0.78848595935538035 0.14192554620801817
0.27983958419865157 0.32753333728358797
0.35947765048401892 0.55870819243638115
0.05066267832648185 0.55927702823347580
0.50635118818446856 0.05302357957105795
0.37697060292437834 0.55590579816740349
0.40207627051311268 0.75162469041051250
0.54693423148876974 0.05171159178820391
0.39805616005337013 0.81972432237722892
0.53636025253000474 0.09015150338946608
0.25149308495064876 0.93551425820850931
0.65900064489802113 0.56889323369354161
0.07489600534232220 0.85562524194236544
0.59843114549174858 0.81946166725362768
0.05838575393648843 0.58523723264545668
0.23035349753801693 0.26668206160160890
0.33461167912995216 0.23746335415193684
0.30618285238082588 0.30412231678156137
0.48751507890641427 0.07479573431828869
0.10232776085706444 0.39856527618827120
0.74335669665324144 0.33272264860288575
0.09496775373576857 0.50201204039996794
0.57057426363937880 0.83351106795549068
0.04063390638923783 0.59820951275141654
0.64670261812306928 0.20368231570099121
0.44974925204424243 0.14190874067544507
0.18067732258190417 0.30550976210985031
0.57580630423683687 0.25933618925444352
0.43498625646381367 0.54202535847828315
0.07426763852459232 0.57161967724898233
0.30726437769524567 0.15894906956393270
0.08361153070018554 0.83747163669794034
0.42655103069704925 0.18559552526015374
0.17632747139534855 0.29304672804459281
0.41402984725223652 0.24296297706578004
0.33497785515785850 0.14074574131832623
0.71231580187178611 0.69082778803152167
0.08687467552792269 0.80554316481631005
0.25261826269829268 0.80758863787885193
0.64362773818775321 0.79364556514903639
0.52246402434192663 0.75962467230702391
0.12884927468613430 0.72641795636545980
0.79882082595321025 0.59333405896481040
0.22594748891988692 0.69882538638720682
0.41426870137777116 0.13709913310749433
0.53095652678724481 0.84482672654945401
0.65175482019093545 0.08069895665883918
0.09434745091464122 0.70759629037211924
0.74944957864102424 0.03335907147038411
0.14444855191387868 0.53154923673908006
0.44689703960365951 0.87540344588539765
0.20783782831900657 0.92123003359905964
0.53264790121144479 0.29253506790269357
0.30933803728495279 0.29734830101985649
0.78743291212838129 0.46330364307736477
0.74897833927660507 0.73104171188465161
0.41680194303656060 0.10921470467417688
0.29321203628776910 0.46879205297257354
0.61456855772814012 0.00850902286783268
0.18179600625309400 0.36866037227749698
0.77015787576139061 0.67440857333546511
0.36084475482699241 0.33921849499330337
0.46713979019005830 0.86640174324337194
0.52124191263295860 0.36246766527279123
0.29344929683443027 0.48874452583674333
0.11788119041797677 0.51162293824950877
0.28119279308067752 0.79060879667664752
0.36851655480621304 0.92840526272130774
0.23855005746104044 0.46995784642401800
0.47962691382587891 0.88526635284650212
0.72521952229884157 0.31272592559267759
0.25149896967482677 0.47857469615445797
0.47966322449516713 0.20682205092283140
0.26196211961156957 0.65079822419614031
0.41063202280824546 0.84559082040672406
0.44429713364197282 0.92776721023900233
0.79250750172158357 0.52610655878392520
0.43473295881954899 0.89584242895733490
0.27810014020986240 0.22023339638662912
0.73808499447085962 0.50593113458123851
0.25672153051742125 0.51533354000496168
0.53006993259283297 0.87270475556144755
0.47795707946457650 0.39791035541388425
0.17325744465776693 0.71618612155073957
0.07707725960939404 0.37382464457072179
0.46495394893604081 0.40134412255166357
0.66569079794780595 0.22519298450433411
0.80319895007600839 0.45824869845261712
0.42633146810168970 0.43210289119024220
0.23490113600440585 0.41926034599195561
0.55602873392006213 0.11338602870869674
0.06498512885538175 0.38324707365766264
0.38736362168166527 0.53379239619924834
0.16222059633543759 0.38357215741753536
0.70603622781374509 0.33667608748926064
0.13135764071935457 0.32874892331030281
0.53088533548356298 0.12359977610356261
0.38059843978970581 0.59031476093852830
0.22129048232528037 0.91049379619201010
0.14208638817584818 0.48149473245668906
0.43604816445765066 0.70035004982005322
0.29154492824820111 0.10923718428508510
0.60426232126632073 0.80489746943655027
0.78611067097676535 0.35948307626708392
0.52525500306228423 0.72141421053237909
0.19842594923896786 0.87018986136007392
0.50771477729332937 0.04097489195505839
0.33459265916949765 0.39703112607936070
0.04571980110602174 0.73906203618388000
0.52827320328514160 0.79092653126902157
0.64775834703024571 0.42718327281714380
0.20664407798760018 0.37708330896502124
0.08270569251083076 0.69636612253997709
0.13410143481701531 0.87109627648702725
0.08106638657832381 0.62584820180708389
0.33909624621594403 0.14236072150846590
0.36411551109880858 0.86428829926364981
0.38578340291349861 0.10889650157316642
0.38714269072370250 0.65643672471932102
0.87660383986548562 0.41488665280162912
0.39965859423438366 0.96440077937220769
0.09434382716913087 0.78309737982669581
0.65408449621344000 0.27179767918257336
0.19172556441806685 0.62602458051138521
0.30093617020389773 0.75589826265647730
0.34869364147055143 0.22086350600083038
0.17850762390539407 0.47281239918889367
0.12945192528175953 0.79265527403256231
0.05220015784819865 0.65382221587714306
0.26563580636011797 0.41206222312915192
0.37527353422917498 0.32692298211513937
0.43793005992447609 0.32196799563795514
0.73330160672527211 0.09576513178754431
0.32410236816870192 0.70178386878339705
0.26858192830934868 0.18177307032943330
0.51242990904247443 0.04540779801928228
0.23977990737870325 0.23155148287098917
0.41873302391557704 0.26695436321058058
0.40320738168063508 0.81305061313369720
0.43100397433880200 0.15246939907817952
0.43561890694514133 0.33501382342263636
0.49818135372556327 0.18244069456947615
0.08381489398865585 0.43375042332515823
0.42674988688134458 0.31214093160638023
0.13947850215069191 0.73192423583166311
0.38939390758612497 0.87746610952317050
0.25338746003696211 0.20490648104011072
0.41267028928909377 0.72397684367731208
0.59942748294714587 0.15457048179951821
0.37915577578435905 0.50831714478983503
0.52097564428678189 0.74656474695053754
0.08118012334964350 0.53642462855819883
0.31804035656976903 0.15197793166311210
0.08304635455656167 0.59960779053937552
0.73467342930289392 0.07555682245498618
0.15505459178203299 0.63067313684162951
0.15087648540551313 0.80540695222737901
0.52818626851772743 0.03746213026448179
0.05099897022834533 0.50148685524589898
0.20176823680826242 0.40837657154307061
0.40792768828126902 0.11104411096548916
0.68461737980834148 0.67538848799453322
0.42800840793261807 0.22473056471939068
0.33940634403005782 0.50159060271404643
0.42177715761273776 0.20566506158897566
0.56747388449550140 0.60926807395529492
0.74722053470603023 0.38224668169632947
0.54703931107886761 0.02259296940909301
0.27796488957852306 0.52158643201595478
0.61772806071267827 0.53747117084119334
0.84130604887694604 0.32299359146850193
0.77222208636118195 0.25817890182511888
0.77004049049850110 0.24530587439623669
0.31076388440788910 0.81967193272725503
0.78223012122960722 0.10297395257830527
0.75034861266323505 0.51858054453468816
0.21321804715857540 0.18075836323389230
0.21787421976013258 0.81551616413811279
0.34783424746114489 0.61882496590983582
0.20135288551453742 0.86470110941758260
0.09500798035116761 0.57154423619715944
0.13969656153878254 0.88643366693545411
0.04543235655109777 0.51573872375901419
0.10048604156430922 0.80675898580825545
0.57254669387995061 0.75666758464405071
0.29126470008658784 0.53135075382313679
0.34028249607094069 0.14707147862974682
0.22817064549734134 0.23263425184408237
0.81971159247101411 0.21470690405728834
0.55323870704538902 0.77208043934705750
0.76989690700107549 0.39276315997739547
0.48958439817364374 0.13957469233684008
0.70761481608750942 0.68921776558875225
0.30820147841146134 0.26960609395791924
0.16233111418904531 0.96306033071460739
0.63039029380306988 0.07629126190835754
0.34391554990189771 0.75732318074950011
0.24080930198435899 0.93910844071994870
0.10591741009623323 0.45557373261910977
0.51754706444188969 0.24622281348060726
0.57872312865576336 0.76832148004796352
0.18976456767289485 0.23643780369555190
0.11987077200637081 0.57491886767796752
0.74600883004049889 0.49977589971921815
0.18538277013253715 0.57729343704704983
0.76458649870575701 0.41173474581166469
0.24924807592710452 0.65449630414663640
0.73070885969248367 0.29543815801079132
0.10950162650147076 0.53503507554754526
0.72616515062669407 0.56739867920232689
0.66564894733573932 0.06034661306732299
0.14472396150092623 0.32820237949392361
0.45888101718591007 0.65616286876879226
0.70972161477818563 0.30709561662649137
0.11124611346766668 0.86733562405692166
0.47868361583012747 0.73833879094405974
0.56603153248614690 0.14397444468995252
0.28130046736031400 0.59621975232422819
0.61503718144127084 0.17671556307598715
0.64246032053699287 0.62857384274041905
0.58647632421402940 0.09275234428547706
0.29725061512403678 0.15944968830636153
0.72035039135327117 0.13658445331539706
0.14257321851291035 0.26626911322194924
0.05679473726886333 0.76231482038058462
0.44473696216647646 0.40245990054191505
0.04335647869142630 0.75983186547106185
0.56064036261390282 0.76100821997697132
0.81117311681535220 0.22052171264893927
0.41917810584824444 0.52678659399545691
0.82383235698696655 0.29958867466505013
0.36502739861649902 0.32019824616465892
0.45328743059577059 0.69073954546124205
0.22618856128569975 0.90017332260185334
0.45781054764795354 0.40066052394571200
0.64278403607920653 0.08262162288770340
0.46558559432790503 0.26265085375392566
0.82151065677590829 0.25978794708882708
0.24329525273079908 0.88646270219526224
0.72315240842229656 0.08482762854183312
0.76908326812058236 0.58349371867099431
0.49390131706993556 0.30306463921246313
0.71160063183989630 0.63522745180964268
0.16114420723176143 0.63376695429873131
0.77788692172720464 0.20651386043476008
0.61466344880369150 0.80363242493637210
0.57375268368382049 0.27421299177258834
0.18249439038807824 0.22437234249368293
0.11905327456892098 0.54375188730255486
0.10401330763464338 0.37921048141439540
0.75738603243284408 0.17805421546738928
0.23039356911364425 0.48096387886033631
0.41835483970617798 0.38046061989577046
0.04655696301566506 0.60659975654616960
0.27000388866315705 0.71023841163661172
0.56796594446440329 0.77136079423451820
0.19260796751335141 0.37480788194276971
0.45161099209335875 0.11069885760185660
0.74645799809760949 0.59414747805005264
0.61781857959278630 0.42209546186581837
0.68385553231957730 0.72149555801215248
0.73758124666723135 0.65683547017639654
0.50690406964433898 0.11437799928362380
0.05405927271399641 0.50580930723424100
0.19403284030943371 0.32924384248494326
0.53369218825867659 0.31695060677161818
0.55896141691222567 0.36136907949509206
0.54563469247613550 0.43013895870446905
0.65765136593573292 0.38247416067586476
0.31357072457290963 0.15361799867858256
0.23166449034875217 0.21119295377153943
0.35940911870204234 0.66763011134975869
0.08756319104003381 0.81533672887919140
0.30712158017839736 0.46393580045554145
0.46313108899295641 0.51319325294670992
0.26911751778053206 0.23527706972821086
0.75601566549074051 0.30154216811358564
0.56159089256942540 0.36867655421716833
0.57225415817872749 0.03339669508863307
0.34566047914325071 0.51002372842763843
0.09933744049827094 0.51182017168879979
0.73879827036849655 0.29219182843269037
0.30682884207747330 0.75065614095761402
0.41203254109246384 0.93304131527430867
0.17594259533636802 0.81432049127743422
0.06674070257242035 0.71501435910055444
0.66964775612131777 0.10930611300766921
0.59404293056576141 0.80808690090429847
0.20481228323234260 0.65492097785006353
0.41566856159505827 0.42252248170568601
0.22772499857069389 0.65378722574571801
0.30282296032435163 0.24527737227981480
0.19018755861399692 0.29731806988684034
0.31922420491672815 0.37574750547876157
0.77594349980333888 0.55971230058114840
0.62080008154739130 0.04108192892759078
0.10993768169031111 0.49340662091496240
0.08090617953623390 0.62005491554130532
0.12473487852355643 0.86994504334523470
0.63699994897076639 0.16039733928253067
0.78696860687391279 0.38643440387402755
0.62714307535724556 0.76061652116208200
0.46091525988809329 0.09880758932157209
0.79385155158568743 0.46723080721209087
0.76315902360517962 0.42477729112516632
0.14335473518923597 0.90291501252132278
0.14179558205635748 0.29988874665862786
0.33340685480974391 0.62002886311368333
0.23828013917252597 0.19654771364247836
0.08241745094756055 0.89715760157553093
0.39852772052764457 0.79775825988462645
0.11821702249704438 0.62135687192116085
0.69181145350462492 0.36596247977879809
0.74643848185593320 0.09126485838921530
0.65615554259151676 0.73587654246005374
0.42905018074419726 0.51647937469093352
0.40011762879185858 0.39811136189400620
0.81366272612751578 0.53526123616018451
0.22134235863211724 0.55386806317414172
0.07813189892504006 0.80181504998312536
0.14482470332983505 0.27213625739185365
0.07919396638694705 0.43036028219952605
0.16022274818644552 0.48997546753237492
0.48983824271936460 0.60721023131746521
0.29868560140087841 0.51299955364928729
0.18333106829622947 0.78764491349005783
0.70320786531235180 0.08890543046764547
0.53579526399021615 0.23558894956624687
0.59611705104256363 0.24864976760652993
0.61081618373156554 0.36269764712917196
0.43798690639519305 0.90044734834703144
0.01746296250926816 0.63975889449150525
0.12017880401280268 0.45044165039559925
0.50300498830950124 0.10486867734485303
0.54340649882543623 0.02882718575110400
0.34142344060889279 0.85346880380027856
0.26187541484905308 0.28917092114730902
0.65155034594681749 0.31009073555269906
0.14771072759518913 0.85124910850360846
0.28577156224659661 0.16537197087394565
0.05582449335114485 0.81922392650889320
0.43846110431945629 0.93042099710636417
0.44433567363759380 0.55116836020222182
0.25940834717857963 0.85785228971531324
0.75356484044502048 0.10515536102016693
0.64474146684457712 0.64188860769465073
0.41726103620056981 0.75110463405908645
0.71388905816355164 0.67989789690064206
0.34567846632177973 0.10146982022907484
0.44642435794492713 0.75978343025448181
0.27006317765952564 0.86539231075953815
0.16968868277140003 0.57818686247565443
0.35224431684260143 0.78345763733484131
0.22509633831099846 0.81333491125372837
0.42032806185580424 0.68738285059059478
0.13480525013021968 0.62303873674776411
0.55200673825688407 0.07744050797941791
0.48163802196365468 0.51935101150426877
0.38425129545154885 0.57552976544466350
0.54562840995492579 0.28139990567169071
0.31579275701583776 0.50879015131366478
0.22105449945687955 0.21895716058069586
0.63447533884392682 0.81382546450340287
0.07953723421402289 0.46569627194151630
0.08518540847581273 0.52347041757827040
0.12930891861839167 0.44519016830614877
0.51069091770571373 0.40254035336026789
0.18367067323998354 0.68932140280583498
0.45012629908962487 0.88040576273949323
0.79024205242107648 0.31745656209473877
0.54622151433237709 0.27386925503511517
0.40474387298023207 0.77829667149345316
0.46689213660685025 0.22382246335640646
0.10995396595626770 0.85850239147879537
0.60846834639979441 0.07652807375734640
0.41434668391820334 0.30417743114356399
0.50253721315054778 0.65106928380689333
0.22723770699081253 0.95870898315258524
0.80609360799828933 0.11197948636910469
0.36997155605712240 0.39169401022539579
0.69411028400874797 0.76276636872134240
0.79707613189982851 0.19400407547371290
0.57691189382653940 0.77978082636505075
0.75966466923216902 0.26197885210242650
0.73070131691105722 0.63001712496306483
0.81727705177842402 0.49726161384314876
0.76580867099301386 0.24088885661882894
0.31658161113136563 0.53507153643684147
0.57857718832645455 0.63129790157742305
0.40988065398155610 0.44787533255593120
0.54339327348103494 0.30490844730755540
0.59234273779656543 0.07349406505092218
0.02914638750900352 0.81545857524864174
0.47252617977180328 0.76247250582749926
0.15235957188440352 0.38499685214923213
0.42945232341872230 0.87583353188617863
0.71340442523327319 0.66940496779307546
0.57384131890547230 0.10516476061859550
0.32535928607803005 0.31603463879783206
0.00452799119229433 0.71445690369819381
0.12387588585535796 0.56842710688240083
0.76064929445091156 0.46614704931179934
0.13613777685091558 0.53859882128364478
0.81049565223534381 0.28523527530564213
0.11764857384554202 0.67913814644032733
0.20402457848649025 0.58801464742004339
0.34961002862216256 0.20218724387107331
0.53806845955823834 0.07577510944999025
0.25849510098931378 0.67049063076571613
0.87343136312276359 0.22044094174072887
0.30295065781976560 0.18935977061336870
0.14028494982156844 0.59463351231419004
0.29016645185166562 0.19651338908805371
0.23839898838269835 0.86998514753407674
0.20678771796010276 0.70432076062565563
0.47853752410569417 0.09278211486012120
0.41878064591848346 0.14061002555251276
0.64036517156268391 0.29179930932735559
0.38436472923579890 0.70667860657171910
0.14988995183950782 0.88283547284328445
0.46966823360524146 0.70132867429977297
0.65469311069336744 0.43008871077248551
0.30460718599831549 0.11941588032721344
0.33830348412981848 0.81468320642566450
0.29708580768103116 0.74126933712785925
0.21781559023154085 0.46559367288679182
0.26696094711921919 0.63135616282131568
0.08800938991897186 0.61041151818078676
0.61466491992592931 0.46387445180324033
0.45512093446842911 0.46808078125164398
0.38803279499374982 0.83903482231662774
0.69652337852124035 0.09036590797787926
0.69113996583011295 0.34628503097070629
0.44902620432550117 0.41756669302875316
0.03550961187458927 0.55237025449097099
0.17739226699229649 0.51366825620906809
0.47069898335793153 0.88911319301453562
0.53103599400707868 0.19262475519998171
0.32219794284322406 0.18113954640491997
0.17083567179269785 0.27699188551502429
0.78818874632816849 0.57007754310518999
0.45197375910293724 0.55232245999412166
0.76706318884984137 0.14544336116767340
0.18686871841489613 0.67540026683777010
0.30219097660827687 0.54185831425087183
0.58361194445134412 0.82021836677704252
0.67046408972832583 0.29240964187767943
0.23504825184717471 0.77218246499378951
0.11355579027661823 0.36546042428394104
0.27470201716637055 0.21612518136457920
0.41929880151819598 0.91112815353695586
0.27385907834256318 0.96992263318484562
0.44519438409463502 0.29084447972503508
0.55596087336978883 0.48738111056904343
0.38039934896343514 0.44274469986180304
0.26702238192353078 0.16410981410410327
0.52957126988695669 0.31115624796536351
0.84176042504706816 0.25337550476116721
0.78521847815022161 0.13356985217507875
0.51109406281882708 0.86601520520604824
0.10522950938383996 0.52845952674389995
0.74372114575125203 0.13231333715761953
0.40382511904377277 0.62019263665097513
0.15767597645010548 0.43527744653514400
0.39330028601985734 0.41728998787193794
0.21280115208342770 0.47051953482975184
0.06949396877982748 0.75950920555211976
0.73338151058230006 0.65394728150011883
0.56188547423532820 0.11823078015545385
0.24465343349844773 0.72545013653255275
0.07426728041776322 0.49309502684361262
0.07100925817325281 0.41044018949989569
0.68719692758916717 0.59999170647419986
0.39642333852721723 0.65657759588115761
0.07550907484768642 0.78448997420961308
0.03956933660753393 0.72441896678521711
0.54409023541585833 0.84644408817196892
0.41219305305598902 0.52904353294515782
0.23305951784196122 0.20187644534077459
0.65867725315976311 0.75825552894603043
0.36127969182854086 0.65198767317924367
0.72077176008947552 0.27150769490450377
0.42189738922716585 0.17193849020177349
0.22965394966531505 0.20648541520898989
0.06967205324915332 0.83442156327893335
0.65643166502598838 0.08779292863080933
0.25487803399514042 0.90582292351627203
0.68081923046593285 0.26833442044328415
0.74250384152920612 0.04012282658212776
0.79018741537506065 0.29809744487590312
0.52453155979186650 0.53331364002141635
0.11739273756159556 0.56152492759939032
0.80258088322745558 0.15990870968622181
0.22829524011435295 0.41732560312583972
0.19230411495730446 0.57571250204820046
0.76104191438179791 0.21658828223103882
0.24787997936218342 0.22683490728629829
0.17343929662475363 0.40634541192853335
0.59707105720396958 0.11386017456717604
0.50362019295233784 0.40154064394996253
0.69550624130403293 0.15548399021358064
0.57690716021309030 0.75206940923467425
0.14619119648659187 0.90730791059886640
0.44422939586335719 0.06694828593127505
0.79189257926745371 0.50100099538978926
0.37888771053783898 0.81290085267244638
0.80274984468985255 0.23942311395448904
0.02564440078867647 0.70307976429371044
0.28523037737045925 0.45679036974233572
0.26326477383353669 0.18123225880971958
0.64943032396628420 0.06712334127209821
0.80872241133725209 0.41287686272612079
0.41440053155362760 0.08116782752506109
0.73118595558534749 0.46062267854094158
0.56671535178862031 0.47166151287192276
0.30845755365223076 0.47246328022499889
0.13241781466606298 0.29073401792620596
0.25783791047297411 0.72009368841710697
0.76512343172446273 0.62961815342511218
0.41035211134630856 0.07266973148553545
0.11242956726581335 0.87216404280537241
0.47245723435081760 0.61579199581721200
0.38986722471827712 0.37452224663182160
0.53748169212521879 0.44205215080104371
0.58426708582131837 0.19734553423778162
0.05568071619593495 0.78643088445539600
0.57062766381785668 0.53433890244856974
0.44197722825113472 0.36830750968572268
0.55931510210156765 0.31295793372195801
0.08085984968050454 0.88361005916700275
0.20293456788702710 0.60158040446271255
0.21092024899107659 0.34589726428267842
0.05482948783089116 0.38678825817516688
0.66509083486868703 0.68231613138480973
0.42642868028217579 0.90306102238041031
0.20363115070954221 0.91792064272341611
0.10644483554594984 0.84229906783346020
0.70306190528196078 0.51883355075382420
0.53334551198472058 0.07729701318916905
0.30662652527218465 0.28302474334210564
0.71504639850853102 0.38918414637178872
0.17045515042112525 0.54243342374778059
0.42293855654007040 0.25364152456480171
0.07846387948891068 0.66609795699378072
0.61568869042420593 0.44210688651799240
0.70960170676688339 0.64695797248903275
0.14682612491786864 0.75542006268961326
0.34679322583039007 0.45137307691769862
0.45821288655902265 0.47464488227151647
0.53913261303568472 0.14387204066323295
0.58762252095447665 0.17755832744333441
0.41205591135628711 0.79970484993075830
0.44708122898010100 0.79206727102839580
0.28245457889185716 0.91565370430530968
0.35277189453537511 0.40695446596047807
0.76096941893141734 0.57736468055645207
0.19065092077633791 0.38730919346430448
0.67166623370804079 0.55258400176036448
0.30310655459297087 0.89317560064712920
0.28849385510332409 0.62415281567915415
0.23605533909630458 0.22031030647918515
0.65153353856997509 0.35553398302577810
0.13821624099847610 0.36363748276220065
0.49435717015975056 0.83185913100414344
0.35077545062395638 0.32023774219310785
0.17546114658344658 0.30567954920364043
0.28498312509924489 0.81650150873152061
0.60892037438871849 0.86597504133044623
0.47495508855263174 0.05182874072839828
0.19102621511846130 0.31791358695793531
0.58711543270253896 0.41738812639753070
0.25838483740741114 0.96302847072035680
0.35428347369022190 0.16056432625478054
0.28000804140030500 0.14095905436210640
0.50999295558444468 0.57020475047915919
0.76418752301790838 0.13379203150428773
0.50997431575969610 0.07252172006615748
0.81027757137282896 0.42917096373039915
0.49796919588467575 0.89724392872086467
0.19785442838158410 0.49488820322589722
0.47785061359978087 0.47186890209346810
0.65793853078573239 0.27907681707718252
0.79642076811577245 0.13557063607068853
0.20653399390679703 0.33339483505258921
0.46126025529361575 0.13011246110833896
0.48099440794086412 0.86440052043503590
0.14331224289745509 0.88305869890656929
0.24000200697739293 0.74198793528016649
0.64876940870880206 0.52962763544648594
0.65623606369744569 0.49784438463779307
0.28269945935702873 0.35546805582535135
0.67868095502826509 0.69943500195413810
0.62902005719901244 0.04461306714358194
0.12055564636757767 0.91652614967327872
0.76352058580608351 0.15044747368148936
0.07020512617114916 0.58617139727537904
0.09654814575119268 0.35000416526482014
0.32689738641888250 0.25648502829589298
0.59280240672478635 0.39691465891618866
0.19178651402253424 0.40052092885402146
0.64882002724958188 0.52276429799498336
0.64715073720617577 0.08064281197931508
0.72614448768667805 0.24343496772220691
0.43754943589178502 0.42816700383425460
0.23475826385117118 0.85786872862864261
0.34434061781017034 0.51770655463085546
0.10514751650074791 0.38984111901823487
0.63352101942628214 0.34457421670459520
0.83407583134198593 0.39931209061081935
0.26521392925894871 0.26923369625357718
0.61514483381265828 0.39365762851120945
0.25844398118817330 0.70166638670725834
0.51673404235098863 0.85129621668830158
0.24523772806546956 0.74706890289393457
0.39156621595900221 0.40860677541352503
0.80250725995826677 0.56409857056489576
0.28279133033629772 0.27265362593924036
0.77103237709975836 0.08135260476601008
0.12108207328441548 0.66620015763965890
0.47626323743470028 0.25221779659359966
0.55715213860654156 0.29907638050462304
0.63465222974675051 0.19278042006741883
0.42678121799023216 0.07155231789876668
0.80358140364553776 0.34250547478720039
0.61204674901877298 0.76642540754041233
0.04914595863456269 0.52638231870550067
0.73803051883996107 0.43913088260844013
0.85496479547347670 0.32071805081004218
0.34573432539223370 0.17873653206325812
0.63609179188548959 0.06729769534654778
0.33518195464833811 0.15963178737539971
0.14169484232063456 0.50022864383738108
0.59712224031947525 0.27895701459808930
0.49572867296687023 0.75323956376825307
0.54598816715966736 0.35871735658862125
0.59447830037909577 0.61082808581041659
0.58945172179932181 0.82211947446786493
0.66849778854385700 0.07420403546029908
0.14267303447908242 0.91818566473567609
0.31817326307942589 0.90363942024378185
0.21669132781120523 0.67203923523658449
0.59907626777305700 0.80900503268049617
0.21876958671020899 0.60149443896484012
0.49731206175068177 0.40645934772454151
0.07101522222257699 0.67220001918862859
0.50542768515223147 0.73746379242965410
0.05479186464904529 0.49178305798592858
0.19728144769407618 0.90861297445676736
0.54264096287640518 0.04268014458910938
0.11427710540818037 0.39402183336476809
0.12985439599273912 0.50667517033123732
0.40181945463261504 0.83936565128868001
0.38126547799859623 0.06255278883630153
0.57265206622163101 0.71236550676907595
0.21165835489222515 0.88209604834289623
0.19462657365908317 0.90323479169352194
0.31334714205298531 0.91384960825555595
0.29271399821034888 0.18241592684056765
0.06500869998877314 0.80167897826706813
0.40081490571665251 0.55326301065647354
0.11818388130053756 0.85488896502252276
0.57064900653226003 0.58939429384882736
0.10092634348904383 0.57149109157996369
0.71974704680396440 0.04854432047509490
0.27728282803204740 0.68929009518473150
0.17103039392975355 0.85785723786265078
0.62231119934774515 0.77851108731924223
0.29030110179080076 0.69648083392027071
0.23725970442850366 0.38326124165862074
0.09214295246182970 0.76201171541813395
0.46214065431718565 0.37915767234491721
0.81626371577703782 0.23136847211372227
0.13074075328267495 0.38053194312298888
0.40205432266932506 0.58373212614130021
0.56957477641918997 0.62282412313882740
0.44406511136760130 0.75277552037164819
0.32717417698984858 0.95081314947693674
0.71413505327101823 0.73930009043540190
0.08614769197004754 0.61581974138454032
0.27819219529266337 0.81262114512334394
0.17062112732422618 0.93745837154131317
0.40180658017859172 0.51108668248958145
0.12470301163317121 0.67826273801079062
0.64964726700532749 0.07148957889035236
0.56351064776616822 0.69470055215701909
0.15009407776528755 0.27422092364268563
0.59781662044519601 0.05705506349692156
0.66621801958266724 0.08836233532732737
0.26831499037290918 0.17305326335444060
0.67083473973412899 0.12502672480423993
0.31081362636637067 0.50059096149936522
0.69307279850621573 0.07991577967888369
0.73951427330377661 0.42583725725799465
0.60486771168364273 0.67107753555272487
0.39300030144239700 0.18618094468394411
0.36066592476673576 0.76056574339220773
0.62300077075207516 0.67723195319625817
0.55404132464086486 0.66577420488042061
0.73798957093394735 0.15358044100344165
0.17064372523301091 0.36814926487209421
0.72860078711074472 0.61666621184140313
0.49507271124516450 0.18871809319877589
0.69440997139368754 0.07265188952896805
0.58902086130392717 0.60527811000693288
0.36747419478712068 0.15325945801932561
0.07257771713481100 0.59902562414964478
0.48511574645394290 0.31403811002103077
0.02357427046043815 0.61540961900577462
0.54110682260774123 0.08909172782509156
0.24210875430171158 0.57995432859056029
0.36982653060557708 0.94046489610198758
0.33043122871779890 0.13965115623142460
0.19799014381401095 0.89789369441595546
0.38705263556111258 0.14648446992863917
0.60181961395535255 0.11007640024271841
0.64217204811172790 0.65982670774958463
0.25431983983823431 0.16781042476458360
0.32182753717540635 0.15606801496808070
0.27475560822100698 0.79436138694098457
0.68928645804993205 0.15747828750107812
0.14852844956827721 0.73291345020847432
0.22642911596020648 0.63686938530180248
0.19977265078606943 0.31414441438547436
0.13762100496503565 0.34799900061564720
0.35660319135662571 0.15568753917659214
0.21305125931366967 0.52812166728765420
0.34727708193806034 0.49494459594264212
0.52851494259996856 0.82391779870488868
0.45907085954020654 0.50585999588427799
0.62660269818755776 0.22125923623330865
0.34621576610507510 0.80444152840421046
0.45062977384762704 0.61722324842227383
0.45342959327616056 0.91123567575985764
0.40727790483931908 0.89065722840679296
0.23800040007093731 0.20149528685417528
0.46349551548102225 0.07747127751367243
0.12434024264802564 0.35206180134069837
0.76287567222496167 0.27439518836943266
0.46155191802605733 0.84853051293406578
0.12799269679397887 0.74826030216525508
0.06322728849976711 0.52811001185705275
0.45827537981225691 0.10270750990379506
0.23835930293033744 0.25768945941394772
0.52455298476963486 0.05213670128241551
0.15400240861148973 0.52903099783613139
0.22686097408103165 0.80472894666577877
0.41858197172321776 0.77770924698654409
0.12178974638000907 0.76255286070532879
0.13591820571234092 0.30957100736586657
0.36744927882519479 0.23726135200824169
0.84533648753836788 0.46837502785408347
0.28981745819176158 0.35521542184219623
0.28433679989219435 0.37393816792707762
0.26820660894019299 0.88442323439816017
0.60762937265926598 0.29197854820955210
0.74097404225068220 0.12714352628341036
0.51147059545840745 0.82953177610230788
0.05989881077267700 0.66699570598079883
0.59410995789680832 0.07929530843422010
0.81665310706650296 0.27241732453017031
0.07461441764157149 0.81667862852224893
0.50957630240041685 0.70337444140330851
0.51078909924242000 0.85479021750118422
0.78443467170046077 0.36528326869281785
0.72954525526890013 0.03108868892788780
0.33102244593594077 0.51114755169656501
0.05469538193285223 0.43434835494719215
0.64111543173532570 0.59683932403281614
0.14478743478537640 0.34238802801616325
0.19604870670595476 0.23097335633252281
0.39394628088275541 0.40165181605220274
0.30842016314734594 0.58121289232097129
0.45504632719882826 0.30928263616333834
0.45172194119678999 0.65801565234001436
0.68979448616740968 0.14392727722488544
0.64268469744333734 0.24415438569319631
0.03649799694885448 0.73438439288642776
0.84436650577014283 0.29991192428495211
0.58816659452816178 0.64838337834014814
0.70576173043656831 0.23768732174181872
0.83755532144908496 0.38337026716252021
0.76011590386328076 0.31376202454105195
0.48386176774678002 0.57462941866055417
0.84333927540931508 0.38619488586279438
0.87549462120514643 0.44489755724767155
0.63685703060443755 0.79464525322486013
0.48737272339022070 0.05334638841142544
0.45073306979457223 0.16093993848509106
0.08961958881536024 0.48342763618485485
0.24260329629015814 0.33910174041726376
0.81700734983174017 0.58481724689723347
0.47957040121675865 0.26748936180547755
0.19483934611902462 0.24989048686021498
0.44123077104903724 0.76442814510545276
0.69170210434257495 0.53488060401065429
0.17751489749491622 0.62274386416917882
0.15815890951307757 0.33073992591184109
0.32579988045327263 0.29388241443968577
0.50641273268199083 0.08124765326080544
0.33322761990282357 0.86321527069636872
0.66455157710982737 0.12691247817971144
0.48488827613380775 0.21215235111625513
0.45557787164834590 0.22764693882749495
0.70375412557860062 0.07120751037890104
0.06500047517662927 0.75650250117935458
0.27605891969242274 0.86101090761280563
0.46991709405272142 0.34077982710766042
0.06240580835391225 0.68386504522331337
0.65522248948627282 0.10514925804149045
0.44019109223820180 0.51032639450044015
0.68174793548295676 0.05033984119506902
0.45493003991456971 0.10623858429932617
0.66778933841975152 0.25967559861215672
0.47931665289022418 0.71167428018123147
0.08435651880334738 0.53303731786253727
0.17737977041950428 0.54219084611001134
0.29734225719110130 0.22319449699796395
0.72300068732791245 0.18151652050230105
0.59884060450960497 0.29706089984486550
0.05517326606251261 0.66714263588335776
0.68778197955945874 0.43431447031555709
0.83010556146498859 0.57621398037302962
0.09359076399489376 0.88970191589374925
0.41925208533151859 0.11322636948962918
0.50037155813808043 0.30663136698264221
0.22810065847807010 0.18064171759447906
0.69579356692442818 0.13692558212116024
0.81826132054594380 0.22572912278577575
0.46404352813493188 0.36450777933516820
0.42259541819618224 0.31771927324073235
0.03862921425461582 0.74674143440111407
0.32903572740574494 0.86820054581925254
0.19239167491132750 0.83245843901451966
0.43218360363499642 0.21387406998646022
0.07125851353010561 0.75083997496741073
0.20734165227616211 0.23143457267806689
0.78642921235471197 0.18943571244205637
0.36847147645075901 0.83635592501421685
0.09155626457395567 0.80247837362178387
0.70974162011839159 0.24734400642408422
0.21475825759035794 0.59567687387808677
0.61579240051269413 0.18401339405161937
0.40518810024692775 0.47985538976103365
0.26892179567848773 0.12359507110401199
0.46872018600989868 0.38642778008406786
0.12366274118787143 0.66045260191477217
0.34494278886185603 0.59115907241287369
0.50204665111956748 0.84512062380556996
0.28447954574831924 0.65954966519734703
0.48376994071983082 0.37989521205200688
0.10447554351068448 0.38464061158589413
0.14814343904606053 0.23925710824911409
0.43304334501174857 0.24222268750186374
0.36217123870436829 0.18071103374684472
0.71470073488519970 0.08974955110658574
0.05929818009804094 0.50437429180724602
0.57273120885420148 0.31791250038543362
0.06964170094659403 0.76436495167944507
0.13007970310859648 0.89073567421659428
0.54862487494255885 0.78724087726168435
0.24234393190422804 0.48981067832886621
0.79254122138807281 0.12506996207143872
0.77034712047809040 0.41473074241108093
0.55158938839684624 0.71528696541554937
0.03898557443686157 0.50174670143390754
0.12577769139653697 0.93405326071240657
0.67690182893942652 0.33139706251922069
0.54278971931885223 0.12980926963461983
0.62383478629826683 0.11087782831701874
0.31165201544168342 0.10768470110223459
0.54071699787715732 0.38483911354370604
0.07992399704501822 0.87220639838473402
0.18078862066501475 0.32085119036789383
0.15834236613737659 0.95445297730758394
0.68858676219182147 0.29740724293115234
0.59259209535072255 0.04835262809988526
0.12643028337990564 0.57422614128662253
0.33379793253219714 0.29046875540037398
0.79695624794532260 0.08176220505293784
0.52265484167341891 0.09157715262188837
0.71975291839469713 0.19943400053997973
0.31159929807237557 0.35033351681389630
0.35938989575929892 0.48734317865512400
0.01227883989389369 0.74302573608014799
0.80719309177175169 0.60536982529440020
0.21077086254819588 0.91652545129910346
0.32022000028725195 0.74826406541030821
0.55445748677335172 0.02458999767285369
0.52887163048159391 0.63823894005628623
0.41311740894066024 0.92180111914424590
0.39861739546957820 0.84927612422217535
0.68737079295879622 0.10232362520625478
0.45797658079189529 0.48293438108519315
0.21569985413375101 0.82234211550544623
0.80805688155072497 0.19241398918221297
0.55295565011014780 0.21611335325371042
0.73295017792513073 0.52285826832147131
0.57762559491982690 0.13800647020860421
0.39695317103395822 0.81176529751644588
0.62867155679561937 0.29641940709073633
0.39912325756924893 0.12308308517965873
0.10756065365311011 0.48746954604256876
0.68020478202485801 0.47192945898334460
0.17797380021121167 0.26882926582379107
0.83994248556967721 0.45044911345481492
0.47360761880851787 0.78871477315801863
0.26223002041869481 0.56141494564079286
0.55670338700851896 0.06208835286505821
0.46393077217802353 0.87149548695374057
0.08199133670662091 0.83240119514627131
0.32123970719042638 0.65085661416934748
0.42435666947104922 0.85672897104129164
0.37940942211510043 0.92840577756371445
0.22160902526415086 0.89572295854420181
0.15317871966892435 0.45776703488886261
0.49390835547577372 0.23124437966466016
0.41730549635766939 0.15950423586546389
0.37938804248955688 0.51553186567742881
0.60001198714038129 0.84774917746156309
0.78315579257156520 0.57042818382780025
0.07214286440170585 0.34944107247177475
0.12377207889591642 0.80442454618269166
0.80987798744762007 0.48929496420599927
0.27745424699849131 0.24959562215300526
0.70345792874055435 0.24392465088947124
0.21483797711016567 0.23665458102818698
0.18176168380258570 0.59573351507481709
0.41526213188691269 0.09603325485212041
0.83041841147862328 0.41365002563888964
0.26975739650306313 0.14723861576902655
0.25005641589855565 0.21741238952435848
0.71661460842992331 0.69403776742921186
0.15035749091849931 0.30313644987472466
0.64228651932429726 0.71427546374470230
0.44349789684832519 0.72206496401918174
0.19197129222973386 0.25880523933124028
0.37730382293464870 0.89550349142287933
0.35825249875197007 0.13158143492735622
0.02454987873637907 0.66760628513935394
0.23169262921019881 0.94560155557866632
0.73040753571042649 0.14229662448408342
0.15236866034004420 0.92033572607778980
0.13246464348316367 0.81165470997868538
0.25107460280513216 0.38894803337433748
0.37084396429551103 0.28940121340120128
0.28610653374155998 0.56959768359597451
0.03121212992220859 0.58734756281501599
0.20662872267887433 0.19366512529290453
0.53187024331437993 0.21469410726148067
0.06358758237666581 0.74471984816277192
0.01487117087214175 0.76681529576450191
0.85947803692330971 0.33893036574019203
0.22189107119046489 0.49473823070666356
0.06089135019681529 0.76839746529000941
0.62523624252366239 0.20397998037373252
0.30329580265109041 0.73704983377681665
0.68956261296468968 0.54756905000376255
0.41025907432131176 0.13353543390437445
0.73720415808121009 0.04608974263757974
0.13976058350547410 0.82220364131017054
0.52493453251376776 0.54183646264917518
0.77014584626278904 0.15678372238528535
0.37473516130276036 0.85678227389977735
0.63565217663960105 0.05837245518321008
0.40830296983551995 0.55133595534950963
0.29294958204859461 0.19135972164245468
0.59975718581930770 0.78809912194579890
0.26132288677952609 0.77157211436810980
0.75271253603582156 0.13620644284871677
0.64563943447574468 0.70486744608570251
0.62187014707047883 0.43830756421878742
0.08695943121471694 0.63345018665916308
0.73924771078187035 0.63491028028396401
0.61221305913049717 0.84362979177968145
0.31636604447800520 0.25502668893631958
0.64088762872052762 0.76997036723250312
0.10197041296678387 0.35197916709843441
0.21093531665095705 0.66752278395851461
0.30410615983542605 0.83609896098724301
0.52131281142080121 0.88872897159058206
0.84074530412625925 0.41981549121639994
0.14683052403480934 0.45693265953872081
0.53420938009000940 0.03732307173778623
0.80523672506542621 0.29560864080709842
0.19832290420247609 0.82617450482848520
0.34964155935309549 0.90134232957917171
0.82862500989443133 0.20535610940428875
0.40171942845961273 0.11214933624190689
0.27259094935665856 0.57913491412743134
0.49578006253715662 0.03592747862869542
0.17917059727920148 0.38298807187131156
0.31676422275079658 0.95519741778387546
0.11030559122550898 0.55381045658765060
0.33110509119292048 0.32926339640213909
0.16013745132734325 0.74698076641210598
0.57475057306535626 0.06712173232475181
0.48971494757745077 0.09951497593306008
0.37810530098722717 0.46791008033803533
0.38526116207656991 0.92963613277603263
0.33403603050632152 0.46696477720714913
0.27758288876395476 0.89873518508097061
0.68630246569212972 0.20669940830931405
0.39465871926840501 0.27262479653183669
0.30220373583158677 0.17978245753976829
0.55039542706280464 0.73080186001328529
0.56576692747404189 0.39581001471506838
0.36563754461418441 0.71704781700261089
0.22938648157994737 0.92658050916756785
0.09073504663496566 0.87209476448748280
0.64680816848755029 0.77364534742826940
0.54200375060090344 0.44838928595592348
0.18637085892366961 0.32301483955227228
0.39774569514435559 0.77668970250418223
0.64206905046821428 0.81894927659939443
0.24806790997425149 0.35000010301692253
0.47621927262896857 0.82375828177212851
0.34450585509278725 0.56388222296218893
0.72681659516116059 0.66114092671924907
0.37167495260440492 0.14347940764325393
0.65403760852850890 0.03588584698695072
0.23546032722042293 0.26952102667398103
0.79547805081888190 0.16916389594741493
0.29733654804978510 0.82617287636580250
0.02944758857700408 0.49559610066397869
0.75924991767522698 0.55530579122419743
0.64100645105877585 0.80533431117802667
0.17258769899013351 0.55696653002431562
0.66576597655824810 0.08366459898751527
0.61065185883134721 0.56524902126901688
0.83860916251350992 0.25895767086643928
0.74463237619027567 0.22578735564729480
0.13611626588169465 0.70713674886420819
0.47514503200995800 0.86737289111000193
0.27141173762241955 0.82838189090029513
0.65801793889396376 0.66828401211413457
0.48963721403614058 0.34922113985652908
0.48934958876032453 0.86169259577770074
0.71063674128760690 0.64103769946784261
0.79174307618585671 0.19195725577435843
0.44438984674587678 0.62110367511194264
0.57093386005030455 0.02692456035322762
0.78659523159885336 0.52432191995437227
0.16172046208320789 0.75491444258798579
0.58368356257834542 0.02631384790390311
0.16160021485412218 0.30890937518490635
0.16065415941455868 0.90686872173023847
0.32683989143703179 0.11852209738006714
0.72197637433538264 0.25647697381567092
0.09701121871737059 0.43005687759540484
0.35872815114520268 0.74517691059935420
0.48189507673814352 0.23979543297801298
0.18577929966417411 0.30613588166715527
0.05513933314546726 0.55761496007502442
0.42870394850962040 0.43946186410360549
0.64729517488314892 0.25806471513418489
0.24988060193263950 0.68258041274725412
0.54547525056592694 0.74611935299193854
0.39307174166729264 0.61314311749831507
0.10444255455760279 0.71199513133476366
0.40440884261479360 0.78509468222990697
0.77900292475136401 0.36040922035344075
0.80152290368868939 0.40378519953034542
0.30165161667223733 0.90058964252871432
0.04252093603375837 0.84577087040703158
0.25844880824898259 0.78684110351446890
0.82200326356688513 0.22072407646899297
0.51990679288293140 0.74022411770232910
0.64228858594281169 0.00776208967509188
0.69463042496756677 0.39808066304825745
0.43429005052900982 0.28328268236062104
0.48929933650204133 0.09118273715716316
0.39977063000565610 0.08476551989547125
0.80590016440830115 0.55006218858040057
0.60931584759415347 0.12100421024481359
0.21391379182343664 0.38054031234930580
0.30532584409597813 0.18341974607390465
0.45232035639583607 0.03455391849946941
0.49900662437497079 0.45116038210958725
0.44962131999078053 0.88908225800539831
0.45090230865157876 0.39812235184835115
0.47162897691156747 0.27308852567671660
0.57086723541426543 0.46511630983888713
0.08248929868580926 0.68588863377382092
0.37803525008576894 0.27313662427452379
0.08643601994086327 0.56448607196030498
0.25967753807611887 0.74365190887116306
0.16591681347358644 0.87959910579772305
0.79634783869870007 0.52047843386481329
0.43354319536080321 0.85539539727907432
0.49606804676038263 0.87021661263843597
0.47792901999095072 0.35163440355129372
0.81317858405211096 0.42458003098190200
0.66721770489438126 0.18629519152579835
0.25995285661007639 0.32284580669385099
0.57588277793618092 0.62435010738628716
0.41910348270170839 0.17812901294352171
0.50055734172226529 0.23849040051378678
0.49616102798888695 0.86075539333326201
0.36045131389035800 0.43651856257197158
0.22964259623237027 0.53045709780531169
0.56085164917868202 0.15179314608378666
0.60117755866892320 0.71674947710005377
0.05129751436013372 0.62691100996422899
0.20647684045387060 0.97191959293063945
0.70244055250866322 0.14061411107914781
0.83738415963272728 0.47805238788065341
0.79409677261068035 0.14063657830213602
0.26334822942639702 0.19005600838154635
0.59486652621008707 0.44395132440159862
0.63912412412996811 0.66585331684268378
0.50617767622564125 0.28149829519692143
0.37502223465331103 0.67524259144704879
0.82177710081457167 0.23127168996946637
0.71425649792447998 0.02652010282888014
0.51833029942545539 0.36931872247119518
0.58470332674072034 0.77049042780612287
0.36359577155522366 0.84108558424098268
0.56451125960018655 0.52565549231313258
0.09970619737441404 0.42124700475109017
0.30283614296040234 0.92779629218646020
0.25272332143081377 0.37471618466481960
0.50720094826902296 0.36017461074513701
0.75637663229062069 0.29145549700371692
0.54515117202860608 0.79804258037381892
0.49201380085862062 0.34231315915097554
0.48562642548656376 0.27666515756031540
0.48342719239268933 0.80214312385950592
0.13779373757479199 0.84523474360093476
0.44833040113227701 0.60292069526620418
0.43744635210812483 0.27058249066593804
0.05177277116095113 0.57323730546105245
0.61612095846607873 0.26750308114155297
0.09113601010930721 0.40950116755885307
0.06107882105320050 0.83634004509359394
0.40646768232786790 0.49387589672047677
0.65283540719832445 0.70870308541933780
0.79206236398855701 0.33633673185922608
0.60096376322314771 0.38231933880714503
0.46912930469503961 0.14153595637483263
0.16845758112225817 0.26687006116994538
0.51089526680662511 0.18849630668928363
0.08214401379909027 0.35005062427919770
0.38262342990271492 0.91201549600557186
0.45822149156846936 0.18597643630259331
0.38334564667662308 0.67979141791828779
0.25264842817700289 0.40949622092204407
0.53482716699410582 0.20187737193134753
0.82041350745269681 0.15152507879347013
0.11172903780042266 0.77134132907606445
0.58928572992878625 0.36480998386139996
0.48189185229990700 0.50641542265683948
0.14864269222779228 0.72243585751867045
0.62802717789210738 0.08605876821152288
0.07363038213306218 0.82140765074712374
0.68014349899336457 0.45905553988378189
0.45038349034118091 0.31933869441731827
0.45308249681562546 0.49136072529856051
0.61703434116463884 0.23790364771773742
0.42577427421022296 0.61949716129907639
0.05378275961776780 0.54418859307914602
0.77099024336227095 0.26520111907271032
0.42628454532476745 0.16520719791068186
0.24414977813121039 0.24205580520603057
0.54503275955115493 0.85211826904237642
0.73852553007517630 0.09622834453077322
0.05647995217636046 0.63442044762671912
0.36141197056042923 0.10070397015822832
0.71734801410460058 0.53124640724958017
0.83934141744388890 0.21628917827508584
0.15217996241639284 0.82375555513361243
0.85029578061997313 0.18654910413554074
0.06983953714365278 0.69000521666409109
0.34591283105960718 0.35256382388901436
0.13807451328111611 0.62874620945219573
0.76044241711769089 0.62693700566592914
0.26923882077219263 0.73830290453901060
0.78382861368565115 0.13910769768995029
0.80035656178654346 0.24560925954733717
0.42221870178555321 0.06813197193079586
0.10955732144302217 0.80990840035486522
0.12872344244486056 0.77345649948819695
0.82810188042942201 0.22105006542943642
0.68981449306130249 0.33746586015600327
0.24739338705533381 0.26474875776857154
0.20027510540526952 0.91365167622984078
0.42134167850696985 0.27750936826120526
0.13976146305602621 0.74295608304966421
0.08469618920566099 0.82841510847100974
0.09883778468509896 0.68525173676243334
0.64996551411634751 0.45603892303892429
0.18644759959644616 0.22877829026129454
0.75754318112637176 0.05048105778979620
0.79399452940781179 0.18084752540217960
0.22525910623655482 0.32908033295811606
0.49173887717935039 0.16536952877736005
0.76943892412775616 0.59826770510690652
0.44564357212149203 0.17719043479394847
0.64646922472101198 0.35048335884161896
0.03272953385267841 0.55897100504081276
0.75586496201603426 0.34602611346439482
0.03294179642017522 0.62824604905695136
0.74305749494326256 0.52895870798920253
0.24312261095851720 0.19512664750302913
0.19909879040527448 0.44485331275632822
0.86522721222077337 0.35341410933670370
0.48410144468320421 0.06062589203867826
0.76872613617789565 0.11766245133400476
0.28670747579672262 0.20257951852617470
0.09278988555067007 0.64831983208678556
0.31782692307694643 0.09449558292459581
0.74231008946182586 0.55623154572713152
0.61005783045944029 0.09615098273136062
0.50344437133936559 0.87522619145616132
0.35893875038639622 0.11279626447898985
0.48299377758914874 0.85065268090014179
0.40969794488507466 0.71731930264870059
0.69730254952910387 0.29518672736592133
0.76159372445658902 0.63426938954280554
0.20511104072346689 0.78582078906781927
0.53277907754483411 0.08185662684377137
0.00247805560616457 0.63626301124411577
0.53153476044081860 0.89745298674617247
0.55684678428989542 0.32754796515515289
0.15232209474827341 0.70233022449893867
0.70253203938032394 0.25860680620711229
0.69541393733374435 0.26262288811580908
0.30190152877165055 0.26753069856729522
0.69273541359024438 0.60318222130099286
0.42857887071037387 0.07869096853839193
0.42004342270424644 0.09486651742821026
0.39294611320270684 0.09657743465924711
0.38301821710979606 0.94659735117342181
0.53721308837141002 0.53885146201586198
0.31067887559546781 0.48636071488269056
0.06535690596084369 0.74030716282576037
0.13265646215342472 0.88673636894151675
0.37728851210971909 0.29207090303194894
0.78272371935988916 0.39579648031078296
0.37750691057115693 0.70974514804736166
0.14954321297188045 0.31498851565951624
0.07394896702053874 0.40194149769101833
0.87130155248462526 0.37277657399655906
0.55150953304362349 0.54043073397674313
0.18014542907927986 0.80886390751762105
0.18146350746721382 0.67100438447354260
0.26474680477122953 0.30543732595233575
0.81624352215028029 0.43864869159640318
0.02218071485126819 0.65635806702362709
0.42451391493605567 0.78299989937244374
0.54859980155666166 0.20326718497926283
0.27239889301987374 0.15780728193410168
0.85785728935275707 0.26392531166202032
0.17198293072520385 0.94989395554205569
0.09695433183918269 0.41584418006002377
0.04742692468308722 0.76718103948172578
0.80087834902205446 0.45305724697564931
0.45722765419928219 0.28305537665522851
0.49986169774296840 0.42086376930973457
0.07796983403079204 0.50995354162104878
0.53817096526685770 0.05631992889492651
0.58573975831274450 0.32633309177553621
0.12899681699565971 0.70574719710818423
0.02861798344011039 0.79580729897932934
0.19120854206532284 0.82581568899338087
0.13452181602801214 0.75968855380133549
0.20830862753295562 0.89180326664901299
0.85268872945053797 0.33897187232480908
0.12277602419589964 0.89729661622189960
0.12654024829147567 0.72013367659850624
0.76379181055817269 0.09252003429518212
0.46012012013193915 0.20733470340916763
0.05894549212830588 0.66263994725969788
0.21911329928889020 0.74486662454956387
0.75674689430046160 0.54950330266597081
0.49805095897852864 0.41406375446515409
0.66467576358583069 0.43982697285364347
0.59617500215411467 0.58220761014528477
0.70157339831975740 0.53050083009001414
0.39364133437977777 0.91106214696106547
0.66931454232398380 0.46373099660353534
0.51337054227751366 0.36352686838355308
0.73208470873115217 0.28106383441123350
0.35741929273058715 0.87559441411013350
0.05679612988974519 0.75636607629500618
0.52603366905911009 0.24673147780689716
0.38132152831483918 0.18133373874906489
0.25737617134906576 0.95556204938180900
0.56713344400127230 0.83799482826400284
0.41536551345978873 0.20445249178660144
0.03370307507454005 0.65913898192060361
0.03218342396495898 0.73119557409344360
0.66247241792285139 0.28414258487799210
0.57417164823844191 0.61020846557382313
0.72268689795510777 0.62104133235147463
0.49504852961278767 0.07705954824966636
0.67459485290864907 0.15493126370651461
0.84609884639792099 0.37497929136662855
0.60140115000536332 0.07457492335429096
0.15300845412951744 0.75826896690577661
0.80958979159623701 0.43861172245473073
0.06259130717329896 0.87485597146566896
0.40631764069125581 0.09254211040601357
0.70637717264175715 0.50822784602877225
0.17351680310301365 0.86387322372070130
0.64190203474514551 0.52108818327529960
0.66055660384038961 0.11542771298636809
0.44366996202142678 0.73015165837668472
0.43985942847903164 0.32897462332247451
0.10659526519179413 0.35795918853555569
0.60116561516992806 0.84087134145778852
0.24585154624728275 0.23102739715529025
0.62267834676018574 0.21022952173986559
0.23696547817541430 0.24815163615371413
0.51916712857658620 0.22662349113227856
0.69584586236703305 0.37735338489714776
0.25848388768106473 0.67794495763474638
0.08394810909688347 0.71062002787320999
0.33770467050029568 0.12657036032953919
0.71780114927172056 0.46394112693544953
0.07624249460204487 0.39067862823976929
0.57715479572927353 0.08763328141760207
0.63280956071267769 0.50929484246576040
0.57774490716168958 0.19367373905577778
0.08094888734596406 0.72859183988306808
0.15350712956576421 0.71757177965271646
0.13365621373651837 0.93415461871034688
0.07134974517458675 0.52211981668083252
0.61163113189555862 0.82192764625745229
0.45569452935952287 0.44202542770241554
0.81377002449822167 0.21427807957633835
0.56923058290700335 0.28812063624943290
0.08743594652535884 0.41362332319426393
0.09463544446441051 0.46813778782587523
0.66161618231584607 0.48056708546902971
0.72922216656106431 0.06619960383992420
0.74714352202932166 0.12018429082201543
0.60187560226207526 0.31107695940276509
0.18228372498030421 0.52608825184817676
0.09920991091901234 0.72894984254440065
0.38560926984159127 0.14166350693820318
0.49308883878842918 0.06117227225113293
0.51622900470179611 0.58883595739932115
0.15797686806045108 0.91878050909434683
0.40946406663086704 0.80676018810677552
0.42918578655563960 0.82083206315399859
0.44394677660794707 0.25247102514425296
0.21332338987111552 0.88772624315305693
0.02798243717142476 0.46861396620685603
0.60856428371291782 0.02347617268651588
0.59937212242481386 0.04100851199414498
0.19406123329959124 0.43145302477038322
0.28957135278187546 0.27265291846292861
0.31404671017080571 0.30278337896522262
0.43770787144867424 0.30341980643198158
0.27043765214346888 0.69278236317507580
0.82260986671498881 0.42964118704323989
0.74982825275891662 0.53871690237031400
0.80066787227801639 0.39649198379439232
0.35992118894868697 0.54295950606805332
0.44431904269422151 0.16262257401893165
0.26456349298957355 0.81084489362589396
0.31619506731580593 0.13673180259597309
0.18106524178520558 0.36135164819667753
0.60182811198183128 0.19028298621068540
0.53242732771234935 0.06414964522667935
0.47570458219899503 0.09674039975892783
0.48005747316637759 0.22348059485650362
0.61788997028587667 0.33703196793720541
0.76537128303204882 0.08277384329000120
0.05422456931622970 0.44124942673423495
0.40702511816005515 0.58853367854483762
0.70874994889681542 0.05555301117695676
0.60319472993635537 0.23704762154487902
0.81822778707190824 0.51993786374142836
0.06107708575606019 0.84701395170731442
0.38430435978115685 0.78206897395248687
0.32308730029345573 0.69466916271371926
0.72130185923959611 0.63072954595304753
0.25121994935054676 0.98865449779771764
0.66993758029328943 0.13156437634936605
0.64806287666941487 0.34199854099266103
0.73006322220964059 0.63786840727660021
0.01036704379522790 0.63069972655201256
0.79295020441476249 0.45272675707635912
0.24032998281730203 0.53825844946655321
0.17098538207700842 0.32592229053632144
0.19081115754696587 0.79877799488178070
0.54511784476956349 0.88583528359902919
0.26412944766579810 0.25534176779629880
0.71968927545359429 0.45719963904824307
0.76166132164731659 0.16281497193147593
0.67981340439418547 0.06481521893538295
0.40443399289967391 0.82627523742944020
0.30171624805322328 0.93365057395147855
0.14061524674464340 0.58750326345218840
0.34742102421090298 0.47410023257115308
0.22586141286749348 0.36805618635896342
0.06689276447241932 0.67442538801589635
0.58751824677918740 0.78443298642797765
0.61626977718704101 0.67891971208148894
0.16419559326335240 0.59400758126101050
0.55242660629808793 0.39025391650226210
0.82418073005845138 0.32223562709398790
0.80577712508284649 0.56893569126176002
0.43656158937447093 0.90913065902485612
0.64102790427692613 0.64773476538183727
0.66796236042365376 0.27067720218663205
0.63960004165163664 0.37196551205321121
0.37308448994478777 0.79908197655303193
0.14848079126300906 0.30807568756141196
0.78182044506652748 0.56532297679077104
0.10710525586817858 0.81497128457187862
0.66604542492622065 0.81283293139322077
0.07283041916789716 0.38469751563029114
0.40647055925624959 0.15319034918369093
0.59945911240634253 0.37138901587553635
0.41107141371255218 0.05813443769889721
0.54562107395435766 0.14121993607366645
0.08291330641574718 0.67528511400360069
0.12057209374932176 0.72281226338041871
0.68200124940195250 0.75140819252416757
0.43650087361579498 0.24943233394893724
0.09623606276060845 0.47670092882625487
0.55545212789937060 0.48038051655935160
0.13629918307932712 0.88327411655275523
0.69670952935301089 0.40425012241658792
0.22257177481951643 0.33607563638109866
0.16669940817222195 0.46682041052939649
0.40043194392361209 0.15362140481678307
0.65643685615974356 0.08281096476917782
0.14177827870185764 0.37492204665401585
0.31120537930801367 0.31592130138618985
0.62311013071229060 0.30896955531037701
0.57301910757498897 0.41528842269619126
0.50576418678535329 0.28840606895084342
0.50517030220769399 0.85578727225991236
0.20793199868785472 0.34017191747709413
0.86891760265293527 0.42296121424723437
0.64529548050996344 0.56909147020232098
0.59584334933006378 0.77719321492471383
0.10511244023943890 0.55924911800958688
0.04340607619498651 0.69872867577321318
0.68682612827692446 0.22792129122423271
0.39932751921849979 0.25825082065866334
0.52601090100277337 0.11267664555170175
0.44375531223892783 0.73836881648499419
0.15748623654064439 0.58134159286535736
0.21006659967708838 0.54465110033355679
0.76786130816214637 0.08808160644505662
0.15682854766509119 0.88605945755270621
0.64674987009130736 0.81072994355243133
0.15683091362420684 0.29063271953201114
0.22104038048324487 0.80036341768215036
0.56263511141199607 0.62195658116156061
0.36664666067172147 0.59444188703292478
0.46404295669648343 0.45586365748184871
0.59501602924726760 0.71459422820540031
0.35767042261166898 0.96408270058502876
0.43536147414911530 0.60930355341200049
0.73856179061831317 0.60789288483392379
0.14230002697739058 0.85901585235167000
0.44472358511579929 0.19018913262060916
0.63384243101804938 0.70704275660507809
0.46430033675497578 0.28442346779686295
0.38863258464413059 0.90867632407961330
0.68088333442551374 0.60331520515170456
0.03326694205484314 0.63378312034595197
0.47097430982957372 0.73643535523362791
0.05765970858037256 0.72504240261878261
0.51107109841690712 0.24887588317856207
0.54094464623204364 0.06698706598778784
0.37541051029659239 0.34174429464684924
0.77616156180426332 0.35033158372446072
0.60753899913218612 0.17403264081501124
0.19402100296395944 0.91316919798241181
0.30553444272686681 0.62522272659443201
0.55676719151664955 0.77711562991101946
0.50746299980642173 0.25898111869611001
0.24309761591493556 0.18939342859016789
0.53580773522404024 0.67877741821516668
0.23621424728867102 0.34309977181991191
0.06044135220111402 0.43088179527823556
0.50579222728569295 0.29545328982204982
0.52884690203500240 0.72747085218713847
0.57960821753046887 0.06833513009854547
0.59957237399260843 0.46593071145435944
0.37279920238977160 0.55016164912844479
0.43478800792564154 0.77492922246776819
0.08344677971124709 0.42836199668145153
0.18338869817224984 0.85928726904700881
0.24407084631351589 0.25724674172267392
0.39950377362644263 0.95135935106344183
0.60513614480700040 0.03957811893025186
0.12377453894857308 0.53159203919081688
0.51680512759515762 0.68247536291457389
0.10073148068444487 0.54174002557727774
0.57366501154992233 0.50708021542647752
0.18026704066526805 0.89576858505971502
0.58537804771079738 0.22275911066725945
0.85798377445247787 0.22205866247704814
0.76343968029938480 0.11945643777108374
0.39206557292380184 0.56353573588386829
0.23232329518934397 0.71242749095795510
0.52063017862779393 0.03772551356886904
0.71927362145203355 0.15454662816891598
0.60047893273120156 0.14520564298916733
0.64001260546320915 0.76489971061803363
0.62868327483936848 0.54761397092549280
0.28020935331001701 0.77053591001547339
0.23258665044452931 0.37085645620504426
0.39740022364941735 0.60636845597894951
0.85346866435303681 0.26970352232964001
0.28988750291709281 0.38675490782127858
0.12572978713215571 0.54422794474960712
0.48952102981795953 0.43052254314707550
0.83175278270419539 0.50313570998582080
0.18769415540449436 0.35116727188296354
0.48830065862052907 0.55572055146967614
0.55575975075481288 0.20149555785554674
0.19330375776208669 0.35430173161077433
0.34460658904918118 0.90407140684459719
0.12036177021707428 0.34329099183091061
0.68176116485679794 0.40400045600107981
0.12844069089344276 0.46160349574058251
0.76911387199476677 0.15115977177634154
0.59772237375038817 0.58937844505501646
0.23067263621851025 0.23657161086787507
0.40289724779991160 0.63334649055141434
0.66624927298731007 0.66565203384625193
0.42060160402736896 0.49213479135516774
0.09459217641348075 0.44982767773251936
0.58250937992957197 0.76368998783004549
0.71232857842996378 0.29398207657239189
0.64900838460134058 0.39066694678531771
0.53798687469945683 0.60780031083557051
0.33951650632496078 0.90718536691452811
0.35066627866997957 0.15717257390250761
0.55500892635986154 0.56448520722916273
0.01705565453874026 0.77977691923445991
0.50485286941353702 0.09979405445678664
0.76380986793203753 0.21074961068702341
0.18101211072044723 0.79837535839721074
0.41617145264285021 0.80584779337420931
0.78493588514627133 0.51916722953603023
0.75471550526842379 0.13050617471982767
0.67058943727089870 0.71250775542054801
0.72346361682858340 0.15990618791717895
0.82604620928170003 0.40148845086386231
0.75655316655893157 0.07642051332306532
0.50550965129060499 0.08558083231856736
0.58832561133724215 0.42498084030032585
0.49179891699633532 0.51648383895481631
0.63661619802933100 0.62444415170214473
0.16790215757374236 0.66776213408400120
0.31505288666025549 0.17403145261140998
0.72972016278605056 0.30262584259203967
0.79049418080273703 0.58660119181690007
0.73177780839092932 0.57000974232821633
0.51004244110043639 0.08639525407630719
0.37891222172142441 0.75701684233700239
0.64084381815676295 0.01703512059460490
0.66073495740153598 0.76413154759014057
0.13237685566122376 0.36498472943628230
0.68159151907182658 0.56881797402539302
0.21502166124592537 0.44797065865405228
0.47759189881162600 0.68033795138372366
0.68124886489678826 0.06924836147053401
0.49800624630252194 0.16218102474594190
0.75631405263142470 0.10062431758744368
0.69012862995092306 0.24386135979325743
0.41347445543067146 0.68834818511000062
0.56715574847037842 0.66882100655216636
0.67663888352805879 0.46529391387768870
0.66534034106064222 0.12033703169837703
0.65626051601231206 0.09308963621618516
0.44135334517932184 0.04884377610412009
0.50403957004065481 0.91328171817897441
0.47309339995165095 0.29599522741887052
0.41921656194439205 0.74412221872624518
0.76037189958005236 0.34053384400586312
0.02009620515543153 0.74417317427046392
0.14494641528056587 0.57472783369676361
0.12286453694534054 0.39323789741899284
0.52673814580920875 0.84083230032383061
0.48701153173627237 0.79005649467862982
0.17010071297882479 0.79066990457717867
0.05976300711549653 0.46283740355382313
0.41267494539121263 0.85164154855196239
0.21039272011113952 0.73332748749244037
0.54728210521458831 0.63807186634640600
0.11899599600254035 0.35146813431950852
0.30878982594580895 0.24950804339727117
0.01051742179678911 0.65535588771396791
0.07887971260059638 0.81153952424191078
0.46871440718591639 0.24151657501329310
0.09895905923840211 0.60533798673860106
0.53561179376228074 0.77277895989321777
0.56747757246017527 0.03659981184688930
0.64121103209478236 0.32058160976108163
0.54404433731567958 0.05579378560953675
0.56765974759566440 0.60235845164382951
0.52446916737829785 0.07580386884654790
0.10931868252957118 0.36777790816167621
0.01604230375000286 0.55910765007941465
0.06010125235020989 0.49168373518034530
0.25593194615900855 0.43947766557179663
0.48899744928836519 0.65390156810374200
0.26369742452010708 0.89668239854733245
0.08484791945780400 0.72375624595038912
0.48686573392514004 0.09552492272358908
0.60836577362520339 0.25555591788884630
0.45686175998445117 0.64400064709425098
0.74786127219290843 0.66352928691721613
0.80738025436461192 0.25658820154591483
0.48411107991300822 0.93018610639419852
0.42470064745670894 0.13873454807150393
0.30881236713935889 0.32764870911498539
0.74648274149196747 0.15589405236854478
0.04258208273027004 0.73244333203081879
0.29105167591599607 0.84719355714729272
0.65498353645949425 0.53240555777677634
0.15749426339480779 0.73208264349307939
0.68789756368367028 0.05648736327731305
0.42346430734267820 0.87800344675067254
0.47501153662780687 0.56244510926153601
0.65900939870164954 0.50510978439108245
0.14829086179085746 0.86278892532496265
0.67506348034686603 0.77279922293382974
0.18721275004647450 0.49577018153703872
0.38115252278769529 0.68694910604370896
0.49062877241100261 0.61920582857164774
0.37722682380188111 0.75001481928423175
0.40185358807284749 0.77117834784721506
0.70194172856553749 0.30379611337083995
0.20559992207129738 0.40264879147142618
0.58719152921612228 0.45367291304779578
0.46408476989135383 0.41467061699203350
0.18588279358168616 0.70929448926537697
0.36387172959802222 0.47458303203257207
0.03634965930284145 0.70409985671125730
0.82416448481619176 0.22619099515430752
0.24715037681135843 0.21334643105761261
0.31082058512522215 0.60342959144347319
0.22226156864873017 0.67616171999813546
0.16726221743427078 0.24611404475461540
0.14235675099922690 0.33847241878974843
0.39527559760465658 0.13411941216293591
0.59662178094957896 0.05086259543847858
0.28227021201522962 0.52785605630486798
0.74273077503546914 0.25667807377773960
0.28547140095236656 0.18793270069911538
0.44193831447503612 0.17181571004246368
0.36966878312221735 0.12484854716245719
0.23368294123625083 0.86439490587583023
0.44267065419264262 0.35083933398628614
0.60452890931504577 0.37627539277011041
0.11119521602151512 0.33814532993439661
0.35114341782896347 0.73263188131525936
0.27067831148631416 0.30051052446918936
0.25735492802282633 0.20263453229072778
0.26033034707609998 0.61387134497718121
0.72697341450939568 0.57418405631076952
0.18529311024077935 0.82923630534054027
0.10900827846032131 0.89059552117375584
0.48506991012043893 0.53211562624202902
0.23315193580577406 0.24452264194413928
0.58512213312355865 0.08591143196341114
0.76412776310342267 0.15621316055911458
0.65675766436931737 0.38995327166646199
0.77095238142618994 0.38530239043343933
0.29795771509369429 0.85421521968224579
0.07109175905611059 0.61670199014319582
0.43817739150481672 0.63630528146990051
0.50837066051330393 0.75049878664903280
0.65340930757537252 0.78740114437866382
0.55717213916168784 0.19280223931905782
0.46909074230693687 0.11162098131134494
0.77824014186351054 0.28907805280873022
0.10618299194270071 0.39515771902718694
0.07091976758853938 0.37832970533733812
0.39337286317918968 0.31603145386004766
0.11305073921681615 0.37494689587061730
0.81884624303974696 0.41027702236368357
0.43000813205160004 0.45182876104622666
0.28394182461478890 0.23431298057592059
0.59616852293383682 0.53961915689583817
0.16591128771879554 0.35038322853276832
0.65356642046507585 0.55815475674363857
0.35446575407403302 0.58191287825250027
0.86661225311451640 0.39048374923457158
0.54213890205985638 0.77115306717651599
0.54914033973125354 0.06384370283046831
0.49061430388778343 0.18190849065043713
0.85473588046285587 0.40746032801750787
0.39730577693732966 0.75855337035623727
0.67934763074416538 0.08174336143392477
0.40826195825175271 0.79310693880657146
0.74301337058444561 0.67958771105143745
0.29377084826513006 0.39254399536979029
0.30218192583811782 0.10858782520481609
0.31831318941456566 0.35310621179281576
0.61373128772672036 0.67309850765032220
0.43191541250455256 0.08749484186414756
0.32852221939566872 0.20543252473049411
0.26453515467119543 0.69675462913304620
0.41747884976352784 0.44687812587180026
0.63673839218341099 0.69712992003138785
0.08227770888425839 0.82326134661414729
0.74796606128040066 0.59932779610505105
0.56123694554413417 0.51159735270662010
0.01500408884647942 0.52889413459176948
0.58937248178328905 0.47976406120540899
0.22032703226694117 0.84696898189649250
0.40584563532664453 0.39304374212407062
0.31032478636119715 0.86858776027479390
0.41964639663664255 0.18467478750026536
0.58208035699654892 0.74758195224276247
0.12632115023963614 0.78732979920602975
0.60430093243537486 0.49753600243961388
0.79759995697120778 0.61111025187025370
0.56064271440101809 0.81422971391267740
0.04833766096741791 0.64432581542530509
0.52178514579387747 0.19765113821505961
0.37955938324036037 0.13509802160334847
0.53406397201976497 0.44850273816089814
0.15050921900934044 0.28877986280378365
0.66048087121372812 0.09906077211381098
0.04997894061494111 0.68024108094602076
0.24780777181383376 0.35731768143037718
0.76909439253593581 0.49898127090517674
0.05852193886945382 0.45238125743812524
0.06262391463302239 0.71279538292229883
0.63535944980478931 0.82029737291842331
0.04920076938900402 0.58371720976672081
0.57979731032346793 0.67290476769691965
0.52015895868038209 0.08296928965755428
0.18174270963359837 0.71502095584469350
0.28433046349237440 0.24679098671318458
0.08845708680059447 0.78722402542684000
0.24461712299769969 0.93523585478682725
0.18050779742708492 0.40922852137449400
0.12035982272356846 0.79980031299175236
0.06427477490368763 0.42019675680566154
0.40204301363742784 0.26971661830784299
0.29200546170446512 0.12728051281630601
0.42843775511401738 0.17224468051310612
0.62130168774794481 0.28173778224549739
0.57689282659123586 0.49331407046353937
0.21972718683263878 0.42274127816847878
0.71899222879262159 0.49951770969043358
0.38972363915231234 0.97267977029118957
0.27432580074193957 0.73244655523245827
0.32093257764639571 0.13774893007727643
0.10608058503127789 0.85034469544047220
0.10092786366960473 0.44401806303526475
0.20634910413266255 0.52998549555052821
0.58027648141944821 0.28392823095729064
0.15914652956454792 0.45507701862605227
0.65253567367794263 0.55122532134956981
0.07541370170226129 0.68848937596216131
0.43932687396530778 0.85746842046853444
0.21398589346128091 0.57457580037463984
0.15406284719404229 0.76547560298914663
0.21024558914389735 0.48756335775321730
0.11804093479312613 0.51774590120656394
0.40051054110011641 0.73928874273818046
0.74190179044402649 0.59831808357360794
0.64616738592354461 0.44059499858317008
0.59092437428918898 0.71949285295573462
0.11798107924385733 0.81448879357701642
0.27491050800242384 0.92444989016347501
0.14218311290549321 0.80782406909022197
0.60659875839541111 0.43746454132875545
0.37311022619393802 0.92497982877022300
0.84622348359493538 0.50383673214893077
0.43535851671211950 0.50363299318830901
0.69559459602153040 0.54230046891372030
0.41363527807058798 0.41443132958509304
0.65498329604590455 0.73067363993847345
0.81554161791078661 0.14741095755197181
0.29262773253199270 0.80551315747614549
0.58861768800069403 0.19169926707652069
0.56738085863264032 0.81576996082837139
0.06199339977307868 0.65174050411697859
0.47647590372891246 0.68772423534386051
0.65912416484315961 0.78390984466194624
0.11624787399549584 0.90566876765710980
0.60969286857969696 0.78495367211076672
0.50702091689281370 0.74394122232669480
0.74798022083600635 0.23769181038029616
0.17202416220457975 0.88005014311171281
0.52793218730273372 0.80464155014268501
0.30043799197967552 0.56483671633599786
0.19922885763100423 0.32508408618634943
0.08333445984410533 0.37596083474550890
0.65826407016558453 0.74074109372480346
0.13798172050652813 0.49479546805014185
0.04671748102851992 0.77929750816874577
0.10109253365947664 0.70702029986899251
0.40939522525155242 0.10618846538745483
0.05235112829953929 0.76470813923415037
0.77472588597735459 0.59884197817894436
0.19195681238124079 0.88065763210584436
0.56327577110361982 0.46571952330914917
0.52588748861811718 0.44959224233463180
0.60781719121594235 0.39396438187724370
0.34174121685683301 0.33885047926055212
0.04670247631193885 0.67081183357513641
0.08540200205606482 0.84776452524910639
0.37822174996260716 0.25503003472308527
0.61864287480175950 0.63731934046387351
0.63989995840850911 0.25809112540928109
0.43772944926935270 0.55602622113374578
0.67019576915224954 0.02747186789775454
0.47935615395355863 0.06193488004994552
0.46243208951815529 0.56671488093304834
0.14975937785756469 0.34132171588713622
0.30468819368083427 0.13086560199145233
0.68864540642112182 0.57970655204204058
0.34410179114594808 0.63567120401922339
0.51561726768517280 0.15448996542820065
0.47976361977954834 0.17182481185033621
0.55043038977168779 0.06851261974796485
0.76418875267319752 0.24800165871702237
0.49324373647077219 0.86531433034692040
0.76043554157664839 0.51375306070562599
0.14523650779867017 0.62823246677362243
0.14718781085803609 0.33738834967892328
0.09969183777745610 0.81142824851017659
0.40449816553344414 0.67571937966208306
0.39654772434005087 0.09287300968152964
0.62303902383649046 0.36351614429135448
0.37594132874399294 0.08274743874945149
0.40990194880486519 0.21709196831050542
0.64668286275391895 0.61680026086546180
0.39642870750442566 0.14916201470059018
0.35893343719755710 0.07166699780591500
0.41583679344995322 0.62642790853900598
0.69775174069857826 0.65032931984984110
0.63111385163229994 0.35168214625630889
0.74151963756033368 0.34227110893703877
0.28926743003503141 0.33417185061037108
0.79691556327370350 0.57566672556230369
0.37909920374630912 0.76924757735475091
0.06003574167744703 0.79393299851298049
0.52886498718182695 0.23735582189081939
0.26479577509336633 0.38286917233903289
0.36657862641158806 0.21258875780255174
0.34822841026178641 0.41247496003802164
0.23910369055948033 0.17979499827181333
0.11529768934684387 0.75023125782763722
0.67095851280568297 0.65425657128965919
0.69890151923985355 0.46465932870887988
0.47714899640216812 0.11793545480514994
0.15407991353793704 0.77942126715816451
0.74328265618435618 0.32401416350266982
0.53631325790461193 0.68728284361905290
0.52389871553539424 0.89529475683619941
0.53128186228972174 0.82895786738642740
0.61526421502654471 0.21195595889761773
0.77582262442835848 0.51488814648380532
0.57455712590896790 0.43740250358939553
0.73811799643056486 0.32806483497213468
0.52761592453441952 0.38935869281145707
0.07182529601039957 0.86512453790506494
0.80184167888347690 0.26916528719883259
0.33167344214199090 0.48080352111712860
0.46721391287072050 0.77015348759440161
0.80385147286675862 0.36214200009267944
0.82740298205933860 0.39093226791271907
0.24463837550856318 0.67356468127862879
0.32130222588704876 0.23742957587135485
0.32768390344126619 0.42885987360692773
0.80352028212083493 0.44779347370892136
0.79317407880901503 0.65363785552733011
0.09484411831292819 0.77291697049589503
0.53041777977836224 0.68262100238470591
0.39516478513576114 0.35201777907515813
0.50596192764908166 0.07540904295856890
0.51297219289059381 0.87104164422641761
0.41411902101541742 0.35831278618197204
0.15963384713825310 0.62510727934422305
0.71104086150862500 0.43569482560243999
0.61363728392603256 0.40050786101454566
0.55105511060290502 0.65251668295204257
0.33862303525595266 0.95721097184928361
0.66901105860059462 0.31982872347640001
0.40261614718703659 0.27693324873410308
0.61129285792200871 0.08492594512268871
0.22959227333271581 0.27223616705419729
0.14629735841959574 0.35170655707681892
0.10395639746003790 0.87401575293463729
0.70594942322973808 0.65847047727414232
0.37190326297722148 0.51274134246106340
0.18294362871159808 0.84727667523642480
0.80956274391140870 0.39554471028827820
0.14757056099305277 0.78981728316592592
0.42468262786224675 0.29440843834783648
0.51475341708751576 0.10233106815585173
0.34372008085497641 0.89070164129600149
0.62265375994970074 0.18400851222451642
0.48988355487419455 0.68728470298015598
0.47784206482863406 0.17835187043458320
0.62825098413475733 0.17773185362851188
0.43087646799216484 0.12392007718266118
0.70736997179361716 0.71488937773905692
0.26012247285969786 0.53091883518743854
0.66297347263603734 0.46101601361062949
0.02456283956041964 0.69080946390431741
0.12743540981465495 0.31913978635827372
0.80428184649901813 0.39197932149904424
0.33545463802781478 0.43781306697331068
0.26575080441572463 0.13968907699716560
0.86289989960909297 0.21460271678039564
0.32250558809730678 0.15160316787319525
0.30687334887214857 0.90423999784753450
0.30629728720729660 0.13608205862753589
0.06988930754813731 0.42065660990347081
0.46136662768395470 0.08540640228486446
0.31656408752280996 0.21527284288486692
0.76909899623600775 0.27225478599415331
0.08616773700194358 0.75339602983235332
0.26478944228021051 0.65808786296908506
0.67467057689291476 0.70837026568769923
0.54402195234542416 0.16752055300707769
0.44517700523512543 0.69145369479016405
0.54309857157678898 0.08040768368572912
0.51257127310345896 0.09393471634671186
0.67120721388412896 0.02061400654827605
0.64178428332552018 0.03183059865516282
0.09297548402113967 0.72996955671032326
0.82918427440508535 0.51621553588941060
0.77465617467743841 0.48090185276712699
0.52451439908641606 0.19096075747115043
0.43084534117071344 0.80033598587883847
0.35792698016783014 0.52007115827939987
0.54891292708883799 0.61936473285720761
0.46930444772660113 0.78239071454834708
0.13281528693044126 0.47327490442217285
0.15477499274226428 0.32730523575799336
0.26951340978711036 0.28615283922305307
0.36684600896971581 0.40564075965353874
0.28585286744449939 0.97760058034421038
0.47855475488576038 0.28970719306167647
0.45605918228771442 0.15416443448583877
0.56231551587955009 0.64209750924875486
0.74599476189892344 0.31262678192837090
0.47684892281047814 0.86071537167712120
0.76058580602372439 0.61648194484235430
0.21998308322662100 0.54668079352011534
0.81905865340374084 0.56096391442708626
0.69154606936082785 0.13089651098097604
0.08389211371747429 0.75749261762956799
0.43291791322547524 0.79359266057904454
0.68171178250867492 0.49638005441527466
0.33690986619205282 0.88807678653479993
0.75042937961070977 0.37156259481888604
0.59455130639772347 0.16383811268081563
0.17205552950092012 0.48516654695551281
0.48685167839245758 0.77137043257523441
0.42471218331524369 0.09341584637114074
0.13389480614160315 0.86571522709090354
0.81275727399557296 0.22595836671923958
0.16820866809986670 0.52802730604415604
0.33874618939314477 0.66170704361737598
0.33429438826740326 0.72474372105687834
0.52407644513228291 0.40117249573033420
0.79115502485357103 0.43715300994585254
0.08593777427864763 0.77586780398957611
0.69019996501070802 0.46686916968476372
0.05965206582569293 0.55690097470666278
0.51822545150386123 0.73368214462875236
0.63476648707825478 0.47005852091438999
0.13450572285482035 0.83814771427875634
0.21812350259095439 0.40815343402886756
0.65972676424937060 0.72547630886058934
0.59823190205792642 0.04632548944250164
0.23859075917334435 0.41273290686198477
0.25398996136974128 0.61802227966383128
0.70529642298700057 0.10182223014904745
0.55627500673809416 0.80363287305532494
0.22458959500488068 0.26977981705380744
0.25824583188075034 0.23823394337415843
0.28383421218104821 0.74302270825438377
0.63358459040100223 0.38119205389489652
0.32749188687245601 0.60605529834809280
0.45834669818764245 0.45160910508355712
0.64152700889527392 0.49587827416365871
0.44132127733422732 0.68532897640146540
0.73951178923779337 0.71519567899200598
0.62375153543530948 0.33154520225931144
0.72741673719733890 0.68532140189381197
0.74143998930701049 0.72451347430333712
0.21700773694985365 0.30913213102248766
0.56324928820634201 0.10504408055779214
0.41820885958453946 0.40833374512702553
0.85346849378853884 0.38593335455141209
0.14990826367213725 0.71165841449580813
0.18107755220141292 0.32612506971920641
0.18447200400595723 0.45991912890393111
0.04433706843116449 0.77138896539927204
0.21849438920443390 0.21433745361463971
0.39191730206097503 0.05715817237847952
0.21499501360071735 0.91985595604223125
0.34522539516540030 0.92182236676255447
0.23451502923514775 0.27548085740037320
0.75880361186683809 0.57133214989531855
0.74810813246440699 0.58420545674232549
0.56990076803650791 0.56048537920282704
0.36202656480662804 0.41731266632648256
0.04812963972363860 0.56446139051744659
0.24544186754239855 0.42959484226088762
0.32195289362759849 0.24448252403105117
0.32302993889904080 0.66551692569241405
0.62302338868725282 0.05297683874645923
0.66982526219865213 0.03879068401174138
0.74879685931217166 0.43683061015080699
0.75657271272276150 0.06477813732836887
0.16917927143171504 0.72968248979709949
0.63478721682266692 0.56175321231565412
0.20040785360884991 0.26391726694981232
0.35952302425246313 0.69895314400756314
0.60629067815645277 0.15819940115119566
0.64544238522323438 0.46151199643286045
0.05875589772511185 0.51584577102584450
0.19114829363043773 0.27653716440244930
0.11266484263545103 0.82935595845204202
0.19898262417363194 0.22658689743969834
0.59446264555707429 0.76700458691067008
0.54951094957214064 0.46144541433415304
0.54353575632877471 0.62328064081881107
0.34589054110320749 0.13086352827213810
0.70555937116793044 0.34931613966453023
0.61338441905220875 0.38670120049563000
0.06937776109031020 0.79937290131070393
0.08179728195174660 0.79407875025495789
0.32891101811308138 0.63244350528652193
0.62359103998693111 0.04582691742689018
0.53085921682621384 0.87834630678037462
0.68308363917404602 0.24809117780096482
0.08063037275933956 0.84146944875520902
0.36447239498195572 0.96942638446965790
0.42698887886485165 0.52989784558250086
0.62143303216494783 0.09652836736417894
0.13395776306310572 0.70075775494390058
0.41128785496040948 0.82682782274707622
0.02033749833457087 0.71004488990408610
0.05584669276878493 0.62523362590065967
0.40909003931471860 0.68259504919895841
0.37724167110157258 0.13084031056748288
0.71074382204472641 0.48135746959293374
0.65913334768558363 0.77778966996326149
0.31570551124270430 0.58323144604291133
0.63334156211789749 0.76157208429858769
0.51714958499166397 0.65557721987983986
0.20314462708604181 0.90874009476856854
0.77266433351896291 0.53384081381785708
0.33271911689863043 0.53812915510833825
0.15297664679297740 0.39225619153532543
0.18147428499350446 0.34164867982642999
0.52418135781254782 0.37305925630194064
0.05774975668956191 0.72986820902431471
0.25526259232850740 0.24321954922486069
0.45592515641894649 0.85037493435477940
0.61114529794394434 0.34877919360778292
0.34413433127201737 0.65481217461393693
0.22229171865727809 0.82112618154275052
0.35388762933781492 0.13302519967026313
0.13238032445630157 0.71275226758668841
0.34778539042278600 0.44428201802367112
0.55975026376130155 0.16518557085376001
0.50011308823658407 0.22303807252529320
0.37543558923696546 0.65028169241344080
0.25807696439725591 0.86542099134543560
0.11472972947829481 0.50586144670875433
0.55649509547279508 0.87680470825043000
0.25358846201410246 0.27460245112464743
0.57636470156792141 0.05892247653933889
0.05991409883221323 0.42481160379953309
0.55849246029249744 0.40738877162426723
0.54743584761420372 0.77554381058909605
0.41228620312648029 0.88405253965551045
0.11123742808993715 0.84254790118094547
0.47361882584165677 0.65294070105029911
0.14018061248515074 0.42724069026467576
0.27063032687052735 0.22772272948612601
0.70819804003321929 0.66806800482622208
0.17226575914200160 0.68146061505915878
0.64707676154603189 0.59969204316661562
0.56041185711620944 0.30575547550643972
0.64407499799855883 0.40623271174886061
0.33816753230517188 0.48378395397857266
0.33957378564089308 0.13178801527151618
0.54466060196635868 0.36561596658641199
0.59238751736206663 0.32077612857019011
0.82461552427878959 0.18861193665149914
0.08556303155039878 0.78074654422526468
0.03988617622370844 0.51785661914722703
0.08258598779831915 0.50967753467106258
0.56938227087855608 0.74441394551416884
0.60780692871298458 0.74831223882106823
0.53625872771524574 0.47089039525207060
0.35737448296589908 0.73822209248328508
0.12276639827254783 0.76901624946297598
0.24087270331678262 0.30135831660007978
0.19689612185115812 0.54307253161965707
0.21778739645426634 0.33175294824661866
0.77296441593925214 0.20263070883796916
0.70562756837154772 0.58835479919144851
0.01180248597404761 0.62193740567890443
0.14699335901713095 0.89936312152082831
0.26920237521087803 0.36791616422841922
0.85233605482568608 0.24733482572208176
0.07730568782580118 0.48337273280447063
0.48554051786951979 0.76497022948891846
0.55463510230739343 0.04694654524673492
0.68888437201554242 0.64241969480514682
0.62218788379593104 0.59714577890109066
0.05521079853184920 0.69398199219031442
0.10100659393008793 0.69758988285991252
0.38474605411060558 0.39587470776196348
0.68750227341308157 0.01414409010608938
0.49266270294735703 0.21696197451068844
0.31766122153536552 0.16971790743466747
0.44372710744854998 0.50422201759867868
0.07937804964138911 0.75615185532437201
0.75778515739864782 0.66982581784065265
0.78106621144618549 0.21262230416832895
0.11955833885121771 0.67285437663445502
0.71506840021053875 0.66435263470952965
0.07257800605631233 0.39622350122615763
0.32510576404775338 0.34044589002297337
0.55993666311512791 0.21357357203883473
0.09614072060960951 0.82094997878353893
0.42448903253527615 0.14503649191277188
0.38064229251283133 0.08643918044974670
0.24010719692089608 0.62947993508611932
0.76539817725380965 0.38775995529499302
0.82615219993947520 0.52456242964538069
0.09246379991697168 0.65391249642087335
0.48427863611690147 0.35494608178422771
0.73612977289249670 0.49259712519163673
0.68988413821211858 0.13764082855588805
0.54042800443844252 0.15095731103636847
0.15981715471461927 0.58878594119010952
0.61123236171547302 0.49534104504190590
0.63168882065958931 0.79722061937814981
0.85738854802455933 0.25305456435932822
0.43931919320762775 0.88389444121653915
0.53507619052593169 0.48778536908729198
0.19550045380053405 0.85188854161526295
0.43824596201692106 0.86763842162966465
0.09605312221084569 0.44365757875364292
0.14002403622627721 0.57946336920863084
0.48067094236311469 0.87573291390893881
0.71249871493161943 0.28682205422742979
0.70794559206160734 0.62949077446466051
0.27190258279223217 0.54347140002714822
0.05906929947869349 0.70966712571198387
0.06690522899865634 0.72927903394708571
0.13384978934744846 0.41090940505901974
0.32273596309689007 0.21689588015530037
0.05036868243664488 0.66683122256699234
0.37728622841845372 0.74182944426502628
0.38803611923171916 0.09664195008869829
0.80981237340155976 0.13065906939683714
0.71771275532921908 0.59071222823328662
0.27863933642778577 0.91143966908011265
0.74841995869466893 0.57619103397235960
0.30791392059513362 0.27639170041093625
0.45496310584767985 0.63107336841760442
0.41362667064879327 0.52113284115980762
0.24912544281532792 0.92495636450760210
0.51898236419687538 0.21836516796321301
0.65366827005395034 0.75685830229290518
0.28563310556825355 0.80985971059108663
0.59628109257580508 0.10666892200517918
0.40536672452073147 0.72512354617073993
0.22504145975808945 0.18574195428688917
0.75190407392884284 0.30913506442450878
0.25484565334179216 0.79924417038733453
0.44111504825340531 0.47290351229643268
0.65060601186118028 0.01516594026643784
0.06669972197045779 0.71983724825005468
0.56125258610759210 0.07787530063023465
0.11198220761715816 0.28349307010707808
0.82542633705725754 0.15587480495135150
0.48483629807145939 0.06565022074781529
0.28066432324492380 0.57595420152220667
0.10276883151604932 0.85378467383989420
0.39732112480771420 0.11412472011868957
0.74450833824863316 0.36133450050789767
0.41246156398878742 0.11040689847706719
0.60961122172380233 0.42169837007210731
0.53106183852027311 0.51318376426637269
0.10603708662552111 0.41744155034564251
0.46789790125962899 0.16682283211768525
0.05501787970477440 0.51287448822939896
0.56598544613786872 0.05594685808312005
0.35995871714461380 0.70596863210558869
0.33852020055498794 0.64127898522708959
0.51725715363926839 0.20301266772538570
0.44320555107174542 0.45941701954914888
0.15146311883811034 0.25705738960299374
0.07779549468088455 0.79174802066891792
0.50209890035465721 0.13260046888736279
0.00949669036431252 0.67875720852168664
0.81157450905039619 0.37135076627893371
0.58707478760088916 0.12361370978501073
0.42187991526100876 0.39437593234248602
0.67895521919886181 0.41658729825513013
0.76248815989947227 0.16927378750257571
0.31224605962155050 0.15829042457656775
0.57339120236148033 0.28158705396976053
0.06085762352787582 0.78396475933839593
0.70383537065751645 0.74827399433396324
0.52001193269060186 0.44562854049822298
0.52771751551084922 0.74830979153543886
0.77059348004535111 0.13015176492756511
0.57968966706474212 0.71345444717594708
0.27052675980466168 0.16830690758701602
0.26811981904506105 0.95381977821862562
0.32604625252282976 0.64550086630703529
0.05672070142009085 0.54039871903820247
0.61932657263895285 0.74075060097998469
0.53346575361378090 0.04740427888510696
0.26111812627518183 0.87618447054800064
0.24590559063457265 0.69444740462811083
0.37929196136794918 0.54612855187939313
0.65655329281436570 0.28979045221339744
0.49620293925737602 0.80470572434373300
0.15353245310948968 0.65218581118264629
0.62787740918264334 0.59234213720342699
0.18373772921209847 0.53909830323478802
0.34893124168199896 0.23974428661798963
0.21517408363874074 0.80311854908932512
0.65644990483590282 0.82464582450678048
0.29755753634423943 0.89582535491647608
0.17403947374163381 0.58387968557795500
0.17915924401272693 0.76812921980717830
0.33923306526914460 0.16198723461936190
0.47620438020358835 0.79641591904790388
0.48539304935766842 0.87263848172146519
0.32264044354996557 0.47010395874319055
0.31311098167203494 0.17881522671347827
0.35791519105213593 0.81101798605211528
0.65415450574652545 0.71455782605857388
0.30813769116581996 0.37639103828203285
0.05584411277730122 0.83557120166235244
0.11434689006824808 0.29871227659102767
0.27309746244283661 0.48166762595960361
0.11310116330008296 0.44271367312849003
0.34126516203476215 0.26477245441742242
0.37214646546533875 0.39890866724643192
0.64388142987535979 0.10334828535575249
0.15799989018304467 0.39574259801375733
0.05766717355798356 0.65368141618564157
0.28137035877050393 0.31427686943587513
0.12095557117067489 0.80957532736692439
0.86645545143153224 0.33859667197712773
0.60961399415993356 0.58621829264983993
0.73540436607099846 0.12871219913024873
0.17824940270592762 0.28157671621316216
0.19260234138623211 0.20597126046952532
0.53919026837008255 0.79580652617634462
0.61943738919522684 0.27383339237386450
0.13602134676060834 0.38771094774001691
0.56625690394313066 0.54721405540540968
0.40800596947821033 0.66016166321947389
0.54382337933882496 0.81618526742977215
0.22736800820710035 0.84681551434141900
0.71941180309716179 0.12493095812052619
0.27625271265617957 0.49957802130930001
0.64449411650220634 0.66886422369509757
0.68574869922791681 0.06975989631270985
0.65638547859827545 0.11104731292412851
0.10304988536466006 0.63465944373404271
0.27010208117491108 0.21447933618205856
0.74475723621444778 0.20627677299988234
0.23557308442992811 0.31271357545818440
0.66746516149910573 0.05278488566970646
0.24229703397453614 0.44434572964609653
0.48037793369670279 0.05040099911772179
0.35457622766434882 0.10934680362442976
0.25196931556578411 0.95966282942622227
0.35993930358776377 0.85182890797180388
0.46285553877391772 0.35761314657767490
0.63082262883075169 0.80350922972263750
0.45036641569403396 0.91632526083478816
0.32942732440325939 0.16326276982830348
0.40738553924449061 0.30151395541199377
0.35932316044282819 0.10720346603686684
0.05639231890609789 0.76775168274839845
0.20297169483961791 0.53914242580694161
0.34170789972100363 0.21898395876218826
0.08658749743423209 0.82418283827200345
0.62798029302947589 0.78025775031698974
0.70682689878807303 0.62384728541094758
0.51658104802008187 0.04916994601564174
0.70678806777224668 0.53399377182343621
0.44607825729665440 0.89374801869028997
0.67508200326455126 0.60592656867263484
0.72096562856906232 0.73751380200483618
0.19143736550277599 0.95168880546413792
0.56421663742229233 0.09867514974619007
0.72688227868893107 0.60478445000799153
0.42942933021698465 0.47766730832882970
0.22123156428392912 0.41621186919085879
0.16833340314508641 0.69539458416506150
0.47327482960182754 0.70860623841051529
0.60909215265275585 0.75473929336248546
0.68890841627891308 0.75929102832861139
0.08101403642371739 0.70651030882306076
0.25923589123852880 0.64340385140797063
0.65468950108777557 0.07268682032335252
0.18203903135693797 0.88423832838235050
0.66429865238980956 0.48709593739940604
0.68049983120422008 0.42393194252825339
0.26338220265692580 0.55347992721153860
0.52054627662802999 0.92152511287926153
0.48213857845500058 0.14212017722974465
0.47165734467583581 0.47677046526977490
0.56700894986062067 0.21860557407990008
0.17006590996190910 0.44260401506611263
0.80152511128968174 0.13868883691872275
0.46244245886446100 0.60270298161951685
0.75711827304765023 0.22884967450562405
0.09662408218905447 0.86231219668522852
0.04679381226598599 0.70759163959227322
0.29079366941536977 0.16437821519161622
0.63207576864379911 0.33765995870262494
0.60244280885971491 0.27023382566876653
0.79125458072647126 0.60947719584862747
0.21892831066692134 0.89028231847353778
0.14603121690155782 0.82286030435548341
0.77317256735088791 0.47477797110690417
0.14501583628231871 0.65461012740790581
0.37200783588271868 0.75463285739970420
0.50410917053812132 0.88580453231082179
0.66325151009600691 0.57649042117307003
0.32260339186679216 0.51321034841044277
0.81861838526095831 0.32376142455103807
0.73791450591633567 0.11647046118313736
0.25574802052969114 0.54302536726908646
0.42505486218057198 0.54099726457078656
0.76786525424828911 0.12310598120645375
0.79656820810202911 0.16211021048608953
0.01355712151164352 0.53937667383657761
0.25326640755975427 0.22377349518385520
0.67409642275069748 0.31266533875116964
0.38679040470874843 0.55855562503149692
0.56002732439095304 0.71582281313602603
0.26640852172833457 0.90853108201617683
0.05542641495849471 0.79673858883688531
0.15254092540804065 0.72788024714456501
0.40109615196098236 0.51900253592992041
0.45747657320227653 0.95043396607217012
0.18795084768547787 0.88556752226592572
0.69637103660053024 0.07663300797702942
0.79677131229721232 0.43849108444191831
0.08691783854634405 0.76225849464954731
0.60085026366217464 0.16184071341485196
0.54638569074670107 0.23749150784326939
0.40572762088201114 0.36204443193949082
0.46451485962309941 0.82151572755523539
0.50298257717863504 0.45726951184016840
0.11338920146241167 0.68385922186503367
0.21090213859876059 0.27912816389389200
0.61165561284422743 0.73132659602225902
0.37627277604626180 0.72627550532018770
0.19263233746916636 0.56861756566749544
0.57166454378800535 0.19060052335782068
0.77436782435557872 0.40312434191369179
0.30472838196990842 0.85628792593713254
0.53422331647540044 0.59680671847033750
0.15169616123575067 0.43179240083599091
0.57302803903690269 0.11790662815120304
0.15825042996608948 0.94470482479747397
0.48756995403258568 0.91638374719177040
0.83284725564139406 0.26874833764264294
0.42333099840598476 0.80258820057439273
0.68660658254660945 0.11501865119414650
0.10803756999695963 0.66856032007798738
0.19272589502555582 0.47637654846101984
0.26331057972112609 0.21639888406302588
0.40284096150262833 0.19594759382394264
0.07005535126157267 0.76910496122385863
0.03719047396162388 0.76357641327288606
0.36724796435358326 0.09616565546814215
0.62094353763507282 0.77324406295664760
0.71385946868834327 0.08473215552854897
0.59618954096526566 0.25638904006913366
0.21452861840663454 0.50635500477151385
0.66631206483848260 0.73182391925860424
0.38041380523530205 0.45815311786708851
0.36124456281269623 0.62446106576469240
0.87880517267836167 0.28291684424050884
0.84880013147414957 0.25306831513769573
0.44274764271311978 0.87942409771737629
0.41026505395123380 0.11523538628422851
0.39423084334510416 0.51084421431828619
0.21902500595358046 0.83485214073509129
0.47513252950683832 0.10331490213971800
0.40457191998537861 0.28441917723628352
0.54468784984109508 0.73939450442305288
0.41202986924776563 0.94979060508114399
0.68200616595433794 0.71652137767091406
0.04372488558818469 0.46732282006615505
0.84588177595016412 0.35056503069063621
0.34671760309235550 0.54828257910122558
0.19443307548333760 0.88593625507371476
0.17104677349384104 0.29360853041294510
0.21116646551654084 0.25831663885838935
0.61518803339391093 0.44988268562794448
0.27944284593408175 0.66429293302521708
0.54559010868379365 0.90929141227712662
0.82760944621364640 0.23161738456467806
0.24062068096488592 0.58649954695283646
0.58248827127746738 0.47979805415770477
0.53556511816457997 0.79022799892357598
0.12072799673564599 0.83331287469866455
0.40624362790714863 0.76467578116378254
0.51842197208453433 0.16224079360480595
0.61571109097008292 0.02673721175757645
0.51945408124032244 0.88254914133995210
0.85264217282946608 0.35815297813289382
0.23167252126595247 0.75810507312003395
0.64772895341645131 0.50837902040945071
0.23358252636242180 0.21578399469536083
0.17723920295105033 0.49992468325675138
0.68359115626583478 0.46614500285421517
0.28086877248600262 0.16618520102494824
0.13358272982472169 0.60663076804875282
0.49576222263732517 0.51008166261110999
0.21812425347427852 0.61572940682791111
0.16403179935974799 0.44611182108971581
0.26386386987241778 0.51662459652545856
0.13324053882010506 0.64612372718610644
0.16472984872153013 0.91807454382400666
0.44319970525697933 0.23741697624634570
0.34779218418044516 0.94543287016769928
0.53350075869521707 0.22893968385187016
0.33468862881985595 0.35141560783558246
0.42100987029758435 0.67568483536198409
0.71418000460565645 0.54929133401307018
0.53394368662686786 0.15007146835768087
0.18141540571587286 0.41644769096586043
0.30835458611492300 0.19848855019778461
0.43518122952955085 0.37646388243879420
0.60862261909386928 0.50329788319040436
0.81220232562438233 0.11602103864469387
0.59009909326374133 0.53368194369884625
0.62850316120303051 0.09966368809514982
0.09984736630503452 0.82436730582493345
0.16268500174211029 0.41705685267022830
0.85755964072021218 0.31398727718594588
0.18634018249929976 0.61110539437803324
0.60596465727044335 0.76389033512066384
0.02802570458817694 0.69737458065946312
0.26536939712535401 0.91989197637222708
0.79539597543075358 0.55289222683531247
0.45642156258685573 0.11967654376918854
0.83242234202337417 0.18641986677112529
0.75842316667222642 0.59602158270877093
0.52308844445109304 0.06686010630616743
0.07865314782453843 0.55753565224829726
0.51144258376025808 0.08214022598892212
0.85058231455444488 0.15179368492381590
0.39670212814984601 0.16052389282046661
0.71426563492053474 0.13740953753111665
0.08289166243319181 0.32912133300369822
0.17277004144736172 0.24548566200119010
0.64732132916310459 0.25144808092701887
0.71882169792090056 0.70404025118767566
0.44349457547740023 0.10122216154628089
0.66825378721469231 0.75594491828063037
0.69875104645309949 0.44324832322991331
0.41140355108484350 0.19009331762041906
0.51720179694336932 0.90149532173241753
0.10416251751982958 0.36881537563084482
0.47700754234437365 0.80284326731724120
0.74912842131160962 0.67770479429773967
0.78831810071665953 0.49595406303555234
0.05413016802799543 0.61335255850747761
0.82305904907301486 0.20969944351854336
0.52297778891482127 0.71489380230339528
0.71013083533544119 0.08793540549714905
0.53042469091017508 0.86233091174033694
0.72992917083491948 0.11362131159762209
0.59819878121939885 0.03126821898600134
0.45604813038016984 0.83694491044314667
0.14039398239686629 0.38473258894293183
0.19922422166089712 0.67575383118498045
0.54728003989666596 0.07697890391401006
0.59612360709204582 0.68648905299946139
0.18965609281009616 0.90104839417242533
0.17663307993972971 0.60084411399530380
0.12420708795675379 0.86048914636015650
0.58937194767670209 0.02765157295297595
0.07103153012975789 0.44187081220789864
0.61305883900989333 0.61870270499065627
0.34529332115575284 0.70483456447694126
0.71861673519286684 0.59671568602172276
0.12194924396143189 0.81889671292519761
0.09203893981020039 0.53740756200695183
0.42016560957177052 0.24604373025662990
0.75487813692665262 0.60521025438680376
0.31867512992192881 0.93632286726398217
0.26552376054554849 0.48116704834375956
0.49327343769607079 0.27206553175817161
0.16885676298245728 0.25194730099701873
0.32562059998355991 0.19831087813426182
0.07047647267258682 0.63049001316817654
0.78504526772574912 0.43481425768413162
0.12668812767404339 0.59405231633198963
0.11825574856506273 0.63672476260420974
0.16139704470024027 0.33445004526032668
0.69006126730894835 0.20110522180960652
0.65075861086253584 0.40321379654837330
0.20715452188139219 0.77395815084033881
0.48313887608565864 0.11767405313945134
0.17840715811999436 0.30969641745568610
0.74633111062289736 0.66883481717627502
0.42211457602023078 0.73645135152391528
0.36875167667563996 0.80465937626558104
0.30873604418341405 0.16693725664463951
0.69903849848531141 0.23513377748499131
0.72658160438406671 0.52216465941682544
0.51395043120039818 0.07567365663566350
0.55575180203821950 0.13283869130959017
0.19526018747888299 0.72996742037985085
0.60199173081219270 0.41666451946421379
0.80584336410417501 0.22136345095240761
0.36941873542672699 0.87842107285475968
0.58490735679728378 0.52794485259722201
0.77938579517973672 0.47584374258647866
0.64223166331607129 0.36437387416047229
0.75498743333650242 0.63567401826161962
0.50310462749856388 0.56396835209920770
0.19295164709243082 0.25428121739994747
0.79447105332719792 0.21074815062183780
0.69716413449849424 0.37072881344441189
0.38472188205593860 0.95385672165511803
0.68150680384537310 0.65868079678752656
0.67089342222408044 0.51926151114205876
0.67188382832797189 0.73248092759392913
0.17752382810200315 0.68631288885652908
0.68704822656951359 0.08649346259381777
0.23783544618797006 0.39060074838287245
0.52743954628192991 0.85269274697345487
0.37029321538980103 0.24433859092140872
0.25038437206526171 0.75316232398303917
0.12141966604337744 0.88656522367039903
0.62623325987392098 0.84367946356930901
0.43921358708824276 0.08119758622360272
0.29410852118498959 0.37235209314180917
0.36120991549543940 0.90827363572849151
0.56856286538677459 0.04730565223799488
0.44934922483022410 0.37173049980245082
0.04335264817000117 0.56594373980683255
0.10131659861234747 0.36286763552087614
0.54978017795051726 0.08634392102926983
0.35999726045956171 0.15948378200531441
0.35359694060123947 0.84935706765814356
0.80755727374068920 0.13796913048932855
0.82014517650387653 0.35761243123710745
0.70289337558993958 0.47687896457045914
0.72921961541042735 0.22994999230081173
0.65728016493558872 0.70365361237672397
0.47926620659061242 0.45748467451351760
0.67073674898417690 0.37582541283651072
0.24742732031371162 0.93059317084001103
0.14514290625798945 0.40823530097011851
0.09074551107348391 0.35231214169382080
0.82588409863281342 0.28743998338173971
0.71873960568624928 0.22233221311228815
0.55787218749536305 0.17975981933967819
0.48167503808646028 0.64067540575853710
0.80233958588842247 0.31116443115170256
0.13093606165400262 0.84834793788799578
0.48858443840921917 0.63909596589286444
0.34839942350514214 0.27452927035294095
0.75864218177912546 0.41391043942574546
0.40019493516690247 0.13292186613349083
0.44883799512797179 0.07027663293151530
0.40574816269454156 0.83278298909104620
0.55294933016142567 0.87143650407633544
0.62962692037470736 0.24940097501763159
0.13119380240379816 0.37575483800861315
0.54925460981987950 0.55986862141746974
0.28425999094852406 0.82332839866963137
0.42154103256084746 0.59538665842143901
0.07567489777531546 0.61821563746321773
0.44112937140959313 0.07649273494515489
0.47185902974598554 0.34815440876811099
0.04438824863577307 0.54100878266744412
0.82505537450780153 0.26472915642056372
0.32072661038832923 0.16080880897306654
0.23296849241201370 0.64093471929230639
0.58741885791588000 0.61185162102358337
0.65094766571751539 0.20922586897877365
0.06233417859083067 0.56138112044621469
0.46364877886194833 0.82856526591198687
0.30435531478023198 0.45723198399866982
0.36174711330890624 0.65877875287496224
0.66594848236110438 0.04726705006411911
0.11050502279654929 0.62375064934432467
0.53253899528871673 0.24334100439230713
0.63365801390103627 0.83755078234559088
0.43754009383021231 0.69178592312396425
0.23190351661187081 0.46751725951565321
0.68631092866139976 0.66906982948974991
0.56744790469826567 0.15047195626238194
0.60285431057537364 0.12314434486440469
0.69286297989180379 0.66105742460329697
0.80884161575925462 0.54551378000724271
0.30489396034036670 0.60955739155637223
0.18987992106782697 0.50655364183118601
0.03782058640633956 0.62928244718461956
0.86172845464341563 0.42821947847387859
0.17353802144658431 0.25648275883691324
0.27254156791770562 0.18406322493031521
0.21767143795931113 0.93571870897478282
0.66068396457508805 0.73105117863961566
0.59024821704430153 0.13754194568149850
0.63178496924752703 0.70131568519590637
0.35687521994027599 0.86321439364466168
0.41018938632721341 0.27892545156508558
0.13813608612560857 0.86243397660233456
0.37810868480103471 0.36869890044104520
0.57626239718033034 0.65088976045558455
0.82265766913393323 0.36892637088698493
0.29854824091399029 0.81144719638297191
0.45021457342364180 0.48510639452881571
0.38614180232143808 0.07426172778427513
0.67310186337290834 0.05402505628110905
0.18745990071022606 0.64128440004717968
0.30916744637708105 0.35733244060502106
0.34945666114091417 0.13394863518911793
0.67061488616655873 0.69007821227257471
0.51358199589041609 0.86148275922243556
0.18240402950542586 0.30102918490107433
0.81542448330951045 0.38196813141276736
0.60324435878729987 0.11676902747875546
0.23680396013516444 0.59278019069952514
0.03648281176056353 0.59445380176819407
0.66533919795729624 0.29841838000256171
0.07547798206057511 0.56694824626427887
0.03696934060375025 0.49004579932847420
0.54149149602003344 0.29816228472864792
0.66659452155629928 0.69465786965969989
0.81274730044804444 0.40871719437159532
0.31440341871698124 0.34384276119843826
0.51103359548547511 0.73245785098682314
0.40354978174770384 0.54504164852861425
0.42408844834340120 0.26141447792830369
0.83117931861635319 0.42696656002840688
0.45483160486048213 0.37717950930786837
0.78080844347388878 0.49848602584510748
0.52694547590341467 0.77154672205118924
0.16942776540353344 0.34327295896797488
0.66056630352906642 0.15710387581374960
0.47082188060038610 0.43484129646749542
0.52639348777015893 0.10113024440996092
0.16358744902464459 0.54708047861360654
0.50400502489791499 0.06554994485490322
0.33413764435288174 0.91488011567375149
0.27917911040774196 0.42261775411346364
0.75822126661586464 0.39839699422321057
0.49885147213079561 0.63120549065946407
0.61103282627482625 0.53171375357124573
0.09514429654482616 0.86988689532998953
0.59963880336302766 0.40327513571594936
0.35323248774210464 0.30337119138002311
0.19323777844308421 0.61257765874125336
0.66111923412121487 0.08356790885692723
0.43261496735636762 0.93350716262189337
0.33699577340406683 0.12154590575595001
0.03803654362475580 0.47138228622669553
0.74608186782895736 0.44765280107379291
0.12912276725251609 0.82773959470785297
0.73089689430585869 0.73870613041453725
0.67942387526286485 0.11724654335003351
0.30539894563424708 0.74376743786167177
0.51603639403191992 0.48975504880312354
0.81631288343758424 0.42979147611241897
0.74840809270751596 0.07091094830457384
0.44397247139038626 0.65899479439662956
0.11885445417918993 0.75662742092020729
0.41999080213630569 0.16533765098706404
0.06927801837417932 0.78990807525223228
0.15474712940045754 0.55808535600225839
0.54185134132170987 0.23169754925992100
0.79296218320067302 0.53976343644250524
0.12168248499036290 0.45583112648235097
0.03015207551804664 0.53025353163021782
0.17776483662560813 0.82824958129902193
0.27814094769012504 0.30050314761716806
0.21676821444223959 0.63830959515200758
0.62086742805248341 0.56014098073637852
0.77683659506320557 0.27680692647430311
0.38288281480623776 0.60276833784561401
0.42465706016867893 0.33895540732020746
0.84014905291411324 0.48914241338387487
0.08247266487833807 0.89050514596051356
0.28602492811817970 0.41138276367382698
0.12761403471647853 0.87904374508178007
0.46142258514097334 0.58824205152744891
0.81329055987114940 0.47100317519595736
0.38567262283769677 0.59599242224261084
0.08268095444784419 0.80393194874804219
0.73890340806802790 0.62401343407005661
0.82864274864442677 0.54819460035672074
0.73117244243695723 0.66456943459859341
0.54399828704278097 0.84028439289050860
0.70857295222037087 0.56995814907683806
0.38570472791534194 0.18853303219287892
0.66426010852226614 0.37978807205084825
0.42083931746424225 0.51917954441768299
0.21230543064096313 0.74743280798561784
0.68381087057169243 0.50328445587390247
0.16377818190418586 0.66157371001543308
0.68243325339190175 0.02964005637579125
0.41388809504126101 0.91162516231520208
0.04084615919509611 0.53032320345670025
0.11089212926905206 0.46118705865288018
0.34526092256541591 0.95412096260725932
0.47083876761372945 0.08881474658408717
0.49591363065217853 0.10899994142105592
0.15419016944886643 0.77258357796446975
0.08534504269012079 0.60497744487565119
0.38266727422562175 0.24978196489296567
0.44469134081670680 0.49123611490131625
0.75452954705486952 0.45438230599000318
0.12045146426349365 0.41236758395948059
0.70037856211960237 0.67383668356003479
0.73403220354943932 0.06268169734247001
0.16307862709862947 0.81910118574291391
0.52679858556170189 0.70918582077880732
0.27752636931322194 0.72106197350912737
0.18032403080916071 0.63015303035259029
0.59486012581833381 0.06489041702582003
0.08882250182119619 0.60049107806772006
0.08340534976983890 0.44916107469336758
0.83970989740257085 0.18672497372525765
0.11048361760657463 0.33119574102780364
0.75028201402485017 0.07618517319940692
0.27621870134791576 0.13596830748902636
0.35368830513426636 0.80320274492705968
0.46043289960526912 0.22139613474789419
0.67587012183636563 0.39421913656461616
0.32406895943845782 0.83420131971716327
0.66413951399970617 0.26523718971507815
0.21187237784396745 0.19699089490280011
0.54240067013755144 0.09423188029203487
0.59050699610748436 0.10468096340456816
0.42647140865902261 0.92106922265410318
0.32444391977898968 0.67937752851750188
0.82481257728075852 0.58690679172642723
0.48784394379905788 0.74554605805899377
0.73781894016857197 0.55240434868205235
0.47719737549084246 0.90574584653453605
0.12074335156155357 0.92763459489423405
0.84010527519088707 0.50890313419181499
0.33399326149324782 0.10468994723580557
0.54594180488531197 0.06786600650650051
0.78826902004235466 0.14748467403679222
0.07386208586326323 0.45163399823121941
0.51732766737978075 0.61960685652654257
0.27298539146363865 0.20521742800624276
0.56403427676679829 0.86177584080765368
0.12249329269178373 0.44473990574592764
0.23901806993171870 0.17386465172448295
0.37700796108988832 0.91211432688115424
0.23437954650834195 0.85126043297692788
0.06819578358840271 0.45028600639118882
0.28215908455344191 0.17524701257087044
0.80452757632426997 0.61217367717848281
0.72186072939183399 0.16620673175055611
0.31675059874611039 0.54887596674872630
0.67256319313326351 0.07163172850449799
0.46454777669746045 0.03271990421742504
0.57929475492076088 0.82454801615970952
0.14840469843622514 0.76954963759996098
0.41950589752436007 0.07930281367180150
0.23013260292570573 0.31762647420815215
0.17789537954734011 0.47954477705276044
0.68323167890533620 0.31695578864131813
0.79374976573047518 0.14672704416235302
0.62326908467134357 0.82236132943410190
0.44712388649657031 0.86595919252796472
0.50565567893103258 0.12059973702814283
0.55221452586512465 0.36381803028213422
0.42832797281635548 0.11077710872801132
0.79303467611976441 0.38781940334823956
0.63510906306928527 0.36574337306421373
0.33418587667257182 0.54573007025746101
0.42459355147302408 0.47239825789073348
0.59826336512913836 0.23208980597590231
0.17360574009702920 0.53557940683750582
0.79510092059086435 0.51542919932047715
0.26968617220473695 0.89662573754192909
0.56438654537424793 0.09278771056439210
0.14532267441619695 0.37127422956844564
0.48386394545703509 0.41141374198673031
0.75522703909100986 0.08604026686169894
0.37241681664120002 0.81789187513933648
0.29247395049818825 0.71955581015541459
0.25231692063442412 0.95203740261296244
0.29048128581932481 0.58720024258343284
0.16149363615289580 0.40269153395017571
0.02981910662146269 0.45774211750803445
0.74689798806108365 0.16288798883875369
0.57198229453710692 0.59627705330901115
0.54647170828258707 0.41830417351142440
0.53999561283868769 0.24131993055209580
0.60565372535520356 0.07306449833670466
0.12264504900166007 0.68466271985405491
0.68305440247494142 0.54390643182438358
0.60571564115044618 0.57829825629801790
0.15997874864270969 0.46191521692204301
0.38338045856767294 0.10492979700520828
0.19339030512174135 0.41414515951433784
0.60295245654171337 0.40953960127390870
0.22985381228188537 0.78988855942635183
0.07118146371339429 0.85930758357440007
0.73012414739334586 0.70157208268447790
0.20020827267152921 0.77262999460632231
0.67184041218779467 0.71801216941034429
0.17928108792734646 0.29697925901965527
0.57171685639316339 0.30236216826169099
0.57368917860255619 0.21489757946650456
0.06907197036269182 0.90108781080982081
0.83060274547323287 0.22650619984774575
0.20717998901697057 0.55322119930354141
0.28363783031341216 0.70848899939653676
0.58909904833598337 0.18451958580843436
0.62558911940917505 0.12276288851711037
0.61261182500132327 0.04641895784814711
0.52311101538483917 0.58730734662972839
0.77354973553927020 0.37978017671791020
0.16880561440675126 0.31151924488991395
0.19704652468010514 0.80137971228054194
0.64820011699410696 0.03387539942515420
0.35491431499722265 0.47237813737631607
0.72560472516446428 0.56010888080962196
0.35984194772066808 0.18695263693992872
0.28240944754162223 0.47884804698785088
0.50875578756675932 0.09088556390197265
0.46864908951269518 0.48584489910364492
0.37370405550184654 0.10897240596846836
0.40361010759779492 0.94528196659268793
0.66773237860900192 0.61623113052181677
0.04598387131377972 0.80319862819976551
0.68335405873795518 0.29237717828836018
0.37690555085311678 0.21848388170480393
0.54020001504509108 0.86724461235589101
0.20495841064064180 0.67167542600450392
0.35851611852587184 0.56637175517573635
0.33237506161110519 0.44398156647985798
0.21739822664867187 0.19924611877607609
0.83262814269686758 0.29135013303424007
0.38548146542503103 0.13683580254505351
0.64107314112270330 0.34572564344489354
0.07683921734342555 0.52792639725875767
0.60146177667407530 0.10341292100831577
0.85900029761072449 0.27426496886073060
0.38102235291787634 0.53021334993117375
0.54739613652559627 0.04068721808263547
0.56499717201188404 0.38263336500870032
0.82527777089697207 0.56911774491508926
0.67172091923604882 0.14354155354505982
0.37379660527943598 0.69772931719987763
0.38173663544340147 0.21103904246051841
0.78500427455509725 0.15638245133515044
0.28313175504932547 0.39074042748909399
0.31179981926496392 0.64664753785439788
0.59330315906863607 0.43414422546331177
0.10376765808636106 0.73312788738412504
0.49811608714537153 0.53625552647675745
0.28950151730888390 0.26588818958891575
0.06648370847896777 0.64950041176126361
0.71849931216446183 0.05793087070376164
0.21684292240834449 0.38666643447170024
0.47723072460422167 0.57723138737643853
0.50607171507875159 0.79541187315211381
0.46017399860187086 0.39370161769672202
0.06593186342489916 0.75200278195263326
0.72136656694809476 0.38497722508256887
0.41518156903710762 0.73762388972900084
0.20451087681415420 0.23562155755637149
0.06872598043200535 0.49414491525057153
0.47430844687234397 0.51979808271925643
0.60911567981691683 0.54518430936197837
0.11074330593807059 0.79618310772635503
0.54070808351950683 0.63564463913009284
0.70123011771867017 0.07831652212582323
0.16031299273346011 0.77562819396054716
0.30587012507414274 0.78834137801407378
0.48831926372683904 0.18970807708237553
0.15469865584894235 0.67595110349330645
0.78091870116402107 0.16005063358066257
0.06983788458347297 0.55652989651640039
0.41748206069401561 0.84602073113923448
0.55092183740870171 0.01437223471933595
0.12411803590769109 0.91095016019750596
0.50061374909013090 0.19287225735751895
0.63713568063486148 0.22500016799339084
0.10559357070624484 0.80561669276700110
0.15716787936216056 0.38042342118339439
0.14590330609783922 0.41465976598676230
0.10509982261474506 0.65033003756235230
0.74865027508242432 0.32816829790688051
0.13449164588149870 0.41662870360534932
0.62247402340609703 0.02432088890042189
0.65274530667914277 0.56598182434804856
0.73897346791132679 0.53383305029400807
0.37292607942778683 0.88405806124409447
0.60767564257681372 0.70040172249329746
0.17775792470084728 0.58996545263838018
0.74973683788579359 0.23079824900445084
0.70790314822395040 0.78223182661246682
0.52418104234318219 0.08075008649996383
0.55975010842139694 0.37677306176460057
0.72587119878590811 0.18816208920252053
0.71109730084606848 0.61228150556373806
0.02301097031484326 0.52187599147740937
0.68772509779915547 0.30522176300887488
0.20704077536503288 0.62710982731158571
0.13702371277266431 0.51886823927191439
0.42248107397529278 0.49895502963908750
0.02713382974084145 0.54234276977178375
0.50952759235222045 0.65673438051379596
0.86502800545637126 0.49126362831672876
0.55035714849985284 0.52003377806561635
0.54900136798204668 0.67133459061933642
0.72942405449203007 0.32595617693346407
0.16240415792453136 0.28168263343970762
0.08548203100006860 0.70409072537340800
0.16311111516400348 0.25630502677503464
0.44260465266813526 0.69805266747797179
0.15712449286587371 0.91070198987414219
0.55224545476026621 0.06055407189389247
0.71905232795524965 0.27898302442980594
0.21859041086934861 0.47493747405479292
0.39430998942405471 0.10633438968160887
0.43651063375395971 0.45694166674720305
0.57156690476714989 0.85013853631012837
0.32983789533529628 0.75878006538403731
0.77398755644941097 0.25056330516333314
0.32907746704251073 0.92272478136230252
0.40404082170873568 0.32413622569473960
0.56796826628510766 0.10868060728399190
0.40978843647645069 0.10083147511123736
0.06923520490757047 0.50655211805124833
0.55025971372165572 0.81736847775586818
0.73980172882747142 0.49952991911201866
0.22802504663995410 0.28654697012928670
0.04795494839499116 0.60124431811267798
0.34707026814638825 0.34443266027706898
0.40560631203485686 0.10359862040951885
0.30945255133294053 0.69885075653018858
0.08971006347287075 0.85674239846136635
0.19651795282617168 0.56272238141959863
0.32101641510247442 0.18672253932382041
0.31579892354509603 0.66113231344460843
0.42762482638237170 0.35643274544910175
0.80814401418777615 0.26838159684830665
0.22573665123194206 0.40282326028352144
0.55983997238339023 0.82334102825680877
0.62234679962241723 0.24943850282851160
0.62262302976584027 0.15835927435889449
0.27787288943575389 0.23673412275247155
0.62388615646545620 0.69615837448734796
0.55071792593407687 0.61251147028693997
0.67007684172172133 0.53869175781805467
0.58536585492882420 0.23931509905749193
0.42263683621504433 0.56983595861570546
0.37900478866697468 0.29898199659518909
0.20798492666183468 0.85045924314678378
0.45220443464772331 0.32967274627005549
0.37655790476360335 0.11250829175972379
0.27239597358385997 0.94821849671306568
0.07796871905810547 0.73331014460767963
0.71284781653423634 0.42849095483660121
0.29213903197304003 0.78973425554348931
0.46268607426387770 0.70189241904889843
0.40362628376868781 0.69796057468989381
0.72052672544602880 0.60260494996836045
0.09018574974909560 0.44154868634866956
0.45462410223474270 0.85634475119145759
0.38492984284787940 0.83341687318793456
0.11117513826314751 0.77697242784645904
0.21503480177624770 0.96523597355743784
0.60757425429782963 0.82554622070553896
0.47549593924728162 0.07115725724865531
0.58512289092655789 0.59144280531466120
0.33988438514963198 0.35671614592454703
0.22076774809655719 0.94178890255447101
0.34147918752079387 0.87326894791938248
0.63768586057726162 0.23864561146918348
0.63963116147459509 0.03654314227553117
0.31338124778143961 0.42802443412455976
0.14539088451540821 0.84098014131733601
0.34946178305332121 0.37953303082687712
0.70810451524572215 0.51500316607735319
0.34339058196925820 0.83898346917883693
0.65858105315451509 0.00879252217602911
0.38002682092250217 0.88990869161749431
0.21339798116113523 0.24464727464018679
0.42146009570734377 0.64164462819008616
0.52190003196621104 0.75321637788172191
0.06596086953466410 0.47734908754707617
0.29193513858514925 0.67277016886263663
0.13312304874130407 0.49103983565997938
0.70974907614666394 0.05062048584093618
0.61998000137390097 0.07997166496075464
0.73142178840792782 0.60106980662381027
0.68888651642077359 0.70401066660043499
0.33977877861403288 0.92449750847579759
0.71252143433016002 0.04025377278372800
0.24828477525689741 0.31296277574468395
0.81104650701528680 0.16754815215333682
0.70689107455048938 0.32401649399016497
0.62730389599833680 0.49575856574891752
0.43801878492462770 0.28931429098729899
0.49229039415561637 0.67391993870670663
0.65746896985782122 0.51859325970629744
0.11077418112349065 0.90331079440057527
0.06374301862506770 0.48219763805727528
0.31364469190575484 0.92003362093605812
0.23594154035285070 0.53305931085600455
0.54097290375094698 0.50168581977575932
0.78441632987812870 0.31986226888845121
0.49872244104397917 0.72657427341160896
0.14045665832691354 0.90804809358616889
0.80042698336458951 0.10634162576680739
0.11569530752560711 0.48301914236686400
0.15292659328900771 0.22908822282965419
0.55755576435269338 0.52337583285876599
0.25139857229812540 0.81538631353914703
0.04960446539626863 0.66222997551359497
0.73364427509200969 0.58373853234448614
0.26905743456598663 0.38866365837149125
0.38559022704079693 0.36809440218129658
0.09847541323555742 0.65370718655161797
0.10007958829014306 0.71754310101847929
0.27239954765876229 0.90773813122993219
0.53675155115502826 0.62122171859487874
0.65790271576411619 0.34258924070871954
0.46110328837547032 0.62366420165223180
0.49634001475657247 0.54364210490580878
0.71256567083037381 0.67450245505719608
0.29820253321417478 0.97152806924156165
0.45151093077028170 0.71001892146018919
0.33512980368777601 0.76518777785168701
0.50092768767192608 0.71387808556052101
0.31141954840083519 0.73915401057313235
0.56777809764547538 0.06106420753472108
0.47495579896153084 0.60821642686954802
0.59084740934747426 0.11793114015590228
0.07153217334709429 0.73156296971033485
0.36398445410301311 0.95083488547437678
0.73609647758080921 0.14091362320479661
0.56578614005125305 0.08731463953699078
0.49231977357345436 0.83742026179620010
0.48413089341737020 0.28380377642719112
0.22706426153059400 0.52357648115540345
0.39714795356595983 0.10245195991969425
0.63306158505721644 0.55440954241045004
0.45666934765916933 0.54554656712548522
0.43756090709198558 0.91656972673282988
0.10143504786303666 0.73861991783131853
0.58960966851849328 0.86790455952517342
0.06974973266893789 0.70624182179911210
0.13905861772649142 0.65062974225549175
0.19650775110833943 0.81001916182780920
0.03754070369464858 0.68352929468682977
0.18798401887196187 0.56222581575192210
0.32276255539219195 0.65824642616306439
0.50622603508046160 0.80406949743908729
0.25009626282652575 0.20833624393216651
0.43048287126943185 0.34982456919661581
0.74783710968366246 0.10524790514584427
0.79342924148710559 0.51049253629010094
0.85719019581470823 0.45136349277977295
0.52227405091387868 0.07187635895270521
0.48625295942612018 0.59123513040603326
0.04101562110064021 0.79937825750441449
0.56838243160203883 0.76142613621555488
0.79925194896250829 0.46834081777815889
0.22350423799651312 0.60770423334523660
0.47058339411239125 0.68146645600389510
0.20531129453281646 0.26569800333713978
0.64273006580439451 0.58338977214419918
0.10602746822429765 0.74302840480570798
0.47990391470753102 0.78974419815385288
0.40077298053866589 0.85530439415492554
0.21723545077466788 0.43334276926217791
0.55613167833405552 0.82710034670619537
0.16848254228682913 0.93213850031702117
0.57825338015054473 0.32848134257351574
0.29690736143240692 0.65031742312260066
0.44219273360826239 0.05564972668395345
0.44556619072601339 0.53759400127152135
0.33364066618091343 0.15030047969780191
0.42220612566950710 0.77099430833669358
0.54387397357173639 0.11693760111535517
0.39839312046408509 0.48168532836277761
0.06634866596447681 0.45847012067712700
0.83469069570685395 0.20457613129023272
0.40426555383684387 0.91750360314815349
0.04384208543341803 0.64260960385982302
0.69679234432050774 0.14328165581037586
0.05014404452597484 0.71403727290337493
0.48700923713053845 0.83337295679404877
0.45531471481957830 0.60277576259014543
0.40280170237964696 0.86740476067343109
0.13334447001053740 0.90485729863597453
0.50269844009149689 0.86075434352394586
0.04253307640917255 0.58309342994790858
0.27223744569286917 0.66794722027718889
0.58079293637558738 0.27660578176377959
0.65050196781153691 0.26499313018483339
0.49349225136316821 0.77208463455103726
0.54421495166927125 0.58024966320568316
0.25574419586704333 0.56545584846292996
0.26553381949910315 0.67285534820677406
0.46246542163541809 0.83476935465461666
0.34706925069741246 0.71956022187054136
0.26281489444354078 0.20326623145815165
0.18590740735527025 0.26386071334010430
0.18008415805996320 0.53323591769395728
0.76605102606681619 0.62422120270767278
0.51599921460790021 0.47471738131159003
0.62726340846692952 0.01971364556401995
0.66858140887467721 0.43410702152648617
0.10846326146455502 0.92029563199742737
0.74344313427999986 0.24983399023743177
0.54605469368675197 0.10987031954152233
0.74925979578233781 0.60449689389004346
0.69399749316063297 0.32516377164876431
0.55896000181059668 0.01851613769655633
0.65065252659050221 0.11374530315289637
0.41531170934640665 0.57107511665659838
0.38208951199591284 0.69462988817918048
0.52239744985957115 0.47086804198289767
0.59397650121287815 0.21241843599754581
0.24890576970880721 0.22212541945925776
0.40797318797285048 0.34569737462368622
0.59540860396625028 0.19326629930297509
0.69286413096690203 0.64730618597413803
0.73300542729353557 0.72885560891634882
0.42213630844709071 0.91632383809837992
0.62279055678631257 0.39439365530765502
0.59653207289571963 0.33505035652617110
0.73320006059530729 0.05667484694622012
0.62689249591113805 0.10607229885032665
0.02991828482029565 0.82593135415793917
0.49398161702747662 0.26488861264242181
0.12710487201724419 0.84318201195874332
0.24419658731354185 0.28329586939414353
0.62735572008187912 0.06078350948769473
0.33215431039457483 0.23061905599814650
0.24506359741856418 0.70486502727724643
0.06252661523031851 0.82678533575511692
0.60998812468271502 0.28496324395002698
0.12221299554373700 0.43137508860594614
0.47041445083926176 0.51199761693039303
0.50196544382618868 0.05564281488066621
0.48333548593613285 0.43526101329558115
0.29751270151289283 0.78301625907302674
0.24140441405483623 0.88075567798073684
0.50694654963206554 0.23497288535180832
0.43064365494890539 0.12903673773448154
0.15285325335076566 0.73761261255713806
0.65953681832135724 0.44530591408712816
0.61530637739459570 0.05025736661967646
0.53181542209285015 0.28497792782120379
0.67725693348044802 0.73340649573401739
0.72349096627175802 0.48131878096873798
0.19663615218217170 0.26757234858451895
0.08599324118127639 0.44316520349471317
0.29668078822989769 0.23606968174695558
0.29788929880504839 0.81887504097769215
0.25848613900790096 0.92786211613094738
0.29854332298020958 0.95728455040714233
0.54777963538543106 0.37229980772877408
0.61059287726579636 0.05135696520266209
0.40992946260034646 0.75165161302679606
0.39963290382545996 0.20873523079407003
0.30348939946952258 0.86895859263869502
0.38274469376443260 0.72955341224315651
0.35216100958595459 0.70215818818677711
0.58626755359294425 0.81157436140313821
0.08579855332157106 0.55034206423303411
0.57791902881777979 0.52993311734458570
0.68321788506001435 0.14636509358930153
0.48318532953182169 0.16604752323566532
0.68068967414437853 0.66996258000630393
0.57535580911860407 0.18481912688489169
0.09836132070956086 0.56557184031217778
0.29765423388271256 0.84036990788772892
0.65832491303601881 0.33099241398822432
0.64100556759790350 0.02565388314916671
0.58833745916282132 0.54077844095431693
0.18335248622813444 0.31059841846272435
0.10614040633709527 0.36358536945844122
0.20456422944815805 0.79941109903275420
0.27827460106951812 0.21122271730841188
0.42401703287361309 0.08192753696018518
0.52431555353318859 0.51725448210222658
0.39784168647819618 0.12874808496050416
0.67732027834848685 0.74878008349348946
0.26493923322288576 0.24903286715355591
0.74919628771333424 0.39792527966652302
0.43292333283779227 0.44535303537570714
0.39163471061451899 0.93097310349146889
0.63662862537656673 0.63162565475775645
0.39437979336923296 0.42570549362703358
0.52903602158883112 0.56457280335875970
0.37237705630276097 0.31941086189913703
0.40147175292521747 0.45451486410684372
0.11037419359221372 0.78270545602994901
0.53835583256312147 0.57560642005707452
0.19249081841830876 0.75981656915998208
0.58302250354029106 0.50062352034052737
0.02318533650773730 0.55674754234965818
0.41863938977091497 0.14703370141345096
0.25928634258483796 0.72949039900715940
0.39126543658713320 0.78142458377235657
0.46415504991363665 0.31287341902603572
0.81994637219188782 0.41587022484407032
0.40278683290694500 0.64441666531100239
0.59317453907177620 0.15708851162013029
0.77001633005691006 0.57404544445044448
0.22927486838834818 0.66225969469823143
0.59488573278968460 0.14971875763130110
0.73440247312670670 0.21475539449609424
0.08907859273962923 0.51319127072522353
0.04872643198008381 0.46441415273809633
0.68235653033451027 0.51387675919538833
0.18640765975709925 0.89588675300234955
0.60743591127919072 0.77951567435664215
0.81161104114049498 0.35040411815624911
0.39004604633073614 0.43197965984751896
0.07753338790608201 0.59474700656581458
0.53487388473899788 0.05989655234194480
0.34942349099769443 0.62668520142608375
0.45181899476413651 0.44797989501158436
0.51988951812954276 0.11261871670045122
0.33094637788875914 0.69582345137194423
0.05613215214300098 0.53452733864662294
0.72117172575207189 0.71541881010613273
0.61666087169948602 0.72682186689297124
0.48969201108299532 0.50697744166447578
0.23348629097620235 0.29911382956930682
0.58633396933494630 0.15901205089743101
0.82161948368711735 0.45115049391065165
0.75736867967261312 0.65609452201069318
0.09766665306999738 0.39749086339704659
0.67845453793381993 0.56330728147779907
0.40180500402785341 0.92516686299379747
0.28830083177493704 0.52400282597099779
0.75220352588941231 0.58025646824302501
0.71401218848828607 0.07540127708217868
0.36869942632688263 0.16926622189132401
0.07368490852598206 0.46613058585268130
0.17562597609960426 0.35225239049892548
0.37259471921756376 0.64296672716113623
0.63633558455914341 0.02947677944220198
0.77730042083971007 0.46977453387043799
0.23623636122753375 0.64854517661523259
0.36213055596117838 0.92599238061812117
0.76684368956955351 0.09705563014275695
0.54890589048770699 0.38443514221346542
0.83021112621759030 0.19234114984939574
0.72852168078597768 0.67449479309147442
0.50583093823916847 0.83189037809745714
0.30463058528970988 0.21773246460817916
0.47584769229020130 0.38282096266305943
0.66386916122666484 0.52008846145446619
0.28881803352532143 0.90410252176074024
0.10155928262305153 0.35744615175609606
0.47252706665334299 0.17264325354565466
0.18577421135042810 0.46705959255722490
0.80832859615730912 0.10447665222628404
0.84781235683360412 0.38231304723891496
0.58312619277288302 0.13295128185316779
0.24713991661058032 0.62158826983943660
0.76684374634712771 0.51134027576004359
0.65638448578771347 0.24482391982634771
0.04942759518045495 0.40208891938362673
0.31852107970989996 0.33767793815011660
0.42890696458396771 0.88177777194524865
0.34841593866210324 0.79790541286383054
0.36940654593755656 0.86035452856894212
0.44884963042065207 0.14829002171551042
0.29604332686800078 0.50043547041719416
0.77654173131506488 0.21736222700379285
0.68197368686596260 0.68803479505585785
0.43866627889439158 0.53597311953329829
0.20158554633809694 0.52487067160023160
0.25908633817350102 0.26706155281341459
0.45316926068597169 0.22048013220521892
0.55712475082404078 0.74036845410697205
0.64828864830477417 0.57826567805788298
0.61646327253105682 0.45697297497501599
0.19888757241150223 0.68452265778383625
0.79700408713973814 0.56333139680838873
0.23088475915647716 0.22846938011289811
0.64264497850581637 0.78060611720838169
0.74343982573877521 0.30680171190665939
0.49384903627971577 0.89254094800013439
0.11622506386922520 0.88762945065784982
0.75387267468729846 0.53391804128257847
0.73077280359722607 0.07257510715413142
0.48212693090265374 0.75129225127914578
0.67194725723504178 0.33612757788499992
0.58578399727667563 0.57416771043348758
0.10491763925474523 0.51110095609680617
0.56983150431577445 0.65013703998487227
0.30349373554157394 0.95165863952281204
0.17289771411623006 0.28138811405743419
0.78676409173069406 0.12777085755354148
0.13070962826822310 0.80354424602742580
0.53287104693079079 0.50219968278212945
0.64926955908212092 0.44666509010536948
0.12246032129451538 0.50704621761423441
0.56303373076233865 0.06922978099490165
0.65042730346798905 0.63902783485557435
0.22175262899232387 0.85321032160185595
0.80955034083619049 0.57337526452326426
0.47783679944785806 0.91692579510404060
0.56110629778175170 0.26936713199159046
0.43292231068682163 0.84022037825971174
0.24921470023471978 0.28746498333132797
0.86265886619708465 0.50550553150890187
0.13959590582561598 0.60935375062820563
0.48400793188307623 0.10904557828536893
0.62906744152035843 0.39053785477823810
0.16962408074116792 0.52057623003216347
0.62531329785546774 0.33860795876723981
0.38720668774215122 0.66771321767260483
0.05408958225615263 0.59354601255163286
0.09095358684358992 0.72479402887041589
0.71924225001337749 0.62548345626285495
0.37446008418887516 0.43893350461921432
0.13242833244136043 0.55667962567517737
0.07896278494890599 0.71918197708784148
0.57740075601979046 0.37303402464929269
0.17058305134580609 0.51321915022748466
0.81541144288033540 0.60364967406005843
0.54944455929907188 0.82620766634047627
0.53116362549929153 0.45515556866817519
0.44047680644012827 0.89461102275577176
0.12641018648856245 0.40230327849364111
0.79836127783367283 0.64035190552639187
0.29542997193775855 0.44110129034744688
0.66541195217834659 0.07900386725745012
0.56903795530551238 0.80649648735743307
0.73050274907625301 0.35214236183924846
0.42943770076572141 0.73613495894009051
0.45549298913971686 0.27562659264460654
0.38802007417187784 0.35428602853076718
0.73258774022732442 0.65979613551264460
0.83057586909551295 0.26340654727197688
0.75681907278366434 0.51898889692926198
0.38143954740214675 0.41826262901677153
0.79653187803346470 0.40086499224276073
0.02269155690728696 0.65030459899393922
0.70202636941334395 0.69922928753875435
0.27453428330746815 0.39375485302645874
0.41529474012994949 0.38748817321346579
0.43114117212499953 0.07430937704718724
0.08060053871859317 0.48688363853602584
0.22143781130738896 0.51775320379245027
0.11549899069115541 0.83399844013648305
0.34244922888093177 0.60469906484453328
0.29634535997270900 0.17253126386401316
0.55511927999282373 0.79105395506416742
0.72340272415975604 0.07911602555731025
0.34204248926228836 0.44020583921109852
0.31742787914851001 0.59843498747423973
0.57221250819936564 0.43034170584355214
0.61476093476692162 0.47952293151477404
0.11138511565721726 0.73148500877959477
0.29041789221498343 0.68771917338455557
0.16776387869011908 0.61258158664729601
0.64365442386057004 0.32804646452948533
0.35425712566820511 0.77678654608237863
0.08042503376371818 0.44028734970125366
0.44567778328404678 0.30533518383583141
0.72481476473127182 0.20390163515752224
0.14827834951915073 0.91643897028043908
0.31325040821997641 0.32252812046944535
0.80881523190794946 0.35950060882402557
0.47278521683926689 0.84290115067725324
0.67916548016166145 0.49028544267733121
0.17884952356488246 0.24842018578119976
0.83794142567485341 0.54827646616310022
0.51256748897057836 0.17464469366910487
0.15278542649592189 0.31892693517175241
0.58233202150594532 0.20406452069072611
0.12367925383393663 0.83834423995524088
0.33577873595866020 0.14625562770334399
0.43840459834622741 0.84353566439868355
0.67293142592275745 0.01202983345793039
0.53961485467637216 0.31255448174617401
0.68573148905885450 0.21769250715218869
0.69012339248095145 0.17651084453609109
0.86034644180750564 0.24501506274896942
0.04324678206841304 0.65679824461542635
0.51659005040991990 0.60966737814617433
0.57100188491869341 0.81165148489579564
0.59183380583961387 0.29934386844112854
0.49078391219085271 0.15165681855355820
0.71726101019156319 0.24602952204688566
0.61042967227127498 0.72513841452285688
0.28611475972049122 0.27900398513336933
0.75598535064018768 0.62053545011735056
0.46374507331444725 0.09518745791270489
0.69171873696900565 0.75024122308026908
0.51392764518303435 0.03958418982447034
0.12908702775119205 0.86182878375762284
0.63785500429623443 0.28439232785259988
0.16718028711413208 0.30250374706814021
0.12726485243952537 0.39213285306426632
0.82907258078856250 0.16273206186268990
0.60065250695955452 0.05350902888429569
0.82252375338295691 0.34813792821010320
0.75078951391472215 0.28078404236302429
0.82467574957940382 0.27602143919317929
0.26059521298518074 0.62144721043073881
0.19012959695121062 0.84870173664006510
0.19351466063374392 0.69947201697784267
0.30552597504986262 0.16333086092707325
0.44743841386167144 0.92204315449495422
0.55312995620332994 0.16634368000986155
0.42678471405353130 0.84382610871540087
0.25085684880722253 0.19548140207694992
0.64751379299217404 0.74272465998675263
0.60552444700220753 0.78924003122585140
0.15271885935590593 0.61301577011045461
0.12933768704254583 0.87142093828922806
0.04656690234944156 0.48008082587305234
0.28107984507017997 0.21556752423094805
0.66199165278573291 0.73609097550002189
0.41343215048901794 0.85830839813512527
0.68780725714832103 0.62514010445511026
0.81665001017742855 0.39356394876240824
0.26511639361579281 0.85393283813680421
0.63776520213449694 0.41017789374452668
0.14024823347240215 0.54470263285913378
0.11246376639322220 0.75551208895794764
0.10789992279107564 0.82894412385306437
0.62375498054155321 0.47811678983117922
0.61785373114203412 0.35901193282502564
0.10272135621406443 0.86904005980142573
0.60217937464352222 0.45943483895368004
0.63345114786279388 0.75029081855780611
0.37697239265207499 0.86287914774294394
0.36518448207361520 0.15855250034779464
0.43166536282240980 0.72931623164766946
0.47793589443386542 0.37571814098429102
0.13479640696930034 0.36053486672513141
0.13458142686174016 0.33417537145300669
0.51853523434859994 0.77145067659992062
0.04766642336092958 0.68954771213673882
0.82440825298690279 0.31679812516153844
0.36025668651409870 0.80397686311707695
0.42603429054405301 0.21758151396804157
0.71642219552865460 0.57804320635866002
0.40772669311533927 0.40063939103559276
0.71102797160237508 0.60633943635989651
0.24961658632267894 0.42377895479044653
0.12145135636439768 0.58109893693480053
0.74957386096957701 0.62491958729661667
0.69730758566987727 0.17596671108224332
0.19516643289468649 0.29841674846608751
0.35661750929582031 0.09699582115532278
0.50742335853760823 0.37866608949587921
0.29314834901669640 0.56631219357048235
0.72545279001157592 0.41248081401654052
0.13169170188456553 0.39031596412618857
0.02100806134814532 0.67341252691925280
0.39103872354564290 0.28769385082410864
0.17634933430062971 0.52071374208356291
0.13395087370199671 0.45691421020121187
0.69913396106836612 0.77649530776763975
0.37183340244663005 0.12958699440493934
0.77728543044195031 0.18290643775324752
0.65394951610472429 0.80141646530247723
0.31323573851955527 0.49383526291587371
0.42126277377749705 0.55550690241147538
0.18684214193156790 0.38017073080330444
0.82176582024558653 0.38950967615063514
0.66522649920971288 0.65191790359145041
0.76802417913736631 0.50561940600249899
0.73264924240861262 0.14874893727613070
0.52313235053425333 0.78633401355270927
0.74331259165946395 0.15073123014530501
0.39516538356577158 0.89966710804706695
0.83246138486665278 0.38729423579867062
0.21322583479386828 0.31389632226865988
0.03154165239988715 0.76135123591265885
0.67928053077872996 0.19387354476029875
0.64400177288337335 0.43269658021929375
0.34513046881817960 0.81148513269274858
0.28065183973803537 0.15167843620829366
0.77105425832278707 0.06025519721326603
0.26160014669896681 0.58958067308649287
0.47630578754459951 0.57016909322718701
0.09130470495863835 0.62062454924887256
0.59883485459706598 0.76243726878800722
0.05034875480512218 0.81140053733212536
0.30631304293057160 0.49276759180910124
0.11459928070171597 0.71862730277651121
0.22448380595995193 0.26471933338233128
0.45158814958654797 0.09730138489478199
0.39036862154218988 0.13563934911497147
0.41251021035995278 0.83340696255434021
0.58847484412971174 0.76613771965295363
0.07556319338053855 0.40768597014183755
0.19882324668909224 0.65888096918871197
0.29439975493226639 0.86054823287706217
0.00276136221814127 0.66017950854962959
0.00317960766329064 0.62378952756175221
0.37658451256094216 0.80556763434770462
0.29298639897616513 0.40796632742496675
0.33273921574967530 0.09820576851915153
0.46304922147425570 0.11141972996662440
0.31010271773730630 0.38665764988801526
0.81613007065291088 0.12636914931671669
0.60892736725390451 0.18765253694792366
0.26290113441464569 0.86977657018025967
0.26370574050647533 0.71507626347718800
0.60147728573608161 0.00979957440695076
0.39445223321991152 0.45440483642695056
0.13249108546185723 0.85414876037290899
0.83831803101910163 0.29018774946249826
0.48019845746561329 0.06709160516940357
0.08742063993132564 0.81981275574407098
0.38888702736690284 0.06797393911246180
0.27041555260866251 0.81463870235622637
0.74903607502741298 0.56521101254963524
0.35331182001189843 0.58901388371283181
0.82272208152203030 0.39507428824589957
0.24853173841314757 0.71880583890288485
0.62385489367286262 0.41268931115140500
0.32709585668342778 0.46464935283382502
0.77792888281541028 0.12514502699648339
0.12411351011142602 0.31420746809067646
0.73778847139909332 0.24504694427929685
0.32016726280670615 0.14692074433325705
0.34260978888606763 0.37693941423647959
0.61146824362943641 0.06070009095973156
0.42443772709841282 0.86439000361759555
0.23214582822349114 0.83197976028531240
0.48065216510936648 0.83294670681932159
0.17496151561858655 0.52788900189570276
0.70985658067998914 0.34314203974277774
0.52727194760514418 0.32072547775731380
0.15694264975523245 0.53726545594491482
0.47847692596682001 0.31111535919146671
0.28503593787955367 0.12643532030148558
0.64143884455914502 0.52791755223768932
0.71159740317506837 0.75207642204451730
0.60604086927269429 0.51173426070806038
0.61876971109110068 0.86135416694263212
0.57367401278568597 0.47219840982465655
0.20238082135153926 0.25498216457234824
0.50358112281689527 0.72088020006135567
0.83292372471769005 0.36622140676568526
0.25538474773456288 0.42819837718931780
0.25611668388667552 0.19768094515862575
0.63171492164325060 0.11032692440705738
0.55011458993590434 0.30168400034412840
0.47132010538231361 0.16092754866411338
0.65752766291933784 0.12910091563008186
0.79044533475603429 0.33050426487755685
0.49324590781721950 0.54989466380109753
0.85323851110090010 0.43509220477479815
0.21510114454125978 0.28247198396325268
0.67484137318840354 0.04179764624375444
0.12002660632652604 0.86395466415460809
0.78318617671254387 0.49353237373122155
0.80665374936055811 0.40696999495616404
0.67964999092525580 0.32516809924919704
0.38930509350863435 0.15884581865125752
0.26613112168486042 0.83853262143196095
0.38242777245981568 0.34717199243890046
0.29446398695350656 0.20600090463619938
0.73343233000947960 0.37707968630611499
0.07649926218976101 0.69967736381013945
0.52032829477924813 0.25945708777019566
0.42547220927400409 0.41004071639393658
0.33427637902078794 0.92066393574680483
0.16193455038578466 0.67538937450162295
0.62328977201225944 0.24280125090257146
0.07136233368456066 0.50263550509459676
0.06484883515277681 0.69169254711043315
0.40467664415760762 0.90679425195141139
0.54787186496729112 0.81170828810848894
0.74227979717253667 0.74469212968154419
0.12667488622707684 0.91599449620977913
0.19298304930197280 0.63723754095782703
0.02215283579895292 0.77144668564358165
0.38843364722539908 0.85864194137343042
0.05122688471837412 0.70889977783928804
0.06278347185562647 0.52326808786132817
0.79697625661302673 0.44864064095167805
0.07818878908347410 0.80655933221024745
0.65746486889318767 0.26504601353241586
0.45781563220209853 0.07639677065099632
0.14356932058956920 0.53850369015309019
0.47559149236605835 0.87327427501364718
0.52506336247879415 0.21419539717269631
0.25523029529380747 0.50112854843095744
0.18899530745975796 0.39352699366482125
0.16328135764088189 0.42395871656915468
0.74450405797614216 0.08653603915340610
0.41557206657685136 0.93861271154528070
0.13438487202031060 0.40527798674490750
0.59551900834654914 0.62739250767798427
0.77172028111003943 0.44745422788105510
0.27829738274339344 0.90524740418234351
0.01209280731570623 0.61349382458509549
0.30870793893522086 0.65957338358707385
0.06456259328787292 0.77542702121724827
0.48128243343324562 0.65237867813974049
0.07820286003352646 0.79695414917304785
0.73305935178316894 0.67759536734668369
0.08106060312794520 0.84643274260993295
0.25957176761896605 0.40691472954621588
0.36750344766200482 0.58639624991338468
0.71535637793547213 0.75980482271135308
0.62217659451559437 0.64561844266843815
0.40767132975938686 0.38627633338687684
0.13754449013322098 0.94137934790567124
0.46633311353459894 0.69500680589566477
0.08609620261414765 0.40862522826701830
0.14834003684287764 0.33208308234112116
0.88535566713253322 0.36277234505805844
0.17210473301414836 0.23986403102854698
0.65625755047593404 0.07780899985480898
0.36498030973480827 0.13423430342047279
0.40630855567486740 0.85218018205942236
0.44173186625076849 0.23071182460257811
0.55176840285394091 0.85990220216472169
0.36962904241371353 0.08402364546547814
0.80507380825452424 0.52992158081516949
0.21309753168615142 0.21284965700861522
0.36117750026890538 0.12176968715372934
0.15390152214753217 0.36430535388442270
0.58487363810066284 0.46677325215632404
0.38094997067645403 0.78804761428925829
0.65664250630704735 0.60858188449438577
0.23559229794723038 0.50132968418100532
0.82684309986025006 0.25840497316022615
0.81534304200919527 0.50910615686416472
0.52198214081236527 0.80119620334167851
0.07326069791682115 0.57652783867938229
0.11484976328521786 0.80999943044761269
0.11888699638502609 0.39556241089008520
0.28424972373823276 0.83010137543512619
0.60550117751902233 0.72982350555385567
0.84807347726084670 0.42687185481274792
0.29561282448901149 0.16394433385760207
0.45768264013349674 0.08893255017076702
0.50561262666079509 0.05926077504760759
0.12350920167468776 0.42627889097999461
0.59206063005782650 0.84876422262687401
0.73864062509622230 0.22002128165646442
0.23592709919182298 0.79409400234757221
0.19060875139075337 0.60504874442518075
0.62690969860971713 0.19746964509158582
0.13641971748630938 0.63928241526540752
0.48307400309569082 0.04202246429674870
0.49710828072479207 0.05853049844923993
0.19181048536348264 0.44259463581713693
0.53626162859957482 0.82618316608071884
0.31008839556289847 0.17498422350257098
0.36991238863779780 0.10524444053825592
0.15622128347981232 0.83595584568460646
0.47430373976608187 0.83656168724666802
0.55536662465823672 0.72032835218562596
0.84370468697746137 0.36197420134991670
0.32739204946753403 0.52485575414938412
0.23282369794743102 0.69820530931909441
0.17323707361327864 0.33328663544083348
0.19800572324900129 0.69269894015654387
0.71837125866974061 0.42315879397715062
0.65166832437484667 0.04475725855367624
0.71255016595786347 0.48839392562875650
0.17525064691017356 0.43841890327547794
0.68689328271003269 0.61904897193074515
0.32875464114597563 0.91641609793058953
0.60197614725419590 0.08431972859717975
0.50757643550301923 0.26636741197806557
0.52188401788187344 0.85029611544113948
0.71145667052427441 0.69619584608168184
0.44683309621352024 0.07472658859993177
0.18290118227282895 0.43956460616455084
0.29010165478313821 0.22276609264526565
0.74777762746550436 0.08201113451076093
0.11119792272054990 0.71345774285918517
0.71836038760782428 0.58470959347017637
0.45324223717122919 0.24897509852743574
0.69482320101468553 0.08473328748809121
0.10302761040801825 0.43988305264157146
0.60351447795839896 0.56394119741475768
0.26399531092081890 0.29803531575558667
0.04500410306828422 0.71755093177590668
0.24247289547696962 0.33188899120016896
0.49600518093646201 0.52181157219724217
0.50096146396930274 0.82127656765813473
0.11732530552625745 0.56825674902062751
0.25290457664948823 0.23757397720192833
0.81276799836450131 0.44320783368647093
0.56032352461751955 0.50377927493449104
0.43729739249870297 0.15354676961841857
0.09868744954810174 0.44804175495220161
0.78971290834816488 0.28442774676875326
0.77626993564528313 0.10299233674622148
0.58973602302662909 0.62448888770095590
0.64692156910656895 0.31637863567683178
0.35172033814288267 0.32745470053239772
0.84642495803586226 0.27041565142773122
0.56039623056061105 0.60119875599447892
0.11386556519250461 0.84670840859173591
0.82464906410157002 0.48853495502786004
0.22271302778991822 0.64252439132570216
0.27855738906402622 0.93301826189359016
0.63640296852921041 0.58190800046892766
0.03983276894701350 0.52321879026374907
0.47709402225022074 0.80992207483468437
0.43082146316467823 0.40499793782848753
0.45250777495317840 0.40546970225545409
0.39267472496201417 0.36736947663749187
0.55133374445597672 0.07298063460649408
0.56466692186048872 0.88310193169005069
0.31397970397351277 0.59015826723753195
0.17905974836884392 0.48652680210075860
0.76602529182832679 0.45019683830223439
0.57030913576886577 0.34116236981475107
0.46910240212436571 0.30602143647488156
0.38836196932177747 0.17009490729288465
0.68776418617445856 0.68488842618243551
0.62075413306238492 0.63079158513449818
0.62843999191828392 0.57424584506941490
0.24864160493199794 0.49344324968819786
0.84788608553397404 0.32228375074045013
0.39659060755041697 0.30962897694061792
0.75505012958898188 0.14657645915914638
0.81388698247853541 0.37630966099433433
0.27669445247536062 0.74017697023472928
0.70098653492717156 0.35479080459263129
0.60326336671485192 0.35238062297251282
0.66926432101751931 0.77075358061632659
0.73621257931117001 0.48074958285553360
0.44745181492622488 0.66502896213051998
0.16996138530247731 0.72237282372253420
0.57901976606045424 0.69645146466828256
0.31410224469023801 0.16603918278471874
0.02867528577394493 0.53589567164602436
0.61537848058689160 0.50164151450963657
0.52459343394448665 0.57967029087318511
0.67784291618045800 0.69332507590327286
0.39635331551595032 0.61998756507056629
0.45520203586213848 0.92045267079350235
0.65817371697192950 0.79694979098717267
0.48553340932603872 0.67633926649435605
0.28501751285793042 0.28768092067639062
0.66919090711865581 0.05718563295426124
0.81593442596381749 0.26064375027452003
0.11621987130525453 0.44693982960643391
0.52210719412187545 0.05766623735322515
0.57184772887409274 0.63048299062207980
0.28605268637424081 0.47261807075939793
0.55665256636803706 0.88415008118018357
0.20185759691130822 0.29842603193702538
0.09304943787427195 0.86560278179713013
0.07734778472742207 0.41320215041599884
0.10592565518010116 0.50021234927905101
0.75603578037822783 0.21247650089671646
0.59875330467695909 0.69209669273995744
0.35490478338504716 0.41505116867331521
0.26553003873317854 0.66520486011740887
0.28641315580416860 0.75121255436655421
0.39521163353599170 0.78963426920104529
0.62389263916279591 0.08323941908128187
0.22363020486974403 0.70977082173296902
0.01053704492864459 0.63957445796162093
0.24665322071601303 0.82019344847834763
0.83641663640538011 0.31771055034585122
0.17292985001439107 0.28940498787705432
0.71742968195501577 0.30013731969979696
0.49940096931717415 0.89116724887433540
0.67299241408237587 0.45046409060379561
0.69681023587590618 0.02792857193595619
0.66412994280391180 0.77423993235249455
0.78119819833497228 0.17051782300524743
0.43516669789286622 0.73992421304622724
0.33124157510976121 0.70310623446254761
0.37962042484000358 0.23205110768840120
0.72169253618031171 0.26390276578274574
0.48591908734119860 0.73870491250480741
0.51875417715521710 0.60207609025446929
0.74393444624058391 0.58059791622712420
0.22549002321101905 0.30033282835161645
0.44437743731194934 0.25955936440219118
0.05667149485612544 0.54779641130720724
0.38624176962835755 0.96219654973335189
0.34419809687539255 0.57167054355566049
0.10934945719413677 0.82440446858185068
0.09278941643130596 0.39621630730574631
0.44566740351102158 0.55800200072960571
0.12698975408772475 0.37333627831766719
0.04038192486210751 0.64640796657948241
0.07306383273318584 0.64301804417700958
0.24559502734325100 0.17220916731323285
0.48704807233058611 0.38708557883401645
0.40207517869165038 0.66891170368447228
0.79079928249278286 0.53478554460601990
0.70871963770877977 0.74467832364526143
0.28909904545353338 0.29293872692185241
0.73296846213977407 0.33231794208444099
0.68414681557922241 0.63547476901697020
0.51145022476278978 0.71968197093555941
0.07884617355403323 0.85082471509381941
0.21311749409770334 0.33599051233475302
0.38197682403834710 0.40834040713094838
0.18435152965035317 0.89061584614801803
0.48256526271874139 0.05561881813031529
0.04051670440624693 0.66508690052791830
0.24678669428838321 0.30470273459933300
0.39446360589679075 0.46919396822400478
0.72738772317342304 0.03822188692517639
0.80525908967658033 0.51335767884800931
0.41797656930736060 0.32378661603210346
0.50457990130976893 0.20557657896980577
0.17940609702647323 0.23785457565231097
0.13245014319181383 0.29678235142420550
0.78988765298562724 0.13626789506501899
0.45845774414812251 0.77610485615433455
0.81077796973566207 0.27364563705437439
0.37757811239060490 0.16416217652556667
0.63575573447786315 0.48221636994763833
0.36566987032378817 0.23008216833009129
0.36034076390157332 0.86929747831770676
0.56853952306091837 0.73060312987605425
0.57529039861400588 0.74612670686984572
0.75260380423441942 0.16014466899185104
0.62593209606259792 0.14079961045992234
0.29465268255707316 0.65984213437892691
0.08654116199551914 0.81016848772731176
0.21435763507585759 0.86408803404614765
0.74307699595885912 0.56235185730477089
0.13982541868861073 0.35923895238694514
0.66337899427803948 0.20397933419886347
0.20934426158699124 0.26801055549675501
0.14314082258042024 0.66146152890041032
0.49752655275575525 0.32871783826790951
0.56212934333346842 0.13146969096962710
0.09983309042311321 0.38318261822084443
0.69381891884259206 0.26925092649138782
0.59543251532113350 0.79166210006469406
0.33965414251825987 0.91869277107876990
0.25483857611533628 0.64933273467488339
0.59164205942681269 0.63342710275258740
0.26380816642314642 0.20788007833032354
0.16925890465994037 0.35508454514419940
0.31153745171790947 0.81248792117096624
0.33536135490747326 0.19202427239945774
0.34888103529489956 0.14663542263756046
0.44390071308415102 0.83247016807582452
0.37909120703202653 0.38546894388960801
0.55013185075364979 0.52673654047282825
0.25464980173302937 0.92342562114947124
0.53731055334852529 0.36395561971389551
0.32435093193166786 0.23043582655698003
0.48598294516539370 0.54833566337957285
0.21023320491165143 0.81715260912618770
0.36264222791415951 0.08655223523132922
0.37432593515031432 0.77540135061396775
0.64034134753331229 0.12157259801151318
0.27824476375382573 0.81919691081921564
0.06905562839350692 0.74333654401623417
0.51663547331380022 0.09747715093047087
0.71261241329566827 0.44212993706403103
0.37339716585245336 0.87313104352476556
0.45436703415773450 0.13022441885979219
0.23686672303387352 0.23541341099064350
0.18411690188446919 0.38692329975561240
0.72205579118375063 0.32661202983784854
0.34437580035794274 0.77140122567525149
0.64694732929398679 0.02849730395842128
0.30719111260661619 0.97553431203757068
0.61901531745649530 0.80790594920750514
0.78592177276056130 0.50095939343290108
0.60125791170255349 0.69820092207453599
0.30076585502031461 0.65595105239545815
0.71180768204299127 0.59562148574135532
0.76165139495214040 0.50765265549139726
0.34871359200524760 0.14199730310624412
0.02075135447993489 0.76034024356980012
0.62292927101358508 0.14729759669518958
0.53030059341808911 0.41455869987830263
0.81244020229117098 0.16113632941800343
0.37299051370014963 0.15322020146749954
0.24438570627230141 0.89857396517064414
0.68257519202384698 0.39705976879663396
0.60672528235778611 0.65447012361353563
0.58521712545356652 0.66070596853107577
0.61344159324324210 0.06924668412646821
0.05158609515931674 0.54879331135640319
0.16209377466863586 0.35415368880818920
0.65758246521964936 0.22210306174714456
0.56052715838317257 0.20649374585288482
0.44049440079510649 0.36131056704602110
0.72441164191068697 0.06422151936204921
0.53296085023056106 0.79590480655152396
0.23040020041678558 0.68393895484695755
0.51319292581393583 0.37480920529662359
0.84854432082962417 0.24165408155918638
0.54805060441719478 0.29513484212351976
0.65099408145019422 0.51643883741079466
0.37727227409628705 0.20593593700252655
0.69861481943891879 0.03812512950974706
0.34833077495064557 0.15131949748910986
0.72929855049976311 0.09796265243127632
0.25944822855274313 0.84976660037763152
0.45004640604051321 0.57322129969233571
0.32747025690495618 0.30225440234424267
0.18310980861342882 0.42362692658226236
0.23143186530408857 0.73007911773751311
0.53176310621571565 0.76760979892606751
0.62998213586714824 0.28271436548924783
0.48245511722247258 0.79581942752558887
0.47531563418348444 0.12953313780686049
0.19959065259895414 0.19242507220425492
0.62247266027551740 0.54545121636221461
0.58276708676914757 0.26252163883583440
0.75947890644259175 0.35841121045917795
0.18015208706377406 0.83441972017429122
0.06862913826752459 0.43113269852562836
0.22858455150597931 0.86014077307943515
0.45343581373805036 0.10169216140347667
0.79698464190652263 0.55786962147666241
0.09293737417726443 0.56387329942909792
0.46551323145989254 0.08728981789293468
0.05238885381485414 0.55337884889407185
0.03385767018684413 0.72546991517911208
0.50652217864187365 0.27418466032857663
0.09740074165791884 0.55318857055110937
0.24759858312310490 0.18689565677196182
0.80984577892717569 0.12283457467735885
0.18371974744307959 0.28146789706774095
0.25228704991719547 0.22870232553915140
0.35994263435482005 0.30755091867518869
0.42791290895765260 0.49141332895860873
0.77802139445515284 0.57051932153721330
0.48379976141146025 0.75802623052773277
0.59733045298407894 0.72152788601521878
0.70264017353755537 0.55218767784663880
0.51476668350229560 0.46005775037369578
0.24043442915387350 0.95626328819492401
0.31211107863356152 0.45787954618735249
0.45458723711758803 0.41274529156875023
0.84918566373654392 0.26446225737927909
0.28134296462605168 0.63802271334150529
0.18114063149421555 0.56286370155183163
0.11123678208153720 0.51162068847996700
0.56787572891672067 0.04190543242409511
0.06790051836586497 0.71055331626041285
0.23024100724035954 0.53771186888370370
0.16380323789448323 0.84528253003623610
0.48256247424177090 0.92216082060315774
0.28291979779877496 0.26622458143270100
0.75296740466638612 0.44822002530613192
0.81366631811498114 0.19699921099706461
0.56057793517010412 0.79944193505936290
0.20522850737146617 0.61934496167936237
0.22464822815250005 0.91491182095237966
0.64058884908063862 0.70842362154041905
0.16580369886120366 0.32575678340809860
0.24911411174052669 0.58087659656287260
0.80692856335350116 0.45223168720623225
0.14084056310000806 0.70213724620479567
0.48608114895729404 0.42023732106668499
0.55141733270179616 0.03597739228432198
0.40812217308754045 0.41911943631355736
0.50041421243591300 0.11622501803681314
0.26367728227085158 0.14677942204808103
0.45116264187864008 0.33761476078837432
0.40844461534873477 0.86510556757140844
0.51294097397277261 0.22319750588075063
0.21446996302587482 0.52087823864033278
0.56127639647382410 0.78768953138512232
0.27784058963566644 0.45400780611564784
0.51650481495138068 0.49856833133268336
0.44206419893180821 0.86288863322504716
0.50987285189175313 0.07778077489406525
0.11091329378219579 0.45600898526688349
0.25231695516188407 0.64076504337678553
0.55263306991617467 0.44155747417287200
0.02295279750680944 0.63615917274806844
0.71400314347180494 0.03429392793847150
0.62859654402073140 0.05403360705953261
0.30850515731671074 0.66671357442689061
0.59695588830082147 0.26442864190806070
0.20716287114177245 0.84215146648067440
0.35884842585728005 0.40292631834367720
0.20792095977886249 0.38396722907505232
0.29098361223884067 0.51458268519784101
0.67535701229187783 0.43680814331068019
0.33282861289934712 0.31364241322700465
0.36486432531796825 0.84784929365505302
0.50253418300659303 0.47440837747456632
0.20898036155077251 0.31920984667686841
0.66485559605490241 0.14416247859692327
0.53610091276900329 0.58239096397859758
0.46454081135998221 0.43849029835385406
0.39728347851839080 0.19253217472603609
0.32160072662308981 0.61153476033188414
0.49940647601639165 0.86509262337525183
0.39701610929626430 0.56946500814167300
0.09164268780808747 0.71340451990009224
0.60130255514467379 0.45233187835916483
0.32990232933646302 0.90373354226713665
0.18469346369886544 0.45226826942318643
0.03348845242838121 0.57686397682595958
0.45181644258825143 0.13596342598623715
0.21681057740965015 0.34108084831154079
0.11629033114064298 0.41539723752478636
0.41746873662265299 0.90035263111064912
0.30727705117328014 0.75849800576395454
0.27808643521055537 0.58381163669317360
0.66837399790284380 0.39846880387793132
0.71193960668295386 0.28005023911055132
0.81400332757646321 0.46527814234282044
0.03675215751893491 0.70943586298430039
0.55233644500737566 0.76435182164679361
0.81431632167509505 0.48626480830596275
0.32442575119849132 0.47707556661639344
0.71711995656455207 0.60766030545798622
0.36580905681412879 0.35572994949679465
0.57997410165584640 0.37997619225710250
0.80512145344933228 0.18240561892640375
0.68708692430776031 0.78983215121869044
0.05842137088110035 0.77733014298071301
0.53049421917627160 0.52083629882588300
0.60921405355053160 0.62444563880822523
0.28777095629891680 0.89746141662654277
0.50233816096049888 0.31469799446252772
0.77502129626203020 0.10879455494125079
0.57366115873384049 0.67026356068613813
0.48911377421562546 0.75243139351822574
0.33706901113085264 0.40369777936616530
0.04801930852330590 0.43139882860293860
0.45207098133632712 0.12491430374833105
0.57355573178453123 0.23640632278493565
0.23975886221057072 0.61471054351716781
0.22705783335115753 0.42418308100284730
0.10703854479955541 0.40018339753238819
0.72187384393202048 0.45116920613878114
0.20759954075204642 0.52124814979473943
0.71643258348741434 0.64057619139258515
0.41608197471423108 0.19776727441566760
0.78079897953885014 0.10864664239329021
0.12839840854554238 0.89602479694230708
0.04718052110491462 0.63451530440150850
0.61588143808681128 0.51590368362655825
0.81068688458825156 0.40290559425749323
0.79760916343391008 0.25216754035382255
0.11220650880311171 0.81482805732861208
0.04696027336453609 0.65333676193253298
0.75936726497504936 0.56126334180630222
0.44891770747174375 0.04325136821014949
0.70063158242191559 0.72660124790721003
0.45246614922316175 0.76232525021948350
0.18719933040679254 0.93120470119918730
0.71979044909203937 0.32014347258449788
0.57837286764869056 0.05111764259249522
0.74306431927727434 0.07191708868197801
0.37272051204503237 0.23176232787140444
0.38326654951308681 0.11903353468961476
0.76408113421280455 0.39547971523459263
0.45990080286009533 0.90179992419593069
0.35044787531126126 0.73994379694943047
0.70489631671619413 0.42351812481544121
0.73745877488174660 0.10535818475422069
0.19892530100324063 0.36960863457101512
0.05988830598623201 0.60106065545228693
0.37444317426949814 0.30529886917051552
0.24665337002347837 0.27716153989657949
0.42686029776999140 0.89537994450625680
0.38888263698135539 0.73270595872564581
0.57019198565344287 0.29518009304575388
0.19280206448137427 0.22651425370885411
0.42119854610045460 0.35984641986956334
0.18901831938079477 0.61856204929991587
0.62794017674569125 0.52447940025305961
0.46452166551491114 0.15958545263310503
0.77850918978488504 0.38420616053794826
0.64967950102129568 0.10802804826283757
0.04144682101593876 0.42656329232981804
0.21979153322662032 0.22639317725784402
0.40933537198157538 0.12862914486845506
0.58298364746222953 0.26997665603350901
0.72776619903967654 0.34627323699299123
0.05323240463486234 0.52900584986811994
0.49228465016891798 0.27983388281103860
0.66129246410397702 0.76988221623609365
0.21255103816011689 0.62093859603052803
0.28256342764766013 0.20563653696807987
0.10776139484537743 0.80099503720327447
0.76908510500170923 0.21504919832542294
0.37921194921192192 0.18767638132741213
0.25795788867094893 0.30214525630357714
0.54054316767570809 0.60102501411635312
0.33140228336045074 0.63966611357424863
0.10163572392692354 0.61242390701608784
0.26852604152401827 0.35394351984204475
0.69997145784874948 0.20411305400973448
0.63105657741942989 0.05815790100467595
0.44482574639070865 0.95497171444425921
0.22623443674120516 0.82677779796843565
0.46106641792078323 0.68983419445250449
0.24770888144779515 0.83128818169117369
0.69908543438075510 0.01663866774487861
0.25376203813818315 0.85279733860371476
0.21288588828734367 0.95833766145718191
0.29668676652229786 0.48252984336052368
0.29752143231006728 0.83348102581166561
0.09895236682037627 0.62973846997746463
0.71439424872452839 0.62958490743650042
0.48437286206773461 0.63308718039188416
0.18835377760216268 0.84267700557937120
0.07994426981941485 0.45922574053998561
0.22670305665694737 0.93177542979239092
0.12335281795125780 0.82754749765934454
0.17651060519052431 0.22677590769945730
0.31265226989650630 0.90712777492552377
0.65164570898006346 0.08547957381558359
0.73670838524218052 0.29837854993779522
0.42376200930875768 0.11206209721057332
0.66012221291989670 0.49244914161190845
0.85309347003398039 0.19586206910716231
0.83399462305108152 0.17980860589965800
0.51822947827873689 0.87130833382271466
0.32470769614643114 0.12879146944027883
0.55799122103772258 0.22858670640689890
0.53965883139253168 0.66074684032251230
0.59725765100843164 0.81385721326291838
0.57327776805484942 0.11166070637734671
0.65718405798608370 0.01985049537778704
0.61159489035152381 0.64836300883731413
0.19824024596373416 0.74404581257317981
0.33093721511361435 0.47315358515794897
0.74181893353262640 0.51202026522633082
0.73717044622361660 0.57229307126466988
0.60696327555247331 0.81836618254593640
0.52612393799008894 0.81868485677980929
0.73670228267170024 0.08090480821656941
0.66500244561505761 0.71127309436436015
0.58447417019684611 0.38562920068383411
0.35433706612314575 0.67284898024733675
0.62010391855342339 0.04929383374296110
0.51205007994594909 0.20771249552455506
0.11571921532101745 0.62739495156654590
0.44875665161339073 0.10173463624199534
0.07941007848553017 0.43554127399517978
0.40404872637894623 0.08170570321676576
0.67318906936764544 0.26484484011777520
0.11771543182902544 0.55536501332859312
0.35352681059260566 0.53684733140584828
0.22504764972831767 0.79488952987487038
0.33917579175070811 0.29455350587536361
0.22919068968111950 0.31109083911354329
0.11351738799169639 0.48841332635359613
0.36899607816249197 0.79349352721803090
0.31031606523916627 0.36568570860574606
0.76266809336692865 0.67507978777834321
0.76583523127561937 0.49404248328913936
0.06088598467277279 0.63202492938409505
0.46405601996710227 0.19101984373735581
0.06677892468056325 0.84896585550945858
0.19284231660494366 0.34768069072096153
0.10593403051898694 0.47739156009700301
0.38977792339327616 0.10671817153954406
0.60604798860418951 0.08707986921340609
0.02547894685622518 0.59171499693571072
0.33707514698309815 0.57345828626130602
0.65206835496521787 0.05856932488716600
0.28709257803208549 0.91901782184327907
0.19591439772908215 0.33547710908696848
0.79113683271957447 0.52074823000368642
0.08911605218737556 0.71987744173885637
0.04636179581951606 0.59207502455601713
0.58848201986752069 0.20713570741183185
0.80667314050732197 0.16371633706517080
0.30983971960956741 0.44298118743563081
0.03512672249707652 0.61233912289532100
0.08322901962528240 0.57481112277441360
0.29098074366462806 0.13926917843869371
0.54924217913012841 0.04603218459729970
0.15215755686027194 0.42540591810168332
0.68515386682664547 0.13256485847770905
0.32319921082717540 0.91387802536328289
0.69960062032964865 0.04574611126700100
0.61578312124404666 0.57441513989469029
0.81773384986733699 0.24267791481199327
0.77931129215252959 0.05646702901423780
0.82077164451526241 0.24812837973516647
0.66405416338153200 0.02421494114170129
0.44871435188948161 0.68502127402201185
0.06653993132042213 0.51037436054594376
0.58932560422323088 0.58018270725355270
0.18738085173505034 0.25907965178604431
0.77177080370878970 0.31123209090499898
0.80193661381609938 0.42203966716820634
0.70998410123841815 0.07778938091442235
0.34046074175932706 0.92999571176164764
0.12305948618292128 0.70767583189608985
0.44314086588297952 0.28350663251356811
0.03814846147143159 0.60266065025541182
0.61709736668245541 0.82558547248023939
0.36518354299180888 0.74857326044819383
0.32029033256431166 0.49486991374061634
0.06267125938837639 0.65629913954929697
0.07767917102583496 0.67890085173259196
0.24947501156345719 0.45040126933040969
0.35552020461771061 0.83845933292646768
0.45819219509115938 0.17169719808983430
0.29345795093141774 0.50712655599767575
0.51277087660813536 0.21527923036390387
0.21498016279591975 0.25459647138798630
0.72024916516193527 0.52028587891805922
0.46079983834627136 0.21447149466403218
0.56665003268324066 0.36379261530977680
0.67415142797293492 0.21059036983898874
0.45024042658501134 0.46307800838073615
0.26347612474038395 0.45393554385729534
0.46619229804587248 0.78801400745142958
0.76316810361416709 0.53910223610838026
0.51743746601903007 0.05916424998220157
0.56266290253344220 0.67493663345815424
0.27267243602846170 0.44747806164950521
0.27847988381151834 0.84005195975927704
0.03796425095830144 0.68858611945721337
0.54832482798228699 0.25895272501229355
0.21835867581322921 0.94723790855055379
0.82363720888021130 0.14525975369464569
0.20859817500155231 0.80492421372245171
0.54641963343271682 0.86835061531739932
0.34315545937355496 0.13991618424684149
0.52328197787252928 0.43926409523289439
0.24694252141527739 0.84860083463309977
0.11693527297573336 0.43304042988550551
0.55728116869931221 0.59213380199599330
0.08833099153699837 0.48886247423574763
0.59726951530253802 0.50083082700671222
0.04200127340556779 0.62660932505460942
0.20255815985734202 0.89216048262247749
0.67445138746982047 0.59913298593769049
0.56667769762039955 0.27393459024939071
0.85228951395384667 0.31024348799909723
0.63051801313308897 0.62081806900515579
0.08625175982014666 0.83381647357784294
0.19399473050385058 0.31299762381730606
0.75832157861190852 0.63935524803630439
0.75936904951194106 0.39051260938750249
0.64975564749800208 0.10180655856019719
0.19264114086712641 0.55692479001636386
0.19434900349795520 0.19905135095352203
0.73969519642597115 0.61335801160645465
0.86635614988310794 0.31156316662631733
0.59619122301272309 0.34250123498339702
0.75955868174153862 0.18358646282748584
0.58761397834752249 0.03339406864887342
0.27226519182242664 0.14134902844624345
0.58410850103626544 0.03799726840202324
0.45414121136994207 0.09319346004308351
0.14744145453488530 0.29804054330215651
0.71160956350855442 0.58952556303414860
0.35096418765641108 0.77039403226408276
0.05081828917489684 0.53304783917317344
0.06141536022617682 0.56602860915560449
0.83347995957066801 0.45393909746660560
0.21620376894938520 0.65521163897793200
0.85772375555833891 0.51926709491527445
0.49973067118473158 0.82802181642268791
0.75924960405736053 0.10481977835372068
0.71905123503754986 0.29286553994157416
0.63617767574668982 0.54836753220115109
0.77155015873909105 0.30453169482487730
0.44922848106145441 0.71801224978853395
0.05299936481155487 0.64586741774124201
0.57938149012996276 0.59731677538397965
0.29805791993373532 0.67685711949207084
0.30727363975914396 0.61627535415191659
0.16313103454152172 0.93430227192372084
0.88222059503828254 0.29505693148890805
0.08480461679548197 0.41825400429116960
0.52717314418760963 0.67675480136762256
0.43010908387407376 0.86705763906413802
0.27206339102966398 0.94202548519796991
0.07100442809246241 0.72702154262230767
0.40672364443770448 0.21050425954620383
0.12339471530744608 0.46710146623074328
0.78116597958756151 0.61729290779860457
0.49266318108321122 0.45449088884756828
0.38790917137553527 0.27363083121458898
0.80126284417880289 0.55300982047920411
0.83614930999600545 0.37743908172305485
0.51586100405455737 0.85680062677454272
0.46465608442370254 0.12505106883824244
0.61199987979645776 0.47023349007964205
0.47306413551590976 0.21970470376611698
0.61821308366984906 0.05437921266858943
0.52400711424304047 0.08621179812750072
0.47668643320292614 0.73149968857579495
0.45641297509654388 0.08431604765438798
0.72855268360954129 0.37271322284975816
0.18467055008938429 0.29683223142011372
0.51412313506522200 0.77695952994665107
0.09237172448790180 0.41443811693970933
0.63581107116342517 0.11724004035324888
0.04427733673654133 0.52625628460066765
0.76412576266823273 0.51817821477606818
0.46442087078977629 0.04681557681825207
0.12736522179508369 0.35620014526581861
0.33135939242630047 0.81915780443513653
0.30706617288785581 0.54736785661665621
0.01242880722788588 0.70499269673478693
0.37700343236242162 0.48192994775212816
0.35567265985204027 0.18192319242043903
0.06018904845887443 0.69314296764435379
0.86467458323797441 0.23731203294084563
0.19933619998630936 0.27953681861462143
0.73334056326349462 0.62481171761592025
0.68514231707465123 0.02353878808261499
0.78921635630157216 0.06194962788415513
0.21017520724413455 0.29269985772841972
0.55877227018735187 0.70033358742285279
0.55439051028465580 0.27111283091238803
0.21046354068347570 0.65966099762389663
0.70913526513555869 0.46811038758623957
0.35961947967528474 0.71370622666976224
0.57617019602762265 0.51452629611196299
0.24280256104429854 0.21470851829164192
0.47757636454954555 0.51261316817114655
0.67081296001412638 0.06155226655631796
0.71837384009548744 0.67786385907916702
0.08016197660308333 0.60423660797719836
0.75586185954703189 0.50782333060175699
0.64719574247310663 0.41993360097387955
0.74372241819656559 0.66003137533651457
0.34010377743238213 0.15721622244924396
0.39340821820635236 0.95670995736564313
0.31112262607633850 0.55334897889185020
0.09310649240019206 0.63242778714956971
0.78914466993903076 0.63658740779696976
0.29044017248620518 0.23353049672486928
0.71390518758601773 0.27338986493546052
0.55673177069956448 0.71047574438688188
0.69892991712617392 0.05092730846579154
0.20339364156349726 0.54684165065103763
0.04343983583387160 0.41428534193121180
0.24985348102614599 0.24238401124733289
0.50585948858640029 0.41563166833923049
0.80017262157018165 0.51426641672158702
0.28778906289892736 0.91251319872678016
0.71255589602298575 0.21031260562433260
0.04781183296101493 0.55515508982332673
0.41690850820241376 0.69492373575664734
0.20361118273939308 0.82103008858386195
0.79482435373023108 0.28113099788180063
0.52285521549281888 0.45651391139052405
0.49630344364265749 0.38752788118396014
0.33358612994902453 0.71763147396184135
0.43322391063767396 0.72011913602771560
0.42370980690252652 0.82422741605323446
0.00319771561477553 0.64779382506575600
0.08248230309346505 0.60995037121075713
0.07303183620629217 0.45860476255427896
0.82042866166936845 0.11925825509756086
0.25825054414857967 0.18943163237953373
0.41562447858694745 0.13146946138997551
0.52329468386039646 0.42711955889849518
0.23523515894490038 0.14897947438965206
0.31966339591222181 0.71415726484499642
0.18410445976685660 0.24975253269172729
0.58805001134529966 0.35810724979955366
0.78694643602389180 0.08182081683526365
0.07384851489175390 0.79790981198363642
0.64767194728045785 0.77891338705420177
0.13355119659907991 0.52544567766329098
0.37833179602732991 0.86942942185748151
0.74110057121574502 0.26310574079142612
0.35408117360294689 0.49244073762593676
0.44801913980883951 0.22541185761853522
0.15672865826459492 0.89607975156496200
0.29712629338881474 0.76947434342135657
0.41493063789168605 0.31710719762863648
0.40226863953326414 0.10040408442924889
0.43487443740159709 0.36889852355166430
0.21763562133053937 0.71353114049446320
0.61242610637945860 0.55148462948570287
0.67361346918904930 0.16832955214996420
0.44979355272785843 0.64476557153461644
0.38888459847893364 0.90286194660748509
0.29373922189914492 0.40107410898043483
0.27948044955465184 0.30745356853842920
0.33709840618611608 0.84199505792119955
0.20131502237975407 0.51702309879942476
0.10649556450149222 0.33506143219843171
0.51608351935496777 0.81973089821236023
0.16226412816574023 0.83776955919166174
0.37052709964300357 0.15836600589290650
0.63034782138539214 0.13635376853840209
0.25626443554303602 0.16264170052950824
0.60521554910674591 0.71208407749993496
0.64741850300804349 0.71063144426985103
0.38505408382811357 0.22485181904579715
0.80041816999976212 0.29911024225982330
0.39634097664832102 0.06533606438830533
0.32210924049036938 0.21048800368975643
0.58670405703212203 0.54834936519215360
0.69563474285884741 0.62805082590864469
0.63365149170940904 0.73946577706811500
0.22548709401622374 0.83349182918457410
0.33984299057968653 0.74037819315419884
0.21346114043668912 0.20325069811271160
0.11672340866649311 0.46606627100935261
0.79767393417797672 0.21627234063819059
0.14978073324204838 0.74933112000459268
0.76952059179514221 0.64963662110007547
0.61652279124429732 0.68541521322032184
0.10989070140760265 0.43910169469090782
0.86486528979241639 0.22796641581592311
0.34715077482732065 0.26024043564805605
0.37279226946470201 0.53414356850635814
0.50057303447590862 0.15474722291106097
0.70698439550550263 0.69984472063589920
0.71770568440543892 0.35417385279540703
0.45751133373741243 0.16045286160660294
0.88021671858199424 0.26999635050236215
0.58551342787507643 0.63103260453845311
0.66465958536473579 0.03647578804961667
0.28786387140899516 0.19203486044708853
0.68978875863434963 0.63072701943320075
0.03274349954963133 0.75541047450564347
0.45713040291002133 0.80238728472511212
0.36027069019780933 0.53475356515275163
0.40110485389955586 0.68220137931054903
0.61214155449892838 0.58003926200468514
0.51013476291904647 0.76356083843302691
0.28836619294030935 0.36790947201876928
0.72227569594513141 0.19340883107629664
0.63170041300400892 0.82966993210865325
0.57199091563531346 0.24486347672399500
0.17170321197930061 0.45596621930703857
0.31061666536283467 0.16273483656077295
0.38850493738621900 0.94183899113907932
0.28800816912640986 0.73023398741768997
0.34709019736422503 0.77800288949141816
0.59940505398579280 0.43859256672217600
0.09155405843794505 0.62675353334113193
0.46157676577033641 0.16595277609363268
0.71794714057012454 0.04326419436353068
0.40176230759059856 0.79170162225459961
0.09933941532371023 0.64789047323999105
0.04619450464382232 0.58708813508560875
0.26897875107631003 0.87176809189602278
0.43596647501751140 0.05626092369642932
0.39024196353228408 0.21961056910673579
0.55866550521008984 0.05794140004402529
0.32634214569248038 0.18419957401302636
0.10853951255545539 0.61246064977679759
0.68410839166036663 0.53617071178758990
0.81947948304498341 0.27777005675933164
0.35118909347196375 0.22773425331750075
0.43043978073626477 0.96102961662666964
0.46038607574420698 0.40828795000578688
0.71545947740823246 0.25265089753559455
0.46795050745757899 0.91233722025138286
0.09013985374528141 0.56863358414204523
0.82739066150914475 0.26988630011676162
0.39938632748167191 0.07151861094735035
0.70443007744908204 0.55807237919455221
0.08970537454659872 0.78260446375576120
0.23318732971702363 0.76519335502825692
0.20038499137924015 0.63998056027665851
0.21806621093126252 0.44031966443422271
0.45330113988206056 0.88519052679881172
0.61073264228651802 0.22571548706069480
0.17226868670585077 0.88842609132924044
0.70459635529877640 0.04802435842445067
0.28412570202083542 0.94720281572874598
0.75936110967704784 0.38362014064418593
0.45464241921232329 0.38460216649990686
0.54989990301859459 0.33954672076959314
0.19250180661597643 0.66268714424296371
0.63048511392565154 0.09120592653196020
0.50041315491743188 0.83448397002176100
0.63938528989451004 0.27077775636207285
0.33309419963593345 0.42339978833281883
0.47039625517876699 0.90626773404714844
0.54985554680623849 0.46857294784141984
0.42012272124037342 0.65795547804417476
0.45879355562895663 0.29106848122289003
0.73843820040615549 0.22816981498639621
0.53583504449261543 0.39019962602596048
0.18233970826560383 0.81600088757188927
0.14990365529005437 0.32766932573617452
0.59890720669733311 0.57611622906861681
0.40622316000351977 0.12485425249863305
0.08827622271222099 0.76681351694092881
0.40215818946210130 0.44752199804003379
0.60279841516151411 0.28369769664324607
0.14164915471375217 0.78769820717954497
0.56146983626190283 0.03403137576661598
0.11407065516262350 0.64158205964405246
0.48465979280723320 0.07074420277569594
0.22332094121435986 0.24312554570904915
0.06339885159917218 0.60422950335357084
0.36129258523181540 0.92007608174444466
0.07384158564148056 0.48002426585660085
0.03220087062184510 0.68244580111190167
0.03301214875121453 0.54287484370279959
0.65384628443909498 0.74376376760694529
0.41535696745825340 0.09122756991893217
0.53705705777314827 0.53152378061613204
0.48161684592228970 0.09629665272393595
0.12051929899713909 0.36103146138345982
0.32707476231913402 0.28704834540633289
0.67700390717860859 0.10824487574779658
0.46599069662391207 0.77647843916662673
0.49126590085402311 0.32539040149808512
0.84513460866595680 0.21309862700698146
0.31358982088276932 0.40088879939021271
0.33698025621030953 0.56604636754351434
0.80419235673031153 0.41694581634909911
0.25465844439714125 0.53582453431304933
0.64425988048709992 0.51458487511671391
0.19852556835538815 0.93448821125987358
0.44376135262457833 0.89939367952570548
0.55050402514133145 0.32306470425497663
0.78498166036530448 0.65228945853774911
0.36655327897839524 0.44951649743680405
0.33325982106627927 0.78962877357723094
0.28125517149872686 0.60328394893110615
0.44594370453507215 0.45303590581353836
0.33379027065774591 0.48902260714585583
0.48573807245406231 0.19735314272226534
0.63783497453799509 0.31409512126158362
0.04058117280957255 0.78726076927020583
0.26498036825040738 0.16892860875406451
0.58945178179404167 0.05281296702122107
0.51801365750532324 0.83918853372271851
0.08899278720826738 0.84472400683093596
0.62528674447359744 0.76980988096592029
0.48359001249785871 0.42684231832098513
0.21200330236378234 0.74048401584932777
0.70564273848413406 0.08028162316877542
0.88127745993203144 0.40352194027747113
0.07306202750056102 0.41589136850299641
0.14370679997967986 0.87034514209283453
0.30740893537510650 0.09931481090562519
0.80485936315768924 0.27455898635366532
0.67668040343443481 0.78535257719109697
0.52215377752118519 0.72841489420818661
0.43731475622676613 0.34605961596414564
0.69502443130079017 0.65547998176194566
0.76118857509573645 0.68158345488136840
0.80046184384808639 0.16577184838049400
0.34475812776211406 0.33041018947058182
0.03911524525438696 0.64068517905565048
0.26132064101837532 0.93798750037970058
0.08106853670559035 0.65433610495593653
0.21314134001907700 0.40311387965322726
0.58277329313240211 0.62452525082256516
0.40526419988659113 0.11500015452656721
0.27438759529003220 0.63418096627854825
0.60317479820501019 0.05780064496166907
0.62988840840123728 0.71429617525217060
0.74835586402889254 0.64422435025585811
0.41728628564497267 0.88135419908149781
0.12499158451984693 0.84752628189809043
0.08871042282014224 0.57406334139899851
0.78460372821789137 0.20103800666888064
0.45069627058465989 0.43226009609860805
0.83344306143612079 0.47363522368540600
0.60129711016166221 0.82747655842431067
0.78008332272830161 0.34001713606507850
0.39278931005810896 0.11605058520629477
0.72932494681651472 0.21901867343553508
0.23058070763894561 0.93607212075973867
0.34044933250620674 0.41114189415876740
0.75917322670535758 0.44723770798119544
0.59100248147199796 0.49370518075327047
0.19960406995829910 0.23450017632769110
0.66863249806968383 0.59480807850903772
0.40933454822574766 0.92768229563223892
0.23295868135371034 0.62648486045644769
0.70061099978188879 0.05667867151188582
0.46194022962782322 0.64927227214039462
0.12725461575223573 0.60395116543459570
0.32946751924656748 0.14865950023093780
0.48287733757304768 0.65919023921449971
0.10144126873861527 0.47516461680751204
0.09609798024118958 0.74101738664222261
0.41578018089614949 0.40132604205479450
0.61970015732719941 0.09141265094512280
0.22504453784510892 0.94650326648552918
0.17838436483488229 0.50679952156865116
0.37559051298405011 0.68191133923044511
0.79741852723344309 0.38214068421748348
0.59810967190332043 0.38962840195442600
0.67263559846053533 0.27859591094565755
0.57127807546666853 0.35846723300450273
0.53364289543161347 0.91627133760346346
0.02901005013560211 0.59774988901895398
0.32665247463726782 0.71636503560649545
0.36444274119961317 0.36269589686380194
0.15309169131520342 0.34460482073718701
0.58978836627352882 0.79625558696168908
0.02875457758313409 0.57341556530437188
0.61696172185363873 0.56682783250965085
0.49929132934768011 0.21577169155483653
0.65740041495269885 0.35972001633921569
0.59735169497867302 0.55143616318399102
0.28334923561509329 0.32089201270548179
0.12220866361134232 0.37442879212809144
0.23077633243145873 0.18696809975557740
0.71612247822503261 0.72544835232696192
0.19877569409611193 0.88047327896858774
0.49789190448532267 0.10391448027031447
0.44118975072795619 0.64862023154031812
0.36072835637748035 0.37619887088827131
0.31096387294136485 0.13387276559084085
0.05621945912683497 0.67164260473342519
0.59552574165769878 0.08831881291706649
0.36358252279996628 0.94392960196315157
0.13860014296355830 0.27185251013195300
0.40111015632771629 0.31627128896897000
0.13710980659531630 0.37330448828117851
0.29956340206048365 0.88165251821169943
0.43328678676908361 0.61685475869158790
0.60669592826125640 0.40138035060330834
0.16078368198724946 0.86286890634800728
0.49433878658696789 0.61273575459193275
0.32897446299852323 0.40249630940925457
0.68255895951546763 0.09942254205444845
0.30343552243934929 0.12539031949192683
0.29830612734752060 0.30188349570834788
0.43352772210101809 0.22057613480957364
0.10522946320823134 0.89437234380653741
0.16302893920426600 0.78924693010843516
0.36473481613112246 0.17499378263601617
0.11826577578782257 0.36616110686097381
0.07753546046092287 0.77541677388308883
0.62975636731805573 0.50255365153911569
0.09646494119306560 0.41108900135374338
0.11370617811258747 0.42460245214081438
0.24287627098034814 0.45855432518447220
0.23518569119020419 0.97219364402995923
0.50779754991994452 0.84463245861932745
0.26850357800205710 0.79778669818389880
0.72991343018257826 0.13032187934688930
0.66036353464828379 0.36595946707629634
0.62167483735600459 0.29469955081421212
0.77242678601231063 0.63733930779661674
0.16008063228929842 0.65507468052711304
0.01565143677036440 0.56850666830006713
0.82623916119934770 0.18296792926380046
0.63631006187475991 0.21183459284826203
0.16499686338435005 0.85713924760743743
0.68899031566104729 0.39347406128100865
0.78421790192121976 0.28715583600307160
0.27747718168184837 0.65569862888646469
0.22818370793622328 0.85330263817615037
0.60002652023976488 0.07022529778959824
0.15647108017488862 0.81830753723722194
0.31916671747952413 0.39457385228972208
0.70506077574729764 0.09597122020784037
0.23546604350645564 0.50907446435878145
0.34441725989014949 0.15971212348112832
0.15030594931155464 0.95759374229675798
0.55411736733480244 0.06582909668714824
0.58401533534903771 0.49354234083143123
0.56872683439522231 0.66259411522875722
0.23040430001879328 0.43335266433404790
0.46236855107060754 0.22987036164595628
0.75184681297362499 0.29620958258688518
0.22270281809527992 0.72706775090895415
0.67604208049395720 0.72826818686528583
0.62056268901704681 0.05828330438903639
0.50902726532058773 0.36921781538923976
0.39789771356956039 0.37329524527227675
0.65148385092904892 0.77097649959504611
0.25990673889880883 0.19398266777991324
0.51804969144728052 0.18937248485180597
0.58135426000303980 0.15172861621257180
0.08589057637125411 0.45300066178813836
0.81588087709237256 0.57443638061125724
0.22121539661620049 0.91985058127257757
0.06370026755302416 0.62446246323477206
0.80362565421022580 0.43877497094035495
0.32465187024319975 0.73591691238640422
0.59222324678101901 0.59468499474941694
0.12225733886720078 0.87831137586773989
0.12201572924051025 0.48441676295335567
0.71926794247462311 0.08181536815240567
0.03765555121646980 0.55713114087481774
0.75357725186237690 0.39332851434204497
0.04795755021834321 0.74555751076919230
0.11609213774625056 0.45488591027870762
0.85094147259244235 0.40203723417893267
0.64149462572236926 0.08802400503979507
0.34465711199225058 0.09508677487825792
0.45867933765262037 0.81749451716179744
0.83614649649544615 0.21086073786477613
0.00965762614141915 0.69235338183036654
0.34215481660841868 0.59789361864437052
0.13872038826584390 0.81278037025572403
0.78422853293245354 0.33241643965827394
0.55104388460720310 0.85427019251528125
0.53587152421085893 0.08530657843189564
0.24790058078553112 0.53866608880144140
0.08229613684102714 0.36969522547273481
0.12012163258844800 0.78908876113118276
0.57111008106906880 0.77799547495080679
0.09919360820293854 0.87250199424774288
0.38360808407042057 0.90628218414087292
0.68464670604157651 0.44580570817984017
0.55300327863743837 0.75181139146458409
0.12209594059913842 0.53776294233488864
0.11467457148536193 0.85893772107698041
0.43170557718498809 0.09396720150172197
0.63979515521883878 0.33897277142095295
0.26826437512280377 0.77472343214875639
0.33917651328834880 0.13711989540155667
0.19163273821348678 0.86935651747551290
0.16500863750393002 0.80752174071553584
0.61399739371203921 0.25133693546126784
0.54338887345514175 0.79111217194050465
0.69667464734402595 0.10913761898493282
0.60878996240457373 0.06522890137390637
0.84233610889594246 0.42575924986208386
0.20462633247734885 0.82885377559132301
0.83314109311379991 0.44230563681677448
0.74138612308607676 0.70411387146253446
0.09932239525434294 0.36781276955318454
0.20072843269084073 0.45146677700195076
0.77311452279706783 0.59380226373176825
0.25909711015275755 0.13322988021128732
0.39692334911724014 0.49008388807840703
0.31278221058140732 0.33373568239613954
0.32007072169334544 0.67410974493735187
0.37238763562305210 0.90144291491923723
0.26079031211864501 0.15822798206377200
0.36710771188865959 0.14840323685652418
0.26587793636120571 0.70455529235811531
0.17874479816720285 0.25380246463519041
0.52839243360287458 0.89011234802928085
0.41509290030846852 0.54918907157063535
0.45253345665024280 0.94080507183939865
0.70544963613748468 0.28391225167430806
0.37418646161779340 0.13421909241048990
0.16511474703387002 0.45274306719967744
0.35922637565093740 0.63765240054394101
0.77911043541820391 0.41420920914129483
0.60730047171037016 0.10067685856619203
0.27127277161222957 0.76055608780970552
0.73685202579149167 0.20797099173274733
0.03391373688530477 0.83816569465546586
0.69555336405406609 0.38453107004488701
0.59516736722163965 0.42614645688930625
0.65425304980811683 0.21577260575709376
0.13234232574594768 0.82274846431294568
0.61130886562857067 0.20609232033722591
0.78004003970938041 0.53567398848660852
0.07522570427078913 0.75378378641876587
0.57420811593184784 0.15413991580533745
0.74418759045480565 0.46353438274679776
0.19051361973093953 0.45546817485686752
0.63085989040814194 0.61345382168595752
0.85176361442404969 0.37759073435868856
0.43271834917061458 0.91321245499714976
0.73670480870055599 0.19438421925385277
0.57098091539812923 0.05761600646503276
0.37190689880018019 0.38506066550338280
0.28535184991850820 0.13924034254135279
0.38325631493198281 0.74524542002248539
0.64807038900597747 0.64786670219532538
0.46912243724315628 0.10360373795939622
0.51906725391880171 0.21056557924540073
0.47645032408288240 0.71794926005457149
0.61614519475667651 0.09909308818419098
0.29247488380064407 0.15949705158262981
0.43758686771147631 0.39836978429923264
0.45830336815320777 0.13558304504583027
0.28350406993694138 0.68498994633180921
0.61363156059228863 0.42796427115669755
0.28885544779807687 0.44473387106830753
0.55989009983799976 0.24161131627785185
0.35293140905192844 0.70918103461934845
0.09931308156190877 0.67257605906686213
0.79679219353579811 0.18835671769841530
0.69543286380530078 0.71121202092895253
0.35986347296501897 0.50402705834393846
0.41617094941453564 0.67020258548349698
0.14554908598407656 0.30308420475308073
0.40608157790241606 0.52454877195619698
0.39049787074245790 0.94904348352800982
0.80824312312990954 0.15719025826702235
0.82900941508652615 0.24252973335658295
0.82096356809934612 0.09780318290768042
0.57499236899908202 0.16857843156792729
0.17356515851329135 0.79704042832211341
0.04173884841679036 0.70384021584841383
0.07693572324582600 0.44585896142798737
0.52697774914527407 0.83271823136095169
0.24703276507254066 0.79516650338667549
0.69581923734699380 0.47727714885227973
0.62167541738180221 0.37192183331845141
0.13594266685236284 0.82731401378463132
0.20628627011332942 0.35080498900281670
0.68729438192629089 0.75387580355584072
0.31475682020935475 0.27017289175228926
0.50419280661987487 0.18647020337747677
0.41759947740232867 0.48548950448026279
0.56425751711383842 0.29901580497212799
0.09215273050389458 0.44574431804907394
0.09423932013023606 0.36645773219244149
0.09639381684112612 0.84991599155684239
0.50795582234399761 0.90670627972665918
0.34095817476948670 0.54367286882221277
0.50696238014175643 0.59716883053966119
0.52289089064956717 0.83671065360227903
0.74271090639771165 0.10537710748383693
0.72664111875030390 0.71251968166918667
0.09303338033108621 0.78785891365695038
0.14457513415960233 0.89482758594709821
0.49678277583072872 0.12903375226655714
0.31981233809018450 0.28897242073021406
0.11487401728571738 0.41092398955454512
0.32112011041347921 0.25969005104396259
0.46249835947285478 0.49871218403909001
0.32942347563886815 0.34667526345520483
0.32607065211775721 0.49943357801969473
0.67262859003195830 0.35871898226185595
0.23831578775491766 0.29505465425457839
0.29247831312377287 0.55151677958719869
0.62001286060569638 0.78699749349488135
0.12730469308488218 0.34755981533756736
0.37500007438178928 0.62218471900986960
0.62166857289916178 0.17714542991071638
0.09194265258080260 0.73730399323824980
0.57406460886922483 0.09814894314929640
0.17201651467190454 0.74477921468315889
0.13526926950567134 0.34374432975387981
0.62103639563740576 0.75945701663623211
0.21277306002944152 0.18941461303990664
0.66280405976790568 0.06528328299498826
0.38768971760042564 0.18238887543592902
0.40622252396321112 0.93632258466896290
0.37158056524000399 0.29798427190924942
0.24045329096041043 0.23879919325588311
0.81465393191495372 0.50384460057353608
0.82756343753147976 0.47596538178704034
0.54443948767926142 0.39052252533048970
0.07518416781097609 0.72475504515900335
0.43952101080149797 0.78024332960590770
0.18492204427144943 0.62464556106671831
0.67188714022137974 0.50691164249296394
0.19873790444768233 0.30290078975313128
0.40658657702452922 0.90170632689146002
0.63598881359995607 0.35890523969072502
0.34034051371504564 0.72025518711012115
0.61578204330536213 0.30840221212897634
0.54985708571274172 0.88066167012303731
0.57779173600333733 0.17536348022700227
0.80148588838339607 0.25742792518062890
0.67254244526095852 0.55931313453696030
0.75227582223995615 0.41648551169935716
0.49323981018741836 0.88685227790438370
0.76743028342482489 0.47549353663956906
0.49184260638724758 0.38175802845943740
0.26684057183295307 0.15894474755682206
0.18808980335805967 0.31238465232556156
0.33460504271299268 0.26926883421399700
0.54051199167733155 0.08428322530071852
0.56305152926467228 0.05966271328528216
0.86420955551141643 0.39795193862906908
0.55751971012430768 0.57578155460036617
0.82250067261722681 0.61237030928505620
0.78275606196446401 0.27443350875556466
0.56637497631676070 0.70085761347468833
0.50789599009540343 0.64323079552995976
0.66408735017137421 0.58921609094812954
0.01414271231306551 0.67199793202608371
0.24308260529558656 0.87473491072369769
0.32985224859234968 0.19404200902562319
0.64644136021449938 0.55456643877966816
0.29255562379985300 0.88591446716344757
0.12505945594067450 0.33407382870173824
0.05258409831296986 0.59942148718496213
0.77305991163418719 0.35581464366317872
0.02419971786167593 0.67935787774266432
0.52852004277243714 0.19932580324778026
0.78364338529878752 0.30695910545639993
0.79230919617798856 0.27547327633979690
0.46264981943763728 0.72929582861515840
0.67475813208041280 0.27165857056741394
0.28956713700399678 0.25253686577427703
0.28463091719488404 0.93015213801834262
0.11232386826438988 0.69211222791411209
0.47033291970975266 0.87117995468008458
0.17281034602769227 0.77234155094114010
0.68801150867780692 0.65802402965069096
0.17059918995892892 0.47824279118581065
0.33707256399782282 0.75839550006416268
0.26997397515544763 0.85837353575290920
0.79842168362183819 0.12329926337454050
0.23308595081756617 0.29057869019490212
0.42341645507531189 0.42389188895505114
0.26251912777574299 0.93212663990363487
0.64591873601475347 0.75137796040098226
0.48380476074004608 0.09170830936083767
0.80363267848126574 0.25110779088961444
0.28320556315264245 0.44964501629023079
0.44057092189133584 0.31015877355353039
0.24089589287380522 0.79817505826624335
0.63674273695594474 0.50240904569053324
0.08864825372953182 0.39899562425878171
0.68588366826439395 0.04059286149474845
0.33603129161173545 0.61315955860693694
0.39847880315946260 0.56013306824526543
0.58609744839599576 0.06106219059386909
0.69171959398954652 0.31823458971565766
0.84761184114347332 0.29354953177712084
0.75574184337155303 0.43560776820903424
0.72306802018645822 0.74429440535667390
0.60511329410404369 0.09260243619777361
0.38268439585082953 0.63615898923597258
0.70495998206074506 0.46279486491325683
0.40347261831474485 0.06295870024673342
0.24159078909947285 0.91032941194568373
0.11236152297980552 0.61764914910230462
0.32271103676695267 0.57085154003551031
0.65156291475240069 0.73906752042885826
0.55739572749711175 0.61415962079119613
0.49587750859554686 0.24614319298564613
0.53197517594294474 0.85039197060901517
0.79873397859060669 0.33873315573449181
0.62251397404008380 0.10189976716124133
0.70830909603797687 0.04417536863774874
0.65729557376514580 0.61612213982885566
0.82182241607686779 0.51346553524804472
0.83112376825987777 0.33344328780427468
0.52079788220016909 0.66313722512258888
0.59992813959007807 0.06107740612921808
0.64299858502639229 0.05625995162044432
0.35980328220347502 0.12620683549088541
0.69449097152320360 0.57718060392287052
0.56480402293343657 0.40394572438883408
0.80436204878895423 0.15302989094815309
0.22604253400171348 0.22816527191471109
0.36699008849790477 0.30456190636151032
0.44724687844995287 0.81124682236117129
0.68705390536771238 0.45921631005548824
0.15082041072256835 0.57841725539886979
0.26397983565908051 0.72363836260961611
0.27828142227810093 0.84747666155741797
0.58637698663348636 0.21478783314617636
0.66972995163371574 0.28478181241939970
0.58348624665962145 0.84078145027751816
0.24940578376298875 0.88554048364374172
0.27992668738370236 0.19641863837042184
0.56147205454366400 0.49704527901829537
0.61196794395744980 0.07372023674510228
0.31050548815349821 0.47956783818088644
0.21684707945099158 0.19358936260886997
0.39149803094628444 0.48435871246592288
0.29129072514329896 0.24625439502265856
0.29792772241125021 0.88863050263448984
0.09730585961882435 0.75167118766588992
0.33331602235558655 0.45186550410599136
0.82680384284385100 0.51030840315935444
0.59614723636985312 0.24019022443475216
0.71135444447258389 0.18698101716709303
0.16585674023282701 0.27710647113173287
0.64129440097744761 0.19116656426621262
0.15612436051626349 0.25143216232508875
0.66654775671349797 0.10407124021119399
0.62851995656245585 0.81644058508154538
0.69326400680845468 0.49329245326148924
0.53175024795314652 0.09217358363339227
0.76592002819067861 0.12816554579683828
0.22682635510731777 0.97575493617877440
0.18430093923532337 0.95353532350102865
0.78262899782640727 0.24390080912072759
0.12456512990273816 0.86515101955881057
0.57277472283579889 0.08549288233333768
0.33627653367474464 0.85761111787373512
0.16676683508089454 0.53463962787906261
0.51814927027899027 0.01815274381195671
0.16823962712760243 0.88485720133093093
0.09897776282164232 0.84541342109312756
0.37143602450541230 0.19275005451597554
0.73373761904481349 0.06860906409566041
0.76409388758748709 0.59729287542551268
0.63343423191345960 0.25541564195458538
0.12498979768041669 0.32406328646556987
0.13675865735177567 0.28385399203013345
0.68738822883560802 0.27933525594395542
0.59863125584089061 0.22278859917977079
0.53538329185914979 0.87155462506495518
0.50341332124075466 0.57116270033024807
0.50158416340482437 0.04374211568592501
0.83394329156488611 0.43294563678803077
0.72331637449927466 0.24985921030997310
0.42957334323177321 0.80697066774970172
0.28533562105438981 0.21905789163588277
0.19615351377223395 0.61960944251335237
0.53751790227792029 0.17208679081687622
0.51670384124458013 0.84568257368902200
0.81688124108466476 0.40459860376819723
0.27605011747016811 0.32092450941405293
0.42789173086896248 0.46609111314799456
0.33455134008277471 0.28357485823658141
0.61067598289065572 0.35572840308934445
0.12216700093895438 0.46144110951750744
0.30372285061977933 0.64635644396641612
0.51677867387338616 0.54398463696791410
0.19738574197220293 0.92672372749672782
0.09576559336173712 0.38715689494035010
0.51272351957564388 0.28866735053593595
0.75343121922154932 0.32299365729057894
0.09758440651839112 0.71250542648747250
0.61729125806037421 0.81975159003363340
0.12621869290865845 0.38272969927377876
0.74231323697503437 0.65509566369864625
0.50282855307147156 0.07222881992239313
0.58478007185562764 0.61815700877627877
0.64787217465839853 0.79007894328514316
0.38220626558946391 0.87580085112212835
0.79527870599668160 0.20519322023510136
0.64029041343787363 0.19845020279458417
0.80002434033904357 0.58125732117918094
0.04170916193840554 0.59283189975295014
0.04271670611464370 0.55586665933695367
0.37346458032446944 0.07630195333155003
0.28233867873411245 0.89453199347364298
0.47946811186890770 0.16050946976935751
0.53250883520131964 0.14332682782668729
0.52624358127116921 0.49921000866128873
0.27350853532243197 0.59836401940580175
0.30402093481511877 0.88641621501615830
0.26245503312752944 0.88917008728555169
0.71350632486726262 0.65180131781526518
0.20733771893574798 0.44721070303989446
0.73534519872264659 0.17977837140038294
0.33296972468006386 0.38983136631265436
0.42468879835497919 0.75721312775754157
0.48382287660897799 0.40314701868222902
0.27130901378073446 0.17750430262785100
0.20054895226745315 0.28952146787426231
0.37464217532525818 0.58437852477373775
0.59310988146694466 0.38454904420015679
0.41225562675043742 0.90110818394656733
0.06785041396509085 0.69969295143435839
0.11712956316333993 0.79500389469099431
0.78849591163468102 0.12104705240247701
0.08105507494017927 0.34070015547920846
0.45126809581238098 0.28692141224624051
0.62076592133834541 0.38785756673399108
0.50157111370195195 0.59129948002224952
0.33917068574917769 0.38360091889473713
0.51399050709989080 0.87679753044876951
0.57441039818412909 0.71849073682106357
0.37843706403051541 0.36131337847376943
0.18762567308576056 0.77893477923839027
0.09503391930282309 0.85805716850119507
0.65954780640530453 0.19788590772101039
0.74798666883789156 0.69615744793882306
0.77800621266422887 0.30180437659447995
0.25635765100754887 0.88547559716422697
0.08583141133176339 0.62192545298276625
0.58954740141501483 0.08816355074954400
0.24461702767081650 0.43783537744838724
0.10054162094516854 0.38830366540885264
0.38635578756399241 0.17597341520306423
0.43252826269068506 0.09982606020599596
0.79342696501791155 0.42560084142800558
0.57852728620096472 0.24271813048816351
0.79522254158002781 0.36915652834376878
0.72066390539915082 0.10319353205113413
0.21393611798173423 0.81026271875440170
0.39385687452315826 0.59433674525830571
0.17748126292093652 0.74062257286659228
0.71149164043755009 0.13171667265031597
0.75194298893906153 0.20704317397158864
0.06841936041660281 0.57792905083362089
0.56825163747999052 0.12880091850040881
0.11551038868171681 0.78536540290102841
0.53701042918367992 0.55280972408018170
0.78482439112248592 0.59701039940873113
0.17648386488673512 0.80363741096121832
0.53464921590810144 0.83345054936062835
0.09227329143337779 0.81658235442270011
0.46845208487114842 0.19674118794830703
0.58759995551649757 0.81665281215758567
0.23569278878172253 0.44767562318442311
0.06993932828210883 0.60263205075788007
0.58234070986727970 0.65232666829644448
0.35518621343426332 0.26853644298615559
0.09118422837837335 0.80712726918210687
0.37411980671128114 0.46189372510050991
0.60182799296081735 0.20874258859655800
0.66643144832045886 0.36232085986240808
0.71357761617779303 0.33662931897526294
0.56366960845928638 0.23327991785443808
0.52889061004580418 0.86745689626926537
0.16008105102290096 0.30000283812579703
0.54170265279804075 0.68269604147838658
0.75355697397651844 0.11492903738588628
0.76502426341539720 0.47019943823441235
0.44330884890498479 0.46647880105242756
0.27890742706484645 0.44425848036461019
0.33718180814003118 0.32531659173622285
0.26336044189663743 0.81769361163333620
0.53636640620319842 0.87749184511784206
0.25012329220153562 0.23315576681670341
0.07144480298297055 0.62164281915797381
0.72095053160071809 0.64362803418097836
0.57646735982093666 0.28992493260344843
0.31086141868822470 0.85342521969556151
0.28726909654808347 0.16053180079556637
0.23318040005053714 0.92253788713993368
0.83329340766469662 0.55516819238228154
0.11289843089169919 0.63325433296294109
0.55335598308466560 0.28540379698316160
0.09975865875110992 0.67880540093634723
0.37365708216378352 0.08872394201742927
0.14489573360321287 0.51273848136049993
0.75246783162936537 0.62967813633484049
0.33234999716180635 0.20045043836194174
0.08397599653874870 0.92355951007903914
0.20442473426492330 0.29363269548793725
0.17465568725949859 0.92263711086044642
0.58956665073833969 0.33650580007136716
0.14895823126993885 0.49877974750407350
0.23588082142071123 0.25302875988506240
0.12259070402430426 0.49616282360616670
0.42299873802028687 0.11702006847956090
0.12701566815498067 0.29584731865410957
0.52409175632967875 0.20558070255432379
0.21250787104721697 0.30346683347067027
0.15310404176060169 0.64494658480993661
0.56135909130123618 0.05401122716957547
0.08510244109160239 0.54524179878304335
0.15647303440201887 0.32302167545008220
0.56251563413908845 0.72173532224531267
0.41848370185715450 0.70938511576022523
0.28217979348275624 0.16117888493727234
0.66906303575481496 0.23862273959660474
0.02957042394147618 0.72009978220773019
0.14782209876838590 0.28449815404054080
0.61177899474326991 0.34193718828889852
0.55631614461484025 0.64815152890627026
0.61527183885145542 0.75695231931282780
0.38893514313740407 0.58183668383365117
0.44064177665381060 0.11871075247311827
0.28995385190928114 0.96972593272775265
0.32759314192177647 0.23624777845353490
0.03892179891797577 0.75261992277749801
0.54329742827904393 0.47638040580869118
0.04710684548686900 0.61963720846658532
0.66991673891178394 0.66115331079345885
0.18053300000501371 0.76145138624923858
0.61036929449814514 0.68920402731621622
0.52669820815726676 0.78134793694514926
0.39972424734501760 0.59974140928090391
0.69362500057040410 0.14923682625886850
0.28662762720698653 0.88980733990558536
0.54307750463264837 0.71307888409709252
0.06436402628655780 0.43461818001953983
0.42056715855522658 0.41618677626370371
0.79310615904374027 0.59254771485512669
0.34782655345445657 0.11599001132421323
0.26197687972621603 0.31667128218267704
0.17648271401314128 0.37189421603052886
0.44417051398486646 0.44498076305188738
0.62275938317421120 0.73590632325469230
0.50757047481565176 0.30998778370678953
0.25732499140697579 0.68497884332416359
0.49509892025838459 0.09879393432432076
0.64122754315746777 0.61270662788658237
0.29025865631632930 0.57520657205153058
0.42275904374939077 0.28595492646394816
0.51724149546804243 0.86575036937384142
0.15745837630801293 0.25728076569105174
0.44999100149659521 0.84700512958614038
0.14015916396180886 0.45692469052167045
0.33173158757611604 0.35806609506088383
0.33516034971983816 0.93200366575095672
0.63587917928491622 0.38765013195884312
0.41880999012568587 0.94555590765533482
0.37297260791485276 0.54273809550508778
0.83940360990178364 0.52127033199527384
0.68123028428481358 0.74486227133177207
0.65455223769903714 0.58894885199192748
0.45587446894085332 0.84404897526961875
0.41611861691785984 0.90600588627921541
0.48451102995160417 0.48383462886916367
0.73483762396633057 0.11198574531832856
0.30152092721023960 0.50661965619804017
0.52333325115889628 0.68369556310411472
0.35798076794194106 0.55031335455916042
0.72408613709615166 0.13099128786609462
0.17369230710724198 0.49262115691568858
0.26077133975294531 0.39962585327888961
0.19480230609921553 0.64481813645827912
0.38503273632757357 0.87038218589953831
0.17730640142460460 0.90974261167390946
0.08882599767439198 0.37567811989200928
0.20993349960145796 0.22733143638510092
0.25269740075604924 0.72482459309488534
0.45868107347855436 0.67685258949104010
0.68726326058146903 0.16411462489763737
0.32130772286357018 0.34667110359486131
0.27779630460837967 0.94446463639911094
0.46106032544021919 0.85548246049319709
0.24531548882845125 0.21853026012404486
0.46520669419306088 0.52605768433928912
0.12383992951628089 0.56202153992455894
0.31784201000902018 0.31296417078041766
0.29711870738073098 0.95124194853644595
0.24410530554725079 0.57306387441551598
0.34295161677874597 0.61255079416526281
0.63962726346351184 0.84633226554357788
0.03922946187119526 0.54060414416257763
0.49896319473963840 0.59770870300614720
0.21128339715940714 0.60329345323932015
0.22346013801150344 0.46947175223753945
0.79756078743319248 0.40817519410794917
0.26613300806316126 0.18599919888812280
0.14529184097252565 0.94311068044175461
0.36589537112755222 0.52294093354053728
0.35173447057254881 0.95868753077938207
0.10434879476601822 0.44727331156713801
0.54079595529824354 0.77770371168953323
0.03343174856385657 0.74972221417483342
0.64393854137424333 0.73220822551253650
0.67732617607580126 0.76152462221295913
0.52765796154032030 0.06546240042120344
0.60382148322984708 0.85670917185660345
0.13655255155823923 0.42195655409704008
0.60088867151915704 0.03578711818186255
0.49663796724263565 0.71954205705495422
0.63670032650699027 0.04092505359760855
0.15382062335360544 0.26306461442447149
0.81300445036115809 0.30334493241467358
0.65387850610724252 0.78161148199322639
0.12479683442137790 0.65341943733444363
0.69623636123548927 0.25562361564080843
0.03487476739191084 0.66404876801742296
0.01712281472055721 0.65290975113402194
0.53558856134304622 0.49572498743292931
0.04799878665342286 0.67568322303179829
0.72945231490795781 0.66949051606185972
0.61811178866959982 0.06778928270931883
0.66692503871514952 0.47596396192904050
0.07975903748308232 0.72404444145781133
0.81193196111359367 0.55212361801481946
0.22654278385495746 0.25091323059690374
0.68842019261475373 0.77478403736734569
0.08314673363827076 0.54090903081413078
0.46711536758461303 0.20747296735781492
0.60514962811908413 0.79962061556150610
0.11838466215861061 0.65265848826104356
0.80616505215568546 0.37370412055032531
0.20131125149002885 0.72589332383697525
0.22980831334492641 0.95168811850665769
0.60331499106453101 0.48082466238910693
0.32466525562861170 0.42191280543426340
0.35677665511712914 0.63036846806961722
0.23560052192477987 0.45499316642371640
0.03764983835288029 0.57356184671178179
0.13184729802808856 0.27162073196141157
0.80817107588882964 0.52421610741910685
0.75201868877365019 0.18133770234825894
0.36212729366967972 0.15412540596616689
0.78987942083345031 0.25957474896581456
0.76554576653477580 0.54479322641138839
0.35166534408222544 0.08679500379274527
0.35598361927433564 0.92112528760542678
0.33526730487096562 0.21978749760830926
0.05395682030801107 0.71706489536231699
0.21921183555304216 0.27891980704569064
0.07465074733873887 0.55520658721750260
0.10199222714766462 0.59996442512844239
0.45254714221770331 0.45621812291962971
0.17500090382596861 0.93179057123129483
0.33938098497241465 0.55180197859482649
0.53949580850434431 0.26889819487738015
0.28798957230932787 0.31255060152743813
0.32627477366641705 0.15692395863679340
0.04265780893534395 0.68452926491676025
0.83442827550725962 0.34979041518051374
0.10131791711136712 0.45708658671327768
0.65485779054473447 0.13503226746666425
0.13715817888580881 0.35548008407233073
0.80604284081495103 0.17557049314633416
0.29016958816524663 0.43600709626757927
0.72847253728995798 0.53957549093276924
0.69950894765451554 0.74388150391200136
0.06715028669244327 0.41480607828445282
0.79115282322638569 0.36376088243845794
0.30190792773465075 0.94520860141540775
0.23185532202710313 0.89923568811936438
0.85518997924216333 0.23914860792742357
0.68568989996029206 0.41798920115653848
0.40996816811696457 0.25698234985583146
0.10837460604727839 0.37727318901575574
0.08191986582223476 0.66978230081294854
0.07645591916812465 0.74949857327912328
0.63853523760398101 0.07966097083211821
0.72879053306081365 0.52858244280992073
0.58545368276424370 0.07568718602658221
0.34578559804929543 0.92740841446357603
0.72308478322156688 0.68126919436807820
0.40357913593767897 0.37730909917993272
0.48055594981341132 0.86987712172293075
0.56916312006877601 0.58208212538997328
0.21509818949142534 0.64541077211709774
0.40081310701056644 0.38396388595060577
0.26710718689228258 0.59419977593787909
0.06647164404942707 0.78226354619774030
0.34098074642207971 0.62069369163409682
0.63571023812966021 0.60150596469751438
0.31401921621999279 0.38057824602641960
0.68921815165488365 0.37956933040425850
0.15078510343312790 0.68467514891969361
0.48437428361052609 0.49238673464215693
0.13766323716406237 0.60076579532545882
0.63102611916675322 0.04924493061276533
0.25785730151478592 0.84143888547863177
0.51555048354493460 0.06493276567264229
0.28701894174876175 0.32728832676064062
0.30085015866992604 0.32689315886257470
0.24232761250638346 0.65233597422866041
0.15000230334894168 0.41885006806685787
0.08103000998300353 0.74205775246638106
0.20690306113163465 0.47521127502089522
0.73157403885387917 0.44254587886809033
0.47947910675302335 0.58807494218803502
0.62657982830936365 0.17050806803014137
0.03427198172722938 0.48278063769328067
0.68714119541877849 0.56573043991189653
0.05069983692648407 0.58983511718687931
0.11394717728097564 0.34282464328916468
0.05085176282718403 0.80576279883895763
0.47988356316269692 0.08013965698802333
0.66674631105073512 0.41989663167905145
0.52681684997721978 0.74159386517082360
0.36418345954319559 0.73387735241118801
0.25798923536234619 0.28039112529822463
0.33774222491609768 0.24985125261213997
0.07107872047252205 0.64726507702784164
0.67852338220434394 0.57630426243011446
0.41116066612432556 0.32451124198239079
0.25844336090048348 0.41457615882773829
0.26785254030653871 0.39676176694514148
0.47240967097662695 0.07503674485441766
0.35673120257658020 0.60638808306325986
0.33989576802500227 0.77844664176871525
0.02793663554047597 0.65275267102930501
0.54120582684370766 0.05189785498473035
0.67723196368234428 0.68226437608432711
0.63527117488212514 0.66019197561136156
0.33457354083603136 0.92641600388209755
0.15422957291658373 0.66881504498743582
0.73615758462523107 0.39156124626522609
0.61431980742599535 0.29420811443973094
0.77686177473201223 0.46385110648511274
0.68323141459019632 0.65307111814443808
0.03276227838992100 0.80764415947308088
0.16419331042258251 0.73454408208049138
0.30470714645235569 0.39186620926631344
0.37069209624846788 0.72208878475893878
0.03432714616536746 0.52019824872622944
0.34393698547444446 0.24602528343713803
0.37035182493894031 0.95413517031520112
0.36486304014133786 0.19357023439743790
0.53642810539283370 0.10645381949312144
0.09366404250120852 0.58959322148257476
0.12568136014707931 0.44012588958687171
0.75331759836800383 0.08111231597764687
0.43312727864249884 0.04956872322309892
0.19881250157239513 0.83330668152246012
0.45809781027425700 0.19419696311317597
0.17435801376307805 0.56444759931552047
0.14050593657349755 0.72213429139071361
0.40026621301678195 0.90284942073711072
0.77283378565310357 0.52087276607036126
0.56255133874205565 0.80538995636562927
0.18665820977453720 0.58942914458881868
0.77109242204072659 0.33038266710282216
0.75241570633741794 0.49896651884546733
0.76504767327156298 0.18730915965529962
0.22616312675367509 0.21947383094563316
0.18892644785074003 0.87459725312348846
0.01902757021484997 0.55114630776766971
0.69123335936371721 0.78124476347857774
0.19860438290486973 0.57919820044940373
0.71151928460466862 0.09346894742410178
0.54969277598763377 0.64463434728113522
0.12128734696844859 0.73760585440912863
0.60383902428479175 0.07898723644480267
0.16492682509099080 0.24094246318919232
0.43560085853625824 0.82319275054366536
0.87083341078050391 0.40360829691776595
0.20948168470393216 0.40899049345115979
0.18181592294826227 0.72950361080874737
0.69838052301111497 0.75100477716717984
0.51948338788888182 0.38730042625607597
0.23347308617722304 0.16944654152386412
0.61977918725353964 0.43147420873610370
0.36252150594354099 0.13001919503538553
0.42982992561713612 0.62522773590935632
0.82215522633126170 0.17508719535080308
0.76953749011000117 0.43509192476188918
0.13871478772834242 0.91427362162666026
0.33310249535166941 0.18254557930726936
0.25297150679214025 0.26846049409827938
0.44034781205948553 0.41359161920629522
0.63970958931163535 0.55566708560369804
0.78524947521161159 0.53466261447864816
0.57175838057062289 0.32534304298074290
0.68602406373069003 0.71314435918376162
0.43504306581405172 0.86252482557846155
0.77814070638969568 0.58024614594733859
0.78936256683968453 0.37021121439861704
0.46895137741428111 0.08434377828299178
0.09055284467048694 0.74310614418651844
0.51955287547066442 0.05344313531889707
0.42935797932065878 0.28876799519143409
0.52724844055024411 0.09000498413127848
0.57258142823598379 0.54353473987502510
0.21149314200715388 0.44114098937777502
0.40641644600189397 0.55900081816172720
0.21275664761989974 0.37350696316808030
0.72622643167617307 0.64138980575336013
0.63988085462468092 0.45708526718803733
0.52674838323746409 0.07046095623820116
0.78293972033357240 0.52977973482266727
0.63871029054737594 0.82656996400617599
0.12631975080742364 0.47331902660364555
0.66088235104828441 0.42428135314664051
0.87123515988176725 0.34753565514285584
0.47647557317902250 0.70207176640428781
0.02098353144986998 0.75126606623146974
0.32015169114980629 0.79649919884434439
0.66911343757833375 0.70640840460487619
0.34872913044370818 0.87336373297088898
0.49817749072295137 0.08073827777144507
0.64255849035216317 0.07713910782676599
0.20880046322927828 0.71103400775689707
0.07373016985970419 0.76275395408746971
0.16516582948857525 0.68160966217486896
0.52737065162902186 0.43351344741477194
0.15845692721443147 0.35905562670850671
0.37037389351368988 0.84373785573817028
0.67551875351272606 0.59261864765506778
0.52371235913851721 0.48642539825759390
0.48940184015608795 0.69386919064987718
0.25150640349658820 0.18969808610803976
0.37902975915758136 0.12437548275846244
0.64029799211064398 0.37882270622776165
0.49021555840638814 0.80259342415418244
0.80880478535118794 0.46814586428636995
0.08798522239109419 0.57940888757805342
0.68550970616706086 0.72678904581479653
0.73970610869911790 0.27013102492207780
0.75688450576382160 0.27765234786211235
0.54041974822440420 0.85627582055147244
0.57523261124229030 0.72661010911724533
0.04685761773675010 0.82936716378669251
0.62057904183615120 0.40125034713460300
0.20543542431729578 0.26109768143107920
0.42642771657822209 0.04297018300489661
0.07588663840566275 0.65142132042763079
0.35393207785508907 0.38891714964947516
0.07365177381464989 0.79340991773447544
0.52105176877876269 0.13745353461782228
0.08662508306513256 0.72825414735950555
0.19402204557662908 0.28051599118557013
0.24837486766229774 0.56702686310352557
0.35081267327209059 0.09380331074861323
0.48609572560455694 0.21944902320466508
0.50715533089520259 0.10881311154749365
0.32320951760336369 0.95622935014116617
0.76644953956839501 0.31552990135582165
0.50782243119954706 0.88104012974859469
0.25208872326388243 0.68996926846086803
0.17431656927123246 0.91423726094537305
0.16883794716846687 0.94361265473880851
0.20039359529815881 0.62514316223006428
0.25634205874814486 0.45282208947914288
0.30047768685941872 0.16388166923289055
0.78083520686673236 0.54958988592066538
0.24466024597174474 0.14896951572614400
0.54680818711955681 0.75282782981876439
0.47818434890093453 0.08431976261854354
0.71751632687009759 0.68893620086112262
0.76541247665388723 0.60778658105165240
0.20090010764654478 0.38280742488129371
0.42714989313566953 0.88771839747509751
0.64940292710866510 0.72184777317719517
0.35601785187003610 0.79668428282587767
0.13585709384880484 0.72639913726452932
0.30131145852813224 0.72992645677815648
0.52254864098658271 0.24062905433879836
0.02137612306443674 0.73748387759061307
0.24573285899410219 0.47259719382098364
0.81585482785479446 0.36120308079888508
0.66882310270391809 0.16197641037362773
0.52963648571938426 0.06043817929218921
0.32052632413400417 0.42818527517008476
0.28269443418295159 0.25970740583846669
0.23064412238787818 0.91706980004284000
0.63309140817913567 0.41979063828062424
0.51790791767075783 0.58185641328810034
0.52458723088125658 0.62186371805105367
0.30714726494012012 0.93551358118793293
0.41005748381272372 0.81346542899012941
0.83257822333892195 0.49711314022482533
0.38191154009235051 0.16930223187432811
0.21262884771621096 0.75505140147816674
0.25728395558820044 0.45983812995396139
0.08440666242403991 0.91302659098560734
0.39870212260534793 0.39061900452678777
0.44254464787211056 0.11414892499350156
0.85172077553821723 0.39526378747725532
0.49969813193696161 0.08908479891756106
0.38358106397079250 0.09939793779099466
0.48309157885048182 0.88070470979361681
0.18652259004718791 0.70221341984465613
0.68327324395186761 0.07822883572034268
0.68801330939854710 0.47329197763678782
0.63905494336218227 0.74922516608196110
0.60315213189139727 0.68027469284919684
0.60889270030280163 0.04333335482949457
0.01560825975229861 0.69776252593374544
0.19859727047953427 0.96395692383483889
0.15118477347602002 0.37948054781730156
0.36782917655778608 0.63774385269646983
0.79796467815909300 0.41501297284522354
0.31876271481950363 0.78326046174860042
0.30739683042101196 0.89785948139722405
0.14107400247741039 0.48840620184978478
0.76577572744044298 0.29327792414944515
0.67996532171682733 0.34748510871132987
0.50776559327194692 0.78855344637472291
0.65462281261932853 0.05458269409632394
0.58955633481705705 0.26746978429749535
0.19088658833160760 0.23147359365250103
0.37193640360929842 0.85059229707450534
0.81707905851435336 0.20926821426035347
0.61262831305640875 0.19867134459461908
0.14958381002841722 0.37402963495638525
0.46303653554487018 0.63040167989960605
0.68892368420430883 0.06623439319513535
0.37014121736176803 0.55788398172605380
0.75506123871309361 0.66124361005931942
0.44125348711205642 0.09731088831211195
0.75038310788530560 0.36433753926628809
0.35149006577826775 0.82310247288656224
0.52145708820730863 0.30792426825975633
0.47479653199813920 0.02920655852213310
0.20148684045394200 0.33806454398255209
0.64754307706160952 0.66293724535852416
0.84100677305804217 0.29520216547012862
0.38407293937821257 0.42811255008921423
0.59596923723760264 0.18568195146308433
0.27518552502262433 0.18838049806392904
0.56889419394389162 0.25953109748289566
0.15762483337630698 0.50773862186797480
0.33144679089405854 0.32098862058648070
0.60390404824832977 0.02974479383990965
0.54493966408028960 0.82892054924914516
0.39049746643061400 0.72612373499598115
0.16995779198764094 0.49882613505034185
0.72634184368901156 0.07030688942748380
0.58447693018791569 0.71732163665422477
0.17917311276427603 0.40254269507773954
0.12017596623387812 0.33429254721881185
0.63289046047394903 0.10363651985271867
0.13360680968065430 0.39483562924020299
0.44251840046220020 0.07171045886745360
0.53279707999733616 0.65845607702635545
0.29860562789167377 0.21709847108890357
0.07921370304319783 0.54388804083114539
0.32811061238503098 0.36454601409564691
0.52468973813810316 0.35633805135929175
0.70376215241407847 0.25147691011015494
0.80843063268158044 0.30760358297794971
0.39193865786649551 0.22693443171930577
0.49539828797269425 0.63844496696802944
0.08012327333468643 0.82740450409855137
0.23878695800300709 0.73431229674992282
0.75635390543330849 0.46033963550487123
0.36679506016048852 0.14343643383456683
0.42331860844875857 0.10310373984392977
0.65403859316716695 0.72526454639512217
0.10099071773128589 0.46234260723314680
0.55049576738534745 0.44830642899027529
0.35366122174536707 0.50000339664972659
0.11056114062049750 0.41845093129127420
0.38526930405341464 0.79434441337272688
0.40867660334944200 0.17001852993255304
0.80790802728179423 0.53472560562675597
0.33318556165236257 0.80454413023036109
0.74140276510453995 0.46924124507477782
0.41276421657339857 0.43361309835677686
0.67542277448211552 0.16133084837611547
0.27033377184624313 0.68566049371818316
0.28392077799674437 0.67717752529166753
0.23476503187703845 0.71932011945443208
0.53604675219629583 0.64746211280768839
0.20455369858857708 0.92551706723966654
0.46910281013055344 0.24922726817943305
0.53683249061826843 0.80729134747976816
0.65486335344300695 0.11824447006207273
0.42063852760163084 0.35213860656171259
0.76617856573741050 0.48788238340688822
0.39532827421403510 0.13901111095689050
0.20203582067268150 0.71320624984892400
0.05822000274021592 0.48227934616469764
0.25473237491088607 0.35515726658371649
0.79658100146782373 0.24024702138296999
0.54020746003186770 0.11180911248176570
0.05217120213542829 0.63632722585446633
0.74300411378776077 0.64967208937969978
0.22638521638809889 0.74799336401308036
0.60230456566635771 0.33071507607393419
0.58353310481897713 0.67856488335731968
0.45741689837265859 0.43513280744187605
0.70480403710912853 0.18749425403127407
0.29687155565330137 0.44807460454986886
0.63352840163351842 0.19997212267769307
0.77045307279438724 0.60860398030800533
0.30698574243589843 0.58821892749818905
0.42332718633227390 0.38709909045748159
0.33546652173560332 0.87101652177236277
0.29158264417149937 0.36188457320369000
0.45194579165452903 0.50456084342546415
0.83190111923484455 0.23737566634348417
0.66207275262937249 0.16358564056146827
0.77450882780457841 0.13582865840731742
0.68324058238702490 0.37479520352412510
0.81281872112292952 0.45342011279158512
0.30543841341637712 0.32133649934584002
0.57938600053397493 0.10774113911495420
0.16306578571275818 0.70816940252631166
0.48168059778063854 0.60679727347656276
0.28013048805663127 0.88852997960016422
0.37219016091593371 0.71414108044980862
0.52120641791254463 0.25234856247692633
0.32390027619532363 0.92014339755089125
0.63946810150280819 0.46554557875608982
0.35141620902825493 0.17122749351286792
0.36960105369597346 0.13427453203009640
0.56534783499342234 0.75616284260787969
0.02626893722663423 0.70893508534383343
0.61843098513384476 0.83949582085658836
0.59480904335107687 0.51984322112712533
0.10971681491097120 0.39190264623043647
0.41824515997940820 0.89443246850680558
0.06149391601245789 0.58930898890067362
0.36430023226645053 0.79883676140776971
0.41902939102547299 0.36668172069201077
0.15955655631798810 0.71479028056981364
0.54517034766849082 0.08580357201284235
0.56914188774529928 0.56889081174368905
0.73508095851634747 0.25913233818829717
0.60003509761218887 0.79853888504875103
0.75515729826583444 0.47938018992575077
0.43022004746646686 0.39753701281464715
0.07646149780769680 0.86152224188459070
0.31997189046122421 0.72132227508000291
0.49588681131213025 0.93183979202368139
0.83180404794724538 0.36079890760185152
0.35762356630598241 0.36030633242603405
0.73887104085630284 0.06569456536674348
0.45161219585508766 0.17404857197321116
0.72285227338985858 0.61516701916378103
0.81460936516523219 0.39875003347990418
0.40464434870036414 0.13067036948202138
0.43404869448571093 0.20571245456376377
0.09677498993458754 0.93583079199096475
0.37135082524936458 0.11359330434552667
0.69771916094169173 0.73114165695884736
0.61472497981237995 0.62779834587691774
0.57578504032984390 0.50034396218712573
0.45018427942917716 0.10620875256060373
0.55027726170557290 0.47562153190318535
0.07593406459454445 0.61315617458649341
0.48829003062959908 0.82161563178939956
0.68952847160159259 0.55473755400956626
0.86421778482102818 0.26855949844014498
0.33824296065665849 0.70501611665004682
0.75227466209621607 0.15355877282783498
0.48148661776611906 0.10430323395077325
0.14344653405491237 0.81663135470795889
0.26376668895762245 0.95858320829606569
0.24850812011660131 0.16741261923749148
0.34155467419554103 0.93572612001172628
0.08505075573419925 0.48538033048238499
0.48248780894546928 0.78353636074878130
0.29866702051902705 0.21106659915189985
0.04755040750623787 0.63921332945933895
0.11291343134671274 0.37966408014898406
0.26399047296913025 0.58188347681521746
0.49612685321483108 0.84592943405814458
0.63468905467067360 0.49558419929243352
0.23089656795015021 0.25404774826940374
0.49898740663277663 0.28333231794042590
0.43294978755404939 0.06320835844493451
0.62617786283272059 0.34619313013985098
0.38285385593283960 0.66243031285921128
0.41750430941713834 0.73017678908181893
0.09162900860689975 0.39108443240951851
0.59436944684708604 0.45159243710890495
0.24286323445539121 0.68001155735617691
0.28254003256072990 0.13373867212056917
0.61442132720612486 0.19151119466333899
0.29466081281156958 0.13422315030319212
0.44130990301407952 0.82051174330155952
0.17659950414279954 0.84677389667408898
0.31356424963674517 0.18741419395874032
0.66591482128674817 0.41221134204784787
0.67247056494120161 0.63565490979376682
0.40049930453492888 0.61293108652548389
0.18593618632738229 0.55445086587622872
0.13590355177264146 0.73765585313617288
0.31507168679113434 0.72776761025778802
0.59552823872938843 0.01769178972990871
0.24500896680176831 0.96230218667652923
0.10893132193368124 0.93508157823762883
0.65919003841760870 0.47406016712553800
0.54596010372184267 0.24563750611729931
0.74518727400470974 0.24359087012631178
0.61924472477973835 0.03125457962441379
0.32000548761005637 0.96318459317720817
0.62814630865549970 0.73807992343449591
0.56280077197625278 0.73525118722969562
0.50614972147745885 0.17273590472716169
0.36659839199987565 0.10135544614267290
0.43766302682078323 0.19149664449350154
0.25510281480852992 0.15631802268307282
0.78633035040113342 0.66246749392427351
0.22214881370738218 0.87883690463107311
0.49238158707681762 0.07326505272313112
0.58637026713465623 0.59843293399965880
0.18630236716282844 0.77197034154832767
0.83876382438291885 0.44339670281623295
0.08120776034206718 0.56508496703183431
0.42522281427878067 0.70827527249622291
0.26150133072798104 0.35117938351415279
0.54607207867324392 0.21771408142402873
0.74262842021750530 0.45701366046173336
0.64249603933586608 0.48205957781263209
0.44349718693112605 0.64182258735873665
0.18679930510614917 0.28517950332945746
0.35073370375828006 0.35754960947251124
0.50666803724835785 0.06941205145014998
0.30372960107890046 0.16769598883181713
0.74144080815703062 0.21288074458829057
0.60332840117274078 0.04433539582441018
0.33374685707847657 0.79778760902093282
0.04508633936814118 0.64807540147837683
0.80227698146432247 0.30536512395495885
0.36039340443439022 0.44422873272743096
0.87445283977299371 0.36464199822370646
0.68944033428370777 0.18664308513577707
0.58393396068959935 0.17188210044059068
0.46974300805188768 0.80047841751620807
0.44880251953873457 0.05718549655573908
0.69556023145728063 0.54963153401465714
0.31487531803195851 0.56854839683371727
0.42920570965004340 0.65519132997205276
0.73551926659606770 0.16155575920914428
0.71302956627647129 0.53646837049289153
0.48958627804223065 0.54247947161412013
0.75111999428435483 0.24750023657432155
0.47425982418021440 0.59306271911647757
0.23304735312688651 0.28299810599667691
0.66611400688791500 0.71675149227679091
0.11147582563979209 0.52931709415626815
0.81957703077263988 0.26584993016770020
0.27016041327810419 0.18821083492930668
0.66236397571734029 0.69991177986071818
0.33744935962773387 0.18653388059191134
0.44042481081540896 0.74419348048726874
0.83515427736876158 0.22170699240618294
0.74007133002275449 0.37978906771898835
0.55266275662232567 0.14579067424008116
0.63510108064750381 0.69107799934623515
0.30569213772879328 0.77242822551334311
0.61278251337628775 0.13921615211371266
0.62397983207746899 0.82860333842406930
0.16752645288793322 0.78417692116795168
0.60557741407872745 0.38753007215581586
0.63704094535264499 0.53499650993675674
0.39033499358109897 0.15061259622192411
0.42355365696262454 0.13023775507494245
0.35844692134916228 0.93945450875849013
0.09203656362248873 0.52769005060493024
0.68723110922024877 0.58657541836913307
0.26567316336044500 0.21235230289892179
0.38366913468557640 0.72257091802015150
0.32439907386217293 0.40842433658788985
0.63469106899915917 0.39572249630156592
0.39436050239026466 0.64411135833685285
0.25057809286354449 0.16171771632837917
0.17017043998549922 0.40067096296399513
0.82553573980330652 0.42526348417329990
0.22227387217596514 0.24798171481128911
0.23301128076402802 0.25888601059717753
0.48561160084367289 0.89449163833859835
0.47172033628411025 0.28751709767451422
0.69995318604575651 0.75843417784457690
0.03156454296967471 0.58180912245346617
0.31617966198870218 0.22183976720554865
0.05506960399491533 0.65006206031988667
0.39403880600155611 0.90505573329821842
0.52685382223793886 0.40849160179631533
0.33777041970906102 0.33313503000870465
0.16412097164830802 0.43113123361736011
0.41549726545619536 0.25179632991858736
0.77274044316767565 0.14614670562054513
0.65795785466638568 0.40203319319425440
0.37436077981258192 0.19984578219841784
0.68695915542474351 0.42601851575439326
0.24942873569930948 0.51652578443943820
0.12183961504805704 0.38392541674926439
0.24186901849883380 0.77456989335776183
0.32480427844638232 0.14762168455035318
0.78689236684630226 0.51101654920616069
0.16188895797776362 0.32216731684772676
0.04831381655155539 0.75085699672328943
0.54891304295555632 0.83852089003487029
0.17900109201050918 0.27334759944177089
0.18419792287603085 0.50236843391045227
0.44946173386747079 0.06407050621644174
0.31333422325915822 0.37185310057602844
0.18421150758746599 0.92653091245767816
0.06068925140365523 0.45783214337947331
0.20256920359380626 0.87500145042133037
0.42585510691039996 0.79550019798097360
0.30582961342695419 0.55788063759963380
0.14143374143941320 0.63526275371784868
0.07555550978488569 0.48834213537737642
0.47005508240241323 0.28008013362075856
0.30072460454226035 0.86205132124411377
0.66395987243397891 0.54155118362213139
0.45931762222852063 0.29875741975957165
0.29057481808256769 0.18720371892020513
0.07002656355041272 0.45493876544554029
0.69394676636857444 0.04851157040999426
0.70741054635486100 0.76149115253792710
0.30810912749573965 0.94740767524139879
0.38873376654676828 0.30931455586406603
0.21716321390545748 0.84113008293996516
0.47210792963844322 0.87761862711092709
0.02248064858688265 0.62978205858566716
0.65599963554660334 0.76750561067477974
0.12620371784255741 0.71351545126556282
0.10019212420168247 0.85913048024306271
0.87318177347666293 0.33100192917763144
0.39034650707745377 0.88486318058354385
0.26954871511312856 0.55005508779952994
0.09172101108950918 0.82104912644235384
0.85036243475049611 0.33282661270964242
0.43048977051862192 0.15895233572801745
0.36627234380485313 0.89940747812697486
0.21678569272143927 0.89941106191554909
0.29550058166514559 0.31360623782583119
0.05858777689443024 0.52585021836367440
0.25945835213704327 0.98040087170482615
0.25663371170514282 0.82032163294256677
0.59219069302427163 0.61771565454223076
0.15404646160824922 0.83033250052515151
0.27207156464787940 0.16301121400889301
0.74442880060441596 0.28743296098531435
0.70787671094122506 0.26994951651558280
0.41731967928671493 0.50625133673345868
0.11693947197923947 0.71050106555663317
0.28281485690968483 0.61041859900050599
0.06610077451062223 0.85631697130607531
0.04257009319855012 0.57137221891678913
0.56859444063851650 0.49959338218834448
0.62821115178042441 0.00704126929504312
0.63705275069482581 0.71853369867152062
0.44844510877255256 0.05069865889415236
0.09914518091455109 0.79773194760467581
0.26723722662620669 0.63846496098755234
0.18062935678722644 0.49378675653463006
0.35182413723725503 0.55394538996033482
0.68776404089112297 0.07948313408856632
0.82572056455897547 0.50456908359150421
0.45590063543608689 0.07176176432114809
0.75323157373773586 0.52439118750974045
0.47210113334242271 0.54779578747794244
0.17897669290060053 0.21875487272978747
0.80045606344431997 0.21074505492125603
0.07794237405672964 0.67364920102732040
0.73642552532221650 0.56523035912103314
0.78044925482024274 0.60010846953640040
0.37664575205626322 0.57659160210716021
0.49855343999522450 0.76650271547702731
0.79673427225739035 0.53597763657738229
0.54472938335466392 0.37843617188470674
0.32270407129987139 0.38191472854599223
0.07702979834813906 0.35819239688882348
0.73015372057287420 0.59483099372232329
0.04323536196938665 0.74330774679868961
0.65808520129759418 0.06472998542094130
0.12208888433317852 0.35619034090589319
0.72015340441763243 0.14864855741067412
0.26522818578610585 0.83111762357701569
0.61872325342598511 0.62214381732192658
0.29559077054697008 0.62519504815152971
0.09476466204198727 0.53214944243421414
0.21895334227786620 0.20452740218227072
0.51882374144929555 0.78133741275766988
0.62088357356998058 0.46686428673402375
0.76870562571817302 0.68170864991018254
0.58894915468348841 0.80713310845901487
0.28483209758128891 0.66962623897774798
0.72601980558579804 0.04963002805802738
0.30890039602750874 0.50727530656805331
0.19146349763844858 0.65500624983951561
0.07013685260184649 0.85273416442576511
0.11030763221189774 0.67810012784486351
0.84611498334922242 0.49616880141934888
0.70532976605661424 0.72921450319258330
0.46210364523906711 0.11959498468748554
0.63579632142692077 0.75533281551381248
0.40038539155943836 0.44029107622750074
0.22699507137744274 0.25682183317643409
0.00329636406296706 0.67207246900450113
0.56106131344649757 0.02724438299219296
0.77186840548796287 0.32420029672409961
0.60105409940039534 0.73460474039586798
0.73172063473813265 0.43621205658003226
0.13295878367983915 0.69383072207148422
0.05726262912487538 0.39710263231824477
0.63284709924801441 0.58740722590180983
0.31844802894624030 0.64386616755815007
0.70429380725093405 0.74064756869857240
0.72663978112243011 0.14754765466757974
0.13263967603557508 0.31915974103975792
0.15228031775784576 0.84059817191132757
0.78393193397032179 0.64273763548510809
0.14554146597049356 0.43144988155570474
0.34217368760640360 0.39791181772142076
0.11354176819245811 0.91538972386602924
0.24175794623298491 0.35391275269890904
0.52150483255508551 0.51102286366850325
0.49674918810523877 0.47933367585733971
0.81235319815567553 0.61308723362431605
0.19305153065317818 0.24555487185762667
0.31802795543929463 0.70628464566896443
0.67270266753588104 0.67783724132518508
0.83343749155525892 0.56402384570952990
0.19250776608231784 0.68824155852854518
0.70613371654576595 0.42995698245383374
0.79741868573830899 0.33286795069516956
0.05362504315245732 0.65805639287111883
0.61748566049129583 0.03719817612979371
0.27048288209692128 0.25323588592992041
0.52182182841074820 0.64289407882998695
0.21480063653484807 0.42711329502209211
0.02782201667334689 0.73494156349361794
0.27918248138231333 0.50605813599121863
0.64168962108782202 0.04206045224631809
0.71951623175710577 0.33415100055120889
0.78788324404482635 0.44202477077518232
0.73833133022164066 0.35636879957129586
0.78132438569908735 0.28178658643516447
0.52219946273993900 0.79339990254157478
0.19828064439861193 0.46468166470216998
0.10872429776232814 0.37248218172178538
0.77462071121877596 0.07469067722292952
0.22672264766466660 0.71647643565705110
0.58398591186659576 0.88687774983294165
0.54947612661358991 0.05611181828746173
0.60863166293643700 0.45199292387404660
0.53249591762412518 0.26989975665691845
0.27072384365282354 0.75306437701513862
0.34400410374903845 0.48846429756891946
0.21031808801291821 0.61353243992976081
0.38612189241568656 0.56746556034725548
0.29612459362692795 0.14971388851839776
0.56052025224838520 0.68108241284851456
0.47363212955195522 0.66686957462346785
0.70335610952530470 0.70435430922845599
0.69058530734548285 0.22227073194650127
0.34150743409043716 0.27180138091920314
0.63529226559677821 0.67802019848404849
0.47192311603778964 0.09965840112783314
0.15983551309005217 0.33923226953831054
0.08249844092705536 0.64389870688605588
0.39441651164032004 0.75243107285357902
0.64336640153483049 0.31000496504551883
0.10657692755621981 0.54060340616213420
0.37224583750290441 0.90738137443454980
0.83426660265363906 0.41736904721788570
0.26523855415537739 0.44702384645579246
0.16619856724342807 0.33456122249014203
0.82804754722986884 0.17682354134637709
0.49188570765015766 0.39287749735544203
0.48485509351018030 0.32170604113598322
0.56176094923749753 0.26223829608567095
0.09995264434404674 0.50031656424159510
0.55750962847115249 0.34238796698858415
0.57269144214628065 0.63738130168234131
0.55403806327233052 0.65913795321645396
0.29087134105629481 0.28403049024342353
0.58877340354858854 0.43964574570117332
0.24832037855579842 0.77781997737580555
0.50580842876481991 0.86488628577525684
0.12170908518566916 0.85126734245085056
0.73134183264978703 0.74773015640092444
0.53276736208293984 0.57039431014452813
0.75176052137947869 0.35140869275151287
0.50633801798279743 0.30283461605299133
0.66552126897583119 0.56264454481312631
0.37648147545845562 0.28427777654585845
0.16875911345244227 0.58846852713277953
0.69134462120681217 0.05271836071545618
0.59298584923934261 0.46669457517524832
0.74800820798195433 0.45397620561561991
0.25838341398849035 0.42200360354722866
0.09489250221446263 0.87543625443654471
0.62533753608826148 0.13180750549457426
0.44042133545791989 0.62903239658855248
0.34617323502623959 0.17291945904769379
0.54900724344619722 0.89855181972227338
0.45136646533849234 0.42451248707393269
0.59584563450618977 0.37754851667640638
0.73064717764899623 0.18412333801057229
0.56068782412491702 0.78173846825151438
0.66715781149320708 0.67662246873110299
0.61790163051491842 0.04510190713040851
0.77296115172340674 0.69969432915979257
0.28321554070087912 0.15619357983657089
0.01210362913392497 0.64726928350821500
0.52588817656816145 0.26488757485796705
0.72274773846215623 0.60934638715193790
0.18157739927035380 0.29291366460557694
0.81673638790224845 0.16574714154706552
0.63013781053217244 0.02568228019462022
0.33227398345789355 0.50422183939221199
0.23778376781296709 0.69246565769751678
0.71702446077872151 0.16149857491279643
0.85765781188610923 0.46076355766967814
0.44937619698163056 0.09321490165950111
0.69102479296371133 0.07592436651855068
0.50274770880578834 0.24558182049647051
0.36454012759862203 0.57087380384186726
0.60406970144252947 0.34535937846018144
0.30130607343785260 0.42023641185276656
0.39302565684145341 0.50390835261051914
0.03916234090246655 0.66045236102520011
0.18618012908956263 0.42986635493629383
0.18686512438974853 0.83594040541655745
0.52410116122162820 0.90269479166636879
0.51645570342860059 0.13168242846615189
0.64766035872754268 0.63331463554087530
0.27742282232758231 0.75544441597686229
0.10643782978578716 0.90007119411284364
0.30283642702637442 0.44204566273443202
0.47229164955288572 0.20280134046436263
0.81050895578623094 0.52968191273516685
0.09113690581635236 0.46479421470143184
0.30399214184853329 0.36223421687927249
0.61004115175355389 0.38077826469013643
0.03172368725137496 0.70845273404571441
0.51026376387064232 0.54158457066071963
0.76359925903462478 0.19445477944477516
0.80113125911701100 0.36936183517781868
0.19692635668634367 0.89135962886856146
0.64137929249719083 0.56230802023328186
0.68361453155606855 0.55118093194217377
0.34188656946097357 0.94844137658454564
0.67195663005032402 0.74681747555110156
0.37507798686953081 0.12656648785044727
0.62445866696821650 0.08933447604801746
0.06385153907031503 0.49575994003578805
0.64159101540991814 0.79879825298006324
0.35517060028200886 0.27609101324507773
0.54811686606136834 0.68532550422791416
0.15707142823430656 0.29590931299457113
0.71560115857201612 0.74565687360578781
0.55265944313103421 0.18680505532366798
0.24742994974262120 0.24699703496368847
0.61275311843208313 0.63453250564996300
0.69000382495363988 0.04539163680514020
0.19661060055863100 0.25869305832842943
0.74190293661517559 0.66526811160658850
0.08657601125447276 0.73827955365631281
0.33549461188546886 0.96409727864797345
0.26163086483776049 0.80010526559488304
0.16451286888274030 0.50378397087481130
0.41794379043883129 0.75773716709270789
0.73403791716931410 0.63482005802094166
0.20941430729419042 0.90846015818475967
0.32821263870783113 0.24296226177260258
0.73637067113934251 0.39856936076039451
0.45032116227332381 0.19572480375341841
0.83867790325938352 0.36648258701502978
0.55023441665539397 0.33181986283343023
0.38941296305310025 0.26529027017265283
0.14795646410785751 0.87355854929657129
0.31486733988400262 0.65349508770051312
0.38206491517828017 0.67311969905237234
0.32698368385032883 0.54365706966682115
0.70034472095010281 0.76627553072546783
0.59896050568831560 0.86489662960886038
0.21940815196843336 0.26790553767750658
0.13976180653881543 0.83979054738314207
0.27080305259955717 0.96092319946442095
0.59292520120291792 0.85974497296574171
0.07366811991638168 0.80258043679372948
0.13122590367380069 0.40109920360455137
0.71378424321264244 0.34862869499357668
0.65552930492524597 0.52520033519148734
0.55910558741848215 0.13868243541767161
0.39014282556131835 0.68116363478327491
0.42305268722664852 0.54874300182833613
0.03579755261343455 0.60724079008961551
0.78531198478666309 0.18335401197590775
0.70566655139023526 0.13001153700751295
0.09918869679533045 0.55958194229421665
0.39270120485529991 0.55463219843179123
0.77556838235136094 0.15832102010041693
0.15155021364176974 0.32327009787381444
0.65395145233149921 0.69212220742621500
0.67162733436093180 0.56588361245424723
0.58202196075809920 0.08981335808528726
0.06249121295571022 0.71790945659300343
0.38859410541748901 0.49101240744459734
0.11826008055932628 0.91104008981703410
0.69782727639164621 0.66510170622608111
0.51091487595980822 0.16673403957247435
0.60594046146531277 0.74199352391244755
0.76521774796260644 0.10900125188080408
0.67948093500735762 0.01819441020628854
0.17620467276704013 0.31407996390995652
0.83377734974873252 0.14201363607301526
0.50586856045618311 0.67083541762382071
0.48726709106108246 0.16050640021661680
0.11531262798341939 0.53703389293602732
0.61045705104336312 0.40775814920660630
0.49129403918470127 0.41530353031634398
0.61988542614510167 0.19757360439571747
0.43845695130653062 0.65489000445820256
0.45963582659026819 0.51984900686119007
0.70765316361127673 0.03069600425008705
0.54446054921943188 0.41087352544128097
0.22779556402682416 0.94115107943997312
0.30783361536565218 0.18759547496982673
0.28433729626465504 0.69242814511224482
0.48855652564642399 0.24362481713867445
0.32512762766218345 0.70887536604077406
0.71413519173275841 0.60114753151005074
0.76620702562589127 0.25994612342414841
0.08229596978965423 0.52852496945186711
0.42092714119590086 0.22336453791898853
0.80114949988054596 0.17805116283579650
0.21814691556925736 0.31770725353958873
0.33295300772194564 0.12620130070949703
0.02138155555061604 0.68498420298139184
0.14830679965508875 0.67788651515165965
0.09750060862719034 0.70235472096380636
0.78183435505319743 0.38975641456958277
0.33627434509192289 0.36316121538765522
0.61340297349501904 0.30107212606048567
0.41287778471720804 0.60587870195924920
0.24548830608819350 0.73235950267022620
0.46661385085176532 0.66840217661220480
0.66129844270110005 0.17232539827320109
0.68960141930493257 0.47982642813116261
0.10785099971571917 0.87117125730251643
0.68334105857079519 0.76343717318957605
0.08314813335033948 0.81863529179888295
0.37319695526027741 0.27837948383720229
0.69544452328035677 0.43741248774579117
0.06750432024227257 0.53031746719449180
0.32601292176316438 0.35303484265602841
0.13769813176225823 0.85613689711837715
0.42474392961566360 0.27082041153702924
0.14050195727505066 0.36952988681892684
0.70412110786248705 0.64872509151103974
0.36830899625785146 0.34169459495115256
0.33678142896823987 0.83517481553845418
0.86194988733822242 0.19127775281097142
0.54707903765681354 0.50540953382067966
0.09693634715705356 0.45868316318013341
0.36294230979804742 0.24280951170331591
0.41890695974779568 0.83413574705871174
0.49252155345839027 0.25786412001793119
0.11199982850950928 0.35679036447662921
0.46200254920124184 0.09063073500147338
0.35084879376231626 0.48577598724639093
0.70731469538454661 0.12417365887316749
0.72532604673993395 0.55411340214820115
0.28360049642757756 0.65215592682457646
0.82039097973218966 0.53646990011881812
0.67600177897249736 0.38698799959971930
0.29025042053900163 0.31943959274755784
0.65935579544212852 0.22912986472116542
0.50304199074453804 0.02032753382832602
0.74398712137201961 0.14419358773716401
0.37170617082965157 0.82424204418644520
0.74436971640269900 0.63469451349780148
0.26460656991642945 0.15330692821565436
0.28491035433727718 0.17924922230736465
0.66075769954124230 0.37391158432332927
0.85826569372559258 0.35240156402441680
0.24706123663586779 0.77031535703303922
0.80015629936105648 0.14948114341283122
0.21904660519156829 0.26312071079915089
0.41061723251634386 0.09006502448368504
0.06778924705040218 0.53894414699480042
0.82201591421915909 0.57782916680325758
0.80580970423142551 0.39981357491255826
0.34034116577906409 0.36886179633350891
0.36590462558990111 0.66437324796374553
0.79653455191114975 0.47325545950301878
0.38936639952078389 0.19953300894953929
0.52898615424393702 0.55074674742249308
0.73285235022047168 0.10717663489870644
0.58692942730382214 0.06637821490361900
0.73575379863965329 0.52848272191995904
0.68422165694361214 0.08303709435259576
0.08650415606255739 0.46605896729030061
0.58368409039517533 0.79987236863962563
0.66646570148564477 0.21024476096554209
0.17792408237695387 0.33607887051756413
0.44170985051183154 0.91123588061313043
0.34572259749763556 0.78484508939295128
0.33311849453545744 0.64789245452379174
0.52449501539884968 0.04217207189918671
0.35395405283232079 0.34218662868079103
0.22862526456246585 0.22394995642178400
0.40570976057304436 0.29327513562786367
0.54776996910998832 0.10315372891265166
0.27703794029510770 0.43673104487750058
0.83658634072883531 0.48394315580964642
0.32892979193107730 0.59343721962657370
0.38801621718488877 0.42243499720738054
0.61837246051063732 0.47339124553037676
0.51292274916814307 0.78401717390182590
0.58942594235573875 0.35103938773476367
0.10967505015607444 0.40950285213776177
0.03262878909298895 0.73824940063735889
0.50224589854679202 0.03769645973362737
0.75824310562225283 0.30763219607594333
0.50929947127092245 0.03445299851782188
0.80290200559749003 0.52475524917559802
0.67480734746571513 0.19867000558454931
0.65114266225281969 0.33064633564384677
0.24146420059896592 0.51990609407612243
0.56266636916146218 0.43021567075479172
0.50376970668921572 0.48208260035077333
0.67269416368240542 0.34547508834721957
0.53573984642729000 0.58993440297629640
0.31148282193361382 0.45064286141278093
0.37245900672489957 0.50521706930609700
0.50255788052231121 0.75474414001288648
0.43722860045365025 0.26348021879821798
0.32706218380421120 0.15250197397579798
0.82800633511287214 0.43130742936764555
0.22286126317320071 0.25389564445686291
0.64217000600948093 0.57572348127432571
0.30345045088416567 0.92166609585546289
0.09343215727361098 0.83019158743162735
0.21490071936880689 0.55886032488684168
0.29174800363177766 0.17360430271599497
0.44441019840010687 0.09373094408961224
0.15267548813266094 0.58617518113219058
0.06733237938159768 0.52529673114838271
0.63346960324774937 0.73325426222991819
0.85793310265149691 0.37966843021264796
0.57679884154903782 0.86188058091867825
0.74333494516223941 0.29979232834016606
0.62658181010281566 0.47152065255102121
0.30304496804101799 0.76575595323168466
0.39936439111677779 0.83321905153250997
0.70626354201968999 0.48958141525141696
0.44132618879521945 0.59847340554232298
0.54924719991339677 0.59326430491293125
0.11514799414230492 0.32036120998084322
0.55746091411143572 0.10671941214695746
0.07556663210295879 0.52357116513722946
0.38744940081736345 0.33346448399076678
0.01872755020867067 0.72615324290559502
0.61837270473523975 0.83253889794563662
0.18466280792860398 0.72335797808924562
0.31805426138022608 0.48058275674243323
0.23333463914467997 0.23244027210368190
0.67949880094587101 0.66442741789136472
0.62632056407161341 0.16397877029202995
0.44620595905850091 0.88441967019282008
0.63992326350576512 0.09371942196849194
0.25531488600806851 0.52217576555549949
0.38668094167902695 0.24381938582101892
0.69316819022202603 0.68221292513807053
0.39080443637574536 0.80874777747475612
0.39944864691642745 0.18551535157607874
0.78956938714446079 0.30497357814205173
0.31071395783235811 0.30909621819909439
0.63562088261434646 0.24581362409440988
0.45423959328155689 0.74748591960569888
0.42488138757920735 0.72976007335679682
0.62261443006591566 0.72932709270836704
0.49112011030725550 0.46566846337915080
0.45111725293313143 0.74110333832039710
0.57254870219638987 0.01897033519758928
0.62115031833522905 0.30168242817690838
0.63139222109878712 0.72046114328971489
0.42795549386302090 0.10156118889888062
0.29476533825586571 0.52044421465409996
0.59917105054293918 0.07934735560180242
0.79551913280444053 0.54429644125271781
0.28133762126096368 0.92216557311674541
0.25510553459409369 0.36860599628746804
0.17587932287759828 0.73362463090481578
0.42265698739217594 0.80945607079347270
0.47870147652044215 0.48856545212728053
0.83160501965192624 0.30328849896597898
0.54568660123414725 0.44218519776104942
0.27788387397764086 0.67250574091794535
0.32458536042476677 0.77891626848587847
0.40181722485912452 0.59299440029405082
0.47135406096034443 0.05670894681333186
0.31326485922028524 0.74567186104235517
0.79172068618829550 0.08822154475463810
0.56167562158513229 0.70601014155108721
0.74240881774526202 0.08187857008160791
0.51499152783310465 0.23922895975762257
0.70588870320838804 0.63572044682731865
0.33383838342534022 0.58049738110400961
0.13229841484086635 0.73214668221366475
0.44469210075582422 0.71254911485374983
0.48719260489764027 0.10457359851720451
0.77946824295163297 0.43183188247808674
0.86528423990834802 0.45427754869063897
0.78773714561116692 0.24736422264078417
0.15944343131960925 0.70162079235848274
0.43726309943274339 0.88977232418187724
0.79621124277520883 0.50484280596324460
0.19720062932448193 0.38853759587473879
0.69580819427843843 0.10162131556500879
0.10659600729693934 0.72790772107032187
0.32134185940854465 0.59241559202141592
0.23408124392050764 0.54348149959193615
0.71679499290502235 0.54375017902184242
0.64235968192480197 0.62149267982426271
0.39790689654846129 0.43218356436302180
0.07414353627616700 0.76748608821227504
0.19249506754411475 0.67129390567266145
0.31632836300876588 0.86550793948470350
0.79867068693420751 0.61880993248741223
0.58426567426936737 0.79452347185660155
0.08532030259906144 0.50429760280468416
0.06182526388549473 0.72257032425136436
0.82612537914870199 0.13764381829864031
0.24132750128078340 0.31647763112589350
0.78602060916605754 0.21542099509128210
0.78605841554388134 0.11069036300673468
0.40606965358086994 0.46192957686092723
0.69786301435969667 0.08141544509031007
0.41463801607736750 0.44056614462260635
0.23845596715855424 0.75899842451440214
0.46991044231042250 0.79419831418789688
0.26428035870858824 0.86249252811531518
0.17703316524897542 0.71021685667769308
0.05429112772235977 0.42751347519532701
0.52514337944136780 0.57125277563936383
0.64370595038207956 0.04701315324897489
0.66055884826854161 0.80611641142769863
0.44778855447984317 0.49775173251606697
0.44422562414686206 0.67157274847562765
0.46496937677627559 0.80759116322079960
0.60868583992953773 0.14482542933734749
0.81049797719550776 0.08399544054901774
0.58156806350519241 0.12624853484724244
0.06481969978717626 0.54429695075853068
0.61294607074693641 0.78078544993381160
0.56562856871707401 0.45078146675458924
0.55494171897264466 0.49420083676669069
0.40094589309403811 0.08979705026271571
0.69948110550351394 0.70764805861508584
0.36101001623341789 0.26276576002588414
0.46930286759730533 0.64734439517596420
0.11944531589289566 0.85932138520993084
0.76703576152646880 0.66276256694327207
0.61575010902819827 0.07674429888367058
0.37767156141721880 0.66711935930252364
0.48013127673153710 0.29729970960141405
0.34670733436612039 0.38587906415461393
0.07343480428598145 0.53113616275390829
0.23023674886784279 0.30489217150118392
0.06090491816366914 0.47768619268038776
0.25349451922707378 0.25436187459224013
0.36320178086151111 0.95812016559513957
0.69162969918076378 0.48627491588332489
0.11493737595285683 0.41989686221906325
0.25633472015493919 0.21417276090687412
0.30505112017329450 0.57101246272500317
0.79280706683685254 0.46126724734185515
0.73201433166252761 0.23991740527442151
0.32709861512010119 0.11275572441607952
0.51643605650517399 0.71507153871289020
0.79648046840042497 0.66451438339759428
0.16206206894006353 0.92280388828378579
0.85663364614234705 0.34566520335511131
0.06075798570765709 0.81005588776757564
0.32475887145038368 0.53561594507712074
0.81503851969474450 0.29038137649283041
0.60325238851640195 0.68653644035961081
0.31268048345979133 0.14376546708987581
0.69579146750706755 0.34108900907104700
0.34486961594795879 0.48036695904839483
0.19260875088768764 0.79154694237409551
0.72645638083900599 0.73283067405208979
0.37377235085188698 0.52688577206418918
0.12381300010906118 0.47883451320257631
0.07199413044210036 0.71267535228872159
0.33792046996586816 0.47638465376519873
0.22300953266628637 0.53182706535120194
0.08337494615440304 0.81370636765407034
0.53775692350610671 0.33083960403718993
0.27251279928644329 0.41029257173525907
0.66584249392255634 0.55622138984105107
0.74592250847168506 0.27396314130145266
0.29817422653467829 0.34528225721752709
0.10543002137936612 0.77801774725411021
0.42662645598403665 0.70054538049592219
0.10849639996958130 0.73724013422090195
0.39769887038848034 0.74546989655221951
0.41791701647885593 0.88788762776272034
0.20636846560046385 0.94389388287930820
0.41941575571376905 0.08476522179336424
0.26436509805779146 0.19542976334135800
0.16370959516599393 0.21604118313605927
0.36815760973215905 0.88983545123407615
0.53210997618814571 0.88422780731112938
0.26037293125042799 0.47422627473869361
0.59525278087700839 0.45876940358080659
0.30182386104460363 0.66339901395104461
0.38224386333000365 0.30664274600225655
0.23301569942632688 0.42708520146002538
0.58356985599128341 0.33372556384753366
0.48106190887372463 0.14911246475852216
0.11729595035332646 0.80511227379070971
0.12586898367439162 0.90129363615080094
0.36979058997419068 0.93437208654134485
0.83767353557105617 0.30110194210432772
0.80279365932851743 0.54490503160895065
0.52929555131316319 0.49235557217594922
0.65344823200494173 0.64469757960552532
0.06957083125729482 0.81901359875129864
0.43382615873871377 0.68510897965223383
0.33998709553858319 0.10569861344116661
0.22974381445198822 0.34715917661793355
0.67183285349117372 0.06676726295835735
0.54015020866569552 0.85016023607336721
0.84168622824229622 0.17973834725542459
0.15050662585479932 0.53470766754999433
0.08556776898378075 0.77065388551489356
0.47638247065552652 0.18523694270370342
0.18672415424405725 0.66628290121390377
0.12967970141167273 0.64036115704356511
0.10805109622784742 0.40492564542615239
0.21619471149476144 0.20883573794472096
0.72843768643414697 0.65620760247264565
0.48559343632926161 0.29172766565358638
0.11571961144044735 0.86808695737946018
0.32676825710923013 0.14349171867514837
0.11102460637308452 0.85064970089383207
0.65843038218135708 0.46658393843084800
0.43065273698600293 0.75336350546158859
0.64355142370009477 0.11589566742181825
0.77948463565282800 0.50959966551736102
0.81080456328675743 0.51497901567260440
0.57323780401858782 0.04943084807712360
0.11735199135008326 0.38082252617924484
0.18653834172578659 0.90565325058306001
0.72702194167149248 0.08220956512712431
0.83315084495629288 0.32806756142613774
0.26582676105668746 0.46801613706886136
0.21267509890829397 0.76248765278725428
0.35782008643655594 0.14629091779283326
0.50728983140689310 0.19423131581194408
0.10704960338953826 0.64409177858387778
0.75543609328478867 0.61532824951379683
0.53674517452376547 0.52363563395569046
0.64378851682545224 0.72580899309966462
0.81893733869485430 0.18660792409458482
0.22742510825380560 0.19152628286277601
0.37188844519710373 0.37195353868321968
0.03653943499913932 0.66877059862530286
0.42472355527841121 0.83129103796468828
0.71272088422660296 0.41426575015581940
0.51270676565251894 0.73895203506439855
0.11073121850255072 0.39705854795588003
0.59922457397065476 0.60607320335149883
0.63360713937558277 0.17272613476114954
0.57928818181762354 0.63806205338627331
0.06534329837921091 0.76131002524835789
0.45790884587251002 0.35024924939992713
0.78250813213590698 0.41994729390975799
0.29840626313610785 0.16809730753007671
0.63895005774433500 0.48902395750721744
0.00693645893175098 0.57553778308993853
0.15906951630363544 0.85721836880193603
0.48224907384002147 0.24758731705251452
0.13527782823936885 0.27818094855369674
0.08170653250669734 0.44481790506191321
0.77133757264281710 0.68923493990407736
0.29364537250827200 0.96321025319412168
0.17009273406692815 0.39310597878558157
0.23994801436734520 0.36780152582993564
0.19239357643101607 0.75245124346974535
0.43187849439754966 0.30751111051996172
0.74063604250780990 0.45113441162531204
0.15071813254374850 0.49001253992099447
0.47812326952677531 0.36687193864442991
0.20225906219652698 0.28461865783490814
0.20588794148109035 0.75319051360369549
0.10449793690051969 0.49467955517722667
0.38993659710973405 0.74698336538817256
0.56202918675774172 0.19842926321211471
0.75294876329785931 0.65325007729307139
0.18671451324145588 0.32858983537219710
0.47625346440307637 0.89014365628565295
0.85936393624767160 0.41296389300878794
0.05050968955771615 0.78715518786225336
0.17205896857546912 0.22105718300753571
0.80062311511702566 0.29173160674552967
0.70556385519724596 0.29104186441577146
0.34877572942407270 0.33628479926661475
0.37033174989997153 0.11903865946963442
0.46355998874631565 0.57416879260947595
0.46281828696904725 0.34246467326622360
0.48378097345534177 0.68288888400049197
0.13919985440849231 0.43346226572093255
Code file agbn-serial.cpp, g = 1.000000, G = 0.500000, t = 1.000000, tNominal = 1.000000, stepCap = 0.500000, I = 1, q = 1.0, scaling with v[i]^1.00, area pixels = false, parallel mode = false, scanning order = Initial, precision = double, reiterations = 1, iteration = 1000
