16384
0.59167398629365409 0.19083072471949519
0.02098720266057155 0.70322232023285469
0.49105265440689005 0.05938030173897657
0.57853400745340788 0.31777150021060013
0.43923218482373194 0.84967700700121407
0.38541592981965900 0.89412704659950160
0.58953335493053194 0.05850462937522852
0.73250375787059385 0.27382307170669851
0.55196138635165781 0.75384595712001956
0.47674914513286504 0.07673467880769001
0.29513752768650753 0.67685810938285451
0.19877244963389232 0.69211202929190241
0.55176318339199171 0.01803400029864998
0.44681597353539698 0.92733925629942893
0.67497939133460516 0.22065573838902841
0.16188031524079519 0.73111095225418199
0.78321197514833163 0.05034407339955493
0.46955826311422311 0.42501874220281399
0.32863484437873897 0.14097115933569018
0.67077494882172184 0.77546654538060500
0.27821900175876041 0.35099272847711449
0.58213050608148542 0.78993048849556746
0.30581059676876077 0.42497684412204589
0.70322028542896475 0.61682824979727136
0.52912812048752456 0.17152690408815996
0.28328640715630587 0.84383131900924047
0.61128028983441074 0.79272307993451274
0.29749262339319055 0.78982374826071455
0.39965042554073699 0.81229330927871657
0.75424277430892395 0.53614585118159530
0.82748402391338949 0.24348639376129486
0.30551564063999287 0.90032867509644188
0.25560512065324842 0.42504199495142675
0.64674687064268466 0.50176923175572830
0.78320413947508694 0.42149972859749807
0.54506653866951826 0.07071907017343328
0.76267498847838278 0.07520532657314988
0.46349393949164913 0.33893637091342532
0.49697486467725205 0.71408135662928285
0.67935275386261829 0.05408762268312656
0.26358106883634147 0.45127204191081727
0.28236704408449492 0.55796299028584695
0.53948029539423603 0.12283735959976140
0.13562210182894169 0.90120127834427799
0.70358997495299724 0.39672657221637297
0.66245811185769954 0.66441394155822897
0.75827119774518548 0.14139694105813166
0.30869072559306127 0.20550773543596085
0.79345785258327750 0.49699589370955699
0.17752457797715232 0.37650876069760919
0.55183772973936440 0.73653017402175591
0.72252480408001085 0.41436725294949450
0.02618769983141171 0.52098301981646333
0.09426736679928759 0.52333002414813412
0.66685778463046397 0.51203061914757297
0.64795504230121903 0.50932488908238571
0.72026105198085399 0.04410320838025054
0.43606117134897793 0.21665267042515679
0.60683977944750112 0.41009121330845127
0.51145368184364881 0.81331932566512088
0.67338792589008145 0.40879403211810506
0.19031880510953736 0.43658615277870877
0.53629358524584336 0.23415140628050279
0.20609435525421541 0.71039232860256563
0.41217160459284491 0.11291900575399579
0.07668663990042120 0.37745999083417331
0.46818753594797674 0.44567058156735945
0.53797246597102910 0.80963638733761834
0.12175335451819796 0.60382411287413973
0.06071612464390986 0.80797050366208534
0.03778766169718815 0.59114655488364998
0.56517469427580913 0.58747407514505645
0.04376749186452546 0.70574894993043102
0.46582716950645980 0.27406285234289862
0.20613243837138986 0.25485182198991641
0.46489201924246343 0.70667382963792091
0.74493049196288563 0.58461085662504919
0.30190856009687822 0.67861100745524461
0.46745086853553391 0.43808228313032604
0.19747701346428390 0.47508609743943170
0.61280903728955349 0.80875807092816432
0.28907045655467384 0.68966275766304130
0.43169430174991452 0.71222946645511542
0.67220476486310310 0.66747704408794450
0.55328365266793478 0.49562113257064427
0.41932181702382693 0.09931098098292737
0.08342553185083661 0.38890902493914181
0.42614148532934509 0.89369450370170500
0.64974832180060793 0.08519611186687742
0.69102834692450388 0.23353723618475172
0.33469899945862763 0.36464301695193396
0.56636874028505324 0.07191329407145063
0.78155267979961696 0.46231756290870235
0.16089751026256160 0.35258651623763831
0.19177228667695362 0.80759501750266305
0.08578854506726467 0.52689118467302987
0.15714131647527874 0.88912893815538152
0.78418638623943060 0.38423187136903081
0.65347767683683822 0.77228998828972195
0.56399950416207056 0.53898915774438183
0.55838097858615010 0.82641879473171465
0.77465173688417377 0.15354094221823927
0.08701253102259310 0.43635505361124799
0.29977712411842505 0.46176995210270416
0.17069698521412255 0.82208191713641832
0.23872601699624546 0.53870155174047307
0.19732025551953139 0.89719417151716940
0.09127271047765145 0.80993078635675941
0.71710869362766338 0.08968434296548392
0.27471913418837668 0.88992933497948756
0.23685841353312498 0.90908095915876919
0.73174593080818062 0.32049899211668126
0.31409915867190058 0.78098705929986612
0.06772650362751975 0.74996298772999614
0.03712068265908551 0.79779139373877284
0.77054436330117915 0.55167086117402542
0.39799051569540522 0.66183502931804217
0.50597393581403971 0.56076360541429193
0.43577935029305404 0.81452805157857600
0.29820830154587802 0.52367681331223970
0.48609151912330317 0.14073408848135394
0.66714225064600485 0.14886439233255899
0.38799289412817911 0.70897029670305212
0.35693827895558394 0.67483258177826344
0.47693132971106844 0.78360803357691489
0.10998963559498268 0.47335192842537871
0.39913714510803494 0.10546869056856710
0.39283394634697860 0.53605318569155203
0.25456936439885131 0.88237994212935700
0.10220760890847357 0.42241206898916311
0.10005903827233664 0.69330948479731158
0.11087307691547572 0.42769074838760041
0.21873894255495677 0.97216903341269278
0.34058952591156449 0.67191673806919494
0.21529394436109398 0.73553812630095305
0.37482604550672538 0.22104123521616392
0.75405630135737789 0.63190611853635525
0.13388453309633863 0.93316454313023001
0.79540230990209093 0.22071045727636346
0.49768094324897855 0.35301501798234969
0.27107701099954734 0.84707024536186171
0.33625728375108288 0.49077335638474878
0.11015939063599710 0.52980174623899234
0.45912284653571067 0.74821900848494427
0.73787905319685432 0.64215776538051816
0.46739349418645015 0.50261932943688736
0.20506795566886030 0.92984177352602160
0.68610766693512149 0.53957518835588769
0.38726859571762401 0.67111991601539756
0.65545626404061919 0.54012340296631300
0.25906994011703693 0.90215917978310356
0.55905787488003877 0.08096224471609183
0.36044516102767599 0.58450029646618284
0.05974349683472060 0.46159988716992623
0.82934473626277827 0.50588398263362855
0.50149907190569154 0.82442852175615911
0.49639885914175430 0.11323731747632670
0.54685795611817212 0.79784021622430135
0.60238304795259912 0.10576813147440373
0.41794873623761780 0.39121398113865458
0.46092464818638823 0.44201373473381167
0.52012581349655940 0.14626909435292568
0.71926689576976433 0.08519099816337981
0.25934712129142928 0.36012319369094337
0.70660725994434892 0.69726552498425609
0.55127123331588523 0.76460983217874778
0.62986173151874714 0.49215241311238322
0.60089240076348815 0.65290029433110652
0.14053964836053259 0.83349745921154184
0.80485335123543555 0.49381443313878026
0.65089071717332059 0.32555615070854699
0.49525141651278992 0.43994771516705683
0.81953192773575201 0.34214984292309913
0.72663756944592606 0.27147806965020876
0.74745589448958327 0.49624047718474074
0.61000836073790998 0.81578678132795723
0.44321756860470124 0.62827673687492147
0.79571231374954821 0.36044540867121544
0.66998119636426245 0.38861137360595177
0.18428547040878038 0.47251383910960532
0.65081053992617421 0.47619618939878944
0.72196683638236225 0.05092096492226005
0.49828600908894105 0.81984059741585424
0.03771515863486711 0.83480570164822476
0.09560324250071674 0.46785714105388598
0.42033615978838362 0.89460292291638011
0.61686269516337888 0.50741082101801138
0.63692506121421399 0.67134369175400732
0.52688067874889111 0.03655733711808710
0.04715834156835824 0.48667817492930587
0.62178155802944313 0.58726337904233983
0.11094547490413713 0.91411860062617245
0.12054652064521529 0.37721523067351775
0.77408676219853956 0.05418231677068972
0.04805887890866985 0.76399022875979361
0.41792248231908946 0.14967800464655640
0.77863723619585434 0.46642383104836616
0.73023342378206890 0.58607597335073047
0.44871908859416426 0.24438929883473839
0.07151536091603655 0.58550936846161639
0.58289795351192286 0.43184053401261413
0.79305083474580851 0.44806089353223488
0.51123981573773136 0.11369697058019115
0.38045150311721138 0.96180500972391070
0.59030687447272334 0.70159547567549341
0.61181764172271980 0.05828924227628857
0.74320767833264778 0.57407392775349098
0.69893392486356931 0.67837261695609929
0.21573070982296727 0.70218463310561086
0.11293854428636173 0.39331347031550334
0.24080597792571978 0.49142771143886849
0.54540320140637144 0.37018888407907130
0.11814067785485143 0.59660552021075719
0.80113826234979735 0.15946241413574047
0.67512554329037500 0.05595928622895520
0.15659404509459085 0.31212315772463650
0.64808785833253924 0.36147514118431662
0.26159001711776197 0.43380738787901307
0.49453131839354175 0.75873311913973929
0.48075806884005029 0.25034730365159769
0.17683855496521597 0.73937266851282224
0.50918712323433757 0.79249952642556309
0.54734106342524025 0.20875492081090158
0.31655492454198741 0.60144129752749143
0.67622213834466904 0.72604019891958971
0.20579455783483813 0.65439439397737253
0.25284166095363791 0.74889855231293201
0.50343629340882012 0.66890123598745010
0.31188398108371151 0.22779402056843714
0.61497768358425631 0.58147271952134738
0.18475105577387874 0.48027502559271268
0.59977059907092101 0.36350621457983945
0.59620763057465953 0.45283946498955335
0.64134427278732986 0.26579107255866158
0.26007880730130173 0.83037993681569722
0.58270283210464746 0.47571103615059929
0.52136886452287978 0.18976855195035369
0.34536285077253887 0.41110579363511357
0.16502818397372265 0.26376488675594667
0.43516994290870803 0.61397210630398824
0.01884613586785713 0.63558016811797624
0.62697844747171561 0.01920214578526540
0.05573565944760685 0.75641434067633828
0.38392860640105309 0.31920407990312760
0.79450713732531586 0.06282610485869781
0.56006347822931424 0.27846800761348384
0.11615089018605836 0.55487392361559262
0.72084857344771347 0.07660034649557459
0.31437721421535192 0.29585201255978982
0.21222888858323405 0.44887379802367505
0.42766464569474438 0.27200967103126239
0.51776963152880140 0.87767091866066371
0.18369754274646349 0.35515115945832143
0.76168612701362837 0.20405936587771725
0.59622950744793146 0.85357120697434918
0.18502039832552392 0.94790405539985956
0.39873645748833675 0.06766130779612696
0.61393495614488014 0.20583459816495242
0.61691416602739868 0.16247668765338502
0.41161751694052939 0.19642392374571938
0.53278297011086106 0.10716769900015709
0.51624638405815737 0.02423396238803037
0.77070023663045784 0.42819243812123259
0.20143274313838266 0.28778329955837856
0.09705887850027489 0.90172711568165143
0.41615792698860005 0.06154903127640304
0.17388118240338080 0.34130033449620389
0.40129592275719794 0.08482203613707372
0.29146357424280156 0.27446240115590692
0.43420568354845368 0.41226945417882027
0.62719796023394159 0.08807644565328393
0.11178109503821497 0.92378250664825623
0.09192508933477846 0.89674377013708118
0.60594580235624829 0.24026968024182949
0.08536250617098542 0.42808368264115759
0.13947879186980858 0.69959596174779004
0.18831545255400672 0.35925977956558935
0.27616916334538116 0.68970663100327700
0.56955754002489467 0.06314310275278373
0.26798893101476817 0.74526888355895171
0.59530195282755327 0.12957907271024890
0.19387728164780169 0.94201553210799427
0.47793825357226316 0.06638729363395540
0.67262038142363545 0.24039192160025175
0.62858195539344885 0.10349598053157401
0.44656644167353277 0.14663059387786126
0.54851793051055164 0.19490161971788686
0.06136365838221721 0.79771526080546307
0.35341347109210458 0.08009605174372167
0.19734807266571475 0.50201474207623653
0.74452162424887924 0.30623860856237395
0.46108906569459990 0.83144268482724826
0.75653614377875378 0.05125899799506844
0.76265830268325363 0.47585048562077586
0.09020622706339143 0.80101250358224418
0.52484866506928340 0.44121897951719286
0.15316069869982171 0.69249840967207810
0.52533624304041426 0.62530456643996746
0.42649077067020275 0.46167500824343644
0.73485727805814716 0.38498259908344401
0.62775756242708558 0.78878227105569376
0.61619734759365297 0.21371692167184600
0.23321792725616194 0.53355021195333763
0.09824145785415618 0.37656486414405405
0.45300046838881824 0.30779729661822952
0.82491716199198728 0.30162033852674264
0.23493694483229563 0.30285920361290936
0.68013017398476494 0.21705475185463105
0.17012120339121398 0.91862176682208552
0.35379782237976193 0.64752379485277645
0.72504984901515190 0.63366177442715066
0.45246996686586244 0.73582404801517554
0.08314035637651000 0.52060660369258793
0.78108195929322211 0.26904684370078702
0.30558778261838948 0.39215448271284253
0.24126508333192942 0.54549059659549504
0.51612368679025478 0.11667633039516775
0.49420638437695374 0.36929084551524255
0.23916953111705228 0.94174546576135554
0.20036275074166110 0.84434701552151736
0.62933350275441802 0.27651209300701884
0.22234498969715677 0.79809234919776095
0.16738985176747515 0.94345073654872913
0.19713547180419544 0.61994219945448648
0.65325897107535136 0.48251974315901730
0.08719545014959380 0.83561730262304801
0.59056218673051264 0.11941016399239560
0.16338777653297742 0.45988594090084589
0.51347663201919158 0.08578825084911268
0.58417421403151903 0.85208133899220917
0.24031963335636164 0.30801942002203714
0.57923438245216297 0.76436457722456463
0.13594626665549847 0.88145961915382931
0.30475514680574117 0.47647591631422609
0.64592123737080354 0.79929669430549111
0.44643628956030068 0.07887593188999285
0.18600003893690908 0.58862171057036672
0.72479706985525338 0.39172590279305214
0.60984626409522313 0.01970914203301552
0.34091964259154073 0.25978186220470106
0.26423672250061370 0.19966275790042198
0.30694101465055296 0.91154253806492713
0.34206840943174993 0.13237912334877769
0.64973881031572567 0.59782485132921370
0.64503254786426556 0.08513013213405896
0.17484094007212836 0.31715522581250016
0.53990348169952895 0.46410435460036453
0.34892971225389685 0.62212995186508990
0.80858184092792729 0.41643970960525761
0.74362715047390782 0.50956422992241768
0.66890955290878273 0.18604002607902986
0.31988255292347101 0.15955406165124128
0.30859628532654643 0.53423545851664045
0.33048570126294252 0.86497208541507542
0.70845360152033177 0.67446856122176613
0.47129726359135699 0.92759923576050474
0.03745165967701381 0.64104007436376820
0.14972885478703801 0.93370255268102431
0.37637034766204053 0.81312373523882664
0.34622388857190173 0.77920121551992172
0.44123066891922474 0.80458743052700299
0.76797009784156500 0.53396858107642886
0.63638128555351237 0.58559844563657393
0.73195222771663160 0.47712692081452884
0.61856749577338443 0.25024940973130100
0.26249822436705317 0.23016027964998773
0.51021964544423681 0.84343610995777751
0.80757689711286917 0.24793999797148683
0.10853389970519527 0.35191202151263901
0.37187201214879484 0.33046803093196936
0.10074067391095994 0.75979028257818326
0.68314232992762480 0.47180075350706269
0.36711283883438162 0.71812482673149247
0.78524683728511857 0.40461564354267399
0.63124333086604756 0.72528508340105047
0.79793903679444700 0.28436806992087121
0.73877793066426023 0.17736619630398798
0.36367431275910389 0.53129830612917484
0.45773604549488534 0.86730205245496084
0.23850002674114104 0.69285165144776784
0.48888432927893571 0.18794953753449528
0.08486352185917816 0.74934808395438979
0.41725744936673925 0.43692174015233731
0.57896443366342309 0.42568250373699645
0.29564111319431707 0.77055835409611251
0.48682942681576302 0.89543750209811146
0.63966183204420668 0.07190984130203189
0.32217173292146922 0.16717405996588583
0.27308226758146936 0.36405265648782154
0.22557232974326363 0.55785048730061515
0.74860656565273043 0.11618250163270866
0.35311996392853878 0.19723235002646086
0.12353367848263287 0.59161780083957338
0.78606012608412024 0.31424790426590804
0.10955266134423623 0.89668787610743728
0.60416754645336657 0.03134112442953942
0.36247159220726155 0.90225015464991543
0.44636461942372851 0.40922490674614942
0.27488653923357753 0.83913734129098538
0.56167730105095615 0.74806451705798782
0.09928210581586903 0.81177693382056104
0.12612153118954880 0.47492650648367402
0.32306822551368802 0.79553497207917945
0.35605996072612867 0.24678338011371947
0.80503133346035238 0.21543291818348720
0.32998752538903742 0.20486029733201355
0.46154171655383691 0.89843588887041448
0.61727373306096089 0.10238583519147652
0.80531737856296803 0.32028664488511277
0.10310425630833989 0.63532435661545583
0.18748719724701909 0.87742176669368788
0.03411034788952041 0.73576645635072535
0.46786959980696796 0.69524502711706704
0.55075460202956517 0.07832711960331963
0.67637457422323910 0.08510384546662586
0.58620098960947964 0.39518567395726795
0.38104737230126773 0.48765652759271488
0.46690608022040370 0.90272092556545780
0.43783129789770825 0.87815666771762935
0.68740814273425721 0.04912665429334914
0.42167942504899530 0.48918802805765310
0.27948177353814463 0.18441979824838028
0.10814845831129477 0.50913254985619816
0.64151047055790567 0.77014389968772257
0.47327474644010548 0.23107927676657339
0.40388246519065374 0.54398105987724976
0.58491081021726943 0.57792925567339748
0.72433129913133665 0.46740199254070802
0.77686335614920621 0.30563280044493962
0.65094299554108626 0.21271150788201795
0.16362266138136541 0.67024868121834036
0.09033120578769925 0.50326570063876064
0.66437730660874761 0.06769367528422947
0.47545000869780285 0.33129691898795305
0.19174132944037534 0.23888944643281648
0.52777650372810014 0.71846996198258217
0.15841240344806018 0.25190798053712504
0.28368722207605501 0.63373011799381995
0.23829121348321555 0.27494862460162639
0.34140380930951658 0.17326226141601131
0.04149818725280394 0.54075823149191959
0.56852664507097539 0.65266486777309829
0.78904278853478349 0.44407209490600652
0.40996140960547806 0.89580632602789712
0.59010760681214314 0.07573455502138271
0.47858354399725500 0.10743802731563579
0.70313387603850108 0.16340964258350321
0.18997471034063823 0.33309601141351752
0.66746030288500113 0.19968599996773262
0.72034478048239037 0.19117365603144024
0.38465809495319142 0.14041447497428902
0.40322673608742804 0.66666386167552028
0.56689116252054639 0.76177774842889900
0.15257811223604678 0.81983973547456590
0.62867135910911864 0.72043451622985855
0.65131659481907622 0.13804846687215219
0.71182828391666553 0.01694605539999515
0.11336439650250160 0.49364374970389879
0.16598865151337430 0.91571758933467984
0.16375797904492262 0.84632745630897788
0.36767151881657018 0.13413062853935206
0.21499363645589617 0.30668418696165467
0.71501246003475538 0.53125695276777474
0.49238087520734236 0.56748324407932704
0.06091660263159027 0.50442356660089660
0.40847508514755559 0.70365641708224469
0.34541341746712279 0.90988104561312244
0.16225006556361077 0.34194509499738990
0.17222669854702136 0.23494914907022688
0.76813162844861704 0.12054677760057286
0.07260862789369270 0.72457575595382984
0.11554520208067465 0.60250737877364524
0.41963834925414012 0.11817320745580040
0.09004830829624071 0.53785747836479281
0.67837172437809157 0.51108565868936340
0.77807517938606585 0.11002346582630287
0.51103771080240523 0.75054818133729195
0.31005303719668403 0.44680151280599578
0.25430137008722448 0.79311768224623780
0.68427180273031019 0.10072619862049499
0.75885694126300662 0.55889492063367696
0.41391851630881921 0.40402128544146604
0.26409818952928271 0.47889390887707706
0.05904615406116773 0.47280587775169147
0.47882266873959572 0.63083640808005170
0.63787190375476588 0.77632508387430721
0.56166016076094327 0.75984950528575390
0.46801474548242628 0.54471533012394235
0.64759894208705560 0.73833286501291884
0.14303201540654892 0.90649040815937543
0.69657936265812703 0.09782220850118505
0.44614663939390392 0.63570136726206583
0.15149428639158088 0.27759655866283561
0.80762289424498279 0.50423042722833744
0.27144194997480958 0.27116754652780939
0.16750046450803543 0.38409400505456798
0.63171951029297890 0.66813939527849042
0.31694739294473356 0.80113811008465763
0.19914649772365228 0.77944010786922169
0.03791759369708759 0.72379602079165983
0.11191565444812987 0.34641939580789100
0.49048396159245200 0.68349610197920008
0.31058480228557539 0.52158338627920398
0.27410268079882960 0.44078070876343273
0.12979894647911000 0.77069217639783683
0.16735047989858126 0.80844579700551999
0.16554498118778374 0.81867135036684469
0.27176624345626210 0.51582706486139895
0.37832433533702808 0.87667142909577456
0.21866740502911286 0.30065931033440768
0.31897789015461447 0.93709555198899364
0.30068321105108153 0.76619798400330563
0.54256411302503738 0.84602538719239173
0.21012688493886339 0.93886397982431724
0.11200531787483216 0.90039997862953258
0.26875883442653825 0.14923523508629041
0.25112672003860298 0.35001936889152852
0.59170941336925176 0.66921836939049217
0.12664373134594986 0.92975823277653491
0.63755680475479604 0.65121345635812256
0.47278844487578509 0.34181383824578510
0.24202827297038845 0.44156080607917342
0.40207689166568666 0.11075923043219921
0.52001334417777112 0.58293679655453656
0.29057663723937399 0.94347316286531946
0.09608123668859099 0.44087944353721775
0.57223549081802771 0.24192304888044627
0.35954997710549425 0.70798727554036878
0.30978450755939502 0.72060277909263204
0.68617696882429469 0.31861950238490200
0.38616566679983538 0.11789058364105727
0.03705061662616626 0.71819254911217278
0.41393689636051001 0.45265376885847303
0.56561958740144447 0.70494018309115403
0.44950740016749613 0.18984578735004540
0.57545178916075879 0.81848418078946528
0.18693439292497896 0.30905088685215187
0.69198082793137605 0.45337976196974988
0.56875748334394549 0.63330921328029288
0.13579289090991301 0.88673656851532523
0.22005381632547444 0.42415159024751614
0.67941015533586691 0.03307396605677519
0.42972147354849921 0.42626387096258733
0.38003989752045952 0.22725077901232177
0.10713413749649706 0.83749597907764606
0.37752028319914016 0.90836295325721961
0.47199905181677021 0.35562731285618371
0.69911312692511662 0.40934341418590259
0.50067716061352030 0.22547599741479779
0.03467196718670552 0.44297515127743259
0.25827297392854104 0.76142409859636828
0.27408153546042013 0.50898941950851606
0.26843818540087133 0.43658599995916458
0.47009388482295933 0.11370167955831795
0.30990382608915595 0.74244066616846605
0.28154856054058097 0.19521794570397835
0.82702627481111268 0.29453083588207690
0.40348104805377327 0.32013713597763738
0.05655621684816940 0.65317000080911514
0.19879292781184274 0.24134068734790515
0.34552872346903640 0.60013738174838249
0.27999031421487197 0.64774235723708695
0.52224755147506530 0.52699776827791123
0.67964217964855844 0.45891059767761916
0.68988788674793622 0.30041046890991718
0.39485056730257773 0.11492017140035143
0.15639831879620725 0.49706684277900215
0.30873003443992098 0.30133039986844640
0.26994200878947999 0.88476703225178610
0.28356452115223957 0.78893743047785747
0.09049283744278633 0.81478213923398835
0.59686459067616526 0.21353175322406792
0.54612101153886006 0.52838606354715545
0.65026811232249893 0.39672047960327839
0.37630969241037282 0.09623505099559222
0.40615547446016448 0.65067813618538650
0.27983673030157130 0.20012446570670367
0.50275352660316219 0.52987110305467988
0.33853761828504764 0.11124328744770469
0.25440121050341541 0.20190116716085099
0.37743783324896879 0.16759286060834408
0.40678681999051247 0.77746608412301288
0.76447220437018482 0.23685847951268893
0.12114230515663524 0.32282372866175296
0.50514716671308602 0.10077877670027284
0.55293289260974088 0.33024120521035105
0.83195986525975874 0.17517923266878363
0.73273366110300309 0.57573959385373230
0.40607922235993810 0.40176341197981713
0.66745445803079528 0.58161330084627139
0.23468260113474460 0.47706908330604236
0.15959082488541501 0.43852020552709142
0.14820262878058049 0.74493272001941158
0.23856050058785613 0.34202423376328328
0.26512260475797322 0.61455693199240879
0.34982608784499336 0.13896696194424552
0.23626119755665179 0.35030002950245925
0.44911193215459011 0.56654514454866822
0.36132434172632261 0.72217973990739848
0.62867767064624325 0.05999780947214519
0.05185160838167215 0.49382974022350079
0.44388927289284541 0.05955038095924044
0.17241470140510709 0.44203184799825190
0.37941682373613800 0.75544097517005748
0.70451058721654303 0.24356058344129469
0.30029161807774363 0.59141249857519473
0.15834031446762500 0.65168285869579479
0.37588029089076752 0.30418218190847518
0.11516434008590833 0.42415176040119534
0.57975494545108197 0.19209241400392157
0.60582119709172355 0.37502378250275326
0.44151668949842848 0.33224844508279672
0.71796689197898422 0.70052920487281889
0.09826383238899365 0.75458627059396810
0.43274424800501549 0.73238611065449322
0.28161078453591532 0.50068429500986955
0.11510769240304061 0.67596401063857081
0.36957579862356732 0.69720109137431330
0.64867979995924485 0.04508969321509873
0.30854020951885874 0.67440794339125787
0.13713336071191251 0.81632148808270522
0.38488517178129500 0.40954774148873979
0.62230785374578279 0.17164171675381837
0.34414308957777867 0.62802637337275158
0.68876314480296086 0.60417802771085438
0.17024246830741793 0.32689255382676963
0.24334535390817072 0.67641276442517428
0.14792284884683282 0.89917042041217321
0.59885533212657394 0.77372573627813679
0.26705058566619405 0.50320197662829880
0.03349285734599476 0.82796100240307369
0.59242048401532676 0.24900582122504780
0.14833491451084910 0.88412509056568600
0.20917278865345587 0.88794497353123591
0.63786111227266229 0.75592286731067992
0.40554428687711447 0.26190370552916514
0.71998322560720418 0.59610721084396567
0.35305488104646476 0.80419481345293498
0.59086388385172528 0.14728215154650648
0.52677728649626010 0.49336073753408582
0.04386678336891974 0.87841428087679219
0.34783163358923014 0.10491684835404270
0.63097287300488780 0.08464824749049361
0.71293134047336537 0.18900450040601244
0.10086869467595637 0.73022647907712201
0.27214198270603196 0.46320855387955462
0.68176847149446029 0.31323033570701109
0.24867906302054565 0.54822349436529916
0.31867264829302777 0.59375991534958139
0.42267971033679863 0.14645258553709048
0.56946012079739283 0.38351100819327893
0.32943199113643445 0.31021944288706627
0.05212847055192237 0.63936157044167530
0.35927005809038226 0.29410108260443851
0.53641612427142071 0.10220158097675999
0.34124327787083675 0.93656570081466117
0.59702171922167113 0.67280524606369563
0.67445431683699575 0.68160914753295676
0.63864280876436563 0.52866818974437202
0.05691020027179784 0.78941380395048844
0.57246684788689228 0.36243394333267009
0.52512050032944091 0.87995810648641526
0.37287630791490928 0.16399910263925535
0.35086072006718727 0.11162380203279783
0.07080246807954718 0.66235827253441371
0.25498750351361144 0.52069834772007528
0.18243433931415001 0.84889605343884622
0.38057779195763253 0.35864298874668871
0.56147934602903715 0.16357461588750652
0.61615515767711793 0.12548078525118964
0.43009079461252242 0.32085748109005530
0.16451105149621068 0.31740125967186461
0.52946710964017629 0.85100043031906059
0.73546875496629571 0.51691663118635156
0.62981141433573529 0.10934711792501690
0.49612169891952185 0.29386902271702103
0.30585968914686373 0.24000500707873149
0.77065925102086619 0.51566994616777639
0.60904689636420239 0.09016327270265841
0.16246562476571058 0.64560640266233771
0.86673280922101437 0.29433665708399132
0.67218738801885591 0.71702424082839322
0.64938298767764124 0.41550828323198613
0.72693559693919341 0.17474780688703556
0.04786927683888711 0.71985404259849095
0.69128524331662755 0.15751662502334304
0.51262532238231695 0.56508016114440329
0.50640709719169930 0.19712971467282780
0.40195542228467751 0.92403848680223577
0.66069095994149218 0.57126678424779964
0.69450384831424183 0.73988662585981868
0.46034226894564245 0.11752084964183390
0.40836831078806157 0.53829196984829009
0.70833413797237166 0.11329654494832095
0.64788544362236888 0.65199461215684362
0.72042201573032882 0.52726607891119637
0.71156425688270086 0.25061291957987597
0.79534086597934917 0.19145046953838477
0.78712474360266793 0.45941333141767310
0.19202919725633530 0.63699229933459089
0.38770821866850980 0.53106903135125583
0.40635380769497670 0.87966020430690051
0.44461269899070088 0.43695236494087841
0.45602445732551850 0.66223805508646982
0.49124625714001452 0.56062382941885724
0.57050536486277703 0.04998946210479206
0.54481419254340546 0.23579461099341215
0.56696879938253952 0.49861966828837384
0.41513358636066777 0.79450391595768932
0.26394188152004500 0.71765875816485825
0.67182359337548470 0.47972170826809218
0.04324296478656792 0.54636984979735315
0.78177826643403781 0.50542645191394542
0.20033974771344615 0.61321565367681752
0.27183754871209387 0.72862870863862050
0.83019305738251437 0.33742121124264113
0.56298996292479808 0.83098192803615234
0.68725263348548415 0.04263528081345770
0.23314223075705268 0.62043365107245174
0.37741343891935297 0.80671324172302483
0.27520005473978343 0.46978645280560838
0.42774975082185457 0.25128611668484174
0.05241446441990600 0.74758250482090760
0.78393059244984542 0.14968346471977234
0.66366111846944509 0.35236388224795906
0.19672447461138370 0.90338802407271113
0.12034225519171669 0.62778693653156747
0.09912267798888280 0.39874675215162475
0.44522176773031907 0.18444829068363386
0.56001259915986590 0.42161311004452495
0.40339497042115208 0.16149657391357869
0.81868462696358690 0.17269806122653333
0.32434904592668706 0.40194367251685337
0.15626743186317699 0.46383182130515510
0.62431515068800369 0.75369290388536903
0.65199954916910863 0.22225168173385157
0.53342083569528009 0.14458466163323339
0.62645218905967281 0.33979715054871495
0.51602153977934850 0.35296443312922215
0.59924166356291586 0.77881839465219027
0.19889416843671440 0.87845894547039360
0.47075702117541995 0.09124922162774733
0.86585368082984770 0.31160788149698448
0.53379196999209977 0.22687969193019877
0.49421512573617188 0.81530053139334846
0.37782523733057499 0.79297431503062255
0.83283253414684721 0.21882003191835322
0.29419015120378217 0.93849075482427446
0.16840965634393071 0.90728534772774816
0.44150375556231564 0.07632446300180090
0.19899593547356328 0.65340615685902792
0.06641639953974714 0.76288672300604343
0.19925207756941560 0.66843551648522659
0.37893703093547848 0.77768630850781983
0.70871379273174373 0.68562954522435504
0.25169558992370500 0.28561303721957421
0.69432947453452942 0.60564639146877353
0.66522471748929490 0.15490531878017857
0.22875809300771827 0.93752576700101575
0.65377870277958094 0.71111186142107174
0.22719153911425560 0.48868223477977513
0.52027718127528155 0.19685990821030855
0.09456814859791855 0.64495304227889694
0.13646573780270779 0.35918815770131490
0.35142259623644406 0.22741415750145827
0.71692671863724666 0.17941442487421397
0.84402153556631443 0.23698354278290235
0.35006136542191585 0.50594551989543934
0.47198566872796732 0.88485741348906055
0.55364746122523123 0.46458743513778100
0.68394678304695578 0.04610816149038290
0.51308455575038303 0.48837258590393745
0.68668316358119985 0.25192067815412289
0.33043260423257464 0.37136194318039001
0.59242503660303192 0.80036894585225016
0.36799189022738399 0.74128662693814718
0.45494019334012631 0.03946752726131356
0.73530268438292778 0.44019648147382756
0.75744021141401996 0.08953468253591158
0.18182870848202287 0.37158287395738826
0.27141507629061401 0.81378068639453105
0.12628131459810660 0.51306767689734833
0.71411059268145727 0.06046714009591080
0.25343288191896396 0.46942857038358954
0.74631953309343169 0.40601788449729936
0.12844715055699105 0.75674938096280198
0.23906130910920434 0.87674641508092022
0.11785514361736092 0.36679977789203255
0.41335392163119877 0.83358863656268634
0.39965017232621292 0.67836022019247633
0.29054647430012520 0.92090842800904071
0.26134824651400695 0.55667537270734668
0.19453813912899082 0.22310908575871480
0.54431109668169853 0.34805966326485760
0.11120688708212273 0.45679573725375261
0.41985617287170807 0.39856083498081041
0.46348193807807797 0.08194599785233436
0.08229376104879417 0.89140855324364310
0.12460006349775282 0.55113334110671053
0.26358290605086243 0.32260668940972703
0.21806287859405277 0.93257118678487239
0.46097044568271706 0.87135791678564489
0.61427923759695235 0.73274079090201649
0.70084497968058912 0.40295725605461929
0.58150559334628582 0.52543267934801841
0.59732198720197605 0.08096704198286922
0.43626494076004246 0.57388214736449938
0.72636826096655949 0.47957508775101626
0.16015661510739007 0.40648682227700178
0.52967774306361559 0.82081004962416326
0.56611060573751626 0.03117724714009986
0.08211660614191110 0.90938997080760442
0.60957706190288130 0.84296388093590380
0.67295543051857110 0.54311840114037713
0.81972720087696871 0.37905197141620711
0.24934627944486101 0.82594325030587856
0.32480687584270518 0.53543993427070580
0.31358222875808506 0.17361992904904019
0.58707696026962375 0.61883880250471102
0.05705465010237968 0.53660679848102610
0.44710845449201242 0.85616480593388777
0.11154934255310794 0.60822716853550574
0.08468040958978353 0.62171455876102366
0.46800369311378454 0.28066944122678988
0.61223931065810688 0.35565772751455832
0.01982186847547989 0.67712108281213268
0.41659812012784508 0.89815541452717984
0.38033555592829787 0.76248595115739026
0.24164162744014511 0.32692664644134828
0.81500501986586305 0.20694722685330336
0.10956206215375371 0.94081558160570145
0.08658878470348312 0.46418296286415678
0.09832641595921875 0.78855454748743681
0.04936094511138415 0.70724242903744960
0.64839069521141124 0.73218793164424600
0.18416129834196632 0.89952883881153822
0.07100602789176749 0.47502075928141391
0.68510044691952965 0.03444629206368365
0.03059066394773598 0.54282413823127695
0.57384284978363809 0.19623959228612858
0.07874599629715745 0.76938070446745654
0.22223270871988599 0.67972782814216104
0.43054083306546614 0.89807989590759363
0.59829990846875658 0.57355114331467882
0.49414405088183339 0.61120990635452421
0.45110454781849063 0.23727070944238518
0.23162205357033974 0.47088171041139198
0.72957245517390612 0.12190739865481834
0.41118448154410853 0.88940886756449178
0.30295345953358266 0.58378752515522059
0.55424686058918671 0.05540571237344565
0.15608150936034459 0.27218301025534858
0.37238479750302472 0.85662472969233028
0.16406223227313665 0.74506046669959625
0.76082315284096191 0.04555219536430785
0.19578513100333875 0.74951254109155252
0.62930869457456040 0.18893520834547980
0.65833054060314300 0.25755977485774961
0.51335020472585879 0.72076309719737885
0.26574216084868613 0.27466993083376245
0.77183535239134293 0.20526686469791489
0.18644184308032241 0.81724406594923049
0.17358423087705402 0.50250717175622528
0.47982229979114099 0.15347719371500729
0.75148784211892683 0.57892878367386047
0.58596346885711093 0.78236050597292273
0.12367065788610897 0.38172141126927889
0.55091008455826884 0.80108703564588746
0.32913156026575213 0.79365982788882117
0.36299214989308770 0.21502691707257066
0.42280808962966243 0.74090167658515271
0.11823661452384308 0.40239104651707747
0.08084956512970268 0.56609968758291973
0.35287986359340023 0.66811851461642502
0.67649171419345444 0.70445595700945396
0.24623857762829596 0.92684602124782300
0.17268628519295198 0.42355919244472356
0.32059281825496627 0.78069272672152989
0.07918786396321079 0.46972426345400886
0.11046133295509804 0.71337267402280169
0.13962132759487969 0.86312128025212032
0.45251092347484773 0.85503874339467534
0.18925879444097801 0.97000764142966256
0.21344171096202869 0.91275288778857466
0.16971669351966018 0.29273067364600347
0.42394513797377248 0.20311109132686553
0.51343403993609427 0.77216646760707475
0.62054497877617965 0.22782856966668225
0.12553912376774706 0.83713318496877320
0.06657381365451705 0.52453993893962370
0.68312108299751628 0.13509030689878904
0.28926382079362761 0.95470979071186057
0.14501407822462861 0.32362613650300875
0.26462570981386574 0.60699005002595652
0.15348504601113516 0.87460451101223913
0.77675969058068384 0.14225458520083034
0.74328522686104248 0.49000696668794880
0.85783015189717671 0.28687693170965695
0.64777552818600370 0.12768973390272828
0.74835523504270041 0.08071980019850006
0.17277551193506827 0.27790206513608351
0.47108230879648322 0.57770039708662790
0.74586739581310324 0.44693976641416283
0.48008049901503808 0.89828210412077758
0.53566425794827965 0.16090060836664635
0.44703078884857445 0.08492359054468913
0.19045140894228380 0.52682223499833714
0.03106278836234944 0.62844188305179394
0.56019274203811154 0.52573834096673755
0.72017215938267920 0.60138988883813871
0.40866276630417869 0.15077351561685820
0.15602880805101754 0.57329694067357106
0.26690083312675439 0.23353192517057533
0.45171941709764113 0.38684038383178582
0.77831099603503029 0.17220432340009201
0.51547691554065167 0.67027113823199203
0.63157119008445783 0.76685810128720766
0.82872460428676897 0.53038669678219952
0.37103848669905631 0.32295384296043134
0.55754744874877871 0.12768419445989868
0.73576011791000262 0.22805560324969643
0.70072800038135008 0.51538654183857224
0.10490416047489545 0.39757802820632115
0.65894547452480334 0.72366211859408858
0.54450442973405266 0.53895866282039218
0.67765232093271088 0.47573982891976146
0.33144860988305130 0.39958223002447157
0.24299699167733560 0.66583675702368028
0.07996008755089626 0.55509079721861143
0.08971784008569392 0.57804660793573370
0.34381862665408186 0.56574996374770836
0.75861442414683733 0.18097069075923661
0.43553239299929575 0.80093146779890778
0.59732161680492080 0.81588051307964771
0.13140590986410516 0.46460341006703421
0.64289075486054093 0.64135282050410714
0.59373313693554686 0.39440246914239507
0.32145503614814125 0.87957484377517614
0.43726984926482276 0.53136206446347523
0.33890860113740723 0.87968040293575334
0.47519443868261080 0.83927246179210580
0.45859833357823682 0.05161937391185548
0.59856021137788329 0.53481056420030482
0.27343989576717592 0.90524209881691464
0.70493669684382909 0.14041727090002834
0.02680619781556792 0.70000001661665479
0.72548478629183999 0.20303330753428578
0.56241150322844580 0.66746817209067866
0.43111694085364943 0.47460465611507069
0.37589628259953767 0.08405399391334717
0.06168146404014876 0.47846797912338090
0.24309568686892372 0.58480899429011257
0.48334163868133206 0.63631497293088124
0.71096052032188872 0.08462163603771226
0.50762355168958306 0.39381543677851155
0.10508159831888990 0.92309854379306333
0.25396288669183054 0.41732320993396982
0.13113634941131544 0.86864454594999607
0.75279452314759931 0.11409970637450319
0.19077273746303700 0.87268244416212204
0.35245022889730987 0.12114537107650619
0.69719957209785122 0.71479595448810807
0.17914838699760152 0.23442395082031744
0.49732422549076211 0.30881211386903962
0.79262805313716156 0.52954783642308190
0.75583847629746059 0.46369414472952525
0.61064139679505192 0.45189182416582868
0.79930702661497466 0.38544729346218637
0.06501538740244289 0.52959918392717931
0.38628090139624671 0.64349540282693485
0.08837222845216708 0.38412710399430172
0.40342540571641805 0.15483824930948115
0.45139323036783613 0.20312626676983708
0.74333863964770652 0.35874365256525520
0.17641599989273649 0.71149818149872035
0.84450614905140819 0.37500288651754626
0.07027712717493033 0.87458685103205214
0.19997399610284816 0.74358596921737397
0.78230951357837808 0.12381657602263754
0.22725178813824412 0.19584194536686028
0.73782542294940234 0.32262910460227667
0.72497418239083067 0.07517706470273143
0.56590358765544779 0.80754596975482029
0.26596763434369508 0.39054239156460835
0.55112083900685560 0.41304253189147866
0.39386818261992035 0.73310215651233446
0.57793670960137400 0.72487904913190293
0.71811379285962229 0.55423604006223048
0.72420704429762661 0.12263746949330473
0.63069670426793079 0.07330791942354634
0.32066853029189696 0.42315631402397647
0.61354671058234411 0.30851381805652689
0.64459637098962685 0.72250859070831530
0.80506732677501747 0.37651321122850334
0.36651019548231256 0.29383112840340675
0.46114481434373228 0.55704118630950283
0.60300372594050244 0.45600449819749073
0.35419606041849860 0.88885777874051952
0.58815808417618864 0.55700324774547705
0.32753103210554713 0.24584622241814047
0.51324728447242385 0.73813504457970580
0.17018794405002974 0.28760013110456673
0.35903431028045973 0.19018187315230520
0.38818638526858479 0.95281299003995612
0.48154050222143585 0.78764447373678981
0.52320109441548823 0.07652015471327402
0.26854422181556314 0.19646958530781794
0.79204824719299538 0.18768776698571810
0.64621656041405739 0.75964309615195391
0.16768616166178679 0.54031071142203912
0.16250793431018809 0.59594695487506211
0.09209053837078748 0.67182156488266742
0.80090853544920870 0.35812806730519964
0.02652201998198887 0.67658237201292371
0.64197996559823456 0.08014987330539811
0.51701695537089865 0.26440004331349870
0.73917977474678842 0.17169633038064180
0.77874111633144594 0.57462477041818194
0.42319228474064036 0.41360530580683258
0.24159116226033631 0.95489011905179744
0.07415908249036232 0.79813597303594774
0.18170659847426743 0.68260590635643581
0.70900431860808966 0.47840136566017938
0.66372046315251287 0.65282394338915206
0.49273331378783619 0.23720814520684802
0.68426226668626033 0.28753321722227942
0.62611732361236794 0.22012224487423629
0.60712031013654821 0.81003216930387212
0.65397215051009738 0.44967980864460327
0.54044886408382387 0.01744250332281675
0.62052699521737120 0.70220538102161612
0.09276614700839489 0.66514770300865877
0.43682663652599257 0.50967929109909882
0.34345699321318185 0.35305478611711344
0.62612264585777322 0.23399313911570155
0.16146344405369945 0.85214663102178256
0.56741585026889441 0.52636274432609964
0.26758476548025290 0.42127389410621718
0.67158613644006915 0.70681893842086430
0.04096513431645379 0.81639237093652961
0.08108210561768266 0.68383201766425084
0.60982303207273691 0.66255572051140810
0.60813521597847586 0.27559996614447280
0.06495561180304346 0.87670885345793848
0.79446513891297388 0.47753551041768305
0.45182897541674749 0.88393043445851960
0.28216907475738406 0.31079483192105978
0.32419916096323381 0.63667765710894098
0.20175230428059776 0.38932727779866988
0.65045696843699630 0.68077720724131341
0.09504612755301158 0.73157320645446056
0.14372072477775139 0.88170898627858862
0.27040938280010779 0.87291737157449412
0.42561236495914190 0.68389813510955744
0.56194658346859938 0.11619648014722811
0.18007233578015319 0.62983780016775981
0.79061329945742931 0.38288425024044653
0.26789552706237268 0.92968228394185015
0.22881021877565755 0.90032062718244055
0.61224397175472911 0.61533769573917252
0.28076956911693635 0.42767445841581936
0.44007271023562450 0.39720773375548418
0.79401272293893077 0.30492535523486047
0.70648660491712179 0.51838016780709717
0.58136825587534113 0.66027405607143308
0.54355551988346174 0.79404174147102780
0.72477387660968173 0.59485132033177457
0.64422274937235724 0.73430977431704814
0.66700867439079958 0.33942625325332432
0.64775283648459303 0.48625220280882969
0.24675035729763445 0.36839566244835542
0.73258775721668679 0.61100310459624707
0.67154728092617777 0.15559406387361116
0.42468806602888715 0.06546719610708419
0.37521583543429654 0.59750676306537809
0.45412596148134815 0.24872480470551717
0.32621041120840993 0.15224168005689073
0.21603288362061501 0.27923533245822274
0.54595572900620049 0.15103830787952119
0.25942153139017965 0.48437268755394414
0.63535049008263222 0.50720153415416402
0.10195766773897272 0.30346719658412036
0.60255232066322262 0.01699190090067182
0.60945983935303771 0.78783735189903026
0.35730472920011319 0.82273776784948394
0.28225095102924475 0.87081772734923502
0.15738577066255588 0.35821333597819804
0.33738658136376504 0.72620143619566357
0.43137568547557448 0.88385594438290482
0.60346001302851082 0.18157079892520389
0.30401600310834703 0.79784007305403681
0.11838374084795722 0.54906953145980175
0.23348192220203062 0.93954662056981197
0.57227792672598476 0.72725243125810701
0.22572264709700407 0.74251158006414608
0.28171023119896099 0.21030176255695357
0.49027708606789755 0.15219392160102013
0.22782694009437868 0.83199913498648259
0.66981972583907989 0.14363035787444112
0.77512311165710268 0.40409713483534332
0.38589931514242320 0.88283530479252736
0.63737011579244929 0.11766840698856583
0.68216772178438667 0.73497786283694611
0.22415412223620226 0.47065720652906101
0.11690765763809227 0.49938508108830643
0.73162123124861844 0.09484832977056276
0.72472711714030791 0.60531162801290361
0.41308173103620294 0.12351988116461932
0.14359978911803828 0.91169790831368869
0.19359317053153807 0.95654620828004111
0.61365664735906189 0.06784479469266481
0.38386310209413055 0.82925568943472661
0.58775927515302939 0.26953799616050683
0.79952752912831382 0.53802451221053582
0.70669283540511429 0.55324001821202029
0.44867627458560250 0.26644320087636986
0.42287421212678572 0.27716192040220861
0.06373148153348449 0.82977769562878179
0.58355395012295008 0.46905117018042580
0.66387696443272670 0.44683341681271171
0.21871424754103874 0.83021522040208040
0.22603683760227833 0.36253410996133190
0.27950504099653450 0.91691761614322875
0.37255358104175784 0.57677295300587628
0.12681424008794159 0.79397846577356068
0.36734652551644609 0.11510430671235761
0.60724952745685179 0.36041155414867970
0.68736742738646273 0.07748000806960403
0.61701316911458359 0.42571913144761997
0.24780873903206693 0.79486128372765141
0.56752031541401204 0.19194875364064831
0.31325542906534176 0.13993921756940927
0.21039133029291718 0.50810895601015771
0.35337666968287568 0.58536712189477602
0.79262190948318767 0.15184004460069966
0.58186546454713672 0.55893053334323217
0.80480789621234894 0.18588633259933468
0.07917948506977950 0.53955705724135072
0.50700823449675014 0.10970975033033477
0.12782727435808477 0.79964726629089167
0.42162310541044073 0.62978226631043688
0.28810229101422363 0.87507566495841160
0.62821445814023569 0.50583763847639052
0.39028569933013885 0.79386306123453765
0.25558574098749914 0.74207253551778807
0.16108395765951344 0.29644789537694632
0.10543414202698657 0.54785479237439694
0.25807174368102409 0.15878064873162617
0.53371799270502174 0.08476440539189929
0.41003251688458697 0.52424693306373460
0.04656675585140584 0.78861246336493451
0.39242285392573467 0.15758097190334025
0.77355882866826964 0.47560310630068958
0.80944392148962885 0.43168025165511753
0.16766188874127955 0.63999154209368836
0.11681463109415356 0.65709850197983344
0.82001838134546823 0.22829249078316785
0.16718385566187491 0.36262762833576884
0.64957812372090706 0.27449845713868737
0.03134762024202285 0.56201599009469050
0.06515359595710324 0.62582568922995874
0.57184287944279588 0.41095935557423291
0.62065458877001145 0.13076099181811623
0.66978784323690987 0.01195848649739195
0.22164228863391286 0.69245967231397554
0.42048348906002769 0.60452471540253372
0.14764418460402498 0.91394618672911354
0.47302132507787753 0.25657861247262281
0.81523594019382073 0.21263513359598238
0.62669142720866755 0.13241795222167882
0.39908511487983545 0.40258261711284182
0.49207236605597759 0.04737200807232059
0.07762168492118712 0.70826156513593375
0.79480634250162219 0.07452510728266791
0.81903861072256101 0.53646937002280282
0.73431985314216641 0.67595523523182510
0.13772748126601886 0.57473254913758809
0.02507498994554962 0.79188864188887964
0.05314124567410104 0.59506337139036558
0.80196816317956965 0.14604130273000540
0.67103948728132912 0.56323997069949350
0.40277541351294682 0.78683427154088148
0.23017315613547557 0.98342735951004823
0.80781616557940483 0.54866057645301813
0.43817355587573265 0.47296259773879529
0.61132574555484720 0.34024310165689442
0.38020680613374158 0.51672514428516647
0.66804722352576795 0.05990622043913510
0.10067189446213877 0.91169891353156829
0.03253292850841941 0.70861322905457214
0.71868772813055604 0.65866077737038653
0.66762434652292968 0.62908082497162787
0.51812827034574305 0.07637792691047247
0.19523972177259979 0.31787433451777525
0.81738661324379447 0.24466860617588818
0.59517307216803539 0.31976056930985347
0.66703501431298973 0.71469995651271789
0.56143025681130798 0.14882117016389149
0.64600048617228245 0.68385818571862833
0.40695302606207046 0.19166891017342061
0.48805118521001206 0.06947072855687544
0.72294080857115040 0.36943167039585789
0.14434857804994528 0.37784474642084864
0.22212245408133940 0.49317296425366447
0.41375537484644692 0.76143487225474682
0.34555175045487574 0.17678503163603110
0.84800476862461649 0.26233400876685242
0.14316451023494250 0.33850286699350018
0.33275971770610269 0.24110807145986582
0.08517060412713107 0.81516381394062576
0.40039671050424969 0.86746681115698954
0.67795370919895726 0.65401614902599781
0.73707065388292381 0.24329757574511321
0.07631413664108296 0.90572498968316972
0.52686141917987583 0.47147061731174461
0.65594890469963696 0.17976014951626054
0.52565496646148702 0.32931634120775455
0.00496451270582022 0.70517724909378166
0.59172053186911844 0.53592449495826355
0.43232089827302700 0.67182600898231026
0.32766150628383411 0.36324631559287118
0.01677823943103731 0.72923835224449973
0.72440100425129861 0.51666420713380545
0.71562339380981688 0.55969737935900365
0.68081730000402951 0.15046884249047959
0.69282180173010055 0.14383525056243626
0.44929508978203070 0.70238345657559764
0.38615021798422156 0.85807203442840996
0.73439267479871639 0.34114280254896195
0.48730937543221020 0.34901974220701193
0.79727254168437944 0.24557664503246301
0.74428177206453583 0.08341543462173766
0.51299837778068313 0.28538041669662789
0.31808454411723697 0.12749190442152744
0.26062912638994262 0.77364548250803844
0.59242647152353545 0.68982177682063073
0.11029107651060116 0.85849656639189531
0.12595190378141111 0.35191405551900745
0.11931932445718287 0.91867478927267043
0.26082160013092776 0.79125459209178839
0.40764153721064539 0.43887038097325037
0.65164578578925614 0.35596961627520096
0.18878398378510339 0.96204450856069423
0.38539364519454444 0.24004568407253593
0.51546906231292178 0.78266288287025076
0.35286715668774288 0.75409064130205372
0.41597349315431315 0.18244854038502592
0.48495036169883987 0.29498009720529361
0.38913270360852115 0.87855252815778506
0.28797067105080471 0.90365057749342115
0.11455321044509784 0.37724389106910111
0.60260739037146027 0.76564764270945906
0.15250845865809406 0.43759051624631123
0.55033654971276846 0.38598360833023576
0.01287533795027589 0.64148931454420210
0.61774393794288029 0.44764458573478455
0.17057740345217107 0.43577629437183507
0.80111331093213634 0.34631126180124916
0.78381547710144128 0.29920952867239087
0.05552288273088664 0.54749250406772387
0.67321920939311231 0.41550672846046904
0.10555341886625508 0.46093519089613483
0.22507846006169041 0.16358249469357281
0.47130000815761064 0.83429529887516507
0.79467764402590468 0.28032375874203164
0.82235522265657368 0.41902312221985255
0.35992928109771505 0.85666951496769550
0.69645643405249524 0.52042072320767019
0.07967709286245916 0.58435856540386422
0.68304076287847171 0.09091755622706445
0.35947962388477800 0.62021856051474311
0.18472275608729563 0.91380003510214525
0.24517105391658875 0.98399481624770868
0.16222369637126674 0.94712390187493034
0.12169610964443334 0.90531865742780193
0.33479049753032858 0.24741947338946951
0.39399184841981300 0.88117157278886227
0.68202362387276227 0.34574571197288773
0.06214146330809518 0.71901341092194770
0.56525608175364228 0.17701932804772047
0.50640143544274741 0.88814728756336880
0.10000630210777438 0.48011215159091863
0.71771465802422707 0.02469500227624444
0.46715866638869169 0.11871875395449662
0.42675955105336655 0.79236557163182619
0.37938390490747020 0.57523542009878681
0.23086637928813489 0.24782632054397075
0.54188711063512673 0.71008915246383342
0.26250469253022396 0.49286319547186502
0.72670655967520215 0.31705823508976883
0.59685832844578235 0.18554553219667641
0.70138532358103411 0.15207099593627621
0.76099102339763625 0.03479738267995845
0.66548824644011495 0.50504356017833629
0.22890429006170943 0.69356545861769425
0.50489375869066200 0.84391069037577815
0.09246414571422393 0.88701524537587839
0.27001309557553271 0.71342799082168307
0.26748461349085134 0.14165262326423292
0.48759656640238030 0.72390302558967612
0.65275627764119837 0.07443866492134572
0.69532732674445774 0.58156718498285731
0.19048426818294120 0.74441606437937580
0.44200704429559201 0.66080775373369260
0.07140358963827016 0.39546557545405780
0.30855985449513890 0.27368287427070248
0.55836699375378684 0.54357457817241983
0.70790247359841085 0.45206760118889860
0.71313388704401137 0.66691067058062115
0.73772690255066953 0.50037741626258925
0.77354515879177399 0.51021232145873541
0.19708008170655877 0.35040152800255780
0.76170615960889010 0.52047995465055863
0.37373610003399838 0.91399600370557743
0.54150883913083425 0.87006452838798376
0.77562110106605964 0.24692800988975935
0.59147059857572026 0.57588928233772618
0.74793087452051477 0.55964589109389928
0.31673049607228398 0.42909097301237153
0.09651705485478895 0.70568863418155614
0.63523970799506835 0.16927281824984547
0.46330292324040045 0.59236931064792642
0.38254519949963606 0.09686611751562547
0.82062819114061147 0.47238392527259404
0.56767759080890745 0.31357033222115444
0.38492123878071366 0.57050476264233108
0.03823541526470352 0.52840726602769050
0.19799057667046421 0.38406993146581198
0.54357891516923440 0.69094660801395447
0.13614806422937206 0.89140192139962560
0.37104865662409159 0.18997459417279805
0.51396124032575952 0.39795402132193503
0.11833839121535349 0.68811038789159074
0.35400859706203391 0.16348159596528267
0.71925057185476382 0.14482284512768251
0.23299085999624997 0.36358789162472793
0.22933906919114228 0.87164176621709477
0.25115089637317101 0.94183866946953165
0.68352785190856347 0.03924383934949436
0.67399237888479768 0.60653591454659117
0.07913315702093635 0.75668850411335664
0.36302783790443988 0.38215994106185547
0.48331251816973764 0.87971049078497066
0.69972641666335267 0.66375456924737841
0.55075218165223705 0.39316976635777301
0.67381241012716997 0.30870530620592485
0.47203467365892143 0.55096520788961711
0.76301985341716894 0.53414581421262919
0.60578373529311103 0.57179394320155297
0.45116360859745119 0.79678727003092564
0.66758259151932597 0.70395290143665068
0.53266583326867090 0.45226734502583710
0.84453566287202564 0.24590483532071997
0.75855564428125211 0.45868854637416068
0.37005108511088769 0.14371616761705566
0.81093456189117574 0.56490313311809126
0.46389288688773656 0.10927500484515056
0.38720497388714098 0.13140863425193047
0.36704876448883206 0.53813125126908234
0.77497176969361148 0.24110774271878596
0.56807490084990853 0.77655108102470471
0.60832894453421582 0.77715563483028471
0.58231566572975157 0.73477176585647874
0.70027297937329824 0.73481992633151960
0.33259091917441486 0.16814972816626336
0.46455504731418390 0.10455383147425786
0.84953554949826271 0.28538178838223910
0.05682544922104004 0.79958248879302485
0.82190708713757521 0.14670221960579002
0.51940917460608060 0.31888275600426136
0.28938410019870164 0.72768541088538308
0.44805352158537937 0.84007472744310474
0.49554431480135069 0.40899135137220100
0.50263773584976845 0.54700259208416191
0.74225042560525467 0.21809078959659167
0.23909347343538276 0.33344720557792012
0.24715489758425657 0.57820416566403199
0.46505463709024503 0.37729900126835625
0.22041405454218010 0.95963456814139492
0.12380819891572555 0.53087467872285243
0.82245156715813061 0.29120483692370192
0.46314999327778772 0.23929303230689380
0.55741396403488552 0.55557664570565746
0.39048692097528498 0.12718325382451864
0.62860249054738915 0.15991727412091630
0.67719408080676891 0.13402613520632961
0.07981042455003851 0.54989577782207344
0.63402739803607244 0.60391118892305684
0.83050400766219512 0.19904850523447620
0.81355935698618842 0.08792458789014163
0.60440796927579044 0.09257709186453439
0.39805999237067657 0.15906438449186536
0.51282373334834364 0.76142564728873474
0.18100221082161419 0.82934079048082565
0.72057937691631702 0.17424547100698490
0.25824845055306206 0.65883847954987484
0.16510277283556121 0.89523104889832950
0.36113475182500987 0.22128839390186908
0.54298106327541207 0.77459459992125090
0.04203531738485676 0.46206344063205151
0.16065192825457966 0.63896918726446705
0.20708579090075585 0.38506378005082675
0.76146850380176812 0.60107267880150428
0.77138876064699391 0.44070632634243379
0.69526793388621400 0.44767433027158138
0.72529502709063409 0.65629723628290249
0.02898992151335233 0.60630617143195287
0.75642080999668493 0.57863329044133305
0.53940390289015627 0.58536347799393895
0.06261403893425778 0.74929161639780573
0.30628074928522164 0.77843992762492953
0.33326049215124692 0.20008040530669172
0.24272816133192621 0.82741014967530613
0.80231919250751860 0.24687179417021290
0.13150040324187265 0.78279868681437992
0.24704780487199149 0.59089793971244731
0.63941878564276811 0.33315832993646888
0.59527326776882117 0.48236676756930741
0.69391316737865760 0.11883004696122945
0.78403014728222042 0.50991361975617588
0.80900591672417577 0.35241459852558382
0.72740248144585640 0.08308029603727214
0.08034607739589465 0.36355985450370659
0.70869708140916510 0.07975687841844113
0.39967016521718285 0.22731285117989200
0.74517852479619007 0.56959802956505312
0.72940567430135383 0.08702693982329607
0.41966462821860379 0.22518631671937675
0.31893203374027673 0.39006996787879278
0.25260618150746872 0.65393928699722004
0.68373256157214768 0.01267809977039845
0.08477942880793532 0.55205841191043548
0.72500802199478953 0.28717192958083682
0.41248471112648238 0.93970082310146019
0.71540913688164542 0.43052256868762084
0.27659658994668535 0.24718946619929277
0.62026613707806566 0.67353732826771029
0.19297774741046544 0.35515342505472458
0.67544352549161490 0.42224969534802403
0.64350900110797427 0.49618698206867340
0.38978183609430822 0.82999889686514372
0.07028424788296406 0.41733397430169883
0.75912871826679884 0.27234479481579921
0.65627676293627202 0.42412214323718195
0.73723418786530315 0.23621133735437308
0.28987954204616062 0.78655955140549738
0.62730361018471614 0.65764688495026014
0.47237531435396279 0.89905750739882706
0.50518041836032246 0.78817063953046396
0.43859874599583915 0.32574298019085779
0.81894950226550478 0.45861650358029404
0.15478258603556222 0.86155695338736027
0.68916886901810437 0.61000624723087971
0.74448863266504950 0.38885180832531097
0.42466936950226891 0.07963431657210274
0.08413513809449287 0.54126405698313262
0.38718859757643231 0.14988302532114553
0.50352315639673106 0.31194204692356364
0.71604760831537395 0.64002327485682775
0.64103676518258634 0.05369196229072909
0.74652690263280019 0.30005893611917983
0.84611622445358325 0.35566664616486388
0.85442543436882290 0.43329138542939982
0.16913935417979470 0.44808281682411905
0.70115215189362112 0.64457267527984519
0.16716496816814433 0.87315072003794025
0.69067710129947457 0.03246894974480821
0.30913339893925956 0.45544298761603763
0.18379987635580497 0.24755886246196188
0.04747100494457217 0.66203866879032003
0.63181929826157990 0.49985989766926503
0.47217820391748100 0.68989095454424509
0.53825800579719574 0.68782718829233813
0.06103673707633206 0.61206001816740629
0.35526880383357418 0.28679938861841542
0.74929308026077313 0.13631817465461274
0.49402074068362350 0.88666420585323302
0.27345614959805914 0.48838567989772258
0.64929176089649443 0.10050779736446533
0.31315700498379867 0.52833773894490610
0.09189271007701992 0.41874606589506080
0.50114310539609597 0.61031923138433541
0.55015071549430750 0.72278674806515586
0.77367480752378726 0.61800016550004155
0.15915445356005170 0.60171196627981971
0.80013956477114179 0.34082732167224999
0.47056963876638641 0.78280140580564816
0.52689312231395502 0.37890615732922062
0.85302205361679950 0.37654709404530234
0.08841715886047745 0.75283532371373474
0.45013314194288617 0.27365133009810244
0.44385141094967717 0.64822400084647325
0.22370035307748110 0.82591093771447566
0.50200619808484903 0.14209418956897876
0.67813142402526683 0.39141350067889136
0.37807413441820636 0.14752639443458565
0.70847381963364642 0.16895740878122142
0.30728872373703769 0.83734571638718969
0.62872124957622233 0.19553050499800601
0.80095850034107807 0.18190859918333116
0.21872442960468166 0.31861660313405271
0.09636560195397469 0.77040134739074584
0.34016475506441401 0.69195586037698487
0.40678677826549375 0.58649219171697509
0.02015588036500426 0.50006110285315886
0.30446497202562334 0.10480477376652853
0.74856536369110205 0.50719551053560408
0.69320386613990026 0.12450405209228492
0.67550501434870136 0.49695069438701034
0.46036315485780605 0.29498008453837810
0.60004193973064224 0.78941409106891103
0.64862301372060871 0.71959207323712826
0.47636405625046002 0.17060274535925260
0.25274370918128702 0.92029200040662984
0.38767409149634185 0.68113365866778897
0.09266526312615420 0.38793984998550873
0.06893297972414753 0.91861977694982921
0.08460907262574810 0.50921345527096173
0.09122663445637233 0.60217634266534770
0.83318914984713699 0.25967445191940564
0.45977549264253675 0.78809618127661674
0.76240727937913777 0.57928276911700671
0.63631055173559059 0.08908666211555999
0.51504491140069486 0.10415407275221988
0.53861482648961490 0.65022099175935821
0.29459454284930120 0.86098789298258960
0.34481540335502187 0.15807213575526621
0.18369725093207462 0.46483645961958614
0.41219366922252343 0.45991071160175662
0.73008455527117988 0.68103916497616235
0.21003705858907620 0.24638838409006156
0.76656254204463614 0.06569403632061964
0.21193802750160645 0.78303312975281569
0.27176121261432690 0.52340342578344401
0.82783837671153471 0.19263970097774652
0.56693275003131627 0.45976060779123884
0.15994423512444525 0.68194425222232313
0.08102272829160156 0.74632091369208842
0.69800426980159991 0.42613837710738833
0.49080448478618716 0.53906274093987305
0.24837019463152968 0.93701402095787623
0.61940007020973031 0.54360376785671138
0.62628101121514557 0.20191800327364853
0.39630312313719412 0.83041638723399358
0.51206448435782914 0.46387444621516066
0.82265203371514528 0.35151951478557925
0.51238661588554468 0.55733134595394895
0.57217687159467467 0.07668309192882265
0.74973486326646821 0.17319831401317765
0.43949986835568272 0.55468517437802189
0.19239785951950392 0.90005345812393145
0.53063489427197807 0.08016044990031258
0.52008266058650798 0.07203856061921785
0.38302890559108121 0.39363810416016132
0.41639127250916280 0.29629924837024041
0.11091738171540039 0.35821643572490575
0.47064466311702302 0.21936561779328295
0.44344987512419348 0.48789723563309789
0.85500109820912074 0.25770500216675951
0.28914978993928342 0.81585738307541888
0.19498380883199809 0.72821626460310429
0.68476708021930022 0.61423801134488321
0.27406919098203908 0.19843293918620919
0.39806837563055353 0.29404498822117170
0.53223689332144775 0.65990215918789452
0.14977309110307099 0.81423716202864982
0.33542591543270178 0.80162482920551481
0.03527822263632738 0.47905488316911993
0.39468776690335144 0.80421203098583627
0.17179614537518775 0.31297172431905296
0.49819036208382711 0.13021879853847851
0.57911429175967499 0.03210391284648044
0.04030099322976621 0.52285561187613150
0.77353459032060168 0.18201496901898012
0.60100401175113904 0.13260886481161591
0.30404668685987152 0.80451967228424837
0.74830662182602037 0.29415089892281576
0.08186327252181121 0.90288011289659886
0.31180291660213072 0.86945293972777127
0.27058335946733264 0.15700269625548433
0.22284109336657024 0.90837760938449452
0.32083756720227369 0.76022642335888813
0.59272308094802684 0.54259536227818583
0.29745190164357826 0.80487156823460559
0.10648716068889821 0.41267402012051541
0.05589242417973660 0.69150704910872984
0.46206061320014602 0.42288710451786560
0.22298401629995646 0.59963448321710744
0.38325822977164231 0.80387348833311023
0.66900824319794305 0.49422689939763753
0.20091852352706388 0.70518011631172317
0.76574096695562888 0.57495528246666283
0.68199859123946027 0.55730753197783456
0.60293781095300858 0.06151869642043834
0.52687795323525832 0.53236455433487673
0.74262910507564106 0.61123248213842796
0.59562002493870259 0.52290232044215201
0.11211207132660836 0.84015113902135719
0.52212934822943291 0.63106822359212889
0.59543055198767225 0.04565763854397379
0.17981095491324123 0.58179651405613664
0.35794099986296279 0.55048315475507648
0.39666305869313467 0.56365117457039060
0.59827217721442250 0.16429215088063015
0.36137045213743879 0.84051434723124230
0.42849063851039693 0.86959319068974361
0.34257589351985762 0.32369238082702684
0.69379423765373172 0.07432029885827190
0.82504265474489724 0.31240504653265466
0.83697490767935123 0.44120671295434699
0.77890145375005648 0.32346030586492641
0.69156230679071040 0.05157690938767140
0.69505542109418927 0.35904702676268635
0.50796043047002515 0.89723972578271716
0.08643389990141370 0.60503515022045129
0.36495557051092403 0.63642030722930043
0.49249580255527531 0.84053941540399879
0.59532160530700318 0.74504770796428232
0.22073054039042894 0.52735715166117125
0.23112046841816822 0.26519816236710303
0.21807819179985885 0.61482580131092890
0.08532990329625925 0.55717285907840752
0.45123174429646773 0.09848727734787714
0.43771432641676367 0.43606807560261129
0.61047074816700464 0.16567900999861052
0.79136297252036769 0.31503393998568185
0.28029546622871093 0.88975237097758320
0.11561218045363045 0.82482767758952125
0.05437811246385036 0.51009803162366496
0.73668109120454350 0.08882247982498305
0.74860584176629263 0.08574318015376434
0.78156320161796222 0.14018333635229796
0.38173841489786009 0.83609317607644551
0.45108701131724810 0.39635318062236247
0.37731259202117379 0.39823611845241341
0.08961929824093466 0.64930157868070681
0.13467201421547823 0.83366733250328673
0.80335494627889092 0.19830455589706647
0.11874614565870401 0.83035074262509556
0.85217260406010242 0.23987285177525278
0.12313477663875030 0.56375494707873919
0.55471174250202393 0.43460065236958650
0.08301599431763815 0.79874709426512991
0.81712790197746554 0.38548575993406847
0.43616014651472734 0.13363673744016147
0.08594252793863245 0.92374996894294814
0.71128142192556620 0.54249415305896131
0.72789181726509167 0.13717454321614928
0.29896343680160581 0.77645077114116534
0.38223226917010211 0.56339807201777048
0.50974869562718395 0.76730284278273109
0.55564317067719537 0.63669021139952131
0.12827404483150004 0.89581933383758305
0.46380579166615188 0.55021393517063288
0.61255189888271389 0.54014739072026663
0.75293042983871761 0.09222933505091543
0.29722475416904065 0.24046147521581593
0.11689775632956032 0.94278012614459661
0.47397423748079875 0.05248501481320137
0.55188880557959552 0.36565410662070935
0.04943406714541448 0.72444873451791503
0.74709814075942549 0.22167428885519572
0.41548699150348062 0.55665816369163823
0.14448406592620386 0.55617372165551371
0.34720768002995300 0.48497857839566688
0.52892808354304122 0.42997453692437304
0.08833725149636541 0.69208977188326004
0.20887897470740957 0.62599524085373248
0.25182745470920126 0.61442829739630900
0.64215501098961314 0.45751024223808295
0.72888605406028717 0.60218272870713740
0.60666073310178081 0.52623766652724846
0.72499600978921108 0.69145047855732100
0.12915382188418717 0.73738435316473649
0.58607298303976796 0.69220803034234468
0.67393825398070473 0.48976412640271583
0.16706440579098802 0.52696448033289223
0.13715140826771244 0.35016890223454311
0.82650142294223417 0.31777806678394460
0.08956591514929288 0.77706362458895939
0.03290972636477354 0.59552857429831318
0.37289237545110632 0.72219171642214697
0.63602168771146050 0.72448445412267015
0.27059947896716419 0.17584194738390235
0.65017053845063688 0.69973231287272653
0.24070283910957588 0.64509571078906569
0.68479308015055596 0.06587871256332457
0.46310223746263635 0.80972831784997434
0.60453393614996886 0.49255668099531730
0.66229762653443058 0.76387861269305479
0.36997627534399613 0.11958732606116672
0.80247541446758630 0.31549791979277114
0.33382600633581033 0.55540808424292309
0.22771801787207044 0.40512061266690008
0.58621932252980991 0.66484620801621541
0.25063691389619547 0.19142458144328545
0.53735021835870089 0.77503955082805787
0.75263730526317985 0.56111765301009597
0.55366782176866558 0.85328268141279795
0.05706909614558895 0.63995060416703997
0.13682522937341154 0.95207474114724522
0.83938636624603780 0.29633100810535928
0.63109374269889940 0.12083624267474877
0.06684244888143968 0.81996081905666474
0.56885123330846454 0.02366890670161563
0.12620410900404400 0.70990329632239757
0.23223079572935776 0.35707897375272801
0.61720768794809722 0.60149180794374946
0.57263842101153506 0.05451692830501730
0.04539108943855576 0.74326175964822172
0.52312099711828053 0.05919127213365256
0.20194106527919153 0.89450807467713755
0.42548897845089889 0.83392162487584964
0.41447119085090883 0.57197346543477445
0.71334321137114653 0.04559256481852578
0.47225942713832531 0.63300042423272718
0.38347688918838113 0.10290688067357275
0.39592627493487609 0.89388310650842828
0.52612295326702208 0.67996648916729041
0.08193745413048106 0.85911806075688613
0.60393606949950651 0.78125182352146672
0.19781790582980430 0.56811345997716323
0.68568534972589801 0.21378200186301666
0.16049013739258230 0.80615764859805050
0.16943920591400266 0.40435013023524841
0.55951306156393865 0.09501113287549733
0.51206806489189671 0.65803089378656621
0.57551545981580876 0.85099714733102028
0.57336953670306656 0.74925820783973351
0.74254658782371763 0.23965567290035594
0.07995897987730008 0.83353303497491593
0.77896347837313273 0.54381871613064514
0.07972999174615585 0.66142695447712385
0.71909037168105427 0.36422539707514773
0.39486213495015549 0.12946008263747324
0.83981851058503953 0.40862304684091033
0.78072928362111360 0.22559461833324201
0.38325034885526604 0.42231981145892766
0.60787922651791038 0.75736000787560687
0.04484599077387941 0.61852207418308414
0.61409982377135863 0.48845860484889297
0.68578301075715908 0.70402127791497804
0.65031172596662079 0.05494714655532200
0.59474770911460262 0.13599064182953657
0.48890218456362267 0.63226967649889132
0.06118850338346219 0.66886738497304055
0.07045515341949557 0.62805683156463055
0.47730209533367063 0.42731638498937519
0.38249828448965373 0.70407428629561364
0.42014388683247411 0.24628476229785914
0.48468553644691043 0.81200863206622764
0.21870731092476159 0.89945005180815740
0.37573406223096062 0.20167314568846659
0.21272986855097090 0.36456339520889014
0.58890223395014207 0.73684405832875755
0.51122264841671206 0.04872062954292330
0.40876751781340037 0.49435407408331145
0.38521298026947853 0.19136765219765123
0.28987918817904251 0.71331706075237744
0.03297509609936088 0.64564976231271998
0.13268929296900020 0.51435670971450587
0.59702721976322304 0.02938230065506873
0.35615466877674939 0.27286855258299808
0.25637429739854850 0.81751984713383552
0.48601654620488788 0.18186764414230974
0.42655544506984738 0.72953886814782665
0.42399287695937532 0.90675407863488156
0.30424611264339352 0.25186921167931214
0.40708599902632953 0.72586695593292971
0.29857326309836618 0.88006181071463474
0.29562881432341503 0.30677731824294679
0.51864118210745414 0.56069923372741615
0.56696011702047433 0.05366110337323265
0.33763699058297558 0.88525896108703994
0.41281880813626048 0.60288528253247842
0.35021242530850621 0.90904039348930687
0.07945577070569418 0.78603329042931969
0.26185093734859094 0.63311106298057973
0.52734067348849079 0.51786263302255442
0.58122553231504948 0.82113227242449960
0.56045381028250707 0.78368983123083158
0.61379680091797195 0.82294872905754324
0.34376670416039101 0.67901498698042118
0.52536713174600458 0.13421950090797211
0.60209965282328459 0.05700445789114649
0.67543321643657894 0.44305560195744070
0.21493181849590229 0.95624463994452125
0.44299964009482462 0.21378713967465432
0.68573318316124765 0.71418662532821486
0.58865638030876577 0.70756887725088136
0.37557461490421135 0.65266252593986929
0.64310516805856066 0.71772329601547780
0.16957740072717256 0.78939471338332245
0.16350734504379374 0.40100942199647105
0.28722894183280723 0.24035142215350697
0.48467828802432039 0.07383902332713932
0.14979330618839956 0.86361524368051179
0.46740984651741857 0.20273810752522031
0.47850948633857493 0.45512391200075125
0.37781331463033274 0.21510510756466519
0.54019791975245068 0.75188464091898788
0.11352155076533452 0.69665512808832097
0.34164884814733049 0.60731030926341267
0.41770066874834272 0.19943789215980398
0.40319210521250337 0.59283873504077356
0.86558944549244843 0.36041070304954059
0.26850333515926017 0.95030959655202984
0.57877197180081263 0.48868652029746079
0.12247040553906798 0.71878286332424579
0.33705826701407593 0.82546524433471780
0.11334458589792157 0.62776788885498969
0.72492000225675879 0.26400353634544027
0.49904846832562128 0.56161897279343964
0.45458941644895462 0.16232788124458961
0.15869986055976459 0.86551454769461311
0.68266081443057758 0.27433543955320006
0.72501651488800978 0.69782520919848290
0.17730794048336374 0.79965671335121025
0.09075697201183919 0.31999205550420318
0.65575093650927174 0.18636201775473973
0.22651226907243482 0.39014093953169920
0.53460619732356551 0.78001280450095833
0.16040743426225393 0.77751502715052923
0.36264805475839718 0.14573603718153566
0.79973296849407471 0.10984878858600461
0.50676132164203369 0.63979148779676343
0.21524796663910281 0.51383326964719589
0.56496810635967432 0.25772823677603368
0.20229566356952322 0.35521212844849753
0.67623570584331960 0.04585202657284754
0.25655943049330476 0.70667388154228183
0.24128215243802992 0.79452293290805109
0.21084719399587978 0.46626726681913505
0.36805430824168511 0.88884609571047113
0.43221638714036453 0.10949088375679296
0.76746512144663359 0.07256926365114656
0.14036107663509434 0.72005797336282995
0.72939815579679912 0.64684165046690134
0.71250377161126532 0.44494658722906216
0.83296007034646202 0.32596344984563108
0.05769336549540321 0.81739205742524179
0.29378502847960608 0.28590116736425547
0.07447391247744876 0.88203510161592291
0.16655351609719876 0.73692683826014882
0.43731048443658826 0.09643368967027464
0.14874840819222787 0.88912147167990685
0.09285214341817316 0.51828677703094661
0.75591542966541114 0.43171403225046162
0.09658756794200014 0.89676070707480215
0.65672610673630771 0.06298225119321435
0.45111891516949609 0.49260957984901005
0.76058258301627235 0.44519215513871063
0.78762529515393576 0.27984926891620687
0.84600484971544154 0.20149331120626551
0.65100281482594624 0.74234916853209176
0.57518548807801384 0.83719157923953036
0.10846910676241703 0.91886573171766417
0.14385643539365142 0.31837963972189048
0.07990425637859509 0.44344918340850586
0.05521885482715626 0.57514016949064506
0.31886612871420678 0.61576600070631327
0.60182632902161115 0.58496007032252617
0.16236838213371402 0.27197833637846852
0.17452039115879869 0.28402713102200589
0.70846698124897545 0.46196961463478192
0.41255761268938190 0.46841281197026935
0.55269351413961498 0.44397699643862798
0.77740555736552663 0.28467621025986767
0.85142935585084867 0.17738454158086067
0.30840471467528052 0.94459775713575811
0.13251183133935918 0.45822401408363256
0.52068536438011204 0.08106405793241010
0.26411569708834148 0.45940270779848524
0.35993051364647344 0.39477348401220919
0.38091607286397883 0.88159915277767786
0.35629351570244616 0.21502351975623860
0.42184434835126106 0.86099086648963319
0.34790553257732626 0.92675430573605910
0.54366354738987877 0.66098538826539988
0.15169584551031573 0.92889444513314690
0.54320709498505593 0.43373456314108499
0.13446227520468090 0.86100523628691927
0.42807093661367923 0.14402985176629046
0.22827880399031578 0.25263524981923430
0.75328383014478251 0.57415733657437629
0.79051702951983704 0.40242989534288304
0.70455422964208869 0.45714168273132161
0.79090963654188184 0.39687361770760210
0.13530524583645664 0.90709623657710281
0.22069842759075628 0.27631333314611994
0.62960393372090517 0.36667767830383574
0.47382265947270952 0.24892752197220297
0.56531778191306936 0.83623467934802509
0.05038828982994390 0.71194871331313669
0.61101173773985762 0.60238087497947002
0.43208892849905622 0.83830010876289007
0.44225595483044172 0.56796659511430303
0.34955313794256287 0.41868899973251167
0.14481412748832806 0.86034946103582011
0.12667307760395330 0.32659556120836469
0.54193838392854399 0.03260417231104453
0.67585504167085386 0.32626452596874567
0.32536415335344721 0.93981786775213705
0.27502898831781364 0.53016104798284291
0.55209067301799286 0.23445597004034363
0.79457608810528491 0.58128834055879419
0.25724425626925157 0.69976202300744783
0.66167876685643423 0.51591664753612576
0.66502454019698864 0.22550735583757217
0.11437407318503505 0.34037984399346927
0.63749171749974953 0.61797272094521383
0.51892261401682294 0.79702409104582195
0.20045903601629000 0.78712286950563370
0.52464484721203763 0.82128092173183176
0.06442712275113657 0.48900944968310367
0.31306756988080991 0.38031157840103308
0.04631861221791032 0.62820817089049763
0.46290671448332893 0.82570631209842893
0.56100597979666400 0.13388581600555610
0.48408070573421902 0.45045491848993913
0.46437202695414453 0.08674374276134023
0.21336399274997614 0.42934018167465593
0.74224030062613067 0.24645598166461460
0.39192728255656817 0.14029778107659610
0.81667322074871251 0.22381765003014764
0.26032397568911447 0.65198581437743153
0.13163026839116176 0.61053623922954348
0.10612496995613772 0.72715130906793657
0.19453024771450667 0.32377629951404491
0.55447001409920782 0.20565334799508606
0.52786961733726856 0.29656283992833504
0.14426776406531477 0.49270516366060169
0.40894147735507247 0.16437207948878746
0.39895032792612106 0.47338241170923284
0.44562917603604274 0.73568746438339183
0.80724014869419980 0.29312924768555942
0.64906815558984987 0.38923882915898517
0.69479225371128894 0.66842167195423963
0.74386074866028973 0.11294498943696203
0.55582017604547573 0.72520032699990578
0.07685698288176865 0.73828326747079065
0.33953357276193358 0.17827978005479558
0.22244320346401600 0.29530296079939999
0.40633034715720484 0.81734484139691310
0.20655913384269237 0.21585336082306686
0.23262878627117031 0.55888406104714394
0.50423310861573567 0.72681251011632309
0.35393647973061271 0.54458421988420791
0.60099115564961636 0.13904700864943056
0.80989409335064932 0.46618357218959472
0.43115441251601877 0.57953895555867629
0.37193849462480238 0.53153557226470516
0.47545509597190944 0.08973077715329338
0.17971190653225952 0.31554471977129678
0.57550306585179289 0.27598184529268027
0.40492587188119694 0.23199947024541065
0.70206302185110137 0.50312346547071174
0.83280931828405191 0.25333685888979268
0.42627326140264826 0.17404441418541544
0.39703457403954606 0.11038285067122537
0.25814794276142305 0.39643566362477251
0.36044184847388733 0.83008606428928944
0.38251182151462038 0.07716616781060134
0.18262176387756635 0.60243870272696765
0.48287954837122243 0.12277162539991600
0.16765239887088934 0.77621503578832607
0.45044454768707615 0.51387668891684324
0.44975653737514598 0.17369152936077351
0.06406308571075035 0.67496949306504483
0.31816152218262572 0.85070847411846928
0.11097453898753526 0.79648442923184948
0.80198789295224748 0.09579616719152917
0.75746375858754711 0.51093043438342400
0.73470633963870013 0.36520783215012104
0.21181070245519013 0.28333860289697749
0.20204358407658354 0.31466789202785789
0.20852292219044213 0.73280640914576145
0.40219755064161827 0.88248696535255478
0.20847622453044223 0.67492230849207291
0.25574662241446650 0.43960507892686984
0.59098980359299058 0.78997345299730848
0.08261736729708175 0.49516705447717629
0.71541887906605950 0.65080247731301966
0.63930889431801508 0.63040097090977387
0.77470149115279519 0.08037544468793066
0.62325128768671545 0.27214187209322166
0.66041940434855495 0.55091800436182359
0.73871457550503627 0.48017483814773754
0.25090035968715724 0.23422034527916344
0.47781329114109550 0.87552184683686451
0.00432760977754106 0.67128136855159415
0.41977854749024945 0.46907783562258759
0.47257509787223950 0.06549494344648184
0.61942120331820760 0.52986748907017478
0.15277034430627656 0.91514071495926175
0.65805604131958906 0.49480223986519167
0.40251498469244296 0.65663337031544788
0.50782743611842451 0.59294719344844304
0.28941505348896557 0.19525873819497661
0.10463179428425397 0.85228161954540771
0.17667507433730725 0.91185297625711226
0.56238332410731107 0.38208893842768410
0.06462722681836641 0.57918878945537811
0.63282294110153847 0.40548328572776648
0.32633858691796108 0.55645938700395803
0.59090157251262532 0.83740848092348963
0.13283402239195033 0.32482610711487669
0.04253484787177543 0.73327625840256327
0.75941775092656849 0.64725566926750366
0.70591600597375115 0.09193609123440694
0.32091328431669353 0.45779557496159418
0.76358972063859254 0.09552918948567636
0.55578591140438982 0.67644725614779222
0.62391190707125121 0.41772442585604502
0.19628241465806490 0.39305520785235121
0.45342938636094837 0.84939215009791913
0.48243664286339205 0.09248610992118572
0.77161493515397994 0.38971879100945084
0.85767627676650982 0.30153979974968981
0.26646706930815273 0.66973727763298629
0.66274993410785055 0.72748673882648940
0.35304596970849200 0.19118131806633476
0.59198510038337426 0.66200944968327990
0.70127880374963836 0.08615091914216870
0.56699971979804609 0.32644218077525056
0.46959262604116797 0.07041281381656220
0.81033123526506834 0.21694674596611527
0.17405911058837842 0.35686660907205886
0.60296002384479996 0.64708111235850285
0.45130753551220043 0.61659578176675256
0.78300977926340165 0.30450744221169151
0.57126815650467799 0.01551067643306899
0.57212820626815930 0.52073968458801645
0.78132369083756859 0.59215378330859481
0.54604859417249108 0.73465844181305806
0.07802402537676237 0.88851996008479328
0.58441910970701638 0.06954206514351684
0.43363271604242054 0.90491277410247750
0.60714795568755120 0.13402522274494968
0.56509748553697725 0.11067364345480131
0.09784343283222284 0.48488345845575570
0.69868527728421981 0.17507472538718222
0.53726795531586724 0.82644916322506379
0.19020475701304801 0.28667250672715722
0.28161231392196051 0.95308616659919587
0.20305624073665657 0.44164122251318955
0.71058644747674449 0.07251186425079083
0.43765361446094136 0.19603943903410892
0.27130310996421769 0.32039016854770180
0.44721514179956690 0.12830116545323925
0.29111279984861632 0.19994835197673316
0.30569580033408000 0.87282766575689574
0.04610617253127932 0.46859124300688226
0.15844261556425543 0.76692405564584798
0.45841266677217601 0.20115865697753968
0.52671395752351347 0.34334539101054351
0.76465057860241725 0.24384181607009972
0.56292637443443461 0.46882204067357947
0.64933815204544820 0.18175095056191581
0.24626945710190706 0.56399021237204461
0.41957578131850165 0.26030825653991874
0.71776321936850884 0.66995560601209247
0.11510435504035685 0.64461060397956160
0.66164389921679623 0.46680492873510804
0.70820524490201386 0.56879392286895114
0.56551829085097693 0.35357944998472934
0.29734165984237315 0.71684090663202338
0.34773342609217278 0.86714491744750466
0.31631564151055913 0.26226001382297565
0.57784008074660742 0.78741156260919321
0.04894821545072040 0.51094565784166279
0.45590965344613826 0.92351856743025273
0.55433133664961043 0.79759101170555413
0.10835410646853197 0.40293618148182719
0.55449122847154564 0.33733836700230507
0.57886997781918292 0.80466567252893917
0.15862239691364111 0.84372528435729410
0.15042201407559419 0.49430602614416858
0.74042218574749663 0.09125503785141763
0.83196042044934515 0.23898657147266195
0.41506666975719880 0.58566050293317240
0.75277678575760876 0.54585607983721129
0.47834975599994695 0.53574032285109741
0.27630237343771208 0.57982519161779367
0.26333728055370015 0.68646978288577254
0.32407569966322519 0.23243801250460394
0.12174138429489617 0.85236630849747186
0.49092342999357458 0.74791476449806948
0.49403584326011529 0.22306812123242400
0.49239725573444743 0.90048842106242455
0.52286100291434234 0.81161521417936111
0.36847088868527805 0.77785819273776058
0.25825488697381521 0.40355253135215674
0.43960993937841214 0.15628751081996659
0.26678146637565359 0.52839534092229923
0.33843421105587979 0.27895049045855713
0.69845359860453526 0.11490692537983860
0.71934530751141934 0.13651398763278669
0.33664348815669476 0.14787871693377083
0.40578170792954865 0.34719538993399690
0.75665744730710349 0.11144931963752913
0.43070186671392341 0.93268477925661741
0.55785764392285797 0.64911365981122748
0.32262753148820716 0.72688082221465566
0.72980516457726841 0.60713136442394111
0.26898806937790021 0.49586516500167949
0.11642623376769239 0.40784556236952968
0.35010180659608614 0.38916869848880969
0.39708952473473280 0.54243677203302376
0.15669075050720219 0.96668306682229754
0.19225798774493383 0.30870735840841013
0.74767152499575451 0.61221463595040626
0.21443713489379887 0.83573143825618046
0.15986030157194769 0.62585269387840259
0.77599876430960424 0.14784836882066968
0.18997569665182013 0.38098528589356800
0.35438249503643648 0.42512410578069110
0.54799981745390181 0.72869065808904943
0.02774793147824905 0.57936964115477019
0.22558138670967248 0.21398661690960241
0.75967904379981110 0.09851602725325530
0.40825979186253641 0.12196715573146828
0.73084143288462278 0.09914460561737795
0.63260124414856322 0.13512677198039572
0.60429196830185472 0.12080377222438141
0.41735691222886268 0.14290113452578049
0.12893033567580520 0.95630755692157343
0.46450609914487911 0.59916557159702977
0.72997884328039764 0.11683390807792028
0.66708294676901270 0.11440139672845075
0.70846537021135980 0.20507948743874732
0.77700146751428634 0.20323237863841231
0.27646171856331614 0.93566980113128995
0.17198293605054560 0.65516326915837664
0.10278795719496986 0.62880535655847680
0.29018772255488723 0.74881256399010110
0.06767086281347354 0.59951652420456236
0.38230385404420653 0.89843232393199224
0.31258711279518009 0.41147305060868689
0.61648745315604847 0.69047755003149303
0.07270565974518804 0.81328875252390409
0.60247735388460100 0.76033336939916241
0.19164812533694373 0.82785618955883544
0.39259993076600269 0.65711679875872253
0.07496233057081916 0.52607356286169460
0.66787348108525779 0.71968387234529363
0.43387633859918645 0.11875484200295729
0.19625678272694322 0.37750448172684598
0.37946507276311281 0.12631578467003016
0.64210885442071830 0.81771372365494832
0.43838335659219502 0.12240288398591020
0.70572502979436746 0.59292909341266109
0.60586318633957315 0.05062760705552576
0.70386446715396156 0.46652070844729709
0.11504734007117637 0.39840594945685515
0.76505446069475547 0.25040727512344718
0.70934079665672112 0.16298489821411472
0.28196019742048767 0.68594175796558376
0.65131334866035973 0.08098284475500414
0.18539688471487881 0.93313998103159668
0.06803193966185243 0.49586430259213138
0.71411051556237981 0.12713795684136664
0.55810879563900517 0.36003257071295236
0.70101755476055816 0.09941019140095743
0.30017845382701741 0.96401290930201056
0.08765333893803041 0.51799068556538019
0.33389430726725505 0.78145810579511621
0.04138422645843221 0.63317156896351856
0.67784205443038859 0.21088030720385675
0.20673409273112800 0.32311754240643137
0.11192097505603174 0.94985159901473504
0.71009286718920706 0.58919743507857369
0.45057547813992005 0.07534725610700219
0.30232331200355317 0.37081663056441166
0.74107201169953796 0.04872547136809034
0.08503111680841299 0.72099178539275022
0.04065200500519939 0.75791524105287367
0.11287009283751254 0.84488110381655634
0.04671817754838778 0.53555276601875790
0.76630831693509283 0.44347270420298734
0.65618332756795883 0.51938025191590675
0.29910684947057298 0.83190922204120143
0.02092331427596042 0.81124346624939114
0.29276911958284146 0.45941790209950673
0.35368332081238657 0.86725640341570320
0.05092026096467125 0.75724449454723619
0.04323892947180182 0.77832927182836387
0.61273077839244339 0.23874125965322260
0.20798114686961433 0.35201081149882102
0.24087424656745657 0.83440765862222754
0.40488361405430712 0.39433238877596621
0.28296940716323454 0.71611989818859878
0.75623250952333665 0.11731719614971484
0.54489392526781399 0.31881250042889830
0.82083479202093368 0.20943500046595132
0.35290983614570504 0.20932880761089404
0.43799089326026258 0.23579454057812479
0.51124059291749535 0.03280471794578502
0.71328039834206813 0.66110556062296988
0.42530988062153480 0.82787893068176133
0.08283832362319933 0.73983969458573984
0.76387047846279787 0.15755880517543619
0.52083407709185237 0.61928172403671033
0.58605909393240019 0.10519776775538398
0.45248781903328944 0.32072660947185411
0.60443102612202682 0.68911089724278829
0.26177688227672258 0.90699301264093735
0.15180569692465054 0.90149519586760818
0.48390371268144505 0.75249212972635160
0.18162265204800607 0.91004406607249089
0.28194408431932322 0.64098674118347287
0.49524656156780517 0.61777735670630640
0.10375008629255525 0.80940897374824661
0.72962255474975302 0.51406572249295057
0.77314560699322565 0.29630208305505590
0.21859208423016210 0.68621291019504227
0.40823290942939977 0.10936428761732656
0.26032652505560289 0.74741056634191205
0.41293013733360950 0.67603642521805152
0.05242173124626383 0.79546349757338952
0.60122031103569873 0.02451986467463311
0.57259465899396500 0.76097630949230888
0.84711084424144056 0.27796546755236240
0.82931615804664616 0.34367949409078574
0.61045783478305149 0.08452509362256702
0.81682536731076494 0.28015102478735576
0.84023387382728199 0.27684614743701891
0.71314291039892364 0.30356453094650898
0.72336596701625266 0.66098734923144942
0.41771099858581334 0.80534721669193088
0.50649258732762925 0.11636925626260389
0.22376088256594032 0.96577083964170607
0.15510603925082592 0.41149900499233183
0.07325796514840435 0.51756654393178247
0.61536477746772655 0.74969567650947688
0.45403914212112961 0.77800666904517590
0.45562339629536591 0.88839386273194387
0.20626025269566556 0.36038845596397268
0.53181788890648340 0.77185898333023606
0.78646679975736178 0.13831207198222664
0.32597660363853043 0.92856646497114093
0.81047833200739905 0.09826711239090592
0.72847825047535175 0.41566637300745818
0.27961310495518554 0.44503814349991888
0.53360614037786092 0.58141783460181595
0.58443830360540228 0.08873267912787959
0.36209685486540649 0.30126153670204675
0.57102525625604439 0.77235946780617259
0.17924483292191337 0.35969308672072570
0.75200610950242941 0.44862994680004481
0.49272129713051016 0.20118655911885680
0.57215080150406339 0.45272537295503368
0.62065117960957483 0.76324906147886162
0.65859879441852776 0.08956664731156971
0.48737440765369755 0.19634423592903213
0.76193464252568377 0.06930909532173610
0.22781305253448075 0.43393826911044631
0.19184016509027566 0.41648350567279213
0.46372728210977193 0.47236409460921280
0.43939379920000582 0.07095182797392847
0.42358242821867004 0.19561888857388537
0.48366843944220694 0.42155445428266247
0.28669187129912216 0.26973750627721832
0.54003470729968139 0.57798069647038164
0.09466559211995734 0.86059844633912674
0.45285232054429397 0.49999287117831154
0.68918645091326247 0.20491782579687368
0.31542047016833935 0.85667578151062396
0.37885710976358500 0.13730496267940681
0.54251414167207812 0.11738744246569367
0.57017219090339522 0.34029421733169823
0.44789987003027976 0.41658947867952045
0.53292834006811529 0.07562873331558288
0.76389373017566831 0.33050800889078347
0.10961412404559850 0.81643348810549587
0.09187921686631528 0.37851230590189078
0.22925253550686070 0.92262383761870603
0.08846995290297115 0.66160674187775315
0.47432703166301327 0.66943507489255250
0.73057755177840811 0.04622584802981922
0.65882691613408872 0.68733921309615220
0.58588746295397054 0.67937352230041237
0.29905048771472398 0.40399330617801515
0.51434561496804687 0.36934526525165406
0.61874180526807943 0.75471605571116174
0.79763216900002287 0.13583700412271887
0.26533755414397342 0.81004027702329418
0.75202176008443222 0.23163282088816409
0.54784557371412923 0.58870334854267881
0.75519658135213852 0.44372246152382333
0.71179504937813143 0.69984658119317600
0.56872046838158385 0.24771338484515187
0.21428528797818711 0.65318519836262923
0.52618898115299162 0.06287422710820743
0.74546216245507846 0.53579092916564464
0.13716365127588795 0.49052172259772697
0.07946165271143393 0.84662171915226858
0.13065931945652601 0.58459212757612877
0.52084615722266936 0.48273559691390261
0.03158741056107874 0.79551845217910711
0.09361670640754141 0.65810524202160592
0.77653001446575609 0.53796862636814846
0.67049180845412215 0.67324152187638331
0.56007625198362632 0.71428211159434052
0.19282619169377610 0.43042466729906825
0.73298666240146770 0.55993652589893816
0.45775470291674669 0.85253596856381419
0.73559740146250630 0.29190505409312512
0.44566816242211266 0.39185056941111573
0.51333480980742852 0.16148868525745314
0.24126583704174104 0.21108630528047390
0.32550493057794982 0.90099069525663733
0.13110672343369945 0.41128446003036262
0.65025601799783150 0.09007450684756101
0.45944574967098611 0.72453565085941529
0.14789967555759176 0.87908191669491265
0.38661019598666024 0.23271405479660881
0.07318407546629220 0.57769142076914259
0.12674103132608391 0.45447219653232357
0.56600872542807357 0.71797983673987342
0.21717389619543676 0.25449557579163495
0.43245335499853793 0.12878517119669761
0.86753425200584544 0.32916440580024636
0.63775109386617312 0.52168571630434613
0.16764769191031703 0.30711731389959512
0.47250743105433846 0.81180141600216804
0.76467006403049675 0.11209893525421280
0.07444896297913663 0.45981334753479197
0.62625598961185069 0.02689054088199441
0.20549781735518849 0.24917217017717941
0.43528489022789901 0.27230726563545843
0.04379449416225560 0.76823190389120810
0.29166901439501292 0.75551257875490696
0.03837707874723321 0.55765155653046061
0.64317689438235293 0.02890871019975537
0.59380732802718761 0.73381889305744674
0.74967430843398530 0.56511714588674977
0.02651465994099517 0.76495416609237288
0.11415524547652030 0.81429254718665078
0.62724202657186090 0.69513882043835451
0.60779067326338765 0.32185709520503752
0.43163540633961828 0.17746269309098589
0.16799319633647841 0.26878604671464917
0.28793772033508319 0.54109992761081249
0.59750907423965105 0.10940104613061452
0.18957181168047621 0.29874241964454679
0.70814043771465918 0.37115510337812291
0.65556259030616271 0.43738184104876859
0.33241342510090394 0.18005441379322912
0.42540483210962932 0.55151053980609821
0.38368841206413412 0.18523638548772570
0.62599398584515142 0.67705588276504258
0.31587573404122560 0.63394569707481607
0.25224692803161314 0.21340829820128415
0.83935647431375326 0.22097192404002855
0.51396667668303009 0.53916604681081004
0.49238677461432134 0.38551979867858294
0.21903799585612346 0.57063918112661116
0.45038931771417373 0.10825943952856863
0.71548536012762665 0.22514109147542644
0.34064197519724376 0.89526798669881325
0.60367588851772802 0.09885364792910034
0.76841482829027308 0.26835828484428337
0.42009650150964090 0.78361204516314897
0.29379411515704823 0.66258829956811038
0.72553060419454263 0.07930898730554196
0.19806917805195429 0.81151712681375709
0.62824689733907546 0.60094540924610107
0.05165419282315404 0.65560227500532831
0.10944056922103433 0.40790121383456085
0.19763722762063321 0.35960103841227681
0.08000716896978791 0.71894681755137979
0.08017252943692801 0.61227798147072032
0.67659033558151316 0.01869274033877037
0.33401021826684624 0.66958178909187926
0.79611727425795153 0.37389611183673233
0.45518491575507958 0.51914295896184248
0.16703820710072986 0.60216995126416972
0.10582555168748781 0.71708650796629625
0.74100525322354494 0.36490217440141270
0.65810482974468254 0.65414097805752003
0.05281354611550963 0.81581884098132373
0.58440430750195527 0.74582015404441981
0.22235251816726498 0.81214194533618456
0.76423952899148606 0.40285175214027613
0.58288532496698586 0.33065607810416342
0.41314758963666048 0.51029769210492326
0.62599453099894486 0.74895515250317435
0.44327369602860522 0.42944421469008920
0.46853786567922795 0.82447494498513985
0.85166361946333624 0.39982107493715124
0.07535840774716487 0.62884684987396633
0.32124555162538687 0.29114369850844379
0.73783531378143874 0.49279513282486925
0.34334148105687018 0.09589551172355264
0.08228607588100530 0.40346306696775946
0.56668628308382885 0.08553713315987563
0.41660105359719324 0.74309311489861118
0.09993642827059949 0.71676160578964609
0.75716749388995208 0.34802604610019239
0.05127555745300617 0.62970223742653375
0.70046336526182473 0.06551096484834174
0.30949798314471910 0.13494095102060225
0.40331088018821620 0.09556860449353718
0.29887191482471220 0.42664188253079977
0.69976853478229695 0.60666878729659213
0.52329788556111412 0.87294295545135547
0.28671344873902860 0.60599136867973935
0.41591842171547727 0.84506031233528911
0.17740379192363462 0.71785559298161961
0.65375327962914209 0.40217217687283308
0.75468499077187168 0.17059588223389591
0.50579544563147205 0.03822810319927041
0.81429524871353953 0.40386426897059735
0.25763792461642621 0.44749808486373688
0.33488618252947416 0.45727974899003282
0.21027437576433747 0.65993660723074332
0.26382632751377300 0.15489677406103949
0.09245561224639552 0.45611604349108276
0.62727595565264604 0.09820799849307124
0.43808139874091379 0.58178553716166792
0.20503018207834026 0.77485780807132820
0.45841340865204266 0.73778523782093142
0.65523938034076001 0.37706432474800478
0.20125958994057480 0.95900335957345861
0.69737419771291809 0.31303711409763690
0.47192961866729105 0.64434764488267549
0.35593877122206569 0.46509031159869824
0.07250415517908483 0.49858698270527541
0.81501648136182803 0.19061176093748744
0.06317951857705918 0.49429084037412790
0.42939720763140526 0.07676177906798096
0.67465120182987359 0.19124354600137541
0.44875713106010690 0.81319402305981425
0.12314868905632440 0.66488646762902004
0.60048446652921705 0.43193676217625926
0.43271579179075886 0.79550405056424656
0.73458860728721120 0.64748529515617159
0.20894270258474570 0.75448354435938303
0.43824314759089933 0.16637073456130216
0.08970945798241897 0.57247320487190645
0.40506813487931287 0.82388526472423351
0.77592183591062347 0.39828551979153187
0.83758968278381341 0.28993588803608861
0.36667662944190188 0.33675469563472460
0.83424895861118964 0.27822095310849421
0.76972106826499143 0.59418927316145442
0.44559833928753489 0.07259987121698167
0.45123466771642862 0.76417124161401118
0.08331325334325852 0.82425388759958496
0.13152080243317305 0.90995112679506041
0.26422504156565679 0.24544318908746626
0.65259893901501009 0.06965874925063029
0.12198139969165840 0.55699421053329201
0.24816560590998854 0.43749888724685637
0.30145396777573230 0.23545048493985141
0.20739705616984977 0.41443430552341998
0.47175475781823084 0.59697820861668394
0.24794093963412603 0.63309902166643417
0.49147459816042915 0.21598408786442283
0.75147253433636596 0.19690436545617507
0.46037027464365982 0.88638859350340038
0.24298150200687946 0.52439397178641600
0.08385769565942756 0.85002305197920791
0.14067991028265012 0.31285657406706596
0.59504517013320313 0.02105893735686466
0.80282877499374505 0.58180236640490246
0.50944222958568885 0.86385188382641331
0.62729300867465887 0.45848336732317713
0.65331912153891591 0.24230306028560869
0.35340310356049792 0.27949650365640860
0.13812486665833634 0.59589076608267233
0.48812977067005159 0.34160303813396931
0.73636738217657016 0.19888976916482484
0.33248500720230417 0.97071467665015387
0.05456492977186533 0.60544481115767546
0.62457096918357413 0.05217383679410694
0.10662267811205228 0.69518392429829001
0.26499674828154401 0.91120731797918464
0.00540365704440599 0.59582285071467422
0.37993359051809955 0.74846947246937501
0.27797842296020447 0.47668799408908474
0.15803728703583900 0.58118479528373657
0.41878582626479349 0.85459780198249602
0.61602103264092700 0.76493406962450161
0.67833002098342743 0.36542223328109114
0.08754535521066803 0.68654842932367699
0.10385663896200176 0.87571469005235825
0.57400382524325611 0.82884187089169370
0.04524735564812183 0.62339800090046649
0.75003156121981263 0.67848286144055114
0.48476733392814442 0.20335304341902513
0.07257937275017767 0.73933759061445814
0.45222782879120044 0.40434622913356455
0.34724569017993645 0.42666702810612306
0.81679106176591398 0.41967440608885387
0.12274774534118224 0.43790076219121948
0.62215231079718214 0.17850498353792740
0.59927841094857881 0.54155939287220467
0.63577983516693459 0.70329618612956502
0.27290045519618178 0.39287756319241240
0.54121578479003585 0.61221562068170554
0.70753315229562608 0.07551567228759984
0.05973237387807225 0.68326971141819781
0.24514136709230117 0.87487784069567409
0.47070924604845715 0.73267940450281765
0.45202465599551434 0.58097739016003680
0.22081890545747401 0.41700020031131368
0.71229145817381179 0.36616418587626454
0.50899793567689666 0.61390703976201244
0.50713015207437484 0.51562367412487453
0.27633613395791723 0.23356053591341830
0.38524276608876445 0.12678368947743179
0.27120414006085047 0.86672436251453666
0.54241053171899301 0.64222542202847999
0.58700181616454239 0.84472969040216683
0.54150202043514561 0.63597928177322638
0.71365305974820736 0.06894655141620715
0.63154832047529053 0.59582782404039103
0.45872701902210461 0.27590758870441195
0.66199057458003341 0.73300029994504445
0.56343698083790417 0.82510652257400308
0.79753681617675698 0.43357701938120280
0.18043603481559015 0.80562963236376217
0.22477834900285174 0.35611910209279879
0.18394164417012124 0.57459430845961312
0.35263927449379678 0.39634072009165056
0.06761530579578165 0.77680728941403987
0.72934598732611189 0.29186182422796847
0.10056182149456065 0.60908292371124051
0.61819710855419019 0.59345136569975121
0.65587432527528766 0.29742538124463280
0.17755647378951533 0.91993767658338277
0.65858773875796617 0.04737615191424999
0.09069062942491443 0.67825772151195929
0.70680713719768939 0.08340333244824573
0.66703562586351117 0.24576987690677579
0.28706057033258608 0.96654276018362251
0.53338638797210502 0.88365138737319326
0.20371340252652723 0.23788030575776137
0.36883262319922566 0.39620899323921549
0.36545616704631229 0.34558843902690639
0.59389567201521554 0.56869777598288562
0.17046025946353555 0.68191459938558008
0.53491545729686318 0.85108002424410356
0.08054373161733328 0.48706749918687720
0.10388629939889200 0.43456131218507449
0.82398332529439156 0.41275440859912732
0.24028024591263952 0.37077619568657283
0.72443461229883965 0.45488167032052745
0.72393200852893658 0.61546760931339706
0.32690576888660994 0.21959945057004870
0.24305848742821548 0.22562199415199277
0.20374368904944715 0.81458009172353674
0.07648127955487914 0.72196984426232991
0.08142651108401169 0.47426002523991923
0.72790267216251436 0.57443384354540661
0.37403873677488786 0.78181821792005968
0.75006323190736457 0.13080371712309002
0.27573789256036851 0.37903708134943542
0.62107505603840629 0.05953304417672534
0.47388389285304156 0.73855695986436276
0.53293404742487949 0.33920838049035634
0.12834126402556525 0.80565654881807347
0.77572354568057511 0.34440386694213793
0.51848805247784457 0.22423046306918734
0.82119136701315343 0.44784858063299582
0.39361526171056027 0.81095443820899837
0.37988895159612263 0.62097532880600692
0.52309483299600634 0.25124799847888346
0.49614602497148752 0.24677385399132726
0.29192081481094684 0.35367772810220388
0.23825957644166182 0.25707677336625850
0.69658304490836742 0.62532877777064644
0.48809589713427365 0.22984572988623303
0.17500483127264571 0.39427147091360798
0.67122632005396343 0.29014417734030334
0.59744163937407824 0.05630618375244797
0.65637330205277233 0.58262431321301122
0.52514441448711979 0.78758418292835086
0.52161184191480781 0.53684060396016209
0.13445543374603014 0.64220606118028534
0.78445774766529497 0.26398709212554439
0.55914117979483102 0.62238506873106336
0.09487762262696271 0.35813078457492520
0.06919128232914662 0.71007229790418880
0.76887152518667068 0.07785657170798072
0.23043778218691247 0.59820205646904279
0.40141023824331395 0.91257777845192689
0.20768247002854676 0.57954927498165854
0.82643425278158766 0.48258631403202007
0.20490479465693553 0.28356313878973316
0.11171473492838478 0.80285703870547342
0.44301936358218308 0.24034152908666498
0.61072626892097726 0.51975556655894706
0.79943071225379059 0.21229699868428700
0.39373386870256338 0.23083004780153987
0.16063072635431769 0.89745295356480448
0.67513002692271429 0.67647097180391103
0.07304553001269726 0.40253982137911914
0.56821534798574258 0.55215041754535688
0.77949192149833546 0.23623343875704841
0.72253279891483135 0.25682646111308582
0.65720727999097994 0.66556348756010397
0.42570615349856422 0.54440603167119472
0.76786166215862917 0.18952445736006859
0.76228389621154302 0.09088198681712698
0.14542901529625307 0.96970967948011477
0.73428620054687643 0.60484732454513923
0.43300736281044627 0.67918013375070896
0.57412077863497313 0.55504947536088700
0.70877511405594140 0.05481277859044359
0.36312310669067005 0.59125980691997859
0.15127953819923018 0.92328367254380017
0.44443812911510333 0.49529323531562430
0.80649905160673274 0.12703910977413146
0.09628393123217864 0.59885607829982357
0.48994337069008098 0.14528205796575108
0.40861417894979862 0.78395332458144673
0.14359411498213098 0.90166737471973057
0.72898275466148632 0.07345207500903726
0.29133805691557441 0.90850924669799760
0.81765550838148449 0.25076942389103790
0.31248092138568373 0.69572196136845954
0.24487768176980737 0.59760828333643601
0.69614810314794706 0.22309108076753087
0.05739994245516569 0.84218147565234247
0.76007044479608943 0.46757896060958803
0.26188816237026613 0.56376967818705215
0.15603334591279225 0.59466944378789865
0.24470299482622207 0.46339508623541537
0.05674058810105462 0.44599929977761443
0.79227698707017602 0.45799572254009768
0.41696700633836553 0.13695191326615716
0.53105656466710394 0.35790273396141598
0.18503321733671468 0.49519659354669804
0.55099874505590907 0.32302264109250095
0.39340916218969796 0.09947269518205534
0.74754991423642159 0.47143941521982591
0.58865087102681690 0.72524414715722407
0.78759883865674085 0.60172060782523518
0.70277539644652753 0.54672496830469930
0.26293381237231950 0.94413990897660061
0.43124086595260025 0.83229009185998848
0.24176688478689262 0.74013509938094657
0.21728134519534301 0.48727221688652228
0.32388667135207116 0.76696719917729350
0.34896463030143932 0.24705087214223914
0.18623982587289231 0.21968243628395309
0.71057741242776795 0.46867951002693298
0.39351057517427152 0.48547576595230829
0.05919410529013876 0.60706155879032953
0.06272472645300609 0.89961295163231558
0.15607734916711558 0.44380859029686026
0.45463750166660272 0.83206168496589961
0.65109367627828829 0.14430865286646036
0.24822132861377480 0.80168019889801478
0.69415851076793034 0.48022530714389750
0.29739274492845463 0.21252637032769953
0.62068277290977747 0.71679884514735359
0.13976669607897829 0.91488953861162181
0.70337545777904165 0.38432159873640481
0.15445703972083349 0.48857705531262285
0.15320998009296574 0.63814692669566686
0.18507753335962474 0.28465173379299180
0.58657555920130455 0.79276549507262994
0.78916623877724512 0.09223287365025512
0.36668999194639595 0.44074793125579775
0.61653029297715212 0.03441010942455462
0.08737331753008699 0.88975839329135287
0.51418275617631148 0.05523049293039314
0.64452355359358837 0.58252671457107530
0.52805654943128721 0.38658352551398339
0.15323053652481369 0.54358409485008097
0.13599165311337569 0.92434348542335987
0.25627360721628312 0.85892866124833256
0.09087862146094397 0.82778498480856122
0.77159463312896670 0.27407406341654289
0.59581909579194769 0.03843162499199480
0.56215207664489208 0.56406041316552491
0.62615318449398261 0.67087636429520492
0.45854871328437863 0.80589844949888656
0.06182819750891118 0.79294378024393775
0.51407421656822183 0.38393564050042922
0.40654890239641406 0.89181766693448605
0.77558346643225373 0.31831347505036517
0.54839143498625764 0.43822701540238662
0.73060256734640916 0.18719817525660348
0.63830461816549855 0.25731554049270938
0.57597600128142235 0.77095214693753389
0.46791629525610939 0.41744117785112494
0.47983241982974262 0.08780533045008149
0.27916705944639303 0.79629353657538626
0.39750503109825536 0.11974148798043714
0.30184219607306118 0.50476279288002446
0.17431058201488989 0.89896200369781776
0.54499043925081425 0.84088040229263028
0.05046291573567718 0.83905779499790645
0.32333181119956106 0.27672197874231197
0.16007098041741755 0.90273066481197328
0.51451562244647542 0.43095534389971829
0.42362195862045626 0.43979302489007577
0.46294420525518049 0.33072490668648447
0.30540286332550876 0.92710361270606856
0.40075635127162984 0.72290531039405526
0.65076465451342602 0.57172838325784403
0.67129400813348306 0.26083875771755688
0.26926160487723266 0.96376521899852718
0.79705183468087182 0.45806574000029143
0.13906100910921398 0.70622735541404147
0.54149547261577913 0.14582133544881140
0.36383661640440812 0.92743876149607107
0.52806871163559810 0.37208440939546938
0.05718722388479894 0.52054957470613306
0.46932264652020300 0.62632294825093704
0.30210050779561554 0.67111147177510910
0.63979387187057402 0.74301290443453238
0.31789235822913320 0.74366074645838787
0.49934248458105607 0.12371807531608955
0.51106169322520123 0.08157265447453906
0.26252421862759212 0.19458432022180297
0.85683498784089274 0.21812312961787322
0.51948218391671863 0.76076842218283092
0.65559474410523144 0.27023002845222233
0.69318436044215459 0.73298265986076450
0.49953002137448910 0.48985795420980277
0.36584455378565151 0.90686144421222303
0.19628224054857230 0.26716513808054421
0.60821353441804360 0.65075547168924397
0.63284386681852478 0.56311293164012788
0.76322154187961067 0.37442172183360006
0.18661061128890405 0.95493496473307105
0.39099026103362211 0.74365998216442764
0.16761444187344679 0.34071321942460592
0.34237464675898144 0.76402114520954612
0.38730667738516472 0.73010766554456641
0.77083679388765591 0.31471382599087494
0.66239916534851440 0.52316522666358123
0.39016000478990376 0.37422659069949837
0.77801336661883769 0.30023425628957923
0.44238256738858622 0.27145466451846750
0.64303492006055085 0.27974022572905460
0.38002790439081174 0.63976264067298272
0.80507962356420848 0.40250657964227671
0.45884931186394140 0.71725523677919889
0.25303791118153962 0.15246828993599579
0.38769812902300121 0.24747948779422108
0.63932965082197990 0.06298164108143964
0.84488731473488976 0.33229531793152317
0.36472775707367250 0.92189188987029724
0.05987678723142477 0.76977566753749083
0.05626260248308499 0.82226037087974613
0.39437267294174644 0.16991224216106152
0.35426775667307631 0.72046304213143164
0.45798377024335657 0.13787428250674588
0.17180072356878129 0.48406354004737318
0.38467581117920863 0.38125202910004979
0.13427920517089892 0.33486632540923161
0.39472723748495364 0.49398342412309343
0.54852088736185067 0.06773369118835917
0.06094646443151752 0.80292292443570135
0.42088292854987513 0.84217103491625833
0.29668043693494772 0.22441766146690895
0.57658942842340011 0.24948086351203633
0.37458173165183761 0.11733062152443535
0.65486492752141989 0.07801376845167515
0.50826632706096286 0.85868783433146467
0.44196080895872036 0.87429691449647706
0.41959743206431760 0.71965578804818708
0.16807435722479300 0.87895138936146566
0.25474531004325029 0.91450274724036529
0.07422199875679908 0.53668731652408919
0.43728672355037734 0.84447949546105816
0.57667993491856717 0.73744929912401003
0.59969177611295454 0.82142118944011588
0.12005942025457851 0.35331586676266913
0.32414851718284660 0.54970405247620924
0.48027191426259264 0.19789360999414349
0.68615981109135260 0.70904464795260524
0.53364029128802126 0.06652312692530106
0.07760134210637201 0.64477555034785750
0.21015656424781951 0.48822061384456666
0.15563960806785679 0.35265716416318305
0.23715124352642161 0.48520063818974984
0.38026515089299745 0.68253620790470027
0.08875459926930306 0.64332985538988607
0.24513198128707253 0.14698841618188946
0.03544831393194759 0.46800763675875823
0.20482879605323731 0.44856997004782972
0.57804616370390660 0.17599331688785169
0.40035781674312859 0.13831479930217400
0.27201573485224750 0.61615629947017236
0.40178417100037483 0.49502943911256442
0.54584657830883954 0.67647040785457324
0.78624180049855108 0.35009041230362925
0.42677160051297391 0.28491349539064187
0.07844099687123286 0.80708638212309280
0.40425805824998962 0.11848424758001999
0.77683174702998226 0.48209399619475429
0.31203055955852099 0.16547837419474429
0.61940801575329874 0.23513123588220108
0.12145358819060253 0.45714970549157058
0.34703823028140890 0.44723233489713959
0.29618872072325281 0.69180857260077633
0.08935833055844958 0.73136314605136132
0.80064707440833505 0.49019720475214429
0.21965916433152460 0.40970696898039599
0.45005386572222456 0.60895547293283814
0.62597757849294156 0.62543739146589106
0.75241589339625836 0.40839850372248593
0.37991723477759159 0.14220004908337464
0.23500230446712322 0.66555103951617489
0.74292537195058139 0.18829380066820653
0.48268935214145092 0.60472166916544867
0.45964064050677811 0.81456354887494342
0.78692557308980704 0.19779990971232275
0.78498740501071551 0.44074006047615222
0.18842835374694486 0.35057379913915082
0.73151271419624064 0.23980914271768683
0.37840417844127761 0.47009406943306259
0.62791808698482299 0.06559229697766257
0.13558784418393230 0.50225591979160011
0.24482046805387220 0.61168777180937706
0.18800862830753515 0.25965516781702641
0.53953612566654674 0.80427105443939217
0.37406115776713506 0.68557070867629000
0.09353681438780374 0.71457498929621743
0.32921701761659794 0.80039716459478338
0.64629786192599359 0.30695626503917223
0.68722727503758652 0.61981891466748762
0.29448025285978208 0.32716428496590366
0.58156679965601699 0.82668221808583719
0.78654997491946277 0.18597112036188393
0.04349930249097516 0.64836221882420331
0.40253069822819387 0.83000290224499684
0.62250381334459848 0.69111641284810355
0.48822147548907480 0.81679331876136163
0.16901163033733740 0.90244987759560746
0.78492425286140421 0.23735760036632450
0.78424097632973633 0.52464281341672314
0.17460291080806042 0.43023736886873210
0.24801026330217363 0.34397825842916746
0.57535153623964508 0.65831459259133407
0.66360521445288811 0.08254236412490358
0.48334238745078134 0.27704497785239202
0.66183797985874593 0.53719617686515742
0.66907353175180551 0.68331806061377942
0.63579443678725078 0.21087573221079459
0.19157586309717842 0.79900837516465018
0.40600789553514482 0.11376471851260056
0.19146299619861692 0.93709212981991763
0.76403591175394725 0.30654270996652838
0.12663095419071380 0.86629874266247553
0.23638313146955797 0.68018293923592610
0.49493466503023126 0.65824178087813823
0.35665210336120229 0.86251395587733259
0.78899231213626042 0.08508479243029035
0.47505259269269889 0.65721296906883009
0.79368572887945055 0.42921765391881284
0.19327008567419585 0.70478727455453460
0.47633061915798897 0.60779573068183212
0.59256273474984467 0.15504391466869610
0.65552276628285844 0.59545878535230412
0.17998419434568344 0.75182955193500356
0.67638267742460478 0.09007943123915348
0.41760926378323038 0.08858513855282407
0.54788036093877279 0.20206765823406719
0.63487343194071610 0.01725669898665976
0.28709305707520960 0.94876897212590294
0.52396183886084680 0.11210033833219760
0.75565272406968376 0.48481674892571380
0.64107203852966443 0.43388674370747687
0.34930106181755477 0.40413236919008183
0.55031358909619954 0.67181079724333126
0.77130357744481781 0.13960345555792675
0.43006270545363523 0.60082117760483800
0.22126657140370162 0.87603339360006460
0.73941291735939374 0.42831977910573171
0.10752583191379929 0.39287091174750327
0.33743528933911165 0.91671275933487939
0.56115273032414958 0.69472879641896002
0.16201205183899542 0.25825895566637258
0.40690728434625267 0.90328217355923635
0.38679838978697145 0.55612934314891815
0.69129552012388218 0.65986242668248973
0.33971987141785481 0.21113852841300207
0.15221851279218401 0.35754085778305894
0.50121955846579636 0.46657733726522349
0.60761654975938728 0.10266998962191358
0.62951982015498320 0.39158654813911736
0.26935829330436040 0.82046686247781231
0.51359641872499484 0.60874178687910874
0.73076795590756338 0.22258452365013900
0.75004086160953032 0.58372779539333586
0.52539960479047942 0.12269210284810542
0.61710061621967127 0.01688509316218434
0.55542415801948442 0.11646810646794793
0.83206335165935097 0.47096665288860246
0.06160530259289097 0.39589767951352151
0.14058471414072776 0.52347438815622871
0.19826589390248170 0.52657818107582288
0.62248125965353784 0.10098712423046909
0.55085575542657961 0.56671700303480443
0.33167560486741299 0.88630813552128340
0.78510411054761764 0.16479058511693107
0.27377120558931289 0.29106256358317750
0.11622847599360600 0.85280642483536029
0.67034200639811448 0.29703665300069254
0.29250363511855498 0.41345534031611797
0.36740971479652634 0.15600663150432195
0.42894512103013310 0.12075616852000585
0.13468722438127514 0.61641817963663259
0.56289838110015122 0.04294397050558633
0.47256791624263972 0.84391835385398417
0.73709877333380025 0.18854064118451233
0.11386731286501828 0.61503996925380211
0.76520340690038235 0.39706183784521221
0.12714881851713922 0.29993546458789783
0.24670238724957283 0.33165071836669530
0.66221460058039383 0.66998294864372088
0.33370019984980714 0.90139949220286952
0.84044326064514585 0.17496939763985508
0.80921646301410910 0.40534934810665552
0.68239175256009432 0.07919428281061633
0.39388212532496231 0.60449377305374308
0.37850874264579343 0.46171777174211120
0.81306694866110085 0.50730729252165874
0.81022344039007632 0.52512903163915603
0.83328896307887179 0.39403623190551818
0.39833428601618137 0.85870529191489919
0.02928163922666857 0.73869291310029828
0.26094779170579052 0.28719512639341338
0.23031967222755423 0.28402609771386755
0.13598008764453456 0.38438463992088567
0.13561614506388597 0.84790703582981197
0.61058032877178281 0.18654145158889329
0.40898735064250141 0.69604045097036804
0.10758687091547410 0.44375984923571365
0.15522125825411887 0.73338267140829194
0.38666118360825491 0.72334126836589230
0.11447367498504073 0.47657326535228395
0.06574619535280564 0.50626875398156579
0.24551232477962806 0.45592681100124755
0.60657967912523214 0.47532764045889991
0.74845725715967815 0.07559610873672472
0.68287174708696219 0.57036584917401167
0.38281641488765916 0.49586993279966440
0.48865850869427963 0.31480923996025140
0.16848641170532030 0.96958166381598254
0.60876450464152509 0.19369909269561264
0.78924789286192387 0.16818842639639331
0.60952600205279361 0.21127773853581869
0.05323334527501562 0.48813311855045322
0.54616142289278069 0.34069463094436192
0.50155812042035119 0.51997044034441553
0.13688720804250218 0.68038969972199759
0.56736100708477988 0.72388400774086292
0.50463428235327290 0.82882559370649345
0.03218407342695243 0.64006465493402687
0.42573424813768035 0.37085651239716583
0.04617156471853472 0.52329953531837814
0.81192712785044319 0.31115059455998084
0.13486776738769973 0.36496152700126472
0.40644035523608435 0.71832876957255942
0.70100042674428575 0.49723190657118421
0.12224880141274817 0.43125606303678748
0.12049268307923250 0.79316813922294516
0.45519841924414767 0.06463795559800956
0.47970824245844312 0.39218334519383125
0.33054635170468116 0.23464090380332017
0.43602235971472286 0.77683114480881532
0.07066474431790963 0.50342783675972202
0.74234407975569838 0.61637185831990682
0.14986640224146103 0.72975769576259075
0.17702872894646468 0.46149924100057643
0.17653849398382618 0.25988394778404789
0.10868249004022559 0.61880170079022800
0.38218969330814234 0.81808272863584575
0.71912147840808849 0.12407617136394603
0.30905802001825516 0.54907093955605368
0.25586479862843137 0.29092668748214329
0.31959332945903418 0.24484831555500686
0.27912588298066593 0.82431940071639453
0.59608857882862798 0.70306350723316591
0.04179782445802623 0.79440667203103943
0.16432792043898264 0.29165828160036900
0.13736737041448752 0.29450711477079478
0.23074868443720215 0.74693426367059401
0.75988530858227887 0.51564621169649938
0.60026662210312420 0.50896224546740554
0.31887292368151282 0.13834085402579749
0.81266176918765365 0.17273061039763205
0.11882789541814877 0.80949078498281146
0.64048127032174096 0.17949285584690527
0.36061348034984236 0.26475411731422882
0.45548423335898175 0.15613000660396464
0.83309648259739655 0.41324770786334419
0.81340390136570984 0.41483122387325688
0.68231678667010642 0.22337003624904148
0.21187049884906289 0.82908618404361534
0.65367784840961729 0.20672720924738794
0.05094153980150195 0.77396012985400631
0.82426959186471394 0.27204865663219574
0.52775423191958715 0.54132676608019448
0.23414921102832814 0.18563228787494421
0.34268839081625879 0.41880191782029808
0.64635210324050596 0.08081413869198018
0.62679447014080825 0.63161283287735492
0.44799108497864421 0.86543706008350563
0.11757165671153851 0.89283340831207525
0.53291786657884765 0.81071510781607981
0.44692216705554944 0.81920658156947035
0.47432885139137271 0.41267360015710086
0.79980879670997729 0.44296227861901083
0.15946063972651839 0.28458482920806877
0.76298556741720125 0.57088985126839908
0.41695289701908628 0.88042981093879280
0.58462036749825530 0.77788400175761119
0.49903973595008388 0.68265444816566645
0.39252431721693060 0.93198547925233521
0.21912461251185450 0.50773344857403646
0.36787892064264771 0.08317669077597273
0.72557045286557709 0.58458061483633661
0.03097161455773903 0.52746903418531110
0.60365301619367984 0.64017505948076037
0.42619267285520201 0.51641748671668541
0.52084253511627043 0.09024045496934170
0.61920676506518957 0.80781894925514530
0.45747368433195684 0.13201055978813708
0.76696482672862343 0.14727235546490550
0.68424093340997039 0.52082554620548871
0.70259287492334199 0.23042754826003956
0.61883965235368676 0.38372383643250529
0.81600222115147236 0.21822696558002677
0.32550572632110830 0.68945422842722781
0.14712718696274593 0.37250242293421654
0.37300314471442986 0.75840849819786182
0.57559818752114822 0.43247992405830049
0.33728835983164518 0.76843036822031396
0.40367016181604992 0.63083922389942437
0.48586353036084090 0.57154541604998177
0.34558922060814073 0.63659093270872225
0.44494688969285423 0.19887187153485755
0.44862361927637440 0.30087526568532175
0.56524659994363813 0.27289341299145686
0.19457981225461762 0.58323056631477155
0.35269389732175488 0.41143548109467398
0.56705176879067187 0.49167084934196520
0.15944801176298828 0.38225406128446582
0.11225088844463689 0.44632361813386229
0.36312129054656711 0.13571784156543104
0.26501883150593014 0.18527253539977392
0.44076369942067678 0.60897680782540897
0.36852798718857244 0.52483020067249764
0.68759191068965564 0.05416855754774478
0.62160614727715613 0.58084425250141070
0.65249888652298782 0.49855933459738483
0.10718491508436336 0.36260978001770910
0.76869302524871053 0.51125850508873993
0.56860375296217502 0.22144182710224702
0.56758442535294051 0.07642576564973962
0.07232586408813228 0.59569992977221609
0.46254442550595354 0.20724644788976085
0.29151541851419271 0.69747764007392588
0.36360399543849331 0.40148607649710416
0.59195458209225338 0.31374336782863044
0.40528518462897611 0.67364253632021187
0.76357810327236941 0.12866797423599435
0.41229670807017815 0.18808723798065830
0.74572668548983079 0.14655999446882889
0.51789568739199876 0.12264443356039216
0.63428117130167316 0.74298645645151584
0.52881455391816445 0.25799778196718764
0.50189664263627665 0.67626634396854901
0.11330236446979039 0.38356046950246786
0.33621334610475784 0.62693889509124623
0.60545521958297566 0.41801596799784069
0.31340631715974887 0.93989642257940809
0.78178340082678044 0.30973681855988638
0.83974194088562781 0.21403467306726962
0.44052028315525416 0.31230892270955513
0.56067206462833363 0.33229145618777473
0.44539574867942061 0.40142440193069778
0.35533918632508682 0.69333563673190501
0.24164940359830892 0.47815716335933345
0.48965541103904375 0.05298803534003771
0.67906438064481900 0.68406755604256086
0.63497277856368950 0.38595958225857363
0.78854951671052276 0.10459454171000215
0.28610068701080760 0.32662741176144350
0.45053713529979666 0.90314882219331372
0.56850921981079294 0.33331587043007771
0.07327966315648669 0.86309167726082703
0.48763308189591609 0.66161142628226222
0.12663219337420376 0.41797183003628935
0.31866819579458244 0.51528759374855748
0.36076214572511833 0.86682542928953688
0.60932226389829369 0.63724941859565565
0.47827353560565322 0.71701075459697250
0.43395388494784659 0.63943368536338108
0.46723608840830605 0.79718213328137566
0.19290640314818402 0.86693770207911747
0.11822028430346168 0.58239377940827586
0.58939368291556715 0.80876502950917528
0.05757372320611692 0.76545311878270905
0.06036365303682633 0.86215657158415870
0.06991394040072718 0.84378165855166132
0.32712853255846347 0.27084004209074186
0.50123184116571873 0.75728812369067011
0.05817373028479965 0.59632269960526230
0.76676928723196291 0.63312097301031267
0.32851579372813511 0.13304140747043894
0.21284262231178996 0.32015702491303810
0.40745304625604617 0.75744214450164582
0.62607760841992077 0.43827259295360421
0.40990344976522886 0.11730082522299891
0.44124760758148251 0.51561326764313431
0.69300915183807554 0.63527548564754610
0.51072412640468912 0.85389438808440599
0.10908675378178129 0.75846816680921003
0.43929272297689781 0.67477146707408053
0.62320223938315078 0.56387075717415525
0.09131668696520846 0.62660351800693026
0.77119945199904572 0.50561609220901760
0.70972361808258200 0.03983950821758508
0.50394622134036449 0.12874094469449796
0.12657791226394915 0.70278301940374066
0.67042740402492051 0.10341985366799050
0.75254488083858528 0.19083261366272883
0.17804854421676314 0.43599026740069580
0.55868612429433984 0.37428035802187176
0.06568534898154563 0.54235332558698368
0.59762944969229082 0.69735485089005234
0.70436218904944381 0.12216117245588286
0.43539191225863560 0.15144691390648321
0.52580141560006588 0.15851885805320895
0.15895594399151514 0.92179861988410017
0.73653123344813543 0.71098055636452895
0.50851092170627166 0.69078731292453421
0.12454360049593083 0.33296912791929512
0.52864231588597765 0.16417492112154725
0.04820922417846486 0.47619805172328722
0.34293658384784864 0.30520923782336257
0.68529094547118319 0.62617156697440179
0.50517121526523023 0.83455465548387942
0.30314131216751289 0.84391713173717953
0.00436049590147029 0.64941474409362154
0.73080829294230931 0.14208273661541365
0.35804531033237930 0.92787643074219528
0.29001235962131366 0.38301878706044329
0.06840786531841467 0.83865366209413783
0.11473436097772780 0.47000115851147950
0.37324596147881078 0.24693764084873243
0.48612732924355029 0.07934189781015485
0.65872213048698691 0.75033599042165633
0.41418830521270761 0.87561726454995281
0.68630582068384760 0.53354816945072514
0.06390834752240315 0.70727916846273153
0.61740058147019350 0.39205113984707785
0.54189451244506215 0.30100951762588768
0.58504101413634191 0.16550614170696920
0.06203995426583035 0.81989472599261048
0.63559278243998618 0.27175938255164189
0.14465194470647424 0.93076214470819152
0.31800924637807360 0.39811505495052990
0.81180626807791245 0.27817462478890342
0.79542092258462682 0.26532644345593775
0.69363319303359128 0.08687052290425426
0.16025930296268390 0.37376765446475585
0.08714347546854948 0.72617974229135573
0.60110409228443440 0.40580257128347075
0.21874104037077605 0.52015492134190999
0.39613583273303193 0.73952537039537869
0.54096859103892370 0.85132615400177991
0.69362009869020702 0.21725557149862379
0.41924474450289501 0.86614786083170836
0.27710822510019917 0.84544760150522957
0.73996949495120523 0.09576784802471230
0.54504006370345082 0.07952879872953222
0.74102991910511040 0.23172927425784726
0.29525312230834772 0.46785776304249460
0.57833908058700223 0.28255417333568944
0.81723505423638254 0.44160648618119724
0.52175055067957443 0.73096483005907009
0.25556545824720056 0.89782994059733701
0.76173761830218312 0.27833150130776418
0.16932392224659590 0.36809860631847502
0.05683421830980371 0.58593956084486776
0.58863120668222624 0.59060611132802476
0.68772411631681496 0.65094977351616623
0.66354347302316996 0.04583815621257317
0.29210525011406757 0.20488681670508274
0.45896704276425376 0.83675282612879032
0.71216976954199118 0.63719813663973401
0.06057724378469236 0.75576344727889211
0.73503126974229693 0.24905562617241161
0.53166752345272283 0.36598454966328559
0.51142332186970529 0.42460725248135306
0.54637428656614573 0.42332330440122978
0.26332821681737112 0.69587254803066123
0.15046382188893584 0.43099313068329259
0.66530120394843062 0.79471819781487951
0.25049071722337363 0.87164128599286594
0.70346256377233596 0.11085296063151498
0.76334312521215508 0.13371253660078369
0.62874644579430750 0.39820671664302743
0.19730643538683590 0.81921565488119807
0.06412075938516096 0.60841247246672125
0.82655641523215517 0.47565269378990455
0.75994943964284878 0.10379986125272664
0.04647565200016014 0.63303159930320840
0.64466291067329384 0.14644537743454336
0.21519728727553372 0.92814205861133026
0.27157107482050319 0.20652722849997424
0.53966806374723564 0.24058541338349701
0.16466576560018573 0.76383711806590104
0.79425532694486678 0.36570663296528433
0.55366481633905840 0.02677973928588709
0.16392660716828211 0.37869540201237889
0.78696980958291674 0.53003986000618242
0.72875393267390831 0.36699927676452537
0.44509729160640160 0.15330424301651155
0.34707404997518848 0.49945863461061824
0.54087969781923118 0.38350756049482709
0.40258513113288819 0.41651064143087729
0.66592515576115852 0.21266840363870967
0.49969432264362945 0.48282830045482045
0.52077439548308369 0.52018276472947067
0.11892287760762206 0.86850618461745999
0.25430281082347828 0.62898897092110528
0.38122395636036327 0.24599161235175812
0.28950540156619142 0.63798490821437104
0.55281326214949733 0.82719167952633110
0.71608062062109057 0.28298798352424387
0.62917476177862186 0.07732964723768149
0.03379175243246855 0.52134591277655895
0.23557753923176716 0.87109198276164868
0.45793091073906855 0.39946429083903862
0.12386450445092291 0.44939457373748792
0.75065158971726664 0.06707406701541599
0.30005747655076881 0.18184352331790654
0.76733470815650684 0.43707789513136819
0.46967383059951001 0.33540553694213610
0.79627729622881072 0.48643760414748233
0.16630141125468073 0.35167475845883051
0.32300016712565544 0.14298629325627540
0.18979781554747457 0.54047014557424122
0.28826651735946529 0.45155073943641466
0.12528111236424710 0.39583036092250057
0.64939725655871372 0.51607661332428789
0.23354072606627516 0.62958942836999277
0.67081212490870956 0.32097451865984478
0.76063696768774247 0.48692785368697694
0.27123227661988697 0.33905783979531057
0.63215982709057694 0.25326400213483341
0.75459678766263649 0.12818477142142204
0.24112341234407239 0.37780976606193400
0.74216160840704604 0.52558242548993384
0.46690331811145247 0.34564775463705311
0.09359248500487446 0.53369697224713619
0.67603709148616875 0.75088106918551156
0.74299922512070682 0.65836714946666330
0.56814875522765151 0.78365300900711499
0.35847130265956823 0.53779406431394516
0.17105402080935317 0.84530474584432458
0.61201406327964358 0.29479828596034208
0.41573232249124642 0.41133626488006475
0.70496186327133759 0.60498218106173907
0.73477687280930548 0.06233552236573202
0.61399169381854402 0.14324478187898165
0.43270407630610042 0.87882681774827875
0.22961676624904712 0.32247245175852346
0.52916855100213744 0.05798299145456650
0.19036597858399126 0.98048950499979648
0.57430163080914109 0.79089362859077272
0.73872525291098545 0.43538297597714432
0.62179269025984241 0.65465010248249367
0.18691276001737941 0.65978777022547597
0.77064787090619791 0.16492562511690048
0.70094532159373413 0.32056961974554271
0.83521250820586523 0.34114550881790923
0.73263020902996823 0.39251075305985922
0.64748325244808957 0.40464533301429684
0.45108679761013165 0.05522676047021764
0.63845124045473844 0.31981523267234507
0.51129574796766974 0.44183747258714473
0.24112253662027117 0.92817378449049992
0.40718415695450894 0.13119172638464319
0.52068650543569439 0.54358898260213862
0.09605759960937316 0.34674903448149569
0.41865675459630797 0.33975354489881876
0.35911673540154038 0.75211305368004600
0.25233968680085500 0.40935648648882317
0.37137890450381505 0.46961967510720454
0.35106649492899966 0.57815203459887476
0.08557377302728968 0.59924891515635748
0.16681897292831782 0.31247682621779538
0.55546736751178893 0.56203209236793339
0.25880582419061060 0.98061375694106701
0.24013775031221579 0.20591907521627481
0.42036577272863662 0.25295077959995654
0.04717354983823803 0.79377453364115513
0.81583497763831925 0.54704956391526494
0.19015789563883118 0.51434159432711257
0.34828469683938368 0.67336802372880078
0.43487415231766058 0.91427867271954311
0.09550879038701547 0.50707571939448581
0.21777533888521999 0.80420024778817301
0.29705057632971898 0.34835390112720471
0.57059635530000874 0.79407200167635184
0.36101988391876616 0.66917359126090337
0.59022419797290981 0.38819372780227762
0.78128162520957900 0.16127910061327846
0.69585919475618208 0.50683658031182188
0.12924454108513891 0.83235487568333955
0.32066226588873259 0.91034712366229864
0.81117664891394115 0.33475416472829495
0.24602425717311036 0.94358806916895677
0.68340649436990786 0.32642629401471562
0.44353526181348701 0.19240925336927286
0.09970687769169963 0.74941827362905467
0.08840017053400710 0.81880194161048359
0.77691148844911806 0.39222994743962442
0.08176161554511889 0.76576470815461661
0.74491363814359179 0.55444734301006915
0.70930914598269201 0.43289026707847256
0.14303135525124763 0.40588873017268795
0.34637970283071362 0.24057918994628105
0.38998313992181916 0.63024065029249221
0.50566371503909624 0.04667704140301427
0.77473305483268784 0.63137592310537871
0.41961540792226432 0.77679295815376503
0.53945138674638415 0.62569605055451027
0.70540112178315262 0.17439610243779219
0.27513515085472051 0.15157130304682723
0.60078786931632477 0.71964802362627955
0.22641068988229276 0.91247390546168172
0.43177567233967085 0.65444402025774051
0.59325057615418220 0.54946495557271147
0.57602101631617741 0.33401935775888175
0.49121262147486155 0.06495349730965214
0.49326395031921477 0.57448454280560524
0.79870608159527101 0.42868496286491109
0.57649812113090870 0.62838620319837624
0.79503000679956570 0.56082755824283548
0.28634206410061158 0.21396377277236178
0.48204599486900218 0.62061122113852829
0.68397746768049228 0.51388749108219656
0.60179025008901799 0.63427850157376076
0.82537638870201357 0.22958202658968541
0.30896416653932163 0.56945392509068771
0.46787409831469540 0.65606414347594355
0.29250058393550743 0.23624175901901548
0.03474027062491575 0.60763498837154839
0.38486623447158297 0.54947889734302413
0.64384352577933379 0.46559630158004561
0.07831676389745794 0.79572052914276192
0.68133579522300869 0.18866356656780070
0.58813799705722414 0.80380566568558998
0.32051502993722730 0.43576968703890256
0.40939125444329694 0.29373499697025929
0.58050160001630213 0.07206034710457208
0.42278578790947730 0.87053045196999213
0.28471537275596226 0.81004867747225995
0.64202292948475248 0.19905189707021534
0.43452205425109391 0.07439005550062679
0.81218940557521957 0.37005641967885727
0.10981607120164684 0.72139061069105592
0.70839300735376554 0.04492654267225350
0.35193829092470430 0.93693635921604446
0.73476469760708818 0.51110234147791356
0.19244006333556074 0.36393410942298304
0.46149327281956437 0.24710103869813949
0.50772749993220878 0.67941160740784401
0.59822337481472854 0.49568528557494190
0.12756395883448995 0.87132980650179570
0.17714853383595283 0.65028937961189026
0.04066565510750640 0.67472553158302329
0.53297043924709464 0.04753364181469064
0.07753072464309035 0.72670356046780793
0.55160944159506042 0.04919194012951857
0.59229854123837167 0.03415870890954908
0.74585992238323706 0.31289700181910884
0.53509774486973127 0.16746915144711849
0.34681004997154818 0.90463186509258642
0.48621604236045707 0.52498413364172825
0.52004488520542147 0.89665331320685537
0.40900889263963097 0.82869302788671451
0.67013220918799088 0.67841307983049504
0.63531884592222254 0.07129415926876667
0.57488414903109253 0.32698975765607313
0.78657081704346365 0.39276122892579513
0.66064000926628874 0.06500606002154351
0.08506070602606848 0.44174240772960777
0.32603248693096160 0.62112562356351753
0.45088137883336732 0.78935428015952758
0.70717817249851667 0.39051160238830235
0.09669774777239498 0.52905672942372295
0.44846446076516983 0.83396948917746960
0.78108226220221488 0.42728318661239012
0.27290564121448663 0.66723631952444851
0.70672520714354059 0.49432864365578194
0.21862606838945783 0.36028366257038857
0.53185167624952334 0.57472179727867967
0.52981217693044813 0.77731466860542842
0.51594159131882122 0.08130995146676967
0.17577207592414384 0.78646030437751968
0.45722141205823452 0.39124798682393863
0.61381654516084871 0.08809171770133271
0.49390252920202610 0.87422733807371134
0.66814158321562556 0.53362186944808265
0.10124018895992287 0.88871839695184873
0.22538980768001798 0.93365104045566372
0.26943449613093240 0.24954811254790948
0.71526710960609940 0.04060770659465019
0.56259072171903723 0.30563514859661217
0.56586601954193805 0.71124119418915566
0.66843817112087589 0.19289462037148924
0.75707670835619389 0.22854213471215135
0.11793972628470312 0.60978685349812500
0.40638578063285064 0.25477957305128024
0.34469848962212407 0.66640988952651925
0.24420535576776639 0.32062941010759666
0.46297058524951229 0.56393228432003184
0.32583708698592462 0.56806975224102718
0.15762303470703512 0.88360338520634873
0.23645106232533300 0.82633502412180737
0.26962174152407203 0.42945840399513363
0.63653704678505896 0.49287826146623254
0.84106063337204184 0.18432563257458728
0.17491220064772989 0.49036358557832760
0.47299147481999221 0.79477794889676756
0.45359221171680897 0.47125606633615330
0.47821759254333718 0.85450759164213141
0.47236841302654620 0.85814854277429442
0.56644607169444972 0.34647932365260631
0.55555148551119549 0.75994765207798964
0.70369814673889730 0.52891942516547219
0.37002222624951620 0.92379489521801228
0.32993343124578667 0.67554131018155672
0.10856075621552752 0.84616841845689694
0.67171455463963547 0.54942230792244084
0.12435979402522275 0.87910825116400781
0.04247914412630523 0.66330046906576057
0.10874188166512606 0.70724507205230080
0.40355223579157323 0.05919047300932482
0.65560682074215926 0.58923529860172541
0.62087002227730048 0.30550693190812256
0.01150539321095992 0.67776273504489037
0.45256639101554941 0.25635606117255183
0.81916600083259206 0.43619785028856006
0.22244076055421341 0.28165643817919639
0.41876594781489002 0.54346408853885952
0.42442485846679451 0.75426513595530598
0.43813469301401775 0.09070507616369938
0.10442331275519792 0.68341575782218134
0.06610990779264794 0.61332890942673979
0.31782800894469104 0.70884555017226270
0.84292284675964047 0.19241846781959579
0.46839516296858974 0.30872908035127450
0.77739985306705683 0.12071961740668644
0.39487961888950307 0.85318208659000283
0.12627106686911482 0.36164775942619426
0.53138336101333206 0.74052565014832494
0.69886273548171673 0.53394194727739486
0.60217264011372429 0.83609733447395362
0.40341448549383208 0.27706853840608092
0.25922251994196549 0.38896409592264619
0.34272343608453498 0.73264787532656017
0.63221745753277991 0.52666414736019607
0.75259136076651523 0.61873199866820061
0.67001809995153905 0.42735266310381365
0.56033447848077456 0.31227399111206239
0.77386702328443291 0.54207445496163653
0.44982062173484499 0.58769083971399949
0.09520851814865189 0.79237480480067679
0.64215680902896277 0.66784966619998265
0.47100812861727331 0.36372391878440485
0.79163270158675902 0.46282556059151031
0.26593965962556265 0.73337244470949925
0.30111888720063851 0.14309564630289129
0.60731705577792428 0.14042068663195645
0.65054057592779280 0.68721898731469944
0.69275566184614368 0.64994324726696828
0.64276470216564563 0.12188584703077354
0.83149033114464543 0.45471843663783518
0.53436140258388853 0.52096599180706982
0.12262565412601227 0.44395758073138586
0.66218099318266976 0.38739456893018204
0.22376654927554193 0.81929358693843501
0.76297278786767553 0.61506097506052571
0.46688559848659000 0.51707631507489482
0.02376171298016723 0.74272647828771476
0.55507684530472623 0.52973048251900245
0.18146401306794224 0.66473184222132631
0.67678380268682092 0.56014254688041110
0.77244897971259796 0.13373017205743518
0.65546797218945363 0.19280927914655449
0.66397153360016214 0.29491927582133093
0.36429094452133093 0.07427025914778061
0.24469388704423542 0.25546272731959346
0.36429011297563957 0.15171948606273924
0.41242114701076699 0.39702267154307341
0.54830503351436444 0.63830274896163786
0.18646598332983666 0.60952795671683813
0.36573674871125778 0.10249414401013900
0.54290607096526944 0.69744235446634684
0.41792883959711952 0.42876313250971976
0.45651633259184454 0.42768670491993671
0.50158816638031622 0.64798105803514339
0.43050586244823158 0.13362095344748001
0.60549971591488583 0.74512391271129264
0.16472393808963498 0.33632120587963676
0.07919392815460551 0.85102969660312211
0.02053852670634746 0.76102847736258039
0.25252851690236233 0.17513083129141718
0.14001594169753237 0.84435117192689768
0.59429164487834807 0.82517534488578170
0.61880925481615168 0.31305432473350958
0.20817070238331983 0.91434727092669610
0.34993051636073685 0.32561769060001439
0.32236466910303513 0.30679134459635421
0.49376129961972909 0.88023424783443194
0.15228896244300638 0.89637115771745202
0.48258853389060619 0.32812274062855479
0.80205533362511827 0.45106430294265704
0.32839568327724966 0.82417732455025516
0.52536957812931795 0.18401663604440197
0.62964131780649457 0.80072625558001109
0.31109865157508138 0.40300265702568872
0.41018980409796607 0.41625377370862271
0.67083925131015254 0.28259860073201354
0.65232347066515517 0.23543987828076390
0.42869063038895228 0.91769641563166782
0.04754140401925589 0.74826960979624624
0.44160413557766304 0.09921880330991045
0.78321074281125103 0.10735593162696964
0.29137529688888658 0.76482203133426063
0.81168445587857629 0.32837149807092081
0.05870828016763956 0.43129812188713468
0.26240986948231393 0.75356872787240925
0.17183944887732094 0.56172133742029695
0.60373532031604105 0.21658885320688398
0.70027476859521398 0.39011976971963930
0.35391676954314166 0.61539470613160774
0.29338020462527958 0.42035621523914496
0.12855573427883285 0.52591873225925190
0.72944643857942182 0.56957594735917561
0.13040170331079806 0.94068857163552033
0.53288550260705825 0.09786167963164641
0.71990796689100600 0.03197458897220011
0.48319363797928500 0.06783038653847592
0.02466276488435478 0.65814400664250883
0.52938110198882105 0.80099430890381473
0.15027776782780364 0.46687009232043852
0.35808976767576051 0.17318322262672614
0.09490474013767304 0.42314550377137328
0.65159106290542412 0.31744262373386772
0.79441468171834462 0.10567547353654225
0.54749166795588511 0.30522075799685516
0.63898150515402630 0.71034681288684864
0.68449540419988020 0.54529298558453732
0.05819027742641127 0.59131114405871510
0.70184225236381537 0.34604150226092573
0.22735528555901416 0.86516523847816174
0.75433256256527115 0.45521159416290602
0.60612609373053006 0.08634517075254666
0.71343054910669956 0.49781814506398203
0.79936492308828655 0.53097610171576071
0.06498736855607491 0.85774646746156247
0.48466448339144941 0.43649521950997461
0.72996549512510789 0.65225828762881544
0.24797913794393073 0.28059341346608757
0.76996353820553132 0.40113170208472310
0.50173771662933242 0.47401213896552602
0.14222245000780143 0.73283737738717225
0.81440937200068342 0.16625998066552292
0.03697461080823625 0.57253132949372265
0.24603210527130445 0.89032828279208931
0.53878964140082686 0.09751435223584259
0.68221654783907815 0.56434320641479507
0.69822793204938460 0.07519185930463207
0.55792723672518185 0.04022016573321530
0.79659552718126303 0.22612742033393618
0.17776456097700397 0.69226247455188972
0.28450885159315664 0.18656684782831326
0.43541009573507289 0.76907431613598476
0.59905447768253262 0.11759910513431238
0.70420990533195893 0.03801228931744137
0.59382616716054037 0.75563157073583320
0.81496722217540674 0.50056433954097823
0.80648218885819434 0.23760719176922351
0.34174272896578967 0.90490774776328020
0.50899760346242706 0.14766867377168097
0.02719291309693917 0.64623369173103273
0.06357849268543193 0.37214900741786389
0.64721727905329507 0.79090283079934109
0.23749959463902656 0.96091603309027973
0.46823420830876811 0.63852856986261597
0.50759119178430523 0.09644732778482634
0.76793571303473906 0.31966865542531087
0.67935594508648056 0.62708220651799285
0.39964965200425789 0.76838593106566033
0.46713339004728366 0.61984950200846511
0.36575559632124233 0.20863324717168463
0.45340717164647143 0.07066590422505335
0.25182726250476228 0.77422046000981082
0.67587086014393272 0.63825665222057715
0.33722218708757856 0.66333957113387110
0.65923067469824470 0.08033579923343992
0.78779340583180346 0.59362459830115888
0.05607789300936471 0.73026637928133065
0.25434390275785329 0.33113100773569731
0.48871477631532606 0.84593860123930253
0.55220390578650669 0.22192871302277109
0.48376125529547054 0.84679724226593267
0.22683044396090679 0.41218326030637653
0.16925400685100903 0.59581756982432710
0.29540485801077210 0.33693172518841602
0.08213913949050036 0.67743296766027594
0.11683675715058923 0.90280400446998921
0.47907270510213801 0.68026864764844186
0.73796797440549045 0.52867729213148285
0.08446124774035713 0.45859031327925398
0.65036210510806824 0.46878491470469247
0.82126777788070338 0.37315018799931282
0.81678804845780584 0.35299481185668313
0.50126417284414371 0.06760834150010368
0.46406794757241321 0.75545413390869509
0.08109451066809174 0.43769764676468953
0.59403043480113871 0.40704661249765528
0.57594203866165061 0.38618996382310011
0.52830249992012501 0.28433696092323429
0.33802933757417747 0.16546349544593925
0.49876436628544063 0.58158274355211526
0.27145427937770078 0.23713951507394851
0.77662673615804534 0.20967734842871366
0.37435296391638945 0.72927009786472730
0.58010697172544612 0.15627933229111077
0.18322556992757766 0.27434707574587081
0.15027749836031420 0.36780015555003454
0.63722756640671674 0.02827152637938450
0.68888318725265540 0.13459917930936488
0.19327691176936532 0.87897068104127862
0.51297891702843601 0.10851093648989087
0.03190616030460742 0.85079066831519667
0.45045992882142721 0.08866096467810798
0.05141973896763127 0.48217515646916620
0.68081237647162263 0.72311870710994031
0.46921502115137131 0.76611715221315424
0.56204033286441057 0.24435389414602648
0.44275766223925039 0.08806866846268482
0.33310437729974091 0.48130350463398636
0.30023984087618316 0.92479046400360365
0.07115788911800863 0.40987930378216042
0.38208900545529478 0.71282383949725070
0.43161928364317143 0.62070765806170280
0.13230134286897530 0.34104287743009304
0.23643083531272305 0.88232646681425309
0.34276798884875381 0.82166830025381332
0.05806705377643056 0.61626009781786473
0.18045214913153240 0.86658740097110210
0.37942523548940105 0.71918271258615574
0.50367503150076487 0.08729050694156887
0.53102336478542167 0.31716492441447358
0.11225350129162401 0.29385691824666366
0.23699484495438794 0.73487224665750250
0.21772520633240183 0.28471877868390627
0.57694937279539815 0.57934975670033961
0.17650475337459062 0.29459164274137889
0.47237654464909901 0.45947713698823750
0.42670668274375678 0.26516607803026077
0.81612009721046841 0.13319189970771170
0.22815087747606400 0.44216127686350121
0.40773318516635110 0.73260938682981325
0.23762655000010555 0.22559133683183175
0.07850414048613386 0.67342337262515550
0.46165522837182615 0.16976172784500326
0.07315939389821956 0.48044597778231168
0.04796906598431332 0.83319594009615017
0.55551829551800880 0.15992688302238192
0.17884104410666044 0.33106710790189015
0.71065823719700694 0.21194172246760290
0.24538557998594873 0.16660167471888199
0.10707903785735907 0.74437870172699172
0.10286962963534259 0.32534125473186803
0.30957240510372619 0.46981655901370789
0.73354518259365309 0.44685183330671352
0.50390409006673076 0.07747036039751790
0.42390591819506818 0.59841259111031953
0.01463864962509978 0.57614387501919140
0.12483344447011374 0.88838747585946143
0.28854659652324022 0.67388380646364965
0.78204045266103139 0.20055851150911952
0.13480731722370673 0.31319139803265689
0.41466807427852781 0.22011920594810558
0.34549524404849796 0.94057178293679355
0.11515975330830000 0.71713695143583267
0.51069239692187884 0.86988318462742464
0.19606318957537724 0.19900400629263049
0.19836994637279196 0.46163333035649495
0.55854592758336252 0.26094970301122572
0.22659137712405128 0.36960403957048893
0.67910710759290249 0.59779105191057769
0.18150140297723874 0.67413628262267300
0.39162848284382107 0.46288171390262794
0.16239244458603139 0.44676906434537139
0.39847474424598012 0.89836334698194042
0.65292111971989542 0.17409764694607385
0.64254561549176048 0.19222984290434711
0.76695626829906860 0.61986417463353272
0.38342512791302047 0.74197582904447001
0.78884623168346646 0.09852941446698014
0.17394630539274253 0.30202038603363951
0.33550507203230806 0.30300591846149511
0.65070494191339856 0.52294467525994981
0.58336659658923806 0.33778334624008849
0.77027792484919344 0.34661893987978876
0.65527766731844528 0.73286219381261353
0.34366575367026492 0.88468606139613160
0.32695319806199696 0.78093582202582545
0.39047819635566383 0.44813835436188815
0.21745890463433754 0.44401697198238632
0.37492879589798156 0.14254886177696555
0.34185321378216621 0.59197739873543209
0.50317455496669550 0.62847134636357871
0.50905059897143301 0.31728385754751681
0.26123720123578242 0.54089597053470917
0.05386105460164940 0.56405326692400559
0.05807909474523640 0.55489735271449325
0.07600468380763375 0.41388563158425090
0.56442120526636630 0.09987910171824524
0.27948690492455824 0.48443975687923707
0.49409848122244227 0.34587866090402847
0.38350772000261141 0.13537993828542064
0.04314748024082278 0.51083995674981053
0.66121916821316351 0.14755880555847020
0.65789189908595436 0.71399661180810658
0.11581816761519118 0.46429404530549595
0.69340451792938307 0.10140270386124367
0.22898580276535682 0.52775750291226387
0.46669900923012730 0.72745829956517971
0.27852778400358874 0.33791547343892503
0.70660311322851588 0.30349938583425778
0.64379592746004888 0.39422060437667111
0.09130708967352683 0.43910224708890089
0.16927195914601195 0.92499502296720693
0.52650095633823901 0.20576394522569955
0.57772468118660603 0.70643610593925155
0.66120718044519344 0.45958250135170631
0.37634032982889243 0.50090791454869144
0.33716749013206831 0.92721226866662421
0.10716333340990029 0.80026350185286166
0.23367238252154993 0.32944900744504368
0.31764574894381414 0.71566027369449225
0.79124947012616054 0.34672117415774700
0.50855394224700801 0.43485002261551625
0.37336978405280463 0.88794452403869828
0.15942515856899325 0.34753718610357154
0.82351570219249581 0.52193971910278047
0.69011588726981699 0.59155162506187164
0.24473824150246482 0.15814812996835420
0.47179282184374077 0.28652161541038806
0.39163690106575760 0.84739390760098998
0.67683544620899283 0.12799707075058897
0.54176906581300666 0.59161629098113577
0.19059511489249270 0.73349380784196594
0.06004235506951037 0.68849840117476513
0.33337351170796381 0.82040558325728252
0.38260742348108800 0.59566437652047011
0.77813876014240624 0.09859774754354661
0.80133984339451780 0.52209136453673288
0.55959936011749711 0.82098317706811674
0.72838707125964774 0.25267752638668589
0.66466115697456407 0.39339487415142177
0.13382145903101786 0.52095140323357647
0.39136915197454147 0.34030681234162907
0.06599318771424478 0.85261191062141461
0.31016945619450403 0.15727207553706554
0.55770436945204660 0.53568164133578877
0.13775182817792248 0.55452113870728803
0.38890042410985654 0.21779322705429172
0.28578984336226176 0.29518737123695443
0.56799720620059124 0.82811300911905561
0.29545146179866272 0.73132495646587092
0.19338792699457191 0.26113254262800262
0.57048533997320039 0.59124924630807330
0.12035312591679773 0.89609278463449993
0.74654243470931003 0.19367285597341569
0.49724715635222938 0.86312332946102921
0.51785133667712380 0.11119449492369592
0.33017088792673921 0.49629182638705910
0.16171374529029883 0.52298270120319812
0.54305668082768843 0.24655854238570962
0.71499800099591493 0.16587650830851708
0.36443272269910393 0.10998902759027032
0.81756644581710813 0.28810492438574009
0.10079604399793224 0.36103326481609016
0.19581889567602262 0.94740841590332558
0.67324091798223029 0.52328914714941643
0.42413855290358943 0.09807626557284947
0.59550637120431815 0.81058663283556243
0.65277566767351369 0.31029217022532163
0.33958781322594866 0.22252385870325250
0.03910058142725931 0.60282886354207899
0.54830954168220980 0.27593472401142327
0.65464085274607520 0.69603109709321664
0.74420120381138621 0.54125108344191231
0.58778689122995698 0.73138230488453948
0.79752106817536461 0.12274891474283586
0.39268964161347747 0.16340492802788562
0.52591169453197351 0.60112825340393250
0.25205786924088519 0.66399613280685865
0.56400322271516157 0.16990053271575417
0.21234817434284509 0.27556330222245473
0.06256223190696879 0.46838512872234805
0.37880870128426453 0.84693080072319271
0.56293933767884363 0.48462670757827969
0.51704104833988562 0.70178406776889302
0.76481245519166441 0.21978343142288015
0.35085133763889109 0.84642452410142899
0.67837679150769292 0.33255493213108134
0.46592278369865880 0.74951044967329494
0.57246906624078253 0.69629981516579187
0.09348681341935675 0.68901978624877502
0.38344972912370257 0.50373183928329246
0.39472084859684414 0.71939187938459692
0.62104674040075458 0.66744301327898958
0.19885356660616724 0.41948835882296392
0.32507286182898243 0.90745592644378381
0.69460072927160144 0.40166505083374254
0.33392306966308771 0.27195258942744877
0.51091891205074846 0.72672473175232222
0.12835073167622632 0.54540683095581421
0.71309147753130442 0.09030303204727243
0.32848541152842953 0.29023998807394019
0.64830115426885682 0.11417010881462020
0.08281294174642781 0.45310682538964875
0.45342554853654760 0.80263728618621000
0.55764756500548029 0.75459381442288587
0.69704567623479796 0.63982731870048970
0.25510470206070257 0.25889255602883804
0.54796013086366668 0.70949287549119244
0.05315814539802941 0.58993574562566797
0.74432801416919270 0.09337151744350013
0.59762182172978351 0.07572427425872894
0.56292801089178712 0.76604357168453208
0.65089155655546860 0.57886919657124813
0.65170175382207640 0.73604806583957916
0.46914191479348244 0.26226370982322755
0.18770381342818274 0.92784377346633429
0.60953859912693387 0.74188054047964924
0.77238135034677935 0.52021217257293806
0.45248593753586153 0.14457373415385219
0.60431521491761042 0.78688052778559048
0.65921061076849674 0.69300276338197520
0.41433830082698431 0.85066168326381031
0.82219387127907761 0.38408107402274910
0.68846563970940178 0.12831000598328235
0.75791772084844888 0.41408251980666322
0.58534102438495206 0.07401304267893388
0.18397888277584384 0.29890135295442288
0.44319929655043988 0.93921580442109309
0.63267107310418569 0.48594569940083371
0.79531327593480883 0.18256930011922390
0.54686175401724990 0.33374415074607439
0.78772733445878762 0.44902942171000237
0.56175623737358205 0.81650320375515795
0.57338606417072790 0.50047340849342925
0.24524603969929995 0.80820357062567649
0.16354629583765026 0.70944352596352933
0.26844845227565317 0.37691950238278493
0.37602914195752046 0.37945912652232833
0.22261813778841877 0.69943184401335368
0.56725923796338051 0.85390302301750376
0.61866952286061561 0.70762660770414676
0.73298942054916461 0.32780729784681056
0.80600610151079211 0.11319124333228546
0.15292567304716087 0.88563198392719944
0.33060172438849683 0.85838031646325896
0.20561919211607199 0.76058928474789511
0.03026531034301436 0.49585530626596158
0.05785848721650296 0.56048206468384376
0.43977492406910773 0.34017197584124909
0.49424019911471084 0.83072251713013079
0.28952547777341631 0.84259512235249279
0.79620443139757835 0.43854002870769049
0.40086469705599892 0.09060627292084074
0.52617053066498554 0.81639127418057056
0.37741193961693609 0.33444950148295555
0.75772562215626094 0.66260958381400870
0.21747128299212051 0.86994468847295836
0.60473343424872583 0.80478057289524352
0.06406467430353333 0.48387380653226519
0.28626320769237085 0.65175913815298425
0.15669438192012611 0.95767481481756001
0.70977294428175375 0.56217044145983674
0.66388937042438545 0.68505182059288827
0.78910135766961420 0.23331860895563586
0.41398630410913828 0.48263036058334108
0.42769478819758727 0.87977726325677952
0.56205675043053460 0.60904132198795558
0.51144482181264106 0.82660386260185048
0.40900478814875046 0.92094167516958492
0.30812128357727814 0.16212199927152779
0.71106506775476530 0.71589550717176187
0.28870351754938928 0.50364580957729088
0.27539930889833669 0.95746421845064300
0.06808341312161532 0.70528370308072774
0.51566880164668483 0.09865919667284248
0.63654712422582604 0.72929229438598420
0.32206653838117399 0.62966733163371313
0.11267442604024179 0.43513486095646842
0.14600538441538943 0.51843134908053046
0.82123048210252403 0.19119301288277943
0.49460426857071449 0.16542905030221911
0.06586809030941176 0.74577054650591801
0.82498053896182133 0.46015762072759120
0.76765624335035809 0.33528375363688062
0.18886163716610499 0.94380983716492084
0.64054833876705719 0.36579747721623573
0.55892096409507963 0.09999792680206934
0.27827685569743749 0.90718334239476073
0.56378046129217896 0.14229932720862734
0.14352980094630111 0.85497857823703971
0.09431224907810959 0.86902442748985731
0.40568211671793031 0.76381279504558930
0.37394011488065926 0.56174320191548355
0.44630871835458702 0.34465794180959575
0.20673061326800773 0.89859953788359237
0.29411341852781542 0.26016179989023858
0.54593632279672344 0.39844918584005068
0.07488591238299884 0.77893305502330479
0.78387078219474171 0.56712000234695747
0.80654623845102402 0.42269112095099620
0.77290427330629774 0.33290067770456927
0.60629401482555745 0.82162146732973396
0.33841810187029769 0.41220654016398950
0.41218923341424013 0.81468550149249930
0.08830290987052931 0.36651996625740596
0.26144535442843037 0.37475010808185744
0.13622859576994004 0.81067441279835362
0.38435551554208169 0.21270741226430501
0.80385314907515526 0.41821860138294747
0.30354345552219414 0.82446270335981786
0.32680124110747988 0.10299238407193602
0.15233738904007108 0.62593561271612419
0.21944618121787063 0.24680825623267666
0.67702169719248528 0.63224679438570142
0.14717100228857297 0.90871728779109329
0.42268426783083352 0.81739623188649457
0.09736717063362021 0.88266668114167535
0.11688107449521483 0.91410989219968297
0.06808779102536913 0.57547446229947197
0.35746068213489562 0.13571015819618187
0.39862544662822547 0.87849559184379822
0.06254585570461478 0.44845287484882757
0.45808024542553255 0.60430548286778374
0.40969395967559669 0.84626059932206099
0.82744684775429489 0.22384842445194886
0.81142967656713849 0.19511982280854814
0.57348735390968242 0.75484632975211141
0.17263993662993049 0.30742648867271483
0.35982455932251634 0.71484340510901134
0.27543597006324383 0.74348202193807444
0.24480019785884391 0.28645341367432736
0.38295321532340182 0.81122480124417007
0.78312665975695406 0.58602495524018960
0.82056311684170835 0.50601209693795679
0.11029629438982891 0.86754105837831275
0.69159045444029765 0.54337405430379915
0.22291988302002066 0.34857844089574824
0.01176310793025821 0.68699646334964648
0.26752344910057801 0.26338446578777913
0.06975054156383512 0.48487059537903360
0.04156989499257568 0.85105063002880843
0.30305898264192588 0.65086477992534608
0.55259928352982135 0.54061056709406297
0.08477441410619313 0.70054571588521009
0.64196412245637446 0.66132591751669778
0.43052167927163160 0.43470024451036321
0.65433121084789936 0.76589862325316149
0.72072704145126276 0.63149062970281811
0.10471256730731093 0.49790057075903066
0.66241365096067450 0.16681626450460876
0.13566307584451759 0.62998443200307264
0.29887780477838377 0.51341187733570548
0.37331514227845847 0.67839085271008415
0.60138579968555939 0.82788536279687353
0.32001685979310607 0.38259629282328228
0.24941408165131293 0.91591151455078912
0.76385387848130593 0.17907996113851338
0.45008643405723586 0.84508618673804481
0.31530697179254641 0.36813235639882835
0.54886683183754004 0.17101655166317328
0.69505424279026196 0.61123456079666294
0.42437851695062578 0.89867580790562918
0.53899069099429919 0.28750921198302037
0.11227264200286406 0.44077560133422677
0.26721384453067232 0.65397134190850892
0.16912657545368548 0.56868899959038643
0.63536667549565928 0.43790558468738555
0.74238806769661658 0.07352237321246859
0.18070875714377990 0.38212259075001465
0.77659726926595851 0.50568213172766829
0.49814068520539667 0.26017771174672655
0.66766727144839377 0.38240819631534684
0.64831221067018008 0.20203199453312629
0.45209409809984064 0.69013318485842101
0.18258406410002276 0.61580056376350323
0.42341021914614679 0.53696909928611558
0.20349558798759676 0.37977629114882239
0.11064065095545415 0.68456101894724253
0.08579445535076079 0.61095651896062786
0.14896120795427764 0.31740479878003125
0.58675190168709390 0.41504269841561819
0.13830130697778023 0.31861039987517614
0.20129667755084898 0.36492774383524562
0.73914379584901968 0.13547889308612074
0.34030382863463404 0.08675823627301835
0.43589130767584083 0.89955208532457998
0.04291870099284085 0.64340124157867795
0.76886236070539182 0.56241323634274787
0.44869553221958203 0.46616303305104706
0.33479155148576450 0.89598919305823499
0.15829928123033907 0.87198315216707434
0.28174213755695593 0.26444550555025875
0.14166410703153953 0.37331939309745094
0.41416430250788611 0.08282397199557552
0.20652270448960811 0.84548210142767000
0.58827767041000745 0.82833867574862563
0.79537469692255391 0.40093891440939383
0.49441031110760708 0.85430946736556823
0.42657132521673230 0.83955256331498540
0.83458830493669345 0.19088988171536558
0.56993524737471513 0.63990461653042419
0.66628393519099394 0.63587067559624810
0.78256738745707277 0.18917866954435184
0.46581483013366914 0.46319262090225621
0.01456842542312886 0.58551033391892504
0.52483234898180131 0.70706957635738499
0.43298226949692137 0.84973757896285507
0.53442492190876745 0.86910381396833025
0.61809329295994431 0.73625440972142864
0.07543433901100656 0.65875206287393395
0.73042009593716450 0.46495479481349600
0.51839487639010362 0.74315407313001725
0.01415692525922868 0.54441620923409806
0.73301754492226390 0.10685683627947394
0.76118926401286902 0.06263765978917250
0.37869508606087154 0.18117813392346110
0.30843476853028845 0.24689714956180414
0.06432768396379258 0.74104009858448483
0.68218001926527483 0.06917787402156722
0.82759506549343032 0.38277553626498606
0.07785203956325135 0.68891173738663614
0.25103309178909622 0.71105518971152859
0.74495050692546338 0.04416849861345482
0.79582182165554494 0.38130389292478550
0.72935916940003698 0.24563115958185494
0.66539450884629914 0.48038464145137932
0.30212902085176724 0.78365582856345528
0.37372818256535123 0.63701371314600519
0.52310310488480238 0.06732593198605405
0.52325591812093242 0.21841875224685897
0.50752024855965383 0.23720814433222606
0.30412835178060010 0.17191885210296518
0.49446713920550611 0.73522829524938682
0.03999741106338432 0.48728802821273592
0.07517713491871657 0.65333112956935124
0.62585034682153107 0.53191157341926265
0.06058263304580066 0.64936016266763030
0.76804318020998019 0.27871055439170656
0.65120900313305929 0.25586680588460958
0.06495019101781314 0.84183390617720943
0.44426594382862022 0.17774979414556832
0.54408685434434656 0.56869934704694025
0.17833173701517752 0.35231531149809597
0.39404322770212191 0.12333573732012108
0.71282645490824958 0.05087093571157101
0.64541207820749269 0.31405243606856059
0.22779368826493057 0.62575750706811417
0.76191923935061923 0.54892244821020053
0.22826158375404079 0.85374452706140058
0.38706832872365837 0.76272905691109572
0.60287549036973442 0.70043580828754037
0.43318714445033407 0.60740523377969413
0.51035456514485400 0.15498928202958942
0.70562278871679562 0.65980243144115913
0.62875075627075960 0.73484151092446159
0.13394289057462780 0.75927018668878543
0.10953795528605138 0.88751119156934632
0.05520163760798270 0.77104105227775177
0.39199588484430381 0.52550842451433788
0.45939837724990029 0.51380765391901440
0.04826778706066094 0.54863225331402132
0.63187443094535800 0.06330558939186515
0.28168547282789730 0.91206703511035758
0.72120056380938524 0.48282884938045750
0.43003391351589165 0.81008781089228243
0.70535115200612009 0.08749110093092392
0.34667822852360464 0.55852021216135495
0.63241894981757352 0.14838147988832459
0.52022146723605922 0.28448576559945943
0.17065690832814662 0.89216490518108549
0.50954293513818671 0.26470898845098884
0.37272868716943103 0.84504887597089973
0.29124160771424840 0.91576001172343791
0.55444489538155639 0.80483943811279224
0.71538911956282603 0.15994366405380336
0.33032989394965656 0.65705774683314733
0.79077516058305120 0.16311757903218330
0.38724087657620443 0.66180975880987369
0.74329076653085968 0.15746201895592751
0.27646342441481681 0.87805510695862121
0.25694973492447076 0.31699704490952973
0.08576048177226103 0.62717862164090121
0.74085284980996702 0.39587556430054610
0.53373283187494724 0.13396604815272789
0.35989459903329751 0.14999046511361339
0.83281701153637322 0.18309557460253456
0.43670567327618554 0.31847602071574282
0.04529044591502068 0.71051801657618674
0.57856127924990586 0.04273463236498513
0.15214445937798007 0.80103959862710483
0.80176925191381521 0.29474474345097146
0.70825358162359142 0.19260679095831662
0.10042965420504398 0.84913253797851396
0.48002373697140099 0.50330572815281382
0.09931763494206533 0.46400334564200751
0.69844789210433322 0.02351996553111769
0.25914666989861579 0.17209795805781783
0.37171419453371679 0.93584439004621123
0.44311474990022248 0.83003488738725739
0.62178346293421560 0.66103305733324402
0.33584392848581751 0.37614373918163030
0.38767151390894211 0.22585393249237501
0.38513056552814590 0.25414473057592774
0.25262546556506454 0.27635175543565743
0.78980988477874237 0.56644786854215212
0.81124757271870263 0.53998382112445853
0.05216267121545531 0.53879313600815204
0.55407306768946374 0.71811266191209711
0.26396175596301069 0.93319008437567874
0.52597855186518550 0.57837391604833810
0.30108883770465544 0.81104915242295039
0.33064172009382437 0.64956526068363696
0.39490256066396850 0.68335736306990391
0.58271021918960841 0.63151908043889382
0.64734920049504474 0.61596639276769549
0.56258019351500022 0.66105554930201260
0.37963359854102102 0.38664527133536547
0.68101923799246777 0.70666413561073749
0.06892753494083209 0.55428963667316677
0.58691151381771445 0.61228211641340335
0.34881858091430196 0.55061880189508838
0.66985425912575025 0.62230239289247369
0.58368346116620873 0.72231431780483535
0.28522171324619533 0.91699666678572944
0.67374478324506415 0.61702531843014241
0.79136518512750575 0.29338046170451115
0.35748911376475639 0.91224618173076866
0.17474637352534206 0.86489800191346200
0.05540255628288490 0.77611110346776946
0.42187739770953692 0.92898679641872139
0.18721394371841898 0.69781998862058014
0.03142579901325263 0.76069377984938358
0.09313091462310698 0.75604667566620021
0.25867885574080390 0.68166355327980555
0.26604387841823235 0.46693227496192069
0.42662719708231261 0.33478991363052113
0.35861177159371166 0.16650759490277664
0.73892435162049186 0.48630010110263527
0.17549056139161048 0.89404032411604373
0.21897794417966404 0.60533415274547731
0.71717201020255528 0.24497803386123929
0.36303377448178636 0.91663300639125678
0.45431495713925779 0.44638040819340730
0.17755940112592208 0.87898005649232003
0.50351653755710868 0.10564779625824286
0.33879535460719529 0.84920158843428162
0.32268410261314839 0.87347981113325590
0.13568015256777044 0.30732899301269695
0.30293002602805907 0.74244956047708144
0.59693824583948951 0.84312955554422297
0.57211181743668127 0.42512330880385041
0.78349158560884458 0.08859664927030106
0.78307821554759982 0.10133821080111764
0.68296175947435489 0.30020064440952249
0.35927672182480325 0.74547718480849712
0.64149163580931468 0.03444102210733005
0.57756823055313355 0.34198655550580204
0.07407472908134921 0.67537019009966992
0.23531759956332335 0.78436154971721117
0.05136021873233135 0.80634255423649159
0.53140715373642267 0.84566787162402746
0.35770436030126451 0.11093061318481794
0.31498442556018869 0.58760940583575094
0.19887429483375149 0.93978309803546289
0.53861363553509145 0.56426896094752022
0.20901166203433261 0.80939582157796064
0.15971831338298076 0.92887312630010999
0.68192997818040590 0.12341015387475934
0.28432930056413841 0.72290942113622403
0.68358122893770146 0.02155501693626371
0.17333826167790053 0.69783211130067979
0.35457402167646457 0.48703769911549999
0.50054083561006890 0.11721110306399836
0.46567067078780849 0.09997570014965250
0.29557083582338944 0.91193073850483208
0.60859872135304793 0.78270049817110532
0.77161736145691495 0.58362522721612953
0.29129367364160880 0.42779406781030194
0.39012376845993491 0.42445946125877965
0.03582245976569563 0.67768186186760715
0.66786828483488991 0.60007005125066826
0.21569562316734192 0.53425443792036065
0.68999864886449014 0.66509668666610999
0.15922103673599092 0.32669026000531592
0.27172935285212085 0.40755484781391155
0.46939523390691140 0.83930245659810621
0.49368415412114286 0.50829138826716702
0.05213883062986657 0.66024525376440413
0.21796273872954830 0.65928877587139156
0.45668609401871718 0.85788828970379560
0.23748022154919898 0.19221647817973314
0.10730339132370670 0.34250225143009638
0.13339773964523394 0.43918254218854508
0.25345829713466639 0.83895871023763902
0.37824516178833995 0.11306649822104896
0.35946505610582014 0.88612093901088174
0.23364457270000602 0.76569047597885787
0.23222844020877412 0.61195326957549734
0.48596909710851577 0.80660297320159757
0.44072468640890061 0.45865092978753691
0.07842550802154966 0.80027841608796524
0.22091981996628757 0.63873745562771445
0.30424754349883487 0.93399386137633400
0.15126789164660859 0.51479116975960115
0.41481270477967164 0.82672764167648816
0.06830922360098836 0.81480713470763122
0.76807357296436729 0.18356974277204774
0.72037274417076058 0.65395774736330847
0.78254503026272659 0.56171337929999687
0.42668233280696638 0.65888533619432132
0.21549960620230438 0.26696777569713526
0.75752005906294650 0.61678339451195430
0.04249232069737346 0.80056734240406968
0.35616522039242055 0.53050269762553537
0.29715546722541886 0.90670317415765034
0.58932005725709058 0.42989915642809184
0.66918192275762323 0.32853398764717257
0.40037598362959048 0.40962050579935638
0.79942493718720953 0.37780331700435715
0.59125322948052439 0.27678702556263429
0.40749701875947714 0.48672752491051374
0.07286935021308902 0.88739756541630233
0.49013571653195687 0.08885114337689579
0.75169573415007906 0.04722332234438260
0.80922412510150676 0.18891971074662264
0.74551784644638230 0.36991135630716609
0.56946190848636047 0.29931136598594543
0.11482472203951700 0.52458288980758006
0.38874934128564304 0.17361298321845062
0.43718779706121069 0.83303319809877086
0.18185489506811850 0.74406650837020294
0.31873655681818946 0.47875869516112513
0.63191434706577498 0.11472009905757598
0.57174064189956075 0.14033692033874484
0.22282101919939440 0.57774506034373274
0.15927126709030948 0.50373264394222372
0.74000597215545727 0.66409317343801100
0.49618014873060790 0.08115030188069089
0.67144840801229921 0.07838674500242071
0.14009099652622942 0.66854349933044155
0.69477615041237362 0.60009343208503363
0.32605985465168219 0.47997627815847305
0.43380957614931470 0.26513219835327972
0.39984001722731988 0.17340551435896584
0.57858193262102242 0.79340491365159616
0.83877415906510311 0.25006931745544114
0.33291933678127850 0.88042168129006770
0.29832477833246468 0.13038275661694340
0.65104640680908210 0.24850131302783057
0.42709764749582824 0.40026772745171996
0.35407817650660062 0.82807649674544048
0.19602471942430094 0.55392538489895271
0.06135498049182427 0.66399258310957288
0.14959353460743272 0.94676423131325937
0.65851795930306756 0.31475412752691628
0.17632142036330786 0.66916451643082264
0.11653623967411400 0.76860490489142674
0.77698484534643864 0.61189466401409243
0.53737574237722996 0.22079698223249328
0.66774682784219197 0.45986628070766961
0.74037625540528829 0.53351558835653878
0.31767212644076148 0.17642987788874059
0.29008873555001030 0.18401512764199496
0.31212955664409708 0.89162943698622898
0.53231946418809639 0.79596889477279864
0.51396904086726869 0.23067367471632794
0.50797395144221347 0.36417370446189329
0.56529170395064932 0.51924469365236781
0.21615942025105611 0.75507070770164164
0.77204283211664293 0.06811992511615288
0.22431381941258055 0.94774735394729948
0.62850491383387030 0.56798408647881382
0.81477057785408558 0.10970634509025806
0.81704210376846853 0.26413469273650575
0.13766268826444486 0.33922959844041928
0.24415277378070235 0.44841376900240160
0.38443696625415186 0.44383960104034142
0.48474085012903723 0.56469896749655513
0.72911661356055890 0.63710435521459496
0.73953547017996801 0.58812908687707355
0.12926337006818170 0.90053309058880948
0.69436368188713327 0.49466472989211180
0.49137942815413033 0.86435823732564687
0.12203677274890420 0.54351653788368159
0.49715764716799976 0.52550205641233072
0.40044125100723066 0.95485467119909651
0.08712040549789585 0.42186875114301670
0.40618817358834292 0.31284149081499257
0.68305429015172026 0.55138770535387926
0.78193340996575056 0.17578775798781232
0.08473791968660166 0.53631420418475995
0.49122707157026863 0.53002029564003894
0.07069007918581011 0.78977236805762163
0.10373027296146610 0.85731126602766061
0.74080964207078837 0.34138608621828054
0.19386170440776637 0.64771768855100431
0.18132275950869475 0.82106994724611115
0.61996410670712365 0.33652419338034062
0.45899280406469395 0.71054417567229855
0.78362808024046315 0.17016241987499370
0.33332353072933180 0.62037826091526849
0.63102740645568334 0.61505163869592894
0.05183695605784975 0.58452537994550691
0.17763990564918264 0.46859906165346227
0.42534574106616402 0.88441673786779185
0.51095477297916603 0.10034621702731195
0.42380386458720215 0.80480616838113672
0.37952098210914159 0.54479814535456572
0.36946949116879102 0.82193110635942312
0.24344656766709236 0.88121963413447335
0.24693485131360174 0.86673972973717639
0.52518318393432484 0.74149951007042647
0.75673865692478004 0.56348435384928486
0.54932608485246737 0.42952720865886124
0.62673983582565307 0.48136100093909484
0.48943222026775596 0.11943424580107787
0.32002902415879786 0.36196323972273003
0.51819903324887961 0.88502496198438074
0.84015207815107928 0.35144983594118501
0.84718892286490100 0.38265203376296836
0.52024951442783929 0.42693659858718214
0.23630305301765162 0.32296411671159764
0.47629859967057708 0.90475814063427529
0.48026122703745405 0.52807267137701641
0.71032343438682910 0.58330112367121578
0.41367678801848090 0.86520757640745005
0.75878738743965424 0.13618972309643429
0.79779002077548167 0.39071995115825242
0.65340028097019776 0.12513587383644323
0.61939124715845129 0.08632251824406795
0.29418445765842016 0.62288382719278257
0.63228803908993358 0.53334757802357891
0.25810420723329297 0.60324826880429594
0.57618272586532659 0.11332650303981240
0.14135317591501714 0.54846113235444027
0.60064820638522998 0.06607330653225205
0.17203392203594117 0.24900307135041425
0.09528433510355862 0.57543777007445873
0.25101324455890517 0.94782446833758494
0.40057558290604500 0.83614098775600687
0.57335684816999188 0.54712646906428086
0.65196810644784498 0.75979303537304144
0.29523648216184373 0.78259704903843508
0.54040307804585908 0.55773785995472602
0.06941459568772788 0.38053941555938359
0.02221062256353185 0.60422253729205777
0.08177809709795276 0.89651180644163908
0.52040857130707041 0.10674871922436650
0.32686254105416751 0.91813185118490492
0.09424558966598980 0.69460529985034281
0.31620252321514980 0.70141006261570538
0.52651300758663144 0.50134983269127920
0.36013291580857226 0.78705784176233040
0.64499824777667847 0.44708923915875115
0.17787563687294614 0.90660721936493482
0.73100012073454812 0.58086167831803970
0.71371419229566935 0.47378465934315606
0.81376336141210237 0.46213465199960313
0.63802964388559735 0.00810204254167308
0.48374119418563921 0.05108776438818312
0.50340762328762834 0.29594921112483319
0.51475144540889950 0.30294957140306117
0.15723094579295824 0.52848464662647665
0.09352410597876488 0.78701459342843572
0.24626892629348790 0.26609385732934027
0.03141541830042160 0.66210069855460196
0.17381582280446223 0.77314825690835953
0.41950812414872651 0.13252472443296254
0.05827355908521892 0.60127199541372867
0.31903752424960879 0.77374647821748210
0.47517721366008525 0.84889498066000391
0.59903921243579694 0.51537442244097498
0.02932940420430643 0.50469158986609597
0.31904407338278362 0.22483780272706780
0.73613181145572915 0.09324037528439726
0.10300075886838297 0.51439609002497177
0.61419298429496860 0.04972844696050361
0.28147917250172555 0.88347994499091342
0.32205055963704510 0.52858723944885011
0.34108365241073979 0.28577325671385267
0.62452949792194790 0.44591574935866857
0.05883393556903783 0.38520719081275329
0.07769881951149053 0.67954131252053906
0.61647350233582143 0.16908158319016534
0.12486943987578959 0.59805012302625493
0.58957026521528177 0.76984671500966773
0.26028416135028554 0.86451418437944982
0.30164381111497141 0.66387645508319071
0.15761334430970547 0.91574615899870482
0.48680718647018451 0.58694210063452634
0.67258476914419651 0.69631707808666177
0.41093215873040284 0.36979970790972549
0.73149834986023099 0.08167296917934223
0.66794875939988330 0.13709733013784539
0.73076135089067007 0.47085343634579296
0.24696299331329347 0.29913510879645211
0.85502365879871634 0.31167981263967237
0.60358931326724974 0.73375559709617011
0.39241232939034365 0.62291414866533290
0.10011456705782619 0.50386461099339386
0.43755951639610369 0.82711007619068444
0.70989457186045646 0.09339040278320174
0.34596526630056273 0.27866533432141061
0.62250115908195991 0.79105799021312906
0.17510642227842602 0.92667548088274676
0.73928102782582739 0.52094806310581820
0.54095779632007968 0.54625319780719672
0.04330548889952771 0.58722540038630788
0.26761705639580363 0.55163916827182402
0.17779079039419782 0.36683978560102126
0.56121107659153868 0.20286001272256193
0.40093720752563350 0.22019031314981238
0.64404210632933356 0.06740883706954907
0.70358135931257504 0.42984792654336756
0.39926639763290472 0.60893348856181218
0.29212868450022206 0.40625791542869610
0.16792961441639134 0.72840147859458104
0.28165249050110031 0.33158983584149748
0.84211765984695308 0.48692854500082128
0.14308316372548460 0.82691279848923382
0.17039428086473613 0.69082710365993860
0.78992383076006190 0.57280624967424132
0.23767619466396395 0.16583595144884744
0.69905991643752252 0.67328245014710408
0.47903671771690509 0.17710177367162444
0.62055959516348713 0.47737262125268737
0.48321694544722044 0.85530758725014466
0.28039299908892484 0.65647997776441891
0.65416661598797654 0.56091509985597054
0.31296946286832372 0.95318200625414551
0.45677834992668903 0.17557015687017360
0.41771362875330414 0.55050721150748727
0.18250295231588848 0.51456853477739017
0.74056899169321355 0.08634443890186223
0.58248410692765651 0.01501943878615981
0.55380171473356843 0.83692160357830447
0.24776492413840326 0.42993046576285360
0.20169632131929924 0.50813312479010908
0.81521996066361169 0.33830003006140769
0.62413795080419443 0.74467702070159703
0.49851501940082277 0.44632801789593235
0.16471622972339683 0.75514328222128757
0.55638738206054084 0.31827794286562516
0.33012098433454623 0.26445916167029998
0.47160200774189981 0.70742907803258093
0.40553017609620617 0.12584414300265803
0.66764443170643673 0.58767932184716554
0.06892579820403799 0.45931775012541298
0.20716716317355502 0.39288181704541220
0.25951563319005089 0.51438530152117456
0.36309989498798573 0.87396835201248158
0.44560282935304424 0.89234331876489248
0.15255092033093245 0.88019984780156801
0.79014281560614719 0.36245758173970577
0.49653018183796338 0.51504541080935340
0.19911331171744695 0.40460955085391526
0.53755855246920858 0.75739173887827271
0.35839435208783749 0.51639029006350790
0.28104490967962276 0.14786702580997832
0.49607765262271791 0.55516398607970907
0.74668505409611763 0.54983801535098187
0.60896716065766898 0.68091632694760174
0.10654439734950764 0.58288683330965330
0.10848333066706467 0.43193186308643355
0.46503260430183480 0.36009499781633297
0.16391803950958686 0.23912692111515155
0.63551175830527851 0.08443990256213610
0.47898890662863214 0.66411008450332243
0.38393102943751822 0.79714926716483070
0.66906520264717695 0.65189142503215503
0.40798362062381344 0.14411454578349409
0.46517606321295712 0.23216061616033953
0.51769571330915565 0.05885806450446555
0.46422710487484459 0.39593290628918326
0.27544755463731863 0.30935856014831875
0.10250534182151415 0.47559088535973437
0.66417263592390607 0.64707998893188612
0.63428455139616047 0.73428579716489950
0.53991822429174718 0.44939446933913307
0.12187827955893572 0.75770095355039235
0.08340671375008572 0.48306634088429828
0.46672241417324134 0.88272758587266775
0.68462353567580236 0.14596159472378237
0.75672370760824981 0.14670553076280615
0.41154961545896362 0.23450275572710791
0.55471891233227832 0.09474867280184511
0.47043593888580137 0.61191235731753901
0.52608295097537217 0.42295966270480423
0.64405420430960669 0.07195375817090760
0.45218144992685982 0.70871225296084595
0.77965354607385751 0.41186200776012483
0.76112990051532781 0.48169141978929636
0.39169639413581503 0.58417070462899556
0.12781250892060608 0.61679933054302127
0.44565317593381354 0.65505026650833598
0.71494424274875601 0.46402319711542944
0.57499851922295231 0.66489735575086795
0.28779843232164287 0.14615813579251605
0.47892785586280295 0.23490776657899981
0.40773822452117325 0.92726800636730755
0.77883886422339121 0.53334920543436670
0.35085602740418703 0.53760611383294166
0.28448257942558325 0.90747859962545685
0.09452144538788151 0.83062803003834840
0.79821001772172873 0.25644624332900745
0.58815831617254954 0.04582032973194725
0.13352808231247099 0.37010643210316618
0.27394082173993373 0.54828281739470497
0.40906277942651481 0.55106123413329400
0.41848545682308108 0.23247113151795754
0.72087517137821233 0.64233659332789783
0.15839593812518873 0.51628465664747358
0.46832427902324802 0.77333700868994126
0.69846875144138176 0.10909569199500017
0.41950944285481523 0.33197119076043519
0.84756043918885415 0.40986963632811102
0.33897433435863944 0.77584864477381899
0.36480537634765942 0.80612256422201711
0.65805711600415395 0.29096104851891247
0.30669143514709862 0.46292142564606176
0.52326673337103324 0.08576416804544099
0.26816566485384724 0.63827429983087114
0.18500967696580692 0.37694357428746617
0.57358685984778612 0.02897245152188947
0.51011131271174071 0.30814879494532971
0.14859266232380056 0.87404797261455058
0.63336325244350844 0.04639847726721492
0.18683678717170302 0.75012885916627825
0.17421600162116024 0.91611466895358884
0.60633230750828160 0.49937992681975929
0.08112375185580031 0.52505259171286034
0.21120722755627963 0.76860515600731882
0.52662557225483198 0.56300354403669683
0.62848202749087456 0.17440120150595681
0.34579796603289059 0.64533376553407185
0.68717810529506462 0.63609306873911720
0.33101199006596610 0.94303875640007107
0.70828066052869454 0.04981735999629956
0.52589171238837618 0.77180761165262379
0.61193211597767061 0.41457836835657774
0.57050797385967011 0.21257643334639936
0.75641279607510381 0.41991252918340927
0.77460703766522554 0.35671789174334106
0.58952487189337588 0.74277847797562313
0.04908720208999506 0.75284134288439664
0.02231103501544816 0.48689378205327449
0.17507316400318770 0.80912818598349823
0.14147019750896958 0.38380199511230273
0.48102021640034465 0.34447196169555577
0.68878657227803608 0.63078843361708692
0.63501629662577663 0.26339653899749038
0.13052571874079097 0.81125942703976994
0.10414804589514527 0.75524011247640299
0.34110608419749733 0.27247599200872719
0.20090876081148731 0.41315239510667068
0.35960901145750312 0.40946992384643083
0.79514001357559227 0.09865889451026211
0.47475590229625458 0.37834222188598543
0.69525427084992619 0.37280717357937093
0.62793279216379072 0.30246846681402351
0.80334965021332105 0.08794396409409845
0.14481944007506620 0.46169675242391434
0.28667167640830699 0.20346844568427455
0.07972032855725758 0.54480948231091131
0.07048427465567751 0.85432051499537942
0.06587707529597593 0.66559902112055502
0.25148590833863788 0.60683365614455342
0.65266823011152764 0.75027299355996646
0.47087311012132993 0.14548353521315591
0.06839501805493466 0.46965184540711452
0.69702739336779129 0.07115448616443015
0.29975201161603715 0.31351331191109583
0.43757883332034475 0.06162536784682227
0.20367399338322523 0.94991125246726937
0.07305300356638685 0.70712472079397537
0.24511195587957657 0.96055387580977303
0.61380134161435929 0.79737527726954438
0.28171689275835693 0.20479668611555629
0.10395640627053787 0.71095100456058491
0.16526568923323753 0.66039299942693508
0.46811250204215921 0.22603529104462225
0.49951490154819206 0.87910751217755045
0.19056256725696968 0.31453682808672090
0.75352883067010989 0.18370218925079096
0.73928705616050561 0.31028586604601327
0.30814553905988307 0.18855178407222098
0.52922061507375295 0.79117250066991496
0.54141346704295878 0.06101134980062020
0.48516823430265232 0.15701549559741212
0.53030747178353199 0.23875101638092300
0.33537727127619166 0.79488335640223184
0.63353424736061226 0.05119340039530148
0.46193825764671720 0.06166392952678085
0.13061377455174406 0.86382035294353499
0.30045877696516216 0.16804952581880592
0.77238440348250725 0.12332983449942338
0.52564137783560949 0.86149447923110345
0.29173691967685533 0.16210032896688004
0.25190006571496848 0.93116327393444764
0.23900139446070431 0.65912330556070875
0.03017235560197594 0.81067192307127312
0.55056469928566809 0.07248472054110376
0.73183426459909351 0.23260704910110694
0.05980873783661234 0.83373766201484467
0.49634848676881071 0.17341821716004832
0.50925690280583913 0.67243977112960152
0.70778666645181276 0.51239266024559527
0.40436556088534098 0.88721725565597276
0.07199959728661712 0.70225672905849179
0.55289398643066279 0.03777019220307411
0.65293401012322527 0.11760533426217132
0.30912223261809352 0.78539070812356571
0.38306517324771611 0.17032626636585393
0.34247222376631403 0.82917383760728502
0.20852181114534407 0.70351814186950157
0.11626295501770711 0.45849100279899796
0.46348693407764352 0.13204823443404182
0.76837535530957135 0.09862487204187000
0.30329929857834997 0.70672869301502916
0.33545141818391633 0.12290584738262068
0.11056551273840307 0.46226728268899009
0.18374440603668746 0.32001620799820557
0.43014872282795347 0.53050697746317865
0.05462218322072191 0.45808630574182696
0.21975258356483449 0.36689484680824941
0.40957759738681943 0.27430849490763398
0.06010071229447857 0.50980496602007797
0.74000331260971774 0.40837592358491176
0.69773753130848049 0.24256278194815264
0.40609058060124098 0.47169033201837218
0.04615969031567646 0.60947648345864103
0.16980580300513307 0.75967618898273093
0.43491647783351828 0.24318145220136905
0.49256642076354396 0.09341030921671668
0.10787105468157764 0.54168694449370514
0.75194323788695372 0.41417370543835480
0.50621936822532465 0.09149183768459425
0.33286634854952812 0.25858602381187257
0.59073229052842924 0.78492722620814048
0.41087459078844529 0.90741441129030787
0.83920982699094082 0.25713337079438497
0.35045886756057848 0.85224942212003774
0.32519277357713283 0.68120055792388068
0.30177059697457326 0.68617379449559646
0.12789474350498747 0.44112692015901911
0.71067192539502433 0.33095756051526548
0.23823146747543064 0.80726386011044438
0.43354934303763365 0.76288390058791777
0.20362918078209374 0.91684727862806858
0.74066891057981343 0.29646987952945242
0.41246535533880030 0.22741863474080370
0.55365056689522218 0.71207247099594995
0.55919210569891931 0.50495123645889861
0.06449030851648441 0.76854554484300719
0.20633742411762326 0.42785823330746386
0.68025992535011293 0.08275401706106487
0.30575863103834022 0.40835099573686867
0.20866850530207767 0.90912809624587787
0.73985778545927194 0.53891746525992590
0.80157151702742058 0.43818416820283973
0.80994413752729477 0.26453319854231422
0.74911396818916731 0.52793598477224613
0.52228527121774171 0.64407353882945206
0.71187052282674623 0.64687716475882806
0.76428717977492477 0.32455123023779198
0.18995695452904945 0.46724078162290761
0.22606355024591773 0.64350274502306459
0.48300251604698641 0.54161300605915841
0.59069110891189747 0.28493862817788285
0.48147265735407818 0.65101811778459651
0.16698613863667866 0.61379106651502802
0.39171770250121418 0.77205072431837918
0.25957211508663025 0.83748912642980955
0.36626781776072659 0.66386867976995145
0.52771255841919773 0.48606856523473080
0.43158241813483267 0.78163813117962699
0.18569529167834056 0.25305700772198803
0.32293638048441725 0.49456778866912421
0.64392749067342758 0.54008970874647000
0.49908921571741971 0.07689316852289338
0.64301712293324909 0.76514214602007335
0.51701566438202728 0.58897525777404947
0.28652884506027293 0.44447630900747848
0.10227136004765880 0.53043575518467145
0.58579224073368619 0.24643743689277278
0.43676913694929670 0.88328206985601387
0.28561240502373259 0.92204569807491632
0.75662489700055902 0.43832595977446648
0.66541779948927993 0.67470603844989707
0.25285157696964339 0.16873000472971098
0.74978941493907403 0.20236758709206923
0.24074492055694688 0.30071440539098115
0.10084464765182694 0.74382518886071869
0.55962801389225603 0.86980858106829184
0.80278784701451977 0.27302240906254371
0.59420606159453959 0.08797458236343464
0.16613125517800073 0.70263471148345280
0.12555853884000207 0.90308328887570732
0.78504170581129706 0.21037182090745477
0.24752712426101239 0.19748822062601021
0.47870422134293783 0.87027842091348995
0.62215070773946590 0.15021811291899298
0.16289798122912150 0.30212257420195693
0.44196563081360712 0.04386937745457895
0.26505582689280854 0.84918751313508267
0.71375484747049356 0.27005467726103299
0.51706980060444319 0.60260504710215668
0.66456026792150114 0.62419650659420589
0.53746705113392679 0.31444460179968947
0.15102516477049885 0.95303594656847124
0.65673735021193158 0.52646684781718645
0.52900207203023153 0.72965271781888696
0.40189575123837157 0.68559915938957317
0.71598864117097305 0.31931247908749533
0.66279607888890757 0.09659380476630733
0.37297558169714018 0.18395741436723045
0.42103067403568639 0.17821206534689876
0.71824658464642333 0.49372936562767095
0.44087268594032963 0.88982988154395370
0.01605137273087637 0.77646507429981004
0.42839315920212301 0.92507102351895776
0.12488891128599255 0.34111058195394633
0.79675370783637578 0.14198278921217111
0.64920510303093470 0.56511658558016531
0.14808429055799810 0.78249949586329270
0.21572269506079192 0.79075099918292269
0.20836835686336733 0.53316400580164958
0.32949459790843566 0.90441666940753240
0.61492615483996571 0.58760290216276989
0.54958481912335766 0.80686608209229949
0.71991157336252931 0.26834373574323533
0.15300393288107911 0.84198434809020750
0.78730143733942248 0.50541553244262671
0.39566820411639303 0.08230677310906258
0.11998451300307993 0.65118689996070389
0.64298815835567424 0.04932890918619356
0.43040765589675578 0.20413622940397047
0.06624246364289975 0.50072340700900264
0.07523196156904884 0.58211070969519896
0.74899745391935890 0.45342644655436953
0.70690439396482130 0.70352935772756475
0.04200229681914559 0.63834745069011367
0.49467232212651940 0.76779249434158992
0.12015302838885099 0.47543943967578023
0.57431546968976444 0.67132095994497532
0.78181251979609534 0.64259062933905509
0.60027257492759445 0.41321879351868934
0.21856649810448778 0.89405552628768181
0.25313603796868439 0.36506126862289567
0.75959894575332099 0.30111831929016847
0.30462715048035111 0.57627364650936941
0.73089593010592924 0.68885356979516443
0.24255077264655150 0.34779902381757105
0.23892129436563722 0.57803297957821165
0.33848779255988021 0.59937126255910189
0.52908835599349224 0.52535192376750284
0.39771393332950494 0.34435799149957358
0.74446089772802448 0.17583560075333612
0.63686536838956564 0.80034914353282738
0.69283605959206551 0.48822313006572721
0.31703727210025834 0.75450741336996063
0.49015779653810643 0.45629852206089017
0.20322533775953305 0.79313069359398769
0.75326033824957539 0.50113738848998235
0.75655973044950098 0.52114256504788803
0.67173447221465443 0.04706063348092070
0.59990872859392907 0.09531609700118647
0.14371426593409606 0.87098760922860308
0.28322506427161848 0.47167588314878722
0.58654211589319682 0.50918535002925069
0.29803067931265542 0.75210487545131199
0.35054040652538077 0.65381737672542661
0.30166907675663251 0.19679959018321580
0.45556316947885966 0.11578588710607703
0.42235988555416543 0.53007842678655159
0.49524923258863779 0.32360333287392784
0.26164044553203181 0.89640351829748943
0.38480826586616523 0.46633910844682530
0.07644300689664843 0.74784904307103384
0.52306307776197647 0.15223065185364656
0.40300063474934511 0.51620012636850710
0.48308780072739338 0.08359440106230734
0.65924431026395924 0.26457873540568377
0.20119172858447468 0.63455984065712412
0.69071603615048627 0.02612337272835277
0.51430219539730171 0.52505046995286120
0.11049786694938411 0.49867203084304385
0.27732287912781156 0.45816081523351476
0.16202384127548747 0.82446363101276743
0.17015928629828334 0.79631270792972431
0.39684147915148249 0.14232913453187279
0.27943643820623182 0.61899065541338871
0.38919276546130221 0.49901378629115151
0.44432115589023641 0.31889802613087043
0.44484566294617389 0.66819151062212423
0.31587057401082302 0.89559817262487162
0.68909698630710703 0.67967806976329848
0.73645862624999192 0.46219957163381126
0.32227294694344316 0.83999510005624711
0.72029773620566995 0.34986902295767652
0.58093261910641569 0.76922872177482104
0.52790911330582801 0.04363676713630545
0.68074346119257256 0.41794710074908453
0.57454824572730312 0.09578755240498942
0.59005906645445805 0.33992965806786768
0.50445573071100258 0.24501215512003763
0.03424248817071288 0.53348644693910707
0.05136789392359943 0.39979974406812568
0.09294032148892975 0.83452187326877048
0.48455443960673800 0.62694531365243233
0.32146308633604215 0.34835290460901730
0.71632950797551920 0.37129369958878616
0.11796655952904896 0.86436178850329715
0.23547954574008761 0.26945346543034854
0.36945849975344247 0.55641355246170099
0.08029453539775930 0.63595229852826929
0.33074863686043943 0.73865338827931293
0.23693532362605033 0.51019450321980586
0.64090244627541604 0.08892374330907697
0.17987610293552805 0.96901541820913706
0.71928331661659806 0.07262737978355978
0.63213259497408503 0.64750613254192280
0.41678691499620124 0.57871955266337993
0.15144088878648085 0.91063475147488382
0.09762264026533081 0.51210333533394103
0.45955430062978242 0.25412005299141827
0.26960226233114154 0.30596028247534590
0.24941419140432455 0.20293927144224197
0.75924707910004730 0.59416779302510503
0.41082509086843705 0.66901620531099359
0.13579494457655972 0.48308870953463673
0.69059512534778922 0.62507055382377097
0.36032517106725959 0.27955077559937463
0.36136217783583208 0.76619199261915250
0.72470640402990083 0.59992733122160413
0.45765385384643442 0.19298830403283640
0.08104914779890016 0.60160712696930863
0.37225102936858767 0.25773728631489068
0.54378093838935182 0.29264038766486516
0.36359040205148979 0.32193376925871947
0.18085972737611375 0.95255201506458764
0.66921350557895587 0.16746831299763174
0.06985036291883039 0.68403249335518823
0.55267801126197247 0.08484330741687439
0.39566021236885229 0.84181153657653318
0.36618266134815375 0.54979619051848883
0.59080155648653898 0.49646718977129961
0.72740321036489453 0.42222571705543738
0.59149528754463565 0.64429940237037353
0.72586113645250538 0.71292745952296788
0.06567661669591843 0.86341597551191440
0.79962087280390182 0.47566127477489167
0.29020295379899380 0.47434017687929758
0.18525385119252052 0.31472646684057770
0.68486035446178806 0.26433982192785094
0.67437076339974245 0.31538993185672515
0.81216661789425726 0.38412695865095808
0.44804820761978753 0.85087940053549516
0.41799065654662265 0.74994673650993593
0.22607728164000507 0.23855162958802748
0.56018622200560186 0.85423716480217460
0.71681725932901807 0.21206589859082103
0.66403088525003529 0.49832024182613804
0.42023325264587702 0.69563392685782910
0.82087146054578997 0.28399406932840904
0.55617664458776628 0.22825088306604543
0.84819863785259353 0.34864596836828626
0.64483073531832247 0.26001744609600358
0.16267086583477433 0.81272399049916122
0.15568156772843891 0.29551322278319697
0.79393726911105522 0.28861203803154289
0.65838116576277372 0.28377678848406906
0.49064095428730919 0.09767780658554896
0.62102004586167003 0.72641120233124157
0.12720922328874865 0.63988935558134541
0.63064075404789077 0.81673479820926920
0.36232429205055300 0.69493528858054887
0.31585680377326564 0.18116074178033298
0.73964394846742998 0.11964714203499498
0.44347934432191077 0.12000480947577533
0.81587110065943302 0.29907866174548814
0.69292419145821504 0.36624819601987169
0.68000463816010759 0.53340138446359031
0.24726308708770178 0.53345932109228078
0.20051747226763847 0.21853947337188803
0.38163974029309528 0.31252887935017598
0.75045946864665292 0.05539857389719386
0.30691042031512883 0.70035765786755477
0.22350299478006130 0.90274337610420086
0.69387085873874921 0.68285474316874861
0.54398798610964416 0.74048461589177450
0.46952909165473339 0.84804530834235137
0.66595823125942932 0.36009277561273556
0.42241545958551735 0.30866835923600272
0.29365250639334944 0.49186865016980769
0.68237100948318041 0.48008600293713560
0.78110526432830651 0.55115598743794925
0.69354136244804365 0.68773575926921415
0.77257542780073063 0.12866962270303722
0.30231688771109189 0.85548410400652342
0.72404706787623696 0.67883179346737677
0.22089138835061436 0.66609416457751291
0.42678168580641052 0.25829010896899701
0.52709314743547608 0.40203731031249174
0.36891121121905868 0.65030772111093949
0.11200943383094859 0.54659898442998067
0.19312019932722324 0.59015676075020074
0.78590524532604955 0.47304949025333959
0.60274119760766542 0.20911384892500745
0.17321373565913781 0.33122403905386105
0.75843686547970346 0.40805846744154528
0.65918265919152941 0.74284745045605849
0.67286908318053429 0.11228086124287316
0.74534999080599651 0.05972932497892187
0.57248811578186720 0.51405421317728173
0.66734415165034700 0.31156765311456164
0.43244536317299498 0.52381145528580186
0.28541302490231685 0.18160311426852252
0.07178922574278195 0.56678347839486543
0.08827811900323017 0.88482401301296643
0.64447717017208273 0.41094064804709590
0.59907040443187320 0.60732340236444560
0.66967921016717724 0.64603228824435599
0.33578303082050676 0.86773002159335177
0.61168878464608278 0.76340139622872683
0.55880518021385717 0.05756957749083804
0.41413353485882115 0.16065936680271178
0.82028046369838670 0.27586790953227919
0.55343467086872711 0.18403340306252133
0.33975940839094221 0.61437057914229987
0.38378325219363824 0.88780562332539825
0.65831390588055250 0.04248426059144577
0.36434863997334299 0.51023206486208983
0.78891371121485387 0.53534737769568597
0.32889874208029007 0.62763693638379003
0.51776322980578748 0.27764236662611491
0.34693968764100264 0.80726165255434013
0.74779879199269483 0.65351876726711866
0.55073309349310040 0.85921986975351383
0.01138275138762293 0.63293104770705744
0.03619990143283248 0.65680658091115884
0.31382538232398705 0.22099381625700720
0.79948865992861717 0.11684754887831095
0.69334658192596621 0.47334820619357015
0.70548549268798932 0.59915863113690415
0.25700396670410958 0.71455545016729949
0.07425928653907861 0.84233787149035388
0.23781755379291722 0.67213022378728826
0.33580702716828492 0.15302084082118725
0.13516856691102699 0.42127527765211004
0.77907998005042944 0.55716115622159479
0.23893441637212812 0.74640805403219823
0.45305014677501759 0.22999628283801293
0.65036949048635617 0.58537858530567022
0.29076551632527997 0.12492859031397223
0.63707441292554412 0.66493509198942846
0.30713958328703939 0.22358650794607177
0.67188075731801622 0.09208039334086063
0.71770251814623576 0.34185876877257176
0.50486874180485763 0.32617258094963003
0.73125982583793103 0.37966794236116042
0.09097335491711873 0.77147327110534880
0.71282091851249318 0.72513384222880373
0.35622437667406953 0.20286812558338690
0.49979731922709575 0.86766561641143924
0.14653211300276603 0.84390290486413422
0.06944917587748636 0.88072447465418247
0.54800374332768143 0.82565462492035269
0.52110832674477592 0.13945323641720656
0.29733750477263748 0.60001981320612008
0.23684564960567600 0.29480702866970904
0.34747414642954788 0.91521276415993991
0.13187800026823018 0.87906120048211456
0.09672192137231921 0.81727896086720409
0.15277075473940330 0.32762152501871084
0.44503153048809047 0.90622300937129729
0.21134448471255204 0.47368184906080435
0.14002600279382718 0.39995855804624530
0.42285874718829281 0.49650175152157983
0.75538485158109125 0.65409951556041956
0.08709084206037451 0.93189772192476195
0.33707603678985831 0.18311868032979720
0.19859690040122607 0.95279093036707996
0.26877637568544710 0.55911194247509810
0.16233049213881173 0.53264115794563305
0.61783230856129090 0.04582916590354164
0.75170781594178615 0.28232393541858053
0.59093381291839908 0.29194514858242704
0.67135952475893990 0.22687176662537803
0.76491950427664612 0.28392061934128304
0.48774516360389947 0.25052605933902444
0.34311951470234553 0.45362040551240401
0.07641149536879466 0.93053929417983061
0.26101067943768064 0.64078172176725978
0.05302061164001614 0.76676384347055315
0.61311269460136819 0.33379642971938689
0.39394104002782560 0.22276805192014720
0.39578811011460147 0.69033025078399624
0.33015688915626040 0.56245094774789950
0.83076660529403235 0.31269036110458193
0.18870201775115142 0.85015341244294518
0.67469738497320952 0.07576180058510615
0.29655908732908848 0.93322833141880490
0.75033271030343196 0.53329172692700588
0.28375491595774216 0.58036290987007200
0.60974736943634322 0.69807251392960068
0.50728159915689286 0.22900591453551317
0.21975361454750661 0.88686843886906952
0.46345729663172563 0.19676753936544161
0.80868244256383515 0.47145810635465646
0.17113845575204356 0.58876457779315949
0.80011149576185436 0.21743369087546396
0.59999396842022978 0.62121648038204347
0.65633989880686117 0.06743488641053101
0.37819316689022209 0.58990747586067227
0.57295045978781356 0.72084856977527800
0.80340354277470893 0.25761179744956070
0.24801645331001454 0.49140272786227596
0.14167670440633856 0.60258754704286066
0.70401265006756175 0.06255820910395204
0.17006136634635571 0.38976842563834979
0.69362266620003787 0.26685493147902550
0.14207385681532345 0.35915122464127835
0.60695787597977835 0.07214013270364927
0.10203644676367712 0.95289030672310127
0.13308798979145323 0.68791288486294755
0.11932862947125915 0.85607882010048864
0.48906248228017379 0.55320222943736752
0.53532934882308647 0.09344655247793474
0.55275447756134810 0.78021895384334905
0.05188222302271946 0.84448609365092475
0.75941002962474580 0.15451671909508152
0.26302275882703607 0.71040714334177613
0.48821433575814643 0.51416479216662270
0.80993393869169217 0.30155358105638219
0.73321538831032051 0.59993101232924240
0.27940859462878298 0.89536158912815655
0.24914791053148433 0.22174578241240175
0.31884432901608417 0.69211650961326354
0.19409383050775075 0.52041782368873046
0.19374003543581544 0.61133155275571571
0.78138574492467505 0.43697594543758617
0.12205431070048926 0.82038622689433749
0.06569001897757974 0.68153777113568481
0.46066395229671525 0.41470285398020246
0.30647508258717759 0.76278151896225810
0.31962007449649205 0.95094062852435579
0.02832866170973915 0.51289521184913323
0.71745430028410706 0.43628830716012978
0.53634950398491799 0.59556634656927776
0.44905815504796853 0.64225637176261419
0.54524997714967116 0.64784603052087286
0.01728355107334920 0.74524094286684839
0.49409786430786545 0.64409387905453652
0.26398671528824880 0.28143114609787684
0.46039167985774121 0.10139830964424834
0.28124581270308630 0.54318882955648251
0.33499241394377305 0.17556707594088830
0.16205232514571680 0.91833200290071770
0.09303778069066922 0.88220260921687554
0.15433205456882754 0.68554092614738604
0.13842298397482833 0.41617012266442127
0.16941331501852508 0.57554322317415574
0.49022975308053340 0.28986111239926343
0.21871675368014640 0.71397072008626083
0.50580073274925808 0.85261135264087062
0.55124717660262956 0.35831522514045927
0.73335659458830194 0.49672708168597446
0.25152687176969202 0.40178268453480132
0.19075421603338485 0.69204044054900715
0.65917795110356803 0.62662518243829557
0.39987912516685431 0.88970632521333970
0.43731692094717894 0.35826767163852380
0.14482040722075087 0.44901874021392235
0.48602170332386307 0.77509816103007001
0.56777525545326168 0.67847641934175029
0.41346250744126584 0.25253840577691444
0.55438902025464032 0.82247841886008188
0.31937726665052879 0.95847027363571224
0.40306658249124622 0.50200637395495717
0.74817706726043065 0.24227161981470899
0.40094698515933197 0.85322587317714027
0.17122983434784236 0.46887087658197563
0.52173124060104004 0.09697253767942481
0.66641594588729824 0.20617326316339538
0.26995410200320002 0.20177186341913120
0.83917089293195579 0.30925506046718898
0.27613392493770894 0.75043848291926341
0.02509725122725029 0.62860064375843971
0.26478871791924408 0.39786567321227129
0.51971418185661045 0.57515449106218108
0.66497669864331299 0.67988577210717194
0.56537584038824773 0.77125080332017426
0.08585428102522749 0.80244435847307438
0.35796685276930723 0.89259711104431583
0.47338766780336150 0.52989084432654243
0.06494298767723737 0.71173220048585950
0.02912660885411920 0.66874017004515562
0.04701562712950182 0.41337572314027460
0.53184144365179542 0.29042286987831778
0.14164903541773333 0.47977060641644403
0.22438558530980041 0.25611400354273972
0.57481592587978936 0.09095955525014136
0.68287633852301288 0.16588049693168783
0.53745200806858362 0.74589872174465266
0.10746593464090598 0.85523668706117340
0.08420210320045482 0.46914195750181215
0.77515185122768371 0.27857959095662360
0.19680671460651100 0.92372422550840261
0.45652873261287436 0.76009486146303595
0.24080630125368641 0.23549782444241191
0.31535634020027392 0.92851817383775126
0.54980446803657645 0.04309572450786180
0.07639119104478580 0.63934778194399533
0.06026921190474457 0.69391305425209804
0.02697999535345240 0.82173279800470034
0.72094813419071369 0.54212337355619822
0.64876328943255945 0.78403997941824377
0.09058808731329229 0.55964391770046329
0.67617404805830472 0.70974895738222887
0.34466167952960053 0.51154124802213730
0.11992284543877627 0.49368724540503739
0.32083224035615682 0.67502871014245724
0.41377163409888962 0.68309711384957916
0.35950709821597199 0.43019943292760704
0.40179706514783109 0.79962677819065942
0.61447186654837516 0.46336463638533265
0.33054426849670754 0.70412040070573823
0.56767601058629336 0.19936385096040035
0.39840181762064447 0.20137409950522359
0.07771727744628296 0.45421440020103859
0.40256812480054621 0.38701050983577956
0.43336322569268521 0.63065436228418315
0.49189682013203889 0.26352986645567450
0.24315071787730166 0.82084389584632611
0.54286947288922471 0.17500328979196705
0.19960734998826093 0.42685934630769024
0.42942298376876298 0.16456219752129153
0.53999841837581397 0.05612959949057532
0.25825868221888865 0.24745354368794287
0.36136673036297423 0.61270872808071963
0.41602879467905896 0.36170383447468379
0.36951400061462703 0.67029982116230236
0.14579999524220408 0.72516143427858371
0.37621437383596912 0.15300364116745058
0.72992157360732346 0.18115479914695143
0.74490740119180632 0.20578441336213665
0.65830062867955397 0.22441387252229733
0.19230432859575095 0.38697309442879879
0.45507424203103791 0.41951462509497983
0.57318907852626888 0.22653405644130561
0.36926757866133797 0.30117269035529276
0.12028324332374962 0.61695038301581084
0.68017321203765768 0.67413429947750103
0.36893983543376085 0.24159686905861719
0.58297602086321254 0.02685078987586340
0.51353941931677782 0.49562252654824640
0.11691351109346171 0.56187730679251247
0.67956671212741959 0.32020612025465639
0.67377381040439288 0.53015182425817087
0.10298828907392907 0.67755633204261034
0.62045634106675274 0.67975294881507664
0.74868199342233455 0.09067364316669693
0.64507954854216631 0.33754039172151534
0.28883250343160710 0.62803759122955383
0.47765760104899546 0.46425479129543384
0.78692597859254187 0.24826955673313633
0.11987342973907042 0.63939910908650799
0.53316505663484204 0.58900365266106136
0.51674836897743925 0.04437654626099603
0.45345400943442421 0.83783555453949610
0.48614381430805126 0.38860099682843530
0.06043649584961029 0.62614299423754849
0.32671177579214222 0.88317910875697481
0.61856315108072624 0.46944449667854099
0.04508008381217445 0.84436907828639207
0.73811680430843418 0.12539635539322574
0.30170081784795177 0.49774028703234419
0.17918333725115743 0.76894908649396476
0.48252135007165459 0.16847681465025935
0.70847716982737807 0.09742232032678146
0.15568811295638268 0.93227388235251152
0.60441492370682381 0.34486462151645947
0.72613316512790760 0.62361788474399971
0.49243348880661914 0.49388781269732474
0.47345359097300616 0.10804516100455612
0.28166488678387408 0.43786682292729073
0.36281086537842816 0.09676603488142198
0.33428339462790235 0.50192982085594362
0.74992313942566446 0.57044294531649220
0.37116458791506268 0.54418954934302943
0.45809267107087426 0.23450021964146303
0.33413187104127712 0.87424814735660106
0.35982884369897072 0.34161414399333129
0.63588154402666819 0.77119541058985064
0.25839239072570253 0.46442457029223039
0.18174108968716868 0.48848260253804071
0.12850434814760747 0.90663580539700273
0.58352842374212288 0.75675925591356530
0.79115339183412270 0.22419695161512532
0.72221634364114806 0.06691591554974896
0.44066450380430033 0.14843594733389939
0.29067352225570869 0.72018330606288228
0.10573338766505457 0.52604618090577926
0.38685158494314903 0.15529921790467549
0.21590858678094846 0.29461203521864920
0.47648609636386585 0.63892547527478238
0.48989739528091525 0.76286998897651981
0.42931235997648431 0.81618325467254882
0.76639977687159555 0.50680323038523212
0.42178178729320581 0.12763572965964459
0.55940671561346933 0.70819508835614176
0.38975590852804121 0.78678255894008708
0.45738372737623734 0.62953627456725292
0.67256481658582667 0.06993636833459618
0.46512046467646873 0.68851741081946227
0.58184615791508598 0.56642719224955063
0.79807412449503501 0.44766959639537779
0.43816658088804905 0.18077205200541477
0.56802131875902973 0.04549947416911661
0.76996854467384335 0.24616270072815319
0.11661555825528608 0.87885194930926280
0.36362744178165657 0.77285497750336918
0.04948391882948546 0.60471191663479185
0.10588006030840350 0.89951484906706758
0.51334021043585309 0.90629050548075618
0.52158133939185380 0.78267094961596317
0.10966448274785276 0.66530865376016957
0.82224879071585544 0.24082617970103115
0.12342209594797986 0.73380190176696991
0.43780591300868521 0.27944186563118734
0.43693804497251720 0.10734941339416244
0.29530541769891050 0.66935505465319889
0.41522970335796522 0.73646355534631991
0.26188839878130571 0.96330538155704459
0.36218002271689720 0.45224967770625291
0.12920853464010063 0.40120868537686866
0.11984978214608050 0.78060784896146895
0.79625630317403040 0.24027810798995691
0.25615344664252715 0.47678769063152227
0.57129902673294009 0.08559180820388483
0.80225674630433608 0.48516347000091098
0.09681506975206992 0.63181526940330424
0.36516536986658144 0.84557505169524305
0.41649990094905781 0.21351967660018784
0.26110196972882660 0.67486580541769126
0.55561641465945200 0.16749984227109463
0.49472856362401718 0.78448025535615284
0.16809734681889227 0.88513077291499753
0.67912006896819666 0.57936225194735791
0.48999345634053387 0.78043675352415365
0.72605954428889197 0.12754485621273773
0.48290273544179740 0.79781161331999184
0.58198709361119616 0.83962244219281312
0.20176186182427744 0.68326803702426220
0.46415617459010844 0.38800470577102136
0.61733932242362966 0.78144528244657774
0.68893131994971823 0.09862878108188532
0.13828697264556641 0.45010274862598160
0.30178236583695112 0.56941648693333757
0.57426824561630008 0.05914158745831975
0.63784493840568957 0.71508079190992990
0.54874162345181132 0.08247887064740510
0.49867012924522441 0.74610379164473772
0.62915013701942168 0.74384500072291349
0.79023955669376478 0.18219493427397160
0.32301565101163759 0.36925737244329149
0.29088460879445716 0.13292830034818123
0.19742232065276283 0.64115296144671508
0.74030962047076554 0.58344860698333245
0.76264126088469741 0.42751068785248530
0.69691264225218452 0.39585941268037261
0.20810492308929954 0.28764475373728104
0.53038935154698519 0.21939040466753365
0.19665283947367160 0.25686271482325040
0.26316011667598221 0.89012758535997749
0.12180682560452023 0.41639797949933000
0.31474659372032748 0.67063563846214203
0.70158707933618603 0.09062355532086414
0.61145790059397354 0.26107866818772307
0.37338489407535908 0.71431842686898528
0.76950997258672049 0.15535364031310256
0.56636428961688967 0.69842330083054827
0.25310115551287943 0.88861186409675064
0.04008601774763167 0.74348310613274460
0.48526668901809572 0.92167811828861068
0.31447002915874861 0.18654211668279227
0.64016948827315268 0.60647877204950273
0.25106595304604495 0.20818591931120625
0.28555995619442703 0.61291319693895763
0.74835477909208004 0.16034199382981987
0.60445122660903849 0.69497706786362978
0.74427659430721915 0.43191579227109583
0.48010849812374751 0.61357919930096250
0.37013196539892879 0.90414654939757610
0.07038682898920669 0.66754949487365023
0.80294231231058544 0.49936228604795346
0.42174073855573890 0.66384243512079910
0.46724814671813109 0.89554175031225081
0.42871672046211257 0.30510467050903328
0.28346293239848686 0.38694726555186343
0.70402816006393409 0.32911694049918899
0.20871317363870898 0.86180567410269915
0.64113419614648037 0.17191037270869244
0.64915617737855735 0.63169491237524844
0.08913726659638550 0.65495002049668305
0.60394871969066721 0.38212028445795021
0.49585198085199683 0.26997288830745653
0.22918423990746553 0.60511396851327637
0.14439862677071766 0.58358985261926144
0.37972849339052717 0.78551659228580684
0.32629105729034391 0.95365796851480777
0.37276288285644926 0.17107103133264587
0.33649115953309278 0.29113512933718055
0.40045559594516689 0.75453260519815724
0.69089226395410674 0.26059014174109868
0.47599583101039539 0.13397789113036887
0.21614695199056244 0.67305695227315965
0.78363435555625860 0.54578143415184077
0.23266901434126844 0.92661628772328453
0.30617998795907381 0.69139425009485578
0.11432088128097369 0.85697679738725241
0.75878143837881906 0.13105915520301173
0.48085665129089983 0.06171030787103942
0.56827412876631844 0.11669672829994537
0.27116144936332515 0.70668376072236505
0.62120882957708567 0.76805666240260240
0.74550797408307723 0.67148627005640660
0.58939914318882458 0.08623259980762529
0.76005722618020310 0.36484459199267372
0.13109302802047296 0.37501639542974852
0.07306360585982573 0.75655988113653638
0.68951626541627586 0.42793608851580339
0.80841674443848499 0.20005129059380602
0.41034305781352304 0.21071209142202682
0.21494969935346911 0.49474060106269252
0.51482104283525798 0.23741299407560335
0.75177477180191410 0.32498811123336352
0.80507861403817516 0.26280513247471815
0.73717668447213958 0.35914967858680580
0.25758207217678569 0.45649277094792295
0.11864973112704987 0.57544218071115716
0.66826352351819329 0.44210808617214881
0.34503392763822310 0.70580620173249686
0.51340887859832363 0.89137099046869417
0.37382513026211872 0.27743798481108922
0.25815771665703369 0.81129155014403986
0.18276798210833303 0.90494735004228644
0.04162937929865372 0.78345373590342260
0.30124894153998949 0.91416896345918108
0.54828163811551145 0.10022067920127133
0.45181535532591088 0.43977156949606533
0.40802849443315242 0.91380598361689480
0.60469942280153322 0.28935797764222759
0.77822921891343055 0.18565260643539816
0.63024783518276173 0.41896306435654934
0.50704010921453613 0.34248774299688589
0.47567503992345267 0.22435740893808270
0.31221902931012208 0.31666522469191632
0.72443902320313414 0.56464802790439883
0.63076421052644127 0.03643797473155454
0.39832263207035856 0.12589204673111293
0.12089619742227606 0.95112621062667047
0.31973135070767111 0.66588535566333384
0.47575203693695850 0.20321111792626451
0.12858167502218282 0.33693056385992631
0.48476756867965348 0.10210162661115432
0.39398787028685683 0.83615916486300990
0.52373657282062280 0.77748643726009725
0.02644414555974611 0.64045974725100119
0.30688642643283071 0.12291488174224499
0.32986790200144267 0.78716861785680958
0.76770174111226086 0.16085998392631701
0.69013029855190544 0.51768162749950886
0.83967749662950308 0.38035050431719131
0.45371545650164119 0.63610960203620237
0.63750746453396689 0.46229993782994766
0.48080402047923954 0.21954882181585975
0.41289422257660030 0.07260082540431925
0.60886476291119207 0.58990794032378235
0.23914713240978147 0.59223987085815477
0.38906454504022453 0.69474322907619257
0.49093455617172921 0.59277589322284219
0.12006758623470634 0.70020305618465606
0.71248619508668209 0.37628556984558836
0.51471005157625538 0.39083348842705090
0.53450710097578558 0.47465529327922024
0.54925533271147653 0.05361446262962034
0.51282661923078132 0.20148950979325528
0.38396717604160974 0.11292645392903794
0.45203989326221028 0.71541988068359941
0.76388811249443589 0.12321797920904633
0.76659071295634995 0.26255306473973983
0.10108685160602476 0.45876353146557636
0.08123802240356483 0.86447473312508727
0.46323409583395214 0.61386228763488793
0.75683087221681555 0.59875429837512961
0.34905988170904767 0.21601621900934045
0.30185873101107485 0.11482865004597345
0.43210158155901662 0.08164228692672031
0.19131469132009948 0.46065817249559871
0.33548305986729982 0.15830766740523894
0.12665146854507450 0.84248172921205866
0.37696360977783211 0.44601881461598053
0.85559645009111407 0.26815929103225739
0.77732703377929435 0.45911794079769724
0.06294379325067823 0.61688719829891370
0.57195204002947453 0.23404249986671324
0.78966767378571379 0.52510402785416788
0.75292218896946372 0.30097453844676525
0.29472287915441014 0.73850269431177029
0.18643165499739445 0.70466089365451567
0.77730124851276106 0.13134329801599046
0.71879449112322036 0.51404288961854683
0.79688700008334890 0.52574200546465188
0.41900884998890003 0.71215531151228006
0.61015133819023948 0.68668005182609171
0.35624033274936412 0.63551237492975110
0.34833101942089567 0.38210659414223486
0.18533791080610540 0.65085017791329092
0.26605460310000645 0.19086925406720651
0.14826041815927771 0.47992464932802931
0.45846902216463881 0.54437328962258247
0.85653816372378944 0.35327289565084530
0.62165453926745973 0.03675594405160818
0.52790677698733868 0.07621336582785761
0.45847795900660449 0.36614827156504759
0.31259836553502546 0.19707750431168533
0.76584801764942889 0.48722368175801134
0.67099918000787406 0.16162392644713316
0.46702271999517669 0.40241227871901381
0.67978213571424273 0.60425738014827923
0.63190543535271282 0.73880068018658851
0.40014813531517568 0.72948841579592327
0.73931334551684380 0.69159466602723485
0.56831013792574614 0.78991917566256786
0.62427106533509602 0.34628916892823092
0.36004515958151356 0.25234514838726319
0.71021371874764683 0.38412042015923009
0.28769980229576464 0.49647524192414083
0.10174079859767420 0.38281072116607179
0.75171857568701639 0.63714211949154131
0.07273130073813056 0.82994963104683883
0.68648153939494250 0.44941616730333944
0.70377581798522004 0.68123506511646437
0.42550652883203061 0.23199584085919778
0.20888437299632004 0.87322792009032824
0.68737630154945151 0.73770001417208442
0.44470342969861287 0.30677216745700009
0.09445466955671382 0.59289878103733362
0.65796689348179505 0.10672605020445948
0.20442393525840244 0.60685928512003762
0.69757158580373235 0.15817472244925895
0.10838691323193503 0.45044906257550038
0.55524101837671525 0.29354789094737910
0.78439975412061513 0.55572875948890321
0.68451439882971687 0.59461578601940057
0.41435324030825460 0.37651321745443661
0.57572413593522476 0.82377345031632943
0.13989794462770591 0.25601698035114762
0.31092660065780903 0.64489531994026261
0.01308337091298850 0.69584455331724238
0.53697740270897465 0.70236102358781005
0.40036866861198733 0.58394444679072499
0.77428726548275051 0.16874870682243912
0.79068278711549544 0.23873297218539316
0.53076567917098805 0.83013996912810206
0.14817204885872196 0.52473232021689908
0.09112324025030000 0.56670039455825705
0.54100371910442735 0.83073461589109343
0.34738770046972850 0.34617324187919096
0.29664588259557240 0.21827612719546136
0.49872491667372559 0.60386809116678952
0.75786744571473486 0.07970111621323768
0.71183712786875175 0.43877164010668956
0.44286379285776623 0.58975346254799421
0.64875198095282249 0.43713497147791031
0.41720587736488846 0.76978137484324427
0.38361245430402596 0.28268780842558083
0.18662699784113418 0.66932125754171889
0.36825752555431723 0.26352562167405053
0.28745339941338161 0.53381724844871226
0.24012734457994717 0.89227877009099166
0.18646645515362786 0.93832166264033867
0.29755319546364239 0.57686774770344773
0.86328292928877370 0.37874826481277418
0.21608039931577791 0.72070000348674834
0.36730636717792553 0.12460333894251881
0.40548021211954410 0.77123840231978569
0.26283371795387117 0.74057329464554689
0.44526168258012705 0.56026709211067316
0.44095397713909235 0.79731896386136425
0.77868800224016543 0.26376304297632652
0.65227700625475549 0.67342881651426112
0.48635909298996177 0.61092742685624823
0.04416115248111468 0.83806386942109490
0.63836432854859626 0.14631710150169056
0.34632837911521380 0.95560179647678867
0.43801662955303189 0.78442087530121807
0.26399475825645269 0.91805591113636498
0.49507259457905983 0.23067619225103483
0.69350570606643069 0.62053581690169979
0.40690324482968537 0.83492810382981097
0.47096502162446119 0.70095745296026046
0.16830243761456012 0.94956915819449172
0.18556447367688766 0.19898531306265493
0.12162045752521773 0.29341328595791177
0.23980378692643473 0.76833036232928964
0.38157420964010469 0.15178113077068281
0.73328359215619410 0.50397797885164264
0.15645162007473087 0.33105846250786525
0.58834752162096415 0.05267489079934638
0.49421741419839127 0.07615176247373869
0.22851388993308436 0.63593008240993132
0.82968819198407229 0.44178621861903727
0.71178672375203900 0.26396393422890707
0.72021077275873946 0.60666807699969216
0.55544022184012687 0.78474816687316051
0.06854530392534799 0.44729159027841370
0.53418219331578864 0.48894047108790872
0.60667160993236180 0.43524825394895855
0.11596258836503674 0.38833372150374090
0.80329778709874267 0.47208137547704770
0.46420352795326625 0.13803743369364688
0.40876039308357626 0.88463836466585766
0.67629235567603030 0.72025682298465554
0.41371202083504699 0.28044702488982809
0.14808815616578985 0.85223117981346574
0.53438605810023321 0.21337215799411380
0.16621345935801346 0.29747877376646986
0.64830697540360926 0.26752401591513308
0.47360922507337211 0.49927869370622607
0.73888017249211113 0.67011971296308470
0.73993460385601895 0.10932791858026390
0.60023811222833712 0.04757430390945522
0.11705606141748484 0.31110457325069263
0.36616357460041599 0.74803346438551799
0.68763189603860875 0.12212608257068776
0.74492139160620552 0.43823779041288663
0.30293944668611306 0.43292121827307894
0.68412525396705937 0.68189649637656935
0.16464945018889468 0.65390981107412871
0.45253195328749740 0.86727616170583188
0.03083940718810918 0.69147558097958239
0.57040699575197329 0.79929236153839245
0.11254118430029500 0.74730732804221067
0.57583704837402605 0.47377135257986330
0.71450004862770322 0.17191771202264322
0.53460591868816010 0.37461705421619101
0.07856645641848713 0.77659147278283036
0.34984510282968623 0.18043231501908080
0.55578183453495289 0.14598898949506181
0.24750796275987383 0.18588848580438608
0.72325126846435817 0.09282439685672983
0.12081641179458776 0.90068869264082396
0.31164690453148591 0.12819765444184800
0.70799633535051631 0.69131029560439161
0.21191717596562373 0.91827940218311710
0.69496059134739141 0.43934318900245822
0.27343388794994483 0.25974737082296356
0.27584460836821156 0.56326002026205579
0.60441262139991914 0.30739671609743091
0.54154589153247301 0.48594283889315593
0.33674205730045953 0.33051891808168798
0.14145974912009790 0.56216899616515126
0.43006756867903617 0.19760125664050521
0.74997939128626168 0.60279791461594590
0.60185759205925426 0.31700339356754936
0.60569110927710956 0.53282928396879758
0.21725715976699472 0.22779598226978803
0.60454387454759284 0.07617933260482421
0.47628639474732148 0.09893599856808613
0.49700058358706389 0.79485233654683640
0.29992752543550316 0.86802969495378623
0.60314429289785132 0.81499255013675209
0.67699627283381736 0.14505363957241527
0.57824860718319027 0.25767219058615271
0.39279853452871527 0.40989513009036305
0.49553718581075074 0.47732687228594262
0.30600621947861556 0.86681377638927537
0.28088092971257361 0.94691261499060431
0.35092717950591912 0.66110953094995650
0.76589498298014391 0.36340304445880961
0.03814784996876428 0.58549670309591872
0.41961467595238927 0.87533618132363822
0.56627914990099726 0.22995702602683080
0.72844558242273072 0.05640433766074610
0.31855671140998282 0.28320717945422474
0.78411029652062236 0.28459404373112407
0.66402226098252359 0.08712815158614436
0.82051892765070233 0.35691267204691746
0.15097048715106604 0.84766440298398582
0.68781251494191498 0.41578503618210533
0.40734011098190220 0.57157764942942380
0.50197063020153010 0.34763477169955154
0.06598500286452957 0.65571789176025574
0.72822050343587630 0.20907313739574454
0.29368554453870171 0.83553785296004945
0.01823948751313108 0.56821738735045824
0.77291231275634609 0.22809384310123790
0.21244977629450817 0.72678380747657712
0.46741946496848641 0.03489451751371767
0.79405523121880051 0.11298181264208111
0.22038835050450997 0.31203369995737101
0.81140797428881306 0.44126238826433173
0.41605649799919514 0.24018032889059271
0.43204504434626761 0.68584645773851682
0.31695999823689852 0.53442122801501946
0.33526440616847741 0.73303948485748316
0.72243400595944507 0.57494380832620084
0.63338334940980778 0.22293680325800441
0.13399350143836844 0.28729414127069230
0.06566113963088616 0.80564605676900447
0.14989697667629992 0.29522376787547799
0.10517646718404694 0.89465826573186669
0.35772537159841411 0.65503350189479936
0.58780775460135681 0.65039400007577941
0.50513330798387834 0.86763341277624328
0.47197691401888586 0.72128989472628335
0.37546810451558293 0.88237959815382094
0.68503091239539993 0.39213471365853236
0.82916146166126803 0.26875326339353378
0.76022419820052045 0.67709206225351559
0.06483971874796904 0.81046912398449678
0.46177653235927935 0.44957336547930998
0.07662322523277693 0.70300478632773100
0.20313844763153455 0.34027576259798287
0.15223418394892915 0.66272652035500934
0.05482629824096377 0.67227645218497267
0.29216803003393993 0.29302693158101811
0.64853890831597483 0.46075203596206110
0.19199749856172740 0.90627578234292583
0.38863007380286124 0.32442134931451105
0.67364760356733777 0.58252996539450486
0.70820640497062026 0.35800293387161719
0.61588005343814345 0.19136139802794222
0.19945314163925923 0.97194809238889390
0.45647570231343859 0.61093616008366447
0.31008903727120979 0.88241073555040395
0.54520802994048256 0.55257683707576877
0.08422329315508585 0.65816921248992666
0.22135336493874752 0.65126105394542277
0.32377379380374471 0.86728187316646987
0.75942792988978269 0.24081610312621998
0.73186867026886959 0.62069241359989769
0.50719192180979633 0.82385686051301521
0.20865844324027996 0.18452922071098821
0.72922295561895079 0.53434838892019265
0.15216212582754943 0.30079147661453304
0.62935795831120567 0.75268372436192654
0.52620630102951405 0.84539810689762951
0.13511047355470474 0.87122377591357070
0.06102533249559448 0.85079532637211286
0.12533212486392387 0.78222647211677387
0.16673160044715352 0.84082127676861185
0.27272111689089440 0.80742061988488412
0.28920840316123003 0.18883213880858199
0.43784424669368072 0.83875877579084068
0.29034219465949213 0.32127456296566481
0.80820680545563917 0.14533622838375670
0.69424762857636924 0.29562201366267982
0.59001241486640388 0.25575040125113935
0.74274809697206767 0.46378595790782234
0.20978743646633902 0.64782451482455028
0.48770098523019384 0.27054582061292515
0.19045760551178628 0.60367542262088469
0.41498695598694280 0.64914664250579313
0.68412804301107866 0.20043299050798533
0.53786407900183497 0.74005432734729892
0.49166010502920093 0.43347347303916361
0.30789012747792321 0.36615766958308010
0.18184895899243442 0.79070905923526968
0.48676185914932768 0.28334653287539219
0.05597875432609205 0.69642821500944330
0.60984223125847570 0.72927309454981926
0.28648923387552383 0.25788071029148962
0.33143930016401252 0.71101184086182501
0.16059832007222336 0.94155804758006134
0.43681330813635771 0.89390657496075709
0.69554063824479451 0.57528826252941589
0.81957826647024079 0.46509777197181829
0.81455353319708901 0.37941715526462233
0.74731274468264930 0.47818493710290899
0.52747901654107376 0.58504101072699510
0.50906266185047355 0.70171472637178889
0.67753347672262509 0.23473338913441025
0.14571648192978784 0.70781038679431785
0.09523447770716177 0.76061025177322217
0.79927315051431180 0.20169419208477363
0.58580249414727015 0.81708902448459919
0.22406903211763393 0.80598513884572787
0.29544788808694666 0.92232463719991842
0.57462675731131141 0.80790577382496509
0.50506737256934120 0.66015566398822167
0.09440454183015846 0.92887143093795677
0.79982510381271732 0.36353696640246819
0.12116482709244696 0.52516917128971197
0.36531939752905340 0.38946897409715803
0.72193234438091491 0.30174872116968332
0.71242561594960596 0.21862376406423925
0.43069396956135608 0.06155997521499016
0.35370785120126969 0.76158497890754340
0.19713360472371369 0.27245025737485590
0.53394423834439508 0.44455129804159776
0.74164466160247422 0.25890799530624536
0.44171821199750799 0.89615956099372718
0.62098543183669752 0.64165651717557992
0.81796605038668324 0.49349181733266889
0.75222655022357576 0.10892230288148189
0.66768876568876745 0.03319730049159381
0.16407095198203886 0.63276637595102636
0.14059806022437463 0.89387237679624176
0.07037921861770950 0.82393432051348070
0.38018814122625971 0.42954634308917627
0.30962803956331925 0.84361317527227864
0.02189569416419967 0.54026514582819740
0.69695858591713478 0.27964054321890336
0.22912324360344788 0.25941993458071999
0.68357035215898032 0.20778803383002881
0.68862130852745940 0.10391621171577985
0.75940959562701882 0.12583455322977843
0.49223475051330468 0.80530263309230410
0.19311528759214058 0.21636551404502638
0.72014522179273965 0.44983494911652644
0.39067281102121543 0.64944938622585380
0.42390502523081947 0.13516441709148466
0.61189499334928610 0.08018710739993898
0.46743079594487807 0.18258261237998044
0.34978593401000352 0.15614626537325477
0.31361341555235089 0.93412240496155319
0.10836147037909104 0.92822010678655575
0.12738112969976276 0.66957651822324438
0.27715710427868351 0.71120794638691520
0.39789664791901835 0.52986029111739608
0.30152869466891158 0.54093655892898196
0.45848312968911326 0.35190823067300903
0.28626441990749885 0.43250813456763482
0.16206091660177102 0.56833257138668392
0.18750361843065405 0.86501997926240992
0.69570515202787642 0.20401984106207641
0.84215868481376821 0.30369302023362843
0.08578215181562956 0.63823143009446737
0.54245153415659886 0.10141720509752138
0.35201862823514174 0.94330805534104878
0.31032691780319449 0.18357442751126277
0.22981297374734946 0.95018907171583278
0.41528468372287664 0.32487897101422891
0.02085076792687196 0.64808959330615501
0.07443449877107955 0.82575239181265281
0.47777444856353701 0.04753525944043212
0.63263803352875259 0.34337417394549891
0.65825338278036127 0.09499701365331668
0.73941457625772311 0.30260963383224676
0.35366773165235738 0.31337305890388467
0.71724226102509858 0.41096963122079705
0.58039774326193683 0.57313941921710310
0.29654980380544932 0.76061150605615080
0.41489018865966965 0.53026481435517581
0.50051346575538058 0.05712698162003508
0.79092889236004271 0.28425921852855568
0.13892575582566294 0.85805374193403483
0.57496903490980666 0.14657516900083262
0.75763661170842955 0.47231898828668273
0.42872595705649885 0.40809892613491866
0.68558299926197797 0.52729368982961689
0.43872313839081217 0.11744348048593328
0.37219972249923555 0.86705877169753542
0.55491075482857410 0.19881243444245530
0.77998014877044997 0.31502791384182066
0.68732420318500986 0.73059889170689751
0.31571472485075119 0.88072299143680155
0.55137249097082397 0.08974493443535057
0.43972285370693093 0.85877896718795921
0.20195040617128465 0.92183396968136389
0.66208821057139566 0.19127961043972749
0.15474635175219964 0.55150862000110423
0.55737462122282833 0.83149327870042367
0.68943073606547023 0.50342169988067798
0.78351439166150338 0.47741577776205046
0.09231820051390469 0.73630424163556651
0.44960391716005454 0.82823087737428513
0.34012310237678101 0.31678296074693768
0.71348881347176563 0.25734675628712711
0.44570846532393243 0.86993625315654621
0.07612779837448361 0.34590329183005902
0.28946639009314890 0.52478687688588532
0.81271198614864659 0.29096225555117755
0.49564497247807898 0.58784606480679469
0.63673036864931054 0.12354356642082982
0.55807205231000090 0.77913057894864723
0.28900957030722119 0.26375435375083262
0.73351413744002869 0.08571424837127758
0.82570023511016344 0.20414134836862827
0.09924147351488635 0.49821356620532464
0.28293105823359049 0.59853268805703164
0.57364340834655259 0.11901340563406451
0.27911641843622575 0.41840379564920077
0.06338812733469834 0.88249506748673334
0.45197398046259540 0.19644619424477627
0.66755623778244610 0.08035085180773852
0.15151164786247442 0.65146115958117279
0.19809086039577808 0.76511761782462362
0.19640853497508129 0.66013537795881017
0.73620399127151204 0.62373409373534339
0.75262483033662997 0.61339193046414608
0.13516536220194245 0.60357781128064325
0.77778931531717754 0.19141526618171392
0.27209074624669011 0.75785092340386395
0.70892938767165903 0.66363967110091315
0.12473187232719206 0.57785601375557416
0.51221318876636257 0.74445385757725202
0.69159767884463630 0.64032288819457950
0.23557377623952838 0.52544537792555701
0.27510410291429899 0.30183643338946448
0.21367273705437137 0.70944890459744081
0.46203178484750207 0.15698028735095682
0.08881779978300629 0.91075643777969284
0.28633389285341626 0.88732954004046949
0.53749674635282707 0.04463469229418308
0.66260647332951361 0.71204074299347364
0.64310217851594997 0.41837115759392202
0.35243356124413233 0.25350133426391563
0.45627224524445609 0.55175623055658407
0.72205902441047876 0.32173747001904307
0.61248312646734293 0.10564735302025964
0.06567271622173869 0.67048289354683199
0.02165711032223192 0.59744153108474418
0.63422550385328569 0.70904616416302291
0.69858366775525416 0.04020172437193028
0.69842352009222175 0.56394084454900306
0.72487862352511401 0.36135353563423239
0.44482273123312427 0.60348806158787249
0.17372425279097595 0.62754934732847467
0.39547969353923185 0.13641196938031733
0.63554015700678246 0.76116257454975156
0.13083007912994118 0.53286507531124228
0.12402320124430329 0.76885823463143310
0.23553118506237306 0.65129958080651806
0.22633322717647872 0.75226064787106395
0.09081421237379671 0.40529282897105245
0.67566647332333585 0.18426067211987052
0.60182015737126959 0.56091066457572802
0.57664448664976620 0.29828760042140379
0.40492281357175347 0.33336211236025065
0.51060226357055627 0.17479409687339822
0.36379375540670900 0.70207116381955170
0.34201306159338302 0.81099697447517827
0.82064380012862359 0.13974702414259310
0.55342976887566808 0.54946936682162129
0.33299843676528729 0.34382601354079551
0.40920998900771655 0.79083985427441739
0.43102927928844448 0.75700188417507941
0.70969801845931424 0.73430967845979633
0.73004083273234510 0.70378513809841770
0.30177158174546370 0.73559002421660447
0.29611169172303542 0.64123905889718613
0.24893359876568982 0.97376981758352621
0.35334715077374440 0.15256111024247773
0.08855813685177794 0.53204862653998697
0.68784196258694164 0.71914141281043309
0.12440664570763939 0.81034843810683033
0.64291589120524095 0.11591591668722179
0.06714696247797725 0.51889503876187792
0.71811942424137054 0.20103839057475281
0.55863948015097420 0.44052450671062482
0.32507538311127038 0.93409728171852680
0.01736570042534481 0.56051779829066639
0.66738057079370117 0.72545560461599490
0.49055773319833923 0.71412683570244406
0.66201629520530658 0.30166360284092003
0.04238840917730391 0.42716661529415234
0.54132455092550369 0.21466474193821020
0.46776317347216173 0.79061493200721655
0.21072549314646108 0.92436311412666494
0.25810186903540677 0.91849968238323654
0.52182687493328894 0.35710149869670688
0.80017439789466849 0.12803557606831797
0.77558393706165774 0.51475590986648800
0.23184892677208774 0.93330287162171843
0.15728980234527917 0.72585374853306173
0.44729678130128320 0.69562421712315536
0.43083762836233219 0.15633358018313281
0.67469666570256237 0.37137943998581319
0.82681066202197673 0.43037627630247660
0.56153721454585037 0.68063336472090319
0.79903898690333164 0.28972486773660772
0.35495386453321520 0.30079215176784735
0.46579773665332258 0.71373384108585969
0.56451268896460560 0.21581977544852546
0.25912738668658836 0.41119354660332297
0.24512291246692733 0.73370466774355403
0.65533468400023442 0.09909869278488699
0.46542075907562247 0.09149812164140154
0.61426765066061817 0.22432725676185403
0.18414080597378460 0.92378729445619501
0.34951610066886490 0.88445017840696361
0.30209647118128080 0.45492761846580426
0.15175080697239288 0.78782819953411454
0.07414638461680009 0.48766887346007487
0.13710130868575920 0.74625784643821325
0.72428487775387695 0.64588353268526977
0.63080675796246533 0.82848099056756697
0.53530374861342811 0.80044589314105430
0.23299118707823407 0.90506743548800694
0.37297368764204214 0.19564869864733866
0.61181021668231927 0.51175661933492322
0.15406585742767745 0.52173852787559050
0.07129405672371378 0.43042123066183791
0.36670148414478693 0.09100595902536963
0.44717325088100429 0.76899395837618778
0.15462185810160528 0.91991256146606282
0.47680144510147404 0.36846971367015680
0.69643611319784737 0.06700364976907046
0.45053500423138598 0.89014478073404701
0.50387036002323471 0.59939457947126906
0.74795221421984148 0.18039494063843578
0.74238025735410107 0.34764070315234114
0.35340078248646473 0.92430445572012199
0.53717378201557076 0.55197047086768025
0.46051446683251596 0.90529018417559493
0.66364277925383375 0.69022796236448836
0.47407851392180783 0.31418946325143254
0.16031154581773099 0.69049639506891802
0.20955169126963089 0.84003573113292773
0.71210006845688079 0.07672880839657303
0.69873143469576471 0.68335217457920205
0.09515896970196785 0.50148503659982913
0.13113683097973111 0.34996084786972403
0.04220347634349630 0.71986007324118051
0.20303752397398461 0.80686143507873076
0.50597362765088971 0.20452680566476561
0.17244704663411695 0.85452066044422459
0.27436924269412177 0.34525446667466481
0.80504891789042909 0.53457568920848575
0.79323812098848567 0.17182766761217658
0.48692087081353042 0.64162945470697130
0.21988323199614937 0.54007771170109886
0.55911876043616282 0.51223118603122464
0.25537358247239988 0.67076649224792584
0.77577115312874800 0.22258635600562560
0.50958694422828987 0.66537475010982294
0.58399507481019819 0.04302369081842065
0.73735602420579083 0.05279811144800741
0.60847820856770418 0.14676933468060541
0.74101337569750947 0.65293351834012370
0.13193518015021707 0.88895028604837900
0.51045902677111665 0.27846379085703815
0.62230446863203770 0.19280103183394273
0.14365558890110317 0.46784023763205601
0.27935157998198185 0.51451964411489770
0.42876809833853546 0.09535337138893024
0.72738505366427086 0.66787934190596088
0.51866707214153218 0.13352639338911815
0.22265479629021190 0.22479082558699937
0.70833252866419338 0.03403389328016905
0.20528601006557098 0.78252625110399610
0.15849034615532712 0.27788220011895015
0.38585406817904688 0.92051779946958345
0.20233816353214584 0.23221819430224031
0.80637686662994745 0.39752303275934048
0.72676542309351844 0.16293091209627264
0.78258919564068674 0.45727751410180900
0.67948572403676877 0.19559742120661591
0.76200458907986979 0.05626136557783881
0.65480853910065728 0.05587489058536635
0.04623283075882782 0.71539817110718518
0.38237978368325237 0.67598046967807002
0.03970187243254814 0.66737619808786264
0.62635122894151574 0.76752828606440937
0.74096980412377123 0.38348811436617952
0.31158017752253181 0.17825938682555925
0.79457323629944032 0.21012237131785794
0.70374346151267753 0.48191584563387296
0.29727171636880972 0.81911049988446050
0.82087657179153739 0.10088486364940147
0.29745907223670887 0.88636428124200861
0.37197624464855922 0.40296023815324050
0.52796486712346780 0.78262489749047170
0.23498164056949827 0.79249406654381205
0.76223935746367610 0.19808216621911554
0.70864850174264316 0.62608625920571781
0.77376672832091864 0.57175964181092898
0.46502358722788795 0.36856075954763412
0.40952062868249056 0.62732343302175275
0.39809398002615948 0.15301027726527883
0.07090409767375215 0.73478219186931926
0.15251958328758555 0.83163432526769721
0.28876086757957770 0.93743094462270748
0.06048006220149918 0.62142814460965701
0.24163838222132988 0.23051578652803759
0.37558384705747255 0.42314906671099950
0.43842355716487885 0.44365013924683278
0.55208081532984510 0.51664449522743450
0.50382471954048735 0.75152327591276680
0.05201870125674003 0.57941617244339250
0.27044269762449741 0.57629361849731631
0.08052167046881907 0.81597845544548631
0.35115332387081022 0.64076098939246473
0.06408656705958721 0.69136850629738444
0.70407331407193652 0.15747286579086039
0.78080221757897728 0.40069403726099279
0.27515637043925401 0.28427504406265203
0.07979044646881561 0.57900210526834361
0.78897290783783802 0.47759680758307543
0.46219509931192992 0.79395966337818247
0.19538886854989698 0.92971158650123276
0.31175878121872747 0.51451251497999984
0.38032541155190497 0.72596558890449014
0.09495020159800872 0.74600818711090966
0.19219989400367010 0.92590071258670281
0.27928279111658116 0.27086592612775406
0.64156396432733087 0.50559417383754490
0.78779840339179852 0.36747125693550842
0.07523684261433665 0.55239850610981911
0.22012903793596136 0.33074376613314566
0.26659054227452689 0.48664969059621377
0.65989742037520649 0.68140192640790065
0.18251736006905506 0.30401315047744271
0.63031474634959772 0.78307621258774296
0.36904274115965285 0.13873747928970440
0.75246455932074452 0.22474886129042049
0.39041961237516570 0.29580950195897099
0.03143013312397125 0.57467460174707352
0.78129964114698480 0.20661573929800903
0.31390149914446142 0.46206193869270629
0.29832563858178301 0.25512553270602722
0.66456001499963169 0.05716778106509079
0.75610751855026559 0.10631913504973280
0.30425404485411706 0.18535148785844677
0.70989469453889720 0.31740452439714029
0.75742006047593202 0.08455209513622379
0.43143594526057699 0.50278215106510471
0.52446909196793279 0.55658523984379660
0.28046755327874889 0.28937691374731400
0.79484990772292508 0.34008186698497939
0.09464325750276144 0.81338855186601799
0.54958725274999609 0.16407216317636666
0.23559244749353672 0.23578116034169477
0.67155904139180733 0.11824333140574252
0.28106100949142837 0.57324549424248816
0.10391275009792909 0.34796167211217521
0.27401480680961743 0.44982522086035553
0.83362544578712761 0.38215519929135583
0.11419408087051414 0.86623832728848638
0.38536890033009019 0.77567917040979051
0.72621396621502521 0.57949380625000724
0.76555030076619845 0.55288464620796984
0.15098984754732472 0.57838342391081188
0.20050029876946862 0.93227715119976484
0.15230398268159420 0.26598692802688878
0.17270940498089007 0.88208932725420142
0.07464586602689745 0.74369897857735412
0.28623094985164527 0.93120794849898192
0.70222231057091500 0.52295968392661196
0.06938199627577585 0.75414321655879535
0.40639001815372333 0.08950498976319270
0.47845987016081992 0.82791518137449083
0.62271084568425561 0.59834892398336481
0.03107083693694296 0.71608302802948043
0.06780399700285285 0.42365835581540412
0.78991546469995977 0.49228555047141148
0.10202577426518604 0.62129360653347254
0.73860748692983080 0.05866767577870385
0.12380250293530200 0.92090154022198523
0.75430147205074483 0.24363925465752265
0.56139569541427703 0.43236252978385736
0.55227155179653908 0.34402994418050797
0.39805403920242610 0.87211112863951934
0.24679091533354847 0.21182490511330046
0.75026852024223589 0.41975739278741581
0.67959779224200101 0.58552718202638243
0.64277884670901453 0.78142630231469079
0.30225001072681262 0.17753901922125112
0.82805777521059576 0.16602759910919734
0.31679260690845651 0.41689048973849813
0.09646224411226503 0.87809819414602353
0.59369459873212849 0.09312340490889345
0.26694956607650006 0.62264724384136660
0.75463090327599169 0.51620667172907675
0.28914534361401367 0.55602773666153227
0.67426592718223721 0.06583534045577945
0.10090354452610771 0.89344899439041126
0.39887025902822992 0.46609959092706604
0.10945285630544614 0.37927892304202837
0.27635560273966853 0.87200890990233337
0.36851860520510188 0.28440029511636439
0.63412853470487474 0.16285685355889273
0.36571970388910846 0.51733881874056342
0.06762706449527819 0.47973679800993296
0.38129482203251580 0.43732145081334250
0.70453171593195651 0.06729879826846054
0.81505033367705093 0.46923506818909988
0.26614548250075815 0.59978361388149937
0.69733963884358918 0.52758283203749179
0.39058167332348592 0.90444268825713536
0.10636867966101794 0.41915204288548008
0.27488712778412427 0.57049175906790450
0.77737861399499664 0.51935249779659598
0.75861604974049379 0.40212524118361953
0.75962751676971707 0.57497187699076335
0.12524636022492727 0.81576622246799091
0.39232198135685936 0.85866421556677341
0.02023652047418520 0.64192212708418295
0.45722595004333194 0.70344197069516545
0.59490633872630005 0.46724820933785749
0.43409882146539513 0.86030660221831978
0.65603337719483568 0.78631423106271725
0.13516663169547946 0.86600003019838523
0.29929879162411277 0.29217066883294124
0.74473966435372496 0.53039707411460146
0.72990930476278360 0.55461936281773683
0.13091555314049153 0.38508356186354920
0.27456468598349121 0.50210673262612937
0.27147965245394473 0.60844720755200044
0.33266353932388892 0.61332974264380113
0.31309916634087437 0.26854241767614723
0.20373291781889008 0.82128091156526450
0.77445446859014588 0.41014825573085412
0.51366298937407529 0.19446204306016943
0.46461925031335854 0.31490052305377997
0.36238408423596929 0.17733917483552988
0.13665563750211740 0.89594977736575543
0.56266189310746839 0.44659518983310809
0.59849016642307673 0.31118728488010661
0.17837044833924606 0.32120717484169020
0.63689772989116611 0.74714294712410634
0.11653656870629887 0.63395833784039590
0.82631717635697721 0.23621903244209014
0.17811200052277026 0.47543551902500997
0.09197612480332185 0.82330527120601538
0.12381155036984522 0.85702636709097146
0.36064644679957825 0.49474050199727393
0.22840756296893405 0.22102145635991502
0.53608188224761133 0.64418901784925753
0.23056288966137758 0.27174929389918401
0.23580465896146102 0.58504099534690390
0.34002795231463145 0.90957758582004422
0.46378725820633704 0.66229601805668414
0.21671227353043288 0.54659405614831935
0.53051457890186460 0.17854854661326827
0.41249709621714398 0.30847284607247893
0.06612832222878937 0.78196403256740743
0.74850132610409725 0.62257038886929439
0.51157208019851907 0.88270029417842488
0.22677547589581967 0.50574553291624036
0.48257151621603195 0.83198261881986579
0.26847936333153438 0.44558541090131554
0.14391657327041438 0.91727864658622216
0.76002928977844841 0.26073146695093585
0.31805562999469311 0.55552828506028185
0.69130339218696113 0.28984836153308385
0.63104638793348622 0.46435679711068639
0.06310783953555948 0.44250970228516595
0.59803057108611246 0.09096647074465956
0.34607499143965109 0.87328279241947360
0.77954937862835061 0.62345181124747417
0.34032985327885595 0.75663106512853739
0.42771329102337352 0.46856100183323990
0.76204715126995493 0.26653529080724403
0.53979132385989570 0.76300961373494747
0.12031683360472444 0.46974101150438563
0.29483998673147638 0.81283562342951587
0.04553646689908079 0.68292829525796328
0.10731507378356793 0.78376639778331259
0.22827762837880569 0.88824359338676773
0.25082639591272043 0.96552452539599232
0.62586807216580187 0.32545556652270924
0.83490838686103142 0.26546377075446220
0.68361329734796439 0.60839628229709519
0.60561411057078007 0.79254827001072303
0.08692040999284556 0.87592387952771622
0.64014182449448631 0.02207838509696339
0.33423163640100428 0.19413611074164502
0.42644421816943795 0.18976300029835125
0.45018931973026804 0.48529281172127270
0.15167237079549889 0.59972090118127563
0.08781965929428229 0.51293898208389699
0.19133864409353263 0.82141287998367396
0.24000809283218333 0.40267126169478357
0.72424840793318090 0.50400474490253233
0.45049029895412435 0.43181126901585470
0.60998831288145239 0.57726967563411136
0.48805424951403642 0.13478291533851855
0.37614586097640096 0.52505423148914054
0.58152190422275374 0.05325229916109026
0.06266665749720603 0.60327352920453214
0.38346448648068227 0.52419271879467511
0.59452246328877745 0.73974366934007174
0.45507759520891644 0.45414722244410416
0.78212335926949961 0.25317380551089719
0.36675162953858514 0.27723238846091519
0.11094742949254850 0.82595371411201923
0.40801313277962276 0.79705252074146005
0.35405390352176430 0.96101873670994609
0.72514587132261454 0.10462788018349435
0.68690310492173479 0.46162970731204211
0.74792679968054221 0.63151703053775743
0.54429196299555493 0.13995486945189120
0.58453448689940046 0.09895384386824230
0.30628192074239141 0.15295179951925217
0.50955941216482747 0.12571291687030053
0.24384210828227357 0.20170298979307349
0.68702168683047193 0.56085851451814528
0.37219048946833544 0.89828781889435916
0.33722319201972900 0.20514572632449565
0.12064950523211995 0.70653784316969137
0.28296088000973085 0.37970523474994750
0.25573325795082552 0.75493242050831222
0.14412452880314247 0.89665384698410810
0.82387773893439842 0.34620381571217490
0.38014058444277354 0.09059314917608469
0.26870341999523600 0.94437090578035177
0.43100043765104901 0.36482238310446913
0.76450938050135042 0.49217591135673222
0.57974418838473563 0.37249700934237395
0.34898669416753514 0.78513267481233306
0.19729974606722542 0.89025031512190134
0.47000349525592267 0.17199869723259897
0.19910033130647875 0.91358571535779554
0.07516639181580248 0.82125187631531382
0.49536169863314966 0.05497008414369770
0.38218837047116827 0.27594904272825960
0.11194671005562867 0.77254825302124241
0.22384684646738653 0.61033020881113698
0.64545945168761354 0.69726478027774030
0.81934857272635042 0.30293989698121637
0.04653812751994454 0.66698365944567939
0.02158856276522537 0.77026950504149161
0.33924768526862675 0.94458400302365231
0.69703413106546430 0.18718700977760150
0.24291618985043339 0.26076428669837670
0.16208223142462488 0.88656947272786346
0.69964330621931692 0.01497194833242081
0.31498765757980668 0.12166622202102978
0.10798113384672020 0.64640068549467466
0.69499742797952757 0.34527831629110295
0.59410724431277229 0.01184660140941483
0.50046354826362582 0.38972170665427242
0.39592844803670002 0.69751457457344423
0.65430909540240045 0.80660818517525357
0.36659083845674972 0.85564001672024992
0.13472410007105992 0.67400938123063925
0.76484233621849118 0.38553248419136604
0.27043703219776521 0.93444572223117262
0.38252853962564132 0.37396415785670001
0.17873251346849769 0.75948078469711555
0.53694631210139621 0.29578482836448544
0.19582127206664895 0.28738163129121813
0.24413241638088903 0.69780431156542755
0.26353248838637994 0.17959179437716688
0.48034377729102745 0.35224106716375592
0.16357836010495158 0.78271440902818179
0.54623623981500913 0.57495453445068001
0.10224068261599127 0.90312439264216793
0.35178098881652398 0.89367959145448006
0.34690110218158876 0.93378302201941488
0.07161604050908840 0.56155525659494376
0.63832139341245986 0.04490819350566028
0.01996534717593453 0.69703208800295668
0.33967045047155109 0.36998527615055593
0.59300337789249158 0.36347242493488541
0.75207554386163356 0.36951056531526999
0.05247400338075556 0.51592651731013395
0.44396943294086971 0.35355245412546443
0.55738310687364367 0.07138561523795967
0.62543862461071598 0.03294959978672454
0.61253987322690617 0.59575598640060112
0.14809432174210416 0.55015795797454647
0.41029536015602064 0.13529169586908141
0.52781347663770828 0.75244003818908078
0.25159254192150987 0.33738114959703996
0.67759430143972865 0.57346612725365542
0.30079930988133058 0.41880009487598258
0.85503929226426689 0.27691615049702595
0.18591150853747801 0.82522970766628245
0.64465517657505089 0.01590692488136084
0.59829733690858422 0.34985311878351022
0.13600507949447380 0.94515850849470484
0.12624201190402121 0.76310013532898324
0.57631146344779705 0.03754634679737468
0.45590225167389264 0.79311331369890192
0.62002700929692023 0.73135312993285972
0.53360308217038888 0.27474898198100195
0.72763989543059338 0.22810233344216768
0.71894494238763551 0.39402282658969029
0.45920229254620926 0.12666608107360425
0.82081123956119306 0.16604413334811588
0.69823777976748580 0.63468540580588717
0.72959349587313349 0.07784307029679496
0.77687929709340342 0.52881227788111385
0.61501962447001823 0.63466914877450842
0.61447082185426727 0.67869141110098907
0.10151141211489284 0.78399908002597896
0.21404571979167902 0.33304640464052965
0.19472476801079808 0.41064809893062199
0.56114278771144854 0.84803460679809650
0.18429820513295844 0.62354010310920427
0.76467694370018202 0.62701725256852447
0.67354048891180562 0.40164818993504653
0.20325486329252665 0.72811269644277743
0.25630887027979438 0.32347635987954565
0.76963270705173270 0.58860712486520372
0.72946896919313831 0.43571332580326150
0.51145171349095264 0.87600144211205966
0.79677347314726021 0.17729189960062713
0.56886344654868781 0.60562615883070281
0.36539354920619704 0.67593149289608090
0.44563045277660096 0.23336622296886769
0.73786863607586051 0.56059937013171468
0.80733523986132361 0.43635431232358934
0.05461958185167783 0.72558512140509546
0.21576361694955223 0.81026282777402991
0.41169390410593903 0.65529906871996901
0.15920536431291973 0.31740562288320323
0.30666972103604095 0.62324576457468750
0.78750836511933664 0.12212413976808222
0.63785455797874946 0.68352732077610245
0.13080910256618772 0.96773860149965396
0.65707867514519824 0.67112240072735208
0.11462552187439219 0.32613184624631947
0.73260358417210536 0.64202575554682084
0.57101999336634823 0.25440575055977116
0.39230873974142721 0.67589015586193757
0.56370345465587368 0.08123945738797467
0.62166911316288465 0.82225160662190322
0.35614457486861723 0.60775500677603711
0.11390229827463752 0.83005500284494071
0.05303634145661670 0.64400017414777933
0.57475204454825968 0.60822207255534277
0.59198333976717388 0.34708751148700473
0.31766398749376018 0.64082906401794315
0.62173875457119754 0.68540889641423264
0.21338049184290164 0.66663118025535173
0.07660604684253682 0.61568982737838396
0.46274876381672680 0.85323165252517497
0.50257658939234584 0.83968913499699949
0.46829008207600314 0.80681651686815870
0.52864166512940214 0.23202770542417731
0.35393723728048954 0.55639009700338316
0.62538065958467293 0.53861771298301420
0.74754456628200761 0.39398952596730236
0.13961422260303308 0.88432002119506636
0.21979595152295711 0.25877320129023151
0.22866142505822437 0.70251779810908055
0.78699421142259152 0.48232872154715645
0.60072818800548111 0.80940838593137154
0.79655007937307543 0.35527004489168224
0.51917659384293979 0.82162291336326676
0.31768445212778662 0.56904226268706437
0.08667773932923778 0.56347120297898867
0.82691851637283698 0.39401600557136529
0.55137563957192703 0.83213419234271180
0.39538265138511136 0.41771887297414567
0.67355183083053238 0.58847126305688391
0.14178183276512824 0.67500997758009151
0.10127998915186186 0.89823395780040727
0.04241169997973963 0.82958260242250881
0.83001800835412620 0.39987052825494807
0.09523796307421491 0.56280286381009770
0.71794080767247237 0.25209250751847151
0.69966143797191149 0.62094545442191162
0.69016881957926046 0.44396714011628685
0.70815887188869087 0.06394709365560836
0.45969899818089105 0.06771712355523769
0.24419099563767754 0.33823216327645678
0.27470470062396368 0.37171033254780783
0.56193520570163924 0.72635319139130627
0.11336460126597947 0.40386332086880339
0.13997068413226926 0.93458982875330143
0.79367304935425764 0.52127364308848534
0.33637192409209932 0.89082845272392230
0.45197420047017445 0.87784123323791396
0.07285766270039931 0.68807599562291188
0.43946018366972811 0.54670164394948184
0.43532875191345277 0.73981140696077230
0.25855207809220010 0.19820686865387069
0.14272540132560776 0.41170009731596424
0.72150571891816551 0.61136941474897832
0.39800421998665381 0.27075087104166579
0.46690000138568616 0.87233302100884891
0.57480121162970943 0.79662812781601744
0.29656230377678761 0.91716303495090601
0.15751385146459232 0.58775794557298533
0.05926134359270757 0.74011627102252386
0.69891562963941423 0.12133589743959106
0.79619472574191763 0.08285567337780858
0.35695070324504674 0.47221675402976726
0.75973992670335644 0.24771648972537169
0.56896419485886174 0.76700811967421301
0.71389212056934248 0.45106262848328205
0.81774207234262875 0.52821406458575137
0.67177193769900545 0.72312276662054464
0.30378740648805158 0.51830582157968585
0.52415976774801343 0.85028208742314637
0.60908139118977511 0.82953975775005140
0.10297491035372656 0.87114912173211678
0.71483512108316627 0.08575183430314486
0.39711657911043935 0.33554681184495222
0.56738333015546616 0.69175759440453877
0.04646567919083974 0.68773103107363931
0.08582855069405465 0.87072258493787480
0.69852731863842499 0.26247543805016232
0.37520942332356627 0.90298075812879686
0.78739462658227732 0.45437477883738542
0.30952683806679054 0.60425274416683572
0.61952864061978541 0.62211908505217439
0.59247470870907248 0.52904734500857675
0.24770947158572520 0.51859231603581890
0.77093064546835799 0.39548993252047471
0.70999066325255922 0.65748503379227763
0.68418631699516863 0.25781171284843729
0.48433830642824655 0.42904969516729918
0.53213058532865132 0.18578917438114781
0.32521359038281922 0.41747359179354881
0.46022089365535701 0.69419171108265398
0.62772568445822696 0.55915622136588050
0.59192412813696926 0.04923820140415344
0.64667026377075998 0.09459071370368446
0.42616496241631441 0.31501207120150054
0.85133624950175413 0.32852079180653432
0.07974645276083821 0.65540460235128806
0.18109506043017079 0.73428674818984241
0.75772650992486712 0.61119710859644238
0.14228536985035928 0.32873544225308354
0.50878877692676727 0.05377234884055269
0.57738534788415019 0.02233482184307239
0.61753326427634336 0.26686077628751093
0.79779509132005977 0.27040352072448925
0.10371090145807871 0.51997537095581547
0.81376666324446778 0.20129725567695797
0.85034690967262427 0.31848718999299053
0.37234486711150622 0.90879626896896060
0.27548643955150243 0.17838498316898194
0.43724342784426679 0.29275317455512190
0.80197855754623171 0.46128453268435476
0.07547714418689300 0.62397516845615109
0.18840166841027503 0.68411842464301531
0.10026198185466041 0.59346440032430126
0.24445029351762090 0.60462888957477512
0.23517062949632112 0.79965586642449016
0.31868157184730428 0.34044710620653323
0.44487934864899686 0.27865117269435369
0.16701625579849352 0.54760757087626111
0.67146889407931121 0.74046452253193296
0.48637473721110480 0.50696338133467012
0.49043259062488492 0.41840990787412868
0.21619435683694835 0.94835487804064456
0.54461416626345049 0.82132788389601574
0.09362785377220627 0.76626461333736962
0.17415800004533494 0.94957541076855956
0.31328098152132661 0.57516189909285820
0.25188168933421629 0.24914360490014612
0.49045059416717784 0.36301458768881983
0.29745443634627172 0.95416114534576257
0.76882333086611609 0.23257257317622079
0.72394620632557127 0.56984692390021086
0.30743381517148083 0.41643687319000927
0.32342433234069068 0.29764189095458227
0.45130010492359585 0.18069923966155857
0.73815940403359315 0.14824816667424009
0.49497857748032420 0.28352255140438276
0.57410474279830825 0.49372445170846929
0.78709272088854831 0.07830565539978156
0.23361615789101164 0.72825024754090906
0.60846181030137092 0.55951214970796070
0.80168425489889528 0.26684566188515246
0.57948360885026629 0.37980285797807734
0.75746122487018652 0.45016855290971025
0.59739732026819081 0.66587902832959212
0.58900459885350931 0.32374401195566566
0.55362493789527290 0.48742805749767143
0.62792063811855414 0.15311068858005902
0.07197790194270162 0.77518092955648810
0.79862656575076940 0.49595319806981392
0.76947141613176750 0.46134755811830491
0.77286781753280864 0.26390721351678997
0.45762338322463575 0.76666281430096517
0.25276977332444733 0.38621087383072911
0.33544254389559885 0.18856207048008644
0.17797071576892209 0.27899234986301719
0.37927176376643390 0.55634700519149716
0.13821018921684855 0.53430684777787685
0.25628194006825283 0.72874605985420537
0.67335024870924931 0.03638495198632727
0.36196872655780332 0.54391983164262547
0.60010663129991615 0.48744738193656223
0.22482995469274805 0.54523942272290282
0.47492464239767912 0.07112207248948289
0.60025084260113215 0.74742954870634148
0.21852268994347293 0.18948903483755114
0.37544191162018631 0.29680167981272754
0.14389243398889776 0.51193537233390152
0.34550558347416788 0.71268350965100469
0.37561102486623638 0.89269878702376482
0.79415237703273733 0.38688664260514960
0.21842673931307008 0.84046724014298746
0.18396067715822198 0.43341042703089117
0.43327936339445294 0.09286923168648746
0.54109047859401294 0.22911009291929549
0.37817554790352736 0.94982330176953589
0.68583064849168474 0.19377113188988612
0.52904397955127125 0.80612444625445656
0.74952689404659123 0.64271011748625717
0.19193775244727446 0.29130677486606638
0.61439198376966409 0.67246831002775553
0.72110687721655164 0.06244717408386752
0.30275341546322349 0.75696828853473186
0.63887274076838885 0.57984763457067379
0.09178885000618091 0.63843005804013064
0.10276724322918060 0.67164399508375550
0.28839484570816670 0.68215148721446506
0.43826297950996024 0.79165697435529925
0.38631786970166243 0.48245683267536826
0.55371282526568799 0.15216322549243741
0.66445672776984410 0.23198465977760499
0.23551579375666626 0.63726586136537622
0.31018790716059080 0.43133018873904777
0.62423950875759748 0.08454548689609641
0.15426485124684469 0.80705705321206567
0.34175539850580811 0.86782167165263369
0.71871057751875134 0.71937690895699380
0.33119656851804313 0.93060940336964193
0.20709871146238146 0.36818607258232139
0.31608901743989987 0.47141670679342595
0.31135760014882474 0.59610953121634380
0.68585222060261497 0.07140007809023884
0.49174702301399537 0.72901714767521364
0.58937244098276087 0.07134755046789924
0.53222886987826579 0.78594309354827308
0.24096081912160833 0.42685519609750983
0.73865600427360845 0.07641619884221067
0.53184114332045962 0.83553000884032047
0.74776540073552922 0.14146804477786640
0.50282473272448835 0.55435370446356202
0.06734610823482305 0.60428402916129931
0.80217100148935905 0.56323526079425379
0.06985579528154037 0.67285961856501020
0.62545654837230757 0.07429638711573577
0.39929366965780733 0.23570906375337936
0.51358501505341625 0.51758814061925473
0.30631414492771963 0.35807411004361056
0.34811207274651867 0.31852170508403904
0.14843829982252543 0.48652064019171998
0.44059838494292319 0.45146907384159385
0.69413234678592284 0.13751845593601314
0.24893545782849327 0.26063234712876066
0.08390964596738255 0.84568613722642760
0.32724423924600260 0.14671523700076733
0.73720952253230099 0.08340082537377280
0.62870786152366887 0.20845249218273493
0.70085488298585863 0.55249093380145420
0.04917057773032000 0.81113418767004153
0.20354027657319024 0.27832570537552986
0.46670687576792402 0.66882297175696470
0.70612337521753110 0.40704792081249480
0.59135647808353553 0.79519741567616165
0.28044324528100495 0.18979401870974033
0.64519717088805639 0.62712943785366415
0.77718543702639475 0.36291430185014972
0.51862608122143838 0.78801743821654868
0.13906267174919976 0.32399759072235773
0.15983427339060119 0.75138694594489208
0.68963555503581164 0.16345883895357910
0.52528523835817953 0.26394631236935562
0.67837702316719417 0.54595476836041901
0.69602391294277921 0.69866394371613605
0.37999490501775979 0.93706128321329007
0.59506906213971400 0.09788595830973286
0.48580717061329454 0.85133366342718730
0.04554056648295752 0.57112595701396995
0.22662908803698897 0.23267231049175913
0.76941932715033723 0.23968097635175317
0.13040010692354115 0.68213346002610187
0.47725069549563537 0.85935189147909774
0.47057329792104791 0.48469453670082735
0.51989136673375280 0.73713587816841208
0.47239960650794621 0.87404407516438987
0.06521781358712907 0.42933683471056600
0.55350776658933842 0.61855423750772587
0.16024537952118614 0.54626207197735299
0.31694588569483728 0.79406991588829601
0.18847479519325130 0.48785985973704171
0.24858380072442768 0.75566726427315967
0.80042808337017812 0.16565848114182391
0.65686834903217339 0.35117921476617209
0.54564114355774129 0.18092273248468507
0.60326400531324265 0.68334443382626431
0.29309696881383235 0.36057176856569362
0.33679118817198128 0.83322584542885447
0.63737096210976241 0.69047066561536219
0.34887759995625689 0.59338343184295528
0.13209346905157518 0.40566882647720920
0.46881128087887869 0.08190376485343248
0.62387468783976041 0.12514917916708604
0.64527627188383740 0.74261601335419636
0.51392966652592131 0.57177767636608212
0.38050063684360735 0.60290085536462412
0.83670765991696561 0.37437509404207953
0.60699495535116477 0.76210712245891987
0.79929777103058719 0.46764069641720668
0.68778713163885141 0.17015574937032646
0.56219421410989778 0.74184887964034540
0.38172301460082009 0.87156237820657023
0.57971715718528471 0.36510266170534489
0.43135037976640744 0.44207056192223726
0.35560572835592702 0.50060733344659047
0.80456516458039162 0.20988860015466154
0.21809328408727807 0.18212710167273027
0.42587653520133251 0.77807901310028993
0.42732614202276947 0.64169226429166648
0.51151845415117203 0.80321358988420377
0.44503783776785988 0.70913655743319248
0.28131784501621410 0.45244132070244480
0.53471500044669928 0.61993947476778799
0.36724554153852695 0.19845059300531484
0.13864065645397367 0.96046303255140875
0.14432720551023070 0.95398892942862112
0.47347470418736398 0.11784697254821842
0.42875217309578956 0.48179855556555606
0.63817050146073973 0.04962070398141428
0.34597558612172963 0.89467704388929503
0.63573747342025921 0.27931082899424436
0.82118070221377248 0.21559242734950068
0.35043005312664249 0.87880319061384982
0.36071578887949696 0.89726746886954367
0.42505031900575246 0.70900154006758009
0.17596370077777804 0.67789357559264107
0.62523161954938711 0.11291178973256250
0.61377633652241170 0.62830602824461645
0.22304065932292205 0.63093785625542886
0.49093180409913362 0.35519284423984648
0.17933217977408239 0.70498979809476225
0.24787214961538084 0.21662660066165149
0.75493224654946200 0.58354041782457988
0.58345378834300199 0.80681476867492186
0.19464757583316880 0.79095329534181702
0.07736795171212590 0.52163125805341248
0.70437352188524982 0.07828172529617308
0.27991214667541764 0.16402801800134495
0.80978720755489320 0.44606149889009838
0.41751826607219922 0.07690088513159025
0.48506251711441611 0.71800122282922429
0.49881212676098180 0.08609832311106778
0.71580964312586137 0.40026539062329336
0.02771880031367815 0.47401125558776608
0.13113553655364293 0.50753664676673127
0.33899769934042856 0.63358183458105455
0.54062906046022707 0.15540852988896062
0.30631107976180988 0.92201856452331943
0.71048951510788538 0.13702689236319490
0.16551810482832077 0.51666005254284031
0.48693586106193348 0.59950262909090168
0.61748090747139850 0.35066891820721990
0.62004600742412652 0.78601626697735338
0.13137174353060557 0.85135151881038296
0.51301363759227181 0.79769149259306149
0.42878478475826787 0.41766445740147667
0.20233903924276644 0.64686706293496554
0.41441429369408056 0.05172060642443559
0.15926847234992861 0.83047650183963695
0.37042864500170453 0.89357777890577661
0.42411756966712549 0.57759421501093500
0.22368686387592687 0.67280310402307597
0.70428408037647883 0.72812984031921257
0.70060073905207809 0.57065549472359534
0.58005272570362654 0.81536162226118591
0.64803275742857336 0.71487228256731594
0.63787451019780761 0.64460830187318785
0.72017370480469023 0.73133702432008607
0.24221264678339624 0.96746024237295047
0.32954423032098679 0.52713749989614889
0.23339879228829716 0.37046486330304207
0.27328967285841160 0.89520006901143789
0.32822759327831558 0.73162399177439630
0.50912971060221879 0.07269905509629106
0.58038224054516185 0.67465874891054067
0.56308645703101512 0.07677641457177696
0.24247314818880134 0.50461890599460968
0.31669304668036163 0.87461719010894678
0.73447125196446728 0.53982866241753946
0.26922261756593274 0.32693978766499948
0.02691603891512416 0.71217972471272162
0.76463006137287970 0.44939234543251788
0.06622158005912053 0.66063536154663149
0.22199655884166347 0.23055428154383006
0.19785359630256480 0.18682536080763287
0.36167660552909531 0.73899526317892938
0.52640037630508540 0.22513430391309819
0.07525140349027171 0.73382818429931662
0.67756180115631859 0.65984544532573186
0.54618745797310875 0.12268593351229552
0.08143004424566497 0.60715986657153154
0.10099277927590614 0.87935814010821911
0.60535215491310945 0.24740962622407006
0.56418752612554812 0.12823478188427076
0.24635757617664367 0.95104195873258490
0.61923726266613954 0.74587648258462724
0.35448800538770769 0.78175886052680299
0.67333378005185196 0.03104795359205471
0.10722845100438338 0.47798097008731349
0.16349807729006594 0.72297057497864503
0.30487720151743547 0.74925736754437011
0.08386566224162602 0.91569862348478559
0.69174630283548755 0.05650774721366214
0.46459820030173049 0.63119805529201678
0.20025294629601187 0.88394626355276484
0.62317521303715762 0.06708067510798824
0.12031120860058477 0.33683018330071574
0.65724021899121698 0.32945436051077831
0.12790525986461063 0.91803395662266463
0.74555558454172910 0.28519019397090445
0.16125505386868494 0.91294440133879851
0.54984177296175407 0.82052043969751309
0.25217411297338366 0.35799336314980623
0.76810523955575438 0.54242948127561230
0.31508758180492291 0.48570126052164719
0.42439019623366275 0.38515098192925279
0.45178218158807099 0.04796868095696000
0.14552057781906261 0.59711459495248154
0.75552956685473671 0.31844033730282140
0.53558950683450468 0.83125191915358276
0.27344073762268961 0.80027059719700888
0.14143321682536159 0.75628798196657365
0.69996232617445708 0.47697885854793232
0.65160463014049252 0.61113233032276915
0.09574686780098317 0.55644568448989484
0.19675799254981713 0.31217329565707552
0.10701796082283806 0.59039187295184870
0.72914267196064020 0.59106408234372043
0.62961502194307262 0.12687031315419464
0.55259908556636328 0.42042136137353076
0.41864669610104782 0.90933704627325085
0.42425289177355996 0.85553005189261200
0.30985830960127908 0.82594609000857711
0.66677871277657152 0.07143950045545926
0.15538042209689040 0.61977104498409297
0.48052365885873416 0.77091686344242871
0.20749294702877902 0.40068030917262110
0.35188001015210973 0.56410439631053755
0.58894748448735423 0.75349999267954437
0.11244870190948812 0.57963622064528941
0.29564304381303219 0.19679555819245101
0.73541767333927910 0.54957847204861088
0.26544468871787175 0.29220476043757337
0.12383272765071987 0.36660228654283011
0.61745247764457367 0.37586526949005572
0.55622552400687864 0.68415552461468132
0.17726482868705049 0.38834878573216580
0.43257488128790533 0.54521666582306683
0.76417872946394805 0.34723282019398849
0.12881009001174420 0.35635341092706524
0.68143265067008629 0.46554508037101977
0.54089746898138302 0.78034524228951718
0.29985602225162211 0.87424885929487128
0.07230004782906620 0.45476818019695070
0.66651699325172775 0.75874038551202783
0.22088275612430056 0.55243045976293736
0.23968694655135572 0.17387165194124624
0.21727507612291455 0.98189561234906009
0.71846538058156362 0.69442486458850372
0.71946570358821793 0.59101300181063154
0.76790257480274748 0.09319647978424840
0.42280547193936852 0.35573760113182989
0.18178428202100144 0.22809146677792363
0.51531281480011604 0.69001017665977138
0.22781106123201342 0.90636038009618181
0.24245327633797736 0.85458618079700710
0.05832615198826292 0.82891059437362624
0.13488158199257622 0.56029008657587132
0.62617212053574156 0.70075388184434273
0.12620330579673325 0.53817383265244212
0.57859326942964440 0.23597952276579745
0.59706493462458410 0.79848904444541113
0.12740234032693670 0.43461027170913713
0.44877131650280522 0.28643001916305799
0.26939204702339259 0.47371307167026883
0.09274476085889975 0.81905964537417453
0.58905566329751657 0.63830145598176069
0.64204169588185989 0.38727044469718103
0.43085170155193087 0.75061018176669192
0.30965446764460930 0.85500888892087967
0.06126096985022698 0.86762415279509508
0.28031832554291181 0.58726038420324422
0.40901300806039176 0.87502685803717328
0.69263516219586874 0.56325944821560336
0.14541358526221504 0.33345632549847326
0.77585238269351187 0.47086786133248226
0.52782310956854128 0.63911810962270432
0.44488015315954510 0.38373885649940120
0.74507133956455551 0.62659525382482917
0.59117124518629904 0.29942733996758975
0.48668325905266402 0.82196506081634202
0.45327514487198445 0.50766609831755072
0.69493736073749157 0.66378203988608209
0.06277749095868905 0.70275031975652291
0.05432432251946876 0.73816182243456008
0.50765553610218139 0.63321716286787355
0.52084468576535170 0.59692987606227055
0.35835544781776796 0.15454687779483930
0.58938962919826743 0.58374161645345257
0.55046656363843394 0.55648843363824707
0.61052511591175573 0.39411339596945988
0.61762495599377409 0.09120039899292971
0.34231280128360636 0.91426216422115381
0.46760206999068599 0.87756918674173334
0.78192801877645501 0.37660142314435852
0.77557971723891717 0.21652196816893382
0.58609789330551687 0.37506445898426166
0.09184085028680952 0.70903563232015188
0.38843758538190759 0.12248142394682092
0.76297290012835428 0.54348956238446400
0.58024892512147830 0.77478540217006187
0.83558798791242150 0.51639019773678441
0.36125298078340545 0.87991614965462861
0.78492304866067619 0.50103749868774916
0.46809557152542997 0.85275651660774965
0.66367793390601648 0.49048436257459838
0.74945430356368159 0.44257275392251605
0.78828913508478438 0.49731016693621016
0.30343134531960586 0.64371163233005635
0.02198711425046779 0.61631989611199323
0.75805141110727103 0.32424825708763727
0.77929982023352651 0.52397897517551661
0.11349334658239675 0.89008824217989846
0.45124883180110004 0.15114042655070781
0.37640907260220952 0.67224354647041262
0.67582950118887242 0.05097697369788302
0.17408723097948825 0.64299288255655773
0.74270894807567089 0.50307717160814691
0.48362538523407189 0.10685570975696322
0.33247103211356338 0.92008817954587507
0.14557456706852709 0.36312768574567827
0.66628528966467060 0.39984000759835908
0.25905023269679101 0.18364454478423634
0.79266894046550795 0.22959700139693351
0.06558322169072459 0.62098219416449407
0.24561489624296079 0.89597097325259611
0.25705223059372961 0.13975468874288696
0.77256543142069012 0.19925737943008467
0.65845898745401676 0.64850445678744173
0.54074656738302485 0.53323056716815886
0.48129879851003171 0.73859180742569075
0.32699459516118295 0.83478805938208311
0.32607975010232276 0.52085703269758943
0.29862311184383256 0.19249807602915631
0.39206518076847718 0.26028761868369121
0.59490842607339522 0.72249838376553377
0.23111265587653018 0.17174892641572853
0.14533599569947775 0.62510872361976122
0.83370937588857985 0.15821283850763182
0.20259981817570930 0.87210411389626874
0.28859355741167725 0.51174640148332262
0.10374667328720016 0.80399570775452345
0.24182074761897210 0.94714642545373873
0.48762567753425601 0.74070621531010272
0.10089807165505942 0.31580720628128717
0.66576399213735782 0.56713235147961016
0.39349801813970903 0.75159789216122974
0.38424825639037830 0.17761501044337843
0.67692486857696987 0.73781204767585740
0.15671568894372243 0.36889808340921387
0.25715683162127162 0.31054268819076047
0.07668446293534875 0.89909933792832053
0.10510190493091058 0.81378756663083540
0.72117903142735162 0.16835594955365665
0.63747757895729396 0.03979556640595239
0.20732827446733376 0.92023703913998178
0.04174758507715737 0.69586604192082713
0.67887511863689809 0.02695855624307566
0.08327308639129512 0.72912208872976381
0.34942240450129491 0.14920381652346729
0.20262659750752629 0.85097591262659145
0.27862198778720609 0.52194875097284210
0.02583215718261709 0.55599646150823079
0.22039927921310323 0.37452723716516706
0.53419359884545692 0.19959046135948708
0.33596500625195475 0.90596873924923993
0.39395737401290820 0.55614631356758770
0.39688856659330668 0.07543585160161670
0.06476520378635278 0.41178473739791549
0.21357008762080387 0.90712309112982437
0.45069917889575223 0.47806960934407350
0.03694017551309031 0.69925950385277602
0.84440289374641775 0.29048312163456957
0.45790234164282151 0.47704923233291902
0.07504602937756932 0.78801675347595113
0.27693650396648517 0.20825205691729162
0.59863718900780205 0.69172389527077904
0.26205847565422224 0.82284260615757088
0.24358331926427168 0.84409681750851295
0.67154643608444842 0.72894644104673045
0.25942517106282076 0.24161837127329328
0.62461741853862573 0.48745365754364589
0.23139504518921283 0.91062147440510310
0.40297861473884228 0.21367997112424983
0.54600474445299896 0.56150657353353939
0.08118766880683202 0.70462620605647508
0.34155592878292385 0.55366563288181747
0.44033250305561078 0.72749993241399047
0.84795395324643530 0.46049162876695199
0.24561882195216966 0.39834669537897577
0.45675198375004394 0.12175194574583764
0.55899250867749750 0.78905707297773131
0.32937744757788051 0.66397370405843414
0.38411537106299026 0.53833667237880778
0.68847091264336335 0.48363253786277061
0.71622908655364015 0.54551206769684524
0.28124879030363575 0.90258832070150430
0.60662616305010242 0.50717942117081283
0.33680696432905705 0.43703725163749824
0.55604328523949631 0.74881132196271727
0.65775893683275821 0.44394462666703188
0.23327935383905396 0.17873196322085610
0.64922653248512152 0.18834672634600891
0.57354968557611197 0.74356251626054126
0.29278232076900296 0.31407091213710397
0.37999444696836776 0.53148778608032266
0.62627027826724790 0.72586059102932410
0.19954758722298324 0.43381240434027296
0.19966670410043341 0.73413826408448768
0.19537272817400042 0.86130266287191715
0.49182054012896703 0.17874068699472645
0.39711417758082324 0.30145929042063996
0.77690333364195530 0.38628474800667978
0.80447845098055371 0.12105470133327098
0.46923359193041730 0.38306124592533253
0.45710010384625271 0.33516429623207805
0.77411268513366049 0.37956958712626926
0.35651145235551623 0.40279424723368706
0.39880044655861280 0.45042322624627307
0.52903071649240252 0.59482098812794382
0.13298987194627312 0.43319105697510740
0.78754658321253179 0.51996555853479542
0.32934045312522159 0.89733618802088422
0.09797589158791892 0.72541558511223558
0.07330866406383478 0.61940551983911174
0.14678427108011424 0.71784018719453357
0.83910505817999259 0.43292325554522432
0.49390295049899330 0.74161871993999384
0.30056470398126567 0.86187383177139976
0.66407751173708363 0.69554554627226128
0.80875484225635197 0.16788678644720403
0.66201625509740658 0.36556272215646229
0.08981848493430535 0.86391435616897749
0.58623160866985802 0.78745976740203627
0.83332016254613461 0.42835874992853396
0.12959002032125824 0.36607230545419467
0.66730255556351081 0.66898352784635529
0.69963808915676862 0.49101668624110900
0.53720697933976480 0.08909572975858836
0.13160203456116062 0.57811481373839912
0.74048782854336004 0.40200406205893052
0.49260528341567400 0.85943280688971047
0.19789441155105564 0.30612577790491546
0.39418847662057654 0.71196272641075664
0.55122620122533916 0.35104167018934379
0.34859448832099094 0.52983954047018644
0.18471206389657199 0.89254325318403172
0.77037537715503945 0.53813255615637412
0.73953344111443886 0.10029674926622999
0.32090285681790170 0.56199455877848081
0.27660920907482678 0.21385189978277414
0.34781315125214252 0.82610355746151287
0.75654433968926182 0.37610587993308725
0.41845977257270645 0.65657305193196192
0.50060294646317127 0.57504827387830859
0.31575777281292783 0.15588271560239397
0.61882402183020147 0.36803934797644294
0.75048314748762379 0.34889865311812063
0.77139312073143018 0.21130611231228708
0.72443681597609066 0.58962615577014865
0.09029838142644989 0.59657568497693070
0.69432092829627290 0.31911477399731186
0.08866462038877199 0.88025176414721373
0.65859723899533551 0.50202044429659232
0.37740182428693941 0.13273369230268492
0.23337607607897448 0.38433244200634703
0.61674928002476992 0.45500376007652171
0.41929711301059608 0.83066553623967454
0.46025242597683036 0.65613889452356400
0.58921816014076633 0.59791081497820320
0.11646158597721303 0.53081710064361720
0.70880510255217666 0.54772866707577406
0.08344413539914076 0.75415738023908940
0.41985816174163954 0.26781267399414382
0.13869473111246028 0.38916440231050686
0.41962157532661370 0.28411382417396436
0.32595869828760760 0.34246464309312474
0.30478016408462089 0.33663961685634602
0.08785762400824561 0.66826556173371898
0.19645779880063050 0.96419086445330038
0.45814122528856466 0.43535547795679264
0.73714544933784498 0.60881217182121039
0.58836267203775527 0.13944800561066495
0.69243967596773115 0.53132692176871532
0.50577686399984534 0.37990933661949783
0.29289940372361423 0.88025408650168824
0.11739424976959038 0.84476549432509773
0.33999421328119400 0.64098098501022838
0.36289897821820655 0.85096266920736274
0.06151505623192242 0.53317870061508754
0.14235790903193221 0.78504874594054919
0.28991808118399065 0.33234473134783049
0.16545505399759289 0.42197051045299261
0.70492322798350249 0.53548739748934726
0.24028052266613978 0.18093206300309045
0.50087993223634286 0.18941243643008854
0.48496328968752317 0.90323883853615528
0.63227732092681377 0.23838616179833511
0.11507373373819003 0.77763970942644034
0.47026936120477464 0.90881808775682149
0.08350422140709780 0.78394121689780927
0.19466985953958510 0.91031748718518368
0.12258440454080699 0.64540331298920872
0.24495140914532995 0.51143069199167002
0.48759004530149358 0.80107236859023456
0.29709476300618032 0.94354224649692853
0.48403941482851903 0.45978088505780218
0.18157013725910320 0.96088786515959801
0.35371212748206488 0.74084200836387415
0.55600660582233852 0.66321004431496811
0.26746723298806807 0.36947172467166811
0.58587443024423735 0.42365496854495382
0.26447943029146043 0.88346368989758095
0.83990874041871555 0.50010839842804455
0.65343929475045304 0.43038618532730633
0.83751201147031618 0.19868552673762652
0.14599843744131161 0.80265482350664985
0.34802033290527218 0.57141849566449354
0.54071704730434322 0.42732231403805782
0.26591422711860163 0.33333620366872735
0.06965470105338013 0.86655529735677361
0.57050058814602955 0.80528350610208910
0.75960920353878658 0.25436721512014243
0.33741369147214822 0.33766443498734583
0.32953147210939904 0.15976176711057608
0.65286279033371575 0.65537596421790467
0.79441835017624440 0.50635991185461304
0.06300284272401913 0.59828639554809326
0.25066102684079239 0.84532385865441018
0.29518606380023399 0.17051575676716749
0.57702577226954088 0.84424120209066744
0.26124014327113221 0.23587310640413306
0.24814073012348045 0.78754000517013600
0.09982487485453653 0.47030892872394675
0.26585460037343744 0.77861357190436675
0.56418228755181654 0.41108919617970280
0.69608413953649884 0.27315608765291272
0.50323379771944099 0.85731550967905279
0.70510788859010409 0.05818636802057352
0.73501589926437483 0.53451326608986893
0.38448368990751475 0.93157358763700893
0.61059572677875207 0.69245058770133128
0.11717527704720385 0.41409876560187586
0.28579885301882452 0.41565103260007558
0.43390125660381934 0.22413268209215678
0.59397239476265906 0.62435043050756278
0.48716346831862251 0.32187405102518879
0.07070994260401851 0.69764395080177177
0.53899200276496462 0.10670780544741060
0.45137179973987057 0.36356999028771181
0.70858699542915604 0.63375491971269682
0.23410233677830300 0.42927688127709202
0.16703963106500411 0.48934707888545387
0.25508615259533490 0.87576943392630890
0.13449386368024732 0.73307883318829226
0.60361653869417931 0.03890430082671626
0.10745284859279480 0.36810908617735827
0.04697190356043061 0.58302948041284164
0.83868560606633358 0.45743413056205839
0.63629401054413570 0.18992610105745469
0.28105423066485191 0.22279691995446563
0.17501944560074167 0.28977263621084609
0.39592821938178541 0.78383497011906111
0.39570250950899477 0.27702152826163140
0.21468366972910011 0.24389158952384760
0.65519195339218272 0.67789229881784663
0.80259087693766873 0.25220175897085217
0.38177608180340428 0.68939661472868996
0.07866879992855245 0.42820468430945141
0.46096384989180189 0.07751797042545487
0.83953892866879654 0.15079274425849779
0.34685113119735661 0.61486929902415388
0.26079429192179848 0.41895354322369116
0.58759147345691953 0.62555074256865772
0.42606333073527214 0.18217152548794849
0.69436069563829295 0.67314305279923470
0.15825275323763432 0.79951196449979811
0.08979300518874042 0.58935471830306752
0.21424649974881152 0.40181274537042611
0.21831261956936610 0.90513078111953782
0.58468672864278215 0.71610924125860176
0.60936121095233364 0.30271461583513987
0.72144655923300016 0.08067125166093035
0.51628574489580581 0.21674173745613365
0.70051588167907308 0.25649855243273967
0.76153823245472718 0.52933336742713266
0.33246937196234327 0.64141001400458408
0.18917342106494406 0.88347523328389121
0.13363117803930044 0.72621363107343073
0.65482593174933545 0.51268655937349361
0.04804156977768465 0.82696642238755991
0.60604505356575011 0.35209241851508383
0.07609177790333529 0.91289357311050678
0.14221511022605210 0.26715942188716568
0.44168778982683249 0.64149526079255703
0.25549802965931767 0.49115329478848846
0.13979010546475809 0.54088182766493764
0.15608793346479016 0.37726302354909141
0.56548181828791566 0.09017319767926332
0.34197256689163241 0.21688188439689315
0.07502934538872078 0.50712965393799325
0.27626653029876769 0.81838540265988680
0.56998623096916690 0.59884147721281433
0.69303086436690320 0.53762326538056804
0.54545432070141631 0.52066139113342491
0.70549910233639657 0.43864026567838249
0.61877416790193218 0.53665256178629595
0.74647364899939916 0.07079802976080511
0.08147479106912577 0.41797880648176078
0.54110471867284771 0.47114751700271795
0.47694816474378787 0.12256394564197567
0.70341514624548607 0.71496830030912983
0.65717301340758771 0.32154006297533227
0.51235961648988115 0.27138653837479931
0.30181213908597571 0.54827512648404575
0.36453855410763086 0.32923195953831436
0.80072610052656912 0.54894348799795334
0.34762643444236163 0.36020398404865345
0.03191691254364185 0.69686990900003765
0.09336210998597759 0.90681582406644934
0.28682944945458855 0.28764717482740926
0.77130136634623858 0.60784637587192503
0.57009014744033437 0.62689738256085203
0.05134232001870035 0.60994811379913383
0.75251680744150029 0.31271892735928636
0.06009532877237625 0.85576217376342767
0.06360243316826727 0.81526753329036228
0.13459663566110969 0.40017564269746619
0.21217253780608064 0.17311105769859947
0.32259114099559555 0.25079560849390492
0.29560643846767010 0.43402969726834434
0.02784198680357958 0.77331132833099891
0.52336166456951361 0.80082699746838115
0.49147267854574073 0.44907653547164789
0.58850050141383259 0.60539668703880989
0.04069106127765074 0.56843335685109087
0.26867822254053242 0.28640639829214898
0.24463717079458436 0.72262030506867625
0.32690516347676102 0.32181246004642700
0.11071491837924206 0.65894441233690570
0.48833014914979661 0.44266810847869681
0.74070686093564542 0.06317826216874721
0.26784903978407437 0.85492050491483851
0.48078717338424359 0.82256540519079624
0.12237440050864223 0.86547114736096853
0.52594922620711015 0.88830032546697346
0.63269722005832085 0.04142921794385203
0.01606327988998505 0.67162461488531922
0.80736022323579060 0.48859828886081075
0.12011647065364640 0.51195301132420967
0.69708170567747740 0.61621197397703154
0.68140269359012418 0.63690172100767095
0.15447905189707328 0.23340362703844456
0.39056640739062592 0.88503234268582720
0.83816122230754642 0.24219089091589222
0.17661092177524790 0.57500996798595094
0.64797538359746665 0.55839142604830028
0.55977657987020191 0.70144701820713407
0.37989708394395227 0.91958075768156322
0.15263836442462833 0.69904618317027556
0.57336240264053395 0.18843630326854685
0.26507985740992579 0.16172385564323366
0.47268178837720976 0.12797489247770491
0.40779736134075900 0.28393608729187647
0.41894666578821205 0.09387343279909437
0.14247249571629891 0.63131281462838007
0.55159546307776774 0.06404250690608453
0.59968892965914333 0.78395475013344984
0.30790780139117324 0.48579276254356685
0.41301600265241151 0.72256033352559490
0.66501331089001836 0.61153515152619875
0.05744885359411375 0.74711099835274675
0.18623281710258879 0.77129092938096766
0.49522812274502981 0.11877134378291664
0.39016752808709038 0.39549712537824927
0.42063780180065835 0.32007878870398782
0.64276546634637555 0.10986133510796514
0.02680917261132271 0.80178208877520052
0.12703636864937004 0.32026972773161599
0.34855633812833969 0.79342124142430526
0.75923850239159785 0.60623485096689456
0.47787032451361872 0.70962193940876250
0.08095428021793624 0.59031200396037264
0.39305175103080747 0.86876526501089113
0.50190093424708238 0.06270823267447960
0.23772688581588794 0.72069687150970019
0.52110248158104167 0.39879085559958011
0.56141284828298499 0.20965323863916072
0.43094823558711698 0.55904317415596061
0.77975207988419526 0.50101594251357517
0.06558401886415316 0.82459361773769468
0.36813311379994423 0.16746257894527530
0.43399657513832124 0.06762775277750185
0.12738724041909083 0.91260783654508970
0.33974221177648295 0.48417359906866775
0.36386212084665770 0.25801202401039325
0.68403333127636468 0.23694013921229815
0.78946704610925300 0.58638996475750005
0.37652332813997730 0.45439108866976158
0.12857583577379375 0.71544116415168091
0.73421784118331046 0.40473502345740681
0.48898101493303048 0.65473201431621941
0.82569719968063771 0.32869690600154550
0.11352122135318313 0.80871283322161858
0.73611363927515716 0.45368654052428231
0.31473556805595987 0.10913664756789687
0.18866508949304062 0.92213380763593122
0.48020928565847137 0.85007879646431161
0.47902776163813271 0.68914432800215664
0.65807047240392758 0.12962818846954993
0.11164294208881717 0.56649898448201153
0.56710639775498117 0.18436414589285649
0.09519729760011252 0.55080719778249643
0.69352939991902229 0.72004609808518094
0.34749658575192266 0.11669367751335351
0.21704880659708092 0.91692177314013756
0.21845514071638472 0.24044754025735851
0.61375340919079757 0.07566554033494205
0.67256713700730308 0.37764618805401767
0.24050334730700926 0.53146393485801990
0.48218514584412719 0.86038298736119956
0.12208448592299068 0.92584641226496456
0.72621370940909968 0.10034156490799047
0.60820084634386096 0.31339765939517100
0.82341282383373893 0.39848463909701670
0.24026134578758354 0.41208464868334282
0.13964916484198345 0.79221295654698887
0.16911589101255975 0.64796850760969060
0.72523253603990534 0.53036893317430356
0.69442847645030115 0.76484910943187412
0.50316932079499421 0.05198645472795801
0.22184814083090526 0.50034862368520572
0.84070603508833508 0.22834260323452979
0.57019749780022155 0.82328373331628313
0.72606751725643159 0.14555059213164218
0.21308498308785243 0.94343415325038604
0.50890612253697665 0.10471802675713497
0.37408073094376115 0.43922913420203730
0.46776526590700568 0.16562112309585753
0.08711949026265733 0.81131183279566621
0.12941614753755634 0.84663792032143503
0.52170157567773134 0.39161154225937006
0.10727064429734880 0.79305451720340236
0.22006158173425230 0.58499836101037128
0.57129290307415392 0.48640563049931523
0.20802513740335513 0.69664546568020802
0.13169003252696893 0.36074818430707778
0.26510610610919949 0.30096146636508314
0.23847460816846627 0.84009457658533382
0.16287471024620476 0.61966022763732986
0.44486618577431858 0.58218865454914626
0.45592056570518991 0.20827485656286332
0.69511337100791670 0.56924457681153973
0.17234446586756760 0.26408527415812916
0.46188657111785941 0.09666638991865104
0.33137284189039440 0.22831753272122404
0.54665601146316956 0.26909103239305882
0.70620857051856800 0.21790637000650151
0.72234935759084462 0.09694385904731895
0.43623966080520415 0.80848937805808574
0.38192977329835903 0.92560713516354420
0.43614402653810236 0.58843715844041689
0.18856951707561323 0.22667183732608936
0.18311212353602599 0.59559855329820255
0.40365394334502058 0.28994574410044172
0.76935100667917744 0.60014414135298888
0.34298832690224285 0.14031430770853259
0.58291622826486178 0.59791958445433380
0.59907343106968636 0.73671277167107474
0.61695593146607652 0.07880274075692392
0.50925757238125524 0.55135155367405653
0.27198228633041394 0.86005904765623575
0.52850162053558591 0.41079555822148500
0.25330177511615332 0.29783121553384384
0.15602916317052612 0.91072982930829582
0.53941654109493820 0.87786429275996458
0.36371123709091674 0.46053785809319581
0.28779196674844559 0.57059022002698268
0.65517903197158955 0.74582065001995201
0.42609481405529431 0.78538912518654402
0.34252954023508020 0.86199129877199143
0.43360211222265566 0.25796944331985594
0.02710293771548197 0.58599448741134774
0.38556203796500577 0.33655667857278626
0.41220685323537642 0.42451963557070310
0.25796234304718124 0.21670455080087539
0.46481723182828499 0.28893267558412494
0.26767128962758385 0.90611290045163695
0.79104891096588059 0.42473306208192280
0.66620775188343195 0.57445251699850364
0.50500466363733021 0.21997885697354205
0.53696499783131890 0.84576858723105275
0.49937569065870796 0.84492773180869118
0.08651968620845293 0.77365982505548614
0.63452835490243231 0.10601426237039636
0.46432492315717316 0.52930617150536896
0.76987940242188058 0.49090801943848911
0.55847740708197646 0.45627617407037874
0.40791096051142994 0.59777117707561134
0.64917929214094217 0.16257329483208599
0.58267899810874479 0.58407629305747022
0.47997236761306777 0.83742266317910652
0.63913418464005500 0.73398909400352697
0.37482466455277202 0.66483266548973186
0.15576096874703194 0.36363147941646873
0.18185390693379072 0.55439254203469945
0.38947245773822192 0.07933405232728216
0.66712064554209549 0.09392795578772013
0.44653158599060888 0.52004026382259150
0.28725608434722666 0.88114620375304853
0.17396665488424209 0.38316417325255153
0.46860414514058318 0.19131944080707383
0.54489083216722978 0.60656944824290371
0.61846811615714348 0.10830611685500355
0.51223155699344747 0.09495112318362776
0.50073433951681456 0.73316613564597566
0.32676299045086799 0.92322953063101743
0.12590150631119398 0.38637488235892486
0.32548278308273298 0.28393809184880153
0.81163693856586250 0.23681925179454297
0.79951267343217247 0.40428145411077282
0.79595745132962170 0.34506573595796664
0.28146943361086629 0.62637184535534329
0.43510916370971575 0.05406595025474428
0.17261686742179908 0.27202524854958338
0.24751801487760466 0.24470866638797628
0.77088391479845875 0.48561758755529749
0.03086926184693626 0.65674801695917007
0.17501524797364051 0.55439536819587532
0.72827433975684741 0.33993713464902592
0.72448559425454317 0.30943724035580134
0.27544748942811054 0.18872491727765842
0.75731201623391886 0.38538002476693667
0.45514139956882682 0.46139199888347865
0.60551173990024210 0.46439841557366468
0.72716554416925361 0.15091257821709797
0.62539139865314131 0.77266131783309921
0.56117853886836044 0.10535632426905824
0.79683695367770901 0.31546219817151605
0.82425287808910774 0.27954245343488676
0.14624066585429563 0.69404069970932514
0.64939969064468772 0.77748683716860878
0.35749841348877015 0.80875981813514009
0.21068713643612386 0.25210466171464446
0.81117700126259362 0.55611371435667523
0.07061123242852813 0.63308667045743816
0.38844535182922285 0.93749219459753397
0.66607314815186069 0.55950223973198765
0.42195202713287472 0.37721245402326536
0.51864368300028385 0.32670069895361170
0.19899439057885626 0.85590567107598292
0.73306520750624549 0.04001618747072449
0.16712961761800013 0.27523225784830718
0.42466703563666919 0.11772759682886567
0.23859875718275084 0.90360037306490804
0.36484321941596637 0.47482399490727256
0.49731126650202373 0.70776236730766651
0.56989723898805800 0.09994408324382942
0.18533041062121927 0.85544220032216367
0.20884698006833585 0.78938323568951552
0.78995578101471620 0.21896976188105047
0.39794939740885671 0.67109393388090277
0.49367172186450037 0.89337553715250939
0.61637693218245526 0.81486550089802878
0.14315720941004545 0.59023133471192946
0.32203355306833187 0.85571536056946029
0.47931644800744672 0.81063219994256963
0.09103032092106507 0.63261327118979005
0.07555569441613139 0.63394780843831988
0.66852777811614394 0.10850839905519462
0.37407741580267384 0.35616176412276834
0.34672557937372228 0.71955643797637658
0.24006811234759612 0.38571859752206200
0.18253842887021521 0.86115434586365192
0.65912110623652420 0.33794759140730168
0.79100579114627911 0.20142237524158746
0.70580455811798037 0.33607910313371081
0.20393787496331989 0.80042987059419479
0.29748392721664269 0.82585672801829213
0.71810772721427518 0.23801683083075345
0.65752333703675203 0.12119835161430147
0.58508649897716869 0.83371456258844601
0.38830547994231202 0.80786053514677525
0.64033433436565934 0.70551179403846664
0.74171692770772601 0.59879792671903664
0.77136295678150624 0.25829622608966402
0.49327449565170983 0.72086032911130604
0.12413189508309290 0.87440631598498952
0.36579800019903363 0.79895992955867989
0.20209555875075103 0.45501869570150805
0.77980968963646857 0.49162450019727194
0.14927338942489946 0.91853671452428032
0.39732728554881486 0.62844427351303189
0.73730083770168231 0.63268959943506442
0.03494844368845638 0.75588892633566807
0.32943515432931259 0.50719432105103601
0.14221275191008018 0.80979108547722611
0.66800818630030945 0.65771493952350479
0.10577766117872453 0.64074979799127185
0.57686057210722852 0.07723326681646250
0.38882512696865740 0.63722603910634723
0.26987282772961413 0.53545411259478215
0.33188161240518033 0.71792344767788530
0.48458049670485842 0.66768637730892544
0.06105310967943701 0.63102265749351516
0.14775386544899563 0.32842431558354268
0.58220321882514792 0.59101637711724797
0.47093462328404045 0.86302151198109045
0.61733843744630024 0.04038822633097745
0.53416854394704416 0.66944573187647605
0.76369502229461417 0.52486527167964359
0.13042744846925522 0.59148781677222795
0.45330630717154452 0.21595966258487875
0.73619867052662080 0.68374502869153975
0.59964846610326528 0.04213499496969491
0.82093921147568394 0.23435709263406404
0.26004891222673870 0.14832107002442893
0.68699335169947939 0.08932617032398697
0.53421767607045656 0.80553295210123366
0.83831620792891626 0.35800388149878093
0.40634077301694110 0.13887199370975220
0.50796980990365503 0.80839778094425219
0.59344587749087063 0.43535933503777835
0.44088431021296348 0.22178838387401462
0.57768441550611738 0.71265841693392895
0.38944646920434317 0.80053695996082086
0.14968673839158317 0.38774785751059970
0.29511655791626024 0.18220520875644186
0.74461916390399596 0.60275182862853793
0.23355171586193535 0.50358748710090284
0.40209251385811540 0.60172673384110464
0.58234417198832744 0.63791278328404954
0.54160474433352679 0.79968185620347620
0.53386055390402110 0.40612587191144822
0.15508469071546083 0.64457978460336685
0.67030530728341065 0.47317815017938564
0.14741800420371259 0.28918869574899853
0.72681602573711446 0.03497769494047593
0.07585101390375042 0.43890541708690534
0.71166578913539236 0.23786014768737673
0.26686919917051233 0.80347359003308116
0.70488622623783503 0.23709546016692876
0.09895697055090932 0.53535806668419461
0.14724527001021334 0.26079416426643182
0.66622163936500789 0.54622309792612733
0.07255527501186443 0.60072815387442757
0.14868443323214919 0.67340569080193091
0.24827891922951906 0.74209985999142669
0.09277056576148450 0.48487584228742914
0.33429416968947040 0.60634073347604001
0.38797753870421009 0.09808503896808266
0.48389111827396630 0.30314738357873988
0.57980765534185930 0.45288226463599246
0.53972005045696014 0.84076472475682551
0.79823127013627138 0.23130232624383637
0.18080165656008973 0.93553146795700848
0.43787283651987119 0.08509039096905179
0.64487618912801536 0.48034041527214155
0.51604064790969617 0.03783960263987736
0.46712589189039233 0.51017884677280889
0.56237760947950288 0.65422743992031585
0.48983306438779062 0.20778170275664495
0.59229794013448689 0.81959719283531973
0.80207073446003585 0.14028746774665071
0.09193723950035586 0.90177352516037557
0.49909049649693049 0.80466514590440108
0.66297908881713929 0.73929666370591218
0.58610487302914160 0.03253992036778298
0.74281121649164428 0.29060640742137805
0.46161591838035104 0.88113958060680730
0.44618364510816166 0.14057137999325317
0.46332192444398895 0.76890627353748542
0.48721941737552454 0.25818351199523887
0.29023635480083776 0.43871462307910797
0.54859810842678081 0.70193287280418326
0.12700236762218495 0.65286616170931910
0.43279958423369846 0.09881092015581990
0.55592701936896793 0.09004495443183536
0.73274053631010860 0.66974768210116775
0.04894772242832542 0.56702999573320378
0.31081408034151242 0.90389569867015995
0.73720568640575346 0.59742744142155135
0.15557890612910374 0.82532505074885509
0.23335914623033421 0.96706212670501301
0.33922668031904285 0.54687048138924232
0.15433774789262786 0.75633222412993428
0.50367821241561528 0.35785126741053208
0.45616092918077278 0.64294069549570121
0.51659441252394700 0.87073276823779444
0.70000117462002054 0.03449222769331076
0.64259730625801892 0.56294011981335035
0.57883188222224136 0.18407862027630634
0.12013791751113015 0.30167374914056483
0.82756193967415548 0.42388465946573561
0.31303921340359608 0.61072170264968739
0.48135788433116233 0.13633043002306511
0.51552430697164819 0.84467364344454432
0.68980321434083069 0.57311421665180129
0.48501237493968907 0.21365824974773082
0.32286275509200707 0.65957073500134533
0.12995437107030353 0.85823649661632395
0.54710688851854838 0.13387822858569493
0.27151556414637162 0.19238118526973727
0.03251766146809491 0.55595411052517341
0.58029579502612649 0.04769592014542091
0.47837401388370404 0.08245616456803689
0.25312093111598882 0.26507786070052708
0.79328192193869607 0.62096435546718254
0.04591698384003912 0.49278493294600839
0.20809731183229405 0.32908096735434972
0.25531305055678849 0.55312492200119867
0.19712428695697612 0.53974585290416921
0.43941743328760319 0.73398344455268638
0.30457202508814329 0.56250475412529155
0.68846467915145027 0.36072146741261091
0.41443823251801526 0.91831279156216106
0.80442757476015336 0.20428293196323336
0.23889047528896579 0.91854717293386134
0.53424952467079634 0.84060391852683991
0.66014047056843472 0.67582769416304711
0.32081815924012813 0.90422954472126194
0.13902051578438082 0.90413764232480809
0.32685488579007349 0.81681873332352650
0.41171020539194869 0.20380729500390363
0.08678599378417073 0.89968878020447018
0.64879102690034263 0.37542686332801506
0.52083739143200580 0.84487674773358457
0.53001701891549813 0.71188550750265533
0.64691615767669763 0.21800938749049634
0.56830638362754637 0.75639631919576822
0.53205094813418896 0.56713436973294262
0.55242928220950660 0.50258004264375056
0.34495294802564314 0.29218346981837606
0.02475405723773857 0.54737031098395317
0.77911713146972073 0.06893142201818049
0.63804470861188545 0.55870423530869939
0.70871361283329970 0.70986726049572990
0.52774622488144296 0.02948706234390929
0.51702360075488274 0.43767587470226782
0.45279713713957737 0.68269201432575022
0.35945081931301515 0.20853363158693855
0.46875349890081347 0.55701063724192112
0.08960290731996773 0.44397091749378792
0.19007529498252701 0.71137228357891080
0.44751321926932219 0.88099671397710266
0.40582821303152500 0.81087651185013743
0.10111243285210586 0.57357893480873390
0.70283115623643044 0.27687864688845798
0.53813855595746218 0.86303119379330273
0.58266500838575741 0.10973044397272110
0.20883716642290195 0.59475025965696804
0.49420142487781005 0.10349089792697581
0.48768968531474266 0.12560241853548568
0.68438164417383807 0.11225044953830705
0.40516819355932288 0.89802282563549518
0.53650839908604242 0.76875519901722034
0.58357374675474682 0.25303142017939156
0.76516240775948385 0.27307889316059497
0.80739605593519626 0.22656235233320809
0.23423652033367373 0.37739713484967741
0.04279251854564600 0.76313051532711051
0.09953428584142988 0.87485453232920685
0.38184185027227385 0.13079040135522857
0.40250221296650979 0.63865180469136784
0.37494711851831058 0.37216759375013386
0.10505919362834271 0.88047924514037068
0.12105806749803430 0.67140689848370982
0.69009308970160632 0.27646884934028415
0.28616162022701386 0.31605937137896439
0.59786280672382985 0.17144477785893453
0.18031689137877363 0.89587500936232867
0.11246942835117646 0.30404331050021455
0.27910900034541186 0.29629931824944061
0.82753484313320214 0.25009852300869012
0.60357986030070554 0.18856078703908347
0.40181025435309875 0.89431870725637919
0.16736858843403388 0.33192852695041652
0.66282650885063554 0.07333358397133682
0.80333152525901719 0.55621027705530957
0.06019739668255427 0.77437945640461614
0.66316638766962588 0.42563139108837700
0.21042462130815306 0.82276279622028814
0.46473001727508073 0.17581564480278714
0.03076055836492384 0.61240375921566048
0.08000316883504643 0.69907702110133840
0.53036365041283029 0.55330317093276504
0.58008232914045688 0.55260697921751567
0.72310791405727748 0.10877348193587356
0.24426394115063324 0.31348214930882667
0.17994626610549624 0.34175314995417855
0.39747080358557862 0.37251763004549554
0.22618752903104414 0.84074615124548979
0.49664852001079329 0.20973126172844092
0.20554254697176325 0.86696847758633400
0.53051276532310476 0.25117612921912308
0.11314044052005082 0.88502411690011740
0.57376084048210296 0.68402107359463937
0.54646475430607833 0.46237305951036134
0.28060720473663359 0.17939487990375577
0.27743221985003508 0.78692282465692609
0.32559119927867708 0.12762192626548977
0.46313115256518844 0.76170265945602122
0.44213379455130142 0.42210746581976799
0.64157203177608457 0.80760382108302053
0.75021327720065945 0.20915648889956404
0.04824101377124056 0.61446782618292795
0.07404064634661878 0.69298102375486348
0.53796642723960897 0.85674979942224039
0.31810658054024954 0.16425886531074160
0.48711159461322989 0.85945062549211637
0.55447875299698590 0.84740506666168514
0.31685374400852750 0.82794379708080690
0.38601727182767764 0.86778961463999482
0.29838188732333559 0.39568497613698467
0.16489909027715111 0.93832977579466215
0.65393233277031393 0.00877301702524767
0.30762495578824689 0.81156787548877196
0.78305894386793640 0.11295789202165092
0.58503978434188175 0.18773592123279281
0.72612522615566144 0.06481249553831862
0.75552899376862626 0.12279145857409085
0.65992742146404659 0.55724681382550623
0.61073276199685678 0.65609836289348644
0.58422941751683832 0.75128564510644436
0.35598225982499504 0.59237908880955881
0.20167062069317940 0.39777319555147816
0.64869837300786715 0.76504967689764858
0.75181072432335916 0.33130823223521033
0.65422609248359664 0.45707719222402760
0.17464722156954757 0.52738968116865870
0.34007458718273625 0.16105501606399630
0.78744338932830515 0.17360290996049382
0.34293167820208814 0.43274374499218082
0.22670685194814552 0.33514453387607723
0.02577969788088576 0.65243938477966534
0.56581216807962864 0.37535534924532676
0.46004928338869311 0.77434304168403678
0.51540787551165668 0.25077034981438451
0.26842052876634337 0.34821115157126653
0.49290181372855596 0.50124370853632949
0.75116975439493228 0.43684998161113275
0.09033668272988547 0.91680648821087551
0.11190459690065487 0.82054682218616304
0.81299718048332181 0.26850559915830902
0.83330784457928564 0.35364908644580523
0.17032936188758463 0.46161452226825178
0.36534959481313350 0.89503091674816293
0.43773745662982777 0.12804337048385570
0.60783801583554442 0.11589788799644539
0.74076636340953916 0.21061218386746189
0.39665964324987701 0.61707385402896886
0.65497963902582812 0.73973171717323283
0.80453237033058367 0.54221153413895651
0.73809061439442980 0.54429729090075984
0.06484015149545148 0.51170096866399073
0.58856203631710402 0.13300075352277532
0.14877525409590306 0.40482326502120441
0.23039834958054359 0.88285939316757400
0.10327479261167981 0.83923785168813558
0.42428801962910179 0.50339899361460139
0.37674062870754943 0.24033412254686412
0.33592439781273442 0.93935594182200621
0.52285477092714427 0.76588151980539021
0.75373549354889346 0.13890952877121476
0.28526382406439088 0.70085238786284709
0.57792701688099835 0.75920307466926484
0.59519738598739436 0.59428590367344125
0.24686459302896671 0.85031699439845021
0.43371181495699762 0.35184467175397316
0.54399974559390496 0.38949515201639828
0.20839006639992350 0.55882719087222821
0.10129204978925416 0.36698453117613788
0.49951897696196756 0.56842589874440774
0.43991132603643740 0.86972835016209482
0.81913795572620240 0.18529325146791323
0.66448120229485486 0.27986377714174437
0.53356747298778739 0.76338380279922025
0.27316684393891433 0.60088392803416768
0.10600393939084009 0.91279958897123425
0.32809343073774205 0.17739433885392114
0.76076473429476321 0.10906159130365280
0.24660940998404743 0.62621188196369271
0.17028477063794709 0.51098710678314840
0.30382207764014213 0.79110297607699021
0.47138250981384427 0.80153951146160696
0.44489358562824699 0.74793332083118602
0.71472562369468640 0.65563783936263931
0.28690599144853940 0.39317099829466173
0.44478961772912284 0.50940197238078189
0.58725784245297030 0.79824742604224153
0.70534825787495570 0.58650992816445369
0.42940746490451071 0.14987256867425047
0.63302304017888578 0.68641065089637920
0.78872250474142325 0.11048609839695757
0.01515397232493637 0.53297096853422798
0.43778749861519356 0.38094434367650687
0.51980412393234732 0.37647622331609509
0.24720764670648041 0.41494971498540550
0.29016317499566896 0.15147078148149140
0.23182768697136949 0.80708456519967009
0.64976854411221052 0.42290595790934798
0.50602806039108217 0.81409451330077887
0.83337026893128496 0.30680726546546466
0.75089533357766736 0.12500961707698530
0.68694510808927811 0.33968964851104272
0.76885024398181023 0.57046164148685330
0.67732178203409477 0.50366840663801560
0.10758127071720590 0.82257776127991189
0.66840647558002653 0.03844575856172153
0.78632639048879815 0.15959681993223970
0.15114829082906053 0.45314402879947036
0.63282993126923381 0.30721877286169214
0.68997228208460004 0.32477105619729441
0.77792654897255054 0.42248968126572634
0.76010595416416371 0.34264351653416625
0.36433380243675040 0.96661003905286369
0.54563267631546897 0.51326312447752509
0.61319780378454347 0.36396855379448600
0.12907007660085718 0.31337243317806529
0.71489896132428932 0.13309822860032886
0.07054727007734779 0.89364738378340236
0.56190964769749696 0.29867440982383714
0.55971947673644618 0.49088768579401532
0.23991805057133389 0.55992393388688677
0.35197445150062684 0.29344024482234277
0.49512993144577694 0.65080160149506328
0.10073003244769450 0.34129734790683114
0.51612779963013922 0.66362100469582541
0.38126845180525859 0.73332029182903813
0.27901805849628325 0.60473352529108659
0.71291909972849921 0.08082186977949730
0.42063862545610148 0.18692263635367309
0.78012712375479776 0.07583544558275250
0.80421109901786036 0.46626093272826641
0.51844557816524905 0.44489572514950509
0.60718795042863094 0.62448567004843836
0.70387088472644610 0.67058392706583259
0.32541825941892799 0.25752567690104183
0.19216757453727173 0.81420022243141843
0.56396987983018609 0.05767484632378856
0.41010508110248911 0.07825441012034737
0.80784604101993507 0.59191836758956484
0.42366847768515087 0.10349429908558294
0.47740144974982751 0.36000247876325259
0.13651374581687253 0.66209566853421664
0.30041868968036362 0.27229209690381884
0.71783723130535271 0.51997407069388335
0.37243359954966193 0.34056180653259699
0.75990116725064805 0.12039189404418484
0.49775896409141634 0.72707907128447780
0.71897753910757256 0.50741706365627337
0.33123507928680906 0.84794976951044032
0.79843112150198425 0.17198705970750583
0.37416599034918824 0.74464822011368703
0.25007560273959928 0.95606128279914859
0.27585187634272962 0.88399566562699505
0.25766663354294322 0.89242990102216468
0.32320120689728715 0.78804488287275487
0.79821148548316101 0.36887939511678675
0.14239816626545929 0.42060319604142882
0.50100845890516654 0.78353675304097958
0.41283334118842147 0.26004373478160658
0.09664546203634479 0.85243221785112966
0.07671863774383092 0.86661859475417324
0.67978096962506240 0.64799537368644589
0.30066146239249120 0.34242898185685000
0.75414635347905012 0.52926714510810013
0.40540709611941378 0.24788982746901025
0.48128977294452452 0.14443258283582447
0.18540629071870116 0.71790537797802034
0.62585376767664314 0.47343541516329685
0.21300001561753970 0.42224828436371037
0.32947775667252860 0.80733145300335762
0.53164422044972537 0.62628948551099350
0.70132943573602080 0.19220606252468900
0.20482594763720596 0.73865209786688180
0.36845414161879936 0.83068051036686652
0.70798594333896681 0.50017270007222259
0.65925600266167461 0.23757033465649643
0.81350493369539689 0.48746159389913785
0.24111349749406105 0.43404166309691966
0.85317204241237976 0.44712161006644446
0.64307576443447356 0.64820984007253746
0.15761169737866623 0.78548455415773610
0.76603277514173440 0.39107599115949371
0.78682595901580632 0.43565923737477491
0.07833832770494831 0.39872241928602636
0.73251253173728248 0.05117912568114549
0.64028790236364574 0.08428949490313850
0.32310338102018676 0.44987552587467061
0.05769635597403213 0.49392327089877447
0.52879176004958817 0.76634715967376743
0.05332584179879729 0.55758156560637495
0.45098820945276497 0.35639533205907564
0.69144405972453882 0.71391085061301052
0.48408471685128601 0.55780788643501777
0.20683155523701888 0.29812432951242845
0.09819077080576964 0.86629250994723195
0.44141675539053182 0.77244181210119167
0.45801191360644761 0.49205802396834319
0.61988633822107331 0.02983739565731918
0.44810540269148319 0.12302669245236443
0.55816546429391700 0.80795536437051096
0.16469046485694003 0.28632304764544741
0.36112063222828578 0.95450477209429307
0.25487747537182448 0.37191130977300124
0.43040433173188697 0.77340025321074068
0.64833804634447223 0.16910334341323449
0.59515419432499539 0.83192590428885971
0.56783552643750990 0.62015570876935666
0.38539171317904536 0.76895277976972398
0.07394254776063673 0.80809000168880674
0.76110006568003263 0.62159437174459498
0.22824117131296998 0.84722800375774532
0.40807107548482208 0.44849354540161246
0.07574235108134163 0.60960358604183884
0.21722609169511475 0.46950640777525854
0.20306984801719713 0.88904069136059782
0.15379369884504704 0.86839780157571234
0.70618306410238663 0.64391603623986970
0.27088744524313141 0.73826442001817372
0.56727777348316433 0.03911662059793651
0.70009559873220917 0.60098504752042903
0.57477985481183202 0.06835567117849450
0.52789847504138876 0.19201857222908769
0.72337394856414583 0.24861403741993537
0.60903278505720670 0.06759423822158976
0.59283883175371066 0.05485936616295936
0.48625217832551970 0.11178953075750823
0.32210460129129109 0.48701674173982384
0.26914146132069267 0.92046510062710529
0.10272368300909829 0.86210440085535578
0.33717700228532177 0.26534074527298862
0.77501128769058270 0.60288979469199822
0.10937877326517993 0.83139701103617414
0.44383427566805583 0.20526142165080363
0.50837510657026952 0.25176233894910960
0.74750087929563747 0.27767871929006505
0.45291578285573619 0.67598838960794883
0.45793373475323490 0.15010101155878128
0.80599451499580010 0.44132374952517689
0.63894774622108796 0.47638795786080773
0.71439372668577550 0.38910117481022188
0.58630900735993075 0.43835407000282955
0.31729971175403154 0.84406169877042958
0.21527528660811573 0.96507063551969929
0.34461798947243710 0.14734008764764200
0.27261689141161283 0.64562610011947008
0.13936013890192864 0.79819357528571411
0.42129955985061912 0.73391941458743204
0.71679117364236666 0.62860548625745916
0.30233980914037928 0.89048852439447856
0.71526051824676695 0.60291230389075146
0.76691057409240748 0.08830950329857419
0.05909070315224151 0.64415131729535069
0.61411414373184958 0.75410551661659009
0.05457592816785907 0.70885561787726692
0.37644477882652860 0.28372486821151893
0.53208049592140028 0.85683860823952729
0.60288415849815957 0.48084346292123181
0.67209593847390880 0.57648794649596480
0.22695519451463567 0.18196372399262392
0.65868626669944574 0.70895709812256569
0.11581705515291559 0.75841156453866554
0.38682416942093539 0.74908798705831325
0.60096424650413316 0.79457506389343502
0.52653367035093335 0.73548940115531103
0.21179199681429337 0.86813073042372113
0.53493501353292883 0.38916742253651582
0.20472865649788288 0.87778536921270711
0.26405448350226013 0.70364102913354465
0.70757676579084750 0.27112701428245117
0.63178147016357666 0.62169615426536051
0.64885895911750258 0.59142287230614154
0.09274998932257483 0.78042625711321756
0.36701768501466392 0.89990098182747424
0.70382696282841295 0.29766553934890799
0.20656296450789052 0.43467489334761350
0.33264505805473205 0.69088113697214570
0.59593412054667516 0.58085087986424477
0.51119666741176584 0.62639481021262233
0.21643620896943511 0.93889757376269034
0.22711077987687203 0.58546616734480872
0.64468524353618772 0.70817891881819495
0.69803264345524585 0.23611065974999085
0.22642843768696297 0.52093555776088674
0.22292770960393760 0.24315401580364679
0.52573830269877253 0.05418918181234639
0.32422600211504848 0.89450542229655494
0.24291161577608752 0.65291705571685721
0.55743453156494982 0.64262193362374442
0.56657492412425992 0.80208289684337120
0.66700295518520614 0.02754022627771119
0.12452829880073159 0.88369816300447368
0.35029332392130313 0.63108597225497032
0.68017668526641972 0.04883700677652337
0.56634513600681513 0.26492288279469156
0.40539348150408250 0.93523555301833206
0.47702395661298719 0.79943011475268833
0.22876303464284040 0.46402660418910491
0.19094693375084523 0.37386937576319401
0.19988948661679753 0.21179814506612796
0.11353303638905310 0.86186212562796449
0.45723365165722463 0.52746775838305948
0.65586945331153845 0.21693952668827407
0.67955098764015887 0.26842548286425549
0.23432455378078482 0.43652059496004103
0.10106879383235258 0.69906217992020681
0.61184179754931722 0.76851304412154409
0.31131982426279065 0.23548269450696976
0.46235057803758822 0.26034616677200445
0.29676435642569676 0.70994407562719619
0.40010427007633542 0.28348302549300380
0.57457584505858983 0.04694946854092211
0.64864420340626916 0.15134307536785957
0.21727830942705176 0.81713684337548809
0.41138821698975669 0.31831288035799737
0.22709526589580450 0.76315185213843428
0.68763240813244686 0.05900875991152125
0.55960950786840646 0.12174454464511653
0.66859810176191581 0.48620798025425183
0.24559463501750395 0.23677498543187955
0.63549488794725406 0.06624603755855471
0.21891088604290376 0.76383865795667782
0.35465572798798378 0.15811293176792307
0.67532942079839264 0.38475192020584931
0.68563618645011826 0.17680326309880148
0.11799318934490897 0.43494808486982323
0.80569947793130448 0.16331626098307028
0.56391329585883054 0.53202996840794292
0.45058611609684468 0.52569761499419509
0.32497087862362478 0.20826374826192531
0.20381420291851529 0.46843612974660420
0.63331060222928071 0.10007726729515497
0.39030828284413899 0.59374406717538897
0.69993247189452823 0.21692384813189003
0.67249440781415637 0.26796985206172641
0.41424522165299632 0.10330197996521621
0.08160903729401509 0.46404254913978898
0.73464034223709462 0.58936605644977103
0.78674957484930119 0.26990165756562162
0.40287449221888005 0.52494548591648960
0.42366096809507103 0.77086540618094612
0.60248645327468309 0.11269412999125687
0.47389998753281581 0.50746490432868097
0.84344025320365190 0.36244812940981719
0.53401860181686256 0.24481963241829469
0.65335849391501277 0.72076410331850027
0.53229889132535579 0.69119593306231497
0.08697961958814926 0.41596597345480257
0.53260526926973373 0.82521883909093152
0.46699225100563324 0.83082713987937229
0.74507314299973859 0.13333810312947650
0.73804875776989609 0.02399117709801377
0.03955096439326432 0.80567770831331809
0.15046113077879891 0.44636114262903132
0.36713077068142508 0.40830943272043613
0.39171113645113342 0.13322160789893750
0.06174013142840138 0.78363267931785052
0.09253928727223878 0.85126664944832642
0.07125170407629086 0.46501864373178858
0.42383951060766351 0.21057913070871068
0.32439606962287859 0.50199725799285888
0.28807911880263404 0.98105366281171025
0.68050696169200453 0.07302857551307051
0.30809452572915491 0.68218763653722014
0.09483931135778503 0.91217520548090114
0.69546471549353406 0.50073402967473779
0.16644225069468871 0.32303410168814028
0.25031326130207004 0.31847533116951093
0.53680088882760979 0.60720789719932411
0.78289058657294031 0.15564751318282663
0.42585314869942054 0.84590232263387521
0.26060738801903399 0.50005275781076708
0.29033798200441269 0.57713264001080866
0.43372936398833312 0.28648195621076833
0.34212546400705501 0.46851933534922247
0.73274802638588854 0.07035226161074765
0.75839757688106491 0.15981975646024227
0.58347873903214387 0.71049502002242049
0.75806495483275538 0.37035957649770773
0.14727730666439900 0.92655516841214369
0.56546406419929118 0.42633118955002824
0.38288479983063173 0.84208158862888516
0.13853976202504228 0.60988940714254669
0.34385096163154050 0.57889236357850216
0.56976237532768048 0.30596469453510655
0.71319979465071115 0.67244064202214859
0.84027205746449729 0.39415410387311456
0.77784219221879025 0.09266036976603903
0.46582223128095951 0.86252904605739944
0.24111804426726297 0.18710686972560903
0.61993809672374356 0.32113632791684110
0.39597065029893302 0.79727782904366773
0.53747929301040986 0.54055845840824868
0.17630177858094928 0.97915878650835841
0.32526071810876012 0.64381876001697957
0.57107426975142173 0.07230074932112854
0.20629669337127926 0.51400406593751613
0.79398813641509536 0.14629894908207089
0.20539582650479682 0.94134679393680532
0.42685691452106894 0.72296392382374219
0.07990999056923957 0.75114224615574843
0.10883719305517210 0.67192099107386050
0.18448267915521976 0.33117576171870933
0.50099267142193482 0.79928058391564250
0.04958829709300047 0.86268721655948566
0.03980084250070599 0.45312898321644096
0.13959883800850409 0.76231783720840807
0.33470042521652060 0.21630077870077105
0.48271896708802225 0.51859470460122692
0.05091275065470950 0.72892251140641506
0.22933634296913702 0.78781980202151713
0.79609582847739468 0.16127162408040879
0.25151095124513922 0.16167014080884612
0.80927877937431925 0.23197385891048983
0.18251039275078176 0.39233136652973993
0.57267402899336628 0.26206474045015615
0.68944324815804359 0.67477955929251154
0.65544295378550155 0.08270616667539617
0.76337977299761783 0.35817718398408532
0.61623279403373699 0.79074583585024771
0.09494279822357125 0.49487021145011295
0.53858385139354503 0.50943775702632887
0.52063668163779320 0.05366103787695054
0.74454670392601807 0.32329894280195787
0.51128655390056998 0.05996759289948797
0.33249377568565497 0.51665849029188915
0.41674052737356893 0.38389414545821404
0.08554259807518055 0.56902379792053692
0.63213550053373502 0.68054419613587858
0.43700450980244615 0.07939134805577047
0.27654530458320353 0.24066183061173033
0.56092748701341333 0.54973769827830521
0.48172871443040854 0.28849126466639524
0.33883988586341218 0.58484501071625605
0.49803496668578778 0.04947245924662820
0.83229548751429272 0.31934075540100165
0.11713492955582233 0.93616277282631100
0.04369401934823375 0.50478726431682375
0.41014936134665175 0.17119086130165478
0.05784796972560965 0.51494488346617484
0.69975491658263389 0.46177666952665664
0.36213728060974543 0.28699977684029399
0.19725723503736436 0.23584822862521829
0.79709017245318703 0.27547740376325258
0.40125525706618786 0.78038990938400232
0.74027002702915401 0.63752181668817032
0.61176111444469738 0.48112420650595911
0.25385671571635260 0.93615931597369617
0.28155054117050649 0.23707628890110416
0.78137324749607162 0.24760438121036674
0.11607114143543100 0.79807227484362231
0.73648793018493230 0.04577579298795752
0.33744615753333668 0.47443123382504682
0.64564839540992380 0.08981769854070311
0.78045065721965157 0.35303787361032063
0.32531620399407180 0.22601474192458090
0.42566412093790978 0.15967380956013047
0.63728794376663533 0.73872609785564691
0.08276516669204614 0.83697914312757837
0.56390331903389923 0.31963038664338705
0.55102874325472551 0.64390401473391856
0.42794892688383473 0.10636661055592071
0.46688082818569943 0.25331901463404582
0.69386524051276199 0.04220543830928331
0.10601826772528852 0.77366628145092087
0.50679353217593681 0.47875998934725861
0.34155408558436390 0.10392942097571894
0.27052229603852579 0.90051656480791342
0.65545644009169934 0.39105383749265038
0.45994276948181234 0.68137088532364476
0.07764719070413370 0.87253064966584226
0.63554747784158816 0.19659461420741275
0.24556442822672653 0.40689286861083712
0.28818328655019321 0.77096324470632849
0.40778879216701075 0.66130669401814313
0.74724375255118580 0.03757691941087869
0.84826010518843353 0.36870344304767372
0.78312116865168968 0.09489317805025937
0.65910166960558236 0.64253974598104657
0.01660320629341831 0.73696385281053989
0.83720131686368182 0.23431914350931418
0.82516288468409837 0.33433466500946935
0.03246013287302581 0.58916019880491888
0.12311853316981319 0.91518512037784228
0.07498007693305445 0.84705814413919500
0.36611646896327615 0.86813979107633554
0.36249777658541316 0.35995270330285145
0.65517477980052929 0.46391583666805541
0.32495565075088628 0.42958890813501427
0.22397188096467963 0.89702964255766671
0.27056200547742998 0.69939447388493825
0.30099836593865548 0.94831303580461623
0.14444910903212038 0.36803600067840814
0.72230254114669068 0.66635462678028679
0.73675862348525578 0.33477152544796190
0.25016740794305364 0.81292594392455420
0.56891198729009795 0.27854827998680032
0.59903208056649948 0.25116091112922356
0.20999071214077084 0.60293635083244179
0.79639032347977601 0.56748520243144551
0.71391230939368433 0.50425266372080746
0.41337756746237109 0.44315935842956772
0.60239149423045435 0.52127347308507554
0.56332684808683264 0.29177238703130248
0.57265390724226417 0.35533892987940907
0.33862995055332512 0.53087129904688457
0.58329812986733820 0.06509461256859403
0.31967025082746836 0.60796888593624332
0.82590063911242029 0.40379857051791218
0.82843094733024225 0.38842510711759370
0.33000135532218811 0.25227905938962975
0.29933257452013118 0.44098413775025380
0.07778649275379887 0.86127741105673095
0.18905297330532334 0.55424308830934299
0.26605358510818311 0.51033440256444262
0.69622961424023766 0.22962134375758692
0.19686879090805043 0.80377320836094557
0.61481483906252343 0.27363302629836239
0.83115687527560200 0.35944454693682126
0.16984533078313016 0.78236421565380876
0.23736114407749209 0.92438672400089295
0.04762991385273026 0.79892087894334030
0.10241199661862273 0.33422793749503549
0.74662014106947583 0.66466677134183960
0.55429111310241419 0.07512353177314063
0.36977367107635073 0.27013206484938307
0.59461613439242977 0.77703581858298132
0.40118827888691666 0.55026623529674390
0.02691965938717505 0.75632932946589815
0.26686906135913741 0.67860881773592785
0.10323532759323012 0.77910293972926981
0.80737953656219752 0.18105004824630297
0.70033549736589906 0.43507552225580864
0.60108277103323393 0.07869811453670018
0.71660108880652373 0.33374281539580969
0.65467816908161502 0.14967294427852751
0.74688010252345749 0.22853288853703968
0.45195630056865138 0.11978204555995300
0.49361889842203061 0.19328871762874628
0.37013839034180968 0.09725670890719479
0.00510370096862909 0.58314254043083646
0.25619355729333765 0.64591059248327243
0.54758288894183127 0.18798378416099168
0.11037632029602784 0.38844229676807818
0.16276699857467244 0.35778929436007173
0.53109267751443445 0.41774095592021493
0.33138686741709061 0.90901508654708008
0.51246417192841442 0.44947952645977435
0.69537633685936362 0.58780445559064887
0.25678496143702939 0.23270566840798385
0.23024844942353515 0.20944776620887606
0.67990433209212831 0.40429538562111150
0.53614743945202648 0.17437798946058553
0.48920778636949613 0.48078053453675101
0.54435188726129591 0.45562293927325304
0.33541375567015841 0.13292096588461552
0.67716172839592603 0.66556938157024148
0.57087064711812774 0.17301048034742217
0.23306814476189980 0.33679387691236617
0.71973032058873276 0.10544552194327556
0.40530000461813559 0.90855587359097800
0.71457312921338934 0.11528022633058763
0.31055246699755207 0.79198021526233542
0.43958919603377034 0.52336371863492903
0.10156471327541933 0.92886227326276483
0.13353223917418205 0.79914642515531298
0.72155248514165460 0.15615464486829089
0.37100110752883642 0.38462931498296432
0.29106294122392634 0.22210721437102993
0.50538438471083114 0.74534433412898782
0.10807699126872516 0.84175754378026146
0.72181301415530974 0.55886530421766389
0.17922471927033298 0.92429770562941571
0.51404421186440308 0.85912431154035696
0.17109736369567224 0.24264407331022658
0.30399285206597948 0.71364202997116188
0.25457504368799622 0.43200658854910484
0.61243984458575285 0.75867249402901016
0.39157470364445685 0.92001575187036921
0.36240039151031539 0.81853990345821070
0.63618082851814584 0.29249823283789816
0.60803647738301858 0.03545693000314454
0.50141514919483321 0.39731253038616993
0.50741619582421416 0.06355960882849587
0.79019936021280368 0.13270025136725877
0.78307822369556512 0.46855092598680603
0.72409280195702508 0.51067201911655491
0.67863960572139448 0.20350026494350051
0.37729133894431144 0.73861998191637801
0.67568810308034355 0.74454527013425831
0.24028053211714401 0.25178643120295019
0.25314171091137111 0.21835109409330120
0.63180411797579483 0.14164111951968561
0.25814916708031710 0.22169820854092037
0.32345939973589960 0.84739013756375603
0.07510048713705599 0.54707191705945790
0.42694259991921224 0.56481050880621819
0.28250283044319635 0.67787463964221784
0.43574870725709047 0.87337342782484362
0.20269837648331993 0.34764633684836338
0.64070105229457652 0.69993554815392933
0.71158282063880240 0.39522050237990453
0.14461100838741553 0.89147011325643111
0.58845518410122244 0.21744068317381199
0.05522868157130502 0.85979084204446687
0.19589151916084210 0.83964382696071571
0.60616943685384783 0.61786992390211981
0.67350956828905661 0.24754099451058229
0.25504678712823819 0.63669540516381284
0.45495321585328430 0.86261160297599049
0.79987160509778654 0.30011163249046358
0.34766794694902531 0.69216528411660250
0.55256382024104633 0.50963961060250018
0.52989331863405886 0.11205038874089950
0.59791974873085252 0.76851617136837813
0.22394203966867865 0.45636622030348262
0.80083763683570064 0.39943640738077818
0.04017907407522976 0.77293117656477950
0.51184354120262465 0.35846795087062244
0.85679977691944786 0.40887857663500837
0.06154783692115537 0.58302101846048004
0.58052265702999117 0.61750332497234761
0.71443328752185242 0.59227808473093002
0.49170480038338998 0.15905983841350704
0.24081641098255133 0.91282771680627683
0.78365237651827735 0.53466183375418452
0.83912388815688188 0.32861856799580696
0.17800636770240011 0.24737303851964673
0.20706587552496217 0.27372752999018868
0.19177604876082327 0.66498722458001591
0.16232057397815877 0.87594048081499265
0.53341496382276909 0.26549349798034028
0.61885370991278588 0.24307549630719000
0.13904868543704821 0.43179887442092985
0.45954347337052576 0.08718270785914041
0.47305159611741038 0.54020375167268431
0.14579073263543019 0.92180235597298921
0.68274756943735815 0.74868923483845906
0.39486232205269556 0.44261110257654301
0.76751450551167688 0.66612663007509465
0.70618450917630116 0.36438147262736814
0.59337903086165733 0.22697763090317244
0.46567815419038111 0.35252626232922735
0.24378816409742285 0.76207766471762783
0.29972710237788730 0.41190791163860879
0.64181420828904634 0.68723199967617354
0.59901089470579139 0.80372704217393942
0.48558713338954546 0.23626362197525833
0.74327492812457097 0.15131862275728275
0.21377912091220547 0.28896618756413422
0.68501926561983251 0.45556235899327657
0.71469488621459254 0.31238948370096625
0.21879218056226374 0.85735415310405183
0.21242196158337548 0.40832986619577843
0.71095703662788712 0.24419333693768813
0.22485796050493967 0.71681391239058712
0.46693469320710318 0.07724737550929714
0.67820076491210568 0.51886935357482933
0.13986416910801158 0.89909168122846650
0.50825349582833024 0.16816974046582114
0.65217646827359510 0.66741602545566303
0.20309093275269835 0.93661121093775879
0.33072880856025860 0.27813547834653141
0.32306567605451370 0.26352018749376055
0.38339990046908995 0.45158100542598661
0.65379332165781712 0.63707445303841870
0.12810887875968363 0.92436811830116150
0.46197402663412662 0.04545627363963947
0.67198160741030777 0.71220693626769338
0.55915301753336266 0.59148644364038572
0.75021447756164095 0.51880202428351740
0.68114096318726369 0.71172058027448126
0.35399678724718320 0.10616374754850491
0.27671202499858982 0.32589073183092088
0.50591386502192115 0.08240400947461157
0.56578922574922907 0.57937313628996523
0.05941389220388273 0.81264085489775562
0.07239200683479838 0.68010052068295401
0.69890411520261653 0.41858477164853308
0.24178848509616543 0.93346041442144312
0.40926406144088584 0.10450719571513120
0.57283475327877720 0.37002602510755417
0.37885928640280769 0.86660262949862532
0.31013576311865843 0.37363307101816451
0.08608825388373613 0.49886475247236511
0.23187444699990259 0.65807300244003120
0.10129193992768638 0.79241763282086364
0.16995276868320502 0.49609625899533555
0.45042794518009288 0.86062965108747969
0.71629397373833548 0.38173290971249918
0.08431269535454748 0.57543247831737288
0.34172596256337939 0.18750436788758090
0.56891075960142090 0.65898316143210023
0.21329417275894838 0.21306735517584249
0.57540359430203203 0.10096301522726399
0.78308277376165225 0.61653225473410456
0.11409541567425545 0.70294165220226945
0.77404736255237205 0.45122964993961123
0.54852356125277946 0.25079002283393648
0.71352782406122717 0.10573347818003824
0.10919995036408653 0.88249246679871640
0.10873000962868060 0.85032625676531626
0.60428998410008339 0.26152909617101738
0.51336222757591821 0.61869165916299096
0.68864974309160742 0.34665494959853732
0.35629924887092640 0.25928618477500592
0.63847229068955080 0.28579281989639943
0.21190393552478673 0.19240140780050821
0.06211274143535313 0.52203921536198117
0.26521669708141987 0.87682254381972335
0.49880617297179269 0.13615697699886645
0.62451258038616142 0.51768005732647093
0.18963324776113361 0.50164599792141740
0.25232013595193392 0.22931117285260097
0.76261794368039537 0.19165894328138314
0.07419978274694676 0.71189261933689407
0.44334404803509470 0.05237428235953872
0.71017998829171403 0.59579422905174484
0.20460026833002881 0.47513674831311026
0.30726325715130065 0.14144753071533359
0.60369550966553809 0.26936176389863198
0.62671623673300902 0.33220955536824281
0.61424080091027733 0.55375698021320829
0.36702759853532319 0.76181416524219125
0.56881257587201550 0.66541700145182725
0.41660296364273014 0.87075096138776198
0.52406232065671887 0.17630806763230078
0.31317322099564759 0.36048415706898107
0.18365507437103218 0.40535810761692770
0.28707716503365710 0.62059719321393647
0.56127436261600916 0.01789539801181804
0.18902917486482562 0.28103006017108068
0.29318525687741509 0.19205894524773146
0.21391357609856931 0.88421569965582425
0.71511773753117902 0.42366549280097898
0.21555481624448400 0.59885783004417992
0.15758564588302007 0.30660921584695056
0.45953428931457241 0.67479585539705633
0.19881286418015970 0.77195410304624212
0.64428309701252895 0.07623010073662878
0.46527014419456769 0.73586784763314739
0.12410902627044949 0.58480620376614534
0.54895577517921956 0.15718141839755295
0.43775282881880068 0.74702265342451479
0.03690769668935505 0.65155619865229153
0.15723627659408740 0.65810267605808126
0.53576561188428651 0.72863175815497017
0.12643549964859177 0.69628239436016559
0.76032470082861503 0.11475231263457539
0.56156956687155346 0.25133631034179699
0.20155100029672610 0.22498684307492300
0.44286688675466879 0.59655235792871197
0.37733358363895925 0.79952723898515210
0.80994291804710761 0.34012787877879214
0.68121441571871211 0.44559749664122811
0.58914372319767316 0.09092430602763563
0.02866874505334913 0.72540101706102567
0.38704802928568233 0.43105937906978947
0.14103579353595322 0.39428528697060811
0.79143809561241785 0.15781926483745232
0.66760888655577177 0.66343288075963047
0.39121008658483208 0.21032663484198338
0.73057947770759457 0.35944249784763965
0.30632652883718325 0.23155412260583891
0.18089279180190435 0.54714718130260476
0.33091793637134048 0.15504378898873852
0.71404978664282936 0.12087729689145360
0.69905763236145235 0.54007769276384066
0.47606399995790627 0.19192018968156954
0.10214187415957869 0.54031185853411601
0.58373507654316670 0.44592533211894370
0.72829373368889583 0.49301814726451287
0.82599316703915915 0.11305389044246314
0.53163606240823480 0.05284694187544132
0.23436083151022227 0.88821928282650142
0.15700612347168902 0.43194133483318314
0.30575361337167573 0.90592634355806467
0.06209914772899373 0.75999255340509686
0.11996983999038538 0.76389925824820804
0.54798047815106987 0.77004858767038487
0.67361008808243250 0.14988588774032682
0.61256301287472692 0.77985372891548621
0.24332326015710479 0.24166102165407180
0.60621924292453899 0.38845411761126802
0.73611937376750836 0.18268796401855542
0.12859201705157977 0.93489935032227756
0.25547878823523035 0.34362516467694670
0.59854707953703745 0.15770679487752437
0.04698717863733651 0.81614232711339108
0.38370335804397648 0.94356416612157923
0.06460438720921728 0.43568578825729681
0.27638144365517953 0.27634402313100936
0.07382571184169398 0.44953523244720572
0.45498347541327899 0.10988805544214464
0.58472596709735825 0.34520519779502079
0.22719439702392449 0.39764896931618471
0.43268065705192832 0.71899669958471302
0.73177524564049168 0.20331308171069584
0.14656795052769761 0.66704852440381923
0.68373995258560272 0.10624668630516466
0.15211051204644360 0.67925776702597607
0.64906409066223014 0.07725556930432353
0.36460355288104396 0.23537790221498447
0.28491032113073628 0.94222722840450179
0.15144927489367260 0.31202688998947975
0.66693539624234399 0.40653876846241949
0.19272888271715291 0.42335187723839490
0.05143120843227098 0.52161241375862522
0.79547698616446383 0.09102353709074178
0.19198626054938106 0.76873742700178660
0.45440375962893015 0.08552114680517262
0.46874517963343781 0.10902689195933137
0.15769836936772380 0.87854040168565528
0.28050773322312422 0.36552385776234231
0.49075928859761936 0.29968992968861180
0.78821471575634083 0.42004996537137373
0.68204513749743467 0.71802650274048874
0.77751740541864711 0.58448613541216810
0.36195004696779343 0.48765596597678096
0.45373005925477972 0.34132117174303117
0.03613080839775756 0.61350324160211767
0.82113136564476430 0.31905524208022823
0.16908772025846200 0.39735991507913027
0.57601645462019047 0.60148760757042341
0.67959154374155795 0.67925388499809081
0.75197933844998044 0.51155926862836598
0.33976528597739164 0.96218497315119100
0.28540160939778386 0.89304052237080245
0.57877221267177459 0.71848632936783730
0.62727719462875620 0.63806197593626912
0.60662740521168734 0.05564500882071994
0.17637539240315817 0.56830825833701615
0.08835144005832911 0.75767724039545403
0.38767074756199060 0.83597909006059479
0.43225544006272015 0.17010057882098370
0.77569632985245884 0.06199410552833678
0.53287396826866229 0.49703824057712398
0.73721890661253364 0.26872844746841640
0.22905145544585212 0.55094271503584447
0.16110333326143270 0.89206448448301290
0.35657035862697273 0.12500294824441346
0.36931668034534215 0.36182895214962446
0.62151910105082686 0.77863768614945450
0.29053056726199583 0.70593673295628567
0.74798310613205654 0.50177962775359253
0.84229885006977290 0.44921866210842448
0.21104212358986452 0.87944383158810202
0.65074831474616301 0.60424739840520225
0.65312409706444841 0.15713145021266323
0.40127096852034716 0.55718254414943325
0.73499395405999923 0.56580069624631513
0.76549526072993845 0.51617471634464740
0.27359114682108748 0.77738834634450493
0.66876246585807098 0.42052775267755144
0.79111630480637918 0.51593992644109010
0.70217238963523387 0.35291633283005686
0.36424670479151655 0.93350001990030018
0.74239423216783340 0.47566875041598444
0.76251846439772430 0.23114548271341323
0.45651119203854823 0.59020766692547100
0.35999785845547050 0.08700600754179845
0.66504580518591760 0.31773306639853133
0.70342596016517267 0.04813866073143223
0.35047520973783891 0.12677303599575351
0.21684474211567809 0.27261539415171676
0.47551689991680002 0.41998556961721734
0.26886722604295576 0.56676689080176168
0.50761799243966643 0.73283062071195904
0.25945082109641393 0.27579191423668786
0.76566220705087451 0.45769169012831351
0.37907910729907546 0.77018655969585059
0.06937968735602798 0.58088127212403617
0.26072435821900569 0.32927433473373463
0.71111951754948044 0.61165887302388267
0.22682002684106645 0.87767204446043601
0.63843365653426742 0.62454437947465680
0.34465679163994811 0.89982852846850059
0.26234686187921175 0.94992733165835275
0.67182975862321370 0.44845368191737295
0.45813291903374709 0.68760774248765355
0.74307947291427034 0.33545479855989341
0.42243394917953314 0.11337493960514727
0.79351085757694761 0.46734571178070766
0.51376995543650705 0.63863692945948625
0.18919914378828173 0.32050853050615868
0.06821288987926934 0.72532573922701482
0.30033955395378564 0.15438812569279817
0.24937141446163935 0.81928946659015722
0.20839909422461722 0.68245637361976252
0.58803618424122572 0.52326677221535056
0.09858431850602430 0.90697308199225779
0.73512137799710531 0.55464521756753393
0.19863916928787220 0.72237551891256002
0.44895360566255260 0.31366326735083172
0.12827250664068293 0.60481690667944532
0.13205824880595907 0.92124957884584990
0.75377599055644506 0.56752770805721953
0.50778276285708257 0.83892018367863164
0.82987655256506687 0.49648902680829982
0.46476944606933190 0.83655701265164217
0.72773810312780196 0.29820345706881224
0.30130130194981597 0.69650501652780850
0.72608261881181579 0.23603175392722295
0.58472782692616965 0.12216183900082381
0.12646703114811200 0.86135587926215751
0.32793663828736913 0.19687441458708341
0.55026216646208914 0.79420270517599667
0.54069836356157031 0.60116911190091205
0.79214561025010999 0.33023434110849947
0.71278258810642892 0.57205681809773623
0.67305445025222888 0.65607105824059109
0.74561550578343527 0.64795842205748932
0.08777333426693450 0.82343267848681956
0.33769508736515724 0.22898732350472722
0.39869996789924472 0.50943934621800213
0.34364322106106154 0.53622298210920838
0.24745623176914378 0.83270793227469109
0.26264608139644968 0.84301320388080836
0.66108714847857397 0.19804530977959373
0.59567042079410593 0.63718736855588143
0.26711194871873833 0.89589329913068305
0.80848591641618495 0.38028262238608190
0.75738064900839086 0.54742378469460173
0.75198339420214932 0.10369043310801941
0.57369637560219378 0.85906571407098420
0.73813520526763265 0.15416511179492609
0.22077342140236461 0.19573536446249343
0.20800140647152981 0.63289976549965854
0.68418193089009893 0.08556732685542585
0.66657937960769986 0.41322390645377532
0.69416560915871939 0.16984722924360571
0.60903932129542748 0.07664972558177188
0.74917450545341790 0.31884290418604400
0.03735108252469874 0.70490555937606791
0.16467963034278571 0.34652172562743755
0.35665833451877066 0.85133333858469140
0.28415155376988888 0.27609055519465975
0.41607127612553946 0.94984976451061864
0.82355093892084152 0.36772926973360015
0.25252808017806838 0.30470918413669718
0.04815714545140195 0.59423643515531321
0.73573806244422313 0.31537202276044785
0.17467875303462108 0.66133021716264939
0.09016909870465917 0.62088871975459659
0.67214119911481618 0.73453946969558359
0.59145650676799466 0.67654201237279832
0.44565218285043051 0.79342147615052883
0.31791527450732754 0.25615001585816460
0.60355178147200828 0.77604693921101553
0.46370682092983029 0.86722768981659615
0.51080040620861045 0.04232451171155152
0.03398983379368452 0.72791350451926984
0.59334601671782217 0.50979637390544208
0.62371580713829411 0.26366742075243521
0.26558073629340939 0.23970762293284734
0.65991409319998862 0.63698578990862909
0.65756555051756416 0.23088034690249407
0.62716210616788282 0.22679640444865212
0.66751403233536033 0.70980741861154872
0.46663078084299431 0.67549291752518781
0.16260766055091222 0.30720292872044896
0.15335816328597873 0.28947278207235833
0.43164257858743355 0.89285559239549095
0.60643423291491216 0.23274011495906533
0.48413590075187352 0.13040442927678100
0.55556799225179920 0.79253255150022062
0.54947846002498746 0.03245601645354532
0.54135076743714705 0.61873637263633408
0.06599134319875684 0.40281797129687996
0.16010524278046315 0.90848138263916134
0.67064182411989082 0.07366943026327241
0.44783606260409803 0.77569494582759613
0.63221844786585968 0.24562549732549113
0.55639320491948896 0.48078036848396749
0.53780689413165017 0.36023216692106913
0.63486113746888628 0.36175183738634986
0.37792510052286521 0.10204542107134623
0.10094471817826965 0.82083859104385792
0.62115443988618824 0.55752060050021202
0.29720904325708508 0.70213500906162418
0.34287606964535572 0.92472097702941813
0.79739776207812840 0.51733336008746234
0.70906890324847449 0.22482408407935378
0.08881994562073491 0.76729425115834649
0.48682981380165430 0.69083330880171323
0.39482961725388643 0.92541412731435102
0.47061122137205624 0.56352150669745615
0.20960051874824467 0.85082127200726265
0.75375050198778892 0.25557023523821698
0.52639420060069131 0.10707990505581814
0.36876790737439613 0.91739032870307025
0.57523253974911126 0.13516513184653181
0.15165948061889037 0.39869145703111275
0.14608864092178461 0.47351665546389293
0.31070585681072960 0.89807227710606363
0.72960932412286894 0.45196988537740762
0.24902957524320612 0.29197162877798166
0.12680846592844189 0.40680470196604585
0.35788894465272070 0.84570101258767127
0.70472269484075500 0.13440361375200813
0.27909891398729225 0.80419394899194252
0.31224523421592998 0.61889828524804924
0.71547744826230508 0.19478398295688434
0.51339656790183641 0.84915404451995480
0.34483015699095293 0.49164073087104904
0.65391184549347225 0.11063151281026874
0.26225479951976793 0.76719505964016732
0.21253513545001837 0.25709145658087001
0.52246730299486532 0.75489987618107157
0.63826138889850992 0.63759827815075820
0.33099556505534627 0.38173501604367543
0.10666491358554411 0.82779148193463037
0.46371075871594641 0.84822738613782256
0.51749744318426205 0.77712492608943073
0.49371957182641291 0.33595635718586553
0.52681171785152170 0.08902183412251152
0.55626418480147322 0.66957243842866554
0.74663773981298764 0.38123414896890684
0.47618332597739610 0.26419572391195273
0.84633762528102929 0.31070700842697296
0.75082771588981811 0.30670322927028165
0.52946261121584681 0.60782531100457871
0.69468967637354773 0.46582827933872328
0.49903485660974167 0.18003375043032943
0.17312898178301217 0.87569224342747065
0.68521858265521562 0.66706497840268464
0.43858631492715561 0.65347218566946608
0.52201388902566848 0.66844629620166007
0.56773518120733690 0.47972530445329992
0.70201032754352966 0.20434537727380497
0.81344515222811020 0.48116391753167770
0.17015004943447848 0.53371717761744752
0.64575616001068525 0.15708540609397775
0.60669578764040566 0.08077688445122304
0.55014411732170909 0.68787152776727523
0.53914533883886950 0.41965730425219383
0.44617961049592364 0.10603255948920490
0.70554183754569788 0.26370249734034412
0.72850302788618537 0.66242265665146816
0.05517556345211578 0.47741310513533025
0.17029425758103517 0.62047826066177381
0.35909293280760024 0.92237016785938875
0.58058656200672065 0.41816146362736240
0.19206387809665015 0.49521521886563236
0.20705114331317470 0.83384796620629675
0.57206288777407122 0.10558038587602404
0.73268430472934332 0.15281990384370814
0.30687881249829235 0.29385881383718787
0.09731632935611689 0.83549436480953454
0.73105577240376418 0.26640740415926739
0.28905852836642071 0.58521013559521984
0.48549910401798158 0.53392411691757535
0.23176260873061233 0.83816347960793625
0.54621118547686354 0.83061415031234664
0.09445341025167575 0.42940590178277799
0.35460743187251975 0.11623075491232582
0.41772024905997801 0.88958285713419938
0.44641289146972507 0.09148678802137131
0.63950240833357597 0.07614154385400712
0.54226134877655796 0.26309574662814678
0.03430753904574221 0.77342060955142367
0.67574543154678202 0.16834134377819165
0.40130838734351060 0.62283095336546657
0.34028944407280076 0.14449493423391382
0.71030968520542659 0.60132398608340087
0.36709085940654745 0.14744617110005606
0.76129896033296585 0.29546986713902795
0.71340274025005179 0.61633477374769308
0.76216562930102105 0.08569760673718504
0.40612262213566586 0.50913511346372387
0.44338928553744006 0.48050801231250750
0.64182219344076041 0.61379559069962986
0.81168871465097581 0.49323399760159248
0.56837093206308220 0.08084831446901583
0.10017350605790189 0.84457835619938204
0.72797908249393950 0.39713725832561958
0.64048838430487254 0.15230058957640136
0.30598408642889258 0.16686516633287454
0.35715991704772210 0.45789465833868742
0.27183615989646343 0.92564745757286104
0.44501016436586771 0.61398390219476540
0.03234025774255474 0.48645715525488026
0.67063465255586119 0.64029504714606633
0.63032240361348757 0.70493138570839586
0.02463716547743649 0.68825137703189021
0.71928948982001417 0.11838657491157156
0.12415620874585480 0.61120485014253112
0.19745120711329911 0.71144500594901228
0.42383157423516271 0.09260672180029265
0.38860807329212288 0.27390445798470847
0.43009276618483094 0.49586735500464063
0.15466361335406692 0.40429163921768396
0.65713270054449291 0.14289022440391558
0.19873237951187703 0.26252128624740306
0.54408182964942386 0.22209719775395531
0.07048291352910986 0.71480244876007881
0.16438253826340968 0.45358408898307601
0.78498277048468845 0.13342968315105930
0.75754108573386558 0.35893638701375419
0.51546131207545420 0.12805391907566768
0.58794032214362801 0.48611817339530494
0.33065593806268961 0.18533185593792439
0.40008861058901002 0.35170907108241661
0.25821787705249544 0.61110355889684842
0.40225204927624358 0.35856612984298358
0.80637709940326674 0.41186127886926932
0.31606992353346730 0.91270238244144919
0.42149212058964947 0.57032786020672899
0.57958754409591584 0.09128456819743229
0.07001560820340180 0.65195692420984708
0.54477191670762137 0.68402509710006798
0.51702035293471982 0.36289162199243630
0.32614103490359814 0.18245270794075469
0.61397319982366461 0.11764759161322685
0.33422160688798574 0.85360567543586874
0.44241417072697470 0.86530000112829497
0.54917787527924500 0.78416043086687603
0.75551199589430329 0.10085171980677783
0.16105278161236686 0.49229407276403575
0.72982592491352272 0.06141321370804693
0.54136337728859185 0.27674385879594676
0.68298370393550101 0.63156318694707503
0.14630389461126073 0.83239556475544485
0.14863616276362587 0.86885846218713414
0.24458283103443715 0.70760555357613031
0.14627841620147466 0.53626548249455208
0.55504938535468396 0.27368780709593582
0.33949210770980781 0.73920059581628927
0.60072559233834688 0.27592183451446900
0.22157662857329155 0.23625829194669498
0.65931218870601283 0.69819205084228708
0.27226385691355942 0.22368382826933239
0.75025979039990187 0.38672395342843824
0.64329451653843972 0.71296124795971638
0.35441315440739107 0.45034416139021582
0.74872122877091385 0.49046364623854244
0.76461939811805868 0.10628253936589227
0.67534579651143534 0.30154471857956006
0.43643092887341645 0.48797835713521692
0.03825011977145996 0.64648232316790755
0.25853088141285030 0.50687858587472934
0.77167549020805604 0.30218637544070664
0.10946974720717502 0.37390194104609453
0.34757273055432553 0.79985586422449451
0.64463394993859591 0.35259323397607845
0.13339636329708396 0.84272676815313341
0.21485994505419709 0.46032958655458883
0.78378575918524196 0.32601849610433070
0.36029857989297243 0.90690561103902156
0.23474205062872261 0.26129444391203477
0.41218708518834729 0.59186750037607239
0.52301261060665338 0.65047729866942294
0.38873195088146645 0.87244504972463544
0.05561113614610906 0.49929841155263038
0.34126915796444723 0.11710450000328040
0.51474304115554737 0.73214870862590609
0.46754319288541185 0.09561423121966578
0.78245012164997163 0.11849179779351318
0.53346824864753561 0.39881154680252939
0.78968585934706925 0.34106749515165485
0.44694705543777419 0.87561367594974460
0.54304612055704493 0.16163851729438367
0.50957651337214693 0.40887239799786324
0.79234495580283093 0.24928545572916375
0.19066609340053753 0.93205440676974138
0.83244589665290436 0.20549569235839804
0.66730956851743639 0.04862567907641956
0.16269832175104304 0.86164189950883852
0.09194317117717964 0.89180548049221942
0.49973614814002904 0.59413900788250218
0.51669251373923430 0.83538127151267239
0.46283572722535415 0.18830466232305001
0.24686751722828143 0.83891746442982107
0.38752279632678643 0.57776806879069709
0.67555946415898538 0.67135134692553011
0.36542736438947071 0.57728358838151739
0.76440046589847477 0.47095598417328877
0.80340682654743312 0.47945560597064302
0.47617085254343167 0.14845866964097804
0.59134580788639080 0.37954406052355244
0.56950104510158417 0.09493448608370501
0.28635426697396948 0.16470431540652028
0.20614609441979242 0.88322365284286786
0.64520819920485273 0.57571790040013571
0.26013731795823264 0.20317809407150295
0.82473332355116469 0.51376613423501316
0.34386579478519985 0.65931842444640165
0.52612320963585613 0.24476425976344704
0.25911101917370605 0.88604002074735810
0.63616530663736015 0.03441471285476998
0.35417636827776894 0.22111257737470888
0.72098041443386585 0.31462723468502857
0.09469052699508379 0.36490879911851626
0.68056676569154229 0.64233784395481397
0.79235752788126135 0.43423612654390858
0.60903071365010986 0.56576349995361175
0.61069560907643972 0.42240407067140057
0.47114928754393132 0.43201122770225386
0.53987791236453753 0.49380354113037805
0.18582414812340092 0.41974036859372960
0.68508746058215375 0.67196327487305751
0.22671163377928819 0.72899217799421723
0.69172697205694555 0.07786421802824485
0.34386100313627171 0.65198101169067457
0.11779018969439040 0.90750501503415026
0.34789858028514520 0.92106915140988743
0.77237827187921837 0.32345293034207001
0.19939620701160460 0.28274759497986135
0.45402324362091695 0.41164114895071630
0.11280290080522541 0.36958838899049457
0.54576001626410864 0.80322817331889307
0.08934657775803061 0.54293238281370482
0.71701843630693074 0.57568857060986178
0.51075829050724397 0.29715567448826341
0.58341993383725643 0.80135471067418895
0.55814233336606789 0.35305192320900014
0.75489979163204102 0.21290422388806596
0.80102592751396595 0.50466985157234578
0.61635866241683457 0.71265692350551646
0.08208012048712804 0.37134314126938439
0.64185686123776120 0.48922530159561195
0.13284804001798825 0.53960342937543082
0.03869469106600835 0.86208472481011933
0.49080002355738733 0.62427172242620910
0.51597184341149271 0.85416690453468702
0.39251071887961736 0.38137567012373991
0.07150614635992501 0.52224939579199015
0.46322594192749306 0.64338962313008252
0.15369914812666396 0.28351322286014130
0.56820803780337070 0.20628590738631544
0.66348560051545336 0.72196808289040770
0.62922175315061757 0.26827672267214281
0.78240012510025669 0.18261507222712639
0.10474052792515799 0.35650765548693936
0.11347163276985119 0.84914725758035658
0.82212039689272132 0.22184998285081137
0.41851597349596414 0.06879516719682385
0.38544658771327400 0.90381351130550835
0.03099538050500951 0.45910007628092225
0.47569158637210801 0.86435276027217134
0.54063160270865918 0.18732294947300274
0.53996758445167792 0.33611201243840771
0.82667963083620521 0.21054707597237493
0.30287299864948414 0.32496864774783280
0.12855028211636890 0.67592979705726464
0.08722843020077183 0.90542041675631191
0.02400100488943808 0.72994723432998831
0.39145320959918078 0.40271948577477051
0.23509467285771099 0.25073190543385404
0.38846701909493303 0.92632798416212736
0.52728989250701186 0.04923101070706115
0.39036927990560549 0.28143497494407976
0.79127181845239791 0.35725766427515254
0.35969279010180533 0.80206377900451187
0.34876222666454104 0.26076904758742192
0.31642566011636281 0.73021087008760033
0.75453321009558583 0.55670897472722791
0.81292551799713353 0.22806950020217334
0.68077288669264702 0.39785695767681628
0.63776776258022438 0.54284174775483307
0.69811175186709418 0.14622293305961473
0.28179881605653923 0.37261456950609562
0.71937565620103894 0.32791185824710706
0.65645852925703774 0.38438974330984305
0.06344530549915089 0.56825170649822077
0.21035791496564468 0.92949579359320045
0.79975456452780724 0.32033855592750365
0.69287198030811659 0.45960736067266772
0.32182794437261231 0.13225085059292080
0.09461489918438450 0.47979675596673466
0.16937854377819822 0.25903413825202659
0.74162494211659458 0.22515290244132732
0.12029303521476792 0.71322394131732247
0.76660893039554434 0.43163059881997190
0.70224261210580607 0.07469187857087696
0.60528201740689014 0.29638333667870376
0.51511347059239609 0.65124020399871696
0.49972540225812218 0.19630850980308426
0.35311073344050270 0.95066308085351381
0.51996286005607328 0.06368890107456818
0.75706248316426628 0.28941140678223254
0.13101338534027679 0.77687545256699897
0.66458718944720074 0.25213771320896006
0.43974622439942102 0.68179577137563996
0.40506218039595837 0.07226498789986806
0.57973003931698619 0.50483557671575141
0.59370045308496577 0.48988715678854622
0.55718061573380551 0.03299741857058795
0.55542472545587929 0.38068411692396908
0.49676027029174857 0.77870451329111801
0.71072917689335147 0.18347106199561802
0.67493452516104901 0.09552116566721146
0.57172558599286649 0.70875867371954238
0.64811381083058173 0.06378545753626765
0.07878220761266339 0.85558693443609257
0.69496546162146533 0.04832548632288148
0.68830847841244014 0.56760586810182245
0.56980276961266207 0.56053417036244768
0.60974200689455127 0.04794548052353311
0.09231191565903625 0.46418740883121612
0.36498091233262681 0.14132410558179681
0.39741280101429799 0.09499613747394096
0.07304615223408172 0.83803325837552567
0.20540824445491648 0.46142980566811576
0.41994835904907402 0.88459772139696358
0.41168161698778394 0.56452483031052780
0.13150963825862994 0.82729608725054105
0.67218867178289166 0.21365937764272971
0.43850562929358972 0.68839767313366418
0.11041376701009965 0.73953413749426544
0.42274710079053307 0.58465455303309866
0.49928148370361147 0.66358711918991242
0.32703717246885100 0.60640476510458996
0.61920812229061539 0.79590173884449000
0.58618520611257219 0.40807136993321219
0.06087371921591996 0.82471879457042840
0.50582235713089152 0.58170280475418901
0.57920595392547880 0.14116523550686783
0.53476639627070743 0.05717768785551629
0.66642823323577771 0.05313103624024372
0.55265973960541426 0.26559744179261358
0.32390541052608685 0.65218385686745417
0.39624547311247910 0.79053101924330715
0.65745772634841293 0.65992685922819849
0.81971880519629703 0.31394937760639186
0.73796634998599087 0.57465353106345918
0.55009626268517453 0.65772831375287366
0.56689138113563708 0.13627161279331632
0.75259805305528493 0.40258341389021196
0.47431267639832125 0.65054855176541482
0.73451458684552329 0.20870812581175430
0.07360350994552189 0.49343677750693915
0.13333507642843781 0.79343165590530473
0.51343958729983297 0.80827652673832262
0.65272055250509420 0.13206792354578112
0.41558205620137284 0.90476787582499207
0.78434800877435473 0.41586190471866336
0.37325191100792954 0.14783119580568888
0.27039349231052018 0.68469441098779438
0.12463488029529379 0.89835124721392778
0.61010107907896749 0.74815042285363154
0.61245990466561051 0.03834551934105709
0.68081013679647240 0.42634187114278060
0.66050643440494772 0.05493679867451410
0.22704807999393514 0.31167029624534232
0.50511956971907024 0.69629772043948090
0.13935814600642879 0.86835392753516638
0.38893171978190477 0.85295593555836524
0.41292112478253074 0.14654399458568737
0.74017954819703657 0.51378683394138636
0.37912743474541771 0.91361798524430915
0.71923862124898552 0.61694754636814664
0.66041289826542027 0.48489149649316232
0.05731099887269848 0.76077062265691853
0.15962293147046458 0.75966794016685835
0.36856020586962646 0.42622387808710666
0.43759414276735981 0.20932607324516250
0.19437508240387025 0.69827545127553958
0.57158813437764766 0.39147546213603851
0.29920775785561027 0.17369573101763436
0.19370474962090634 0.78356148444158014
0.16995251424496938 0.83551644220987464
0.52765661187787261 0.86803476807448132
0.64913851073282314 0.71021899078233175
0.33215178256490518 0.13709595431299493
0.72128226238847426 0.15010300536728535
0.58185210477275262 0.38981858533514341
0.35906469416954867 0.56309185030296727
0.04156571517425582 0.65822755033011593
0.24337830720346729 0.93852874567627931
0.48745343858411133 0.09277585079700715
0.36252355759522492 0.15728792983681805
0.44269163393228678 0.12499885327258345
0.53033359501189115 0.07151399077150584
0.65822516561941280 0.47791267727541714
0.63054765059043483 0.77213422535455734
0.37866124890381875 0.88713411283403165
0.08877429188986852 0.39205389624078185
0.76812735864768689 0.35223644481255606
0.31152703833117656 0.90919403727152748
0.36472482460185196 0.19283355561424709
0.49550056967687373 0.83566102481693816
0.04688566272797458 0.65256699299173293
0.35751055014612765 0.50844791979544146
0.33691297851465751 0.17068172564711573
0.60816908923972501 0.70350189236689853
0.23856992866208465 0.45797838154100529
0.08251578136698150 0.87445934254382951
0.65474734640833743 0.02538847353187944
0.34374964194435581 0.18212812575328835
0.12260941177544843 0.72597216222897942
0.54337042174423145 0.80754362540191205
0.63544071514444023 0.06066894068367377
0.24631560238199227 0.91139671415894108
0.54936809294132138 0.75886274565191125
0.05705239617032381 0.67751645028645313
0.48167914901578096 0.40674277212020121
0.20245786129811211 0.20420088724475990
0.16050189396070541 0.48524879942342120
0.14815532908241874 0.80844098672755160
0.12615024970286309 0.28640653876570177
0.46965534758758021 0.13291576825187187
0.23327373974123650 0.39141371817605169
0.30073337302662811 0.61944987457329914
0.46427049009223226 0.81951688139104351
0.77583643463597085 0.42793105000437798
0.69455623314850667 0.30617625826005046
0.22448397820408075 0.94103531908553062
0.23077740864224300 0.75749101158572785
0.55802728906841770 0.13968079747236539
0.77464115013336199 0.50120175599553107
0.79806717723577836 0.14948316757199684
0.33633550100128451 0.86123954524463731
0.55091350630587799 0.68056463840393466
0.58790548426528189 0.21088160948981227
0.21622127392062979 0.59207166159832403
0.48558343384459363 0.04482480769393551
0.61041780572774318 0.00910380388140411
0.09554045991103527 0.72027525984412311
0.48223197392538120 0.31063066091922747
0.67679479753701499 0.56710669386096657
0.85003694438243449 0.30424654874089496
0.24350446306154624 0.57187512939132057
0.54677180387050150 0.62323945487607091
0.67275230984092438 0.02463008725429068
0.63364952352210446 0.71959793014118967
0.65995295668640652 0.43147337032433913
0.66190954050260975 0.77596042217534955
0.19556627449615699 0.48869405180466130
0.61291174991249797 0.57136788217659706
0.31142291217409968 0.28086791761667845
0.20032702551151546 0.92700638277536951
0.49100462259976330 0.08042333269693237
0.69825702245889143 0.30089492769866377
0.57411309860010873 0.76607376841073638
0.52458467256156394 0.46472721243616716
0.50086190067283465 0.65490938324143699
0.05347856874945676 0.70413335696471491
0.36464638839039831 0.88432727803595745
0.21829007996245639 0.77725836185292307
0.01736859891855893 0.52221739130094702
0.42931302344485422 0.11577561273392044
0.68881588388749493 0.68448871770003239
0.61519692622965549 0.72752324889906295
0.10657867419614871 0.86931064230017252
0.07344693658280030 0.76889956104711532
0.35247840995652163 0.49391360325678424
0.20935908103876411 0.79629473914742288
0.59583186554695911 0.79317629564726722
0.24692850820944912 0.38227829252458906
0.64937496832025399 0.49289962056772413
0.04180060815247027 0.58119265190792435
0.08144324093915643 0.72427460999877680
0.49227748581538538 0.13075718109707976
0.80108442929423007 0.10315223366881512
0.21922260089211623 0.38136316866470538
0.43069218978405677 0.90984386554156782
0.66713012120132775 0.12183095842774284
0.33341278359931092 0.35709046964230140
0.46373194396727802 0.80208810301239120
0.76026690523562201 0.39033997897275402
0.77674098768350974 0.54837460504061619
0.61988153557802861 0.49211009522336413
0.65678175606644418 0.60816028375624454
0.45712431566597039 0.48458351768789387
0.11335247733279780 0.36362064283725415
0.85842133506150475 0.23094857577879824
0.59343197220550048 0.61062310690291932
0.68262458293261452 0.69135748593798974
0.41663068599357150 0.59729060373744880
0.45114582288706095 0.89569258123252560
0.58238251518003648 0.03730319723533403
0.79688933907686954 0.55500237027670485
0.16409638713522026 0.46631307965526714
0.81745289998167081 0.19681574432684629
0.36181925201125625 0.55660870186038924
0.19208752324574324 0.34581238573124667
0.18390771981457263 0.24094733203318358
0.76270001322428915 0.16336161397846083
0.41099494540279879 0.74675582219442316
0.43503915994119990 0.66066609699516621
0.41060688895128628 0.38912163515561060
0.10596942543758851 0.56284550985773962
0.48947916622043952 0.10234917218103240
0.42599367086318485 0.34198164704141987
0.34283485305813993 0.38948649049909845
0.15873559274365823 0.85731632107343969
0.04460873461362110 0.52947496387018822
0.80814502707229763 0.48322233829417938
0.12794711955959362 0.72256967170155373
0.39376529130974458 0.24479546189192197
0.52736099373059453 0.09762624067506170
0.35984330624495198 0.75921044396506354
0.54691381462193689 0.78999215839082004
0.14698522818020851 0.28307736610990553
0.29122950431078298 0.93243746665393201
0.65378283924375002 0.04620898002755574
0.60988032304945539 0.15282231281870648
0.70419316437018709 0.05321757305459823
0.27785432466467974 0.85872670423865161
0.65948844008360474 0.61341383514141645
0.30134171624158290 0.29901234696954587
0.14492091151704828 0.42821713762309938
0.19352011498014626 0.91550944204817075
0.19711026996125022 0.59783778508767871
0.51947397414841645 0.86070431078351617
0.06402729726634117 0.64543950304525843
0.41463631509649906 0.69165428645783600
0.36871442282593681 0.25204966724208616
0.35703674457222095 0.90240941848831102
0.66228254276747611 0.05071100062684013
0.58772240666029263 0.02119334917402813
0.26213842854991526 0.78395503925840515
0.80597211108236566 0.33663811224780765
0.11641897868380315 0.68210423540724729
0.62352877438921006 0.73559342260829008
0.08117403504897273 0.59576092401064829
0.04132976304183653 0.51663267240081856
0.57664501264455070 0.05178090812830929
0.52216705276132347 0.04750987103298491
0.07241685762333770 0.76377939485225599
0.44068536043042555 0.69494530632262663
0.45453342594529489 0.69711416669781212
0.81554301250426020 0.33208757249051729
0.55869708752586478 0.32549200773441839
0.22681698911269726 0.61690933125467462
0.78665953633154995 0.37924747206827153
0.72643896003755071 0.19175788733086610
0.66336732931591635 0.32485188376990387
0.33536988945587831 0.57855831732214036
0.16078976246438570 0.42690267890257094
0.74128435277781468 0.25236890752596997
0.58606518245237227 0.15903490966240885
0.35663827050235225 0.09349758792263065
0.76728880750675099 0.58088814387651322
0.14503176611293297 0.45529820857488990
0.75572617053139390 0.06406654867566647
0.58929628610159124 0.76369337606689836
0.72004279223913448 0.12957593492424876
0.17748554431028124 0.63687588729613420
0.45764075424611889 0.75407548305436412
0.07141736105565494 0.63804943387200619
0.80727572214392795 0.37156019519767003
0.62921587222960351 0.05377143623989014
0.39525206460551110 0.08891942671550035
0.80826077252084783 0.28192009032859044
0.45734638311557996 0.93368633025191905
0.05121003679105584 0.54434927820051937
0.53173505695366685 0.65161172102990317
0.04949071330661391 0.73836094624001614
0.29074930055297005 0.80788302697239767
0.30155781225946598 0.63620702957132091
0.47634848536932073 0.14081916366030461
0.62518739214282537 0.49688351672313397
0.03382474839680989 0.60159349308255583
0.69798138056613879 0.08343236794809011
0.11695379995118664 0.66369352620817434
0.44861402293891223 0.91895801858024406
0.45369771678173354 0.72933708820444654
0.54088783074828617 0.09306888909205796
0.47071382206060314 0.46850833667082403
0.28103136844887111 0.17414846122042715
0.75243910677101677 0.52397135909928183
0.50254732050792150 0.43863603252114869
0.15238943609208963 0.47322712418111551
0.15431205151712049 0.78016771968934406
0.01174263566277647 0.65661146615895050
0.53329971271063858 0.73469103344292364
0.25357179437415062 0.49862753134289450
0.79585512783824408 0.33499953553383771
0.64071707832773406 0.78721746074883647
0.56764570972711503 0.68497650900135199
0.69617763260185872 0.65894218641956226
0.78188637225382263 0.48215474926353807
0.43460988470511969 0.92175971873604412
0.16396311065587255 0.58910868602918243
0.24163869942565847 0.78031330551703593
0.56256999190310741 0.81097213439146698
0.69117499359086276 0.18241894186896057
0.38337345514737453 0.26787426263445507
0.46944332121678006 0.08679313556583164
0.16609408312116059 0.88999606098241768
0.70844399346961240 0.15097717841594049
0.32449944745193604 0.18792853875434481
0.78551568680876760 0.34444068990612853
0.13419918343272544 0.85531611561589072
0.75786045191048168 0.09418294548569456
0.18837261883035408 0.27594885164706473
0.71746283625493712 0.04847883328119004
0.71859972799201932 0.28907180392192011
0.28601596058845025 0.21972111637116523
0.10244078791323767 0.50876589063233235
0.20666038868720410 0.22869655935192393
0.37645827516891783 0.31807463566288008
0.30799079322194167 0.93786710381249194
0.62669220370518897 0.64440956076200562
0.52690829684669271 0.44786719892168020
0.65771779429658894 0.13676252489255428
0.82696614776226263 0.15286941023802464
0.53749039449888836 0.13964693481822635
0.29347311126696873 0.51775511125802931
0.66378421474440052 0.33290037875112705
0.70280283495393203 0.69212383871158145
0.78394494320060204 0.57295744981996599
0.67370732244411291 0.19908181068181066
0.19135990419234350 0.57521833138353362
0.49049903496420610 0.81095734749279524
0.21928415652141561 0.92526496820155257
0.09507336190635471 0.40191821769829295
0.08581954875637496 0.59302303594755268
0.38666429208475683 0.10847597130487029
0.07603969358607114 0.81651171478072437
0.32962298216513591 0.12281967732594681
0.57587223665795573 0.08635603401124863
0.51507496576192113 0.79230943391814312
0.41565487923119632 0.60953019739387815
0.70423381402292629 0.14669471676570781
0.36411034499326272 0.41553564279812311
0.67254495979577256 0.39516834881024615
0.50530900868392126 0.45361760185942918
0.47569336322116262 0.21466081277195684
0.61954226648965482 0.11429321793756669
0.11675389572485101 0.81957702068099003
0.35728920166394557 0.32732268727792002
0.08735542111624403 0.71170975770025824
0.12830482145587843 0.88143598754796149
0.15673921044636649 0.89471254510708687
0.71148580039968590 0.02852895697569302
0.28125186953411357 0.28196613245917812
0.66189534475956968 0.61887635165117383
0.24951142077278674 0.70276516162068170
0.45279083399732378 0.65585485363965357
0.59724302907047144 0.15005368343687955
0.62335598066200815 0.72119243873491801
0.63119886179500106 0.03073032016277370
0.56575015097532755 0.23838517230584566
0.42068036330101588 0.59123334462289723
0.26301599233176359 0.25143391729419001
0.49812290542336102 0.07199811428086844
0.62551610746855479 0.59249211366871302
0.69981936886803853 0.07924165176273038
0.01769351523476704 0.78650170264128572
0.73123739738758120 0.63264994192850965
0.29303694076796177 0.96067959408129933
0.52579831138773969 0.27784040781990921
0.59405884326163882 0.77208976552776742
0.13621058145076015 0.78716232213107240
0.25160310832456118 0.90998844348627517
0.60367749355528944 0.75503049242383202
0.31076585587590527 0.71336565359685045
0.77376231095980563 0.55955608996652517
0.42055818596092459 0.79828229864866995
0.43623426312626823 0.42855393537006786
0.36757008751549552 0.35341754374775874
0.60496794393372011 0.75030002611883084
0.71506018197784682 0.14054001348631051
0.62389572479564959 0.25526250158792141
0.56972670352727772 0.16570784235717453
0.72489758723601161 0.65115650746116405
0.55773616510710178 0.80106153289846094
0.33798323860997931 0.39637138226278695
0.57761001939877155 0.53918128364918805
0.77496753887174852 0.26953516866528082
0.27835840603421902 0.81135366485375027
0.63230187436448115 0.05719463249289353
0.08676527544683363 0.67459538605581226
0.11403363299358531 0.91871066030975257
0.50228235155210754 0.61675769100550382
0.29604950295415000 0.37480038546627326
0.20223427446273243 0.27305612506075183
0.04761467131566362 0.73368987299198196
0.24716941829217681 0.68238676738002935
0.31919566144854222 0.89131014731655034
0.42743977424123691 0.11148082299874000
0.74262492904095545 0.54623502276545710
0.57923688460539213 0.74243943106866461
0.09223849132006455 0.84699158619189729
0.53815915312226215 0.66437864947491698
0.36025907156896458 0.13982644553178250
0.30108490201628291 0.83797805420694838
0.41374507293321561 0.09316299812149947
0.51996215980399052 0.77155708555979308
0.30142849217455780 0.91989104908311303
0.07043017082475513 0.80458087800607270
0.68496795230231589 0.58847252605897860
0.31672768446636890 0.50029396179275887
0.04368132862938301 0.81032631272434763
0.14731646725190234 0.44088811865388261
0.55796208019343352 0.21833609517526145
0.53632563373194742 0.81499096184085329
0.60198810275365600 0.08851140137361274
0.82460555078522280 0.36051952870453113
0.83892519794768217 0.13775246872168781
0.47409016259568321 0.34872343239048759
0.67525623383953448 0.64417489981004716
0.73656575786285994 0.14114488759509106
0.48346820603006080 0.36562709866242959
0.42843541672745195 0.10120053862041239
0.28812983277406357 0.36884685671605244
0.48772863370433056 0.64819799903100983
0.09023588260469516 0.37264514795620235
0.13985953603536111 0.36380545628958061
0.70397904768311592 0.09572505328323548
0.66607647382544721 0.26685139628065491
0.05954511011745986 0.42456583723876773
0.19478371553029486 0.73905314246309917
0.04396680527427915 0.55851889647010555
0.18173377893402407 0.30987581884833043
0.10967478363683233 0.86338664569713297
0.22241884556757557 0.48320537764532157
0.50637416387267575 0.48614816121273047
0.39588408361011218 0.86416068543619473
0.17256284443363967 0.41098944490816369
0.36100767358573999 0.44521687468600407
0.25828357999216811 0.58565663630025444
0.19211749863592284 0.27169617082922504
0.62698836150306747 0.66454368376327555
0.37059545148775580 0.95466043673232992
0.19985491536272576 0.49568785929817138
0.65418189440102215 0.61641724778301177
0.54201577329876205 0.81245175461699615
0.04604969495868903 0.72895062320824233
0.09036965227383437 0.55425266915125238
0.71852153192110269 0.46937981502819093
0.29458370235990206 0.26857739964301958
0.30262120638086659 0.60585872574027588
0.43373394808689680 0.45023640737300891
0.41009956769628031 0.50187501693052960
0.29652616235367280 0.74523093650095151
0.44975038509771498 0.06185170646585983
0.63976868493994865 0.79398591665787377
0.28572564898827618 0.47974595868983655
0.36800591379093039 0.64270935876679269
0.40410283177486456 0.10591905715158184
0.67878024224968825 0.45157994391844458
0.18615862980192704 0.73884864793088312
0.09239720935816054 0.68334263707508691
0.09761375084880965 0.45521199179335697
0.60964283988933154 0.75288087817334137
0.42851516731040934 0.08988607681798709
0.64886988778590615 0.10811069563425127
0.06979292760681513 0.83378712136920996
0.70533103292818422 0.62966996004024545
0.34569236015130084 0.37475393230245485
0.49032458369375409 0.83576619991681989
0.59411904174018826 0.76096101689655249
0.71759364512448254 0.05380950565173179
0.39088108185423703 0.31661557749152114
0.49976002336744080 0.83021911658848813
0.80078066061958675 0.22259139949917861
0.35146606070895731 0.74719112744372040
0.33257676736461739 0.14448550560352447
0.82717040540498565 0.13516322165218494
0.40291457971627015 0.36754430871497495
0.46335243361047818 0.26747926058389060
0.39856761778750877 0.25009733474124513
0.25524100046310511 0.23790551911589369
0.20033684552316355 0.24732875177887431
0.74254979176616109 0.62194649194864826
0.30312209322093980 0.20757364381236243
0.80799071842287795 0.10592700694946339
0.48463615934483467 0.11718101566323001
0.69410593611105709 0.13111943680357377
0.29538373064857398 0.45254300865372821
0.29640600180793808 0.24891357279212112
0.33186615947308257 0.92515582018720899
0.04343545741649814 0.48100945936948669
0.74729884510995725 0.51400069193796627
0.73102209597782419 0.06607612838417715
0.64987473875451607 0.53666263022712701
0.75003714704549063 0.43117545037659688
0.48102392079010609 0.11199079433340901
0.64777149700540515 0.04967679817661687
0.48462507087273449 0.75872297604171801
0.56893976615718567 0.43277080853906558
0.45853091737041413 0.82098947861098248
0.39307141810535756 0.75825492255635096
0.31249559198639232 0.68756337605658235
0.19875009319112841 0.48205377269951805
0.23401324491457226 0.69801853276518067
0.37853194519730160 0.17446514696110607
0.72131409593529694 0.54882284262909653
0.55273583629762668 0.57324431875842696
0.41369389673980034 0.80059647782202004
0.20575846896532138 0.52641315981006653
0.36727582461966146 0.59760763089153679
0.34671947397098429 0.19234764935413565
0.58059929802173427 0.08618385536418244
0.80395215304485124 0.57191430979121949
0.18327943898344340 0.79737433685812797
0.70848913780678535 0.66900578477297479
0.56603870378708709 0.50547163716114130
0.42708702808072974 0.34955843586288871
0.75262680951696703 0.64791701564208071
0.30532127008230076 0.31861026482960136
0.61858740613670948 0.29253696357333819
0.10595214296999131 0.53496199964630642
0.44095152030888524 0.90217188754953981
0.25273911764103352 0.62191906207330161
0.64728112871274901 0.67641942672539423
0.64844785565124663 0.06841516296388117
0.59897431329967332 0.43927610456325217
0.55031234866958989 0.05879206648136977
0.48286047389095488 0.88552246592152251
0.71813194292005444 0.18527540781035237
0.16167126902990192 0.31238847614486182
0.46693882653385171 0.68226088400411899
0.61976799409855787 0.06380313565429890
0.44646576614128869 0.11164975060085350
0.14989940554980441 0.59150651105599639
0.45806647756884500 0.61819104903984379
0.64705628678970861 0.66417464693262429
0.47823148219854095 0.57707978039002061
0.70129792662037549 0.26943180476024137
0.41382706680977849 0.83937477504365943
0.73997297620074520 0.55581712016110518
0.53047104220652297 0.30953967132175897
0.56431331859779865 0.04930603718625037
0.58413872436258973 0.17948214504013577
0.40739811782719543 0.80398654705502726
0.18310264629596171 0.91920879750732321
0.40983323663027049 0.61293476896432753
0.31872553846903023 0.35481289763259172
0.51296835416547282 0.25802057901971309
0.31569172967940951 0.82161078241379992
0.11011599557235577 0.55257057377382501
0.73226050951771449 0.35339184716617433
0.45469742043514572 0.16877060919434381
0.47638440261504805 0.81625278116090560
0.49275697064292628 0.48651198840964516
0.60419748799966788 0.16721763433844614
0.83638793795858646 0.31470572944180303
0.50393300554099263 0.15500239682978528
0.28334544542956253 0.76583222674920892
0.78100440761599677 0.28917262198628635
0.10536441724560860 0.76294076918693654
0.82728952834736491 0.32336915751013806
0.51369138848356977 0.83981839339041442
0.65141427680203590 0.09566813117978047
0.52335869930163637 0.66171677272163665
0.13549909080716629 0.87659016937527467
0.39828336911017298 0.74693487858515517
0.17361417642986349 0.75440746991797936
0.70819775347840541 0.10742689224421266
0.00847147102907711 0.55545308273554705
0.56672134779500138 0.10509867508456881
0.18580830069739174 0.81038991466878119
0.46449239423952315 0.15090731968648663
0.06730544995174165 0.73752403376174591
0.67784238832215238 0.22809860387963735
0.27526841223522175 0.16070096433866371
0.13225949277970903 0.27967718985787215
0.32505413230136143 0.15731726873119006
0.21722934247888603 0.82356471569162371
0.07461766031381507 0.85739118828690697
0.11686588217203189 0.88320197707047610
0.36248162003102691 0.57034774502186181
0.73666960027548911 0.46800997431586833
0.49539392021083412 0.18565991360039738
0.23736832653766923 0.59954962425348979
0.40881864215418745 0.18213258426348553
0.75030092810314442 0.35786497039916326
0.43773447555380546 0.60144438566510083
0.36419424141946194 0.12028957814185794
0.72713995677487120 0.05174502789466714
0.07694589389633029 0.59863587788550188
0.51362403142651458 0.50244239458268081
0.21504854309466218 0.86286841494847477
0.34878603408560732 0.60777297120303486
0.50007884317767592 0.81438888778992935
0.76109382134459591 0.17017548011472386
0.42394635652534535 0.81111240910175209
0.56253349736327396 0.79916427797401246
0.34197206162291949 0.40369516440676756
0.32602884727492604 0.35625075994073763
0.57804960163231567 0.39586212206996924
0.45860516233639037 0.84716280301396207
0.17260458610786750 0.70434062023518840
0.35268424052204311 0.91905266393823093
0.38446267852409577 0.40164001217081308
0.56195479878565613 0.77549795996973658
0.10590151795105289 0.86513246592301318
0.80420794389899009 0.23264417736983439
0.71016761798742667 0.41227291897627055
0.50345226167667245 0.71433592250835376
0.43241935363476092 0.31180240474561427
0.43064252049010471 0.70498311400453761
0.79031317469612183 0.33541109782080608
0.37929079573168645 0.19433159051552093
0.72811555556216734 0.27872591382744316
0.03569459942147953 0.53946189146422707
0.75420059219208124 0.13365870158186530
0.11542143147286273 0.92901345153536818
0.20270782153367575 0.83850925001733945
0.14873012210312753 0.50787238638725207
0.76800144766331246 0.12599774204848491
0.56751510764511370 0.15265157180296768
0.59809586217560273 0.34229479081537900
0.03796284406744342 0.49400910758953609
0.39867544161098306 0.16548997802352186
0.31758917658275537 0.30182007455495935
0.09557993517307109 0.46049800397167229
0.84628454333301861 0.41846836095067258
0.70151688747492391 0.30741120973498748
0.75347710565000581 0.34297736889368163
0.08368144535192409 0.61639332092120092
0.08905049982497790 0.94230051585940067
0.71742397123778245 0.10955175422531890
0.73889588115591420 0.59296505617364215
0.76325907695736783 0.28955070982267134
0.78849895165179507 0.25933303395352142
0.78793310413739337 0.30893085373118856
0.13735092467347740 0.78051535602511468
0.69421312688299086 0.41422214802508422
0.17562601879997630 0.77944406928420851
0.28151903547510643 0.32113314113442903
0.78616200018814075 0.20394630064189587
0.30683199332753008 0.31117310052692559
0.41122864168534412 0.82188655906959973
0.61317978741805890 0.62190831907855337
0.73426034786313688 0.30624311608698135
0.09646943110352332 0.67581366041892432
0.20156720605106851 0.33283811428119536
0.18682647219780985 0.90821459760445622
0.68936786677904494 0.07360721639254500
0.16423335581835616 0.32788477518998077
0.54143811685622090 0.37597419313747654
0.69157932498051855 0.72571406799393812
0.42954664582388230 0.64807148719587504
0.37229900392591214 0.10290118581784616
0.58427795543181760 0.29535598970590482
0.27589716229000538 0.20329934712094541
0.12046163988193966 0.51877293061859231
0.77469882747650343 0.49172087977327239
0.21365470167282602 0.23771720223440881
0.23676165773483093 0.21582637527603685
0.82789929383180372 0.41703753991446907
0.06441365476812690 0.55246285105471349
0.65043894012585124 0.34868532961660692
0.38602097629937865 0.58809875487867069
0.42880616259443116 0.57206726765771887
0.64648482571345556 0.33066125625532966
0.36241882647744794 0.20234298598225287
0.18990368366318039 0.72347156154317571
0.63898577777137611 0.24236427004598343
0.57653472978209075 0.16878027821928074
0.68394464957308010 0.43196747402385388
0.70422296006952712 0.66525861859670021
0.23015200312902470 0.82551264406264746
0.33624335639932784 0.38694028291032029
0.77448662901285015 0.35104596694494677
0.45936542375583489 0.38284331240407377
0.60831771782946253 0.04208624641088430
0.80665672668555899 0.38558197233609026
0.11735341829647822 0.92371185650438792
0.73333114792907583 0.42513800094711318
0.50412348690198672 0.02742293373106646
0.07655324832326198 0.43313372426577312
0.79482139484457426 0.23512089565388170
0.39957817294930309 0.76114385823252195
0.80751224491845719 0.46096996890613151
0.08104109506409950 0.86917908029659252
0.16723225394969407 0.82716450672078912
0.46445745589105392 0.11426764006246090
0.38313060421093642 0.29781869009171541
0.74145134091672171 0.03264197515409398
0.34005639494399714 0.83904871726289998
0.38933565670500903 0.43817907881648438
0.84009302325310675 0.36893670985004534
0.33882965107358570 0.95236616493822301
0.24279556405064315 0.81409161766732963
0.36172601444792879 0.78076060140328263
0.36555606232194171 0.62504101139965162
0.59401140695166144 0.19858757670155458
0.32048185361652592 0.89835545318876564
0.20515129005245814 0.69005272326050415
0.54099279621588470 0.71595826116821570
0.49643285545372196 0.06125145764595850
0.21053014913652118 0.81617320145804284
0.73952584976124236 0.42204185377232845
0.19078253493438746 0.33904803514008897
0.48344025199457807 0.87430638015385398
0.52113860341899165 0.85537850921459035
0.79746343277189546 0.25082689075578674
0.18069735393571071 0.39875383416554405
0.51763156443643199 0.09419672832165280
0.78517819612526052 0.63056760488980612
0.04445338143092311 0.43797860187958099
0.18362105532037462 0.56778262126553292
0.33085465383348989 0.76814806894069099
0.57902385170336679 0.74834726740263513
0.33478253209817777 0.74415803786250367
0.62613446138540252 0.40451981307704021
0.30848539075531922 0.21138343786084243
0.69691808124393007 0.70924480554748082
0.20209912916999717 0.25855985849913998
0.56227573407047660 0.03596922703041769
0.65575767013579733 0.41698904097153677
0.51061362806708499 0.13232447277848067
0.49916147580140474 0.38299394572924284
0.62633986824272714 0.14552755019429689
0.02260526511511358 0.57424766473492705
0.67130071635605559 0.57005395045934226
0.74819760383584455 0.54470471288225508
0.55759114439376956 0.88088910227969353
0.23739343212210209 0.75992017804695955
0.15484850056142069 0.60699131434286335
0.52525698223112338 0.07173873481211290
0.18570606334315537 0.72872626791243544
0.28260926705771777 0.73043844661720814
0.73207280061831492 0.45797412615499300
0.17368574165555897 0.90408549938830840
0.63289757489874143 0.80849032543010857
0.17875528507105889 0.52165132023654492
0.66414412002683387 0.78368272256053439
0.65964573136947668 0.41078025200987994
0.75997029705549146 0.56715623061605303
0.45165481740886687 0.34908834400616157
0.31630365427364920 0.92297563441621533
0.70468087115103284 0.18688542269419464
0.53795542947038699 0.25122083684608409
0.41771794364397463 0.20655350246799384
0.57393305768209912 0.67771817453458194
0.11981015199922701 0.87267550944788519
0.45093818940229580 0.54664828985031655
0.20244356389052967 0.71631657186094755
0.71239994952390706 0.06476784529742977
0.30120778373491569 0.53300471044672326
0.29668296787675474 0.89239241242858280
0.37011288809772680 0.88306711277728722
0.54594649756868663 0.59716492786227959
0.13401927992273077 0.80516052795049819
0.22801578169177611 0.66546172878969956
0.21469294481731280 0.89029039963226886
0.67089691739447832 0.23337616131792185
0.64992681089261561 0.02945328158030621
0.70104011714482217 0.07021308410227987
0.44846808474947658 0.91151189294979362
0.44606675729571099 0.62215964971728821
0.37300763996341413 0.47651383823256571
0.48451589756059815 0.35813977232522753
0.58582380390877298 0.53067717137890691
0.04702005628369080 0.63792595150659437
0.00727496825215917 0.56897793526845186
0.44630271791098319 0.80106819782547878
0.11511794778196316 0.87040281431212507
0.20210717206253301 0.86145124874273449
0.74705071121537181 0.59812425967812677
0.23325837564941454 0.68742514405838362
0.77585815173528816 0.13728781250892871
0.43407172507374830 0.11384289954506069
0.41489418712579890 0.66344407024712893
0.60471378178862911 0.72828263193233744
0.07036190860530769 0.79476911966786823
0.08018521925543590 0.78091832108126780
0.08911625647597866 0.69757374043596576
0.67820205397096900 0.15598812991321151
0.79246884804928863 0.13747433777064891
0.08897388750896637 0.48163825971736440
0.48851826041322705 0.10716617545829993
0.49491499178452975 0.68821108853659541
0.23713846556886994 0.60674353215494781
0.19790221105422232 0.51405777868559466
0.51160906418884000 0.18147849732571117
0.49175360296448856 0.52059635985619857
0.48810293509807468 0.78676945659429187
0.29102718420920765 0.25365631089715529
0.67293256021582859 0.62754120773495370
0.03766598966281232 0.56333549989761245
0.48093417880777067 0.37464978177578889
0.47513730753505951 0.44876742686578452
0.12843916909284603 0.62851567230330030
0.42136653680121733 0.29138050895989676
0.58252294085908751 0.40171049472420828
0.66254263011029302 0.27265371185253051
0.26065092286873853 0.91380327086770752
0.58224807812291868 0.13567546653224891
0.67756183884253796 0.69386008020105205
0.66701560071658339 0.07602153740703041
0.29711875870645932 0.47562702677743918
0.14381866162594376 0.27634757700729440
0.20231821482568418 0.75248139079321630
0.77725611022969376 0.56356772283458578
0.36904383624027931 0.61029280847011302
0.25699342922451351 0.21168225967837373
0.24160864104145385 0.19616837760683015
0.16976174623393706 0.71765056242375436
0.82243782867358128 0.49905796144465198
0.06319172512001255 0.77824040351862633
0.64600946724775477 0.75112897439616855
0.64522480381901837 0.32119174229886899
0.34377743394657029 0.84448956007264209
0.15053880705340777 0.33311412508829080
0.68778960613065554 0.21986122844133554
0.34711751087859505 0.29964792729087725
0.82677786491746752 0.35522513924783133
0.49778790627557673 0.54149462458830933
0.58912307243421691 0.45009176202530993
0.51988618788011021 0.30818463541634145
0.58140979153894090 0.62419995675489059
0.05193363470064137 0.44115341028509741
0.63645149815911406 0.78203403161683460
0.68012386706610761 0.04305870832889662
0.83312911557316083 0.24642898736446289
0.15702577304249843 0.63194387460752699
0.06565614019702168 0.73302694137824609
0.60562589888001372 0.06499515191987416
0.03803701045850543 0.76767911642610887
0.41788219716150155 0.81206054372771841
0.23430256411778863 0.40758546311426214
0.80640567322871948 0.32570057982246770
0.44250515077500030 0.85384528242605107
0.51277660277229486 0.34644633865390595
0.80606445979409103 0.50984543692380169
0.44848508406477944 0.78251780338385979
0.66735283824334879 0.61694488938379866
0.59482522601287890 0.30513710508560715
0.00479597985575604 0.71628675395856023
0.34575317473468237 0.13601934093011625
0.29150580871715276 0.79334338189822518
0.44640285257386109 0.25162145704903321
0.49544802204659605 0.09874403858791816
0.65545021661907255 0.56771146656020133
0.67313296498858410 0.05991230651415381
0.10284112400308754 0.82992023559318651
0.10021052455522159 0.41148978680499471
0.12952739980247174 0.42270787826913470
0.22146796476958808 0.84601384549183978
0.59458541805974152 0.70898664974635406
0.47498349852682942 0.80647728577298150
0.16666865345829690 0.62654818958457326
0.33553934125912993 0.91190785951283659
0.28076748761211778 0.55072804290283051
0.18050391898735871 0.65650849670754874
0.06540713933211478 0.80096182928650750
0.16450853106465851 0.83297478128884839
0.50520456975155104 0.87369318757751413
0.11490364317362693 0.41841710942750365
0.75646442441853701 0.20045278988666168
0.20882850465530484 0.90350206176848658
0.28223828588320871 0.50798959255995813
0.12129451870236214 0.46336796868764346
0.02050229168689111 0.70967606700788688
0.58611567075832849 0.54388064650600276
0.12944170898788682 0.66176590533050339
0.25806956814693532 0.17767621243853518
0.49798403092915444 0.69689513152006743
0.80570395076195467 0.22095400135408549
0.59353057928296693 0.76653662030926506
0.31843524030814285 0.52251745396602456
0.31891332275199480 0.62331207694690149
0.46074619042132237 0.28272090020505342
0.44812450955418337 0.16552311555206223
0.15557511464872945 0.77277004548566230
0.29594114247785175 0.58430155956885788
0.44395960877132040 0.52866910127692657
0.42499935559302382 0.52327744840129742
0.27688756478298754 0.76419663088841128
0.54526278258366545 0.50628380763644931
0.04840321198976010 0.59953459479331672
0.30805639026202736 0.49350682238025806
0.16681590020899198 0.41599076867291457
0.23457116463653591 0.83248302933575147
0.80724477123846961 0.45070618439888310
0.67136920872059547 0.61194248285761910
0.37051109828517037 0.41834740656801767
0.65685260830993875 0.05173769252292451
0.11949985133008677 0.42691101240472074
0.13081508980447429 0.83812743645131982
0.51472008215688514 0.18773718306559647
0.44468890203382577 0.82455723754879884
0.66142863909897309 0.75568744667506715
0.03375458903386482 0.80359295859283053
0.66088835461636541 0.02395064039901299
0.72136489979883345 0.08909487060097042
0.33620279119822027 0.14092628424959805
0.68138829163657866 0.74178799448985733
0.81108911296960906 0.40999903191538806
0.57418280885354878 0.06380511967686296
0.76557628835434155 0.15231806732123790
0.05153861806305753 0.53320320973461777
0.82313006595605509 0.44238100545696962
0.67397353596037057 0.53688491472209809
0.82517448579831487 0.43656185373414269
0.60611470724530103 0.70925055271216919
0.77166721721040932 0.28367480101808290
0.72474041447629722 0.33122353292496992
0.57511819097976080 0.77655074607727870
0.48770652847115720 0.76895893955936201
0.70920020694278219 0.41891974994711323
0.44275901588300604 0.11477091207451849
0.77810189020414067 0.17921334630014668
0.68426204412615810 0.57602322745675205
0.22934984334558386 0.94409502381821386
0.34686512691230059 0.12217560457841056
0.40070766288142223 0.80596087188389276
0.32461132949613242 0.13718498423695091
0.50461902751401533 0.12175335438454538
0.54680216268697490 0.49094735823672231
0.40229936145254075 0.70034445391727340
0.23406125131710970 0.85201531485633453
0.33704127790906363 0.65580951613736782
0.05543766498826271 0.62543599045639620
0.59580215589570185 0.71640315012796274
0.39775548578829906 0.91953046730381038
0.62421569879845507 0.07846474603515274
0.48273435354535577 0.47649315719424706
0.51079704816851135 0.09065459872240819
0.67918945103672301 0.43681689701068926
0.48040436014270033 0.51177373295429474
0.43337786308686516 0.12366654035293677
0.52547744568259391 0.30396252867951773
0.10140028971385537 0.61526662770948393
0.61299012626730920 0.11158416701452065
0.75030989977963913 0.14919993048338134
0.56007216583273822 0.49816116966316965
0.33920877195558657 0.13669677653095530
0.33981365410857117 0.42607362811232430
0.45679449763302810 0.32655098836470409
0.66987738735770286 0.34745379574861363
0.34726226355273027 0.43857472474532105
0.46372576762555068 0.43081222106474792
0.71404758470594620 0.09471288765100266
0.58069424821733429 0.10263111450382818
0.31247221097234779 0.77460055805022399
0.02694043898094864 0.70625389415253159
0.31766840401612917 0.86835478596983540
0.61995889576877294 0.27828198444999502
0.73325630425477994 0.17042296793925657
0.53147353857184865 0.72337747436544619
0.54338370882522358 0.04322837612316698
0.53762500578182670 0.72216794989851418
0.18225319686649885 0.54023848352386028
0.37841136168604322 0.32534132194102422
0.19744053652400442 0.44800286607429907
0.40113519333959213 0.19493619635276568
0.64226164435725530 0.16526664550125603
0.26955504765330868 0.31387536143522099
0.23500668676168177 0.44378658289802081
0.76789927655804346 0.64693999672373736
0.75560889911523399 0.26731687198084070
0.18761955539498762 0.29401257324602065
0.31406970501704295 0.20240070388087278
0.07899472192971575 0.66754229566784040
0.13277303172357027 0.31919478527238604
0.17394251370244818 0.54737869324257582
0.64806974208003876 0.64509753577997742
0.52409326352885721 0.84016734097167689
0.64480257466467839 0.23175932332686736
0.08830093976118771 0.84884945662018529
0.39540874603440779 0.18344866225568651
0.31397430836515111 0.81356401618310881
0.39175945856725114 0.11882601876780594
0.81404388578467690 0.34365422470063461
0.49271448647479049 0.79060717893967769
0.08186306555243500 0.82854518843789837
0.29638047374638210 0.72448660028266443
0.49925223922284723 0.20333594765758961
0.11574167187776287 0.54166909460074930
0.35268665417061501 0.37350979039672150
0.41203397433185784 0.80827949668763754
0.38814517256271924 0.51888418063828678
0.79153340505146419 0.19491356428495027
0.67403045372036952 0.46284370881017334
0.53669711306738643 0.06167587173746522
0.39343340881595168 0.54916505536733307
0.37496998918857982 0.12831162557053477
0.58648898345041323 0.19534551770232161
0.23078371830942140 0.21540137338317261
0.54761847032942612 0.61553400718309081
0.55357398481781839 0.09970940933238524
0.61222230969930425 0.09929286460475326
0.05516707344766948 0.52591995604712172
0.36294975544702374 0.16988618777534112
0.72235282441127091 0.29416662612200767
0.22610719471299226 0.95523805520543403
0.49677327300606311 0.75208832726427322
0.64274818446980342 0.29283070945689910
0.36845608891134407 0.69016065601271503
0.86070834001789132 0.39501682765753449
0.06235091368961253 0.73664479160517027
0.14724375913921031 0.34853693683994497
0.71537026751695432 0.41712080183919131
0.49910204004104958 0.10347962719812588
0.25894375768513705 0.73506750075349325
0.04252630740439939 0.74836677879168056
0.79719978830145932 0.54375140220910401
0.28685307810362964 0.65970706156996850
0.60078542312435723 0.35680109820770056
0.48698307395890933 0.22251753395315918
0.61412666961705398 0.47490513366499937
0.09572918047613152 0.85648098783835191
0.03685035798921869 0.81121220814871753
0.64426578117571665 0.60162745740164592
0.65200811552189608 0.72921855749122610
0.10540475258889910 0.83353412766003265
0.17824416634471774 0.48250459290261050
0.34637811021438503 0.81610884843870979
0.31356710966211759 0.66185544771581295
0.08445974858329680 0.83218320270643198
0.67823620007209928 0.68875211088764465
0.44873267543458317 0.21011103754715663
0.12273874984055064 0.39128606684336176
0.46308375214769765 0.70026330282262839
0.31179992965644199 0.35272683756617462
0.60116379738877745 0.55459896691093069
0.68522759214254225 0.33292973882193583
0.61043673150570954 0.46910383177992626
0.12044626498458118 0.39762796719580901
0.36222017618580721 0.42313412935970807
0.11956362968895104 0.74695049194136021
0.46131744706588362 0.62418809150958321
0.50919870563412040 0.83112278458972455
0.33500311177468328 0.56798528553881000
0.72917768158623686 0.44225105991732794
0.33219570199300735 0.81340272358311294
0.47315813166783149 0.18579893363683483
0.48266429473092670 0.24308135241284687
0.82554377032150172 0.28698075992514605
0.19516049628995361 0.54668829564281840
0.20145326996555432 0.58270512079475423
0.05959222064092555 0.72697282626229176
0.76088799056899470 0.50691021951993065
0.68287179619361871 0.11779016663121346
0.03929100770087950 0.82346089260987831
0.78523919140288878 0.14405899189049343
0.67350992546048560 0.45553446735502096
0.53930713770489480 0.44001939315192967
0.09647317650711400 0.89192847545578635
0.50409049505654269 0.33489550783080635
0.51801260852835862 0.74963724755761729
0.09697051199604624 0.62530020211041315
0.14918244756547364 0.41075553334600684
0.23367316808003516 0.54431765899406404
0.20153037193828735 0.26795505279714571
0.03226317313804827 0.70267308550945851
0.70366038148726784 0.67586868369497677
0.32384615931661331 0.81023379217359992
0.51503614562720867 0.86496234382069737
0.21226619659215198 0.23116419631694446
0.49374517212788510 0.70208887332002745
0.41282248033286828 0.77437178015499142
0.18285851974665596 0.32552060231933883
0.81688770053812854 0.23872800405369032
0.22486797474136858 0.65810057394866872
0.40355021331817070 0.74293798277917122
0.71569916837818492 0.15361729553643208
0.02525154418239565 0.63459314678648293
0.35219688846944874 0.47867927015172795
0.80739600506277098 0.17497812819935454
0.68981565000988676 0.22608901458586117
0.24156241522543634 0.28025130401743492
0.24424795351209119 0.91724840643916705
0.69414104734662740 0.67800369589424203
0.44131839429477854 0.10433550544175886
0.16286076395220764 0.71644067447289983
0.17610760433811154 0.59554517086818293
0.49861802439434488 0.62377749822741935
0.48020370762147735 0.20871775661619929
0.07931650526208141 0.61986062618852078
0.32155747572286281 0.74958246350855262
0.25695354422815730 0.25319768548258592
0.37488945153422754 0.55107103906002186
0.30021979456866554 0.93749893552295982
0.57536456294899052 0.63472972596236243
0.63258011643110912 0.47825769744006741
0.47822219326535459 0.73293960419380422
0.76764673315441956 0.47732206622730811
0.57989844779097499 0.35784993039993757
0.17893511240958973 0.60893786662810523
0.78145759604320508 0.53943768896395872
0.57189651647744733 0.32019962522381396
0.56098106773860679 0.47573841488203722
0.06495366566444831 0.77301749589520818
0.21329922921392871 0.93428905212860291
0.68591126086864240 0.64126963661187675
0.04443537299604339 0.73844317447056373
0.32249658019626365 0.73584407706288268
0.13059333470858903 0.33076885556868307
0.14415167511721597 0.88660330003530563
0.35718506731078981 0.10068557759379723
0.12842925780786615 0.39082173166380318
0.61033553944117558 0.17972674984125395
0.50636186530978189 0.49363538664613316
0.74822145052781452 0.11114599956074346
0.29841857374512659 0.84834185087722092
0.73434123549173713 0.62863246675087991
0.58161984806758016 0.21513351058919769
0.43732731395747360 0.49550015640386075
0.43275402065394675 0.37274255222528307
0.12825518708314643 0.72994550499589761
0.35535141022645667 0.34732609487266614
0.70951001228060895 0.05978082276718923
0.27690965321876426 0.96482370659889549
0.79526112809431837 0.19852320961101716
0.47323473364563373 0.58412892344803469
0.31686312462826377 0.78720551138563077
0.63247491669684908 0.75655685046549193
0.35627593791561329 0.31997409285976358
0.58972684313744761 0.74817750123965632
0.33243065663508714 0.83785261391459676
0.08463814288818711 0.76925686680672500
0.27069304306839004 0.29683248385354560
0.47908980895897807 0.03094477089598095
0.51416082248003803 0.59509023892698010
0.50948469603450841 0.81882972305164026
0.79875194620643364 0.40959146436140897
0.27451719292738147 0.42422584804808278
0.37338811558444934 0.82696098096109272
0.57975730843998052 0.77981892099542960
0.66219579131714734 0.60551983128533560
0.78023189638558066 0.35844086728557994
0.18546124659717575 0.28959812468524554
0.53265356136100639 0.50493375835438015
0.42776644399063357 0.45458559978876123
0.37163114177171530 0.80277619153967417
0.65920318471180528 0.21121631094229285
0.41479795671340497 0.47539756046609227
0.43622749603874145 0.64630460856807981
0.11531625224332359 0.43030799906819556
0.70213248277622453 0.75452721827267799
0.23408709417247733 0.89934850866569027
0.70350035949318446 0.11673856968535729
0.69735673925592523 0.28628776806512674
0.70143260867176083 0.65446482898369951
0.25555597134095404 0.96040197502834079
0.81693001182290126 0.30913474850271544
0.10130174095588884 0.49297116213186698
0.05197845172725554 0.69961958617671460
0.49882750885473648 0.21697657774406237
0.46308420880535883 0.53953785934892529
0.43983698465501242 0.37388379024031926
0.68970847073887831 0.75481465223257593
0.35416590114663488 0.84045001729790680
0.73406142076099268 0.41847810039790884
0.30872790922748650 0.50100031452504745
0.17253974530869376 0.72356236750934078
0.34269838211786929 0.16793661999521900
0.08802938575568006 0.85303347271952390
0.60137699938596534 0.05229561169026604
0.46873432460914177 0.74193088839669186
0.52792495197954292 0.68617290674380960
0.29983705315274956 0.38808554075185081
0.70252699272031527 0.64951347542732984
0.66835899695694523 0.08467846339428427
0.35826794894567404 0.57771199154645014
0.38649300795589525 0.82274698456733297
0.57285089674746836 0.16005212421164866
0.21073934726713420 0.71617542870674378
0.21436457766189543 0.37200937090795683
0.66698427858514375 0.45320382473798015
0.01808335103008738 0.68322665212858302
0.78310220355448457 0.31964629593045535
0.53101944117596755 0.87505308348260769
0.63360841171419746 0.32828454719668221
0.19460449860758658 0.88516010316025118
0.51133575780059959 0.83552159940678161
0.25050650371928851 0.56982337776858227
0.47886283063023338 0.12825836143776753
0.46526952066680932 0.58470825634607637
0.68604373629373316 0.69896202316873735
0.71006528156735993 0.14393038575791275
0.06930149519272683 0.49036524045125018
0.26138164689581267 0.93868649003983562
0.47676351286527446 0.32371347450399690
0.54162632879544770 0.11177085486404786
0.82784418925689018 0.26301045931088007
0.27608360559173967 0.68096817901256401
0.60262967772694676 0.67709477011075536
0.43488950912503938 0.59520688221537654
0.60255559432648109 0.77048000894917934
0.43811139971370405 0.66759652219610510
0.79230816057361453 0.27060681660026492
0.16319226450109187 0.77135114229662372
0.68108699454343680 0.14056380980983438
0.28571122441109115 0.84999619681559380
0.41489503528320726 0.78746380210384537
0.82753980680812178 0.44790080432474705
0.53737172893155116 0.35246065294409817
0.49450273375895359 0.59865942530724137
0.58956413668929486 0.08078227150828993
0.33119218845486054 0.41385831619337721
0.02097049951235832 0.58160104774955368
0.74372049281514074 0.51796478212600483
0.52847215802608227 0.06712286671148836
0.12441798784885418 0.57086451661744830
0.70916292495302813 0.30965538750030985
0.63610576228259608 0.51450029543333520
0.06342061711302197 0.41861514147031270
0.29688119301040500 0.23142441025750796
0.75334019451157064 0.16255063612784140
0.64944515865024632 0.72470143451194424
0.38118005296917051 0.15707051870304667
0.31753217159379260 0.40558546628798681
0.52324285262804693 0.43363152673472766
0.70917638367028035 0.27789353297286518
0.25939421361672210 0.85159269218719891
0.24110168510346031 0.24644252531531444
0.50572953284272371 0.76226556088167963
0.55490401206875983 0.04483329130330394
0.30815619726940169 0.21749123126399567
0.47755030674914156 0.43520930329919155
0.75165674590733356 0.46020260538862945
0.62301660927010505 0.16427450073056940
0.54590916482806817 0.75256227757677829
0.62531141071091301 0.01123615302826438
0.30969577643544316 0.81922651683094794
0.69958439773133529 0.55811763656826097
0.19504186910080412 0.67893031921450320
0.03565197246399833 0.78410758307629225
0.21858716235227896 0.74224391830264425
0.19345483226932608 0.53321428414308392
0.44087344161857678 0.13665645607177643
0.60503946565819722 0.73926614421278836
0.17497649748363781 0.54043867407610047
0.29565584348197060 0.14969749903742594
0.26851135393223380 0.91522186144308548
0.37579222103006765 0.85190062477223738
0.80676864694875183 0.15078911122188143
0.37281421464213554 0.34760808884737854
0.47737740093867514 0.47204275411337077
0.12042352440883126 0.87693709860623226
0.57489340203998085 0.65213814598384845
0.25395181563317715 0.53739897595996511
0.63524049947484917 0.12959191822946156
0.62372199632976877 0.04753925620957881
0.13977803236313679 0.69274952935463940
0.35986073095663734 0.13118030092995059
0.39193047588517699 0.25348098472399305
0.39597876571992408 0.90360969611384234
0.45577383321605303 0.89998832953443775
0.11884988096900488 0.45217861888326349
0.80788562708120515 0.25319588201024329
0.37302167622904137 0.22815749655081588
0.08685234220538270 0.85735352493659511
0.44171463395568555 0.74138172224294552
0.29636297748173723 0.89828818894676066
0.47574670959248455 0.69588268006223897
0.50422914973958954 0.28187509868683641
0.48847061172714323 0.83096863586203973
0.50036404421214697 0.83511300734013350
0.45856867449553829 0.14402617309694063
0.71631552867137471 0.64485093608175315
0.63173338319100070 0.09485821412649428
0.24975123159786156 0.64126800903860937
0.06932619877973567 0.90779081735035161
0.67671409665987603 0.06223637677502839
0.41245866692055533 0.26701993627030296
0.45111145437407485 0.11367817982828776
0.60186046129831416 0.59140990423831308
0.81978682408682446 0.47885051950296681
0.62222303422915270 0.50284899491017054
0.67474368724670486 0.10066379976914357
0.60355752597571244 0.06940044738739565
0.69594723451157248 0.70393597386169660
0.25129525583683965 0.76195327603661855
0.00335489651820107 0.68277496995746434
0.76342502835962611 0.51166870055995628
0.38212113431964501 0.58230722928449019
0.77674395581252986 0.32864228032190868
0.07961231157747763 0.87823969489974130
0.49987942248828304 0.63492567587952076
0.62411346257886569 0.21336553208529419
0.09440267535335779 0.54510333335901406
0.03307849352212324 0.58294590284354908
0.69017312780628881 0.58526922550292748
0.38086820297416396 0.11758335246129410
0.52206006192899190 0.60693917387029783
0.27397898583660218 0.62442259633508934
0.70727090691659866 0.25731054046735430
0.61058130042781333 0.21835960838870508
0.63664435853316237 0.09414674965932938
0.31709292822988167 0.91776880469379529
0.34643660007200927 0.19831338863585796
0.53261644704885014 0.60134816806257829
0.29397589305290422 0.48282789721146480
0.65456478899549153 0.09207281504421515
0.81780507875892017 0.25715134595223282
0.11205485878159384 0.69068397124586600
0.60473129318570151 0.16002452466960362
0.75730450046575337 0.47798695710287031
0.73948845163505283 0.04005410377530948
0.20815549927595453 0.34442855559261615
0.30693554954223756 0.14736982485293196
0.37415420827611834 0.39125957972314424
0.71112031673831588 0.17688256602504027
0.30532015127456852 0.83105504924539952
0.39187024408826948 0.77895275473797854
0.27498122417049170 0.94513488245399557
0.68990834765007325 0.57922085941281554
0.09870199923427864 0.86214111846499708
0.12969612734409516 0.64688603601651906
0.31426620911722053 0.94658125322842113
0.15622727164543077 0.90556590958986338
0.21422467531450964 0.31311287470511034
0.08285661103315518 0.51506483448165696
0.10304948625954694 0.91722600522501052
0.72372645681107473 0.34475854494144786
0.63202808583667691 0.77743707624259339
0.12026298003156981 0.32909389978075548
0.59188402388625672 0.24163032612581845
0.26681882670786566 0.93845011147396984
0.78782027787533593 0.11644208761641042
0.19656289052615342 0.33646572719851231
0.55321373848557798 0.81045867973240204
0.25495281537336095 0.78573301252759742
0.23472240991768314 0.94551152768169555
0.50507165261458786 0.18337197447970749
0.41327297454098810 0.71557912026261250
0.13525479316562974 0.44474577031561879
0.31090207891998495 0.80575199178394863
0.54769999827182536 0.46966515560330052
0.37038808124862915 0.70514550107719753
0.13919449760904576 0.87379287390170490
0.40060787752066540 0.48765148878692988
0.79469721932497406 0.21562450897921806
0.49323512737308556 0.10833295653981521
0.36802812150812264 0.91196033881620353
0.01398268395118245 0.70372911040663300
0.09294206776627027 0.47221444512372968
0.32296813521965162 0.54249421318964819
0.45099492889955589 0.33095624626916081
0.75201267470472544 0.11965724693190191
0.67261299258700769 0.66185365380600980
0.33287612160277719 0.22196533787184133
0.60713068124631164 0.77187560667786848
0.15896762099686426 0.81899283444989557
0.55736098416972157 0.86114389535383129
0.34350643233924122 0.20468054532960187
0.39665669091326028 0.58969873534720518
0.72034696461388892 0.11341079490814197
0.54044322960821600 0.78980003783237829
0.51651858700636577 0.53189270412564338
0.64966329999668626 0.75477440596403989
0.18804407698568176 0.54729857011383831
0.65909346384378764 0.15403317428367833
0.48810267162700760 0.61741030609541703
0.19302169983674761 0.56123363939418758
0.64777019232194077 0.45321121613794818
0.77795902117324145 0.23023590718039971
0.29572676545858650 0.64864562785713553
0.65069818305076244 0.22868132818544545
0.49705819612125518 0.53418403217075272
0.66256236675019720 0.17815924443110340
0.27784788795411630 0.92677243003089682
0.75372382272747651 0.54104593702356041
0.13570777173880261 0.64980807502548898
0.73493871399920241 0.28013518472501503
0.80225395950884171 0.17677551333394986
0.13651104605662212 0.27296051475212935
0.13900838836916776 0.42583154087764830
0.80402212516232419 0.44596505072044945
0.71482019394797414 0.52508046290292887
0.44400265911643083 0.78715915106989098
0.31352774346571566 0.76073174451372871
0.69923176342636595 0.14017232298887153
0.61823581685798212 0.35917853914107289
0.65487950153865504 0.16630164164685174
0.09878749605400770 0.87059708948264680
0.44235828443297959 0.08223169277191369
0.62029058406767046 0.14327760146135193
0.77056261252419311 0.25240235316484294
0.70831109692141736 0.35095088005803282
0.70782769516828392 0.34367748402653797
0.36797650710434082 0.36939073816445245
0.78508923346641513 0.29370616918033776
0.19305681201589542 0.50802008837158197
0.33603482277329699 0.69836665322451774
0.10181349530717192 0.65006531400682055
0.45488023982590442 0.78460806235887159
0.17749727973185883 0.33633564617805073
0.51504197815200614 0.31366791164408342
0.10148751712728930 0.83521402057249805
0.32213384759935076 0.57473686853618378
0.14218691337431033 0.50465992928933445
0.32853111335227658 0.76143194138057524
0.55102604583606618 0.81495805558108980
0.31661936512068134 0.65554210332596796
0.08366847679591007 0.75882968092753722
0.56795871470968118 0.75033926690347863
0.74993627275366981 0.55522962327965752
0.17875766845490618 0.90124889926263085
0.47467258951525576 0.10346595056304048
0.78191432051495013 0.12905263419150970
0.39419073090915102 0.90901048263144990
0.62381128433697675 0.42487836317878624
0.36036656480892598 0.35208162336363452
0.39641061161062147 0.30854921875239860
0.84240871588162369 0.34460960681996744
0.59542266556202961 0.78754342718205694
0.51410266166383545 0.07208349101305071
0.30250882449673089 0.20193881090636703
0.12974435748207949 0.94833617913004919
0.56515941727997754 0.36075394202617911
0.37328221982773052 0.77351261026434748
0.26954854211938822 0.38434712770823493
0.55138342502598092 0.13902302322022239
0.31289305996978417 0.74871756970265790
0.42683575596019641 0.82205277096773877
0.35521970034496336 0.88290315885693993
0.27225040486834540 0.98234825957610450
0.77885498861884706 0.51025153044064198
0.66800123492197239 0.08940415021183486
0.39287747764915903 0.94469140606494262
0.46482436573920061 0.14449343846207999
0.66239154080404883 0.11077442825418790
0.24756005443223617 0.76770798011901598
0.62186090593686316 0.07138933712411320
0.12973556498891819 0.30635104292505505
0.75160542913531625 0.55066884690884010
0.22744625248894429 0.22698933389754963
0.57524941357413129 0.48085540468537197
0.72232056530950739 0.39980313732345590
0.64442398035463044 0.25285229255794700
0.72527374569738590 0.01791876492070965
0.14340341049941568 0.81556672830018007
0.20806078088271029 0.94624720612950430
0.34011946995098419 0.87388158181208164
0.64985783283113152 0.62187222603091719
0.15079683984665596 0.53077488456065636
0.44613735691391215 0.72266209450714236
0.71533642826419919 0.23161144186788393
0.70252431842101337 0.70896211899086026
0.11083631682923262 0.48202237462640424
0.09959356521359324 0.52415683715006023
0.59024137924885089 0.10910154410074262
0.58617284911211609 0.68588001801170562
0.04752908524734326 0.45637526099779208
0.20775007138124960 0.89329528078232989
0.82347430905796859 0.19790502047041275
0.23910464698126233 0.22071436235401334
0.65993998936639475 0.45276694190434474
0.12028087276336899 0.36216869779810967
0.20861640228808082 0.30456861615439063
0.24082795186091432 0.68565770856955488
0.56182238340196133 0.07228354284199440
0.03637883132178488 0.62988494777907933
0.63869675994661257 0.22770768352307569
0.48565649701016889 0.79260257467395923
0.74243887525997820 0.63200258331489523
0.17437670746507747 0.93449646295697331
0.15865824773678458 0.93648273357992362
0.64178639807171423 0.35851798053408940
0.13176227184345338 0.59787512404461129
0.41384573687743398 0.15389746831589132
0.12149064453166300 0.84091136423260848
0.69239225402782878 0.06115644476633773
0.30197932341468176 0.22717982521164229
0.54004952249329663 0.73412272873973106
0.69110892385818823 0.69760129295516859
0.79961333497746323 0.51002289289572811
0.64293675974817255 0.55465710921000222
0.40298016473672660 0.61448481335561478
0.23947707424599254 0.71296758288860917
0.27983839577818681 0.12344859095583309
0.10654729300101690 0.86039691745728031
0.13245480344918928 0.70772741946563578
0.36899851232286945 0.81533808035428657
0.05993106081211667 0.55024317697916425
0.73289983719746654 0.14705418067674050
0.45209050762336817 0.66924932091000811
0.66631254702098075 0.17309545545040672
0.33133323989173713 0.91510576431096402
0.35368164994372803 0.85743032018134802
0.78287353691156991 0.25868158975389116
0.46219793061415282 0.87612797801013043
0.25414327257059066 0.18720053096963166
0.11695501233563715 0.80384278953589294
0.31993910086653743 0.50806082313124823
0.41486619768098898 0.70716638094993090
0.77084473534679998 0.38427993430376134
0.46435365597242245 0.60695184645326339
0.29390082529509309 0.87397343224613222
0.05060879726660051 0.66990924743007296
0.53599590977295597 0.11249391424881207
0.18109042881030316 0.77589086024067266
0.54548544232620977 0.76412469309030162
0.72683846677637165 0.04121872350621799
0.79481446660383936 0.20481537165550404
0.10930213679512467 0.32080014563964893
0.22511121334729725 0.28682587899977396
0.48339481095589654 0.59394439023463763
0.71269784901339850 0.09902551327869291
0.65703139195133264 0.34443872906076289
0.13211298451504319 0.41643878358444375
0.21508629053296910 0.26136212507467926
0.56735484195666719 0.74464854688618021
0.10407594291468902 0.38856644771468996
0.61768247468773751 0.60846231193496014
0.42903207077506356 0.88833049490727045
0.59898975143574562 0.46145408886061762
0.14147234044977114 0.30660616188680140
0.39369645454530450 0.81794139359298634
0.80095061667701639 0.27893106469503776
0.26112684059959618 0.34698580097780379
0.81601227158419531 0.37390320109367947
0.53773736004333617 0.07542656464210433
0.34145256794118067 0.46061965189271997
0.20543437593122096 0.64060430454887207
0.33802001367732243 0.75019816651819859
0.55846074417186264 0.07642841741329179
0.28588581134124680 0.22625835046869966
0.73227958821436567 0.09055447448337144
0.53137437777198915 0.75753459243215104
0.09918865250485216 0.42638289510521860
0.55177634962873257 0.37340105067672497
0.39609786249352896 0.50200019651666550
0.28554396658013770 0.82353391866236914
0.22071214093612646 0.92047252922181744
0.18178996428669777 0.29433488706471034
0.10197322502770506 0.94266413905828661
0.51730145089746116 0.80244373584257112
0.72664039196008534 0.37473252963312570
0.42543349954412751 0.91244412649080942
0.45178561871738587 0.09372103461722343
0.63276441662645388 0.71459880192534864
0.32696345269873972 0.91213315316051324
0.03419438704264267 0.66687942506724973
0.54895466360276379 0.29761673190641991
0.68691750443371158 0.65614920077671424
0.67562941337502713 0.43059690083365226
0.23302808907065103 0.24145043623805476
0.59674559372981906 0.38510006788298584
0.52738837126810245 0.35212924913679494
0.33445087021337760 0.59236842861353989
0.29587212956889236 0.84197019582085297
0.33511208571757445 0.40537460181872154
0.57954811228614600 0.69391768138407850
0.07786289294610538 0.49686379709074469
0.41847097805857908 0.12293024699035286
0.37425047548102613 0.91953904094697236
0.46574431523276610 0.88817372085700041
0.54063385904531713 0.13394648167459094
0.11060587422045307 0.78874914534780238
0.10440681304412747 0.84802156833397269
0.23594909429765401 0.81333042611613715
0.51620217583860828 0.76662228237645080
0.53090226907187799 0.43789754576222101
0.78019280065512842 0.40638643281222753
0.46031399710430737 0.86307051455355122
0.59483852158751305 0.21969424541530885
0.56426919237429762 0.78702203958973993
0.71619582961013861 0.62078300269789188
0.10073857261975483 0.56639307693092167
0.03104771500030392 0.77949122518768710
0.56177377179365084 0.68771877925637293
0.36622368456929566 0.79134238976946658
0.54994333389102057 0.74208071959077848
0.26921189569562898 0.69216791935967348
0.62554585827899045 0.76268973834789033
0.31487675268560322 0.88676032916034420
0.49300689946408632 0.07080917983067525
0.25165207076733814 0.45260062153522629
0.53284190485511518 0.04044418323835412
0.16147552579879587 0.83831536343236224
0.67725395695571544 0.16212800485497630
0.58324267551907549 0.12911178138809706
0.41801235714063528 0.67105805491609094
0.44479635242649779 0.29326168907114253
0.13194901255863503 0.91522578921492337
0.58294479795407284 0.72835954609814124
0.67648594826120434 0.48403835226759762
0.58677164468393650 0.11438911921765298
0.77386027790837675 0.41619999258428902
0.62835119920967175 0.18120234814844927
0.08144346926981416 0.77295282378857189
0.68528720757377504 0.36686642731443542
0.17029655063292012 0.91298803752455104
0.79063921729344444 0.55501121996124247
0.12335800536116596 0.78795435397191327
0.08350576029289296 0.77760132982847552
0.24160829602561551 0.80149815763310894
0.24453518674923833 0.77379917742976645
0.24243181358878230 0.21597524985997288
0.10112470119074947 0.58017125645136181
0.23350136982611844 0.41509489157425261
0.22004141736512126 0.28982714981517937
0.55306374482235587 0.11079060110979756
0.46696296078435534 0.40998438907487800
0.60173920745042675 0.12626097360169480
0.05862915468884931 0.40716864316720963
0.32934483878230064 0.42399598890108842
0.19117520240076971 0.25540542194846438
0.28154002202202849 0.30357929334842787
0.40963760646887987 0.86105762686685006
0.62392453078624821 0.45281896242747860
0.51812559846606543 0.34154915661347729
0.11204259112284613 0.50433057495759781
0.26693708046769776 0.36102160694054330
0.15905674618188145 0.29035780901625280
0.30309594960930408 0.88435683069353332
0.06410020947015614 0.89291518959807370
0.72369841023050274 0.49675641540844190
0.06156950594240197 0.65911976876865364
0.07980361734289775 0.76166841924996287
0.75346684959971011 0.15687052592711601
0.68871394987053247 0.46829039551819363
0.82866474358646269 0.27555913768830931
0.45523689602232964 0.10496650556302822
0.77422346611140647 0.52469255817987814
0.47326847759952628 0.67601809360383958
0.10236592256540529 0.48782074745378029
0.61097098144090567 0.15933603631490817
0.13641218062756186 0.37431576392126031
0.80709721083280961 0.51962412756444432
0.04091298881305445 0.72770528588089178
0.32737005891450449 0.58025806433168126
0.57750306621825409 0.73104580826300136
0.18869208380497382 0.45246392891166820
0.23263678470433316 0.71506820695553963
0.66000037019882651 0.20466061073402314
0.79071895704887440 0.43919992852010131
0.12285652012183770 0.31550983081594991
0.25493983917858987 0.79990552816035898
0.63842913220656494 0.09918642724694250
0.59415498033813718 0.80544345546544127
0.05174878476084594 0.65082752010410239
0.13194661434405242 0.76523519840570864
0.07920451037261829 0.53470316362960391
0.15157111671042192 0.61307204054770337
0.03964030071561080 0.62301595100519691
0.31227473325873456 0.33764365514106620
0.48623501363881200 0.06327312680361180
0.63537953735439356 0.37095360886054768
0.44880009542867827 0.80695771840078012
0.30127570346139299 0.48314926862227658
0.55994326256151727 0.58351257430112125
0.12800552739337948 0.89136874772819374
0.48458072563916416 0.82695152982897746
0.43919723940301136 0.63444408978549460
0.61591869077968053 0.30084769074862772
0.43359423120582019 0.72583749472429637
0.65457697694639772 0.72534084526105580
0.64213021610294962 0.73864910031491648
0.60489848330936735 0.28250219989469361
0.66870811876366343 0.21960543415192177
0.05221576692315615 0.45101603175730071
0.18300295041626710 0.44889528966269454
0.48192889143407797 0.89169022926801111
0.34863665270747884 0.76699719772728070
0.72054117674506080 0.35687987978821700
0.50976216919685091 0.21447301152045636
0.24308605893665838 0.63868630129163872
0.82619494141688732 0.18617487514519590
0.67421888262832252 0.13906651077224638
0.51258661341380451 0.32313672343250449
0.63090125261107710 0.51966023624543467
0.36132908714283479 0.11517535737889670
0.07453600108379699 0.79303829086320998
0.23976554187752255 0.36348347201292069
0.63819821564712709 0.13983170167497178
0.83502416548528902 0.28437200299920201
0.75355677734121140 0.68984717405901008
0.75987847301830480 0.58358897752575711
0.52034292516331471 0.16269109230230924
0.16516534830401283 0.80162033410333489
0.28197372894489137 0.34423397924677757
0.70137654813778449 0.69758497099899952
0.14426841021739226 0.86558946657344826
0.57032416141960218 0.83366412753440444
0.40737833463888073 0.08367487579204318
0.51393471001251168 0.13729619194706283
0.34587299362205914 0.54389179481461258
0.55489599484029695 0.19117420560054504
0.49093824841819783 0.60533315040341507
0.50846568592164210 0.64611655886711938
0.42420261228029799 0.74755448197252827
0.55278267232090017 0.62551596532067999
0.60787592989203942 0.40242666541104477
0.09001858285968171 0.58387626426920203
0.38068545447434299 0.89257325926191966
0.34533992349839848 0.31197275405157004
0.03521090483907900 0.51482007155732656
0.35231622850883226 0.70646855675076481
0.61598069093247909 0.65998051456088813
0.80161550439487084 0.24147261649552468
0.75469475287667998 0.29528837040494438
0.74286075880850366 0.12375666602178713
0.33983498355515762 0.19921298248386027
0.41675338123422717 0.81921619993748929
0.26849444663258581 0.13075645496490837
0.03650766565540027 0.57863086552600862
0.03893875548587070 0.75231544881333823
0.27593106955547747 0.91193984106292680
0.39402176483682072 0.10483068158246833
0.49414509611622226 0.04071952067652874
0.66093318898394438 0.30845684292511655
0.28942930656632659 0.13954277310009464
0.55202184536123522 0.45747290169336874
0.08944660831024065 0.74742510422149888
0.05148305680579585 0.63456378695522730
0.68211254130022203 0.35981660411174721
0.41688082768218276 0.31391579775108858
0.76642931542009374 0.22688620871227952
0.21206422150332829 0.35735191741731270
0.14824431136044189 0.94109206094506703
0.48087129231891201 0.80423602286332629
0.47425846522844928 0.08513441646450649
0.29095285064021331 0.77704611196385698
0.39196871576643566 0.57089749495791098
0.21286150472378099 0.34001363546209201
0.40852457088956445 0.71094930212456842
0.61940650142711884 0.05034366918574350
0.22525190908904252 0.24816185079147077
0.31720044184711094 0.76685792721297930
0.38244258004959447 0.85268781538536031
0.18734298640663669 0.58172863409616105
0.07862942417641568 0.71357757847697201
0.69486676462384322 0.51324404224073317
0.57400326963997461 0.81330352219560487
0.63788287461691262 0.41418296740032751
0.53863787247124473 0.32949538535102246
0.11751561219732586 0.58928628021959195
0.20232610023155836 0.54648121128392901
0.23396987381740550 0.57276635911464191
0.61680515163114358 0.56644776918860840
0.69951281860046355 0.72108600222840857
0.09542762848843891 0.53985661296401499
0.32226580148429396 0.17837947080484073
0.67457579236277077 0.78434085367694395
0.63626267125389568 0.37931422479167604
0.67021044803888308 0.05610104469169649
0.26091882267908401 0.36682299213323477
0.06619913645548969 0.87048381974639377
0.57081789593543919 0.11117721152866200
0.59909744662098108 0.42053238325547765
0.17273540343949295 0.73393405814648383
0.01917482552862667 0.65427536533331498
0.42510624237708622 0.86543180212595394
0.57160164312526773 0.87080399404157116
0.38601494920175206 0.35302063188492228
0.40073889659218476 0.64526805841713586
0.35738648705871595 0.38776719191992037
0.17554784762950398 0.95578373057922761
0.51460925207083408 0.06349427300814152
0.60787659816341888 0.63102500858659039
0.32866100489346090 0.16468646537972950
0.26193395152852550 0.92808677347908053
0.81422260102497257 0.14755925089333582
0.39777515494385440 0.84772867059715273
0.42064487047974897 0.79115440328234010
0.58543923286375765 0.76691680162732745
0.45163287284822318 0.74964844599905345
0.77777155960205724 0.11542418381637413
0.59644237441441728 0.05130198286804990
0.58222886828140430 0.60463294037707538
0.18284357062591963 0.52753928137043438
0.74021468009899927 0.45785320748549097
0.13524512296003163 0.52785758693697782
0.10573690364868549 0.88525966393336086
0.34411522272354395 0.33096345356248213
0.39252455328011981 0.66665670100946184
0.26295958590411417 0.21853720134370538
0.68982401558320150 0.08160280720560652
0.16836323120544586 0.35702281061014002
0.36928302576986927 0.87297872777866292
0.52256199560570449 0.23789050835247014
0.56905109085112471 0.47301703552473534
0.42097351726869098 0.48215850487157752
0.10452910282750057 0.78833958873823340
0.15562504561257617 0.25947733249156579
0.07755966969355357 0.82967877996453954
0.05338701463236659 0.82656685654375206
0.13730589110111807 0.50943828973449468
0.35155021487396620 0.33305430280825865
0.67034575287736398 0.76406131394224908
0.07619378000779593 0.89352977709685799
0.72891239407465791 0.72263211317209208
0.37196102956475002 0.23464879552442558
0.36323169331524613 0.86146618083758719
0.61779165870087305 0.25899237124725294
0.78115387060684371 0.27987286952521101
0.07806763079318171 0.83787950837830505
0.45289969598616903 0.28054193143880557
0.39903321580432050 0.10027053347328704
0.51510095039153592 0.16784838387266274
0.50032881975636423 0.64140886560071764
0.64367948502145766 0.06294391046762768
0.50099164952278796 0.37413990871419539
0.26048572579584106 0.18887940800555753
0.10342642738057833 0.37243139452665158
0.30397535602785475 0.27875530800983433
0.74127277092886157 0.06852501249117754
0.30410821296038726 0.37762814007718132
0.65496979136536704 0.36319658253925119
0.37891893719267111 0.20743540845808217
0.34892855599708811 0.47130388119923738
0.42647840348086319 0.44705532511565488
0.78961659451293031 0.32537626629036043
0.69831830828551655 0.19795123048236060
0.37325843419291904 0.17736328892691966
0.48245748747746819 0.84185217191455586
0.62628479833794271 0.57576854713061842
0.18864535450183023 0.79332510221905672
0.11280065942949656 0.90514031937842665
0.34078430270426180 0.34459313472771752
0.34352294908308989 0.78926151051902960
0.19052338997163765 0.40574190005698418
0.80920726004488708 0.28723987365959291
0.54271482218154632 0.40934356285245316
0.30901452212158814 0.93134233702160329
0.85279070177206306 0.24880447440055301
0.37332912135944180 0.09042084411046990
0.23705800814479000 0.85777342923755251
0.78193876077289615 0.38896870552584178
0.61325622812292302 0.13699180858598284
0.48423394962300603 0.86908545954205174
0.64158113079456636 0.29930362657221188
0.14763371311326243 0.75350417219233212
0.21073891834146719 0.80307487553788315
0.30250856607337140 0.30577763878273806
0.09278046405005122 0.51324072662703435
0.14596692740652445 0.63867881916606006
0.15039889441933207 0.25303522213859164
0.51959202651684855 0.20375973543379583
0.80182390593265118 0.35276599199930930
0.17552906470321300 0.84912400534553212
0.53482787892340622 0.19238433268359917
0.14613185448292368 0.49984979726544027
0.29464903585268853 0.92751636411511618
0.51841779824617373 0.08585679530215128
0.57967613433422371 0.22901539879680238
0.40937158292786202 0.09947407204387156
0.23068536637358422 0.56561521725312258
0.67319258466877863 0.69124609432874107
0.78077421768962241 0.48690623190632065
0.76407395781346865 0.60968705067623219
0.34556290376825977 0.25451918076342833
0.19765362255545765 0.30038663846511815
0.78610631328033620 0.51436180497193307
0.08994326304039900 0.78402381853932335
0.76324881012549506 0.49743911354313131
0.45960144680561860 0.10633429736857809
0.76844664433958410 0.05979861413022150
0.08187450598279417 0.41212081999681915
0.04995652087377101 0.52809930932420490
0.76627802344445217 0.48218298938621701
0.57018725745566323 0.09024521249920432
0.43617689834817852 0.85444760109162388
0.18525566412049391 0.75740868132930006
0.14533100709006133 0.43485648267346000
0.43766741956996352 0.53901506237580821
0.71438089054803844 0.20572773704740360
0.32219587257579929 0.91521616954124407
0.56479866631485909 0.06249984551776221
0.65887506543167162 0.07583755280927937
0.19841185392951463 0.57552962749278447
0.67200107753322802 0.50783827045676044
0.13739193006596637 0.40528933148756408
0.16602714476764574 0.92140538376630077
0.51364211352746680 0.82215338547981098
0.46900705419036132 0.32731731898460020
0.20320430467631048 0.66177836011311375
0.27136310967531968 0.78353973862139337
0.45902250662057215 0.37389195655535390
0.59853640212699855 0.06130924646427944
0.03412137452387273 0.81813149105422700
0.48802061198692992 0.88864683513044740
0.17670001148338060 0.31121828797039436
0.76940772292353365 0.28917749354986166
0.42222306357285649 0.14015872639153931
0.80806494066515244 0.47684485434474955
0.27065123713810846 0.16423963512395878
0.60048934005375854 0.30158992675423030
0.72370807801863135 0.21316332983973951
0.49035107140004930 0.79608066573065084
0.12065021336317683 0.88128121522506753
0.40410044783190963 0.43084008711336280
0.29738517218552446 0.32010761127887016
0.45285139859987278 0.53980011888476975
0.43900521996550812 0.50266775789839013
0.04962016237676602 0.50501491293499079
0.72790379859466869 0.09192871761956221
0.51990958095459239 0.45192785518649425
0.74162331120876845 0.60653024492125018
0.10074627659912198 0.85357091081554159
0.44251171293795372 0.06609226333945911
0.77449369966160120 0.46335654340649929
0.84709156048659362 0.22059063546988381
0.04986162367426759 0.68036011006839880
0.15774007964150000 0.30124870193154502
0.23355077943029731 0.22028088360169129
0.64523717364170352 0.70276658389374802
0.50036726946424348 0.04349357009950284
0.49710586868204215 0.67138379333419773
0.16073616706201788 0.53937538140275620
0.07529879468133198 0.38605955592870894
0.42093296281103093 0.84928635345123416
0.17063921159063988 0.81407140038544457
0.84264420444779486 0.31661867913960889
0.32334677287267893 0.11010179029132945
0.68645062698743453 0.66137852426352406
0.18758418401130350 0.36871797129987194
0.28284246426095216 0.86416212485398136
0.35255262489777561 0.13468150134174492
0.33322767246450657 0.28473634887545418
0.70706277408152618 0.32325666842441769
0.79470143849122910 0.29981572186329081
0.70966824388045868 0.42660312125821326
0.68037818821866014 0.24907036636465704
0.48094166725322851 0.31792806043791416
0.07032487819690672 0.54431619377544482
0.63674311386555071 0.39263463888111094
0.39982759005526891 0.43673505998375939
0.21811925597377471 0.55988264301052237
0.18680590945910580 0.42699589159067025
0.10551943699330919 0.74987534884942686
0.03509109975007763 0.74168004926587894
0.51503510574290479 0.15060998839543990
0.52115216515054419 0.38418698199471701
0.59992868282135725 0.59876965107026625
0.25463737974686718 0.54450229784442938
0.06024400657376333 0.57705401931222244
0.68583957638528170 0.40971663037623834
0.37268807094556089 0.62308125991048680
0.22069614573590396 0.43099738389768349
0.73521551611273805 0.58441853844572977
0.55778488901352541 0.39486903679519092
0.61644573102165523 0.15550926819204547
0.15048961874703257 0.71286258512566159
0.10707464993977617 0.65337678747247097
0.62234688012769257 0.39654217935757125
0.16002436971283887 0.66481328892548741
0.07141157886522348 0.81879262101448869
0.57081942030038380 0.58339691940673644
0.25035255241316379 0.31178063242648146
0.58785755499264636 0.03842876348753067
0.56498869614734004 0.39621211345136442
0.04109809322565067 0.62782668553660137
0.32792994043972429 0.40776950228404829
0.00352584171387765 0.62703587392984494
0.58003044084102329 0.68141370919453781
0.58063080817946811 0.49756987612673004
0.61321542302848198 0.40681084561203756
0.16287965633144497 0.36854592198272246
0.70341266969701710 0.04319497998478003
0.81997839921622229 0.39407391843134831
0.79443917243854900 0.44324912654679655
0.44532761114146380 0.44432888944762378
0.38380267645145516 0.32976401185803778
0.53930808982805567 0.50149726893032320
0.67935949737977386 0.52664821456418476
0.67780891322536063 0.25514290649703347
0.75394640025432746 0.39112441232865236
0.46385232569616219 0.05571321108969447
0.83379884556948547 0.40568570580422614
0.81085245622930979 0.32312772061111489
0.24080751649852983 0.88656934236475715
0.31556042991412020 0.13362910095765043
0.75760235556760991 0.53256758932969528
0.09699614681639193 0.47489448368858050
0.38909049873574514 0.84174217286923203
0.59978446413813358 0.22989192051988555
0.24246941734982330 0.92263688521550347
0.66665209059866148 0.43299502874664880
0.48395244449472063 0.68482162609400332
0.16400545295833122 0.96212826139243290
0.53466009862170660 0.82022487980493397
0.43523895615235464 0.42038744152842950
0.15629635997709951 0.81297955669836286
0.35890280160531129 0.11998905082594531
0.31810791956098361 0.37488268236208683
0.72025044540167082 0.58551528877614745
0.25673039977618728 0.28186095905601954
0.23276325256985486 0.25541057989150101
0.34258642206120660 0.93022274657881310
0.57930310636767446 0.06750279299637844
0.36995063760410424 0.56995576665016434
0.06264781757339916 0.64047188233957786
0.23314394018053736 0.64371164232389955
0.54583918213751437 0.58240899579805261
0.38789144477707821 0.41624015221237665
0.43716115444549403 0.20250525533981029
0.68477506230463769 0.02858889711389621
0.32984925516192737 0.33603518305885527
0.19057272821924401 0.47431606530068143
0.03375769307923210 0.61908869741429495
0.21792347428291281 0.35349930562244369
0.15517403179217798 0.56619746178400210
0.72093289793605253 0.40572851278691691
0.18966829884620892 0.85954720607059654
0.66342446035002267 0.04098811369009205
0.51839860576319918 0.55278263479629375
0.48857696328854899 0.87598661906841169
0.06665953492870638 0.58948581240932485
0.51351133517138314 0.47410509034989679
0.59373180797896286 0.41387701675175148
0.15723417369092249 0.45085462066201148
0.61163212867409722 0.44489147311117688
0.21417264471769182 0.50167677127970722
0.11153594721698615 0.85344748925729064
0.72330729441489960 0.43314330189441624
0.73466206643409182 0.52380629824382285
0.29210170190138113 0.39878189599814767
0.68041119333573097 0.49266484326101900
0.52003651260422401 0.50504986340084701
0.57442813115051783 0.20355588485938464
0.37147385414560624 0.46256231056763597
0.59034943407433904 0.18291608624362904
0.33187299728729386 0.12854937421206186
0.13985752511340971 0.33363375819004859
0.54601664257197358 0.81643020839588110
0.54445365461400819 0.65431415023649453
0.59253493226399201 0.45855313787794688
0.27483099812323114 0.92166205083273289
0.14405424378045711 0.29550085165601819
0.37103914121128961 0.59120587840608818
0.80989118412772843 0.31795967631319705
0.57363257233679088 0.69021358717166403
0.19854200702361163 0.75845082455468327
0.47767141843039046 0.28230498060995329
0.78963778894018100 0.41459155057783115
0.63481987042511767 0.07569465862289877
0.47763502875799840 0.75780412540403386
0.76941986610520463 0.47237093730632285
0.55528114227030489 0.30134832782088422
0.18930468485761176 0.39295505948377890
0.76016300470392306 0.21617460124668061
0.67567560292274509 0.27479800844902247
0.01357926748861055 0.64897879622258192
0.76861337506880067 0.45318299924627359
0.68738083793476978 0.30697195804868688
0.46810503116130925 0.15913413347269156
0.61241440641043021 0.25353238516997334
0.54880174969296858 0.40578574315857963
0.30344107007285842 0.19106330440245689
0.35910985774100446 0.30781217421455803
0.82706032877725655 0.25705533113006440
0.54591979154894443 0.49861593113962172
0.34987125824607845 0.45621382043065023
0.23803408511393678 0.97506919897528088
0.65222769853478990 0.66139350482825898
0.50284610204259639 0.14862467099748872
0.20465164918392528 0.53994101680831275
0.80614204331795969 0.19360536713121779
0.46856165360046742 0.53473672995967902
0.02452010761837363 0.68244077603250386
0.34468921226748289 0.85037586163553236
0.65312486852647633 0.06016957763365229
0.70944280949525595 0.53008882949223990
0.06991701165371110 0.53898498465444133
0.53975151611389927 0.68032359937817932
0.78795017333195938 0.19136128373349687
0.42303681681588573 0.23892248557285348
0.85321833354141252 0.19104012659278405
0.50240671926755831 0.80925991696358957
0.41944363119993355 0.68671496803947185
0.37580291135754618 0.36479535530826251
0.31329657050154119 0.62744557220987163
0.74210416135117563 0.49665064251980873
0.44780236392237049 0.45105188630265869
0.48084718718049763 0.91130776494792332
0.14739263446384737 0.68722801776300779
0.26484296148258124 0.17438157016850137
0.79209206845451285 0.24404789785815501
0.73522738723928649 0.25536441998367282
0.74642068255707339 0.23508277396152688
0.20694773897227514 0.72238172593761485
0.51290682968573642 0.69652954898066610
0.24609567924200274 0.36106705061251720
0.07390869949159121 0.42529000794602878
0.51140904485256666 0.24415746998195673
0.66170043540730428 0.58605476795496569
0.78868773304909634 0.46869951428880308
0.29474926960539949 0.50778317871435275
0.18332604120160823 0.27955685932083868
0.60283878703097649 0.57827771046922660
0.72350748855495950 0.52230517035659851
0.35340887996136039 0.26620853762623919
0.56597851848938907 0.36813549232799386
0.60391073399861295 0.42598206992360604
0.13976068585743762 0.28223848091290377
0.40878874000153115 0.35437242204511438
0.37774440497220768 0.25216355910227317
0.45135930833634802 0.64917027513226866
0.42359972154560660 0.65223212268867226
0.53237290501625023 0.32489747806192021
0.17126304040709575 0.45517431910962469
0.35192105028787607 0.43283737101838665
0.55680177332315406 0.61305761428484207
0.75879457959874463 0.62816156716864424
0.69596021221737125 0.05342297320224601
0.47093254076681457 0.09980872581826991
0.34866862251333897 0.46335256214476150
0.63574594818156538 0.39917222944892577
0.24819281597701448 0.42283871200507417
0.77967981251393093 0.44228731191505927
0.39017533410899036 0.50676489376292244
0.69605371848557507 0.05801420871673531
0.61331413030841098 0.52616129486400576
0.73997507800470597 0.64715453240122411
0.20873022615848127 0.31053193741046986
0.68428729135343913 0.77508192349223359
0.37980216067083944 0.23418752751129077
0.30052638625539463 0.49029111394979041
0.05124588396808108 0.69004149794798930
0.53101468826153864 0.69846982388305845
0.67920393162790960 0.10368442844762031
0.86359643022471511 0.24591821563349711
0.42122802166355972 0.70334096878198815
0.47786892474515491 0.29900367692892049
0.35945737042842402 0.48024843833268394
0.64339457925681176 0.04470929869069901
0.34164854533218697 0.79594172178320011
0.66817825631077443 0.30405179574858304
0.28639212050233087 0.75982426618259935
0.48525174951909400 0.57851783751280494
0.29152242727860866 0.82908707052852704
0.69645179014915615 0.02985061009632105
0.13179963478631657 0.62297858570968712
0.11055824658901882 0.42180579108569044
0.26437272712893167 0.35454434061628748
0.02348273436965300 0.73621885757588368
0.74407186341703413 0.48329592269441501
0.34678550684622184 0.22186544622688498
0.38893443291441626 0.18181728417420004
0.63824044948362124 0.49980590651315704
0.69768458158551183 0.64942913486173348
0.06944100354866023 0.80958569765805710
0.52194703267976938 0.68852508608493812
0.24593860806210610 0.71564387688484887
0.79514837794981441 0.49147304264068681
0.55658840668215404 0.06546213151760963
0.50701619697253986 0.77353100729181834
0.75758798429335383 0.16578799630363814
0.62236578540725507 0.04281981185771469
0.63278017820584231 0.07979995904993821
0.14867222686044429 0.96108951362807671
0.64172628679600630 0.72979163016105486
0.20125388803073663 0.29633169267108511
0.09155335997295468 0.79527866100575129
0.38588757972924731 0.34532784292334356
0.37951666116125971 0.25900541740359456
0.81997709918911788 0.33596356397930649
0.64628361197041873 0.23878622909800595
0.12408699668199952 0.63347008514059444
0.05239977668322100 0.76177392625288065
0.53976222102012783 0.67333251645449754
0.80170363582275117 0.37261844642360609
0.02106804964453000 0.62243807970526843
0.13359282724917088 0.47719299051614827
0.50522186308503292 0.80347036371692271
0.42071000242180190 0.63769914289850571
0.49999456730720271 0.85303736294905663
0.51487721839099831 0.83086107772774864
0.25988884590906269 0.26372026217401368
0.55605271857459815 0.24023960905454900
0.77215161426023082 0.33980890879910841
0.81502319221297881 0.52027358118470157
0.31771102583024685 0.14428507924356976
0.53646767034279119 0.12826619917359705
0.80184828842275524 0.15347862337914325
0.44993604912225349 0.62952234245006189
0.40945271568609254 0.06544637218501109
0.41485211186794879 0.69985827757788732
0.17757871764661323 0.40728269753084434
0.20711943437608230 0.20942094274143502
0.63721298573729623 0.65774986662151291
0.65747524862685491 0.25078305252459321
0.77816834916102950 0.49647159077820019
0.10520110573580473 0.59652613888173833
0.40364054624669149 0.91789872595727839
0.51658471096841607 0.41247530660092246
0.34023356283207784 0.51715754840861938
0.77277329643378967 0.11820296687281734
0.37299999730521971 0.21002216802387383
0.16155337805910536 0.55395411151168406
0.25021962293412003 0.25459326061003529
0.80486715909648465 0.36175324187999924
0.56661573854834169 0.41808364427972322
0.42435973794097415 0.05703486702664735
0.53048186680769993 0.10249737627764417
0.14309572553457808 0.52971603796343780
0.56535400895975629 0.86225786187832809
0.65567107462726693 0.75490825450901733
0.05375792099030559 0.85407389043009951
0.59801980963675860 0.64280361874217895
0.37005848002277952 0.92971089800939399
0.68284119504013752 0.12924418739843915
0.67254496524382934 0.20627067987824149
0.40529923311520272 0.37499522757833015
0.07663073509184747 0.46477380455836637
0.06695835640278856 0.45285764546294310
0.48856543215179660 0.54579896532251981
0.63022310218635791 0.34973128040275303
0.64689907351874376 0.36844607783797356
0.70631458721894624 0.72127390560253113
0.68115556925997511 0.70138424116038589
0.01933469300723096 0.55265909811923619
0.31062545997878033 0.25500108635816038
0.37015953693151499 0.63109653527510368
0.62611745534512409 0.28252685290839236
0.32851486223189719 0.09154239187871500
0.30602741831784364 0.38425250250792042
0.55517741739975857 0.77474631013418838
0.12716122442884051 0.42864772461977113
0.52418767444764425 0.70069647584063455
0.72265771515179678 0.19719785482454216
0.33155522829001316 0.82962063578853906
0.21360133128763001 0.55427247502281385
0.17743394509798399 0.83444882114717578
0.18112573930726514 0.64416512400225723
0.03779113272511580 0.55137321802599426
0.40893425286575136 0.36220465578303546
0.72658510374073271 0.46033573207177214
0.77106832819094628 0.14992079632584587
0.77771965962085043 0.08692652011779603
0.62601777904325384 0.80656128598636889
0.07214472329861368 0.60574327642771864
0.02152621273808921 0.58927702102970303
0.71043573828521567 0.57700612135560880
0.78704560582546024 0.55031608278958366
0.54201291967436138 0.16802409496495427
0.80442293852185964 0.30380352801410093
0.07623611056589841 0.47542392002956430
0.06758509399722862 0.59461729089363802
0.42114790799893459 0.93719212881265301
0.50045972629941060 0.16263976554570472
0.68559443880033466 0.29395727007990102
0.36729749475692119 0.61732079262770778
0.42292836406554257 0.62078209300639331
0.45337574975594980 0.37916800833589048
0.59201149232839168 0.16209517813734792
0.63199200602985728 0.54721367607444971
0.18544158154803911 0.44154881776309024
0.39371675404814388 0.87519615881177837
0.20907072337032903 0.54851116661786969
0.36064504937998954 0.62997213321849754
0.27950887892476328 0.78058828103447253
0.28512000091791107 0.40113357721969767
0.80390270698605493 0.30934840824990290
0.58263020669666321 0.20621475023641003
0.77160110174255947 0.52935079141470853
0.62542088142378560 0.31714554522997024
0.49725783068084622 0.41644189267820858
0.17956111279672374 0.28446146935828548
0.62296190601910817 0.29801233643825581
0.30365398930661108 0.25898461803152822
0.10044712183999578 0.55963634996586065
0.16127443227851879 0.33235803089031135
0.24767828699365690 0.67071984784617145
0.58410044787965287 0.26178176125180191
0.72825813874997647 0.30451766782526241
0.59975802292993929 0.72515677899577491
0.21766126458234297 0.45348271920830646
0.59416261163031081 0.06015752193798074
0.24595891234900871 0.49845756135947472
0.56865884990504034 0.14640644931334140
0.66790916447022697 0.51943395041674745
0.41080023503157453 0.12789928523803226
0.70255541537702737 0.22381268642980823
0.56000534973814942 0.15520935079249509
0.11849220150307621 0.50530206920584730
0.34419962367713342 0.47746165074452868
0.57440052096194905 0.62129576781256124
0.12697164174309736 0.51959249519024775
0.33213086959877319 0.95816882579238716
0.23313714731714583 0.19754673610780296
0.70870219208140639 0.67997859297425600
0.57114312460293792 0.54001247055978163
0.47598510955279577 0.30673596669316194
0.68689557912058841 0.69406165804462405
0.70923775717222515 0.12467649285304884
0.34025253186301435 0.57267240845932565
0.60352482511084471 0.15287787591773255
0.39052669674394874 0.36693893362947211
0.26356791937542423 0.59012680623482261
0.03749249552686235 0.73174520400510568
0.61733744084648257 0.41846622318861720
0.47043953174775077 0.23723786091955756
0.28591150637365287 0.45891190376667784
0.37227641709110149 0.11253613678539490
0.50296259250063258 0.86244735648818915
0.53702223341156774 0.05175192788840927
0.14826756494302162 0.56407925842009088
0.43642154973303088 0.48073524924469052
0.60739910258943464 0.20342155319563449
0.52651713628102603 0.79624993804106603
0.72605220035002105 0.61016604618277015
0.67478615110622309 0.10696187518226816
0.43153539253507062 0.84431488895467433
0.30796800833637478 0.34410261968956452
0.55494571618683020 0.06074182300495203
0.34494925803050641 0.33805458548322798
0.41445014141259745 0.11886118116364756
0.27562958034103041 0.16779211303590391
0.52957574099689408 0.13862316629980836
0.01899494635901058 0.51140981300936583
0.48872158354478767 0.41131539370928150
0.20856274895788490 0.27923149214451581
0.38237457068598435 0.63319940798460206
0.42239870409650576 0.87968857936512956
0.76175763654907747 0.33662667177476058
0.35754435934240369 0.23399738309345527
0.77829633743869431 0.47722505395199755
0.05339899308825295 0.83226600764737890
0.39765448101587436 0.65175676351665501
0.60611945859747740 0.59668902395051959
0.34167603597674184 0.50506211055160333
0.26712915898185324 0.21510114581095477
0.59956901150075526 0.61447633108093258
0.41838496826858912 0.17236482515570314
0.71006558794932373 0.28477383229902242
0.47823010323473947 0.59953693749239290
0.44248613121518438 0.70214023812550430
0.41491313023611465 0.64135056708447613
0.66119147831067748 0.03044283966747840
0.50778710848335107 0.40183755414801886
0.57387075981549984 0.15338391666081366
0.54459569168306954 0.28327221233057048
0.30056135042739551 0.90255104117907070
0.07245922164086935 0.57241689594532441
0.08679550642441806 0.79287924925017983
0.42007484895775943 0.34742096551277057
0.25795944671608584 0.22752141372503648
0.46055679213338746 0.63680468257841194
0.24489702909330152 0.48444141077313285
0.35052619947292396 0.23374731327610221
0.31096620403652175 0.87613482364737660
0.21976897950999152 0.21080322962698914
0.36090823317378051 0.36730570889003755
0.69951277670015788 0.05058764024459284
0.58488757598491581 0.27938558886500270
0.82257232579793182 0.25367469543966853
0.23093162587417146 0.67244008492628615
0.14805768016535387 0.61893723226407138
0.72979785403881248 0.56447648910959669
0.31266869336603098 0.38749431172623622
0.68790712270181376 0.74460459095489440
0.34120691191343838 0.38099559919762610
0.61269600973714344 0.73811475825907047
0.32599978398017454 0.51339990599217511
0.32133084646559845 0.41129655762909578
0.07836636088163158 0.92113013453059900
0.74809944969769071 0.10590465978039579
0.23784859993649607 0.49820265128460012
0.81259146011114958 0.45687882750680719
0.74318101170559936 0.13860348954305590
0.19851985164189404 0.27765122877255771
0.55641350049192961 0.65656569874530857
0.71503897445428655 0.48067241374406766
0.17743558807971080 0.87143913301463471
0.05643001476810691 0.63514015044912087
0.75314211068537651 0.46846240026377811
0.09044345455964767 0.41198346591628182
0.31752054577823818 0.31219961228617704
0.75323751764338798 0.17750305362255744
0.29794661574001485 0.16002639784294179
0.34989268904545529 0.89889489630454911
0.27818712289431347 0.41060601386489698
0.15105849533151169 0.55787800126438325
0.77724839087175024 0.25831303887944645
0.54454083283901733 0.44449866452326325
0.01878900264163094 0.62863685088167720
0.81301286245545057 0.12555346141839016
0.64156788346342997 0.69388279811213560
0.04783992620622742 0.64262453703539213
0.05562440596615806 0.83710379394221102
0.54932491682561546 0.25954096978897584
0.16854105297717170 0.74972220584733518
0.10450026621019420 0.48277009695605005
0.65756334582088116 0.76055680564890304
0.76530662313739717 0.21331832805100615
0.57372513901408195 0.34801225972988142
0.75808713749839962 0.52593287353618334
0.76633095730069012 0.20771263113919408
0.55243883756135070 0.59424699880199694
0.80103550466252527 0.33576051670808588
0.04103870793944665 0.53464537159987080
0.62218223523349181 0.75823395163793728
0.47014147008035589 0.05740718223312778
0.41935478108441360 0.15671909835927431
0.09145570567286787 0.48987934388355453
0.80695831311379584 0.15734491421570365
0.81090221483171143 0.11801835930725106
0.49925595885048513 0.03477567629443994
0.07766687590337773 0.40725919175436009
0.57915178485385588 0.64714672131310558
0.14774961200053854 0.75990885295803690
0.16556403823568042 0.85647918858539640
0.58650792584863032 0.15215020971225948
0.09872823099358084 0.83113398928102522
0.52927130398143174 0.64567853846725720
0.32914675164595042 0.43549952576991702
0.58118389761444000 0.11667711145375570
0.57161256504963909 0.12491314250611772
0.31659423466971220 0.72256704791021309
0.28782267323748639 0.30163857813227163
0.07865992961873113 0.79085846895731149
0.77003056497623013 0.30766398330249611
0.11745152689649907 0.44070186717866483
0.47763731570634743 0.48815795849171767
0.65890980217045803 0.17222496168359280
0.73915769931902608 0.20406210913135564
0.17838433741210877 0.58848872191629920
0.49609640336382921 0.14404004012398633
0.62864003393693602 0.38380626077315044
0.48978601989880655 0.24375692139585250
0.49894564789597351 0.43186904275428561
0.11793129650337757 0.72987446658021893
0.74585730798297134 0.63700871595430852
0.30099038155871966 0.36327354795439026
0.12773476251340735 0.82168284284468163
0.62121563919429512 0.63529893987313635
0.39424406553512242 0.64297854793345333
0.10229777020322797 0.45262832015585558
0.07657008952530957 0.76540527695385352
0.08402219479325722 0.88049495010386336
0.28867716410164562 0.64516273920003775
0.61595623365221519 0.80257624583418685
0.10004563364334340 0.54553669626288359
0.76758908658818259 0.29512881024769383
0.29944774830909809 0.12267045114295207
0.53182653361028320 0.12363061298435681
0.35304286318773492 0.60057160138161603
0.14535606023902853 0.68098086462998064
0.67968286170924785 0.09842840399023620
0.79556258786392009 0.32520724460334272
0.01167299537739625 0.66579903207479241
0.53880375080428045 0.06612866144040239
0.65620220748344660 0.57543803878774213
0.46643124774892197 0.64960843537376534
0.20336024278452944 0.55395866000524996
0.43850070582343198 0.11192130262220357
0.22311419559961329 0.44791905308346702
0.50052515473188230 0.09082644769909747
0.21240399768119334 0.64045958536900038
0.44649884650387817 0.89881878504499380
0.48397014006301498 0.78167219581600911
0.67641636968884900 0.34917814011664233
0.52020452713772569 0.56746360302970744
0.57857093120065350 0.53244763084741642
0.52277899800179806 0.16877657574232283
0.21352843538106314 0.90104600707885218
0.17785695908414881 0.53359103591965940
0.27955887797841122 0.39480316573308755
0.39592507303664443 0.91401155677161405
0.56360456013060467 0.64052571755069332
0.54827903272166445 0.84655393511121269
0.11663780028650789 0.84001614840187810
0.16902984298721105 0.28191083802656969
0.52736918453184845 0.67262624277063399
0.11563816494273441 0.83503885876193462
0.69857288989189736 0.24931052164331982
0.15904781134453955 0.61341942965570573
0.24507429386951041 0.19156630454027923
0.51447394720527362 0.51061717715402122
0.40845648812626867 0.21761735955857150
0.47596837003773873 0.76389014154981227
0.27212673974336671 0.48079227939707814
0.25302597888819767 0.68655019848766152
0.28555018191473674 0.79570784271878992
0.22736573313014163 0.37647368971008488
0.66037449034192952 0.06982896970977949
0.62633380433278563 0.79544571077345949
0.52247531456258900 0.12788365145003930
0.41404382583001742 0.78063987162362691
0.59478791156458388 0.55586146480377552
0.17498539963157700 0.40139007827214818
0.36460055561032928 0.83546651386914572
0.47328822063337078 0.08013982378969092
0.25589750826993224 0.53029119633868782
0.74492288238599891 0.56481843688883271
0.54907642202179685 0.69493546593010813
0.53671395396693466 0.41297428068302366
0.58073993741500329 0.19967360349411395
0.02413895510448280 0.78065260195969655
0.05869727550965161 0.70551441866563736
0.14426591376246869 0.38862417734938309
0.38815626264226560 0.14409764920220058
0.59178680314885856 0.68342153677624351
0.03655910906722869 0.67159313776262131
0.31940115887363235 0.97601929246298114
0.10514417369902951 0.55587253249861379
0.53356082845844122 0.68303558807906928
0.31956021849590754 0.94303538044529012
0.56991308395650364 0.46577499174349246
0.56453608437195379 0.09488779212679051
0.10963371784293909 0.60056414872490405
0.25018321510289993 0.44465240865286865
0.55232950310210105 0.58050916228666483
0.24207513627610472 0.75427854464378474
0.50159191858454744 0.40520345729644519
0.62516462814603557 0.41117314809669264
0.75214985377657417 0.07215463070004276
0.35528436563706117 0.90777190033377675
0.49490670823249860 0.46972578452906522
0.29185273328822370 0.84880633887553880
0.74752403840233217 0.60732997221552265
0.47081691439406181 0.30153808006800298
0.64361591312529309 0.54679489567751050
0.08720184431301989 0.89459727505796427
0.74356541584443270 0.59422964716664806
0.25856048731392539 0.97023559363737066
0.48643016330850636 0.86452001809963619
0.35715174699365715 0.41757348929408672
0.31088057979869055 0.70651470413456452
0.30827226794380103 0.66668207678975600
0.23836054243289925 0.24050659010987080
0.38962134023798084 0.08639590473489336
0.17409059355867784 0.22713543588889837
0.17759120091968006 0.24119833796545687
0.21265917758166927 0.21897663699506625
0.56389761470689026 0.55735634148278901
0.20449644069046402 0.24355005313958220
0.13191326237740500 0.63532611419225060
0.05909734716400249 0.88850799268178415
0.47220682234121608 0.74720223250214624
0.11183939498354749 0.58653176525005091
0.81069426939899147 0.40001235502428895
0.60593439693683404 0.51497261726763388
0.24666291341238153 0.18003390145534115
0.67927415159533222 0.24222532410983563
0.60118416189041857 0.70615925445818528
0.12320788365522140 0.93723652634357824
0.32226837231636296 0.33438424892115359
0.50855884424475861 0.08636608138385564
0.40197273556608420 0.12919459174827597
0.51973388930425679 0.10169212008572184
0.81861292345002057 0.11931633145981900
0.13916145156791473 0.63757388911513446
0.06883782346748718 0.64624227909775933
0.66467378485714645 0.16098753502670848
0.05579739936833537 0.71335161414290305
0.09354397186586248 0.75103829997996940
0.73495033584619474 0.11609440975575155
0.22234725013247533 0.79105092007998601
0.55729264921005139 0.84232595691550693
0.36460363336100937 0.73250687432368056
0.53442773130561350 0.63806307534564810
0.69726307468985615 0.32634853123182078
0.08666240922636038 0.78079201245485186
0.67984129076563693 0.53978352674751817
0.42310619606958844 0.10845644709893464
0.51062518055869599 0.60077007323362275
0.17940094012243835 0.25338665374012292
0.39165724716291084 0.09345340675163345
0.09114565240713092 0.49803667588439932
0.45818330161306275 0.07310586343578399
0.53920431053740248 0.82194011963459890
0.14923453103075973 0.77584048050353627
0.66250737584378794 0.43872721367803424
0.72573933976771920 0.54498678615251761
0.15383042714773298 0.34770084581143162
0.43696384727712889 0.10214290127642922
0.31734558756559739 0.44491749926448410
0.69852935322277909 0.10348965769033179
0.48742572157241310 0.37171961025182038
0.32700110867686216 0.11743917170193129
0.30441141305121699 0.77167497832226872
0.18783703223448256 0.67721263615181670
0.09926550044058539 0.43704228930401584
0.75017765364710765 0.37516508719845054
0.06605895365665450 0.75756248102095258
0.79905622673497756 0.41975370514135418
0.53245358048072045 0.53615682428191713
0.56363291207941357 0.84217952871006097
0.43236623890624604 0.29855369243039925
0.40100373421610819 0.53615043067370727
0.62838633501557251 0.16756680053675979
0.09096389464044699 0.35189516598821180
0.23973391443376513 0.47096220676500639
0.14186843546076572 0.92546651429066495
0.17850821275718545 0.29959589508555107
0.55822109962412814 0.41477257997709388
0.27271818664717384 0.93977378467920347
0.13255895957184455 0.65601756296078995
0.20687778875392929 0.22202635772125734
0.42312022653502118 0.47538826365571102
0.71666438360218032 0.48722270840075288
0.16956327452372044 0.89724156204280225
0.06790130400968880 0.68851961721947941
0.71137268172645374 0.19914288527438401
0.47458141642446033 0.15743601065602567
0.15872775315342727 0.42002500688876959
0.46548162324664938 0.49545857790100145
0.65299601004631247 0.64922614206451956
0.63662725933166553 0.69683577904884997
0.30283626943780800 0.21379528908373827
0.70575480068114183 0.47318593429943800
0.10378321856874476 0.42935656534914030
0.55451779617438490 0.21246591690491212
0.66492200923902445 0.25949096816755135
0.59804580627904114 0.28852981162589891
0.42959534300408575 0.51000591420467001
0.78982295528228030 0.50979571499241083
0.79644091027325170 0.15549504325447189
0.21285743245562208 0.58538000130266477
0.33171821571990256 0.54873856159266055
0.85687973319493760 0.36783015302673400
0.59512865927472569 0.78221792901574905
0.48745427860628038 0.84115046555580064
0.44022820221423592 0.14254279758960525
0.69480450803878580 0.03626723900819608
0.76133659595935499 0.14954809823379983
0.23464710694904012 0.20509350833485981
0.45676345724103012 0.09554736497282561
0.83703352472062154 0.40015133442291456
0.53550102031785185 0.07087093558183473
0.21360446109423031 0.48085266316481590
0.39944153754341966 0.25687230904385289
0.64164069222579290 0.37375461134864857
0.52235925789719695 0.79283648410649377
0.32718452461294006 0.85261711519706396
0.67058893257021979 0.50105301400577362
0.42832264306556062 0.73732409820607725
0.81932792839272006 0.48558333659795755
0.47547550987236958 0.38652088121743733
0.19329959355852275 0.71746372938149927
0.05300490947920328 0.55196894930535267
0.72350539129252256 0.08451026723031617
0.65271013891538254 0.33447682176217108
0.34104925794039109 0.44296990527847624
0.20314814733541689 0.30247608118161723
0.40381842283346070 0.56490266739159778
0.80417284301250624 0.28888117607259067
0.60531613992408895 0.61104998633659169
0.31729038351058031 0.23121518397580537
0.61796447170816904 0.34310371067907436
0.37586705102810658 0.92522345995936517
0.65574932585937340 0.03174780056959065
0.62395069111452428 0.37892126656381148
0.79644919796775671 0.47174217491248055
0.31488685526535332 0.67888756838174213
0.06601507130016895 0.84744503460806142
0.47264182971177154 0.82811736166953709
0.11938928501155058 0.48776274086447929
0.74055573354507320 0.55070733761302959
0.53780265746233358 0.78488713816595401
0.45565805441855095 0.87222596607491221
0.48419316861360956 0.46808451174600202
0.37180085470600405 0.65849307987763506
0.79171426089149743 0.17694467463251679
0.82195410202432773 0.26053025145825787
0.80754184732856660 0.33120446187043062
0.73352324695198978 0.61615666343393471
0.07691993488871698 0.60448205675958955
0.71353636106214080 0.62505322822469733
0.58954778298233090 0.33185637271883756
0.60831218041296775 0.58365016403391923
0.71984699539014729 0.64861429855777875
0.22908283641261243 0.30568837019198225
0.47169250085327502 0.49207772648070591
0.29695369530707622 0.13755603709263672
0.65317940658099671 0.04121781401624500
0.57742702214195762 0.30502034615186074
0.10101402350434768 0.81591234709472193
0.64831838359626781 0.63866282275558284
0.39551189335941417 0.38846877965696092
0.08392312488476245 0.64621661580343903
0.55377915027263580 0.73067201495430179
0.74460055828942129 0.16963164278858917
0.44130003665544720 0.76586366572408260
0.62534742430693224 0.05698641845576938
0.72014916929288675 0.53387995114564923
0.60739086188158731 0.76696785071279017
0.07841537985843963 0.51688745400870584
0.73596057695667927 0.34719521923033486
0.26913111414204971 0.18088167544422454
0.17072250715594350 0.67302475827154162
0.07431470011822426 0.44405174513904905
0.27761105806368691 0.72498783059175731
0.84382807054074882 0.40171343499827800
0.42417058626431237 0.15280589151407745
0.62665150700884842 0.77799698063246525
0.27499075780457788 0.55591929377101745
0.81372833374812237 0.36453984111511067
0.11781603337414835 0.78634351582702755
0.62805906486493512 0.04420917344533838
0.54343424419573794 0.12832317753309819
0.35900361082530385 0.16090029027745439
0.68070787007051203 0.30663805397945337
0.32785641748519551 0.87737555413605539
0.34940346239384223 0.16123157048489178
0.43741304322171948 0.86429951232068325
0.48916482277856682 0.87015555222020935
0.83551231480875154 0.34710005321974324
0.75787115706909502 0.49712792093077840
0.07539941176640746 0.69787614715457014
0.61962388414859382 0.12059641470866905
0.46869907504402014 0.29486102224799909
0.23382212037158104 0.39940577218244605
0.59816620664635567 0.65917399187213987
0.65615737553995668 0.53333170839274369
0.22506074402174037 0.20765638255752977
0.72077729466979179 0.46214575863926827
0.66356710563195187 0.14135427766743147
0.58400665455115996 0.28757506848850600
0.25027413659810943 0.27085653393076653
0.76598295558175999 0.16737749050076486
0.16780618933382915 0.42849213975065098
0.64318859534283301 0.38088113876854574
0.10394499810944328 0.46594399603744702
0.79108861015737264 0.50210364325553314
0.50258014134341089 0.84865360583341820
0.31685445464274931 0.14988988050537380
0.60799383902682369 0.32972634070152707
0.64838125864285701 0.12107591236115094
0.11363938545684588 0.89480913966769959
0.08566895016652416 0.86172378196209964
0.80548772933089052 0.29866511508736809
0.37662205127088449 0.84024702875962065
0.47940156091274777 0.77747390977743003
0.09883637195503421 0.73611169311862534
0.61128522034537947 0.49427038320139649
0.44545288726891691 0.36891418378866869
0.56628289524617148 0.79600702025412517
0.67604933849493687 0.62245050725108308
0.21834999246141382 0.88076673079894463
0.48919394862141524 0.85502525219157421
0.61074355914150469 0.71253063021028573
0.55575195019335599 0.10506745162621844
0.20638766036211989 0.95527508461551625
0.80283903174922855 0.43303890440874959
0.03672556602090931 0.69386093249728154
0.07954190382136229 0.51108316098410933
0.61599753351002862 0.17640504786852501
0.40393630112083007 0.16868643715268891
0.47013948269267825 0.32002897479866915
0.72830429976732725 0.10799490923271168
0.22086645979384964 0.40295611197468129
0.78038203918205773 0.13530892214006346
0.64874127119334490 0.74676509542425751
0.69241216587365395 0.40749534818018568
0.63283192958943968 0.33552679796951551
0.78115547153507536 0.59887603705217096
0.28100206826826879 0.83740420481114153
0.02588375239223406 0.66374145982649579
0.49001644240466397 0.75420576355309976
0.26765420013422270 0.54323886360404294
0.21397159234763702 0.84504266157672137
0.36805654442487062 0.37666977345840374
0.31573589005340841 0.73727490355311731
0.17634355666632145 0.82516166127067658
0.02984617238820864 0.73194615871730684
0.78603853063224571 0.42613823752770835
0.18722086610517905 0.77912991004410292
0.35600694945704559 0.17868348032022358
0.77844181166031023 0.56875589997797116
0.68396601019057546 0.28071965124734510
0.25733806072085902 0.27016404400860844
0.37068932250609749 0.80929491310574042
0.08474636292694609 0.58109085971873897
0.66748693904994727 0.59397588531201517
0.54461107553546673 0.09663587875723173
0.82514622555216910 0.17963738391176398
0.63375929703703793 0.45631596899166826
0.22157377606837908 0.30597790401706859
0.73913866221323321 0.27474364341313989
0.04453558855335229 0.72407751517036167
0.06442005335366080 0.72799788140588262
0.40365470997243214 0.13451994828728756
0.50049694365187880 0.91223743940100754
0.59567223625011645 0.63048240447283332
0.25694750487021956 0.92906601716276882
0.04094494049584978 0.78892932670291049
0.29605268147392877 0.16502715603135110
0.68051433893845625 0.06427316769324926
0.10772314076660425 0.70097256570977662
0.54974509122568249 0.66491754219782040
0.57260730661638570 0.37720195103921228
0.44195233229394593 0.09400559444423322
0.07956836687057155 0.45898130614039617
0.78389229824787610 0.06136815580849908
0.57816705042023131 0.69979023110956629
0.54889897258928488 0.45061404302852454
0.38812459654646542 0.81548432224403622
0.49417784158445627 0.39278532770510843
0.02786559233984846 0.62315247521888606
0.26873360256614770 0.84080324937744788
0.03695067420364576 0.54568430955045610
0.36881536820526950 0.84035691356713449
0.69167987743627946 0.21097512944390945
0.08333430563224140 0.85432831994654934
0.38772196443773671 0.36006278524792379
0.74035017641415346 0.19444021351143023
0.50150734049663781 0.23356238296277751
0.14103577554900928 0.28900798425307322
0.64501340391601258 0.24543572503128805
0.15831963121922699 0.47001842141922912
0.32313045893549280 0.80292445581670380
0.11496179781633156 0.79186277837701702
0.74157399469103491 0.10402727787009229
0.25358510860877015 0.22408701560467584
0.40008683991222749 0.93025875588705553
0.20177170521871265 0.90074737600690469
0.47089461255957377 0.37254243748255672
0.69842751521853097 0.33290756471614308
0.66280205357982902 0.11813853265869580
0.12547933210832685 0.37574230893042149
0.35426044516753086 0.18504558840747656
0.56109636035198929 0.19540740929490222
0.17886180093278542 0.45520324933275658
0.26608282573989644 0.86265833122683411
0.54818404032081003 0.22846499288283595
0.44427915614499269 0.84731771406745215
0.17065440707189511 0.74206107824163403
0.76727922383783786 0.20166546729533721
0.69012450379921264 0.31304458312765515
0.81373253396860745 0.14090714691573264
0.78252743831394322 0.51927474093011861
0.40086772049286762 0.17989888675415738
0.60032928994301682 0.50195310981778951
0.41116498524163186 0.86997000831520022
0.12229042724335785 0.84573699630764820
0.67975723881173422 0.41165388330502040
0.53144774994531074 0.06226469635363142
0.37664565928806643 0.56848499907508521
0.40203179864584948 0.70815119744017319
0.69799193506263446 0.21045040149788113
0.14024767456009812 0.30086939530392987
0.39176940312491665 0.10949120700333449
0.57968476096241617 0.54556648766245386
0.09634418379960827 0.84805032620607745
0.67199480914294241 0.43656898140441885
0.17685444378475423 0.72871038084582429
0.22543234323813391 0.91873753667067604
0.59040640356780472 0.71350897927902768
0.47403785985916985 0.61765857942206681
0.04542770311855112 0.82195047979469926
0.05184455347219967 0.79033139350313386
0.57595912895380619 0.07282062800803846
0.52334054010154563 0.29081072659943547
0.32156528630508913 0.92076343751383460
0.36465423226765198 0.12991880498544248
0.72371048203584742 0.17982227853933036
0.74577665638306423 0.32954981871633615
0.17015901076659382 0.34566144027580081
0.50343482934165618 0.07275019529794649
0.39831505338219320 0.26359601556738949
0.73839077443318879 0.39031897873450683
0.18771816527134241 0.30382629814114864
0.58633361930882866 0.36756572472451898
0.82682622327316857 0.21703553954276186
0.01881668304511065 0.69029046209695433
0.63124200250480378 0.73018565332032437
0.69754320451378493 0.08827811744969462
0.10430751466330460 0.90751827503441873
0.32916684832390686 0.74816408716356886
0.58570132252225493 0.45608675142415372
0.86596770255665201 0.27740725059232346
0.63894090714692053 0.72005775297134811
0.83252296860075503 0.36934707380644433
0.46173623647433376 0.85816766061774452
0.79688328490655336 0.58938710759665935
0.57166842078197999 0.78007192536406289
0.73985953912160984 0.62705866741796967
0.08601960765697753 0.70641859189115930
0.26755136262140100 0.78887277974483461
0.38629453966746352 0.60786486477755652
0.40605827880629636 0.17618164259360461
0.68868156982350592 0.37262004286971812
0.55176561913878774 0.17700201947645988
0.41822771350982174 0.10948989562332043
0.06626117693120409 0.58470614543497546
0.76219761719056345 0.43944931193362236
0.32037441386495075 0.18347729268203550
0.38555094039685944 0.84768716553703505
0.70388781044283200 0.56533858747247223
0.16137456540840397 0.32206906443387995
0.19629069349568257 0.93517336334656642
0.30462322458065427 0.97860003973656629
0.68301527511447357 0.35289571300493638
0.67639800956642016 0.12140027484289397
0.59463530648703589 0.75046290752017830
0.54661527589901449 0.04784514293073101
0.18535920053498978 0.87029970298749482
0.17086272889925649 0.37768732959727197
0.47563067964270123 0.29226257808827255
0.09852823815378681 0.38815869099957906
0.39588607948105464 0.32246482529388065
0.44246463765198335 0.77956030576812774
0.30702192058638983 0.19457013788003713
0.75955364738315123 0.39625874347867684
0.79906788972245002 0.19504850533346638
0.52765287116951654 0.82560173327750341
0.76712645056406503 0.37943174678729424
0.24785600829047033 0.22675222386013386
0.63972765520266217 0.30590284414313518
0.63049212154516088 0.76195431550335768
0.06977931690828870 0.85953255972373976
0.48221596896262992 0.65760341467875905
0.44714813785631313 0.33690236886879338
0.51168788269152399 0.12040396515726871
0.81459231522689590 0.31568084793304807
0.32794537387562478 0.21383110626373239
0.14787852748646546 0.60536125460151247
0.69245081499568761 0.69273338030195997
0.05039652565056913 0.57320045303813472
0.54759217651009984 0.71577387065171538
0.43793497919021102 0.17401053545011044
0.67931978953925287 0.09348783123070341
0.36269756884502169 0.91146972098235346
0.12419997375677561 0.40118409479945294
0.29398729705815368 0.86757618283259275
0.27078268837380731 0.27902951102732637
0.09427431848467645 0.44565653672253075
0.57750893507957679 0.08177924105601547
0.80722239195087619 0.39257555779926545
0.17930230380482717 0.85413280011277903
0.62539440351806597 0.61888902898842069
0.75899004389679714 0.50222484157051339
0.15611635687324427 0.90007639611446877
0.77019422135022686 0.44716549959121038
0.69496476699848730 0.43150199416545382
0.07153915799723219 0.71976845660676758
0.24342544139471817 0.55356960334014160
0.42005674367972290 0.91529866333763898
0.14537504387043482 0.34313240569930897
0.63716797624241006 0.76601313173539221
0.54912351968062290 0.11711502835281896
0.27868034096267835 0.83117673650801704
0.55759925171578018 0.76500169636107329
0.55387324614189781 0.76946443849059332
0.11192110812971512 0.53638427103928132
0.30318402780137982 0.13649126565866521
0.05388553688929450 0.75204549447158486
0.71311506295046212 0.40579454143191107
0.58227864229549764 0.31091825126029682
0.58549099925469994 0.08374278923782269
0.08146824691829917 0.38288186460423967
0.81643541222582117 0.32614838488982595
0.41549377504803314 0.53707295812194045
0.83621173462821252 0.30161051823865337
0.39000901107857272 0.30288807638271592
0.59245560259952845 0.51671473965737713
0.43227870203806346 0.69333117569802294
0.57449184494685113 0.31191632700205707
0.61696377289963678 0.18393281700673000
0.18966204921596991 0.91209652677275899
0.72745497921790359 0.42857072252022094
0.65904005404671406 0.35811741591556195
0.06737816182946747 0.64101910068563761
0.37699249931862117 0.16045759303673934
0.25929050430449146 0.61867804855844377
0.55855401000246840 0.57698754976596345
0.17535573333485460 0.74691207148361227
0.55361149734097337 0.06896209311555093
0.15062286978310122 0.36268195967798189
0.14316991062615117 0.77155306850364624
0.29446756214341296 0.97124029320024852
0.15017072089191402 0.32265749924625675
0.40226180974774178 0.79309723440010316
0.57081376597758193 0.53343567879030107
0.04569380200681718 0.77364539059270077
0.59074318379101043 0.81405272411368934
0.07390539897124457 0.36996074684334973
0.31801264324151596 0.64796132091352121
0.39810494453889433 0.18929286546832799
0.71412788112283432 0.35996900520397468
0.52074019600272758 0.72014438779831746
0.25889739897606151 0.30317984176589124
0.70903725579229582 0.23135168535944564
0.41682782059218559 0.50423921443274933
0.56019366364879353 0.46266899975566739
0.69577337072704837 0.07879689577696687
0.29951389963888070 0.35606133704863535
0.34114642584148158 0.15075361348969238
0.75196847791879129 0.59804511348867817
0.45688140835268987 0.87694865539533617
0.48144851585562032 0.07816144723559061
0.52697329951708549 0.83517843708860040
0.29397257098716528 0.44547780935350934
0.57609454470394572 0.59470557574696226
0.53250021821555804 0.51332804564340184
0.79307436121718544 0.25475801043820984
0.10762011901884505 0.62506536698990800
0.74425690431094293 0.07783341469382797
0.09397218327835394 0.86470919044196926
0.23648195619558177 0.46476831812965647
0.22494934075338660 0.78299308468595941
0.68817907434340186 0.06332403846383029
0.16553079963306763 0.47322715669131693
0.74669985684718831 0.39995209634837497
0.76610154576301248 0.30105701167161047
0.47784666835177908 0.88112803194074973
0.06155859703819622 0.69830679447055355
0.75248370393089548 0.48052141415229294
0.55537629040516190 0.81742552910745936
0.51142563089751958 0.70770204101352485
0.57677883132511032 0.46688520399474076
0.20439021826981876 0.98145115182011133
0.22223162454204856 0.85212085353128586
0.75518062035722333 0.27712858134902968
0.64980176527668398 0.70509572928768816
0.09414805642281081 0.79893095889041932
0.48718559511766779 0.03730977756090748
0.21854584005662375 0.78427527680336906
0.60747028710396178 0.22537438672082102
0.29989928050228293 0.62764645003171260
0.31060118385317087 0.11613869422983400
0.59764680050554075 0.40007588508252406
0.22912117631492310 0.49754218173292708
0.05605988136368684 0.84880325360071573
0.81152751279871471 0.42080743858642733
0.57367055243858855 0.61481855287589449
0.17251725163049997 0.58216477173861103
0.38500996376853791 0.62556513884762921
0.69947570680970772 0.37844359724158577
0.66049031352380039 0.54386545246617823
0.74160543920431432 0.31739087125913434
0.16329621317315082 0.78915222945232932
0.53603519785603293 0.63138960890446971
0.23083018423612667 0.48312002258505216
0.21218230315169548 0.68887637431416571
0.76559304417261720 0.36919588334158332
0.40286894461752731 0.07853027363625542
0.45806097258884459 0.08206654022672116
0.77246092431377533 0.09071153161764925
0.60464544539389364 0.60381296044211741
0.71384103879862959 0.55073480469049796
0.71434495066316694 0.03481359789183546
0.43375671444288938 0.45866716380311218
0.05967941873086042 0.67330393397704080
0.41951606257082918 0.83660611678123953
0.44895174454437520 0.66250659507435261
0.42286920326530258 0.07388887699795557
0.74894367012493956 0.59337932026327378
0.71327646898221775 0.05597858289149855
0.58475265108812591 0.81172676913680797
0.64846344174925374 0.30072578393856431
0.10280338460949502 0.72254132117187531
0.19312732502455374 0.92029618868379259
0.25590127351610475 0.20672789237564809
0.18582588508293346 0.84365206502518852
0.62370697572272971 0.81325878884902714
0.59016756992756980 0.47207623745349064
0.41404514720693764 0.13218350252380184
0.70446274064546210 0.21093857399697391
0.34972384039475335 0.20378270266477552
0.51783170244098864 0.15652009924309676
0.37601561547366663 0.70003461359427632
0.50772424368770575 0.18994434239619407
0.21885844549830041 0.72940031455516541
0.08149412499954767 0.64149182089158563
0.39242283504711528 0.15188550274826909
0.04867118402672423 0.64723966078794759
0.44750523315206747 0.22622582315680909
0.07945820538333238 0.47935248738686259
0.73295616164539890 0.17611333464455334
0.59124233875322874 0.44304404461388491
0.62939545846425426 0.60849430592108433
0.32784774389965760 0.46486844163825747
0.54529148199501931 0.05789802815512071
0.62687716157003304 0.73961981759796669
0.05982214715963612 0.71004628661632596
0.22186214990477354 0.43864971169239203
0.34714883244133626 0.14327867303177566
0.49553489093567532 0.08978182698483396
0.38791972082598281 0.71688054947704916
0.34551852049009951 0.94767105402379870
0.09589641560338805 0.60551998026773357
0.15818552754324378 0.39860540267084738
0.19619376992217996 0.44030917569427858
0.72823611393655718 0.40323549015829724
0.33633606023404772 0.80835653828991716
0.44374159535839663 0.17033015362029971
0.37945458473263560 0.06729041443411278
0.62044039266432771 0.55082921972988996
0.09485961594017805 0.87332219346091022
0.65627105243226691 0.60154617169443925
0.48220005118198106 0.55057991312146148
0.73515633664571745 0.07929311893795681
0.77906203030666532 0.44820034559834382
0.69417056079702233 0.62990219748328280
0.35808850162023509 0.87167293664897028
0.34797961711729675 0.88967360570867438
0.58690160691562021 0.22411516775591098
0.37421106643971724 0.07600320607500742
0.69814985738182589 0.18121141949355041
0.37684075096016217 0.93120068222822727
0.03662506583099231 0.84239139884566205
0.71376019125316659 0.34674453409516803
0.76530587358086410 0.25680570604679476
0.43823225941641852 0.36602430407003933
0.58197903582420074 0.32383816511533636
0.32360561754477246 0.47222853963862210
0.23178369119296935 0.59124812313131681
0.74423459055107011 0.58948618391470131
0.13151444882181568 0.87400127378437287
0.05669377393768365 0.66298992603111273
0.46299104783829625 0.12217903270703631
0.78195357908957708 0.52902345980894272
0.72412302602321810 0.13314963543605957
0.35702135265625612 0.70029314014190502
0.44593932790955715 0.76085572128195689
0.62785857481867480 0.68859985161775228
0.10632882742408012 0.42530516539970442
0.21507189344091596 0.69539386986665042
0.47270040161190485 0.17827046246861453
0.50654982757467915 0.50053846305950234
0.57216780882347817 0.78640836034118289
0.04906782210545853 0.85029558018709051
0.47525523194027058 0.82269682925591570
0.61202316616709806 0.24622527122877097
0.63166058750647769 0.21596631869836580
0.17750597033357982 0.50797276496295729
0.67642473960148319 0.35649326052502828
0.05084819356029272 0.68507084391963269
0.65460606877774274 0.19971922369348757
0.38301934005446892 0.36666320000967956
0.09929106574161416 0.92294464573957591
0.59559237786360408 0.64921323023567201
0.70401809120645409 0.12830611114214341
0.19347646573642752 0.27712512029712683
0.71705338623158776 0.08150831157753229
0.09057558263100141 0.85959764193992949
0.29600906466268961 0.17734670513648509
0.57253879521750473 0.50729629564127710
0.62947753284692387 0.51240651703638584
0.74759055084850001 0.25422708917482806
0.07053086072243475 0.90016675173008798
0.74849477368752471 0.15429793286285329
0.43039370568141982 0.74405494814681472
0.02824382986769438 0.61745797610288555
0.60102486456539039 0.22269798909744895
0.70362728944860098 0.41419601064775668
0.76408590734211124 0.40893632983889722
0.81078972707310204 0.38904846655100034
0.54390935607385005 0.78542224541676575
0.08213680668745955 0.71018132165401704
0.52870572951739903 0.08468081418871475
0.08562440338980880 0.86623444076299971
0.75414984634922344 0.59333843274045805
0.64573009435479323 0.05411829265026457
0.25433126453476090 0.59250609935394172
0.54024895621783908 0.52509979114092331
0.05102605082049959 0.82099005326458141
0.10796467400699193 0.90357889973462369
0.14490119626695722 0.76560472075625685
0.56193554186268413 0.33937195435882400
0.20746813444668460 0.33570414787040448
0.07626248969623074 0.56405297461609050
0.45087631841270048 0.55627810135790634
0.08514598470362127 0.73396787484858583
0.15237797759816465 0.30624561925335475
0.42746588596461027 0.24473062391278949
0.65323167714365538 0.10410404580716143
0.32389903159723860 0.31536717418480392
0.12402839288538633 0.89366645877298989
0.48168034787619274 0.38297503209810491
0.52356063799104224 0.71350934500704055
0.42615001391806789 0.13043463428966148
0.53519657439677970 0.28160251668867203
0.06730456955250269 0.88695395542116140
0.32049080215180920 0.88546015995033878
0.58379407050015897 0.76186669748825997
0.39392018957096198 0.17691557525723964
0.28363972573696900 0.69399535010297686
0.13849320822140676 0.92934279807979292
0.39686754633550431 0.59756545138296802
0.75444041839818465 0.50622210680792845
0.78596136578385711 0.17891916212382955
0.74852936434825179 0.18678714273540023
0.69055739933202487 0.64531217131418850
0.72178108074016800 0.23171823665260902
0.71694545956714029 0.06405429203297734
0.65489731615889968 0.70122534694775218
0.76260754100951034 0.56265758588246129
0.60386764237077961 0.39715160550396178
0.58719933878923181 0.57053715910047798
0.68704132020333952 0.49111632763462698
0.55041699738581651 0.12810818039163624
0.42867717244423431 0.13856055047458013
0.39282592104489145 0.89912711714174676
0.21909168007093044 0.20450935108171717
0.13598542908359701 0.91821891863824290
0.01282530058216305 0.62434106780046283
0.34142983801896781 0.62141744825318224
0.12478650588965662 0.50608965593565425
0.30657547540373242 0.61360894386094766
0.73338868421197267 0.59407561853663260
0.64212269630382046 0.67383610339569655
0.40942554686650617 0.73964885556648741
0.40368240639556419 0.30640938219242358
0.52503505108535453 0.54877966007709256
0.04667641641740190 0.65733121448977483
0.36082890074830942 0.10554283636833282
0.13385306223087695 0.82223514896901151
0.58519745803677359 0.38355780386165250
0.71630222651610775 0.53857898277195060
0.75730471902803775 0.42600532425909848
0.67351813482133649 0.68631655519944468
0.29042608148639937 0.89764857658525554
0.74424751459976135 0.16395688321868071
0.68789985595855008 0.27024863065192578
0.11360045536934907 0.45204817348989373
0.59587604102732605 0.42716534077500296
0.12305051058736488 0.34746154885240771
0.21421682257589419 0.41547550346011747
0.68770735110097403 0.14070067944540315
0.07913619027801606 0.44861442972170046
0.05122661479757122 0.88440721889490115
0.40271728837950510 0.57726198407117590
0.69392599458554793 0.55741448040135022
0.73335017375276557 0.05700673816009550
0.70892616197751845 0.06850192789941370
0.03159146547833130 0.65125754519439349
0.44103606526297073 0.24727903086597922
0.30415624961972687 0.15823044364004055
0.28070961152177226 0.46454416868851051
0.78832484868270081 0.56053737237820256
0.24442229717121358 0.86103958516787305
0.17890623919456561 0.44259363742571167
0.47634359160535755 0.48050878384349827
0.74929944268637005 0.53923083771878277
0.10221841196851465 0.86672016138614527
0.39959001466349175 0.32826158816372453
0.33189083830513949 0.44290443858227618
0.73288476665154989 0.15882819834694561
0.45985638882203211 0.22744294835340351
0.03650647738178064 0.63556324500354411
0.39381593900838707 0.35642603642682535
0.21274661326787414 0.85640780724010968
0.31179412239362025 0.32415669084140664
0.63195069309236895 0.31453809015130269
0.23939868675376111 0.70283823101934184
0.35187484259243912 0.72663600794840444
0.62473563915039265 0.78359670648838631
0.41242189757468739 0.33239342276449874
0.28691596343931758 0.17143053314816037
0.22114980328672029 0.93685643258770634
0.08197921457819221 0.56101122093115341
0.08300246077204378 0.78942164963663120
0.29497875723397182 0.49970073115422664
0.64473294304729278 0.14016159895100722
0.10418932375338570 0.65907364846656702
0.63849651483351899 0.24957606923193240
0.50830034570518878 0.50774096554984216
0.80153918126286938 0.42451444870430766
0.46817971484080240 0.24499898420486579
0.81262841660560192 0.45157228094317126
0.35851593218675232 0.22766016295048180
0.47153320073249394 0.20865190272029382
0.29488823482896903 0.36764563680886103
0.72878600642180924 0.54948755304991359
0.25203275976536771 0.48385466269105276
0.38062137793601059 0.29055276142653580
0.67334853982570120 0.59462528090133659
0.53862819277995344 0.08443284517622686
0.65775732820348354 0.71887522674136572
0.55459257142235308 0.69802760073581049
0.13308383259079373 0.69442977555826202
0.67015503669765997 0.09745425366102656
0.17773565706310052 0.30556299658896469
0.82049618606134134 0.33027343747535876
0.12053181961921834 0.82535066255981959
0.57903559975208263 0.81037592842906037
0.61442735412486371 0.39940144350372703
0.77168529789066398 0.36306640430464282
0.45930403556031646 0.11177229353366371
0.48026414439582360 0.64433628256306053
0.52908503111697569 0.84035492930433553
0.23249333160911140 0.22574110758430246
0.24136950364888216 0.41927736423243772
0.18971742444223325 0.61697342797751875
0.42664778527744734 0.22483394857592837
0.23587229272938190 0.28206467422873455
0.51940053487849724 0.68258624991916628
0.43005847143040077 0.66536068510345592
0.15248664017638799 0.38210365523473022
0.07695078403134055 0.48367752519471363
0.22911435654933746 0.53922926519432646
0.43369615724163191 0.51673009810724890
0.21865224017372870 0.21628941857360576
0.30415142812126494 0.59780256264992337
0.06904571408937975 0.53321416552543421
0.85811677586028312 0.32215725164316722
0.72446333420291331 0.18573170037027534
0.45097781727057884 0.53313757719058330
0.09789278792336215 0.77840370724928676
0.44663306700865246 0.09636987055926062
0.73670789435621808 0.22134190914188712
0.03044997091951675 0.74493238098550529
0.34933013871037677 0.86157572966853579
0.22112245312473272 0.62175506747948173
0.45234721985829451 0.37134534211594411
0.21510419828022270 0.68012737375171606
0.65237355543090547 0.05060772905744828
0.76148577175154819 0.45402225416224223
0.11512359437902497 0.66954376264032034
0.56014890078764557 0.23398624980458119
0.61692639694336027 0.75959950207582960
0.28154972197470596 0.73879696032022901
0.07891074315680473 0.74233231698473590
0.48838661782416520 0.88217979528335755
0.63078389425201342 0.44328945148915927
0.14522605297406235 0.93655771323451009
0.82077036301641493 0.43052684465377100
0.11858657533994925 0.84913087887140004
0.83292062270358735 0.29495086805915943
0.51722087187560783 0.42017719107563584
0.47980248847741541 0.72342046627500101
0.13154663319827803 0.48758757762469512
0.57289733900483297 0.08113814188950863
0.35496216373947170 0.13002059745843164
0.78510865540024610 0.21639366758656695
0.53940752341796783 0.03848260057297385
0.62237781021127936 0.51128940624354713
0.13742561031006265 0.73838288587085310
0.76658997605047030 0.05098426221735301
0.11750565660313098 0.44640679663218080
0.49554681711011028 0.31629433137282337
0.64876458620259869 0.05938676651640987
0.04345600619016788 0.55245030428086661
0.43055550739063697 0.87417026790294339
0.08031839806731836 0.63046464945376335
0.78843717974516236 0.43053975384146964
0.77297831334875977 0.18766338072848879
0.39271186782474005 0.14654722738557793
0.66955953909590560 0.17965688198623306
0.11824422882291966 0.56867132255468111
0.64082443229704633 0.72511057070079310
0.78673580021337097 0.22752160681884259
0.54166813169663253 0.19432884085736316
0.32555339268005468 0.96413005901409154
0.36830564535641669 0.16110388289017366
0.05184256324974403 0.66538632534040343
0.48121845315766820 0.09772033020886313
0.06881057284997885 0.76672946915619655
0.45082036519768814 0.10323542408579790
0.15821962756680349 0.67492268453203152
0.79962560077030187 0.20699851208835565
0.03551067930028700 0.71283912461003696
0.17773977039568803 0.49658824591149253
0.36937112741053640 0.45516102889784926
0.22710696177784509 0.70997176783558757
0.16366869313788066 0.79542201276800295
0.13660949884224990 0.41088428721453307
0.70362507240049188 0.28399597681606514
0.36690212593503713 0.87839747656826117
0.23290783460977624 0.87704582653800756
0.18818975322129525 0.91736604627185003
0.50309184251992167 0.77787053405310036
0.52038668289842038 0.49751390878962221
0.75138194150353055 0.27242756927265299
0.60391131803354925 0.44910182407626736
0.61635121226956158 0.76993965639815853
0.56469611982105816 0.57250435498715102
0.06021599170618309 0.87340726021716097
0.17325463184640530 0.92216409868084259
0.16736222767516981 0.86549538335077503
0.63131052064492610 0.67441406204225751
0.33719443303855612 0.44919561159872728
0.25138692956377778 0.46132587088198052
0.03136948194487028 0.75148122179430010
0.63911897158876818 0.23544582530016300
0.53845415270262897 0.36807614003802602
0.37582192778457885 0.10779900463886437
0.15639531815575336 0.71758740546984823
0.76292503447867854 0.08025005101594231
0.08811160237156261 0.35940439381290556
0.35192463670273599 0.14488980227033613
0.29000677963469962 0.56306985694513523
0.63726077823505956 0.08005454177192690
0.33150869918659287 0.63440387676004539
0.47057713807195606 0.13886860361354197
0.26251527326478286 0.42697151208819850
0.47954059261743243 0.18413327406932126
0.27521984925871879 0.14393625685360029
0.70522596336338306 0.25034894034240651
0.35858923279449562 0.93976682351099172
0.74415907973312834 0.68505952520964142
0.39326587057119844 0.51381209524043026
0.33137635167685198 0.14979214407531763
0.08320631099297805 0.53123147188553943
0.45520467393762393 0.56179436069803479
0.06181653374796544 0.58791128547579852
0.40912210439430879 0.63647598188758392
0.52852486556506495 0.39389288856989790
0.61276094790962288 0.70711081527420194
0.27394548648628375 0.79241899961145901
0.37295618339004444 0.12376868687044847
0.70039087423764690 0.58353066680841836
0.60269713401061176 0.08286819153744070
0.37767063228730691 0.18840065160881214
0.59988626898402930 0.54818501403711217
0.34880851498225224 0.27235496983691099
0.54353267505908387 0.08398564002933830
0.39765461368288157 0.88490691021043288
0.61599655882607385 0.77580229878335216
0.14616916901840507 0.82091300994682948
0.52093199837109738 0.51306168109540029
0.06929511003462238 0.69311526507867982
0.17350400572767033 0.41719332716464791
0.16290722633418758 0.60777522941051043
0.58398756955944953 0.30219953361032315
0.26439161592755384 0.57228547520275508
0.52670369268882278 0.50937421149864570
0.81672094660690309 0.51337042406942490
0.63175645962376126 0.32161758129401785
0.11712821090121887 0.88792032837772272
0.52391625786530227 0.59060270553509753
0.33658761203591536 0.93283549633667595
0.33740786040216636 0.23544961774963830
0.06519043028832119 0.83460271451089152
0.46377308009718199 0.92033714213178042
0.78766588483031030 0.25382736901634473
0.59401059474809426 0.11429687469963870
0.73112442839909231 0.28520897373781379
0.44990776004628680 0.57371039389819567
0.19626275502801235 0.84921283149950622
0.69076095228848033 0.70288290661960362
0.29945569747361395 0.61226034970236065
0.07157804251319190 0.59041973911709189
0.08663161898847323 0.82795801489385623
0.79716928349985461 0.35013690649774315
0.03540842882289135 0.79055836810391433
0.28154212995294836 0.23028099871464702
0.47834311559045578 0.04009985503413661
0.62579826820891682 0.54531057188625909
0.62043200051933933 0.77326706971166326
0.09902464669674875 0.43179117707776282
0.79588170727103047 0.59796143143516112
0.37148144657650944 0.79571565482531681
0.32905957720517620 0.69688017383448031
0.32441940175115946 0.71967427638984738
0.37660071029656239 0.70826477075959982
0.72526934346058458 0.21947492605761101
0.49642330020227449 0.15025987945180322
0.12380466870770035 0.68384594807293586
0.22407138123435161 0.88316542983033564
0.11975484991745268 0.42084325749811524
0.06917373216344766 0.73007212002149358
0.35189349957867061 0.90357680970257137
0.55087797204627353 0.84143873717649609
0.53079715185087084 0.74640413282164197
0.04711394434708083 0.51694937760233184
0.61688341409290726 0.07246670029125805
0.35889089809592922 0.33449418978534678
0.32237091890323583 0.69803290939614437
0.45822010863814727 0.35890089622977894
0.63720867369239620 0.59228049343184208
0.36785889009031236 0.22224592353624822
0.41585392394903198 0.35447917271518808
0.31565583211830839 0.90159459557609800
0.77343195824116973 0.65493104511253830
0.20104001867146659 0.94483091358268123
0.68201103970968635 0.62151151434524976
0.76654796304109185 0.52941877861477193
0.04782010064084411 0.67366478675637809
0.14367097899513079 0.87617180827743157
0.04251596370533192 0.61332410213552468
0.73875333161665158 0.41436691465634418
0.24147823379686192 0.78748203619330115
0.21776673014486964 0.64534178304229439
0.36276665279980597 0.81213143707866631
0.81247804916752131 0.35609861768852102
0.52657176537340988 0.85587671694043388
0.26677984589231102 0.20960144617917609
0.10366385590842596 0.66557550763209461
0.19130978950915872 0.26582639798487950
0.44628350391865967 0.32573118026211684
0.46098265024855206 0.16323768887742199
0.28322318117997108 0.13220744126795977
0.49907514899954264 0.34056842552388444
0.21268686129355979 0.61931534562185619
0.06138312560536149 0.63594760630580671
0.19748408561050992 0.34294931751728003
0.22620810848911707 0.38323648278759070
0.26010109047370916 0.80497054654026345
0.34627289376275239 0.21041160468011305
0.64621370964809555 0.17615918323126759
0.46105721503999803 0.84175508320436143
0.74925965574023401 0.48515102783927067
0.47353087382717857 0.39799334930929653
0.10416853793923596 0.84357151350422266
0.45463190309021856 0.81042861040936753
0.55225607116967035 0.78870006809260362
0.72121125529482799 0.20695286824971132
0.78985142149969978 0.21334520723511002
0.57033464138216439 0.81778054987987825
0.23810721529267109 0.56707406790178128
0.63999345521049389 0.13400036718642871
0.50652645737569102 0.72066912083295653
0.69131197482002460 0.52453440246375216
0.74825567937336468 0.24822430826227995
0.35798822057609803 0.93370335228208501
0.69361592049863197 0.25486430257412390
0.14422906441491423 0.57677768126367857
0.53075265474592259 0.70476817656136348
0.47432587462246895 0.77044655529074679
0.77528774570983483 0.59629242091804713
0.39924096710299134 0.57074945342456629
0.79519911016991862 0.13077201732334109
0.20494508378920384 0.96544072330959974
0.10670526249330738 0.57607177791952691
0.29079982192950948 0.11529236387864425
0.08769724869718562 0.45417558738262176
0.36273646867032122 0.89058840633538305
0.36406416514933582 0.24653420605202131
0.10872597465269046 0.76779265563705723
0.25859770914458952 0.72224287931528530
0.23131538353283457 0.85954042769478567
0.14849775235872406 0.27156797457610909
0.26225831141141043 0.21322445490383377
0.50500328942173545 0.27272671703253470
0.19273351057159996 0.77595123396164978
0.33985504710307302 0.29738201189279578
0.40171388362923433 0.12243511963361495
0.58208103344245143 0.48280718392323596
0.40676012246299853 0.60686556433707994
0.26579860990954585 0.41305653361319544
0.30089188280905887 0.28549003311437160
0.62457967108361279 0.37151102519460555
0.51887132390750990 0.84004835428220026
0.29727518147296789 0.56198462504700986
0.61625329460498435 0.05900278058120391
0.30755363198789870 0.28700116402714959
0.65317712292142116 0.50557865061850793
0.70055770981688736 0.59553318201236383
0.68642386900109842 0.40283527323267065
0.31943370170137964 0.19923735377498730
0.13869017860420774 0.45636108127823871
0.23034290917165690 0.51234008872252812
0.40858014789412922 0.38184015665478471
0.65982008245657842 0.10139359772830701
0.67641412392267197 0.07192231072933430
0.47714116243253551 0.59150802717564155
0.14918891702759973 0.57110848102409262
0.73564162207727335 0.11079225835662271
0.06124976984112725 0.49927961984083613
0.18388024722629351 0.33696486598638531
0.55981002868835150 0.73202857932616305
0.17213984787081726 0.35087651536259551
0.78634371287040872 0.07048943560720410
0.09656603073118697 0.78325962612431987
0.06702138573970985 0.56455701447389017
0.22023151584166101 0.39567965175799263
0.31524911103637465 0.49333052434023117
0.51557913784108056 0.75535466326688783
0.18419367555230742 0.76465528102076186
0.27909247897874939 0.15619793230751966
0.72734002847619461 0.02776562374906110
0.45463855623637006 0.90793078473039479
0.20751670101999553 0.31664754522721017
0.72921760002915970 0.50787039476431417
0.18544818209201194 0.50830846269796048
0.62026187962513046 0.07567936005367012
0.10894956550848880 0.77856421439137102
0.36087509403498846 0.52393024247920295
0.22319901756442648 0.56523804659211541
0.36363856919739462 0.46769059346363284
0.71517682442897346 0.59776115924084816
0.09948446738615596 0.35297849531829711
0.18507670028804948 0.45812411439183831
0.75306727412390451 0.07747151839231978
0.30866822496489937 0.73523991330301475
0.39334688782380334 0.76580281589136023
0.25217234343406419 0.51262075493086490
0.71246038786357424 0.45753266006857346
0.61128528169067997 0.72383729293639587
0.61402636490254625 0.78565692651760399
0.80960282704926023 0.27307131701787640
0.80726554985092791 0.31362160555865504
0.65664946983698946 0.07230067113897541
0.57736847705305938 0.10740051232585986
0.64238498264504307 0.65477246128396094
0.69579081531274312 0.35191437781173784
0.47008777190072021 0.75983303470396424
0.26708324445668824 0.58332917393559158
0.30172861503629639 0.90913200077927325
0.55757386621812366 0.62980869057395417
0.71677272303739414 0.61265104818807414
0.13966611949854865 0.82186492727215998
0.72254901431143237 0.28145735886856948
0.34517706833949174 0.39699599624817211
0.51047986060939743 0.41641732108720342
0.47715576047826941 0.54589040855126192
0.38934988902517970 0.11398869388322624
0.59798591822364000 0.06997796567095357
0.75102122312618524 0.21718512603820947
0.39569045723885932 0.70506963676011614
0.50105362716726554 0.36648895086192496
0.74319461155238631 0.45277588895931786
0.75847488266900853 0.17511179485284623
0.51487349076644717 0.54689931561132998
0.50962201311042998 0.53280927213771034
0.52481845962946561 0.72508844886074597
0.33257927296838719 0.94924567911507252
0.16545401035125856 0.44118127030100979
0.78835143137540142 0.38781293945816275
0.56668995383617338 0.81430250117257708
0.50321002536924453 0.76835013522283935
0.68242100081677937 0.49907254535936102
0.63896992811972853 0.57349557114373795
0.05015013064052724 0.61997324428129530
0.75378230397931301 0.66932750807421226
0.79627735012694423 0.39603724607307028
0.16932671639860708 0.66585508718245978
0.33372789475519277 0.16284395198143706
0.63619773923423506 0.35403848192560478
0.70941292166030878 0.11854424169188361
0.31524858033548453 0.33116368530293044
0.49638312262492590 0.80967080283774728
0.63811536164906935 0.55030123107316509
0.53788520393117278 0.18116458066687183
0.68193316514955815 0.66339179202810650
0.09934113374404298 0.40552117775745206
0.79525230081686704 0.16670734691105210
0.76655456643007669 0.34166678864564476
0.60266777847504671 0.67044665213220211
0.76424654285477156 0.10108875310503185
0.48935872479178733 0.07515330646228154
0.46014000367838476 0.30830603007893320
0.63638724423968307 0.05491160758261032
0.65997514136466429 0.50897877614025089
0.07596450609540015 0.68416064216833306
0.60144829117991361 0.47037998158276839
0.27416615316812537 0.93047949775866989
0.02462109704508259 0.56313945189804948
0.51660880281354060 0.05017112817565268
0.33236185145616642 0.31667562688811207
0.52988610875129483 0.09341371981397993
0.40746493537843759 0.32593121398381514
0.13302024950027666 0.42756499156224481
0.53930045751348044 0.26978032985439415
0.24591105442000108 0.24961066904501461
0.38540940002333185 0.45842955222830234
0.70941570241111984 0.08850130278165608
0.22852375068710820 0.65071843931052975
0.84112339190968211 0.33828161035833521
0.35189963765899179 0.34029945219370039
0.18740030111325023 0.63061646641993208
0.37830248512027614 0.40645787936870470
0.07232524179598745 0.61318993852240355
0.14720333315491918 0.35769643873267021
0.44979571746470098 0.59496635022175037
0.26481651445892590 0.40516376634480911
0.52866993453367661 0.63265250238050441
0.65412491191521904 0.55455861956377639
0.79122871516518456 0.27567133311693004
0.41742504000538427 0.41897090573485252
0.35127391376451667 0.81182995103499955
0.21203483861712413 0.22522818655683358
0.50487546105851477 0.68533918050063869
0.50293706847546615 0.09487889204005305
0.70511901789744535 0.19852964736389828
0.79257369660152444 0.54035826993677882
0.27700396139174727 0.86553654500618704
0.59503934352295640 0.56223173180550456
0.09594408750908959 0.84363713658081552
0.07928358535128888 0.64962445869663421
0.63204244234267992 0.47117997294101771
0.31847011036036832 0.86223504013228813
0.75494988517668660 0.15164731825957153
0.05564221676718172 0.64787628014626175
0.54730727852526118 0.11138710833709138
0.05149509291262437 0.43241509062977268
0.58047866557000438 0.22182018615349766
0.42215510384503424 0.92122831478724665
0.32570135932396416 0.61378183336576209
0.51029703159463891 0.71413877582659679
0.12312183996469878 0.35748113143202370
0.04632599462948408 0.44685335035002344
0.45990652516692504 0.21484770848702661
0.58515818869471270 0.05628793982413235
0.69739667456535814 0.72732061946716509
0.18280129238877682 0.25798188728291405
0.64222949091523662 0.27317593725360068
0.10046260522067768 0.64421266726356075
0.79799453415013877 0.48153386972269258
0.61324563922865338 0.23161839641943130
0.39770221981148102 0.42544248303113513
0.77336316416622675 0.10738196172554919
0.47890454954300232 0.33759057293769684
0.54923095881401818 0.14542134600090489
0.41488764564084191 0.63266186008082304
0.61203338720370226 0.50271760101805629
0.08402297133517726 0.81987467706983819
0.35714634202394213 0.83534707502514316
0.54407098781956231 0.85750280828321845
0.54110066507833166 0.20113909483661055
0.69342269068851003 0.33851497914770873
0.48536273484143910 0.05751804822229719
0.23971194363922621 0.39391988359176616
0.52222184154049434 0.40719794469724579
0.50201608034211442 0.31969170305893752
0.52130626614608577 0.34784564561401177
0.64889428239017255 0.19492067133340862
0.50778745776279788 0.65286994282127153
0.46401880713052962 0.57780780218993721
0.26145289650819220 0.92252137570254500
0.22678423717093532 0.47717989607829475
0.74407808215329774 0.11794045681221882
0.34898964703881907 0.16665264583566938
0.29469280415042981 0.53862151342742459
0.81604075819030764 0.35986772594302407
0.35182754124089238 0.51379070503496049
0.43437077108668559 0.46603670402152303
0.06991402911012319 0.75992317018277777
0.04429416468758615 0.60440658283453352
0.22799470607013822 0.97340076424472899
0.10944896885662321 0.46739880291515490
0.14595708953342854 0.79027347774583323
0.79885786394200164 0.31064526111200758
0.21497560933080598 0.87523973819780054
0.61858438206086974 0.41099298847339433
0.11731212458301291 0.73627818048912586
0.72522059582068177 0.68467849195724650
0.29701100459582325 0.20168280569591368
0.41131121644530827 0.43249672504397568
0.83541858868950514 0.47820613493360004
0.05865477393568148 0.75164511607138107
0.64687363752642879 0.02341973531509953
0.37543314311574572 0.86191219030687194
0.66172225241022697 0.57915539937573901
0.34971048635445595 0.08985838023807180
0.22975926948309108 0.67949604566358002
0.13232460148621583 0.92801281859886275
0.73405073966152523 0.03334854110693526
0.09148465359228966 0.52785484236827063
0.29771552966259973 0.20698294399016842
0.71906035250816380 0.63622919993911775
0.52044097516501275 0.83061440789753316
0.31186195079940982 0.15169250002582702
0.28447907750755835 0.15296231146566544
0.28694639933733423 0.23339765187142583
0.23689845525837122 0.95076151626579786
0.43084062841761056 0.85573497222059780
0.81559423468888392 0.23264428588245187
0.66283823023018529 0.13389793119747462
0.32539134299895628 0.88906747434841826
0.76209816254538165 0.31822969346530916
0.66013820946971513 0.40381648753904387
0.78777384535369688 0.37369203612116370
0.55603035505427223 0.74309086702916749
0.61708384740394362 0.43264304015982219
0.17219724968670086 0.29724395040282880
0.23143607314563036 0.29761801864873244
0.06365242637118101 0.57328710023254503
0.02039937635339490 0.66644395959211622
0.28346044199754933 0.93631141729148493
0.06345232024978401 0.45718403616818848
0.12665866526911665 0.46085579798931187
0.22944626459376263 0.35050830364141888
0.47329388558758834 0.77743416201293380
0.40252740629343264 0.14321610261902915
0.43347984896620756 0.82073214707770181
0.63703891104165655 0.67739335499966657
0.50029145646489126 0.50372220738444418
0.17562041999026756 0.51499023277653588
0.10857250867434709 0.51513066734089663
0.53580329646605507 0.48165882140357541
0.54609189849554063 0.03802411479220792
0.78521551170504289 0.41062534845833154
0.77179798679180223 0.54657933217202292
0.42330094465616575 0.42301301486035686
0.70923013765070042 0.52399112161448735
0.10073234656304475 0.55216939849551361
0.20888273952239006 0.20125159513226640
0.08094251500423032 0.57158051262223475
0.60489434725106883 0.33745028604223465
0.11942694232123445 0.34288715129672165
0.30446237596573922 0.35012571938580267
0.84464800667404838 0.43965020656384712
0.45136809828444729 0.60160775645371600
0.51386947934671501 0.57986283449522669
0.21151708480256526 0.54117746189653126
0.64322453776437949 0.75536335691308543
0.55306106026467228 0.12227781136914896
0.58698745432208010 0.82268150977976817
0.73684209822825064 0.47380781277586531
0.12180974255537251 0.40580429368283338
0.27418716010852778 0.18337092482549194
0.33986614097282608 0.49731041973638057
0.48068959392808686 0.67292087099667253
0.72150142378995097 0.27496604841759398
0.05628807795512504 0.46647274169505692
0.07507424160472249 0.80322763871954328
0.21280419674985693 0.37987565233721093
0.66391200165325948 0.47356603484971233
0.21597121501195379 0.79733344336870982
0.55830747947036563 0.51924726045437031
0.25740440504182266 0.35279603753876687
0.49567161305824137 0.54809372820796665
0.77309677384147191 0.49656982458376409
0.41443470826843132 0.89341700168393623
0.42101606360843730 0.64563825828320909
0.54992912480551726 0.09477848294987520
0.24535184311549155 0.61919021159333543
0.09644588085489909 0.80303253716348033
0.20940522130874892 0.45572712579813085
0.62574069027615609 0.73076924143011390
0.40274340198610842 0.87557727387527318
0.50031366807189248 0.90192249339399011
0.12614421316243901 0.68984421196544310
0.77831541976058694 0.10452901711126374
0.51076988966623216 0.33032159069317174
0.79084411022182011 0.48722444888833977
0.64961073479091136 0.29402885249512911
0.70509829100596344 0.55907345100501182
0.33752114156752239 0.64796310731060514
0.32441410138733590 0.17365942066037671
0.52820191851692433 0.47906781853204450
0.78995345368827952 0.20752593824817064
0.37350521542142640 0.43184769880100182
0.59942389516206529 0.37066198144935225
0.38918279158383112 0.54309833526512685
0.81103254073175757 0.22227442228923322
0.47742906861736617 0.56253606208456175
0.34701759679747440 0.17142940898869241
0.66569177330162099 0.75172162512786111
0.09540355650573194 0.58146931706816918
0.48196527139280504 0.81724881083301926
0.17141332851306770 0.92992710995733119
0.09544426092937192 0.41461787632690028
0.39857825645918221 0.31496386756994776
0.66240736959968971 0.06105062496644000
0.72708633756796259 0.32533720592322796
0.52250270687950151 0.82587215898716859
0.21343374453650335 0.52682123410986770
0.83162716961759220 0.12428157113283309
0.74602679688616724 0.35305478524479722
0.49354860213307694 0.12452565080664260
0.10574581896127955 0.50320254457712710
0.11729272064382602 0.34808240697579113
0.73019880025172523 0.51974798587992743
0.59929034146219373 0.75246618474657612
0.61559997262244870 0.68470610577424051
0.50647334367461161 0.06838152756329852
0.06893387635394337 0.61716842631932023
0.38815649184242462 0.49037806582552657
0.43292446574653998 0.39444845405531637
0.28242583235558866 0.74615425119377998
0.61917374882664744 0.52262507183028795
0.41970618963174311 0.08246065489936273
0.11245282691066695 0.57276090700369464
0.38335628372126568 0.14638186778428353
0.54045875352913220 0.07074496496514258
0.83616140484136336 0.33397157059011778
0.04608701834114643 0.86896922229567231
0.30678928100597624 0.89408321527591605
0.56585935913194363 0.51255891043696178
0.56378052139824164 0.62668158859879819
0.55368081997030394 0.70536536051815180
0.11103627071765497 0.75301256999762933
0.11111132402886922 0.83555766994167324
0.62547245086839520 0.24124829802174871
0.65301402700532019 0.71581239737447555
0.25151651086219179 0.69557468338734196
0.75506598367018218 0.20590693367823043
0.03602473682028962 0.74777287359677280
0.54040281058580508 0.20769637144205724
0.25509969734757809 0.37935590305254391
0.70216876181507915 0.63967395236232460
0.81126384221824355 0.29640998705958210
0.42856258784739054 0.29231883555834837
0.34373329495206756 0.74557618928595193
0.08941746638596493 0.45990481203705769
0.08165908167000305 0.81142388424323864
0.77903454329901156 0.27424436113609507
0.25137576291618874 0.92589091873791496
0.25390454250964228 0.83218731142591651
0.16397331331106221 0.43352999250463531
0.71204922412956817 0.49143641974314356
0.66679772274662719 0.37418481912673757
0.08363684100352320 0.66478583502452915
0.48533805057781743 0.83639710230552411
0.49251465411885909 0.77402848877580366
0.23147872988203838 0.19105182672825588
0.14744202004660006 0.90416917977671973
0.52726831103610450 0.21264951992368913
0.26255136213126240 0.44184680485732908
0.35764435680258688 0.77544938038486932
0.26001983556841451 0.59648657311083186
0.19290580831955420 0.85434226046494266
0.38920807322491868 0.70170291385869665
0.18409365438345410 0.69023360660149446
0.76886098936405423 0.10406522947760442
0.56098900292758924 0.40226981674416307
0.58715726362273202 0.65709994746439016
0.05702104406701678 0.71794237943012362
0.08966966550567337 0.54878241517877058
0.12408004089447590 0.94364296013765470
0.54488972619690312 0.32691102085361129
0.54606426549322595 0.09180485955956130
0.45523967116260899 0.18634511819622748
0.17878465617716968 0.84342478779839025
0.61210309490030113 0.03112876713572757
0.12193788433366708 0.86118427186058633
0.68079022491206531 0.17245001592290704
0.07029127892222198 0.52807172517659862
0.04528752796541140 0.67766604264586350
0.34447564028904565 0.22801223887281213
0.32887283747012924 0.32901263294027616
0.70248573178025975 0.62531937226383338
0.20565973950860303 0.92500525892935570
0.66154297029137754 0.59255984296726549
0.62975783234262672 0.29487958577828055
0.53277529334791729 0.67657469478224630
0.29462366010178137 0.54667360249556507
0.59210351427794228 0.42088818715073884
0.70714486906916030 0.63885434673792985
0.73874721885197903 0.37100116668974847
0.08764620999673495 0.73823704047552563
0.38310224762486272 0.12227619097538163
0.43739043499011088 0.75340046092188795
0.69945245744781848 0.66848661689905331
0.21315140722963727 0.38740921126202132
0.72878028529991623 0.61403497403903751
0.26488571541512435 0.75982416634306416
0.31398173684928415 0.43849185583703387
0.59374548719922482 0.07811368705914164
0.62060509578528966 0.46041674769891855
0.52396858368935084 0.80598814078771197
0.09600081774971032 0.74062088281354399
0.07826614830625211 0.49138306812313232
0.59725814543767142 0.28168175100437781
0.65106850852704279 0.34144354776345143
0.26575569736114957 0.83504182118957582
0.06627328488600993 0.79122113779019765
0.35375101837998585 0.68655588967054537
0.77717865242788375 0.12591466269928372
0.61574467425506763 0.14916258811553507
0.33063531262938456 0.47256295266914261
0.71050127009790787 0.29712056495106731
0.26203838987179617 0.25809163077437186
0.72912845208165111 0.54049143273698530
0.57162596044020786 0.39900735950464339
0.06712055358856446 0.72076223258576966
0.08809006109607342 0.84434172158108411
0.14973052925535810 0.37725545662762683
0.39883818543499022 0.45834802465665281
0.59867354058733924 0.73049507569711436
0.63846129480785552 0.46961396924429277
0.68877326172924669 0.11639947643987172
0.32226358053499177 0.12236426113371740
0.37384261580545475 0.13788322029014985
0.75221326443893943 0.47433927276113369
0.19117760234579090 0.65452839262612550
0.14927438021466308 0.63197277311369915
0.14605310392887089 0.31244791915226755
0.51810813294684499 0.70809793363825846
0.34003303680878311 0.85578358199112403
0.22454497604965953 0.85931462550866411
0.50544061622494463 0.44585089974764275
0.07067274805848205 0.84899157665602887
0.73227256141331876 0.52929459584854210
0.05902813603035750 0.45337342430099420
0.08366256548664684 0.69478073978328514
0.55055342870504520 0.63195784070843852
0.19504802552648948 0.68609472375261327
0.24566743011766301 0.20677837136585447
0.04339929230369900 0.59861672841545965
0.62252645458862066 0.57075235525642853
0.74411312408516928 0.10786612479160607
0.06934233673486997 0.51423166767285922
0.41419976801240033 0.72955014398208973
0.30684600560106384 0.65841418740023061
0.41819359980802923 0.36933443341764127
0.06127040522524114 0.84543011931115364
0.18609128233630481 0.56101028504076211
0.00761328591886618 0.72826012411945806
0.05034382708494255 0.46318298303146865
0.59268090115936256 0.23417015419132381
0.70358844731146042 0.68645713877460734
0.08125965834699561 0.80374762015873291
0.07047615681313028 0.54959070042215330
0.34633250381212349 0.58566022900581105
0.38805567283262182 0.16705816530177961
0.20564723540764882 0.50211520824180977
0.25733573622917610 0.90937344966372302
0.45555364247807212 0.26246323311026892
0.72244620088359934 0.33704367474092528
0.13413449917072282 0.30076739870842550
0.58877739400932327 0.75863398099124957
0.14280041290575829 0.74925248748768847
0.08262855966689614 0.43255401173678187
0.13232376356646189 0.45206981564874060
0.32506306235273413 0.74241996753857264
0.56237130661168167 0.63416497475345190
0.83137813506778135 0.46237908948976836
0.38428884161788690 0.79063609163336224
0.47055634983060363 0.15234969869187912
0.39741278143320347 0.93779645355298369
0.73758955841252249 0.37785354329621151
0.64770709604370380 0.77043526724456068
0.71849649682778716 0.44352655954762488
0.55515490335081163 0.25498293639415071
0.51162784775344827 0.22267943747130320
0.78041621052912580 0.47272098469520007
0.76918148737218861 0.35767591096430151
0.21346456785536369 0.74847006919455505
0.66687708048383332 0.73100654099187301
0.02347988926844714 0.52980154850104688
0.07726327023374822 0.57487251237602477
0.21349203141415504 0.56491031199856945
0.05785653143637388 0.73493507890394827
0.31264230313872277 0.30699586869274548
0.27007522484485624 0.17036131455666156
0.34711469002402806 0.75905344940820407
0.80722227197211283 0.45590508834102278
0.56453646793698675 0.64689990407348230
0.45319118310590417 0.62363294379917145
0.59430159068652988 0.07295443490790642
0.67247454551240948 0.36229616989642549
0.26341712301816866 0.30892739793769086
0.21522720567122847 0.24959064752893603
0.25287387407479678 0.80700950480223244
0.59380572834903755 0.20754001508256276
0.38872732166704194 0.31024278391385418
0.08735655028427032 0.48659768866977487
0.57778122255485231 0.29096824708511376
0.52529395136601020 0.36305563008722719
0.27444994134249906 0.26584010608188224
0.38120376138629530 0.64841971881360383
0.14283272317991574 0.74145319326222492
0.74393222387032421 0.09804145933475902
0.39336813939720117 0.72597121967876466
0.17756287457999209 0.62167010280961055
0.13590913504875760 0.93863686678325364
0.80203593075689350 0.45624990494224943
0.28841881026741628 0.46642654815323814
0.40953746219298665 0.57990193149542335
0.70029700472030187 0.06024934208191385
0.62928314704508670 0.25957950636924554
0.53934772058090119 0.39469217068287971
0.63880456716802991 0.34043441025663312
0.04435521030512368 0.75388466920416020
0.74624546690891669 0.57976649959078086
0.46607492318275023 0.84338776524113868
0.17901870260874114 0.89009671064938156
0.09896365738320970 0.68715445626165983
0.77240672516829012 0.56615159279600324
0.18415862154318818 0.88701442873037883
0.77295739804908581 0.15922575250524487
0.79912298232504819 0.30529103320713419
0.64371242949891938 0.63429733770767915
0.43916861652691119 0.75962794122565025
0.72242591022023817 0.62068504439201622
0.28227569416637077 0.77397464606864785
0.63487517257939197 0.29999817347568380
0.69292417896974923 0.37933816222988037
0.26017076412772960 0.29610953796309825
0.74777661847176258 0.26037463048743942
0.26848732621325933 0.77181230688594393
0.71095212580796641 0.53637287005434264
0.76820121806278296 0.41840498509393137
0.66788681025942531 0.52702078774098438
0.25125304770367551 0.58455956045121860
0.69988283107781890 0.29203949757127134
0.43271095953804223 0.34373767751076234
0.01508993000190108 0.59436114645114568
0.38816935515088458 0.60044367163453505
0.41598254575667742 0.49713441497700661
0.10511839977602809 0.47116435081210045
0.13747450225728819 0.83895092952975947
0.29363536505594606 0.94913328677186626
0.36572386883738833 0.93960659009515035
0.26555713114470780 0.20466624775426318
0.23384645115687769 0.84472573344015400
0.72551367843842185 0.08847190647492476
0.07882205260175014 0.82489832056276502
0.39594596738146953 0.21567451086614436
0.42795902091639315 0.61472460903270598
0.42326909210023567 0.36310958799147680
0.59962307487081767 0.03465341532985268
0.22757287094392040 0.27887244624460450
0.75680904437564001 0.57105900109763474
0.22585970522097309 0.34217077392945405
0.16548173180734821 0.48106241868283839
0.78099051892506621 0.33213603757773852
0.59080602785119729 0.02790716210371386
0.65773772524895702 0.03728936989791201
0.48195528308609970 0.41448656170305942
0.17127120325295350 0.60824607653237484
0.39081468541573944 0.89436786248042266
0.46550100184639931 0.77868441902303476
0.11427503881698928 0.35313461113831934
0.56614322300499742 0.15911352122052236
0.13224106629703791 0.89341418409070794
0.38625209246804343 0.09155456427194168
0.80181954090433138 0.19049319414075169
0.70598717942501876 0.62164848562111541
0.74623362274204252 0.12745978148481943
0.10904851395442063 0.90863043232469076
0.58249726179735961 0.06004081342327970
0.61890756453037399 0.28560788928141212
0.34615305358534332 0.36713773600842192
0.46500033069884222 0.78531596956247163
0.39455460486728611 0.43200896873141970
0.68281738742649600 0.65233463002834191
0.28811535087501172 0.48683324848003617
0.15945439253099741 0.26596833512858403
0.77130905020338492 0.04280753171054818
0.70643067135864546 0.44530506835625083
0.67778267961108896 0.28825904242434452
0.42907062414018327 0.48871526784697883
0.44105380429702673 0.29966029005521966
0.28720556824423654 0.24874939479450645
0.48484120881564258 0.08838981509192792
0.62454620575867048 0.46645857860769341
0.27298171773493179 0.67460918960963356
0.71857775415404779 0.09357002051570283
0.72492660125956665 0.38192467882427794
0.17567412462299734 0.81790155924170627
0.18451571475128617 0.63720229816753482
0.20829158697889494 0.23484909507071430
0.70113504123759840 0.16906848477599287
0.15474353773767854 0.33578161142978363
0.10348892731166988 0.44049694819664970
0.36542750211373010 0.22881143734860268
0.10370917040574894 0.79681303544173754
0.33771886053558703 0.25363721425153457
0.14828494500525249 0.89424148055638053
0.68850416136297576 0.55503184612890022
0.64780909778072560 0.04002449786178672
0.69298439969769976 0.42182842163127471
0.16460841432021650 0.90059119098438345
0.17137030927918090 0.33622548678500036
0.44742912080256725 0.11720776902186317
0.37454940839566331 0.61555324267125011
0.10896760127143046 0.32969505473970317
0.73849603425022936 0.60261745860070060
0.13091038023490650 0.57146807444442915
0.78638491329130300 0.54061241098771495
0.10565584984613303 0.73364087071980799
0.54955858615147524 0.28857896300514951
0.05214708809355962 0.80112419545011093
0.56296101417982003 0.60208590194724476
0.57849838737225734 0.05712012616868083
0.16943311757620608 0.31820567432903024
0.05888432148194235 0.57156512479742916
0.51200228809414328 0.33725243487193191
0.26379656230389792 0.72684271545685475
0.60134972828832201 0.62752531719885896
0.53963312016657150 0.51648093706333875
0.37832383895165816 0.50891945695600671
0.58820160738222227 0.06683000670886899
0.72299102145756733 0.48948858916697757
0.64611215106482045 0.13395190716913782
0.08747829405063465 0.79734797340586272
0.21703768075737453 0.23367089531189877
0.04972461085910661 0.49938501998680523
0.10167096776538152 0.88408985480188684
0.65954912795937670 0.08516332120610705
0.83062016420434115 0.28935964824888638
0.47384913038212961 0.27642871993312579
0.41130148621021217 0.76728276895700209
0.19787355652591826 0.60501663533621308
0.24580810595393024 0.38989693050931662
0.24447065872651705 0.90147690072944342
0.67830889620441670 0.03819305426468016
0.31085254306008403 0.55640256938609722
0.45743357982299360 0.59735379359457430
0.19697109610085556 0.22926332259835677
0.40771257787422138 0.62059972678685915
0.22995447921268514 0.45020722878367314
0.76673350878755653 0.54742008226160233
0.18631870766143269 0.83254316314176746
0.24433363644134909 0.22070767635352201
0.22119072681139651 0.46314030155594954
0.17005853554781067 0.86041747198338381
0.16790618893216919 0.85078272863310711
0.18899085980246258 0.24391647194745333
0.15976331695321505 0.69705479823442640
0.32053711281649350 0.21848628298034864
0.20478801280714096 0.57278519611999457
0.61796649159051309 0.57512385481725214
0.53790951203568516 0.30686685897849425
0.74313060500071304 0.55988232780643354
0.24645315960174802 0.23160744703547775
0.79237230206623843 0.12578312184114232
0.26494746775188605 0.86932782213335791
0.66598233650565863 0.23885154737564607
0.68607487775551268 0.42222973852036993
0.36764540364985593 0.18066772407747567
0.36703600533008168 0.30801877274818779
0.14494224759604751 0.61133292798992611
0.61545689514062218 0.05429776525569213
0.71261417170585739 0.69429664970606186
0.28112883184308013 0.21640486637018852
0.19397182389430515 0.28252081631755549
0.56612920896790220 0.12229402309321648
0.14863853627402607 0.65709235606746397
0.02522237298170476 0.74925502452815995
0.79895833337130073 0.60799871181787357
0.44672410585250522 0.13469256937319399
0.49709448037949189 0.46057087090492599
0.17499666165786260 0.61473840707945948
0.80985532563311746 0.36037604753761276
0.45313653890858657 0.12597102646291919
0.37712246189583037 0.62884073522906325
0.48398837990236171 0.71140879393572409
0.13573688274733153 0.91232426565969327
0.68229677242673414 0.38550566001007031
0.18225059352239156 0.83788845007825830
0.11308715034456648 0.65110287881285556
0.55866933969252397 0.36734237236358247
0.27231476267642102 0.83313165628099983
0.72050712225242664 0.37670685179116881
0.70451445032308835 0.18066455905196357
0.35542308331250944 0.89760021343633822
0.42483650852041910 0.67028893422471070
0.58389312808814342 0.86224452503784488
0.50845647163043706 0.84817039559148188
0.16374766023479501 0.90573184212655256
0.75284168785694172 0.08229636892410822
0.78051578308520742 0.14576915275050367
0.71851222835658080 0.57004925224361147
0.12591241057077865 0.41233477285224773
0.22745002546033513 0.42690946457426127
0.53421590783098594 0.03406314034478609
0.37940502172026552 0.41566399627080464
0.72155097558930392 0.10129957701763036
0.71872190189348972 0.21839126102828990
0.39688853912940236 0.36340128117842785
0.45847168318988574 0.58378070182193231
0.50803272523698151 0.57518645879248742
0.61307651169366295 0.04418912135314223
0.70524659522946642 0.48813240736480751
0.30658920121629130 0.43953223739220487
0.44416449264871399 0.75404720620410570
0.24914923285272214 0.85700847487400944
0.75112448808579735 0.28864130558527928
0.10433009691441560 0.40796021961643841
0.17887869416620250 0.94612309467904621
0.66810046639401244 0.60604333375095731
0.36993506483940858 0.12891115857709134
0.41035481597211015 0.30180401780121530
0.59518878962723754 0.14268122053013352
0.44039240155636128 0.22902761163206464
0.46417574608516998 0.48064877943674705
0.07282388744792667 0.75069358810237263
0.78302444239561420 0.45163932646825805
0.66196727155313162 0.59898333640728441
0.31461830172956273 0.28889779775329671
0.78161039695822410 0.39498186547280900
0.71256358341760340 0.11067469476650020
0.56110615908149952 0.02655063989873141
0.11314232517569850 0.78337214119617371
0.16704909628239450 0.50469446302113807
0.39972677047429206 0.90751510539760483
0.35462654712468122 0.14047347456189863
0.63068517045616401 0.58872543634048824
0.34177321495007579 0.80301704103964144
0.53499260524605219 0.52948309261537352
0.21153057393504188 0.77601605857793998
0.26641525998669330 0.82785554591917010
0.52038395157755513 0.25782975388087626
0.43874822348171749 0.71390553435010851
0.38451416605771316 0.91470807921356179
0.20759301896052623 0.61353733201192584
0.05874422299316495 0.77977035299697284
0.53260309356110225 0.89699553653273245
0.71834602848461138 0.30685921205793970
0.82443753284465948 0.49025286809049895
0.66221618584263497 0.53033582315466787
0.80898547346475735 0.34548268722235553
0.54238802772623440 0.83556123930291759
0.81208983527306455 0.15378011491988119
0.51713710009183678 0.82630462144667072
0.46323589216365779 0.91178356959728257
0.76346800467548259 0.13892515525266225
0.69269790661819874 0.09548387729482097
0.08033976802560402 0.62538692951223951
0.75073703212222742 0.65932020762885246
0.82194838093077605 0.12774324117069946
0.68966408621080677 0.54914792863660744
0.22777688580217539 0.29223952882026027
0.63156144631238254 0.06857274923390483
0.67966426173682770 0.61627745444531867
0.36736606330518057 0.72642706404867807
0.39872807033882612 0.82455075268879907
0.13635985807319240 0.32918608558405382
0.60573670275751612 0.25487391999359665
0.17171058131253406 0.47634617047566219
0.03229900325195593 0.76760352000718723
0.05838882364037372 0.72243872880787274
0.09736646787014160 0.66929866095876667
0.32802577398971039 0.45770604082302380
0.61966565498213400 0.44036650479927919
0.40789491811384748 0.40892044396223431
0.30654937916953862 0.63080188209290544
0.31315552454954731 0.24212929202294012
0.15778955298946928 0.55974905619850401
0.30621857300603306 0.91682112686310113
0.43900601246324694 0.18772259148505799
0.23923275193940316 0.62386872389075265
0.52782179059502166 0.81117572051668785
0.58978951743287300 0.12629809006970472
0.22896070802181132 0.89420118783566482
0.72924962343310096 0.25921696687173557
0.47148814678524675 0.57049115871699774
0.14205169951154839 0.48620348798061924
0.72475242924600758 0.11747788389181457
0.69265540090487809 0.39087680967638383
0.80432226690173014 0.52759265790605370
0.33029385583689164 0.54179863343671320
0.20031815798262143 0.59114661998394891
0.12336753272434280 0.86987083502636442
0.43054414987312173 0.21080807295597914
0.03288368767161518 0.72172358442520346
0.39171395189910013 0.33101926091083134
0.52007865186785529 0.27101217993003557
0.07653502627695062 0.59313698749123145
0.56649316512933157 0.54517466223749333
0.18763319668786962 0.39920671619043063
0.31663196996384368 0.96637572767359003
0.67283271954223289 0.17433266734699226
0.44638412114261150 0.37675859359919717
0.27987220076372882 0.53531202479423079
0.49731056007880170 0.36061893955031199
0.78129516810500321 0.08203561812851733
0.16255202346376277 0.57545927696820220
0.06288317834065922 0.59337628702239553
0.73778313203242352 0.61359282602087606
0.62596600852153728 0.13855529064164876
0.74232704581430276 0.18238024110021217
0.36889208249955086 0.86214434172055665
0.07762008148660843 0.39200025602679356
0.53832177869193665 0.79574670899843725
0.81866935983002387 0.26978235613209567
0.73946533852692009 0.11446449025288985
0.73794036086038084 0.28616512622905704
0.06321115340069239 0.72355822864802555
0.81296120630222990 0.25425072594754766
0.06094955089030616 0.71452540693922340
0.22260187575787552 0.17449216483855925
0.05803441657402664 0.48313746478278374
0.56061429824610676 0.09031878814491147
0.81007782422817820 0.51427338237892073
0.46894096325948637 0.86775219890067434
0.49460328618793292 0.37695552863073961
0.36043935111333231 0.79458348829631764
0.05643538964750620 0.66786138738365464
0.59445022440448769 0.10469143236383309
0.17651510416675567 0.34652180667073573
0.75283794370194357 0.60834408324644618
0.19213106542349920 0.84464853469192758
0.81576656453875818 0.42549867321264806
0.47647357452305411 0.83313891896239056
0.13121861533184198 0.81680988694649648
0.42778631035070286 0.63459355806956463
0.55627440939776318 0.60549305911287199
0.19827762427618079 0.91850162316891559
0.36340377476696251 0.60506260841035275
0.48232846460893741 0.69597519119189755
0.03929702121989185 0.61776197557856771
0.30290389156739611 0.72838727370988965
0.39162653164622813 0.47037846101946929
0.45521790234930554 0.07778682320305554
0.66502391455570020 0.28753916231571874
0.26110485033145997 0.47191869170812978
0.45851724288363238 0.79879520552892813
0.61947796822823065 0.32952652256529075
0.66876409636148137 0.36796389576497429
0.51543087544423705 0.64479974117617322
0.31900201975365289 0.18895878554357629
0.84874755523180356 0.22955799062105273
0.35952882412079146 0.68125240657670272
0.36164502135627502 0.64867156669920567
0.51352272671820398 0.07680263268482294
0.49299331625866960 0.63758127386059527
0.36984934456637408 0.44766776944725867
0.60903831847843481 0.64393212050209991
0.27617728893120419 0.77100703005600157
0.11679560985829221 0.48215946210780886
0.47985522069992659 0.10274749284242099
0.51293992627363783 0.37692634649799184
0.50749630100517873 0.78240550562744837
0.27191008752235774 0.21737526449381678
0.64230668816161962 0.67992966387842524
0.42913596154442635 0.21786833271078290
0.11393655770501859 0.91006349197354774
0.01754264877943923 0.79833035496696303
0.69248466526627495 0.07014547433455483
0.72075938986684407 0.38660934800649871
0.30495019202446250 0.87893082791865307
0.51265816847758017 0.68418799947195041
0.54280397556833826 0.82602516766402467
0.58983429163202283 0.71946577183558003
0.33056920073872215 0.57338539906158270
0.13480566820324552 0.34558305734776529
0.58166426342492161 0.78427813565218107
0.01471420818762974 0.72069475174643483
0.16381496642771654 0.49871238240753119
0.21618699897084681 0.85077016969358932
0.40080015900097360 0.71476248720050473
0.44305702489907606 0.81036181904364268
0.09058715649102626 0.79047832105325777
0.20082126730322275 0.32049332311087153
0.73045918933231968 0.62557731230871128
0.13986880060847279 0.80421578426026863
0.72736785938529724 0.64172974815427364
0.54409354012581146 0.05296288743574651
0.80050709450402835 0.23636699489791549
0.12864511346507596 0.38026320854980888
0.47554559761834209 0.11253022855490533
0.15082979786627865 0.45967298763836201
0.80127868638592059 0.32530059457921451
0.26004675211216893 0.87942258549945307
0.17202438614449314 0.80319953581810277
0.01358353328431971 0.71208462497492886
0.29631175935855675 0.85442870924448955
0.51175012736352532 0.78683919707361105
0.45944533354462774 0.34505009293545014
0.37746901282027567 0.12152652554568563
0.61678554184916945 0.51623298574776399
0.40363713760417991 0.34038171077754964
0.03661295656931735 0.50840457989798660
0.77749581998191097 0.43278750544218031
0.57582864942810885 0.78274088170520717
0.07856350217835471 0.52935373172040290
0.27374276494149785 0.85294189705394696
0.64280723181731736 0.74695065084295087
0.67151642993622462 0.63386950058524272
0.28763798200459134 0.91202819732168106
0.09188429949821464 0.84247354786641482
0.36993484014528466 0.85018583841512385
0.60633018360824209 0.36758798106034840
0.76908108867400415 0.41277720984971039
0.59604393652399368 0.33578247702729497
0.09217486570710520 0.87727369629043139
0.72885249040218625 0.38708013896477506
0.12943122164362145 0.44675286800699654
0.18179357268042284 0.87503247142210561
0.17594911261156537 0.20946057240557833
0.51443996323758234 0.67754573827148512
0.09267923496375427 0.72673072578004660
0.22830733569143802 0.92911155238933729
0.65478857531714518 0.30403223574959831
0.07628776865693354 0.56929743753139217
0.47909019882802339 0.11728861825659720
0.59461738949224918 0.60230112087932064
0.61512149907428959 0.06331832442956310
0.79410476355190540 0.32024026512530107
0.53292060509873740 0.55945228438375372
0.82505760192861166 0.37752012523471618
0.74720496537397052 0.61742946849813074
0.46206488436920112 0.45729332272353052
0.54708387682490023 0.07532094647336679
0.56995418579210111 0.13096851613947677
0.07083481325480101 0.65705075726727569
0.48527953761158926 0.17494621317053347
0.15233189403605957 0.39292362507426210
0.73476340332003598 0.39853417635798982
0.42962627966531680 0.35804321075887136
0.45187232348108436 0.13161797739735398
0.81079476718482824 0.37551024417481055
0.11200501396332263 0.72726160273050178
0.62375473099924128 0.43183731492652327
0.39384467815584911 0.19500393273751082
0.79214135812626474 0.37066688496679456
0.15287979352102926 0.76366165581956613
0.41806717998755533 0.30311783267439479
0.19342337120905692 0.20731205925637566
0.54960856890735110 0.77523603067095193
0.41249774030605524 0.14002550551690651
0.64313436142838942 0.59526520603667321
0.47516802830669480 0.06043591389086704
0.25575003975589256 0.86811331439016148
0.61242692785839337 0.53299265456859035
0.16136195729753328 0.36330757423418319
0.24980444826036211 0.23980415056039048
0.63239647026453205 0.57938099611772098
0.11146328895073153 0.73354598740764432
0.34408527082383783 0.77170627258577951
0.24057430918332107 0.72817250082816243
0.10718358321448057 0.38421006550343462
0.66921277845322147 0.27477646462408833
0.58612745350535866 0.67212538746586392
0.07529132177303356 0.71694524946604365
0.65209084861465483 0.28783293473435939
0.76734382910311727 0.08282325124278686
0.61783128485402683 0.83314535865858985
0.12316309349310491 0.49958321866665367
0.25289955313413576 0.18151285313239779
0.68345548160479985 0.05669429803337556
0.17591742063030749 0.68580651934509551
0.10433071598293214 0.93463604774356412
0.27254921715371300 0.41567851594976157
0.75914436503827887 0.31248616875262658
0.79031121158192807 0.14223160675849550
0.66707686999343163 0.73634319245293900
0.84626220425735488 0.29784123636132603
0.71361047553684842 0.51123527613792685
0.30532323168368702 0.26732346950896063
0.28745173616049574 0.34812895473745115
0.37261008057668354 0.83580164041485161
0.06909763947119600 0.74213164029464651
0.75623445297420266 0.64101187369128609
0.55438288144310577 0.13329382901892961
0.18992102403306202 0.88935937562220002
0.36889039542733865 0.31586843405116816
0.77167596971702568 0.36897990970113254
0.66901239929535417 0.06760894660584012
0.17333903329722686 0.36295832301318026
0.05489786549076473 0.81073268740105542
0.38788379292753539 0.19729718745368827
0.45273699267970657 0.72245441490478612
0.25883958514890137 0.16544750642670378
0.41003209027070903 0.51719732372496907
0.65807188642906078 0.16095511537177670
0.76825223169901757 0.49606697646821946
0.76939074244775396 0.50098894968660845
0.51556308715147514 0.09011397877922718
0.74848162701427745 0.09542919224311831
0.69090125850141193 0.04595939541863038
0.20593430114783268 0.85614999461987729
0.30323595039707191 0.94200245124740156
0.73609217856286213 0.26182016853281787
0.72711040047286757 0.55920322283636481
0.75157465278166502 0.62692974416141356
0.46250918184291845 0.74278015999686053
0.09854488053328488 0.44906877654417354
0.09536514573259498 0.82629052707387074
0.33511760771092142 0.76121800163067599
0.74687452935992649 0.05098929426409391
0.79701878615172950 0.46298226456272956
0.65694423998692419 0.27708494942509665
0.58059713127536483 0.14946861447959789
0.73460411499715106 0.63728043695898040
0.36817936331121393 0.94661842274456121
0.78971233643889849 0.40800787779406239
0.33496766658709776 0.41989658785676320
0.25690310037712827 0.19267063390534114
0.37150723715962175 0.60342536495962296
0.29444093551611350 0.15602927363808794
0.08911464253105966 0.44935727951680471
0.46179619447566123 0.89237121188553647
0.62112081114061213 0.02288086575266877
0.23862127552031989 0.61501262819521596
0.60134011754825445 0.33164286102339730
0.75628254032547104 0.55225478805561834
0.05109023274813734 0.69486951432135213
0.40704954983108527 0.86591666702221004
0.15965427956787859 0.47672125521333014
0.75288570952589196 0.49547080471660387
0.03334054999273566 0.56789754819058236
0.63023846104132675 0.42619096717531213
0.32909285144283018 0.87104302695484093
0.35845715332459333 0.66211585149202523
0.67690028153555903 0.69892756462209837
0.06141228667854255 0.65417926638045043
0.31744699141776467 0.10028338100269117
0.66275827801734433 0.65856032624765615
0.28284464386026814 0.52766458686376461
0.72225115735172107 0.70571839192364194
0.57701361412576446 0.21007917616619506
0.32599125161327108 0.38663036249533655
0.55760427636860244 0.81308925692388578
0.59952742196668951 0.52836600892149510
0.38841863862702858 0.68779279827531692
0.82222227161664441 0.30753392474004443
0.63969905208356648 0.05830751559086775
0.52075970194315202 0.67545808600995905
0.54028229418572071 0.07988099943695033
0.27102343236808007 0.91039450936077637
0.74929037532325704 0.58855122884964428
0.32528487325227573 0.23963589953726502
0.38767154184110647 0.61779446412621397
0.81289178102396398 0.34910563513915727
0.67747536381815887 0.71511489998111555
0.61068852609885982 0.05342548130399339
0.32311442975404808 0.58645946898185053
0.23549283827335799 0.21081627596242958
0.46062645270822089 0.09212377740547024
0.83077739524232930 0.33131250951118929
0.20929209248881495 0.24088094015746025
0.69703084324638664 0.54559055366637210
0.44617931938652056 0.50248862715379627
0.74910396612264807 0.33730554070529534
0.76847378240471143 0.11525490602083702
0.48117649664029993 0.39945088951342295
0.46546720300599675 0.72089522419344276
0.75408620020327199 0.04067840176242200
0.77251107031409449 0.45693046233935386
0.83880842961990387 0.46667210789829927
0.59093320471554889 0.26295523503472484
0.63734475454110529 0.11138539552457251
0.69512298869082945 0.15192132323858887
0.04210369338581556 0.57554954368447964
0.33543991735627060 0.09822146333818713
0.39200390108122507 0.45520033348643646
0.20549824657005109 0.56585887650302313
0.40770533147115767 0.85222505307775331
0.73850429996880429 0.50708842012478261
0.24635492318343147 0.17353532036516020
0.74801887232427344 0.57495178810930192
0.74551698746184281 0.06534971788133435
0.20440816528343611 0.82769167278091793
0.36017581178706354 0.18351983428164720
0.36946519614444645 0.10779483842206221
0.45208447733580115 0.13805119310073055
0.71081662332174456 0.62079186259973151
0.35227996408957624 0.91363463661047972
0.73659911995120975 0.65831222630401320
0.78843509841737647 0.32017297350967455
0.67551748931012900 0.75938179738169709
0.31463548731420632 0.34631331315338298
0.69089022851085014 0.61542590132534170
0.08702243349090534 0.47335763268648645
0.70002431173242419 0.44292786314943311
0.62383086885102845 0.10668638793368181
0.05844289645680045 0.43837242407329347
0.32482116232466113 0.71259491732512237
0.09317240823485723 0.33906085303298111
0.55642784151545577 0.44985184112420806
0.84731704040308320 0.21120739671859304
0.47425254344290108 0.16418267121313956
0.26865170853159154 0.63057870992657206
0.51904439161441462 0.45961336349502457
0.29181333860581815 0.34293096906721854
0.45566977208775239 0.09060643012470532
0.77741270797003925 0.33672065439406706
0.12408985083613329 0.42381583820421093
0.52216316456914214 0.11743682824587175
0.38121506430126939 0.10783380589367399
0.78304075467511591 0.19439482467933256
0.39079837231580583 0.18877081797069314
0.38287038448945526 0.30492748652717594
0.27376239314397038 0.91672768867701060
0.73984659029956157 0.57001305370304789
0.25706549106175336 0.94695625908653835
0.60892275021522690 0.71833848624982133
0.54810884198482857 0.21597451574647242
0.43252493275460685 0.10448688948280394
0.09092147055621586 0.83813855452289310
0.61278516333528632 0.09333103130076666
0.61945296096902069 0.21974192321287944
0.11032874150374901 0.41579831613474239
0.64357816753943486 0.09857765335402478
0.06614175328297368 0.71616071755663990
0.13784336280070092 0.58198795830619243
0.57435111198626143 0.45901171754207371
0.58500343541900801 0.77256128545985125
0.51100620582271494 0.58618782598334385
0.59339724381791292 0.61746992604345563
0.18327612928744363 0.71151281163609392
0.69105185254117951 0.19844188106466951
0.16379113352385835 0.27979827524105294
0.60998745606356275 0.80299191950396187
0.77606963324293432 0.16315593138024825
0.82264025088342840 0.38942876905879925
0.60740499862544939 0.10909125334003418
0.80498307451476259 0.42853382639858872
0.27292594034946033 0.82601146676046355
0.49919326886467125 0.27674310672440966
0.33685871925568034 0.31002099173587877
0.41367340062730290 0.93135269748702532
0.59318378325109089 0.06850769879568254
0.49006550122380355 0.30730238648316310
0.53579171395319958 0.43284607265970843
0.75297907511021678 0.08737681240762103
0.75141556265018505 0.42560217917535059
0.38192768422045059 0.66668396468752078
0.71000735256993097 0.60653822875628061
0.71373715482113265 0.68314160777571631
0.40330849116932294 0.94431176863419519
0.13280017294353366 0.49506501737732211
0.28748185402673238 0.83644266229289310
0.71352015161233739 0.70596953237443416
0.59146077494073923 0.16883952128666269
0.29504067722676647 0.68403760684136128
0.21637142528787967 0.62675076215863490
0.18807587893062325 0.90292677708365299
0.81606739816732621 0.39804109369869178
0.16622171781203926 0.69591382687174164
0.53796702424354714 0.57159632359502799
0.49145153168772765 0.27670109572353885
0.80157949073312307 0.39440832475772697
0.44864944554584890 0.15845300781723157
0.33888788074906206 0.68512700673697235
0.50440348707751381 0.42029130066130216
0.62477015403043423 0.06248041761572812
0.41959318290816056 0.67858893713861324
0.62328697501750663 0.18606078645263038
0.42632508526032292 0.60787653236948480
0.02713094300510510 0.59342943881262766
0.21469442306881240 0.43613333110888580
0.08705088895767557 0.34507717878572358
0.61414478059854494 0.64755177048587254
0.80320388896845518 0.38913540339420627
0.35380090249493268 0.16934797599518964
0.07602274185216058 0.78311981093576200
0.76690478341446788 0.42401618611305592
0.42677106790050234 0.79855064959279676
0.15196314877934516 0.72232069574306257
0.57678246105244235 0.44629423407088931
0.47625323381496432 0.52165002817167727
0.77806021180596319 0.15744313533273185
0.70029865705515870 0.33964294439324250
0.72922707635161255 0.59669868099841250
0.49834454657160987 0.45387797104829508
0.53555644162254001 0.11822412838708560
0.76411885859307815 0.11772294662266244
0.25669452564759998 0.94128259874055231
0.19500612073768772 0.45485623262891878
0.08944964495479613 0.83200360664674267
0.62056706983386822 0.20710210232688669
0.81216722636922078 0.24255387714836565
0.52607671535991296 0.57071553541908826
0.37265648346240537 0.75160898441294277
0.51713331477877833 0.06826632824135435
0.05527898347408738 0.74279736850086031
0.61851948256166633 0.61524587876122583
0.51889591315378281 0.84974708353552286
0.16639071641983408 0.25336308411929997
0.45599347077033531 0.10012193138715395
0.55350373185508628 0.40063680033126642
0.78641090371524902 0.24290474374062748
0.48767731582548768 0.39592745503636817
0.19076988180502996 0.56839094114549482
0.81865390926348136 0.41390058044787364
0.23720832757906979 0.93609089107019272
0.12881250733857991 0.48114512694448031
0.21548617960200181 0.63380792916381079
0.69184248960320793 0.65499139306204324
0.72736469692287786 0.06935692062895527
0.42980564552224693 0.37929092443824886
0.22421878296036499 0.76897903028408032
0.72303477993901566 0.67211314634809616
0.05609838137998190 0.61123846437858786
0.21369253228373294 0.34847731964861961
0.03935175362388003 0.73791025450312320
0.81218730255823135 0.39466595693024115
0.08451537904662997 0.58654134614297282
0.69627436941936605 0.38507375246158865
0.83567510147773616 0.36380285104020910
0.16523120245206008 0.68633671825330222
0.17368637358270664 0.96293798294814592
0.71659841453951112 0.07735970700614024
0.83812130237350102 0.32175622878359433
0.63842617069623553 0.53589789205016436
0.26613045130729157 0.92448246617898333
0.18239456606606824 0.94170103144224038
0.75661214111458974 0.06939429884390216
0.18208627392744153 0.50205379986215082
0.41694560220060439 0.27392737463441341
0.59374813174554986 0.50298495884534344
0.43188212659134306 0.32862661623714601
0.08002464241604934 0.50596706835187133
0.53335790358929058 0.20634922716244217
0.31292062722377828 0.56317386580597462
0.56995218020968574 0.73915227115892068
0.05691933979404742 0.58095815745017798
0.34245718818259296 0.24826216763067011
0.34051907077547289 0.15567892932905908
0.35651296759641959 0.73449604831021031
0.74961751172277680 0.09970039504179605
0.82154437420717707 0.40741963565645756
0.52014473859096544 0.29839010856790094
0.38875124667330974 0.10369657047662732
0.67066031371814350 0.06361387994082908
0.40194484738457231 0.73614416837108665
0.80949775150851655 0.20584044730164497
0.16824541666298004 0.55515895852138919
0.05538705091885782 0.62063164487832090
0.34700144988356685 0.96985489974524342
0.32478945318890667 0.39451065875290908
0.75776474288042994 0.23503415917516074
0.38528636179474862 0.47396909824124073
0.61522537155679968 0.66633757838433949
0.38429448933681376 0.87650483246593847
0.67981588785229052 0.33932666699273140
0.78358766125708024 0.44576291481473523
0.49208806088546614 0.69441731659030936
0.82006524309053941 0.36352402027431624
0.44219867532654333 0.13099214297894646
0.52787162650607800 0.01978601276047416
0.83472474996676116 0.44801544270649168
0.09511138318240564 0.70010978295490411
0.66366977910071223 0.34517434381188733
0.61959029524626652 0.13677516893996031
0.19472775774997095 0.24508745475679350
0.73005124218309214 0.10348518587627067
0.32096369524380419 0.92595883171657745
0.22338520180825042 0.89104306958272195
0.62031216909602005 0.05494765274766529
0.52637989279948871 0.69414259275902335
0.37262622498456327 0.29030534198773361
0.59783967351492762 0.26487408717286187
0.27966983500755821 0.85165090954887424
0.67236992949759322 0.70158313940485517
0.49897206619283285 0.78920242603525248
0.66048094763395415 0.56368513424293420
0.53273735462930261 0.30192624657429301
0.79239211135340493 0.48237100304241937
0.09960602577864162 0.82634314627473704
0.07377424663787614 0.64841041437154701
0.14840332662790523 0.33824450450502180
0.76097307876144082 0.38073926242254402
0.06214078126961090 0.76466283637953658
0.43035198208379927 0.80400083912776077
0.56552418273785265 0.43919956089715173
0.85415594050883725 0.38693865799397231
0.09031669833667560 0.87287270725517063
0.02619829692480374 0.71960698055890360
0.80921333479378621 0.49858467291185921
0.63465483471322726 0.17614845707082244
0.37557727843915700 0.49361258070536446
0.40861480521674870 0.09435636396091562
0.13581653949293865 0.75298200032176699
0.37254768094037571 0.13328917892873440
0.44400368133245788 0.36108036173807018
0.27638029976742506 0.73415524415648359
0.60426849218111200 0.17462895029264802
0.51725785897621224 0.81247922435283482
0.55074108965279256 0.31432121451565570
0.38205758302486370 0.16373302998471007
0.56465141409421704 0.73653412008916219
0.64010695194331491 0.75116536502316500
0.47087858552119766 0.60360214612700214
0.31995007671041076 0.81591435825793168
0.27019470637960630 0.45564303263362904
0.50848982537311049 0.54314755041633089
0.38294544100561184 0.86268367318453187
0.48712362143187488 0.16386694813610869
0.35217148888460714 0.93042892655695175
0.38537264361312279 0.65417994631011944
0.13897539094602687 0.51650166194317337
0.40739941557979947 0.47878102829814667
0.73378672208447260 0.43152981396561069
0.36651883322239392 0.71086451866007216
0.06393577605037352 0.68576928169170470
0.34804855682369024 0.84031507139925621
0.71516933708190655 0.58638189859270795
0.73857419797010471 0.16589419020317867
0.45651653702611822 0.89391263756987016
0.17102008711867236 0.52055372611670214
0.84746465493798284 0.39233692380656704
0.21018867562366098 0.29362610865420596
0.02085175065485613 0.71607086745648374
0.70833115918874479 0.50624610592754027
0.24550923941513794 0.35409997056152259
0.43415674154950562 0.86854802929798369
0.41747407900214673 0.52314611648117071
0.28981633520018607 0.85544177843650149
0.81269635250664618 0.17869999245269055
0.59032423488776131 0.77995933974006415
0.45995118244017325 0.40633492422434869
0.63034415400292321 0.37581728030494571
0.18112103524580234 0.72360075171039995
0.05491983551339120 0.68161951554463196
0.81731050301652974 0.29390397372101368
0.14339231390577445 0.66105693445088787
0.17790467647138308 0.93095817147962312
0.53911028758645563 0.34371319419822605
0.59925514712294448 0.23711655101146514
0.39408645582707125 0.88909374689041420
0.02370266610264403 0.99627480988495143
0.38938106785881882 0.07168688885692895
0.82849980004764645 0.40901307299751882
0.72593942382756038 0.35352777364516053
0.22356611851679414 0.87031468835800230
0.02548199115465627 0.69432954950643644
0.26364552126604007 0.81631337692088468
0.55467286963514173 0.08035342924937530
0.12372997980004917 0.83166091609635984
0.27452192631092415 0.54076326552965492
0.46970983152457113 0.52407255934312247
0.30509091082722595 0.85004472792626040
0.34583347577159251 0.75206268789880037
0.71191798826975317 0.33858227465747803
0.52575952234010603 0.61308017553456862
0.27693749992946820 0.69689157150772896
0.51988577924142687 0.21072151922523910
0.21832875767290982 0.34388935621516381
0.78603388950167208 0.39889675818595743
0.51765040197030154 0.72600321631972686
0.73487723271048888 0.10200567848295058
0.11980646610659228 0.69406780006375435
0.76114241601705313 0.43351590362731818
0.77015048584053047 0.22260122800183746
0.69399725637376519 0.08267408540177137
0.80260658634746973 0.51520278196695779
0.19787512900383483 0.79680070234405087
0.41576170852581368 0.92456578813990598
0.29957465439738012 0.18724441428464111
0.21115873750262198 0.95133452104641414
0.60428793256601965 0.71514310959416261
0.62245464042293308 0.15741782020865286
0.75935654494651872 0.53786160744526645
0.71798338655824057 0.06836191798194866
0.30644703208331581 0.95090645022531861
0.19532540355098116 0.63017302449178336
0.11733711653195375 0.75256799583447576
0.19660916093936120 0.87268421429153664
0.66176217927453862 0.37935930667347750
0.49477069350451519 0.80023664572764974
0.49798192547682452 0.85812561790880981
0.26972021905542048 0.76527471851914464
0.71994426128667310 0.47593916941542641
0.06622062981362561 0.63582494188560457
0.76468052720992641 0.53872677878183073
0.55055212224473105 0.60193040866324687
0.44067740732262972 0.26402701595613293
0.74586812137594805 0.41227161939247420
0.12963700046785645 0.78853733621179567
0.61156416683815751 0.07186414015473193
0.12798104792530945 0.87657014474777351
0.82644750762773611 0.54416262379823777
0.44312103762134858 0.83589585577875902
0.54799138619839705 0.54560830348682043
0.73604612942335257 0.13071188196559755
0.33083186794981773 0.93621666420922944
0.58503357347451757 0.69808494457897019
0.59779362003646974 0.68571450176885229
0.63095006643485030 0.45026324791271927
0.14703372261327458 0.30683383728955077
0.74847849166500158 0.46531084154440228
0.27015319132728050 0.18695164693455771
0.72750971179628643 0.61878056814765969
0.77162537679270293 0.46779482915963444
0.19440659845751332 0.39981303759040282
0.10937665240223247 0.89213741568649796
0.71899782475994811 0.56444502769656535
0.05249062359361788 0.73356052785734160
0.61248892244112085 0.28108566340423308
0.62256291022903887 0.09015169204974134
0.41450007529351662 0.09823618981370476
0.68198278285433478 0.72878913823880065
0.81946326062347608 0.40224914316676036
0.35319884404550134 0.24028394261685493
0.71427831819811782 0.35361276740326270
0.69206744273638021 0.24743594227064872
0.76896320815889108 0.52509786016071525
0.35498252871133112 0.62552641653029983
0.21553378298990003 0.57809598608471635
0.63325552289472287 0.63400855964828740
0.67379933407639359 0.60060310300654107
0.17284221888750115 0.83008205003894209
0.71504484142829228 0.63330460446979620
0.15279287823522603 0.74963113613857202
0.23853649701705254 0.31647828780412901
0.74400888371050011 0.19943502436474883
0.15503231004193710 0.94306829810190984
0.28869132021718069 0.86241834479755630
0.40558663232153214 0.20014871668557702
0.07904175826180242 0.73109672264947401
0.49140928421696767 0.42615033415909709
0.26071337286972296 0.62603692419744505
0.50114567522833653 0.08200804185505926
0.05305135183872071 0.61553232193543672
0.06002810696711013 0.90898697168211451
0.03450606793338956 0.62429112995836822
0.67934399878005214 0.59165436354910761
0.06267807373218928 0.55715093645016189
0.07420291819309724 0.47025914423276044
0.44846975731456046 0.74207062958204495
0.42567337710036746 0.71610365292543432
0.08818688646157732 0.80629892812295390
0.56429512071799881 0.28446481226687192
0.62645991276895496 0.03925322956156922
0.70337355262174495 0.63466660140352438
0.76955039767314548 0.55680827425973467
0.70566335056646357 0.58035057922084565
0.47420066552921836 0.44143235333116460
0.14009855047016073 0.68601070766691219
0.49632315929678633 0.06643265435104405
0.76098812192494591 0.22397440681239811
0.14662080250421430 0.39386605814685760
0.06604073842791695 0.79616386648162984
0.71960132083461004 0.68803941449596018
0.58934584483636465 0.77521973539644684
0.30342236033377040 0.81781207084421303
0.36179681775909767 0.31443506083312772
0.59505229619961808 0.32756990524735535
0.34473433978859358 0.83495823985580586
0.52163212783575474 0.36966013951455196
0.36264106909344146 0.27129434777824968
0.41519106722353311 0.16707161609164617
0.04666159391631233 0.69783355468873320
0.76952121462691125 0.17784219808180970
0.40070754762683392 0.24237712964312039
0.16932313766190418 0.76846792257122354
0.11115197710512927 0.87169583354970248
0.08547614936653446 0.50425677537087499
0.48807646100521429 0.08439667920475498
0.34127177616743670 0.12269376723397354
0.71714070386693995 0.71156751577832489
0.20092922609400954 0.25302150813981927
0.84048000745790830 0.27021504667705659
0.28894881536237588 0.28105092225863892
0.10827472524642141 0.87789911274479149
0.35082854153481879 0.77471718711738335
0.60105084607719761 0.07311298807892698
0.10909616973778669 0.33633897492804510
0.22151692546124976 0.25171355302099607
0.36162509738161985 0.12554195683564259
0.15306782996743151 0.93784014429296736
0.24953480810812009 0.72772399253972642
0.29330820838444238 0.59250050992284742
0.28962555303540299 0.92637122957286400
0.25161019641966836 0.73584341323320790
0.24847997343243464 0.90555934786709535
0.66681245527755362 0.74304418247620385
0.54719080681120125 0.81120018133542404
0.23083368125022261 0.57957063451704161
0.70361220054455653 0.02982847429042151
0.45645962604972434 0.26940146844216656
0.27191738040816621 0.35493916494861033
0.26559300652424339 0.64612574013987922
0.48767968037772974 0.69939037514883784
0.59614425472541022 0.12278970784004045
0.67156836161396161 0.12543200665587612
0.35460596228276875 0.79725718895042286
0.18644292760746475 0.52062277791388967
0.42032919455678774 0.90212958132443299
0.27572923635342272 0.71828716483563915
0.15564073456971986 0.50949481655088857
0.27636391993136078 0.21995157641360116
0.23022330729870819 0.81903395530624468
0.18792816234229978 0.78639347928661829
0.05664972275011698 0.54222470972216130
0.34486229805323332 0.26633810419933363
0.32321003715942875 0.19377337097654571
0.46446346973072206 0.57070323099608311
0.69380337953192006 0.19264330746386851
0.11966167454538984 0.77340471128176314
0.59392404657729303 0.35622344692691899
0.49650825516494335 0.84959389111697137
0.43840204436518121 0.90815279818268724
0.47123989961919505 0.66306893512205556
0.83336157606014416 0.42056131657425344
0.60985245448576786 0.45859993134565297
0.60665760002383595 0.54635450413405684
0.20373290319992685 0.59888626699290481
0.10184632286554261 0.58702875830276469
0.52486779989585330 0.33668066295525989
0.68602815224605718 0.15398965854149904
0.02971696521149096 0.78645872044304455
0.21265891653468819 0.89580791035600926
0.63431440253479177 0.15498337830792824
0.71380052318486487 0.67773132914896583
0.49768681422061734 0.15667797517638449
0.57033707178950921 0.29216767309161978
0.29672653662859111 0.27854127915524607
0.72691483330479600 0.09601887260787845
0.54990595941294584 0.74790501284163258
0.66240810436699527 0.18465955279656784
0.61602139058183991 0.65331265655357196
0.23916546285766097 0.35667692982628962
0.26925199650964710 0.75178560606167633
0.45623067828424030 0.30098381422974518
0.44688810045236127 0.72916192380673917
0.40256831376584679 0.86246220981093336
0.37584617050607333 0.26452096288332333
0.30687915001577437 0.86070141538162226
0.71855958617265403 0.05858720557265463
0.10533620175804884 0.68924880563516533
0.74001706597527805 0.56525910178760896
0.63972891955469235 0.10455675153657702
0.58610503287939675 0.31702456903733756
0.68023859268815634 0.08756201823605003
0.52553114804830781 0.08107889895751651
0.68345378475918794 0.06124275552127084
0.64181912560356158 0.12798787954406862
0.13412976641897298 0.71968381081762689
0.45074841577878888 0.75584916115113943
0.23616297924375534 0.93064298015412772
0.63180519796145318 0.28642129269615058
0.29414307155253383 0.53028420469585358
0.20099438550359669 0.32681283459927329
0.49279756960392396 0.82097396534617306
0.47999592183684892 0.49506016734237784
0.62596846534866679 0.31000522851522083
0.62641407451360021 0.65072190171793798
0.53156080459720012 0.86288303139137645
0.77609503282148251 0.43834014198341337
0.33068311376307569 0.17301909477082633
0.80659986107961035 0.26905249562400352
0.13889730011030027 0.36900601926346360
0.56019329863019529 0.06223493497779858
0.03174038342720074 0.67371595435299192
0.27688119231117253 0.31643462078422258
0.66846777685769543 0.69323897752137742
0.23292997076638991 0.27677685875446234
0.52090948234711465 0.81683704390013412
0.40422693977490215 0.10078833234036907
0.37129583076487832 0.73516440459520060
0.06684138155659575 0.70058953122087475
0.70815207157345028 0.61590862447336692
0.51980270477442347 0.69557090901824259
0.82128524740685416 0.55822564922059204
0.11098527420345024 0.55937406397315137
0.73050102585437060 0.21547655537614091
0.72497358126658895 0.04664383869027001
0.34599915889410382 0.85648770443979627
0.55735314231450783 0.38797167332048305
0.28358352050712077 0.95978439268422977
0.18616849836978097 0.26449365140994924
0.78490714077731627 0.27495353101890241
0.04095629243355772 0.68544399364718012
0.53379963761986537 0.38177004049508989
0.07329928169191763 0.87006725626660619
0.69571778455863609 0.09205818306820705
0.07627029594288859 0.50204834965408385
0.72547630948120201 0.44707013677684787
0.68448369722841085 0.67699185359010972
0.66396956579048771 0.10536805541908392
0.36587691309141795 0.75490768006078046
0.30737390331367420 0.96809656982462178
0.15271584948461089 0.41771255285024178
0.48615912755831880 0.49885672590129787
0.79935566402680136 0.26179549330567092
0.68460399473138045 0.23037469718274420
0.43654564000247759 0.30517326283588220
0.27949949970027332 0.97282329266161627
0.51579035114505367 0.29209068434587904
0.42572815975320244 0.69144156285919123
0.68058892318570452 0.66915640402133902
0.68219191506658794 0.65777734994476178
0.82477344756396687 0.45389817279796180
0.68988703448820710 0.14921037102990417
0.21456511212455634 0.32622430060024854
0.65653568677334395 0.62166801473813760
0.61188946839178504 0.77343158144244761
0.53181528668212619 0.15575876861994389
0.09631205948427450 0.93630045573650744
0.15206304331350193 0.50227446444992252
0.20482141152473046 0.76732378654789801
0.64264494638364689 0.03971557646865916
0.41993704383252939 0.72632825706658666
0.48608688712268044 0.49052330211890988
0.31240501462601394 0.42236569751987085
0.28594023453793038 0.42274758978816945
0.73248411380927392 0.54527247346646135
0.55630793824686398 0.05102138053202806
0.80869605829028801 0.25854986369335475
0.12850063872090708 0.55779995240324731
0.52022876895600290 0.03243480462159007
0.25665214897482508 0.77916435307767706
0.59762516222753870 0.29531544536069310
0.37413792090074766 0.31089847776046864
0.18627738127884330 0.34298568457540296
0.21356748456808050 0.20675559098283719
0.63880821993453973 0.31296199521062545
0.28582565537190141 0.51819229295503866
0.77292989191589268 0.11285963467869246
0.61042658330667587 0.26784725122807873
0.32913984600861584 0.19090911391654500
0.15259348422906094 0.73993076164273619
0.59184401847698920 0.69578618485433219
0.10727643626211836 0.49272231840387776
0.81388801964014346 0.30476889899651594
0.51866435889181461 0.24438612313188168
0.04001211456723567 0.60874871048941481
0.50850587585028906 0.75650455605031797
0.62731859533420031 0.75757827485645801
0.26796228598507355 0.25622273292661102
0.60580275469176437 0.53957910900637296
0.37012911172865703 0.20409710321447586
0.08192783394292079 0.35458948285285402
0.19214396270258602 0.75528217325824298
0.40354348058114003 0.14871069854344776
0.70184126567192129 0.50937165297683984
0.42543305524499009 0.87501895553752618
0.08748675069659609 0.40068416259970113
0.55559217864913812 0.69127826843472340
0.73349761161084404 0.07519030736556971
0.49798318304591338 0.30170216743505135
0.20573756908502608 0.42095973034532497
0.68565545374747516 0.24448228709513672
0.48015528041020583 0.25769578072317462
0.41205636901723675 0.08815033265233339
0.73559520534095724 0.09764328800316387
0.04931251212122163 0.56100760341484934
0.72435461113198030 0.53765682708647278
0.81275805196849660 0.18454908436271561
0.51129695060732483 0.77820203771591190
0.20662688549866737 0.26823341204704498
0.61563862345451681 0.69617946699224464
0.61351226599177944 0.31764761479565068
0.24769019568323808 0.92161547939635680
0.04696029114032253 0.54138375903486158
0.30743125378196046 0.17552988759595634
0.61365120337564738 0.74488680931193396
0.49919134993727199 0.77259816937694759
0.35184829308057214 0.87304289914243838
0.47924052595894429 0.05573474767770195
0.71006626676247131 0.15671474730485185
0.05663670385414019 0.53099517863391110
0.22415034552989546 0.20143216801723968
0.63455520895034145 0.18355072094395197
0.06891456104371196 0.44161999122011886
0.66350768406817306 0.70686343394055828
0.69597191925361657 0.64465979286799668
0.18898146045301040 0.83835802149044725
0.44161990240481214 0.81608798225197821
0.12595244556828961 0.46809937786187150
0.31837417587638195 0.58099276389901355
0.64067312321887115 0.76052564764932762
0.13960090324585719 0.35464010809543811
0.72150823167288658 0.42067309013040571
0.65497022818592088 0.54763527908373266
0.11272573090764110 0.88025906784525554
0.21191000752424705 0.57187592067836790
0.17825612329811910 0.88463439087492235
0.62542433372206485 0.28988836499014975
0.38219681153261897 0.20031028102150572
0.18003775298015087 0.42702217130800213
0.66357453740404804 0.70089794059047450
0.54235411792043720 0.07534450233982397
0.19409220087898724 0.29626985847969844
0.19782289339377385 0.29219984238269880
0.56860031681498024 0.56731710297293991
0.49314003749363527 0.13822830127975375
0.32577742994278358 0.75497570894950650
0.79198448322778381 0.35196538213603984
0.63350249977338635 0.20308164869767240
0.49900551733914750 0.76368989815057475
0.64059535509766274 0.32651474536040143
0.27615829599660008 0.49500078635326195
0.57904589698081566 0.26653506449516362
0.19337002666197983 0.83381516881967632
0.48873245923058850 0.47310928788604867
0.28536317951946127 0.19874459239996009
0.50730526535874365 0.38673064852658906
0.31452593999842271 0.20875339907802351
0.74151783111563740 0.57870829009088942
0.61324113694259152 0.19874162375590557
0.58068445596134732 0.66779881603107871
0.51257321111328991 0.45657116065833003
0.31632637395667923 0.54858624565631242
0.26132662158070341 0.20813128288354310
0.77298239071274977 0.09624555612392963
0.59018883931098043 0.17553093525908064
0.37302293258679192 0.15694026104720765
0.54949059104353815 0.53405355030319834
0.71691665725188036 0.29764237049928988
0.64259358167207914 0.18552779903829320
0.14074191148515364 0.64504441839122983
0.02140183720355709 0.72379309270406578
0.28592661480683096 0.78119038774128413
0.21538617728202902 0.19918275906740462
0.33131167291379482 0.29645136914704184
0.07103239260310901 0.74641159632250664
0.54495603016483130 0.41598895605432229
0.19022138326315557 0.24958239810416122
0.66822977701570740 0.69866471913911998
0.35964743465304183 0.64195737711602652
0.46984754911994603 0.59018704774762221
0.76600052034011823 0.56648296136988874
0.23102244105537947 0.77154313277443076
0.81148001922627844 0.16082236916595136
0.09419243534087136 0.77512711898819520
0.14553653309050080 0.79657627389933439
0.44544612065295536 0.55149129073547210
0.22750922350736527 0.41988932109986010
0.09601759783381601 0.58707608937805111
0.67770958864342912 0.11562256538714717
0.17583656533803804 0.79334813351459077
0.66741370895259189 0.54010882366373381
0.35095371005935266 0.82041849511562370
0.21273570460476135 0.30042650421835082
0.43411413328589671 0.56720522448474919
0.29270464780614691 0.38941459478669876
0.10575615860986065 0.60568739045608522
0.33874006524949973 0.81666047190932634
0.78759403399787375 0.15372246196393535
0.17400313506392351 0.37168815284298795
0.13289345035748851 0.70089832852984968
0.22622821626269565 0.26739509097409125
0.32009739963743361 0.46515685283358293
0.06543054938500370 0.46362585853553939
0.83019957284219958 0.14485693508416853
0.38232844953305983 0.61347142842316627
0.11461611138137652 0.51718419050687636
0.66278740292594951 0.09154660980621919
0.14935227033907242 0.82614589441801556
0.46788147950200903 0.05018144165864667
0.33781699673219928 0.70552478137914987
0.10778224668703966 0.48732718475419523
0.09068660420772044 0.74219085023471743
0.15033687051203479 0.35238168775038237
0.68938275055709020 0.35385896807262646
0.56179498234364744 0.08577634097841272
0.55954523909859599 0.26848296588466875
0.10538441094618864 0.89001481689005479
0.33395951782772348 0.10592498665021587
0.09635233661784243 0.37118618033471468
0.56524768604982423 0.06721080067360272
0.37299758147746870 0.78866031095990297
0.07063950792851323 0.43619068627069718
0.31744545011903680 0.80813672844988049
0.44652203031520632 0.88643861358996745
0.58559708712281222 0.51637203326876457
0.58793586016580013 0.46387470182297896
0.71403088205330412 0.14812003471879528
0.78822406679898371 0.61046732458218822
0.22475506075701859 0.92474227810329146
0.70630342044529337 0.37805380496737040
0.06536980681600131 0.65048293996676421
0.41898400669959113 0.46175662152159480
0.28351031030687746 0.92675941276845897
0.04312263611471714 0.59287147299372245
0.41775992178842042 0.51628632883082071
0.68913736210910936 0.39721406245172675
0.22240899993894989 0.72337306142393976
0.79665286353896769 0.50151038489252775
0.72316808292385371 0.62735720677933193
0.00430097722635189 0.69463895469387371
0.73292254398285028 0.69656809051601953
0.64416352512071062 0.22397209036351579
0.69982394427924599 0.62983720065895921
0.34447818693565990 0.12769775052165208
0.30353049352115430 0.95716822685214153
0.14664490702004501 0.54282858946330936
0.40367094015533633 0.84758557417495972
0.28432721428385238 0.35501044011837618
0.42891251835583460 0.04703454166552035
0.22063007463413298 0.74894943934387181
0.24810128628086875 0.88503385574315863
0.13167214787531481 0.55232658234526744
0.81406183364191320 0.47504807571418461
0.36741682204842896 0.78467027405373280
0.79644685781660052 0.29477285755873511
0.26761704037362954 0.22093411347597697
0.77224763577934630 0.43398980767106399
0.63786240655627080 0.59902909459901610
0.62571806246432993 0.52517971007106024
0.54443270877465322 0.62995191544158058
0.20446465290157481 0.61997200541034814
0.15454069097294010 0.66943527868166119
0.51788191332817601 0.46805511564716645
0.70616162835178808 0.02304474264536047
0.54630549803307127 0.77952807049523964
0.36749783555994525 0.17422564283678221
0.15415748130858986 0.31768766425638684
0.81038166337837370 0.42644525817693690
0.37687495874070875 0.27138952138642081
0.43817386328624836 0.56150690087047428
0.12042174160041069 0.83595511268278100
0.09054069278366543 0.72189157160386963
0.21357420784855860 0.39472502893017819
0.72336631904157933 0.07119465098393357
0.06724419727670683 0.55903369831958372
0.46357330742456720 0.30185279403346077
0.65836070541232727 0.05890129246841802
0.14223477846532490 0.34844907283974585
0.50631643895967016 0.56825021143828491
0.29050168588103720 0.16772617234954143
0.30160399471372007 0.24518152957567799
0.51885560963466759 0.80739587930275203
0.27705397288029115 0.59452965071313446
0.83018299151675989 0.30034495332602151
0.68885677817091884 0.38567141471909250
0.38258424402881613 0.69677771582552439
0.49045642863524569 0.46429454270250997
0.82465291258908802 0.15969989745408808
0.75312873270453007 0.38103781079324439
0.75737672063860806 0.07463058366748876
0.69849224506673535 0.04538042827351657
0.26063140378342642 0.52503395462084812
0.09170732531148826 0.85536482911802036
0.75923938809244762 0.49207545790813062
0.17132385228670824 0.63395842459563712
0.16852799422224965 0.30213150537762562
0.60187650014467664 0.14579419640164568
0.10042048872952822 0.77374573208927766
0.61511985212486642 0.56032999678751316
0.46206448837955610 0.32191770737634623
0.72824733718562296 0.52538374429251211
0.27650829969561430 0.38660612398221422
0.72638374713455878 0.40898925689218324
0.33297361069636744 0.21007698020408275
0.78297768558212733 0.43189298424654488
0.05713918216105161 0.79429988323708800
0.59348963543110800 0.72812483854148824
0.38937025426362593 0.56345277001964134
0.11008927223310094 0.39826863244884869
0.55724993971498349 0.59859960283328939
0.73396255645146324 0.66383103386151132
0.41182136623621990 0.54486753936735222
0.64729030373858076 0.67024401500572361
0.42366374659868294 0.12267417516571162
0.30757268469085142 0.20005410449349001
0.61469405958769818 0.70173437909912872
0.21997217640834180 0.26428069037301744
0.44170685769682283 0.88469525218122769
0.05333638673343773 0.60008695648213628
0.32414072763435331 0.16254316606410785
0.05641171545520555 0.41589783041924211
0.35768661032324978 0.91738322875903600
0.22588307427927229 0.30048009262062081
0.54321222797494395 0.25598736681117457
0.34050967648138558 0.36018230971510290
0.37340212378252707 0.51818015772307913
0.61275735254691821 0.38637285749899558
0.05332205385978316 0.78059651618119263
0.29444744164760950 0.63240897474839719
0.70417514068957754 0.42277074809145260
0.61975246676386142 0.40330606721389295
0.68983074853923865 0.59769137918609228
0.30150220030897540 0.89626535593544887
0.21757243005647497 0.22213087856912006
0.83374235482679293 0.22593981446195349
0.60462712726683177 0.04542084082387864
0.81598562393097718 0.39056208369440709
0.68614896913674517 0.37886704160158036
0.59950916686587918 0.71203372098021622
0.06119959595765369 0.74447660655277925
0.69058288571680948 0.28320249165295824
0.63089060712082734 0.43292812354224486
0.37559986124212430 0.69292420599865634
0.69169270320425436 0.33154200230310354
0.01810873185192952 0.66063546459127198
0.18177134022360467 0.26891017480475576
0.25039888441206287 0.90002968065675049
0.68921482305217296 0.08570452638552820
0.29163276953659417 0.17404989241504112
0.41444960321113844 0.88541728209081350
0.19099194933925159 0.95022296063686462
0.77639631484616767 0.25260757923991795
0.78625773939070998 0.35542108993752125
0.34054329703386149 0.19326294623688683
0.33928133669867316 0.71951292131210320
0.40478827239363008 0.26879591879469433
0.74070689854044169 0.67754958295329215
0.83112919676649444 0.23169047738499970
0.73805683368721631 0.61924602692006492
0.85549031109126472 0.42057691114597889
0.54459171098944970 0.36256578070365009
0.72280211390083438 0.05587556072172009
0.47433454027535621 0.72709761810702223
0.30608948653004353 0.18070335704269164
0.33149721276572647 0.39193931476648258
0.14348918492246918 0.84871551876134788
0.23303991852038219 0.28948414049033766
0.24622734803764371 0.30569156872346015
0.48718179362255959 0.73433656845890638
0.78632259494130730 0.33093891384038870
0.66641726056043538 0.12907200543786809
0.78621629514850788 0.46430253545165923
0.39216584105132291 0.34893328362575926
0.33550444978034966 0.52357438178113536
0.21961346419149960 0.38847368224850631
0.38619205224509945 0.75573809049252461
0.41363458985817686 0.10814891962362137
0.31237255857342744 0.14582270587179266
0.10409268788998488 0.37781533372265586
0.16446771002141314 0.24691195442975131
0.76712900091942249 0.14230049840593234
0.22165343144982871 0.91457850073160030
0.73661199620031548 0.06677354208769785
0.64139364178217728 0.09364623907216704
0.44193526088131174 0.91317558418405675
0.78508811114353971 0.36081129834861891
0.58921720539848255 0.47886660848298446
0.69536742614838387 0.59404522019188333
0.49951506346007868 0.87319546635248291
0.50752595244732235 0.28956958668099075
0.28025219982805361 0.66440597198249751
0.72104051693336790 0.42730724602524439
0.33098640274326152 0.59924897154460266
0.17574010822433514 0.44902420907546620
0.09557417604209970 0.80865718923778851
0.31225845077010039 0.84917357373217117
0.09042999075856573 0.76212791700945592
0.72335875932412819 0.14052882549326667
0.52908440419518132 0.11760905873369572
0.71048884273089807 0.48506875373249803
0.22848269484847430 0.24342292148969683
0.63970879408143166 0.06747532015350985
0.05536442578114650 0.50469515065795523
0.34483851127005344 0.87920812205671250
0.76662706069950537 0.46599975502786739
0.30763026883353495 0.58974524637508408
0.64574822966591494 0.20802843066824286
0.45846249887061252 0.53457965431430121
0.08959287414097823 0.46866183127980182
0.83927298810282092 0.42408078557509687
0.73014005195978926 0.13159596066544652
0.42035382749715805 0.82403319083065130
0.52920852140051011 0.12927705991354058
0.30333372086865334 0.55557957575367800
0.54484843011129980 0.10596916258027908
0.23602704055862700 0.24554449827682964
0.74227977638691467 0.46944225033466380
0.74132218951109585 0.12992103140736144
0.26735699082154585 0.22695287192578106
0.24278996167235514 0.90723849701550874
0.69860500810604553 0.12725518649639292
0.26338147975066734 0.31619791043083650
0.08473100959474891 0.54658934189645703
0.79393990556563354 0.54930830850169621
0.31621268853651840 0.27582008862093388
0.10623402268144001 0.45558151968268418
0.08851736696776383 0.49372091954079689
0.64243462544869512 0.40059895516251776
0.39201765079773576 0.20287191278210812
0.63867886215031755 0.48366015385350075
0.55288270031072351 0.28163215558639193
0.33142375082489989 0.68401481337261527
0.36545184138841835 0.18647812283273116
0.09570028436130641 0.39361475880582153
0.09969866625584702 0.80665596121145244
0.44013457195669675 0.61872028634117360
0.42944474178032371 0.58608546371739378
0.08536780633880102 0.63263942893882741
0.72744930159693244 0.62948294650334735
0.09912733649218718 0.65575169868697580
0.25519473238255230 0.76832151618082889
0.11807610711777575 0.38190758781730977
0.68888100295600418 0.18819836679270560
0.61803382049339883 0.06802572428439763
0.43446245265389277 0.25017137439140053
0.10253026075889254 0.41597296185602955
0.46904770653225664 0.45342073108777392
0.37961160503850949 0.82467090738961779
0.16270213142640400 0.92475380007376695
0.26454653247675741 0.16814083697708340
0.78573440219618662 0.48711827289481296
0.53665058946690469 0.15029056316321962
0.27178347518470808 0.23019558532591428
0.60815961566142651 0.12801533144128552
0.69818667078571839 0.48496532217437216
0.07592156773983313 0.42000539922097568
0.58556535066257120 0.23832238048215115
0.35561711823799663 0.38045591125462702
0.39780116542188809 0.39569656636436151
0.23443429768375360 0.31003856688353898
0.71249679315802850 0.51770803448707359
0.63165454478644423 0.41239208221211709
0.44630304446709690 0.68174725685578963
0.32689204838243929 0.59244908840091337
0.49097894755936267 0.11364128467942962
0.41861878384952178 0.75714213599088476
0.62683149766693969 0.55235299230849288
0.77944310779218440 0.38155515352783392
0.76263356647296854 0.46239664285239873
0.17720929245080469 0.93926894328090427
0.51822790368955718 0.33353926623296498
0.44292828720400435 0.84208913980554712
0.35355701999349554 0.44274381327215667
0.49773544646961221 0.84036975427786464
0.12389160086258209 0.75183657389836189
0.04367116260818920 0.67074801840893938
0.43051996712710511 0.27870384454007341
0.20999517993462344 0.96086327299288010
0.30569981955455539 0.51041348539549880
0.27765527074035468 0.35866065394673735
0.12790367101837513 0.37095877589705023
0.50379854836349802 0.81928809619831688
0.15409488360657642 0.42520980652340812
0.83923043405852582 0.41581043977132504
0.31166152065958724 0.92044002959329518
0.72930182286740952 0.34730409455112160
0.18672751478920063 0.80314517210584302
0.42634628419553272 0.67697292628358319
0.04707557842471451 0.78343226627917695
0.69237011294824957 0.06551434532796858
0.75808295661902070 0.28352684070079515
0.49400392182346020 0.25448972642191220
0.19307116070019853 0.89367032886466857
0.42774972770431646 0.86028888876201182
0.20146485396290043 0.62660051378524506
0.60289892162471093 0.79935970909331922
0.68400078395846486 0.09566535862565637
0.38029106172903682 0.90360931417480617
0.10685524907262756 0.61265968382509040
0.38258661975223690 0.22060912379345637
0.44772961228460384 0.45851600882236793
0.55038813553640453 0.10530315846320586
0.51828946065149706 0.61311935398695272
0.19773146494763455 0.82610239688046572
0.58280919050634505 0.79571331646622012
0.39976863609720853 0.37990435339644174
0.33191071238060088 0.53372975432465919
0.66006803788608337 0.24464703059629642
0.04716148514985033 0.57757221841202255
0.55947882293828510 0.79545772194523978
0.49441982735601409 0.86855733576635463
0.29184455038596407 0.24453833569750508
0.50095518609390155 0.25190034074120443
0.14730626788921181 0.73632359829785998
0.09508254795189579 0.40879145069805500
0.47065875693259168 0.12272039290686168
0.41641149699774294 0.86028637579111744
0.76920338695215695 0.61333428711593718
0.63985368764196671 0.20518233000023778
0.81872008102524685 0.17908728165799881
0.09876376383779756 0.76512568493197031
0.11688676534554292 0.72289897812659998
0.11697998761150287 0.28225334840391075
0.29024115890814223 0.59926713615901983
0.40261912807212996 0.69292855458097546
0.64193090587239943 0.21357542640895202
0.75242326194945641 0.23763665842599865
0.31936532806156687 0.11625486971853773
0.77495467233024973 0.29032495312283502
0.50504564084348036 0.25869197817400569
0.33616606134971411 0.51047977483352891
0.79588897692734140 0.42379823467635619
0.58373435676355412 0.17187205062265554
0.29979533992078833 0.33157137269621650
0.14564553534697866 0.24482177230142751
0.52001365770101005 0.48983884780154680
0.61142777498076395 0.60893464950478926
0.65940755901820913 0.70376625812603055
0.50405727824058399 0.17575532208809669
0.33771554648071916 0.92192512456992470
0.23659496828677337 0.81972612261366973
0.45497825551409221 0.22258463883349430
0.31150065645980701 0.47827833739654263
0.61850113025578912 0.48370785282665985
0.26196605677099344 0.38231577230186814
0.37735409169739476 0.89765432780017895
0.61734877847477909 0.72246608483972885
0.34308381889394718 0.69868595044864013
0.60463881135441599 0.65756977901235969
0.77023958685157556 0.37449618561133846
0.37338174922681150 0.41202626181023144
0.09053623892467458 0.50822503454470491
0.69849814152863865 0.68840296206538321
0.62368602104702653 0.38864038961173170
0.33675473207581080 0.35087790412204567
0.09515418433704738 0.61284775743483633
0.08292763613113531 0.67086410315619871
0.56004081538388784 0.72050810389777764
0.79005032041330725 0.26488999325484736
0.55073944319344248 0.60984560148798617
0.50683738124042821 0.16168885552136497
0.42821381828834726 0.59273355662950866
0.08568363709237711 0.76320891433412619
0.29431881083215261 0.29991854296343062
0.43211871397056706 0.18471992996479730
0.55780379200327879 0.17377629666766475
0.59705716422935684 0.17816169485836264
0.23073251184644311 0.23667296992496967
0.05646572663355828 0.80538582858877361
0.35622969204433896 0.81569733279010759
0.03123111063749400 0.54982127885806475
0.58068481814263162 0.61116608856260235
0.64599659621895633 0.72782644085090076
0.40016026760525625 0.81861677785169473
0.22909822808955482 0.96133340769473441
0.63247624275171554 0.57263272166674128
0.29186599257717905 0.88627700002833043
0.41229219525710831 0.24588478017189341
0.49350485682323397 0.08520613063985684
0.40491581892520784 0.87084039785750056
0.18609375625875277 0.53381408479578007
0.37983596696133914 0.47864453101654042
0.44267372768288499 0.87972676929772176
0.47313643377064085 0.85329201254261733
0.56188362837910388 0.22435643094051147
0.08348394380299717 0.71543932464329729
0.07357893672288232 0.72929571585818165
0.18327942898542299 0.88134420773335997
0.14468427184514379 0.35343803543117125
0.13903641792916083 0.37898061292475921
0.48255373219131714 0.76470319597476111
0.57898499485468846 0.83204511042506779
0.27083112528708453 0.24365519360594329
0.59841059811514485 0.19307718145938296
0.35845421265136745 0.43743650118598953
0.47270335222152415 0.87948352235669347
0.45703042057245347 0.31549395249840567
0.16769889671567192 0.21913986502066196
0.47139039689034218 0.75388804093686923
0.33628540801725681 0.67830715989779222
0.52189009014226795 0.83536268889903809
0.48117083847196407 0.44379028815363714
0.68349150109564127 0.05190835088804104
0.16209266544004097 0.95355129146492956
0.59714752406458715 0.47557374351947201
0.79223206979061211 0.37714757873859606
0.39820232436755842 0.14753868353509261
0.66820292200812748 0.46677305341567499
0.27319702274019347 0.58661492342571242
0.42070129160874609 0.45446209803935878
0.69110080772339555 0.01887031863408400
0.62757555060137804 0.58334605151624896
0.58428851802277759 0.09361027035864837
0.32559815359047528 0.66986422315956362
0.38761984879788880 0.89904960766463160
0.58841375808542218 0.20244697029760012
0.68834388533875723 0.49725548546296194
0.57175920892352694 0.28542246523665282
0.31034651796186086 0.65224073463271692
0.31742155314370896 0.19405843461568467
0.54200019276458189 0.72771788247268676
0.40865070869498671 0.15768322881356528
0.70132106779686942 0.44989532265481125
0.13980160812787326 0.87905159949573697
0.15454711217386743 0.48089934694946213
0.54504161104629556 0.86414931393271277
0.60844423742495424 0.67471755888260598
0.67808410745306136 0.61097198739199388
0.79317153113872962 0.41891221747828483
0.10915375708408115 0.67840801117904770
0.33852907227017498 0.71252689477287701
0.47385439092301879 0.51509559076311262
0.30951039900053884 0.63778976563447121
0.68810206965256815 0.09381329614319961
0.71138456509801884 0.55621653188208520
0.42004925804298526 0.76426280378442712
0.28229979885866097 0.24453967933831267
0.29138111300518749 0.21584815909350771
0.56910428498383803 0.05850144917875842
0.84571288069905615 0.25440410579904860
0.78721195694171198 0.12784858343676472
0.25862817258708820 0.93411353789276774
0.26465267467371284 0.90167442136724218
0.80532994377927736 0.07594947843649751
0.81497765960943225 0.43097657513827725
0.62590565509387286 0.24843537874486438
0.31056090468207787 0.79872863514539016
0.39002039047848724 0.91436913400782949
0.56869128400907332 0.84716043510672523
0.09512091013882588 0.83911317516558936
0.21970472689821360 0.94380466131535834
0.39828132648196379 0.77489328581510952
0.63232142466601526 0.66115472992340829
0.67431156057454156 0.64993845491856350
0.71387710915350533 0.68863719416251579
0.43149922989481565 0.82643217117766654
0.02797967207875575 0.83621064573493054
0.45059595929934254 0.87213396759962480
0.45689505465979779 0.05860708722051262
0.31568120782051357 0.45312542828483865
0.71348457331477722 0.32516949779448523
0.49064161158808495 0.82602128266937547
0.51873526336876774 0.18139505184334789
0.76160444916895320 0.35273284457494258
0.20629001741387534 0.66830795375259566
0.49420467896095938 0.67787427513314535
0.67197032531410417 0.33467407336577831
0.70040860543193217 0.05570770583406827
0.81363516605887265 0.28441471453207928
0.74628457091385125 0.45881042771213365
0.54280036346397098 0.70402364838913867
0.13560548124182367 0.39489817275158218
0.04198285678314605 0.70107030760783018
0.56787836232052991 0.61250771390868253
0.48148187747305649 0.22834895796689111
0.22650827665789047 0.68598981223104005
0.76476926199418371 0.55831606766884723
0.84585084611918726 0.42848703703506441
0.80957243079780616 0.13291579538443826
0.43951126761906822 0.72092894891570436
0.25691630030545731 0.84540653088949247
0.26781910697623013 0.79619869597095316
0.74559899436535371 0.10204309084735010
0.07485320962957200 0.87676239399169797
0.45596967018128953 0.91481387511639989
0.77339590208337350 0.53371749610703334
0.15007541668230009 0.34455163089187474
0.47582234962520364 0.62464271914385394
0.49270076807482294 0.66589120497086474
0.24661317910729333 0.54058155832474664
0.75997867040066980 0.20958056676877529
0.55436018422310118 0.58678121886499890
0.40856677652679119 0.64421720972945284
0.19908470157331817 0.86669858581020565
0.37018782303986042 0.50415070021591890
0.54117213192832647 0.04882085245561297
0.16671610401763590 0.37343436067458052
0.33379538927320818 0.42981540843750704
0.09655140879422515 0.48999525935967814
0.64361447241821901 0.51924968241635339
0.42432324205880750 0.43170295594819436
0.15640479433272103 0.24426583675072919
0.12514849539645659 0.84942258125792913
0.25165096903252093 0.39383614412859203
0.44015002769922223 0.25584861418943183
0.31437728184370878 0.21487102324556434
0.28501637216592718 0.40844883700126849
0.65359692925712354 0.64306922290250579
0.33250729738703350 0.75426598558829805
0.25240076677387163 0.67757378737394336
0.09539686506926749 0.33004437305978762
0.82839230484333259 0.36475937518914625
0.24821778704628028 0.37511969654350585
0.31978772349527929 0.26983298475757933
0.15390600246565533 0.85430646823116041
0.13207676672152363 0.74266807765619380
0.23607469569412678 0.55192611037371553
0.37925872684822132 0.85747905359343657
0.27426715497276677 0.65274512031024201
0.73322999990895465 0.19313600262462971
0.44099606153877308 0.41448567137048115
0.06828760608793676 0.82870861210424407
0.45639116690576914 0.88204163300552840
0.21518080830339795 0.92220408613403337
0.58205332271341992 0.27303128630757151
0.53322384101649123 0.46770230464309631
0.63643290594718616 0.42123739498240442
0.23379792673759786 0.74097485704956678
0.73636331399769839 0.57964550387926850
0.67924148094209447 0.05879797942366998
0.76945962499481124 0.40674222460296711
0.63591170950118847 0.61108360840660503
0.59530324755076780 0.27138193662361437
0.40031735098256249 0.48044744827995617
0.77057836042452132 0.57640302351470429
0.20291345108313244 0.48865908210893633
0.65424965714700789 0.08694571789791812
0.27596088081126718 0.17305777707452871
0.19348732570094546 0.67208684507740213
0.55957063342916513 0.04710400378523809
0.05202058206518126 0.67626611744638632
0.83937465236406683 0.20628821869156333
0.75832427606857455 0.54251323436655063
0.39519679318673745 0.57790037291377849
0.84147374467901226 0.28368896036895763
0.28585425575157891 0.59194854162599153
0.50641613725634183 0.62198100466942574
0.53549968657990710 0.08008529388766793
0.19663235842632448 0.46829970372731350
0.44136190470592390 0.92016210416736666
0.58126034994270059 0.07652405888865652
0.73074926478190627 0.65753443200666406
0.13347278576274246 0.38992105237020153
0.60511224064270475 0.44234112211005794
0.22352045264312259 0.59269240031229753
0.03699252555496645 0.76227052383842464
0.36023192454011888 0.24093491340414716
0.09552924372429922 0.61886143121488335
0.55939683403407792 0.77076125931000095
0.47053340383691644 0.47613431429572867
0.04786464957230391 0.70254569636847053
0.17666096287990873 0.85947650045202584
0.13806566071438708 0.46244810819287391
0.73734897593615523 0.07192774161173435
0.65254392443337184 0.26238701284851529
0.64419560590293901 0.56935876526963758
0.72083149619805320 0.58046623585068358
0.20162706434901531 0.67569096011494434
0.74453832967821254 0.27201985418810526
0.82165174357600324 0.42479646947709720
0.75949538908500758 0.63459573509616363
0.20295465696780413 0.30856570678253775
0.06531249036940824 0.53650688069341823
0.47838770386616808 0.56998615952426113
0.52146004508650856 0.86642272897227224
0.58609811415438373 0.23134958441053549
0.49936037522647936 0.49692938623394084
0.35437860446269193 0.78981640673217124
0.15594630790667691 0.92575030882365428
0.72350895447433650 0.24182233557129726
0.71526784695660806 0.27639006989514459
0.29772060566830538 0.79732729352548104
0.62684721927886600 0.09304305098941655
0.65648186066355574 0.47152773404143344
0.31427334829106113 0.16087107375170059
0.64360858102717411 0.77543068085700773
0.27389566518273828 0.33231899566273537
0.28224194792598345 0.87719693014052880
0.57614577492482522 0.56241910217826396
0.34995494719487324 0.69906498885475687
0.72102435128097109 0.03832812069604623
0.68982376463635708 0.03828220266051963
0.25458523260786020 0.57717263202281910
0.60769899286942208 0.55301754228676880
0.81764923297709924 0.36848946861652959
0.81505320108510193 0.27390259782074461
0.64842785425087368 0.07294089142318527
0.05904289072353749 0.48851363817510773
0.76074610124397646 0.55441144226267791
0.16797903149654861 0.93379167299429078
0.22093949785630171 0.70717997649751518
0.45209089664421237 0.29401982859270409
0.72765449860242437 0.48569394336030114
0.47992821058305513 0.07238118724905669
0.27071120376288277 0.87900751379491782
0.30219304109436190 0.16312421811665404
0.78293590890481379 0.37126277246595696
0.04419350708576626 0.56408056365149672
0.28593011008595076 0.17639921622034016
0.11711120473046735 0.37277563656971596
0.53385444875154242 0.42489792382196695
0.68402333484632949 0.07525710132598579
0.58197822240403607 0.65331779102393472
0.54760461396997895 0.37946647758405616
0.72496754937406094 0.06008336498467581
0.70724745490487329 0.64873998936606447
0.32518257485995500 0.94670970289323630
0.45385221983306989 0.77153806308859629
0.68953753411307561 0.43561092180583583
0.16059458393913179 0.41418435117510588
0.10784983653674872 0.43773733725852410
0.44730559486238025 0.21925643155384830
0.43424607966459944 0.14486979280253948
0.42021884489953593 0.16318102301186005
0.42856140942365850 0.07077139535274632
0.35943417104479752 0.19655136518726296
0.04638115550417915 0.75886544659965938
0.57660403234322777 0.64126316445359599
0.78485720284696969 0.49196378876885832
0.46724085870473764 0.81426321736028029
0.75482308663671749 0.60360733477547523
0.41684106599465121 0.11414802002943550
0.45459120477286724 0.74340342653951841
0.25438083954398705 0.90467576236771308
0.66190676366781509 0.12520770489741695
0.28195531187250950 0.25215672705876180
0.30945994520683562 0.75482533139350050
0.17840933139380280 0.21944316239214010
0.57697359068177867 0.12922899788645761
0.56566382287497163 0.82041933348412210
0.62938718765505286 0.35764641512133050
0.63920328983684649 0.40693435887796447
0.41921701536494543 0.44651052200865526
0.20159424758779301 0.69852085340063175
0.58067699983824528 0.35064450222504767
0.77977136925555035 0.16661622658141007
0.66246726964248903 0.71713267012785209
0.69670661567125269 0.65425847045225605
0.38835341766980225 0.13687866155343001
0.67732514859070070 0.28129426559508863
0.85207121933268004 0.36026477136405105
0.67894868568605959 0.07696673529558508
0.78253188511323857 0.36557416250119124
0.80974602301697074 0.21138537358155612
0.34476319411397738 0.72596536892314056
0.54050211643053381 0.40274523768777848
0.58776621630563541 0.35302226933564390
0.10133691919370363 0.60146013012940791
0.03825150161657533 0.59692780144838420
0.61392554332357507 0.13108270637580000
0.63232260918060335 0.02396639065435237
0.46691286827035916 0.21366197024467393
0.75369792613265352 0.36355267632556587
0.45677509336611199 0.82680252247102859
0.80772932424938726 0.13877519408400971
0.20132524694846690 0.37277690958624210
0.78043647671879457 0.21954122430021089
0.43963811938919350 0.40638825253844207
0.19078395181124433 0.76232460621165099
0.17934903803178617 0.42032117351341214
0.35087425224549501 0.30659392127124707
0.82154262645291731 0.32435511151696017
0.03095196856794008 0.68029800435381849
0.52696838812887603 0.65576098217195633
0.27469292341053547 0.95106204951210938
0.09751382611282476 0.63854947649795180
0.48406892631225201 0.70457465296543698
0.76466258384952435 0.50213218613718680
0.80283377206990680 0.13358513070490627
0.85273828327784806 0.29394962338813374
0.24726386600063949 0.65893250274441129
0.71063269650061345 0.65233239841223289
0.13946636487175684 0.43785003277130169
0.52807880033591881 0.61896473626362936
0.35392261874384606 0.36628017097005194
0.68360463245226832 0.68660869772668298
0.13380256583020442 0.37946848653599430
0.39228763607509992 0.82403768875085204
0.61347243092038151 0.54697749108078064
0.66222089922690630 0.41841450462197388
0.61062151565186462 0.12255273581859763
0.18637513697762470 0.41211680929521927
0.14122198885190562 0.61746140148796735
0.22470753219675524 0.26211688300700259
0.26110594888858180 0.95579496813483644
0.47581567953077286 0.24169014325041621
0.46403634265646720 0.48795417557418308
0.62125539760978510 0.69663994541072960
0.08063323424984359 0.73561181549624366
0.07478803997758623 0.85203458093904294
0.74448541524327783 0.08854818670209942
0.11411339420545720 0.51081476753950328
0.69396733704406877 0.10659550629661438
0.67375159905962201 0.34199195846306019
0.58808416440989875 0.30748731057560819
0.40798030321238288 0.84064525230175524
0.71760599537795589 0.66400329307054906
0.22984944466628071 0.20281715621744092
0.23971458302445700 0.89780077759422505
0.12345165863763577 0.65825997334070507
0.75740170221488856 0.30665814672921016
0.12054334544817816 0.38660862375046751
0.31974890207227746 0.17180771282313714
0.64886772011673011 0.55115725469173560
0.32563791307549894 0.77382560628830832
0.22509018402603562 0.31794269890246091
0.02792121476684977 0.60007654830030899
0.77198941669806809 0.48066668591849382
0.07926804336329105 0.88334862722027363
0.09694048245705400 0.88722682237595429
0.56242032285640764 0.61676514590785314
0.18597378308690202 0.23477257704444909
0.83253888149247979 0.48733799919925286
0.12267747868990735 0.48138887289381793
0.07000424354361102 0.62332084419914457
0.46603429981697791 0.12680379215766599
0.62573765521889047 0.11882122688871510
0.81827218508988930 0.45295544263625764
0.68994828593845547 0.66985765214804105
0.62689061194055939 0.71567825834160004
0.75577161705129892 0.05787347444397050
0.08505842626243541 0.47814304553068110
0.49168834173348785 0.02963859474719909
0.15216557896480420 0.70569079910993859
0.23899856797823521 0.26482828873536196
0.38541180604361691 0.51200576628378269
0.32690281702998630 0.16933581028183115
0.05611784969596188 0.63026339523709496
0.56817837527072890 0.67180424231010372
0.74707358521679168 0.34343163750965972
0.21051758263170445 0.51994604333887551
0.73552387107077333 0.65291886527722909
0.63198899846456624 0.65400920307153976
0.54425464840820159 0.88743107324776582
0.74661958237672876 0.52294470512981983
0.72418534266977186 0.55343536250447645
0.18608576229856674 0.21095222334163036
0.74742584265477641 0.12160743082108401
0.29959940106814703 0.65690815049652207
0.62504079039666016 0.70668744982323695
0.73059581153953645 0.31198795225802906
0.20639361412108798 0.58815878038046498
0.18841099771960773 0.89622136418022291
0.19085675232773497 0.44567766276693532
0.22713556227296156 0.32863018288040918
0.28556620771198854 0.19214487997761162
0.45733931160729513 0.57571590098625192
0.12338034070200150 0.30827698028738254
0.27193029305208311 0.21173647450748251
0.71352517921529801 0.74431416096875458
0.25653849576708249 0.92394961253429198
0.56996199908040224 0.06774045908019381
0.26215700408716081 0.53414625580634245
0.06122450841334173 0.73153963530780697
0.18377275987554939 0.36375472794179109
0.27593647835882268 0.63213817468121314
0.78758143806828451 0.28891282770371807
0.55766102451195043 0.73745185794680579
0.59986641280927289 0.39103901235581195
0.25362720012625295 0.24395541250066030
0.30778469201159780 0.88770148530343485
0.30219471714477902 0.46973379004924259
0.44923083286526444 0.42438312363078379
0.45533022954448488 0.84291795385229307
0.29331896061233836 0.90283212041156191
0.34467200476269788 0.11080032066493573
0.76230247444864185 0.14453605937819056
0.07011281550608262 0.79995450707798832
0.79806921503851114 0.18689739231994390
0.22343901589759385 0.21907635109507631
0.23905069339755994 0.86400072335459244
0.44317722929701536 0.57496179843958695
0.79469708581463627 0.40619218589715755
0.20631686855449424 0.48196691509039735
0.32469599819606182 0.44218010147951103
0.11291121990567921 0.41144114368365209
0.80863874386370604 0.36576535431230245
0.12595724255516338 0.74514583255805777
0.48036575050288577 0.58477390830157572
0.75357858729215477 0.09669533900442975
0.49854973068020814 0.10833368821486197
0.62767259576502166 0.08163595735335112
0.21273129286391143 0.76170997607497781
0.32949462961843129 0.48819556861379992
0.32379530656358796 0.70529410525362290
0.59827788552968253 0.76345017770024437
0.15925472056707168 0.70354212853125342
0.08302732533392369 0.84128030851014257
0.74103007429565215 0.14381021671109381
0.66847054253271754 0.68819999734828252
0.79295366378309873 0.11916114567090054
0.15652216142778136 0.94920827768823268
0.15947282738421184 0.97744406757889113
0.31224084120599566 0.83248278453317848
0.22890355607420351 0.80127468294032278
0.37462523808126136 0.64465201154155150
0.47077846109672616 0.39165543893794308
0.14156580750306855 0.94121425098649292
0.15569769383384099 0.38695318771121617
0.73927050701175911 0.44810601931465621
0.08131329719531431 0.50082347096935431
0.29126388076056847 0.22885576422517778
0.82547692637598158 0.46754532988068886
0.04642900172131079 0.85675048662367581
0.32213088445156735 0.82257511519187010
0.67142823222594450 0.05183772229236708
0.35544963264006552 0.14827585231173387
0.53233354147008949 0.54594683699840152
0.49828654534940114 0.42412567318740685
0.02386025686446634 0.67139449621717484
0.24646664892915782 0.69077623291831258
0.48584179977137026 0.09712774181348666
0.12057923897654610 0.91119225261620151
0.29255529218870269 0.65489859254233129
0.36019161859128807 0.94647398796266224
0.50860942703406986 0.07741478116888774
0.09827662680809250 0.41896427123062985
0.64586510427168731 0.60874417903031386
0.09927105444167514 0.84005066727087851
0.62051239825548143 0.64781889798373160
0.19581703157026403 0.36935206207938354
0.57889749184941730 0.75379810907961664
0.06162524830680136 0.83842493355437886
0.40823510992783624 0.55788372802364694
0.57244718066519507 0.18007336858142337
0.31189712169558564 0.39520677226224704
0.58801475303723760 0.56359571533407005
0.57464414723335688 0.56957741842637044
0.61173748899907832 0.28784960409726451
0.14013234428963328 0.88917673561835342
0.42751630725995399 0.08449209531827850
0.40362727778311364 0.18602833313993822
0.65080197307279541 0.52964425088067357
0.41653428919237784 0.12770123543111414
0.56071069167103516 0.06742394622555929
0.14670330638396542 0.41637934557696193
0.27595558230330242 0.13589476884768581
0.31002687401885187 0.58190008724716236
0.75559994980444456 0.33701894116679221
0.79247614516241827 0.39186006204719526
0.77272417681661565 0.19348121672586235
0.44534782301453379 0.71574261635784342
0.24070928382742063 0.63111827562083445
0.04639228001585497 0.69280110153810193
0.61048695280869214 0.17252454016228083
0.41356835305030853 0.91234320782121103
0.28431795095102708 0.75286351527016437
0.15089331561450273 0.58500411020393639
0.82457354708129238 0.34014466337870675
0.27608518712383279 0.43307069919545677
0.17866119439768829 0.56115308035800326
0.26491033715982892 0.51895897952686576
0.22557355152162303 0.18867382609482952
0.33160209507105876 0.58572590275394942
0.79718028778404060 0.45297738680052729
0.71913939716809583 0.68210246163897281
0.47788905964012446 0.74421757778868491
0.47303381390182875 0.91638765380138121
0.27155725719943014 0.40004896169900644
0.23450853583685582 0.42220955992201409
0.78085373576835493 0.51470291202940310
0.76293163141076004 0.18554430392540791
0.55669220985491297 0.40759358067673934
0.06111508171720061 0.54512011680318873
0.77105938942675090 0.62509967982157755
0.20371187671700042 0.91117093420974460
0.04881929416669687 0.77868717961275158
0.80390744514535151 0.40757257335591690
0.49107071486587889 0.85018578345456119
0.58464600028624936 0.53752447667692638
0.79751499025255124 0.33006875218404580
0.77222103841709855 0.63969058148021596
0.02418381469728910 0.61060442775364654
0.45668788549958794 0.56892864411528399
0.52580631462984018 0.32196368004614806
0.17165776371501257 0.86956995863356545
0.28793838779771036 0.54893954885159313
0.73927583659918195 0.32887258252316881
0.35084981248726760 0.35325107774810321
0.22344035819217259 0.51385748346118865
0.14559044629983597 0.39971777281183674
0.63169131965143999 0.69920509915017814
0.60755252847040941 0.06018441430590301
0.83479334825455642 0.38806890929603227
0.03035937909009429 0.68577785298735638
0.26137972406065840 0.79787631365886325
0.54416171369543909 0.35538395787989102
0.31054547681902306 0.76815027825863835
0.42124576216865800 0.40575157063408823
0.50737728332656995 0.79814863262009683
0.23514041020829149 0.75230834679824043
0.26272471242608153 0.22409603748397391
0.50187907364057172 0.26625359474260035
0.44447602613679993 0.86075520086067514
0.23648206466421395 0.23068775064989022
0.28927041779919782 0.37571431820286222
0.09109912282046903 0.60887327401601199
0.07413209295848959 0.53179723907954135
0.65583959113427970 0.63181618735255307
0.39720879905301315 0.52011395231035418
0.46264805291291855 0.22096403235532136
0.75557697424629366 0.62335195682861200
0.25479534157196637 0.56226361806954306
0.18071395371101437 0.26320987928823597
0.40487001029515435 0.42362381836594737
0.57624934852715481 0.58679006253450838
0.18874454292237661 0.32640687973016808
0.35154260666454545 0.17458799554503990
0.20757817248154500 0.93436586033611269
0.71939094331931486 0.62453259859359389
0.32361539687858792 0.82929938882202014
0.57962505739050374 0.24337348020951527
0.09051708332982587 0.42596076545607553
0.13847726342260980 0.62392515361592282
0.02791725572594268 0.53600363214725322
0.40165124710612088 0.90252046156386689
0.13941916986044509 0.90938674196465563
0.05333960366387556 0.89612828462485761
0.22250174768909273 0.83534749481738313
0.10523789162393105 0.81885027160553581
0.18007771123437297 0.28938392243576799
0.57028545161929001 0.84101545334155470
0.10738949279790952 0.87358113835022044
0.54863162085966788 0.24221768828895437
0.27657958286827494 0.19421749576270628
0.33013866006872111 0.45025470835776271
0.59892756769970568 0.10154858816341272
0.28242849310134621 0.49145839726786317
0.47565475060091783 0.89362320954614027
0.49546244255557614 0.62978417292513356
0.11728765288044560 0.96069368856190029
0.42817215521291657 0.90327963262483746
0.68148145541404392 0.37237668115859562
0.29484988663009004 0.56950759468507872
0.78953127369970622 0.29845925925822531
0.77381813438057556 0.07450209081296243
0.23326667145917024 0.86555032012652067
0.12568678088364180 0.82661423555550095
0.28691566980979288 0.20850652574245623
0.49753990489104816 0.09452361606073963
0.12264577462458566 0.74018834337884742
0.67274515993846062 0.51505790819567399
0.10344474921278507 0.82448405758760723
0.28371130584467957 0.15985190450233003
0.29144936921331699 0.82218482646960922
0.64276194626785688 0.44063111208351641
0.73227670039300141 0.12650444314740117
0.47339024026048049 0.68347151938676032
0.33911598685313454 0.90039541725356453
0.20231948389571860 0.52006366486621802
0.37929575967211626 0.35009996839141116
0.14599209805386990 0.70079580226031057
0.41389933597570078 0.28854753924900906
0.40194945483478695 0.84177151769821257
0.08599228242400518 0.40822980043489809
0.11941614376794948 0.81472919150067857
0.25527750888989081 0.95269572767069244
0.56163290717799563 0.80461310423133614
0.62344950817414801 0.60568721711832030
0.76508453741626814 0.17385348215121638
0.33999818892560130 0.24197894543341528
0.59733881391620136 0.44605024810295324
0.70094206184958041 0.61188241560675627
0.47344344683320250 0.78852010445297815
0.32065693459481703 0.15403273335083351
0.69905642006848301 0.47059221881461472
0.69736788852006115 0.69353602500557243
0.76872719269716550 0.10946360469673226
0.33222190405704333 0.77497720345350352
0.70554445194318571 0.07172860493122550
0.12456769460672197 0.90895361606379432
0.38837265598959986 0.90931274350435665
0.55137161412204971 0.86781589397818615
0.75793085329208043 0.33052371410211739
0.67952193455087251 0.37863793165143822
0.06562487581775091 0.54754285738411046
0.44512945437587198 0.54275714938251307
0.19156023637411648 0.23237014799338632
0.64259952613848337 0.58833740051756189
0.47677680195159622 0.55579337905162995
0.14269669189622747 0.56947077398811652
0.71763612980666647 0.09782902821328837
0.69522618640656775 0.55150653117285453
0.40539702828197932 0.75027309301175815
0.28258786239011724 0.56539023936933119
0.32364799875916300 0.59965534317670655
0.32903329049225433 0.34980264044662773
0.38753137713664826 0.28943155515098068
0.76348932934775826 0.64019736690903439
0.67569491181578412 0.46930855954269607
0.06554319551649418 0.69606562370746838
0.69093813464686238 0.24009709680370897
0.67707919578466103 0.73141112898277549
0.05394278026786099 0.56935563274589285
0.29605612767485945 0.55470065257312562
0.16466222823484089 0.23005197744393813
0.16261302003339043 0.38745900831319069
0.50805386517414097 0.14073590119461116
0.23516842463396551 0.91453599743271874
0.26868207030924174 0.89043697851363957
0.75411474028368597 0.26146136596534864
0.20627573963568749 0.74673153759740585
0.70838050200731373 0.40083558580960904
0.65440052884436262 0.69057174157549128
0.22871485242183029 0.79466225633696985
0.79386561603844041 0.26009373135204877
0.23783846894290891 0.20034684903143246
0.06437447023231363 0.75340031023562959
0.67106655692395911 0.75451247515359432
0.20389987896005998 0.90560429782877427
0.12844926906008580 0.34536906622382629
0.25158973842487975 0.59932739140965330
0.22043638883700692 0.95227229142230463
0.45871665327594091 0.64975836570310308
0.31634403854990573 0.90703952922094111
0.26609286734743137 0.66109745127124764
0.32058610051462177 0.21252684294309412
0.62183101923261808 0.74035230390896423
0.42326967812912564 0.55782141700605270
0.82294477065821448 0.26610620827719922
0.10389470606726683 0.73905516019177953
0.08276053888735541 0.68904195968864324
0.69619987772556524 0.16393919644873850
0.10919960985369082 0.81118129275067352
0.08443363716277100 0.44749330797969428
0.48366888545230635 0.26477621497990445
0.43400926226893433 0.33570488372435292
0.51771040950836134 0.62508449219862938
0.78484983666934627 0.33704707047382498
0.67801667863616177 0.06786176975963652
0.47909924748417948 0.27145597665266974
0.59540004601343033 0.58759170670343686
0.05752130979259367 0.70085093789918795
0.39784162189805483 0.20834840589921225
0.17340181499571852 0.94347497994255136
0.53182132358973933 0.33243728188203781
0.43256730753963024 0.23091515182242142
0.55714238859550536 0.08542531736373193
0.07317951578348482 0.55674960272042673
0.72706662177629211 0.16898880824625681
0.54516080339358397 0.02573337845229788
0.03732890494810381 0.77853956301522087
0.13943904737260782 0.49739284796625288
0.77519541791067104 0.57891803042172496
0.25189724972948629 0.86317911514185641
0.45917487468420970 0.46705137129088720
0.55573648093988348 0.47100007173749198
0.58992265078053663 0.40148925939389557
0.66026222650618938 0.37193737113279490
0.14789307171229071 0.64490253620368465
0.57161757286547588 0.71498092787961276
0.66500227427197911 0.64141524084164148
0.13911063262938733 0.47399765901547991
0.62435924703751611 0.61253614263029077
0.61710606593557926 0.09659805389170863
0.50414749773130962 0.53796667857014435
0.55837363588390154 0.56954054872442628
0.03696677192100880 0.66194037455239729
0.53416530061798007 0.75169386777502023
0.76299761210542316 0.65532232477612529
0.70070591764029655 0.57729964143611168
0.76745480315910519 0.19557921192314501
0.58483062959866516 0.04943452664097341
0.53117963864854545 0.81578899612414091
0.31422730197054555 0.83870278717827407
0.23734345142796354 0.45082763497260642
0.16439681140868959 0.56181839196676664
0.48873304681217261 0.40341213535617698
0.47181376937886399 0.19737806684929737
0.74609975991621624 0.21347960858128420
0.40015151235412727 0.11564560557262657
0.76598251868052736 0.60448735045002033
0.58342071740097534 0.70388452484754094
0.13942968878539214 0.65546396403763008
0.57120355279235169 0.64607479389183498
0.11518189896384272 0.70936910290855015
0.50072145635759957 0.69093470760719389
0.57873177703583734 0.06269544166941760
0.01457272903497057 0.61678425375836154
0.43515743878696411 0.69952288233182469
0.54275107442539727 0.47773039450349225
0.33451988113622166 0.11720604722432697
0.55935542940535721 0.83684662070492910
0.57432881203204367 0.52728023319057538
0.27490752777541105 0.25312572657784344
0.35564151343679679 0.35876270263839610
0.41344404244516059 0.17657718442174070
0.27899980699247412 0.75704696567756169
0.57892448268495900 0.79916250540099210
0.16574697877040859 0.92863404180157105
0.31586882074963618 0.54137085987124900
0.36934580010163831 0.48985879441430513
0.69229439425185779 0.17621375660683011
0.09027446949297316 0.70328281143732674
0.06775544493206599 0.38909792280476319
0.41316495610116988 0.34685709208355048
0.58419972020459554 0.73990513198239682
0.70130270788841209 0.70292025464350683
0.74368939101957587 0.64217704130365283
0.63856735651783958 0.34783540973878246
0.46948390583234401 0.10425015392206960
0.31909135857121146 0.68445446041566183
0.59347768593399119 0.65497615352334759
0.36256015580759665 0.50233504364034487
0.06135107131142568 0.53965075731719658
0.40379201306959395 0.29911215965925336
0.39194158615203500 0.61198902627462026
0.24574953005824376 0.74851953751214562
0.22701099448221271 0.57214571868602038
0.79345761316715979 0.31007726926009677
0.23931119069123166 0.84886332824769661
0.17666753183746897 0.32622001244356708
0.14920839949841266 0.83772343632164981
0.38676278508563394 0.16086611477704729
0.37190967851356094 0.51138807666822628
0.53372439171380248 0.61349899450529610
0.40437113269160241 0.20669862021390784
0.50145264510184351 0.16934865914043024
0.14973914966825108 0.85784772711057589
0.63137208420714419 0.74803308857360107
0.17644401423154868 0.26755207493337335
0.51519402562389871 0.81726139930432851
0.86531916840266243 0.26217901969285751
0.32810583948518662 0.84252962087457262
0.75739633551281837 0.19417723369475337
0.57456229775853129 0.21827784199425473
0.68194935243014265 0.75566570434821034
0.23699816659903455 0.77506070335543931
0.50030012124905610 0.28802894331580636
0.78176696916462296 0.57980248999385831
0.63229265534222567 0.69286506013517990
0.47103023044243653 0.81907076402753110
0.16429650570333068 0.39357093583472813
0.52614412110570752 0.14396844079146517
0.73275891490189404 0.37261501736066305
0.58480038169870496 0.64433994267807704
0.18727368651426024 0.27016164881928345
0.26943922551695093 0.72194129159361575
0.58473409556168487 0.14449912052584710
0.67248090508281899 0.08258601002722706
0.63880657573687183 0.21917557125676634
0.77674395573568200 0.37445365117612550
0.80703011956103399 0.24274595224854467
0.61140466463658238 0.37968113320797015
0.01970339161877201 0.75351553858675246
0.54393633021918819 0.66848147553830384
0.67822537972910191 0.29489230545844874
0.59904258247397313 0.20342170415385921
0.53601016327660422 0.25889317401917306
0.36716507559675116 0.68268455836417219
0.57249302653311451 0.43989835481864870
0.20426740155265513 0.19458891332753928
0.60574821996182449 0.72292501528277153
0.57181421195165671 0.73362672103877213
0.40675806680827953 0.68058363831085078
0.30977768197005728 0.72795939362124240
0.43972976656819523 0.34789003172498817
0.41864192844197151 0.56357353289862067
0.61146820450051220 0.34730487331629128
0.19138879995434813 0.48148614984190430
0.83096613508866779 0.37649701226430166
0.71913367867143030 0.50053606596657352
0.04096466126744391 0.47360365578495761
0.73099472290011358 0.11191344615508610
0.49014486835682491 0.17064238398029097
0.25916977643836697 0.33718643135664395
0.66593406726881399 0.10041771397945477
0.23221465887296389 0.31619819685376127
0.47792249605126558 0.09370422532354900
0.10593896821112526 0.56960140704675566
0.15936840984036657 0.33760635684857776
0.41884657971763117 0.10448153812343206
0.43535225435380653 0.88825458418953596
0.09815237684670845 0.71114076181500019
0.09185673819790283 0.39735068723490319
0.15288496268217683 0.37256882466660912
0.77206898847178917 0.14465710309094573
0.22537579374053798 0.27367956095820534
0.09011300854164883 0.86839838249028722
0.41485651923099948 0.61790469264274772
0.14166914390960586 0.44351329297373288
0.06671285503832178 0.78641045111358332
0.07060527060751703 0.78055105280227299
0.82913835705446470 0.28241151942901871
0.67102410042153260 0.25394046011760563
0.06911026929637502 0.60962738002466854
0.37490190320155115 0.58354676252395499
0.50541839156316293 0.88027316910670739
0.56091361540760054 0.18797652756292141
0.61684208912744320 0.74123577381430883
0.78880429399016594 0.14798594814234134
0.53731735306198314 0.83603674616952239
0.57188844463021293 0.70249175682083853
0.81267052204895085 0.24829976369141535
0.55942015116493582 0.18075645657466419
0.31274987140965765 0.50687941113969637
0.55194614359033900 0.52399993294355840
0.65227970075159891 0.03597929681690447
0.60134717054323283 0.32440354379983183
0.24661118938846982 0.47004230087538335
0.62699565767107035 0.07014546456952264
0.25805339736096855 0.69137514492919105
0.64420349786923059 0.05852262423712380
0.15706433239527845 0.71065723500938194
0.15001046119947622 0.76943572785925163
0.77520806260790487 0.55369450706552303
0.65582134582465312 0.77910230985028250
0.64449668276382510 0.34494142928025961
0.76987552186647490 0.17155924835586761
0.78877187284788086 0.30370269354529911
0.50752108637999882 0.52439582332344836
0.34226216332134629 0.88999730631537599
0.42164201843262955 0.51037375378450589
0.32488939037940312 0.86124397612564851
0.63265336544804718 0.64089795006920203
0.41717208017244756 0.19230222483985931
0.63967403514826771 0.15950844544908699
0.05175637320725069 0.78534286838151235
0.35148719487569108 0.68009192654779094
0.44552400433844996 0.68821084851302561
0.05051985924712330 0.62476324616127299
0.72194576499259677 0.22491349418818424
0.26997783851108614 0.59330285862297882
0.51906815853437771 0.65650356196092796
0.56330486498677257 0.79227432549050092
0.17345971857563208 0.88783823692516872
0.74897917315365325 0.26647072756412155
0.39223963678208518 0.47799470797067489
0.62077230719581511 0.08126314616733223
0.71097826401858977 0.64219123908100417
0.07526048446403859 0.66434532936510504
0.34084644605601083 0.78278852718761360
0.63697668761461135 0.42875474452975831
0.59851540754466082 0.75750319858727311
0.24950447125809680 0.55729489107681607
0.16255255950161188 0.51036436629897419
0.57346136291632466 0.41782564701411395
0.39459060203448348 0.28765651243266765
0.28393854090444726 0.85714734547000115
0.10276988233123224 0.76852832263155957
0.64208066535247743 0.51262854437188321
0.15832454060682236 0.39250218088392569
0.59013812316633374 0.10132763643659663
0.64995234527836854 0.69411083145091335
0.09726565421909983 0.91719775465311093
0.21129521359640047 0.74130304792401458
0.50297815308432658 0.79392648107091357
0.68506837484309013 0.64648715972358040
0.53277265760375270 0.34729362114336043
0.09804694789802906 0.51801504264579235
0.11960236652137483 0.53628454246725976
0.12108715112793794 0.89052421211137867
0.15182457024353141 0.90615339584876797
0.23329764898364003 0.95566270756686655
0.61081635160466874 0.06323176398780289
0.03585465196527325 0.68863343111353703
0.29952279084574263 0.26400313785739354
0.56951908483388680 0.44608332443701471
0.70412569591153684 0.31450069553810106
0.45977650508801410 0.78070858176100211
0.59860624765318060 0.24404084076823290
0.33496136187074504 0.32345293421171523
0.53127548114034517 0.46090125633790008
0.28476356031581257 0.89851308327033785
0.07560349180042590 0.76013743694749814
0.50689203202347000 0.73908022709220023
0.22275613623742668 0.73595025876288278
0.50364496868670183 0.21106261273920635
0.75427370934743176 0.48983609473588452
0.54751340388726399 0.83619463482187473
0.77014852228785657 0.21698759559469913
0.68471202727247538 0.44023519477984535
0.48282874567672296 0.19057025665731189
0.53772010349587274 0.65659748265548201
0.24166628660160117 0.86973560081153278
0.28878194097429744 0.15782745542819218
0.76946209365066576 0.32823564266359184
0.09259757972289372 0.92243637721145533
0.60335918116158127 0.66402515397681061
0.55746531553197176 0.28686687703804264
0.29177638012829071 0.80071250788010506
0.57228433498495079 0.04204677766404304
0.85631791292260107 0.20444582983748441
0.10802573516291834 0.80642429415521888
0.29244054785537421 0.61502141598291282
0.52233012281729085 0.04091403025198029
0.66236843312446470 0.63137667476805515
0.41476717256520412 0.48980596994702591
0.10910752017048757 0.31291534163866841
0.65249766984242552 0.62689739382933063
0.16262240871451505 0.93313089019468920
0.67703114170417211 0.55267655586027287
0.14286293674010286 0.77780996399079272
0.67370419680836979 0.04159588760529295
0.03124402222192127 0.63425437772635762
0.80497808528326320 0.34223602873746062
0.26024458930702687 0.87261401261079985
0.52630767312372140 0.76029052685837728
0.76430232301605050 0.59660273036412925
0.43312314143614811 0.08731343545075518
0.48546538921973986 0.33479180464120828
0.36125264144459973 0.68785586006696431
0.56189630925185252 0.67392580395623558
0.28022011637479832 0.93189424302748614
0.85719188643134558 0.33436265825172962
0.24871320128652380 0.47668812066999405
0.61992191198586222 0.19951685298488564
0.58018945245377873 0.68766164589464607
0.78341280544399561 0.23164292613711088
0.59341094085944301 0.08332919809867489
0.25100594458212028 0.89389230673213971
0.82718703054190701 0.37194253966506491
0.13044349927185886 0.39589709375565268
0.52324963147501147 0.41589658664254714
0.68369058430263507 0.18287232888575153
0.79230975692778971 0.45299939475688050
0.04149518749488756 0.69051226050289238
0.58640751827314141 0.50182226265910967
0.27813363716351230 0.61180625553260359
0.63257188484118276 0.62789391151856999
0.37996143854870834 0.65875383417399769
0.61564577295947964 0.08346732507319259
0.56443454231168022 0.59536459708809020
0.58925094051931504 0.63189153616666249
0.39633264705052801 0.63588386394857610
0.12179107487765979 0.79872122032297599
0.77506249835307239 0.44486124876016997
0.66627973380233696 0.55313463301750310
0.47803434085374957 0.70230344824318580
0.22409609286925458 0.53369477929782660
0.52410180902342840 0.74747025559335545
0.71277175992888708 0.29114614248961074
0.59811280741219308 0.37744237029259398
0.45961833528547846 0.49978937257349226
0.65007992998543629 0.38286621559478012
0.83216869557853290 0.43525392817933284
0.33836412550983491 0.56107031100344240
0.24977881381156225 0.52662141081398839
0.38318858346961021 0.90900164692042773
0.51499843579000404 0.63208424306743050
0.10240600402490013 0.70492520082380916
0.84124498658845082 0.38726241371675801
0.44601654938971169 0.10129128595170894
0.06164265843386813 0.67911078537443725
0.55075410442118022 0.47584009670689553
0.16326659126120480 0.88154843031142294
0.80265979464571191 0.33069410233760105
0.09682141570925556 0.82204959941594591
0.06811021479686069 0.67748641321298886
0.11633750788316843 0.89820688397033377
0.09787387976050037 0.79621809001902499
0.13504725194430256 0.54628992160928713
0.14011266465077235 0.92082961036352973
0.48064575110664809 0.86513068998966935
0.04841757939024379 0.55486298929435274
0.14001940687621775 0.34395002214404902
0.72853089364966039 0.50027160218556077
0.68811950526429566 0.68928330767653367
0.07241507020212136 0.35923085793155474
0.08435465773873965 0.49044650119194960
0.10340830296485769 0.40245871927720045
0.37440510458656495 0.94203981905725620
0.78037559738318485 0.34754935701391454
0.43069188016440801 0.53775504768415117
0.64511770172971217 0.28668875054575821
0.59712669724347323 0.67961568916078963
0.15741320900884831 0.79274426021768774
0.43081425844046678 0.86468913263583025
0.20743075202538402 0.49554221527778169
0.77200572215811725 0.08524694944358212
0.71630186683930441 0.10216623593447054
0.56458371169158683 0.38915939687473766
0.47704339132863260 0.88723844439386523
0.81532822509751635 0.44662257602888122
0.44288400859230037 0.16171945708375784
0.77944878206379364 0.15167088838516021
0.42229945634410643 0.21783175055579523
0.49973021082898944 0.72078737092157708
0.29473244454188557 0.18736512585384857
0.76795755357801720 0.13117993742045506
0.74429891036581308 0.41811729328213071
0.22114518411709544 0.26962274830946725
0.09076132680878338 0.47668525504309672
0.48033661662520188 0.16164751359966689
0.07454603064082496 0.66988434472271297
0.73450242072544958 0.57070599596280702
0.73739442915321540 0.10550392714026632
0.65234013476857522 0.06477491224630208
0.26798196486877374 0.95655821989876622
0.27982538703576715 0.25861656280439371
0.83612507567730399 0.16647254987690108
0.43202623081948993 0.38671713892411697
0.41271834662141349 0.75374873630420247
0.53195493529625115 0.08920475980927586
0.51551983262902856 0.40465242153674807
0.60323821561488455 0.19795473741829706
0.67782137302882883 0.26185350965806631
0.52882721672570132 0.66554350055799760
0.56661296105695436 0.73070660054111192
0.21043914400122818 0.26420560064590143
0.70535805584695699 0.54138359300298367
0.39867706827208149 0.13268652904517972
0.62416065412663635 0.36248883754027578
0.00665104761125570 0.60735765927446883
0.59159618273758785 0.06381541163710708
0.43235194196070925 0.78855773139327423
0.11231450860930003 0.59434051087596496
0.16306201412066557 0.86902598279490695
0.36030410251574413 0.37435305586767648
0.11762132049604218 0.86007140688543937
0.50579725935720710 0.05829814638248122
0.33591454679211841 0.84362435616251263
0.37669808565855240 0.60878104128350541
0.68771292603113032 0.47642779458578144
0.67129887586678694 0.13226477446038579
0.74104208657778525 0.44252231159844446
0.63404362793331825 0.78797063506926779
0.09814232443030421 0.66269117081506446
0.08545617916038471 0.74382672291928542
0.70051379125783497 0.58960757708571576
0.24540868365323842 0.27490988066522826
0.45997196530577744 0.18133679018434345
0.60890526521199484 0.66858036647276176
0.60792556170330248 0.79770051238369621
0.63174865357915522 0.08985317820634271
0.27517450529714493 0.63915625913118534
0.11139998675029579 0.93401129377431036
0.31091562838929404 0.92576021989501744
0.06950946806017842 0.77127590086657050
0.13270520718493978 0.89780666629131956
0.52892885015246094 0.14980564368823088
0.52611215128744593 0.45620957794275996
0.63751390831748922 0.44512424960863051
0.54219007001281883 0.08852019080977183
0.78101179449345703 0.34100986597116201
0.78086558976563347 0.60650892001794865
0.40538453739912461 0.45547202603046244
0.54395416010909947 0.31128280429449162
0.05785381854926067 0.87991101469454414
0.66771124590598607 0.02017414151313417
0.47066092729699716 0.89078400889366760
0.63251808305954893 0.79393049435262919
0.71505413424620101 0.07325429947700793
0.80285850619064214 0.38189041887525021
0.27919027283313530 0.94041153648627185
0.58917933190700933 0.09606835367688715
0.13968199411566740 0.72710399158205896
0.38960205379354029 0.86370163096244845
0.54353145134292813 0.75794065970533897
0.09968545223477074 0.85786798345949089
0.35547403673390415 0.76865390574240167
0.29373995998530550 0.60713219700036458
0.36789411604329730 0.58445902792833093
0.23317211567555773 0.51868155946611549
0.74167660476481978 0.28035172494331323
0.45649311958744804 0.24195567421435060
0.74532985763456938 0.42523192903873597
0.12858484006614312 0.88612548645840872
0.23150613322568539 0.23119474589076791
0.63740063809422798 0.56735013285814817
0.71891795701865491 0.67589198459494504
0.50170254534416814 0.51051431363661903
0.24965296450829300 0.87895417323267522
0.51444837420251022 0.14351497154875811
0.84883193146531299 0.33880672751375662
0.48954523453490290 0.67216833347149563
0.64728750627006215 0.65798935704658190
0.04357179517799458 0.49864764160176861
0.44842850953556668 0.06768370948179292
0.55439794424920918 0.30818301412367877
0.05141327039652573 0.42382979653930092
0.54679318359457019 0.06267200134779620
0.53455769568961142 0.71627485561542259
0.57618743704529674 0.40453220734078327
0.22067401405260662 0.86448695295148303
0.29735148355606184 0.38155339546943845
0.14349685782330485 0.83894577284672411
0.17421827147210875 0.83977893729393505
0.74278612143308798 0.05512884157893840
0.50767152486523948 0.35203683895236443
0.69947613620680438 0.09419128240848025
0.08714611266032411 0.84010147068846208
0.37978365734730340 0.34204786365357215
0.12667428396701871 0.49375404525544780
0.30976900235418048 0.17047934997486175
0.72805837233541293 0.67439903416844693
0.70280683536597355 0.08216732377527274
0.09587824068742133 0.56969676587874152
0.57441486658242136 0.80211472795213490
0.17468680778967297 0.76452988837402036
0.42551282493031956 0.76106454819685909
0.70184188614788556 0.37188393502043143
0.77745515055408243 0.36896855763260261
0.77266566986563689 0.42217131863175245
0.09598765579584409 0.38261934328776787
0.76204922027789124 0.42074887490596063
0.34608707835750208 0.15276883145644546
0.70269566614876044 0.74250211471215222
0.28639075179005635 0.33807571664350550
0.40238397080010885 0.44427962041686020
0.62284806830199102 0.71172369881393782
0.28812341485169968 0.86887870043658999
0.32085633132044705 0.32709161315555474
0.67000057068867080 0.35466698506552102
0.50317083270896767 0.41260618556502537
0.23214777966737923 0.34406965495065767
0.57854682979975447 0.12280438971947108
0.02726247376418499 0.56948099428521726
0.42455956415340540 0.32636300509698007
0.30497813577124416 0.13000903300658254
0.80375567142075921 0.36743371680013404
0.22975628533237810 0.73561264932504922
0.50012182039817288 0.88558007801252658
0.42830289951687744 0.76680251387589826
0.57116792681737483 0.03491566013495094
0.81626192145008203 0.40876333702190976
0.37462636827931745 0.48466612391514241
0.11279002418304551 0.76366970166430093
0.30469693143693782 0.52672797145112094
0.77928576697040020 0.29462415897869876
0.48422866889599198 0.74622446500729023
0.34605153274001410 0.68555488115447016
0.80334847283902000 0.28370022542897388
0.10042702075250363 0.80047054610729151
0.54214033220841218 0.76908701025476978
0.84479412788172137 0.32386633360773437
0.75338428644052025 0.39691115231453555
0.18228526065847528 0.92883338787605096
0.80358945103560664 0.17046796375323717
0.43777958522981542 0.70726119357796025
0.17091604957202577 0.93845201937201450
0.44166519234176504 0.46599202995461669
0.54339871510023185 0.06583171335597045
0.13665786217144585 0.58865444231568398
0.52088288138669459 0.63756969004171049
0.08467894346565007 0.33361831021001886
0.23429835915569411 0.70763865883513710
0.83311007297920192 0.21212545479925368
0.62369169228861832 0.35403009312166289
0.47300536949922445 0.09530291255610714
0.28807964597714358 0.73494139133329817
0.49024580048691835 0.32891170786309187
0.81823600702764177 0.34747935166581045
0.47769369947125317 0.75144443987341758
0.13631813999548636 0.77391974729658952
0.56310681699495579 0.75394842974677934
0.75411339453637205 0.24953454901867675
0.57896393689630410 0.16279658167580369
0.07489856937519257 0.51258878060365110
0.19966787342279740 0.83282378939454327
0.19153502419894053 0.62431376757725909
0.09380900360826519 0.45108600808449406
0.62011889760596783 0.62865557583970022
0.19565615084592225 0.25106472328904195
0.05172150975472863 0.71645498898133109
0.75133831598086775 0.02963707657581299
0.13075653455787992 0.29374536673646978
0.81103520660366613 0.53203836328290233
0.28721101497120299 0.66725769521932377
0.75424713034036761 0.58844151361670660
0.60880766246590745 0.73487604479314517
0.66861966053730504 0.04340970947564805
0.67183316636036305 0.55627639000594831
0.14417996330088850 0.65121605850042008
0.07485701274183050 0.54200397552974400
0.47812850748415292 0.84439455334552660
0.25062547532822316 0.50523922963231693
0.51279141674316797 0.20825844421933981
0.65083699503508430 0.44360633571925123
0.76551264155464449 0.31255297246053731
0.21814123590423706 0.91081291874197723
0.63476201062920379 0.75186662112645763
0.18843353654962050 0.64366150637504727
0.47138770191798501 0.07528618836552606
0.28530756401963375 0.83013560020598853
0.12100767999562849 0.41073519977486733
0.34840936293894903 0.13164298544250999
0.26147227603933432 0.57905988613763715
0.72337417189492936 0.43993437669105090
0.20454320709052556 0.29190436211966259
0.59178767764101858 0.04199614017174522
0.58684908429528759 0.06213496493056234
0.25337707685436278 0.85234518837976991
0.43735256035290138 0.62513097785570437
0.27347035990964497 0.66011332498203457
0.49936480397864957 0.24032946754483486
0.43907400065115237 0.38888007096384503
0.58195127317495743 0.08104868159472932
0.28274012827766587 0.14070009666256694
0.28292729261449640 0.81712099800158422
0.50060233392952214 0.73949560468343756
0.38795087871675521 0.38809837903951555
0.42314468136997385 0.88945981242788463
0.41151773046845613 0.33985814963205385
0.69150433335504158 0.09058875850271730
0.70979290379881876 0.10279572712202380
0.47057125796292515 0.04370623089934565
0.22146821606001493 0.32438704014572450
0.65801307151153154 0.11440634226193663
0.34805142385068061 0.28571377535287751
0.30133925132101991 0.14876687898753288
0.05888854422741766 0.56633878799539461
0.54722539499061373 0.85216651902906460
0.73308202934306277 0.48926415440327264
0.31580931660901396 0.16882834764890972
0.45917284016686227 0.66826337760468923
0.57953397023419939 0.43927776218598386
0.04826769130980418 0.58883490659585380
0.15279295834691523 0.89134061107766138
0.15740339080385579 0.74472379324039795
0.48603964364736491 0.67765017466199207
0.36358117487137864 0.16343023620806363
0.51388023353604029 0.48144186335746381
0.52498493110231803 0.10210398687089429
0.58654682484259624 0.55072572679456666
0.23126062359252841 0.45742978568766846
0.29049696094806787 0.17882782212607432
0.52467481210096034 0.31364302274576183
0.50807822573666905 0.46981379028847481
0.05031030441065839 0.74304565457504435
0.20428813454524633 0.26345308367711850
0.17269500278568298 0.32231147987684261
0.33723733894492181 0.53984453527426168
0.08351179455529410 0.88590814215951263
0.11547680055151575 0.33344584504290342
0.75467431303864396 0.35377637506749676
0.64350602276885616 0.62128321489008687
0.70618072330246939 0.29054083394329500
0.44514608272222583 0.47317929287410421
0.12077415249395011 0.88579273268773717
0.66651382466591946 0.76941011817535088
0.11668387437786981 0.35852020443523780
0.29121682897959877 0.89230089925892542
0.16522087544839548 0.67755386535536499
0.27972777528116111 0.67144089734569379
0.21903590152226032 0.47669128310172248
0.70594524676141945 0.61068439837746558
0.36403465137629348 0.82515787028029075
0.53863765349044002 0.32155654621754171
0.81750770813639972 0.15963683991035121
0.18160695033331523 0.78344868098493459
0.57165465873658761 0.57543176049851408
0.30796268757371337 0.33011066026067282
0.69931991130138638 0.36592025588244720
0.65486962534693616 0.79484395400059038
0.64269888950794085 0.42505298209667974
0.53650756235449271 0.02676792771730997
0.28394679395475236 0.70880099511242844
0.61445956624376752 0.71813530131674630
0.18999649430712803 0.59687692281520000
0.72585245735707860 0.11261231203820718
0.08868033030198137 0.52292607283850734
0.42762265800932192 0.62619459000113142
0.12488670918473005 0.77585095683852912
0.07577009913311486 0.77282966083510873
0.12209582010321550 0.67767357082120039
0.20796927946600577 0.25979558045430834
0.13716601299384673 0.82799266357871459
0.54366068330692285 0.74634258848807777
0.26431936614538515 0.26862734099811225
0.59743923204661054 0.25770242000574028
0.39201672135257465 0.23815322082858426
0.13331285493800529 0.66765992827037834
0.69667508570045311 0.06265173827016055
0.18058738370919919 0.69838729461358107
0.47140337749034023 0.26959890666402153
0.45198097237322982 0.82297816330810192
0.34961595027772591 0.73313005246041163
0.58495206312733261 0.49235016247595070
0.75009452346721639 0.16687769046626738
0.07617701166929045 0.75348125185887727
0.16029312499004550 0.73861336134740430
0.73293696525929863 0.41087492794378849
0.08251082754823535 0.79431870437612784
0.42700246319771651 0.69906140260923055
0.62874563990599941 0.04895106361447231
0.79363887912317399 0.41161692725465182
0.35021756625115441 0.09874600393904676
0.37041109966305857 0.15162761142567716
0.35334905828606900 0.52304492170330052
0.39111962272852646 0.26779564287104274
0.13196274342767045 0.26392659436942822
0.18269096117897959 0.34781192674828082
0.44636430359879259 0.25980693078150330
0.55613921760079577 0.42737985395514494
0.42275125800296898 0.08731356004574774
0.05563116846805342 0.68647626992148847
0.80597565075277500 0.27698077041816405
0.77797564159361710 0.19707142723485249
0.12253082256214674 0.80446038831996569
0.36877653457043241 0.76857737858241826
0.05685220307066402 0.78462001345907439
0.16542266490162860 0.91081202753485269
0.40570628427463967 0.46364703058737994
0.28849591773302469 0.74195451392533640
0.08940549527822275 0.43176504257572296
0.17979726400521748 0.91556086005695392
0.75234097213833784 0.14409107620026057
0.32201878317146243 0.14862054782074618
0.50044521784566642 0.89341797138047585
0.38790995759946156 0.73722480346118113
0.30063038500624545 0.92996522683568084
0.62076584312420235 0.75031349578230000
0.50435106579074318 0.70804930937157728
0.77566276336271867 0.48690157166738468
0.28540227065128249 0.80273442283275820
0.81857952138165901 0.15314817523645360
0.20520359056823806 0.40711082975989510
0.07719152405366204 0.81172018017036451
0.50154254287382849 0.70212028728986831
0.61214769833700278 0.37170904316831843
0.81978725668383767 0.20334720964864603
0.68867692242593437 0.06822949558984495
0.61030756412459231 0.42961960102665669
0.43276660151710145 0.19137432489774733
0.48480642861815243 0.14932415903971458
0.07270867170420650 0.64300271307739387
0.24822425916467625 0.64807486176458584
0.16508434455646964 0.58254783655673847
0.06186548656972529 0.78820105554955189
0.13538010273499648 0.71320513758399340
0.11812932183563436 0.39318848275846391
0.15421925747735638 0.53666596009166223
0.62236189316232338 0.80080407890783722
0.48342372884046941 0.48421820769165469
0.47372600066496634 0.86911288392633801
0.23470620164250344 0.15719849773103278
0.57955557235897781 0.41089504734573201
0.13235641537307330 0.88386575535994238
0.23428838582513675 0.89372898247871779
0.25771027853725187 0.57011807283616300
0.00520721507940336 0.61633859639438782
0.62204386128975375 0.09532069662028586
0.37561711135624759 0.53808096724294852
0.17780882508762469 0.27364078867066921
0.36818880389584829 0.49704729711025825
0.79457509382595559 0.53475858562878331
0.13115884937733754 0.47164874047559940
0.12946625624161814 0.50060355664317036
0.52139188728148977 0.23108313368502129
0.27646175649680454 0.90007136192506043
0.07887920714379572 0.69393299820600962
0.08411714101826945 0.65199016608623528
0.53588307734089180 0.70940423667307884
0.71153877357302575 0.62994357244844235
0.34299775354423756 0.91937185648879916
0.73648772726268630 0.21511446412043037
0.65859162781181091 0.73651387859390760
0.49636409778462620 0.82562349991340611
0.38530269490213043 0.78218413491137850
0.36592348875525765 0.43338461818310148
0.68558833357760540 0.08169703554483876
0.46792083018318043 0.06264439062495755
0.50235373858191235 0.11181078312096540
0.73488461747403999 0.12119658750153174
0.30291186590655123 0.44766784253787234
0.15605752799769215 0.83644168098791571
0.67239361546776644 0.08743080534666789
0.41647828053843972 0.62454237109195676
0.11596715340331012 0.87461861352459025
0.82903156731906802 0.34939348412846483
0.49017441740103779 0.70766565605507747
0.73254443061673880 0.16451907076141845
0.44174184427832236 0.28625490854702107
0.51677792190472704 0.71460186840681894
0.59252373427521243 0.37125325262406894
0.62893576266465212 0.71075368598898836
0.43405958022451435 0.40234158002686177
0.32548830137437040 0.37695264580763055
0.40501951213630599 0.85731619586727759
0.17504258399730857 0.60216107124625817
0.18530592379218974 0.38629678040630955
0.37527734588589839 0.87178071167356475
0.19922409347205147 0.90781168163245607
0.26464439507776016 0.34120476773016589
0.63280686765731009 0.23128787674759052
0.55461341322304858 0.24724472177233162
0.36760794707058969 0.48198935798662096
0.50515848054297641 0.46062702321382876
0.48330867670569927 0.72898702155679984
0.62694581554484419 0.68282334408683720
0.36647375652929898 0.56362614111683529
0.40723588010978279 0.23999443601444950
0.06062986619805769 0.52694673020695126
0.69334920697273428 0.11259790877856816
0.60123028972663251 0.56717476144759726
0.72712941097392381 0.15704590592144343
0.78066980200303204 0.24211665076352387
0.58098634054085585 0.46105992418340436
0.40858772801951548 0.68799832609880351
0.65384920967540550 0.36966757319793708
0.43048493340141425 0.23788288596021095
0.15708493757076655 0.34299266721234445
0.71822281038899982 0.26170013788599045
0.35554656104989896 0.57062753107162212
0.68338059090215519 0.50591633965726934
0.34715423073474694 0.51944689153160262
0.00381652058346322 0.63913971713048812
0.72532702005642757 0.47330698631007845
0.65812574777631050 0.72911246696358245
0.40643398039227052 0.22433710651432393
0.30472438801043888 0.39991065096534295
0.44431721780427486 0.53601300714287214
0.31984916787175099 0.93161095887142520
0.56438437674763875 0.78030476457384601
0.14832592799644898 0.42311006646534166
0.52773678822689851 0.27091078622535519
0.21755536777476758 0.77039850663846088
0.31152373236052683 0.91529286434600754
0.31923346351522447 0.83456026100848690
0.81344054593150306 0.26044644548508833
0.84734808879465162 0.27046999529473148
0.68897872722187059 0.10929971242619207
0.74062181729270127 0.08059304100515174
0.11576261547652225 0.62183382231007767
0.28885718636071656 0.30828592297689894
0.74319609087489680 0.70022576313189733
0.79475598234915867 0.51217349477391128
0.08695774477766299 0.78733114063101250
0.27677236458375176 0.22679998802689069
0.34680943255137597 0.73963829181893204
0.04055100758903071 0.68022915114372839
0.12531094486459313 0.27349632935498625
0.14656839361929908 0.30125129472208301
0.81393448968513493 0.57627427455417102
0.22888431262968942 0.81260506793630360
0.10970177422575325 0.52154773172619528
0.05511720750121496 0.86742802880568637
0.49877425440390372 0.33026743955163723
0.64702016299671739 0.03447023141945262
0.82519523344792811 0.17280894149690490
0.74751000240791066 0.36370149649623557
0.25277859485296839 0.19669977363416125
0.07145617775912340 0.78486370039860753
0.24215605905684678 0.27016677765255159
0.68467922659643810 0.58234908160325516
0.24678102817421424 0.93204808499257974
0.73044123553011842 0.33366927898371979
0.42391205092383538 0.16817268130693874
0.12089489062415631 0.93132851742072653
0.35987900299913728 0.59894647346842422
0.03969759591365998 0.70939454569425342
0.28633278980401766 0.36152916834469784
0.28208972088243339 0.16902267334059781
0.34801766981132237 0.18653893517977740
0.61493948222539041 0.64119840688373408
0.08569416257323524 0.68158172079301738
0.59848395117907582 0.08535723450303746
0.05308420305743739 0.72111245928637990
0.34320721635920226 0.52542474413814355
0.11190122691004767 0.63914896938754751
0.74342589088500421 0.37576531715772904
0.07957432249710159 0.82047925849871872
0.20961553127083329 0.97170705887841968
0.03582008036642790 0.68335461629615679
0.33054191120376164 0.72475956951447618
0.69130286909623917 0.70855454806820584
0.32850915655118362 0.30306235261733755
0.65840000763377826 0.39665778411893249
0.72906439437912329 0.19755437116632341
0.17291068308743257 0.90903518770186853
0.50678553177411045 0.60663020097364262
0.77339691901299312 0.10189226441051134
0.57226502155277426 0.26998930550092670
0.78038262231828859 0.21355642290414006
0.66218002701315237 0.21849865339595542
0.64457950755457794 0.52602153020198827
0.55882330430953020 0.11078618898532919
0.45128255029454156 0.08151978207194825
0.08514924398402005 0.37737440041075088
0.23143090200613675 0.77914786277198111
0.46723635637243877 0.85768232609847639
0.18009318601528015 0.81330993526520212
0.63913178915975177 0.45160826569707357
0.23321923244034168 0.49190257653264796
0.43490161845417519 0.16094995443675550
0.20810502226045119 0.37498960038222101
0.64609970259553351 0.69067014095113399
0.73400880942315405 0.29881656994038946
0.49161811239012193 0.58149037563156181
0.34388881728103515 0.23428819536065118
0.08149495947277494 0.42365575653148257
0.07517934442384723 0.83407821091798373
0.70130624164037114 0.35937026432072805
0.81319824617813163 0.43634936235947269
0.12954211329364795 0.56467354798079494
0.01496854713226545 0.60287754809970118
0.37435165461827485 0.76529208701076856
0.23016748245451113 0.91651615837240830
0.61486731856781540 0.02532220098038116
0.21992525730586465 0.33739147857439972
0.10900319298711444 0.63296563647098703
0.13661718793611641 0.46856398841254016
0.82244635943495492 0.24714566353359102
0.26052766205659267 0.66582259979328573
0.19289630522988652 0.30306371545717509
0.77909000059301792 0.41716631041251107
0.37278572550833078 0.87756585664956166
0.70100111626054029 0.65921084164474764
0.48771572305429234 0.37941191969056592
0.33825028920191497 0.12817205393822620
0.07733828784952530 0.55915919877326192
0.80239575398772567 0.22769202887848425
0.24005063191871717 0.51714471086656033
0.77385982227640904 0.23492548100246760
0.73370758462620689 0.13609714759962147
0.03670020166023120 0.50155068884533327
0.82207690726423177 0.29718025595846520
0.69921465665825133 0.13374852005206606
0.47870874149099885 0.79288226619383184
0.35063536154506769 0.83342574746704512
0.09397748585338521 0.43474895475347691
0.67007930901512347 0.74762737523462353
0.11599391290912149 0.74208638085389445
0.25189598005496749 0.72029098644748313
0.60787211225473081 0.02634796832302061
0.16559721772833830 0.40926062360220300
0.13368158266867930 0.35467851516496990
0.83437567811968993 0.27208984719496881
0.66276217415893701 0.74682906031746110
0.14678414621159816 0.38283375658573399
0.75758538472984216 0.18781196836106773
0.27805812976322175 0.40245960251597512
0.56093108726441365 0.05315116657651979
0.56765965755379266 0.40470202921492043
0.33483642545932313 0.46545670749148244
0.33037049387117667 0.89191674784609021
0.32467273556975157 0.20157480674568556
0.42445921588306829 0.29912405165448613
0.06525743307177778 0.47420484368103455
0.80530805156389562 0.34895017234420306
0.49034113434689297 0.91000866272587833
0.46045214854132926 0.73110058766808683
0.68439353087558619 0.60072239728867272
0.13217205815604344 0.90397974294001204
0.57906965756989892 0.51914386891147357
0.54740336298387582 0.08719617324854645
0.12391644917289514 0.62260667619043653
0.29207521319775814 0.21009799202513788
0.50768535848540031 0.37175718623671744
0.64997116889506523 0.54380809102208882
0.80598134107861130 0.35638268285236813
0.11336316541938722 0.48785000028579656
0.50063622943335429 0.09897238381419625
0.58648914645172323 0.36000904810591888
0.61393870561032138 0.32565043891487389
0.40706183854365102 0.53134350141333253
0.07872740090523675 0.84215971221046271
0.10148429056672358 0.39352869925673012
0.46416320951756451 0.07304282703405515
0.41188986771221264 0.88044732446546603
0.78307506451841868 0.49649581038408469
0.85451762020071853 0.34389995486491437
0.17383413058026886 0.25482544644247790
0.57936891646466282 0.51182841885023611
0.51163434075698888 0.06733226822342138
0.43945385011795435 0.82166754819554177
0.31248613464543951 0.86308829365921258
0.49402930415846369 0.84518171508074369
0.73340501288360382 0.48302843392888772
0.47422580236214135 0.40529357424956253
0.51731342663316016 0.17441533157926972
0.38839587896516475 0.88983941437924530
0.04169788176699184 0.65325062844043091
0.35656346839359560 0.87729925307286294
0.30211126795163812 0.21997115450221388
0.26124967551766509 0.54854091360523316
0.23061564716895988 0.72210502609487348
0.50511842542327656 0.13491577070412958
0.31940054824973657 0.20558280675066021
0.15280647778726450 0.34051560646078638
0.31834189303928384 0.32057360298216259
0.15659828484368066 0.84928180594859848
0.70607421326884157 0.65430600405704697
0.56505062268996287 0.45339649671521215
0.76351787157416573 0.41496458261552682
0.65267357535280179 0.01886670175029311
0.59630347555872043 0.06530166845999079
0.76783298982711923 0.13616278858491623
0.21323576594623131 0.60961622460347409
0.13042540209758519 0.75016419595415251
0.47221029807389880 0.71433798399427673
0.60047975936875475 0.74202837795326038
0.68181268530051942 0.69627457970633833
0.77527751061276440 0.31106165144782372
0.55173146363632064 0.65095927043643109
0.78983848524152345 0.54522179080987709
0.43004781229413702 0.94251717508500266
0.26215153796496715 0.85740687917912073
0.54799619092794027 0.48269409382477713
0.75926151485713500 0.58876086481899936
0.31060457101307359 0.95993015964646555
0.04117006691516994 0.71449383405578437
0.35804308505556953 0.14421916177955155
0.84103592166190932 0.26327594125468001
0.81573498304899872 0.32076438977033489
0.15756917850451094 0.45723657649271865
0.52721516294142812 0.19897544759053395
0.69826090866918722 0.45535639039899600
0.08386875042438546 0.80771333187547445
0.09245283716196924 0.80505856370296469
0.41178511064490386 0.90065492916826018
0.25565627954429837 0.82451316717777179
0.41236246449786323 0.85605603047103307
0.43852896318088164 0.92900008290689284
0.06259845078394653 0.56236850050055809
0.79161158797942999 0.47310896166395366
0.65449726244576412 0.70624312459980498
0.53514874730743967 0.79107843320998805
0.70556343388541698 0.57365645104360385
0.33655164142462285 0.78847883377292149
0.14182390627387284 0.71295936845476082
0.12545366845855013 0.48755881030394638
0.66044564326479316 0.01671365756817938
0.77552227137272922 0.58981006225741173
0.68237859358216224 0.48664853187879764
0.24947697654478335 0.32560288853015840
0.84444509453085526 0.47423167634118879
0.65515807147289229 0.48906884658751199
0.61308862192084668 0.43834091765104871
0.54071529765997650 0.81723357933591323
0.60774349739319089 0.48623549097021185
0.86551680396169850 0.34425587471819896
0.13727487618515435 0.76813102997909533
0.45648894684689512 0.28835160081280853
0.46022388805090686 0.50695482093059141
0.08941649516908706 0.61517091255862755
0.67627005306140930 0.76868516018690070
0.12722346623548200 0.85409199707805927
0.05228490587771525 0.47121855040961574
0.71357032627936656 0.56618214696542890
0.54420490031760449 0.72169099293519690
0.38584925294656963 0.20569877985085425
0.18015132600502035 0.41364818294531031
0.07619323281333672 0.58786915696414110
0.84562649721802974 0.16239802135534059
0.50500451611336450 0.30329912375814350
0.67933700784634266 0.11001685746902365
0.09511599876442417 0.65118871145303492
0.33064643894501716 0.11197040548455958
0.57962371797687307 0.09639408000860382
0.73892388871094250 0.35326221046442491
0.74251776928048796 0.26550748015725389
0.14320029560231928 0.94704969874065326
0.04638465532931455 0.80505684333159111
0.53780230871260948 0.45731310875428666
0.42789667267222586 0.12562163568581786
0.50514338583414231 0.42842056154630120
0.68390153722501645 0.15969837671830667
0.20024731212217881 0.56080044149271790
0.75613191813725300 0.22025953276371049
0.79663349661287775 0.41542083408237318
0.11201458264588963 0.87595186376103662
0.31230610582509760 0.19148028627016062
0.70536656421700417 0.10120136290965201
0.07033101832510037 0.50915462426360902
0.61673173911030699 0.49825425610869356
0.76427433244319209 0.59083570434674393
0.06802135106323248 0.57015479046943429
0.36466368141790673 0.65637307252916566
0.15561113365514553 0.32284101392987047
0.43454872054122862 0.13906174029754309
0.65903173814178495 0.76966723004680082
0.72351794177321549 0.63834469356166523
0.13620044555369631 0.56753185326447786
0.79636896612191899 0.57449233820823964
0.13870095491016229 0.85202553106239132
0.20117432674034985 0.53306326819441663
0.10432060004417375 0.44746956170509017
0.19478893100099109 0.32978231500482286
0.22219261032078477 0.92957753276620458
0.64692125569101622 0.43015394750192415
0.63164342478715663 0.54022124395312754
0.52086043107659807 0.47518502985267635
0.65065949427459502 0.28110102184115515
0.73854503496578516 0.16033759034891878
0.06575455373585980 0.63067792816455837
0.68596966570312068 0.72424101209707425
0.35267680241103178 0.71339705984573609
0.00348639504544879 0.66027026238986641
0.67803355890304517 0.17840228477446041
0.52579543569851994 0.83038149773999526
0.05689225688811449 0.65789445545066638
0.76487441945617374 0.58548905827868025
0.43265513177145598 0.55254608970146202
0.30865088231580073 0.54151264510022312
0.55896069084136146 0.34588485247114503
0.34465054693662606 0.16339766010209875
0.21007296028188599 0.44169437051870042
0.50295249355544935 0.58794783268782791
0.31859360391058322 0.23764807458737311
0.80875686693415938 0.30708158833774107
0.68908139424277060 0.51011542165076629
0.05286297631748738 0.87392028075835804
0.12203735378110554 0.37137129886418496
0.42089830832776076 0.61376518506586786
0.45374598729809823 0.81707744693380524
0.08884754858809520 0.71687466337007189
0.82773855932852347 0.30662064012687923
0.37545054673260780 0.81942777995970995
0.04887874144507878 0.76922870610811778
0.24851564302441267 0.78071266208013890
0.44233715440442273 0.10901351252949693
0.16844142223885802 0.95620497411917826
0.22205183117841937 0.75781190223627415
0.71508462669139128 0.58077211306633458
0.26822287996275662 0.97190577368237696
0.53716591228226473 0.69542915913551728
0.06273059075232387 0.51642426045075907
0.60816722108121546 0.09590585835240623
0.29441867360083029 0.14405128819419910
0.23387723669644947 0.92041494804706836
0.64435175351024554 0.53271026574485147
0.11641038059189711 0.31850669831027428
0.66310694440352735 0.07797568208391249
0.38571406523682245 0.26170258162177568
0.31481392975398276 0.24970441334683829
0.42752699433499214 0.85117940437280015
0.44594706332133899 0.67488537953651839
0.70948862999238482 0.13099353407576059
0.01077948787874882 0.75363354456592480
0.28005015374315861 0.92192686457319040
0.64517960742205849 0.10400967500219246
0.54809485848895245 0.87578068763891359
0.08397194421789769 0.39578163462790783
0.30305983681061149 0.72142631867508822
0.10023381030054108 0.44414878461849727
0.68370507588449736 0.76377830103181010
0.42582830955300865 0.39242690839055022
0.77836187290227776 0.45404783385900910
0.78528707463561498 0.22215716166914432
0.70338460989501628 0.10561842906245628
0.69486520257519802 0.74800113182153538
0.16981382256512043 0.71088138320295524
0.77414591597236371 0.17540915782944574
0.71519422905756980 0.60800074746857824
0.36973708750273671 0.21563606441249727
0.58590184882464524 0.07838027897499635
0.22477481338783500 0.77590420474572863
0.46511135351450483 0.06746919112162403
0.66270011743590185 0.03573865141509763
0.71836613115208348 0.45665063556547392
0.39124520033468391 0.06102456741455437
0.24301297924376092 0.29343962953444774
0.00750000405582472 0.74082980228319950
0.46183494132649011 0.52190880787253147
0.56987179288988443 0.81070899207983249
0.66596015365740180 0.06369414780736558
0.67638328458335273 0.08028220765630352
0.75050447405068021 0.06155412239902048
0.65313670448613881 0.40942266394039739
0.30955680991723006 0.26158166421467005
0.72108439223671550 0.16227928069295106
0.64479054307924732 0.47292009113560418
0.15157346485369128 0.79479324145609576
0.80150125957807727 0.41367904182069826
0.27812607870538902 0.70383238281356053
0.37730788344756910 0.83193440809199037
0.38341340176008093 0.08466144288469832
0.76729905874188065 0.52064038653700617
0.01316349057884751 0.76545970288365506
0.09783566747619224 0.68140276300642133
0.49530939265843954 0.40067716886628463
0.01681794839917562 0.61018464592901089
0.23889367703860603 0.28766217692208873
0.63298072741928713 0.55478939242218950
0.35880231113971123 0.72814743242375080
0.78753391958717700 0.57923279948811546
0.21143566277176490 0.27016922935884707
0.65500640419715239 0.68385164454074665
0.52450886932300034 0.09309874809719960
Code file agbn-serial.cpp, g = 1.000000, G = 0.500000, t = 1.000000, tNominal = 1.000000, stepCap = 0.500000, I = 1, q = 1.0, scaling with v[i]^1.00, area pixels = false, parallel mode = false, scanning order = Initial, precision = double, reiterations = 1, iteration = 1000
