16384
0.80057065663024329 0.24376509855866862
0.82467637313361952 0.64813752024770821
0.61327398077774031 0.39456415286942986
0.79306189214272083 0.66274971681095962
0.62820970517330932 0.07308447377051693
0.35186388168357502 0.53160559387502615
0.09439369163621193 0.80632036806883212
0.31006221595930672 0.92766764458175788
0.66622854886586502 0.59474748665354238
0.05519623510742810 0.74144726858617782
0.41452307587261183 0.55747624928340234
0.92675282777459833 0.35650580503202894
0.82541709871862678 0.72119878429776174
0.42370147427286081 0.67194552243074646
0.27964224386694803 0.71384904238335956
0.16892448669242432 0.78188331024392088
0.09748988281392448 0.79317711366030375
0.24677745902836079 0.86494185483785335
0.27017637734766736 0.93005420434262387
0.04352223292076345 0.36429870828765704
0.38947055896381388 0.22533354387318960
0.25022735934599527 0.75480330898566339
0.53510648789152626 0.80354674175693452
0.63154338042686642 0.07123799811536295
0.18665442665638990 0.20301346362420794
0.67286651466112912 0.08842522814611070
0.50695502124391456 0.33356009921654989
0.73592244229608905 0.41144070994381876
0.26778856322372091 0.65173992701546457
0.42742469483624268 0.71507815811459796
0.80659485213106552 0.25579388532382386
0.41105077455906314 0.21661440314104899
0.72745941372661771 0.57326037389261220
0.68564974784093968 0.29588259849057713
0.57175276212484560 0.77530829247241984
0.35853468501784336 0.76438002924630566
0.39609310767547462 0.43139446143614685
0.28583558838760065 0.07149475351438353
0.30378738101413977 0.36232917462064129
0.83929465083323451 0.23997711313256720
0.15455384527459654 0.61922979265895117
0.78995422209970478 0.79836599425682975
0.67865533921011711 0.28866951774777910
0.37302541606722395 0.47874256151442185
0.60226948774736400 0.41072269315688287
0.61581883846312180 0.24902744158514956
0.65561723178912867 0.45487908357753121
0.16441052158950267 0.82468029803128395
0.52069003342945308 0.06598284782382928
0.37985933764635788 0.30242676856813477
0.16700002869303029 0.37080703776941781
0.50661365115561241 0.35489444916163582
0.31290680733700749 0.62083675395874993
0.10573933572880480 0.27971237086391687
0.61646988770328659 0.83322458586120274
0.49368426646917374 0.84044108752950086
0.52702581756973055 0.06645409887239302
0.77794293375798351 0.27281789906749959
0.29240311229064075 0.48674034228225144
0.22094109139097506 0.67783478784498474
0.62960066407195148 0.10526542823223781
0.71011323160656403 0.46986884013923752
0.02032300757748350 0.54066802688957649
0.24625601368919156 0.75649779076741575
0.43871723567495802 0.05597769850399410
0.72514114592654777 0.66607471451128664
0.65343821270326552 0.37946395094757035
0.33763623813913052 0.08180489727606130
0.50540888392993866 0.90591834905020652
0.55364048279303124 0.85011306111057483
0.76465293113483956 0.45140634953530862
0.89436460006075136 0.44891931797622131
0.64936007658153028 0.76447367620645124
0.76411264878917817 0.56573362534754712
0.16790190709785116 0.84832783405229240
0.81299781950546024 0.72049445565444159
0.14163994470641050 0.64181399559718555
0.29075440236541700 0.55198384380945398
0.16407573365121866 0.37345799113400951
0.67230259285985827 0.73044296396735942
0.56538052667365402 0.67884819741659064
0.05476339863756869 0.62182286478728666
0.11956264887680473 0.72504081849812940
0.67747901848009773 0.05629615019794900
0.51516598726813156 0.85956608080778429
0.38342461991610288 0.61745921286233629
0.42962648397958009 0.89657549207472287
0.68047426013010315 0.08595876923290263
0.83321978972203381 0.69724992640468553
0.70060739422681773 0.85210508698959408
0.49872783801014769 0.05253794065590035
0.46486694099383125 0.10309891555790239
0.57246168976045864 0.12005289788257366
0.04339859938835476 0.57643441823228736
0.13065605209917808 0.31185592504796161
0.34261937623668270 0.45163434956702597
0.09625614223813270 0.28159906803843748
0.76920339840801699 0.84282396414091498
0.34598030369930755 0.45663598322373361
0.79547972902278219 0.84542533967232958
0.61586820450149482 0.28905038346733625
0.90891873314959792 0.60434359472435883
0.44860773979341723 0.45734582913130550
0.53508871250512580 0.01202712792076871
0.17657644721204729 0.77238020434791954
0.40140943034734872 0.82384558783915918
0.34936283333325224 0.97300054975194417
0.21530292592522943 0.92137302563591383
0.10529743325523561 0.28706542907056071
0.60788601596721836 0.47695302445414006
0.88368863649282547 0.42750753365727717
0.72081181446910192 0.32668348725150620
0.82138215529133840 0.75471491327542906
0.75184578960140735 0.27640443470933646
0.03779224449359096 0.65916060354445094
0.15670016982466728 0.23817322216687054
0.52859656922753262 0.08357696884493675
0.52529956982357728 0.35679766246513339
0.18950054560069265 0.53428287955800147
0.42203211577200128 0.32353901354426406
0.69762467491728997 0.88032962545400284
0.78061759494994742 0.69702124447090696
0.33354239998314966 0.68408363016873019
0.09909918659405918 0.43219342085219264
0.50143191240267204 0.57721240812496766
0.47049425671829576 0.79542466062991890
0.41232294269287012 0.28085768395914168
0.65494526812413578 0.36766624874048481
0.18955481837297916 0.74572278140606063
0.63239522789751312 0.33668526466050097
0.35811107521573510 0.60294889385557737
0.86439860538331292 0.63011003048959535
0.19724507241490327 0.21180081717455207
0.46222380008104136 0.50245907479042973
0.73602155357711174 0.69298565628736808
0.65563276124984937 0.39367537243262996
0.91811529778041812 0.50307099028584701
0.17797595621732629 0.21401243008972695
0.41585076526261922 0.28442458650652264
0.33235273078683947 0.21876073382463104
0.82975174058128942 0.55081887666500851
0.03402489940285792 0.61824201717974481
0.65938128458947032 0.87887510620486808
0.57183454528980193 0.03946345856258992
0.81075447269259104 0.59145902851542143
0.64420503625946401 0.39878206716146147
0.13969430192423107 0.44717993762184255
0.20934449528335361 0.28530270481744940
0.52314774351149052 0.90657842553304568
0.32728565453805430 0.68133568268182598
0.44029770935195600 0.29889617647795075
0.18157818759535257 0.67311122546231228
0.47301644965377865 0.32216876129729327
0.45482310564081185 0.33334697339897273
0.37779604962363217 0.93179986883173516
0.87676758295965851 0.24802274728573098
0.47380654729469668 0.71465527675500307
0.15157439026519270 0.71232438036503276
0.45445546930436259 0.28661644158900351
0.39613981231765943 0.53645896022516515
0.50641348931852592 0.72956795569626243
0.65659461550081788 0.15609624420739374
0.28548486966486764 0.93094189451206488
0.49653622945995896 0.32354283715913695
0.50564831096845086 0.61994132251554013
0.34318357876689609 0.41040110356698356
0.32632181166934354 0.28602660970325083
0.10273495131603838 0.74002569817924291
0.63854757528198924 0.69960626592856268
0.34623169220013239 0.81703943185820083
0.91319209297379156 0.60632297148880177
0.85928478596293434 0.23688333097620262
0.52195650626615264 0.57253396543884216
0.54041226496854289 0.91922462293353036
0.65887552593412957 0.29287088244904330
0.57644956914069023 0.25050565432644917
0.50050561527206983 0.74343742429664061
0.61480140390291593 0.06629058159242349
0.35550191546809695 0.54715564577805564
0.08554851826672862 0.35579597665448109
0.59226129702297869 0.49069630608873854
0.67156898726688263 0.59675797643983686
0.10153811443927376 0.74329757230635729
0.28856315678189648 0.60120713219197974
0.12298981037372930 0.46248567936622520
0.59923829653683802 0.30623303871439156
0.31686180741032954 0.72071351114880244
0.78804138442928950 0.26134883641635542
0.21997070594038864 0.70913971800602549
0.07370096211540891 0.35381837394489546
0.68943075772310702 0.22565291477475727
0.79281158230407311 0.54453547365409694
0.42409314190701525 0.40652147541481026
0.94994948572246207 0.56463831581511525
0.55334993997023130 0.29340156642518861
0.21352145937920136 0.87593281718023941
0.37398746516195280 0.08344608689871366
0.33033293304349504 0.43896702071681021
0.44408715364709905 0.05395058365867003
0.23306078395424701 0.86651920499249024
0.68118503641914885 0.24072671514347957
0.64623943179918486 0.03828925532510268
0.34907172380278462 0.60856126303952029
0.41350062967940193 0.21226435558437459
0.80784712951866344 0.36383418222056796
0.17360678955313391 0.16368333140149996
0.71322932589761090 0.61432438988372362
0.04419370386811713 0.58196236419561009
0.37626019063021515 0.31049628294386900
0.59290191048334484 0.79949990376290259
0.90018715968194951 0.62331172593381190
0.91448734855227887 0.31749965690623227
0.66442969144997355 0.89748903625732535
0.48677163219517189 0.26710545831345117
0.58600955815809119 0.52532108589700133
0.20223730798763745 0.12147645474509339
0.13504035148470317 0.60333775262885991
0.10094876395477284 0.70016313900227078
0.27906188851227709 0.91819115130331586
0.05556660657894247 0.55272618929032580
0.60830168012578090 0.20486645082119309
0.36496997960295108 0.13958243778231025
0.41170049725568242 0.39393429666820529
0.68600855820681939 0.19046101788480668
0.31070243954498450 0.54601124795589806
0.64829318091427568 0.64550993447214022
0.76022280852238211 0.27229167868128529
0.26404599806180423 0.67494088919777728
0.53420187547684750 0.13206262759383328
0.80193092063706040 0.75460988207654689
0.72938302043874281 0.43143648888877273
0.37440731444104369 0.03228546580451124
0.00001339928910211 0.51252835713891753
0.77960087034720993 0.54935337704591902
0.70517730338747353 0.77718482362960095
0.73764105792833590 0.67648192540298158
0.08976616303418479 0.53012685408554672
0.78859183693721746 0.55942805703423726
0.50061855405739053 0.06584461107329526
0.65668287016114069 0.85868455476935446
0.72011461690545908 0.57716428331435388
0.40325292643232857 0.18808772768386628
0.88653386359312403 0.52057229659398419
0.95698633392274091 0.55610447288563525
0.42700537122320326 0.38606956550762678
0.19662490445474465 0.66229211088356266
0.36090986612369053 0.68078321891641957
0.52730051214206741 0.68424635464886296
0.29304673865389735 0.26668887015037868
0.47592864545753460 0.69517221921014016
0.81628181094719032 0.19436402948757314
0.48938877186218127 0.52036278256330082
0.36373480001989078 0.15870755398547368
0.69597487817667580 0.47202023251991965
0.07226293041803289 0.40342968290107772
0.51165066700395290 0.32803465809857407
0.17654392309290334 0.60249028749039368
0.78546271993583627 0.55173981725345023
0.90546453881110089 0.62556981651428112
0.76386478215279296 0.71132054964545488
0.87171813440886736 0.30248136767195327
0.41756766343313040 0.69047037448253745
0.32859386262250628 0.38086157535129589
0.76981825179558494 0.52916750537424906
0.16424907806202391 0.67570388116103652
0.44214159912369505 0.06077435737883036
0.31154995980274702 0.42165919536823077
0.21926771989344304 0.15642765861919550
0.53613574164705480 0.12291277422838898
0.23744110124459039 0.66749390648480345
0.46595035877970015 0.94111813718001269
0.66088367823456018 0.63155231073939633
0.25454313424704494 0.38944080806019260
0.70200852526453728 0.30753781998939667
0.83064996483654752 0.50751195609312316
0.68820208294196505 0.33453714747028174
0.76433657003079714 0.31774082328256936
0.76448830714402760 0.50916489381238006
0.42375691844977165 0.34290580419167466
0.49440172887851097 0.43831063857196806
0.26556259149434164 0.27560814418658208
0.90690577280124030 0.31354162210502656
0.48720608690245842 0.69536915041476333
0.74095096551954076 0.70293724970163374
0.35055539429483862 0.57454645757675260
0.15144711051376661 0.77948276155816765
0.77542773008007126 0.41290313727539141
0.89698568256074318 0.25272776683476711
0.36830818567505369 0.56036224046225258
0.80392733973251840 0.68365636917141503
0.49696908053760525 0.48134577356442609
0.74499485434501533 0.70500199419471521
0.28648756843496964 0.65401713697172037
0.71037530414626282 0.06943189761071325
0.87037876386685231 0.72755052277976417
0.14976719724453672 0.75127393820781274
0.51656760101010579 0.44913750844341993
0.58818855778010970 0.68038039017351515
0.68163639374979434 0.51006044846452758
0.32880702281999880 0.73163530940765109
0.92995709762958978 0.28488557722835933
0.26177843912260018 0.75300692227824784
0.90240012235251321 0.33713300911193878
0.04323670648752822 0.64813843222437428
0.16530017804665861 0.23701615927002673
0.20125036371273056 0.14407771882210407
0.11871316963647589 0.20911984603458086
0.90186661591749362 0.57428951245503346
0.79569507899675329 0.14082733009045822
0.44124778975138090 0.34540752806853448
0.40803559624966240 0.76339340677951617
0.32943705525094791 0.56047924560983553
0.84680278608682136 0.26576517587290299
0.34735111940914343 0.81305270666830110
0.48233068619402208 0.18040219367652349
0.63366687649039577 0.52277591337081264
0.61186110024113627 0.56105986999116630
0.16522972596194013 0.83135964891435066
0.70881191407589839 0.53799557533205622
0.65506052965288408 0.93114931246826182
0.76432282310053046 0.47365297197890582
0.60886603461455946 0.68346954224589773
0.75182243511892299 0.79737772327443790
0.08333184605221031 0.56808592460607243
0.72287553587580988 0.33266587727430486
0.45201382900291776 0.67006984529241309
0.55653889807981149 0.51093664844687170
0.35012315806138949 0.27494182230536290
0.70505743500009199 0.17050232704077306
0.78059125973233701 0.74709937729510423
0.45373488474983087 0.04658376125480271
0.69047064611309783 0.70298196573066007
0.57708660387269661 0.43561219757283720
0.63106860586829605 0.32232855449198022
0.38786733167715010 0.01347001967296241
0.02904362640807593 0.49594771410521782
0.68706497944630929 0.18495158000684359
0.85277853890579491 0.28913029653469968
0.20895054789094250 0.76463678258754175
0.11266771208262084 0.19334473393256427
0.07409019945075877 0.31654315267503463
0.43158377394118302 0.49575993900244608
0.28508705255116273 0.42096686694301005
0.32744408964151001 0.45084678288989666
0.23123952810342260 0.82524652236629192
0.68897023912917388 0.55304339015442483
0.41765576096503237 0.31673719072133139
0.64346350599888658 0.16400399456934012
0.34103427410570075 0.73027653816295890
0.60908920262382427 0.38733264040161752
0.19398605431925353 0.46663368779434949
0.38693509236112372 0.61217192115312324
0.91332512953288425 0.47575601706129483
0.56664874264272946 0.69239001414104395
0.86613082414485487 0.61588119561142152
0.60297174579453450 0.08291942731492337
0.16836285179808655 0.64745071084518568
0.46452620756027074 0.70184362488620389
0.81021575403396784 0.54888099433273663
0.37616352650040258 0.06014224123140357
0.45952801089556028 0.10931886775114510
0.19303174493100592 0.81057227932874365
0.78685661879667701 0.61568767073070585
0.40346264468653636 0.18335240374396286
0.78854645695233982 0.25528790010860219
0.39234872646725599 0.53215908078408458
0.72818779312090787 0.68793654643757551
0.22350204420187572 0.24034968709224136
0.37036359097306470 0.30826111153931862
0.62533376711988597 0.03370297705772535
0.49114939985339656 0.17193447908449985
0.62571181843611390 0.42708678633581848
0.35337422446416256 0.08590194109094094
0.74323724962097260 0.45838200886904706
0.86425013914477544 0.70747249783349797
0.49252471228456740 0.05335285484348978
0.48881950203692559 0.91654583054301708
0.39008063108137747 0.40367784883681013
0.74772985575806816 0.72629626686703908
0.16626661447918670 0.24321717151719463
0.61780890280004441 0.39930758534364813
0.38783665323850630 0.11413364209330357
0.81634846365544611 0.21670375482268342
0.20554324976465133 0.14940579587089181
0.71651312769499031 0.46562312785635429
0.76012397860400926 0.28643508224780656
0.16093865825618597 0.19898331600812011
0.07839730341098027 0.56930940004682884
0.16978723965865455 0.47922488111683703
0.79792868623585522 0.77336687750132971
0.45851908708071237 0.29796532713309642
0.47903243503086673 0.17939605871594655
0.60550817649125743 0.51752710996301698
0.46703051909119003 0.10798361401141640
0.61108637389674414 0.35194222288961652
0.81484624046399057 0.39896406816017754
0.58832490063606635 0.90930157423950708
0.78023329652451645 0.14608549931520756
0.52997366984284966 0.51111408174191852
0.44618627990270926 0.73352678462272169
0.68512140129667087 0.50465213817301291
0.50828448975364560 0.70989328882795266
0.52617527490946725 0.18096690702491941
0.38347290118075500 0.80171113142468142
0.62136196488876849 0.13230260625277845
0.60369676143965612 0.47454638568648966
0.17756858119542113 0.30093151390996631
0.05502694302745991 0.34309418715050910
0.10972120530834360 0.47320550557447494
0.69157262802314123 0.72299793706548310
0.22468607002033184 0.33341931112728351
0.23507541266702975 0.74251314228079268
0.36810301731947215 0.10850810353924038
0.42329936340995383 0.14102500094545448
0.08274577310750018 0.42529673651648214
0.22554414477108028 0.53298443006690277
0.61586571605679852 0.84408497445180763
0.64522895813162662 0.45907236895771247
0.54969035539337574 0.49560933643387539
0.57483561136358763 0.60062995208430614
0.15335715640680553 0.41074594746359044
0.31724827910752679 0.45673048165489338
0.54407967609633301 0.53632842596736352
0.73443262955532573 0.22458113240972327
0.33080298953209747 0.09018737544742607
0.82708192642001532 0.37890587223585548
0.67099153440221004 0.66334980777189778
0.75918324012088212 0.73182951344353397
0.46086535425444564 0.10045594275339119
0.77413122460253259 0.70322516810146185
0.68144540822172239 0.84458461505130422
0.53556172387365630 0.54338122622434903
0.59284561937756974 0.78374437041520051
0.09150106888478679 0.81164167505259033
0.27538047932972287 0.36513573006655203
0.43851488151961460 0.14417563037144657
0.50722887952156104 0.08661047057264459
0.25161928414688378 0.88648636401661018
0.14031807901935933 0.35792848744670358
0.32322853979831995 0.96280265466616199
0.82715375721735418 0.23565907175761766
0.43454523043509036 0.48707004985928298
0.22925973309127726 0.66593306975737698
0.85639674780026076 0.67291879131261945
0.46806045871160395 0.28518198907719322
0.54450290599014095 0.02814885994524808
0.65893534720072655 0.09639443119239421
0.76261156234550098 0.53655284220681609
0.11866475900502221 0.28132438277925964
0.21692864102299242 0.49525433450173517
0.77021370918527499 0.48482966221562007
0.28393506556205000 0.92482782728950308
0.90610076103559056 0.65761658524191458
0.08911773580948527 0.70584633960169996
0.13799889162540926 0.59775341043985464
0.66695386735653861 0.61488957640395081
0.44017720162089685 0.48653577187354319
0.41610097969559467 0.38549533082056764
0.14465813296722102 0.73127264640127632
0.60371797703494334 0.38157498754037600
0.48432823306112466 0.39856272292353662
0.67461478577449652 0.50446242711629896
0.32141436268694984 0.92557082893573639
0.29304380539370123 0.89907593014060438
0.11624574981313129 0.38619138146576820
0.27387887676161093 0.86939980079121193
0.72641053719491333 0.23169551532525134
0.50571588780741938 0.34546618957970926
0.64444409907436639 0.04997529280643619
0.55904916790175951 0.16155339304987015
0.72969730872427829 0.44035632470726294
0.61753772743776991 0.63956176650466345
0.71049305773407034 0.25544972245000747
0.49467207177422495 0.68842587413703293
0.20620020394439503 0.36969577707692319
0.55597151833805081 0.04589715902674522
0.57631064329202331 0.46990371057828567
0.85283160254315415 0.50724201960421922
0.26380949983376162 0.39767533817439277
0.58280468161582633 0.59103416967205236
0.35112672398421652 0.12675253110755338
0.64537449481645282 0.05763380784815089
0.59154674679594510 0.12788588169865839
0.05767532828262110 0.67686064059167139
0.71054018997601165 0.91045349256348374
0.80689930958145561 0.72597428480855852
0.68668875951486086 0.31378785907642837
0.72201862690160146 0.55120317602007318
0.63853450895401564 0.14524576477862411
0.76612878414122476 0.25582168480083800
0.32953561135609705 0.42295595540301661
0.38768946362620221 0.10379723192190497
0.39664214884113497 0.56239790882049101
0.37525021219172761 0.08884045780944554
0.11837875929781062 0.41202283869609896
0.13508679831576959 0.31637151666052044
0.75318568513310769 0.68330996855148085
0.68997984881570407 0.61771904446287718
0.27792594086280897 0.40335272853483395
0.79694479557676379 0.30675028547331756
0.36496926085607423 0.46731152259396452
0.28059868326345994 0.29688877131971286
0.73028107380989449 0.23933065645784923
0.37154113936034416 0.92306856524058212
0.89000689383192522 0.35844742634777554
0.81600694397027640 0.22119764160490926
0.55870870156936625 0.32493740487779232
0.65115905696268872 0.76936715411454415
0.15781699420972503 0.57066223388398485
0.77814069108017303 0.58032788209539299
0.80148624024924064 0.63888221824953562
0.38986349938669218 0.20494677965605584
0.43249866539976017 0.78427959811782011
0.35263683287682351 0.79113478744480059
0.80075160469237294 0.15143100769713214
0.50332213594559905 0.76070434838016132
0.16087905292301180 0.66483247940609058
0.41942829063421722 0.66641285977600118
0.58355911938378402 0.10395687027708606
0.11817994856283065 0.40083388032328759
0.63091428054454135 0.38470515266286842
0.03882223601147380 0.64858845448792912
0.16091275410730099 0.35289496643681617
0.77562854232290213 0.34156867248282613
0.50384871936648712 0.14791278514332187
0.49116072279806966 0.56008050636131945
0.08291775667770589 0.41547579202418455
0.11533977215794823 0.78413973090992006
0.63880708805697339 0.40179899708612982
0.25454604128624292 0.77972187820526784
0.14813248126547487 0.27201948945956289
0.06624788709685205 0.69303013743307806
0.81649966966440812 0.12453605412346998
0.45904252696292946 0.61045519715019181
0.73235993133318544 0.31543740518772889
0.29972773737047853 0.12059176815132888
0.44680646166894283 0.50667871989357705
0.69256617217958072 0.62400775736988712
0.60516547194274717 0.67678117749090150
0.48531153776868569 0.46029997778630755
0.80581012152111087 0.26097253951355176
0.10927406886117150 0.43916798261482154
0.69364725366542834 0.24150464223444948
0.81708394280754770 0.44335759772002298
0.90047234882264415 0.48311194242197636
0.08740712469951735 0.42035056418168742
0.89086129332341324 0.66626071949005528
0.16525410668302065 0.75175008586535896
0.68774299106149916 0.23839882401448548
0.35571392948124331 0.36500679516099444
0.24847273831084460 0.65482660677767046
0.38449498428157608 0.79300427837792253
0.07184869374277592 0.27264986671396746
0.82221030404263395 0.19986751338012432
0.22715201756125109 0.53637478556784979
0.80405696456262843 0.60198055524562166
0.73209475988935102 0.65387895960506648
0.49657301848747326 0.64575843866314098
0.40797987095323229 0.69633262578033039
0.82146945956267070 0.45469585883282859
0.73871463795200609 0.37538088375190326
0.62679206369587392 0.06942690916884563
0.46371536552687381 0.45397374271679175
0.49976839975561338 0.47184607821380903
0.39206408946043664 0.74637948613995164
0.44441193679626700 0.30617362614218785
0.23132978397564338 0.33018915977885321
0.62036159815625769 0.25332374450483275
0.74550621342662238 0.82819789036726932
0.70094448214914096 0.47533279530290645
0.14707899410041758 0.71264295534794819
0.19031057578064037 0.85441123269771402
0.10336472075993064 0.46243112628781124
0.82471921865204145 0.23937011478892517
0.27887233559235630 0.63710155405025282
0.33555323888693239 0.19764939729372513
0.45345308570565107 0.94537234970163919
0.35530668037477658 0.57780093605898930
0.51900112662157682 0.62908221810488041
0.24739404822575581 0.57638619520074519
0.24832801202768098 0.47573993464451936
0.79763484620666791 0.69031283834019486
0.03766158557730471 0.51947555519960531
0.93982631972740205 0.46811777348486899
0.82010346404202339 0.65199618580506535
0.24606209799600678 0.82755738185471661
0.74968812165724530 0.70593259131400488
0.28323285128666109 0.34717231775059110
0.93158537572227773 0.46092196605577784
0.84678462432080592 0.24871430956942714
0.79263418104333971 0.73705621870568006
0.27017923311262210 0.35488303717577918
0.52733468980009812 0.91078938047247904
0.02655121066867687 0.66189455213413673
0.27721711827715817 0.41554428763836115
0.46509681569059369 0.08623826555151339
0.73902244835880693 0.32716882291751354
0.64587205443197337 0.48169992915216797
0.54017424826278493 0.50019987094464069
0.34915444932516859 0.86867450130309121
0.52498868260155140 0.91984073889319562
0.54779387455867057 0.22141545403357782
0.52993398856683716 0.05252564587274017
0.35005809759345491 0.82028207354081062
0.37836050412241951 0.51045162669829813
0.47464425584664482 0.06293060182798568
0.11135176214260327 0.38384188172065131
0.71860701353991219 0.67415562037957977
0.45234775028272628 0.50870125465813165
0.77379734927515043 0.40550026843821813
0.56901032011686081 0.10551593860565033
0.44171012015827316 0.61353438788208114
0.73808659063996496 0.50929526046634732
0.56686696054589181 0.17566869631667434
0.21879169188958711 0.14346672963567170
0.27847523074679159 0.86230604160669722
0.92505124451274179 0.26064938392139764
0.51274706274876070 0.25133095980363424
0.38324265844079414 0.08525134791008981
0.44902110891837727 0.91566421999113778
0.50878371072172723 0.39096300338136769
0.23022431531801160 0.87534368511720628
0.82728806876369410 0.73985813075399920
0.88057225639000514 0.21304154347390764
0.08095934690215524 0.48783813464235087
0.45275238499244552 0.73119558608662427
0.18920736905470129 0.55813339367651049
0.59931842481870023 0.60141191393318716
0.58572998065148085 0.60168675905563429
0.34366590491184867 0.85567456371861828
0.60985993632294266 0.84515768549056824
0.25985922624778640 0.32736748365044877
0.32309331097371818 0.36278541054701380
0.27838315923324380 0.91338051152148103
0.58163351727859258 0.80814796835554670
0.52597190372363156 0.42780856642008841
0.49356144935002733 0.22894510702451820
0.45221689640302504 0.62444889510708668
0.91765322471659561 0.52305895430979898
0.65127650076185706 0.92345538205074007
0.89985120946439168 0.60649140129358670
0.06025811236543557 0.44552982247090733
0.79430253414555396 0.57607910381517413
0.11330692487082539 0.74395335355256231
0.30634743863413322 0.10354605465713392
0.75589097308591879 0.60419029795632595
0.18913600057627203 0.45112255006594504
0.62733447109341745 0.32545240287594107
0.36103350979181198 0.13972921822556483
0.03065207618269737 0.62244532198138336
0.51427762877898853 0.95399453561202252
0.46234481317137305 0.33484500490799213
0.04170249912384076 0.65971444984766914
0.11351923110894700 0.78033418981672775
0.17418131488795191 0.22861747119942374
0.32207897651132178 0.65196179418981526
0.43314074255065149 0.76619318200748643
0.83782250092989252 0.52068938602880044
0.59649743380225517 0.61339898081182120
0.32383322208447118 0.09353333740077978
0.76771552918244557 0.38312312082500893
0.18868633210758815 0.85777885526806208
0.38745202706050197 0.82029436538289435
0.37132123727150196 0.69586952950914871
0.33705102002683163 0.45033289892961897
0.52152118127504310 0.85976914499915047
0.69554616965699856 0.15668220380370360
0.71668742730895652 0.76169293834307428
0.45880005072370178 0.91691882106781597
0.05951470923472754 0.60817574232995641
0.59682356865360697 0.51096988468051896
0.32325034095776212 0.56956416962645595
0.55166114672701971 0.10770392666069677
0.51676691804626607 0.57006086820220025
0.51110552710775869 0.11569136153552351
0.82021080247529576 0.76499513136062613
0.54311267696130150 0.73530872882073428
0.63362984982688919 0.06415724099987684
0.72188216332942745 0.49615515481020639
0.20991622832061557 0.38094086257148091
0.48942222922527995 0.81226985100021454
0.73873731246153240 0.68836541789402428
0.55711280202368574 0.83878915295505108
0.35442664606079322 0.31517734599992808
0.02693054746369660 0.44684572948068541
0.42316923086890473 0.08774581140152982
0.77719221125428406 0.66762190271728750
0.50165706258663301 0.51656681421097062
0.03471882945995072 0.39870268506303824
0.78555594095599379 0.42225901418973638
0.10481076799400463 0.73738643784743452
0.51230306026495676 0.48358973564871666
0.44573982837785975 0.67567608019449388
0.50894066795590986 0.33731179015750473
0.07941669972115156 0.41186873176913280
0.72101850245520727 0.67850391947858268
0.19495835558833377 0.79416943230385295
0.86169697746957530 0.28335595742744674
0.90499870284445083 0.64950263946912257
0.63885475273051273 0.91094147936534031
0.65464982616702305 0.87995182491118740
0.30985096335715806 0.22613178479774360
0.21575661300561488 0.77579032341643406
0.36568893162316102 0.44101778581896944
0.43925328206918679 0.60833699878630287
0.74543953507955441 0.84071814814300438
0.41321308734013601 0.63140497770975190
0.62136466102353649 0.24698617638690962
0.42906487185538789 0.01789349755680925
0.64948281038330613 0.70830978236999353
0.81145576747190595 0.54179675248473902
0.62067716469286727 0.28995558292509815
0.87063965497238716 0.40835040169305337
0.11318325247769452 0.26483656319381921
0.72208777849114925 0.50285751825316860
0.73568160503662161 0.54821123583584719
0.47938842878316446 0.42708715742929876
0.33370043383223824 0.72584530111220613
0.61026312187294052 0.12072409038509378
0.57898097362856948 0.43203198478339577
0.84955164756606083 0.51631084785021852
0.63373579053489482 0.10813490151492935
0.53894670118947108 0.16239670028802430
0.51448062178980081 0.63746653945082532
0.84968206669312252 0.40353311824657245
0.54846141220171551 0.66124894363514952
0.49107814480920797 0.92615786402405009
0.41922770794098330 0.36902987298742196
0.22624854637012781 0.82904361892052503
0.12641208350708502 0.25076973980575162
0.41991453456590877 0.84490263408553190
0.75370242596456760 0.44933612224609726
0.63157351679532669 0.88271662061807632
0.72131142141089200 0.14349711847312252
0.43425486013234571 0.38927466961568064
0.35952734112316526 0.67615796921889826
0.59045297275908981 0.51822371516490018
0.36380153602847409 0.70806204853673071
0.76372108136290973 0.27091641133574640
0.10572610780227294 0.79004006956320216
0.12066802576400226 0.38084064178163018
0.71948732323858489 0.77100724724100300
0.29070505114446260 0.40446053516553315
0.05598638901375243 0.51550268917690167
0.20304947829619308 0.75511641806608376
0.74445868234140100 0.76676120060028197
0.71096548898457668 0.82332424969661144
0.25541320839469656 0.25025329666796603
0.27783003089470742 0.94074482424577044
0.05889098851951217 0.61915793937757835
0.26631833777097519 0.49647591916187317
0.71056635102971477 0.48521665332589070
0.79773453362265523 0.31316037773434879
0.91703261152046167 0.55882858252656709
0.63270484052405918 0.26010670355430332
0.72733261253497028 0.76328123082546784
0.83723878902589710 0.71622326601842978
0.83850500862235211 0.54595250171682685
0.31112737892095815 0.89492093824446650
0.35083775116877930 0.80556106331156607
0.84355362895950081 0.45590142693490038
0.45225904333258465 0.05310786450047258
0.84785259935069901 0.50960196942761971
0.14308234398379419 0.43279950768320591
0.55837501309549242 0.09715090890251890
0.29656971750069383 0.23955827929796503
0.54078625728909180 0.20203294418427387
0.56976118358299788 0.78838420426389355
0.59875467925521397 0.20533466688674779
0.55060147485250965 0.54633200201956489
0.85328129894400750 0.27846118199370895
0.80015567740300508 0.20394912199785006
0.54841494158514992 0.19004540803409484
0.34007763275135344 0.08634827855932092
0.60083837135313944 0.57538442865225869
0.26387115335433559 0.57620918191600790
0.11849860668038976 0.62705060930996259
0.47476798801536541 0.39391102215219020
0.07796840668572416 0.65968438205159052
0.74041530799778688 0.63646919055718842
0.27820907868186939 0.67944556181063565
0.02871692586596816 0.59663290672326963
0.22196974167296948 0.50851159044077043
0.82789473725891682 0.20360239777588129
0.10090180033122684 0.73095255175107388
0.57192853948092004 0.35645513182390010
0.75812545225189287 0.78559254015159274
0.91837191740749247 0.66131608372542861
0.55490699528860588 0.49365432599119397
0.36189610530778554 0.41832972565532445
0.68427310714361278 0.24914481438683331
0.39921834448724663 0.10911877799929370
0.45275800220937112 0.20211171275048337
0.71059240756682085 0.68782826944212438
0.29548468245574205 0.30066060747693441
0.42935946196851199 0.07767360917072791
0.66506530450579193 0.09087919205358215
0.15434835198512811 0.55538408833852781
0.73711763286740062 0.33050079980041480
0.68918472039901346 0.87623925259194124
0.30824597489675054 0.21577544064000376
0.56272233392415427 0.31574432924807544
0.33352482965718239 0.15718181440583823
0.39885586886969787 0.22807388357890684
0.51735908600949332 0.91347332244102375
0.38059843991153253 0.92034253351186246
0.14935413156677668 0.37423729554158341
0.49829941076279294 0.51454920872944354
0.53212277939639363 0.83312124773909668
0.45668934391996496 0.95686184539377384
0.18671953174903638 0.27522851917147073
0.63441165539985700 0.77007393477691488
0.59253024323089010 0.41717479924116213
0.38035908268633739 0.24446549573747084
0.60752169274856838 0.30509884173787122
0.02722962798307080 0.53477421460235153
0.29172041327265824 0.36922694232912562
0.38822768778008365 0.09881115108925430
0.71632822769152471 0.64256971034684462
0.56577959092138874 0.29594734769550812
0.12909656975026665 0.59181253623242080
0.41738292528954946 0.14971168982492172
0.16654424212133120 0.84441419919863903
0.48528276004483589 0.28856202487137073
0.12944205130016789 0.39922737999542202
0.16023709735621644 0.58592263006565326
0.51465263712779774 0.61074856386984433
0.54315052839914024 0.03281771063613265
0.72450815652943867 0.31245718397096350
0.54284595260741653 0.24668276411767948
0.07449263640602570 0.46670631886610064
0.21963360245542526 0.66661318313204154
0.41798091191307118 0.21339655324361467
0.16715852200616860 0.46460675133044621
0.73198564029726820 0.55275939645170225
0.54900185187262895 0.90521367882336412
0.03174497452251302 0.62962235255689025
0.63933637587245751 0.39739388068791709
0.71405865186467354 0.71772619078003963
0.38756889071665623 0.75274280658845449
0.28701917426851459 0.91671872629312345
0.50096249531926007 0.58409706315917276
0.65683615471073087 0.65362863675824967
0.02255736209460742 0.42214092510282858
0.15757070297930387 0.77587973908040564
0.09712481915993408 0.44332736882800483
0.59656937520563857 0.41661756834362879
0.61064220037118067 0.12559468746951372
0.69010261505188408 0.13841471245262982
0.71191206850647160 0.35911500164197591
0.10714740777361831 0.52091358593362336
0.73544957762761787 0.83342945916460998
0.50336538268213094 0.86572087408830978
0.50544629115509687 0.75601571850382898
0.29006937083404594 0.24625301610259503
0.75455388489136399 0.13108987877197081
0.50927254085306628 0.29537278613855655
0.41161531647037153 0.04653562683775734
0.36973713802421393 0.47169690862615971
0.36119591491286157 0.42322517985321462
0.30662551787495101 0.82288981435287156
0.49218723428181038 0.52470510926557434
0.61614389571100581 0.72471582427145920
0.70944729235184356 0.60468539138555932
0.02094877100412296 0.66215543534253363
0.91363534083285691 0.51286336354254680
0.58490466651585638 0.51446351230228637
0.09304292725751591 0.63069611239271217
0.10946088295441347 0.63463963570172455
0.70016330598963528 0.75307929606948221
0.71517531558446223 0.06945701048905391
0.45549187927051760 0.39904358406921669
0.11585487583693212 0.74812224578837117
0.85642918712962968 0.63532919722100911
0.65132591527590533 0.08974542799289639
0.35606616577663974 0.49512232007377083
0.59952229387808875 0.31308669716022841
0.46009931738436455 0.43112581716591392
0.82339631670208435 0.51527907868648437
0.90335802795467879 0.46034944994212446
0.16045652995161255 0.31764593639764560
0.56406621302672233 0.73065460247618730
0.23009153973110835 0.61837882890296458
0.14147878437172209 0.67243430346729027
0.79540825376968027 0.39605345961921629
0.91130404905610507 0.48678781152509626
0.53143129607371864 0.64207958508956720
0.61066833215896565 0.08155686388238327
0.73200621526932974 0.42729978857559797
0.46215536034962473 0.69688331480871513
0.51866358891634834 0.03566834216500904
0.27978787064028310 0.61136044641352028
0.67201758753738605 0.17755190162930021
0.71231110173766932 0.74846689337228423
0.58734736730766213 0.59745471226289726
0.63044877091815121 0.18884925454239115
0.52703153060727292 0.43318895712822436
0.90516279775317643 0.70692836442007412
0.33265341175832797 0.10362351078214135
0.22711839651117030 0.36614245750382773
0.51008310054137318 0.53162389183919201
0.58886738729536392 0.64468587654159204
0.14930573130197061 0.79294274491645689
0.35434156930394889 0.62583335269948737
0.18926610510520944 0.26752897275937670
0.23867266245315191 0.16622469360774908
0.45992912161867661 0.62414505727862246
0.22611835908001438 0.54399205044892629
0.35360981391697105 0.48963050902879662
0.65285073359079326 0.43167788864687467
0.30647900119934102 0.27070028390624301
0.26475008077054940 0.69007915438672540
0.50129097244116583 0.86229922826567729
0.67310116521836250 0.09374355740856023
0.25734106302338233 0.24394803024281872
0.19351235248443119 0.34194554735094673
0.30648231867180437 0.60263405777284162
0.57991537578777697 0.13328725957500631
0.64763633654104524 0.80279060220937892
0.52605102652677926 0.23018775647607548
0.50134942317046571 0.81567379390241224
0.95697015915382100 0.50003273404942494
0.64098164514544487 0.85273261143724566
0.11555267807965372 0.27474975782932781
0.71001796455620714 0.57180885271901205
0.94405882953406983 0.50694982183149273
0.47179372439561418 0.97199666062279433
0.42296119856281972 0.10509705941524211
0.62360625534011283 0.35032189962238003
0.50882847713163148 0.75857009524769670
0.38717000901429321 0.07182978027208087
0.03291539053463449 0.35471745156889867
0.76970891483281134 0.23046136560032832
0.31182530336031977 0.83090327547118548
0.69928470873996207 0.38392573760229637
0.60703725484814719 0.77881415849989022
0.50402633687864062 0.92159069927549631
0.44230968378412455 0.89780284569407620
0.04602295567218719 0.63139098314179520
0.17776955816514511 0.74047047972132318
0.51504562114908070 0.14845917378004453
0.25418777457538388 0.39370968056101985
0.79087592101819704 0.44947875716655417
0.12248218030787686 0.32897785238872612
0.84351750332534503 0.26242696239345276
0.49524811257105822 0.73421517297035566
0.28564518929930427 0.90399354383137243
0.02872340822855967 0.50110014890138177
0.21911211499228136 0.16874833401618497
0.38456017843694706 0.05237138910686337
0.55850744197584423 0.51484448572292096
0.27158907694795370 0.41916108835215937
0.81950926996106455 0.58626904446009731
0.87601111852065716 0.46195119425722020
0.00004235044817185 0.56388345258604067
0.70080775817630059 0.30156327511650238
0.41597116784979210 0.13599256554988601
0.70807009324138925 0.55708859858342097
0.22532501703668881 0.77739938218615290
0.55460694239980346 0.11974046536025516
0.20378932456499677 0.39852382223570126
0.03082550877541321 0.48584739579411790
0.55823338661145039 0.78871613591135137
0.32097549233325351 0.93101933359863376
0.73474874018691905 0.39886026484657522
0.08131986843304920 0.51848200827252500
0.27924903196261913 0.76026471736380496
0.56833459848264756 0.35198781331188828
0.56999098147807858 0.54586270312524621
0.07364447824526206 0.48863081569216033
0.35687594733535671 0.62033057803893388
0.19438579514846863 0.12966672060504431
0.74256675302339969 0.56251292070069425
0.34553917651669747 0.60037141534315308
0.22367265231660327 0.76826154181875028
0.54732075976849448 0.55594399864296495
0.54034693033227732 0.96274002889699550
0.57150461748905945 0.59737340947154660
0.56696370390752315 0.02668587535775338
0.27881106925616655 0.87164662639829449
0.77188969480124558 0.36647181283473812
0.90238091892575234 0.28033955306142982
0.47620070845500362 0.45524168343535132
0.19746027801101459 0.11854974058942955
0.45908785119808598 0.78945830695067210
0.57658699277135828 0.35958644089974301
0.21435020602745630 0.18213843361651350
0.03682043073909754 0.39197807114592359
0.41211405102376769 0.69316773315686953
0.03585878815910370 0.66385621819112683
0.61369184348755534 0.78265212121314987
0.70333752712925413 0.60290174835904342
0.78121976222179457 0.55251808462384611
0.10192712061335697 0.42734884857481636
0.50734185712321511 0.77352005810812430
0.87190971172471377 0.62418425813657974
0.61725986892144502 0.52220817700017119
0.66252233764859281 0.05816605039024181
0.12629924981919519 0.42860264961480909
0.95143430997112644 0.51636180044883428
0.17042269077112968 0.25699234388319031
0.74489326414168822 0.80584973481232491
0.19255040170077362 0.76025927881994526
0.50066754176628014 0.07420235662969898
0.73539179894977269 0.59213403097012052
0.36511659710563799 0.04035214081720322
0.29987754400425570 0.52195162582630716
0.16523933669273469 0.83622658478831546
0.36431673850391233 0.78739841807720179
0.73913331904270918 0.75775199252517678
0.55026224221239251 0.77033974953289375
0.64634173173900977 0.28372473790832758
0.75412049379060531 0.80135747936127766
0.03978951067679798 0.50510404762656347
0.18000211903316296 0.70355476656718563
0.37744889270296461 0.29405948535632587
0.78149953558990970 0.70545330132169637
0.76975982256041087 0.40899691144171818
0.03100292434302865 0.66426788642027723
0.70066060189788759 0.32403515921349563
0.82861219503984951 0.31835157435062666
0.55947216848366699 0.12472085698107563
0.27548187627799953 0.25619731395600182
0.91528084598942283 0.61788808774799309
0.10208957859195318 0.67100768922058218
0.72208563869212317 0.57080892582599174
0.43560756764700953 0.34395739216210441
0.67499455380984585 0.86060271845782133
0.38091391926692419 0.45104099120258911
0.26149295009756951 0.83336973050588470
0.62632071844355719 0.35456801866750526
0.79075106281735474 0.39175636349248288
0.70397752577074713 0.57161910171330754
0.39785520691917270 0.53080805822129140
0.67696328562444541 0.31036924407989569
0.62919879303628479 0.71842908633315272
0.68617161519259362 0.61435034771676977
0.55958775282109952 0.49648483355628592
0.03845131518212008 0.60649752071286800
0.90379579459188109 0.62165143568045456
0.52427930794375399 0.53017584190489453
0.25331300444100241 0.52433956250210456
0.40756952833683141 0.63438912999621611
0.65072130455406396 0.55313537823990899
0.34196032675347232 0.68699925410443285
0.60936114801096442 0.62300766677400055
0.07100893018415096 0.54688524820959539
0.12865503945168644 0.37880259568322394
0.17830141796096549 0.51536527892659867
0.48808573623431833 0.02797595507269619
0.89800087651396987 0.39614083367669295
0.77934574757756925 0.35764287514897525
0.41655293879540917 0.53749506881776909
0.57175133091599750 0.84161893409729427
0.38407222579048816 0.91897157545265018
0.53439563120260203 0.60235549115319009
0.78959998896965855 0.76382584328212377
0.39386892908310894 0.31391944003667427
0.12486711061759187 0.76664377296689379
0.34206355588529563 0.56590340783616178
0.53501515547068812 0.44021387836179526
0.54107391288078599 0.43411878890475192
0.20493826415556032 0.88471930978522806
0.88136965741920770 0.69468140074391860
0.02496692446745463 0.48294484499790302
0.80775326384675872 0.54479511460432561
0.22612621965690061 0.37104434886381499
0.76336953700142918 0.55913201327911344
0.10493923456686084 0.33123501365354935
0.14783560229176640 0.23996348441836654
0.67639613637043883 0.55351887177575587
0.08634653203538761 0.31922237662609115
0.31665047118683826 0.21024473832427187
0.84844588447326486 0.62513896301573835
0.56039690506112261 0.28779153763096627
0.15214388823301528 0.30178952414265675
0.61077617402956397 0.30109812218191628
0.55203077846457149 0.97759666311128646
0.67432156521000719 0.89459983624522954
0.67281782716299476 0.61750715928836863
0.58988355486928279 0.12241905166028004
0.88758576691657021 0.42989247970540873
0.48133828860031674 0.32175148360996442
0.42687914243716263 0.21164628146173442
0.24589482236690638 0.24986812418273685
0.13585080407400907 0.36704403003915897
0.24377057667993127 0.75945107975814596
0.79517489789401230 0.34724237782358880
0.70057810450922031 0.16312438193729403
0.50238598900292553 0.48909407433022506
0.54983907547397060 0.04195798535871710
0.17627951806724712 0.79523359088871093
0.34601830534728473 0.24592706815241266
0.65024506816248706 0.74513979774899841
0.51469854720668107 0.09450132675604142
0.29097123599421187 0.10119043035578111
0.44149384229360339 0.66070469849680991
0.32554277887915095 0.68490142026702849
0.28169256707025087 0.26771309801597432
0.72476201700039045 0.36476958962029660
0.83225453980904007 0.53557109679623360
0.24885211884331615 0.84622122112952902
0.54093195527018390 0.07633334267469319
0.27215441917500738 0.27866464095147353
0.39513491738570933 0.22533647806733054
0.07337647297193645 0.69792603088401750
0.20695494133189180 0.29025735985876699
0.42860039287015717 0.28809759468807727
0.01863066000659725 0.61107481516271023
0.53841171910266405 0.66546841740170692
0.46793867242482673 0.06839413137244554
0.66134851407123918 0.83324662074047140
0.74491502010236044 0.72899145797115295
0.72679804956694705 0.49984052307228716
0.24787760067816289 0.50024362446245818
0.83453175363165055 0.28502810946018381
0.67901327630569719 0.22369456997858581
0.51669800864436355 0.72398996553538275
0.41103624586576387 0.39826459746832782
0.21755259281141198 0.64522946910631096
0.22052069594302631 0.55554852013843203
0.27979960446495072 0.27933386564807111
0.46366885970403426 0.36024116421293184
0.15958002810827601 0.35784947107428344
0.18076126723282734 0.77524457217511822
0.60678746398253092 0.11870905940514805
0.62699168775616465 0.22001093333388477
0.12652118481450195 0.39300102377743007
0.63944085700880604 0.84768718447180791
0.60275225039788072 0.52418297015623361
0.32349892832848620 0.55855953647965106
0.85315930631236825 0.37919662277491417
0.44569035891177300 0.49692124740964466
0.53987165231332579 0.55269046427324386
0.50994263164651521 0.05332452092341423
0.26352004983338095 0.70476833005782891
0.44472612162850778 0.72352624609358585
0.04559432731257771 0.46098663298052017
0.80175175777258778 0.26668954138675260
0.65642831526147605 0.69569036405101314
0.60302253836240371 0.30292506140311753
0.79646533154130839 0.42923623217102486
0.78005683865842113 0.36203563134977107
0.55828402461351989 0.26160893156492149
0.50256620802531882 0.23534656869407680
0.36647003666454780 0.60265739392239426
0.59565644581867616 0.43841444747017871
0.70732455071184652 0.30828511789614804
0.71638338512434685 0.54658442206594360
0.46336543622314824 0.83015957223475656
0.73732605684151109 0.43136417216098155
0.19740525836302766 0.66716803851629347
0.55226080974310465 0.28357809773867587
0.35091313227868159 0.92372486545462640
0.56251181341776924 0.79492921667258332
0.88128047002835919 0.53245949480627763
0.80539651633229137 0.64266495736427687
0.56250284200657719 0.73607714980484473
0.52006528078599346 0.93601436988090481
0.62271078183359596 0.85590451867990325
0.11528123639647274 0.67750710472908371
0.10962108928521115 0.40212153604148981
0.68917875284854946 0.58630453908516578
0.66664570570898352 0.83087903794992413
0.50098759269812676 0.47828216523168904
0.60002614286139611 0.18539637991160615
0.42619705988942064 0.07428022632419898
0.15888295300380864 0.46258348242547637
0.53774023610136690 0.11792457483511046
0.82518191102375971 0.42411152027608429
0.67640535140927471 0.59484360708883788
0.79289953918887390 0.37787282611054740
0.26732196628652027 0.12552447776659664
0.24825610347241014 0.12944359172114481
0.42910978110752090 0.60240474393469012
0.49628137212207074 0.27004375371796663
0.29971840353047180 0.26122415886771061
0.39722974318851273 0.41851663458117766
0.58065950618542361 0.04552849039452443
0.73964647370297143 0.27746452028105245
0.41594258166465381 0.54567215026399729
0.65475161440693030 0.38795456315077942
0.84558804686294653 0.71250171369431747
0.69315304366928587 0.09303379824676421
0.18705741367777243 0.59465244371007386
0.37225246360315967 0.04193555803903735
0.30732264388262343 0.83352952697220306
0.09443078893435314 0.40359575113360074
0.86805554080812719 0.65258511163257249
0.69133574258254771 0.49745471610026132
0.22817026988511552 0.29546526104548360
0.68994351025295597 0.17410365904743361
0.06052872197462062 0.69950477757330554
0.49940556578154599 0.73541310797430193
0.54398028859867609 0.59059155127009122
0.35443123679423671 0.30643369824130945
0.90860126438747857 0.54753054533217427
0.07390504042201672 0.53551943850231554
0.54681875672948399 0.78317004204414764
0.92198590499008193 0.43131758898490263
0.49865439106866599 0.10999070516885608
0.88374846285715447 0.41682177070606136
0.41777228692146695 0.52007362701746018
0.51337883128285766 0.87352424824588082
0.60674292642565131 0.41355943416118285
0.28263831038204307 0.07526720032904158
0.58211676776365862 0.30396683083880155
0.72566418209098826 0.68476900104543081
0.26799405724419023 0.80188114672490030
0.21680377063979786 0.88527929129782812
0.31581576009745310 0.19998134201398690
0.74337613840967776 0.45252530157679399
0.14102200542800375 0.31449870838184385
0.43940025922923470 0.80746776647041330
0.42477059343313606 0.25341856941675289
0.27338380711394517 0.10547689034762923
0.13453085335628526 0.66280624003865574
0.74850045369363227 0.68246211035453141
0.49802226874972710 0.53327483266622466
0.46146310506449589 0.29404079851722997
0.55570012349429121 0.10223389727221381
0.18544670117918019 0.32018197929259223
0.14181979478805704 0.71434067352124331
0.52947249115017925 0.80394466431546630
0.71533060169615736 0.82351427579349978
0.67325345022683114 0.06916005227839182
0.50171992103955154 0.45180795915865035
0.10302846031705030 0.50082792492534089
0.13960096107510489 0.42515054465214963
0.25775552258043583 0.73765297425383169
0.53772192139197805 0.41794754552824576
0.86512139655731624 0.61081359597764529
0.74170441318310210 0.44827649206950870
0.49106349614327394 0.53570308469073613
0.72586306450370552 0.51961621688030091
0.56839786957157390 0.30013408592773910
0.39987485710632736 0.91352698347058281
0.29785268458528780 0.73813891567909184
0.83576240771308885 0.62384473582947020
0.51996004867199419 0.79541504099735882
0.08843711020382751 0.69399751923527320
0.09334815736556695 0.70504963252150443
0.18217539133602806 0.76014145120138721
0.70584884718149921 0.82382853186401594
0.59118523110860755 0.32274714763195350
0.34051681807143724 0.61062094496191821
0.15969523458590407 0.62138201828866613
0.64881067575856344 0.70340750066647129
0.87638198166124615 0.29876465327621760
0.83777249685013377 0.22726164077743116
0.26201795122518540 0.83870929448359510
0.14310324802031213 0.72709074034247168
0.43516438164269355 0.05968566197591419
0.25366490206746467 0.15621000356912501
0.57542683206166789 0.54428746808146722
0.17134730088250097 0.52404874798096446
0.36961887631861368 0.11234929001299505
0.24998173993924139 0.31171360390719732
0.28722739466414671 0.39881369287000995
0.42331536591362157 0.62647599902168993
0.26895428009388117 0.78872415239051596
0.07380628249537015 0.71621810038963274
0.91182499323539756 0.45201937316493068
0.76434625272548906 0.84610710190337368
0.40152127846319147 0.49992935793842835
0.15151124629461846 0.70579990102901968
0.54259871969583684 0.80476412772534978
0.63991079399846207 0.16783297837602931
0.81347120543842533 0.44794930991763515
0.84829393453156399 0.37440776819979632
0.72283767437221946 0.64877139930827310
0.87352129160905734 0.35937734814934835
0.65353946064399648 0.06417590027517216
0.39169795041555588 0.92220543748399164
0.76039041650999706 0.14581842455423666
0.20497593530579414 0.24570565723522042
0.05905113313618459 0.33563704132135214
0.30758674444622863 0.71464735078036301
0.66048518073466478 0.89581065314745667
0.61197251890548687 0.52112770962329791
0.29996535856014855 0.51004489001965880
0.75066809648721877 0.48118309376946156
0.18091924225473024 0.32619916536304638
0.64815041876618995 0.23714242665587656
0.33955623151544173 0.91493101590880876
0.49501445415734696 0.53547934754531634
0.48012315205602224 0.82085369504691585
0.22636796962554082 0.17360566054510843
0.24051164626074895 0.52880230009055773
0.83763496176846786 0.31384225351514811
0.17522899489151056 0.39670302102034344
0.16823824057507381 0.51488105683544783
0.07151165412045178 0.42391159971340342
0.46711121538833861 0.25865252166565356
0.10804217595296385 0.30918093056233298
0.24867025726822622 0.49317088594245490
0.24903689540426346 0.62022660249409456
0.59990815063452130 0.41547296332219297
0.09389654697905384 0.48985953820204364
0.52442836197383769 0.34473174021812542
0.03626326797118758 0.42690125763319547
0.23148827569681740 0.16356598487358850
0.70477387219493637 0.50523990144158704
0.59943699352656421 0.34415181451516585
0.35103663664984708 0.54869515959715676
0.51287102950515295 0.43818894284351334
0.46223511803729905 0.74062823145141277
0.74201538380140508 0.55122625626386323
0.41295932759574588 0.77217500818773577
0.81367190609732565 0.72791618912197686
0.33091760963254252 0.31582353362044646
0.33370099184851970 0.37681950630563793
0.34975685544738577 0.14940773413427522
0.75369458066565698 0.41317336674185073
0.40679351989655488 0.39545551443574850
0.03736200418115732 0.53608402170491054
0.23184098104215131 0.73744145510105996
0.66689175437323023 0.26237507463338311
0.87744049419460313 0.26182939457002585
0.03911260269008510 0.54490389155292773
0.11728862986170580 0.54728478044006312
0.10911151413956148 0.72267259714678045
0.51458496614535854 0.79422585188371775
0.88671891662791713 0.40496253464946319
0.52256841745148819 0.63374684229888656
0.57519093186048675 0.82241810135393412
0.32516846645805847 0.25589612039670190
0.32838263866778938 0.36165356327684950
0.54272765222142794 0.76626099259777647
0.18704666448712001 0.30892645848452921
0.28328113464424476 0.89325765489306541
0.29205719164982580 0.13568013446574864
0.12946823626996543 0.58534936448271180
0.33458784726133911 0.84999377754304950
0.61450641875940570 0.12717464749092544
0.50711695197712825 0.48726256052314942
0.34729606609615898 0.90576516065587087
0.75215117632952733 0.26686203579019546
0.03744585662603674 0.63154162936816827
0.62871209647708559 0.86016594636248445
0.11906748859201166 0.63548576663085332
0.64056036998973420 0.36435686057500716
0.63458480344509249 0.46867926895385081
0.03562919196050962 0.62190719760824231
0.20879514708020072 0.15602430683320309
0.14103042306161809 0.27865980401915674
0.53415926577596984 0.88242596208648238
0.73623339430299273 0.42448549369492616
0.79775303560521926 0.31840627312970848
0.77962281622116414 0.70210498226669360
0.79913878175147102 0.33559943255114549
0.85091649251076318 0.25204011127841058
0.92159398166142581 0.51929370377717077
0.13883331155708042 0.37495596521299679
0.62295286374633807 0.87567678241208313
0.27614681872036934 0.28231746657152351
0.39968841688961160 0.35092369558072795
0.59715814112510723 0.05925281352399329
0.52381476090498791 0.78607763965346977
0.30048576732938465 0.32414281278998558
0.27941704893338043 0.07009824097888544
0.59539959083228056 0.47310980216832421
0.75392823249721486 0.48656545454497158
0.23035942690662495 0.19988557763324813
0.54504321692713964 0.97310839581765785
0.69546412144767888 0.87122083531309724
0.72574052559432423 0.64059975899374888
0.45218432169216699 0.44773548908058913
0.58867713100624042 0.73821942527469042
0.32588731953374139 0.56288043337832927
0.41401606162259036 0.73668790755830205
0.53748291865138242 0.88819104627380696
0.10044891182267768 0.37893820995060939
0.49642332252979898 0.84471559683837194
0.28388144244559987 0.11086806059917489
0.19766962261460036 0.35244659373774584
0.06356999391335899 0.50236748445440249
0.05547832017811948 0.42674719273464234
0.33564677315653441 0.33909664575400189
0.57850856221196301 0.37247285004229430
0.53619657754787731 0.41157628619387082
0.20548777532263424 0.80405036603136248
0.34222491364054580 0.73817004619578819
0.09147068511497673 0.72050456706713273
0.70211625241798192 0.11603850672642885
0.16806331295757468 0.18732270416604330
0.40817508440656602 0.03619586579264997
0.10690479532936577 0.41794173022171549
0.14525072437448006 0.26911576201320631
0.45559151941291998 0.15003034339758120
0.68259008510295061 0.29296613823531825
0.92279110884687188 0.35225680614219101
0.15885066100581538 0.64053149833637757
0.57568850870131816 0.12274420715656109
0.29670543273460021 0.93616299912336687
0.66125415691916045 0.38320548571378071
0.21677747451416690 0.73166167736929866
0.09784216875970901 0.71294147765492288
0.51706396371507413 0.91956040842426068
0.29951086336254490 0.08994366008819517
0.20030306494557637 0.59300117216155124
0.63192828371911280 0.35674273150708596
0.20127129915790082 0.82834518144707858
0.87612921141607292 0.30322448742968167
0.31656120932334691 0.68275372027224190
0.21113013437957234 0.12144286914217059
0.32865100304107586 0.36642715961486938
0.51426941147247529 0.90944286343791425
0.75461794102524848 0.57971522737121772
0.48089456787607554 0.19319850063127492
0.27289492707334873 0.27002148492561112
0.73572394820363618 0.21929294201004201
0.38694586614356924 0.87584141698995632
0.28281065445102416 0.65767943969122866
0.53902734322743207 0.39399514840186689
0.55205348981046076 0.52084488156322684
0.03448659465775228 0.66050549404882442
0.90493625712904158 0.29674827905440554
0.30394801338416366 0.95660374920875346
0.73094129445662614 0.68434131698691758
0.68347384099163477 0.13844764008236038
0.39125715248156473 0.49491879917056253
0.63020178640686120 0.80057061470958246
0.45808786930315276 0.05015128485822722
0.44899446958861067 0.69228489071246924
0.13861330859481166 0.36335339631023311
0.53760566220101225 0.83057594582850780
0.47289538282839289 0.46752947827179142
0.20097692652081789 0.76321037348324527
0.81016209507535231 0.42757319305359837
0.73156708177778929 0.81816604448670116
0.70414223943870602 0.89005857669995136
0.11152376607678902 0.71559432680083934
0.55119077887051460 0.68454532332169382
0.56707076666098366 0.64487648762749772
0.79410787684039030 0.72333317766103900
0.42428183233315730 0.79368550151415385
0.32291512989614451 0.14847647409235967
0.57044119064057253 0.28733876240943712
0.29700662932007038 0.45099801616623114
0.80205619964440367 0.23911009815536394
0.36468159576586373 0.47250600482071153
0.48038356616621497 0.38278898167036052
0.47534028566380443 0.19444520335533333
0.47438585513899040 0.17505775109832025
0.38040113364499650 0.78670634306573606
0.23801719171104968 0.66192875221571401
0.17692101049424386 0.40083161192526967
0.38711866402587841 0.76799748147589375
0.06836264288735369 0.54934457526266822
0.18716096139895869 0.45516855618821650
0.84552561607548704 0.54179272986325777
0.21693092126994476 0.38473879069148154
0.51939521400949451 0.33020200161134911
0.50827595919829616 0.73489197535062278
0.84211631096373829 0.35747700042343761
0.54991081880421666 0.15241519282736474
0.58688143302906082 0.86709913554464357
0.09626853877049495 0.67674160243255943
0.33368484930799641 0.56828772729412913
0.77326612748381185 0.76675811593626519
0.06264404612398651 0.35769160701444652
0.40654510904279945 0.04384985822704090
0.37089396948558490 0.66620536439668943
0.33423805294904030 0.93053548145783538
0.86555335424133395 0.54081017098901918
0.60312718645119145 0.41814961148248686
0.19505685567887662 0.40654995519990877
0.70574154339317996 0.49940152954571343
0.24973030785145317 0.39405504973383904
0.63856797826954204 0.90068764828545089
0.20889792504163057 0.90342231877468326
0.76341113037050257 0.35852573812063665
0.82245802881226437 0.47497915558601123
0.76291444553018417 0.78034072913070485
0.56230577345766897 0.30535359130522011
0.20468670424005164 0.30674853592342627
0.66656682542352985 0.10061010900690556
0.67008732626183154 0.72539598788565907
0.61347762691989760 0.04593492770660043
0.73314082205774289 0.31997204838812970
0.21463801525990095 0.17855360350301661
0.05712011379566284 0.40375405336960646
0.66182392842807403 0.39588233915891019
0.18778650093947094 0.39356673850487855
0.50471535277483215 0.84973425962159599
0.67714578690086213 0.52914685081271517
0.06893144019096957 0.67937308893714898
0.05452129142371163 0.47563649005888936
0.74683509896162237 0.79459854517924966
0.21837711074925464 0.45767665971451871
0.63116168718585364 0.91885099240416979
0.68309080998497174 0.55079575974691475
0.30851349614407075 0.25628883839020489
0.47743394364750918 0.14814846031132536
0.13053071022895135 0.85815565022535079
0.22058342520945604 0.91907973453812797
0.42555139907794226 0.34735700718441115
0.27374395839276428 0.87486803326745921
0.32912062243027884 0.57143448929406260
0.79639220523070886 0.13024384579091505
0.45960054452829374 0.73054788654747838
0.82336526081225780 0.44970846604686865
0.82539376536704989 0.61556691590609647
0.21407298818067841 0.58209589543212803
0.51633773216560774 0.44305284882765583
0.30256795184372615 0.71160231143630770
0.14089426995972573 0.32141617052237481
0.01416837582809820 0.43137362794908080
0.61221857717512107 0.65304578568145299
0.74326543759869290 0.30843222899746647
0.10247510135385898 0.52318294295539580
0.50295370379069027 0.73278617177540728
0.36600690207534536 0.61968582728004096
0.19516944071291953 0.22506136424862958
0.81054221664221149 0.76998073713919946
0.59358135079155927 0.18400167623612737
0.79524624912229724 0.33301931958356845
0.56102408095435286 0.68571153595820789
0.18480201220599829 0.74246102405466630
0.64388533255756120 0.69418847488497304
0.83990090349937851 0.31661443438984826
0.68009945107007297 0.23248723788492615
0.77089487374568821 0.71188048414836735
0.11909363719460138 0.73182333152351364
0.39133794061768012 0.79726558664811431
0.46788997203036164 0.03187202804383113
0.40251492002044625 0.39402781669819259
0.81076330989537293 0.36782549502152706
0.85699646545675201 0.29653231671339120
0.74387056845543531 0.27527202215383012
0.43050986665307001 0.25524933155976631
0.48216437673369811 0.05694230078315197
0.42047604347583556 0.82133145711914801
0.10790234495233612 0.24700964524104443
0.52722853272128112 0.42408585458132053
0.52527095095277931 0.04237820782247877
0.50837452111359749 0.76245958167772776
0.06150347404505033 0.48905287322669300
0.22056131829189138 0.28542814258729032
0.31998473451881676 0.89663017887527441
0.67793092955975331 0.31484210228308168
0.08626941306271209 0.57269155505481784
0.70314367111544385 0.62171581330707870
0.73230241982493094 0.67162669449211543
0.51431664744784888 0.86785818903469292
0.74807096307461207 0.80093785761881542
0.81229312973432111 0.32767938176081451
0.59710336205547931 0.64407379108848695
0.08270159323920642 0.38676910054639380
0.46812504574332664 0.53105351502654952
0.91599826585482413 0.43028151737956727
0.25274108369256448 0.76394168877766722
0.60029366889560121 0.78564867245258763
0.46298874618545438 0.06290745073881367
0.34723681256281219 0.47517629368802128
0.12549861559243203 0.22486873126489626
0.15753411471050938 0.35054934718625030
0.70039684143747316 0.12887361694355381
0.18465731897920917 0.16533162158437661
0.16931484353820028 0.49494764286009502
0.32098377473712919 0.28685629601285528
0.83286398628215785 0.49259106045088630
0.32659958116772436 0.09821199059905920
0.33414102680939373 0.45541229406998379
0.62666461652853633 0.38303528610342963
0.59655538150513909 0.82862865716749101
0.46311524479506500 0.65213545476789636
0.38519457900189591 0.22387231801632393
0.86720013700667931 0.19342707741454987
0.68045578454191957 0.51365313404136559
0.48150563578508609 0.43124250743239956
0.15782576190573347 0.20533047456835424
0.11075600847760821 0.67327199608666155
0.36640154629639909 0.49413733291496259
0.82751871692881773 0.78036336422552266
0.55608818202372090 0.46725248221649618
0.75808998953596518 0.10565227950674773
0.86126987887024375 0.26330033651319928
0.64019584230995008 0.09363520196943800
0.80963309479852874 0.21089242832886718
0.38642872650053767 0.46726727807075913
0.59709509038576858 0.73168597724103701
0.09127927553128952 0.44126058527708051
0.07104003662831482 0.37727858903251138
0.32002372992659672 0.72466617445022818
0.67782875368031037 0.24299546071375219
0.41348187671611442 0.31951195121106429
0.27086652184304527 0.33107318734455404
0.52684043249752721 0.15486890427182493
0.91681275038940346 0.51821303173526267
0.06459266518855181 0.67704576123863047
0.09675283295297717 0.49554650734031891
0.80191368503663074 0.49751788454315182
0.44090961127397532 0.59296259670902451
0.67204597966302415 0.05441199848711967
0.35878392054746461 0.07360750804141043
0.20220491082371830 0.15594592820061798
0.60203170390920013 0.60837537765311778
0.54912952343099464 0.73308561681690199
0.16678005823005462 0.50006095133463535
0.43572659905452243 0.56967534561287136
0.83905349569507992 0.61825513854431668
0.80333493890397722 0.36700305076697071
0.69456003962208912 0.33502947733455690
0.79975530390085625 0.25243858984091616
0.08138602536976070 0.67976928691716099
0.34098276232246144 0.85070229822309473
0.93204993608715270 0.29026829242604568
0.89642168339806516 0.29279580102061425
0.79251127147711375 0.50880039235178565
0.66341991843247794 0.06769683074814556
0.24928230110667488 0.32353298969192901
0.14954475882256096 0.23091348753687957
0.44308644264533942 0.60557093810763341
0.42949658218275832 0.34563125211037804
0.04047090445481630 0.66778987606754991
0.75799391194932331 0.26919861128389894
0.26148529738180920 0.81761699637053875
0.73062177730602718 0.51000342468595183
0.47896853169724174 0.31480668333239098
0.35315013965000513 0.97755835667417668
0.03014340607761792 0.60834712678996050
0.52977445801891276 0.06258064861480836
0.47997164983632112 0.69943907571669184
0.52431807900269323 0.06268123708915506
0.62771918596156517 0.72371289163023811
0.40977725080159316 0.97245562996550461
0.25796512694493123 0.48639500071172487
0.26751615670743301 0.40302257799412916
0.81259262343117722 0.27414393531619174
0.15090393056184442 0.57691352014208097
0.28321454340460878 0.42635160526101801
0.48261325160662982 0.79531739212385399
0.17208411258320311 0.51954218084356618
0.77710105032950827 0.71423634166211525
0.52748887158139213 0.94299363454767060
0.28580866401855709 0.43601630012032855
0.91165504728024205 0.31241691645342573
0.26850290212850242 0.39689963819798207
0.53170224725250159 0.44342110397737133
0.90042997000845870 0.38331171891374738
0.60664105513844757 0.57502712324020078
0.54188180247626150 0.03753441608989774
0.66781730741944978 0.89444626366646263
0.36062967614273195 0.30616094295206386
0.77774525695907326 0.51748986038759293
0.70365924751469433 0.09277025513907507
0.08769315006795612 0.51602278550276437
0.69714732758908715 0.23379679314212876
0.68415872679746226 0.88814239395070271
0.48164010155829418 0.13798042000769689
0.77693145184556034 0.26805412343682894
0.46078848147356499 0.95241101040922760
0.69208440731528409 0.37730876417598780
0.70738438331904840 0.47334790475387784
0.56902633493739552 0.90962154889246816
0.35184048499878889 0.76930134351332646
0.32769215086366899 0.10486151592526949
0.27470159263664085 0.61273959866023886
0.28244092986115465 0.14964821735230799
0.76684259106143227 0.66574435302553647
0.59293320065251598 0.46673608377175257
0.29476520632874836 0.43584888409025824
0.44493373991986518 0.04942684122555451
0.21268614547982942 0.30388071036472997
0.27679414444146838 0.26911254263735201
0.66546773880799226 0.52371633309662624
0.76307471790410442 0.55257229530139007
0.94009769879571592 0.58761565969506724
0.82497870149918862 0.20966806136243335
0.27308208171128839 0.59843171690036245
0.34072094078277565 0.89524692284517926
0.07718868466954520 0.55264848951702938
0.47401407821955271 0.28680208615795622
0.39863166670759792 0.04025684459222059
0.21753362928527506 0.57680117352495697
0.17032583918759228 0.36900309947651594
0.06491086187076503 0.43413786635682855
0.51662289708106057 0.34769467299433215
0.52836170103255953 0.41113018765315279
0.65157737982193120 0.20767936990897021
0.18027993256314997 0.35134473307198832
0.66348270663347686 0.29180860789980312
0.28015295694207337 0.20576460157271173
0.83069758838600449 0.46050953708552916
0.63605794827301443 0.49287524813931027
0.64718761303922334 0.86001344503969368
0.25737341598357183 0.92848760705073974
0.39818482598325000 0.75378072489737202
0.45969436233893735 0.65646664216072548
0.11805271624358477 0.32464868328484814
0.11551218547021279 0.45790486066260977
0.22651122652055811 0.27152046856362921
0.39519354855011030 0.03817116341549460
0.66659772493887059 0.29611083977058800
0.65673010537084631 0.55094498147828974
0.76916417478499843 0.15461545076607602
0.77997573885581584 0.42242729137589169
0.41011757778004404 0.31772440119947226
0.22814274343249560 0.86487832909285134
0.53327841073467530 0.20563644646635926
0.84936178575912824 0.43513416842565428
0.21960637019160117 0.67273546598463319
0.68631820323713910 0.12013274925168325
0.37569704396172715 0.80181616115830634
0.17668260028146995 0.30933217472913838
0.54455513031899172 0.22894387080133613
0.22544757874489621 0.89738850478028698
0.58014110386725593 0.29732635789045148
0.84882527722485557 0.44035041628573302
0.56505058232303385 0.10738408621208062
0.63255623222409263 0.75648515661349147
0.59036606743039299 0.68409538552616067
0.60492336260565860 0.24728497117539258
0.02685976153210667 0.42454875816117088
0.78904158437191863 0.30947667764530939
0.55135895991902351 0.16247754300295308
0.12148661675291969 0.33875393174755242
0.61125457027416952 0.45022668327868193
0.57736916044300468 0.25443728395032106
0.42590782184241760 0.80806528228566954
0.22193054505845602 0.61245431334512379
0.91179211499463020 0.38583858785039116
0.16169119879889943 0.21953511112259205
0.44119858164123588 0.50567747184208844
0.88636552992569873 0.60877153667491790
0.34992814378772147 0.21397437528413238
0.41514017024077665 0.09383029618021824
0.76202851416594708 0.70032701429189437
0.48785146449801037 0.64567095762396942
0.13885615086878075 0.43529044449996634
0.21075067781557530 0.77471223547708545
0.69782022389794052 0.16542036508295871
0.40128733296429303 0.58525712092351434
0.22673878720368085 0.67775714329814019
0.14487944471731365 0.30572028613081459
0.55391450559080913 0.23511151925192494
0.44763576177056091 0.13879691730564861
0.87462468685402617 0.23738588459621718
0.10779748183458750 0.19820235680800216
0.50314611069041626 0.70782893393746493
0.57074012920506356 0.51578394477146217
0.72594959500251988 0.81284503460642876
0.07002048459922290 0.70119404242777206
0.38018126062906665 0.77192525109256471
0.10579506562004244 0.66972920977578010
0.64445305102800576 0.92479658381075314
0.09780570872994318 0.45888577364641936
0.32973868692880276 0.28800630863848281
0.10920399800717905 0.73767261292262265
0.17809535737921428 0.79949244962926957
0.62501998681229076 0.41241887161622126
0.42294546780162551 0.44092278467520551
0.69626969965538887 0.67888474088753592
0.45180481014547225 0.13201061763177951
0.26956083036167416 0.49321731630273502
0.48955931052928858 0.54361150460316487
0.21996404793655236 0.29738776152824936
0.90830481633956772 0.53633904922165565
0.71086559949163741 0.46330926886616675
0.45442358358175472 0.11851172934782017
0.91859957753277732 0.36125725589971325
0.44921173238037515 0.72149223385940775
0.78024028031675918 0.52892593655207065
0.33478013084554836 0.35054980129378827
0.19456613944973283 0.42117848891295206
0.73575991372674443 0.28566583554804220
0.40415518242022880 0.10889578439264179
0.05238180769540094 0.40309252047413036
0.33694625076935086 0.13718769353227511
0.25563773238064036 0.41800950555030481
0.52834040638686586 0.37199683959921359
0.86815037846876364 0.37713653992854823
0.35661480512302790 0.63277415219854261
0.31672855285022916 0.67145229242465876
0.47230952710594182 0.11945746307083746
0.83659152529298453 0.58355986832880558
0.46109385157985955 0.37505435042319069
0.66542561580523618 0.38407430553856248
0.06389514232256366 0.32971164778315915
0.44449333539791874 0.03533668187333992
0.28469143182426421 0.59239730261649826
0.51546553099889925 0.93051601563784769
0.63343620868854011 0.58818590850520558
0.32997369428410717 0.66748184491276263
0.45767607498267171 0.64099968512355987
0.38766692689979609 0.73863479274305244
0.93221290352206776 0.36119950330617995
0.63155902190142177 0.82214919502277306
0.11678899346207589 0.70616193037160058
0.47496060885636704 0.31051363491731593
0.48995644726811322 0.54913638857396818
0.21154645375931641 0.34385373990799595
0.14922664507482891 0.72211008239323293
0.46234190334886216 0.31245029312757971
0.21390570543311294 0.53960335252051461
0.72496518035720481 0.59278577979036429
0.61181102960122824 0.56862701165519403
0.68993068316433293 0.75225497533639707
0.16017274671065615 0.37634485987859440
0.17219995521723869 0.76972424593864708
0.62849892218724501 0.49376488641499994
0.73890440669221835 0.60778349645931840
0.32243117224824769 0.30307325329406021
0.42764832034501943 0.75766560903762692
0.90546921266131630 0.44120094629942397
0.57109243166827495 0.58745301637122849
0.85072674612735510 0.46900566722564963
0.65806236576494603 0.10076685441156567
0.39012616666564276 0.60491338981982534
0.05643190665804329 0.51111514929313884
0.62870763473928948 0.84940421087737217
0.25596376543195509 0.41244364647914517
0.71404367844926053 0.59288502526817388
0.15615209196857890 0.79663406579575791
0.36490155490555554 0.29378651335611888
0.70324072004201355 0.69657551843259602
0.38935318921881806 0.29825180529141004
0.23380149121784738 0.19332117286655959
0.75682311046071760 0.67843378437350066
0.29036445837398556 0.89289384289002294
0.25020680067624113 0.22064774679832436
0.84353006475793524 0.79483573967091592
0.57255737695595066 0.19655768499816625
0.35717513123472677 0.35725796446103469
0.13127494431153020 0.70435393169280269
0.64398918496947355 0.43400106685110168
0.58379467311362621 0.42933562339955161
0.54758261573589517 0.95510378445784150
0.09140788831599317 0.66688314613271160
0.48985870900572698 0.47320793699311131
0.34613572580915375 0.15587254753461777
0.36430743709628649 0.44627571675138400
0.80300099152672699 0.13969215098874113
0.28267003124233314 0.25580339851600820
0.07433537302689357 0.53045356410213884
0.91710465530407703 0.38783577150443671
0.41758556835764626 0.40066335764535083
0.44614760815435628 0.57550967780813644
0.35617923334134022 0.17291557738452967
0.55862332403438097 0.22921223040501484
0.85692134386204843 0.52181431188876348
0.91592161092226299 0.56876960710571600
0.26693798884184261 0.75876118837610496
0.10323590154724198 0.44153672040175734
0.17053251900938310 0.40721133215469574
0.35494559563909023 0.24944288412878698
0.65871914693023070 0.08417913259647618
0.02069740821637404 0.54685252024132858
0.86061154353378966 0.71153171598086684
0.14347787456634767 0.37724208876123499
0.09615311914428398 0.56165796412973035
0.66411530712832256 0.14044755940360235
0.47343158491288567 0.83142186685609432
0.81486073793465552 0.68100102462445644
0.22995902317063371 0.74131911000983286
0.53686591874017442 0.94183672609740055
0.55866159982700392 0.72756655899363876
0.56768999242872831 0.74916318963689954
0.93978578900795051 0.55791924735929466
0.54612284064763927 0.51952494005351546
0.33428805780116588 0.23734144228995602
0.41654566675819704 0.10713100572992744
0.86988900095935051 0.71863592550216016
0.51496264375843803 0.92382350206967900
0.59372032142779041 0.60342216024170647
0.86121784607136553 0.21807555105824106
0.74171797661868710 0.51824608466957722
0.69655268503944745 0.57854214161766226
0.70806218354318518 0.27347835368499968
0.71304211786078397 0.75908550598566038
0.64757266902774813 0.75924204878053991
0.50501728460323569 0.76700893536080073
0.84498458106669139 0.25797904182766412
0.87629774054070497 0.63953608414394703
0.30694505122396992 0.25186172028914261
0.31372253858117793 0.91327093763309419
0.51320835462786474 0.13626700847006645
0.67378738818256734 0.21040088350554398
0.33194931025793795 0.26961145929994212
0.64255612886251356 0.40910133056082865
0.14636240280914936 0.38270631327053961
0.59668743421571646 0.84722437920684801
0.30077174183652144 0.72486962336520289
0.26600834222272096 0.61710406824485509
0.36199451111182851 0.69414028297829777
0.54648163723405530 0.08971103101196852
0.44560300886628601 0.60956243559890710
0.44464828892989422 0.34716917018015991
0.14744201021041561 0.77505885805513131
0.15852372477526128 0.44850102275832038
0.11450603772165793 0.63135274325728352
0.67299842940896837 0.61174733438875228
0.39866107083229091 0.16145237319977959
0.88878727756417886 0.57981206836212407
0.27632446331850219 0.42030957657467022
0.91600539328505537 0.27682250883801190
0.46058001638636070 0.14219158571232579
0.16355981869175801 0.24923565663012501
0.16936366558467661 0.78939052322885406
0.35814364979134039 0.36114173900330393
0.66212867597426261 0.62090121790020514
0.88446993513452599 0.67794524709330517
0.39138447189037817 0.47964775429287082
0.85716116452050906 0.71898242395723488
0.79832038754062129 0.66182801309964090
0.49544517974290397 0.47546571751524042
0.47678937722651282 0.10175334263132776
0.47139027576316000 0.49372046117405766
0.65355190653186401 0.07890536218837992
0.15746872946470225 0.66011331321012978
0.30299316125958675 0.36896207949157389
0.48651190864610044 0.06602790325705662
0.28080915045373150 0.49657374819463024
0.74086712589913539 0.43924985393164523
0.38934606351462048 0.02127675530498017
0.26773939335740493 0.75391837816020357
0.47858651770003752 0.39704330210067706
0.40958998687626569 0.99803757754732458
0.78218639437772819 0.42556071151442332
0.79498838172720210 0.56801989340795966
0.15610475423923628 0.47534698427200323
0.76543104132348583 0.74950631783716459
0.52672261058635028 0.63795502689083017
0.52749097151286006 0.80922432903513775
0.07835594458752397 0.34979498027277411
0.58942849824542376 0.85009728699249576
0.58455430495892113 0.85473224649096080
0.61648767565760043 0.08702190985480619
0.36549763159645110 0.76538290396378594
0.12971837813928569 0.43240767301885324
0.30391741387119170 0.57053233874923537
0.56409902800467016 0.72320200391454637
0.14848046447129640 0.58978702711262365
0.23881297629486709 0.82745324034132861
0.89611462732101466 0.62006490389572844
0.85383988792759147 0.24366638880881211
0.66529355642595300 0.43403674912749390
0.11736045051614041 0.24250063261579399
0.53655369471553038 0.96652947853666216
0.60751177401066536 0.56493375767930520
0.81823339671991713 0.19916543678634127
0.81721784147265442 0.73978286219585565
0.54566165515593013 0.02259449395341079
0.33109247605450520 0.48418616734130471
0.10542894259013545 0.21694880830109284
0.71427194389366433 0.77025568028209868
0.40361734131843979 0.09984549362894025
0.10672289618406607 0.33736848209793957
0.25140336268275809 0.38426088708076245
0.56181722995284356 0.05012943524719366
0.75445008892120979 0.14211207163011064
0.20768593594542428 0.43946453580755634
0.22409428411050794 0.29252973214800754
0.12925212019616689 0.53482295976824412
0.47426185064640808 0.56149178690532442
0.58342180029565871 0.43432639186282274
0.45778458879744205 0.42762288878969035
0.61836855383745226 0.37258013160990872
0.45529727234233108 0.11296890414572182
0.55622851066501566 0.14586048388555758
0.22324725688672767 0.32597142273060309
0.62720830949231465 0.71357522972452081
0.16036224771675461 0.68820020926315517
0.59088385759662931 0.37198694824904793
0.66624789325946743 0.88510102757373510
0.38769744718949567 0.51440427292011581
0.83022773308233233 0.71728883572533664
0.47034729855129248 0.44636872773118091
0.73066521572799414 0.41121596455780640
0.47928962375137651 0.81401541876419681
0.37077114050133453 0.67111256315572798
0.52352005507836286 0.62835701953414924
0.22913116293311864 0.83495002307152855
0.51436299812124398 0.35940518919901104
0.91138240190994579 0.41461736576112962
0.37058795108285292 0.07311290428135937
0.91470963693931828 0.44762732622151291
0.52235118875644271 0.14933189599516836
0.37212914840482281 0.10902063134671482
0.26417836687421742 0.71446258770195814
0.14508708652474392 0.71588906403055952
0.41732156212836002 0.32079976503386537
0.48624022435067438 0.82350007412153214
0.47220860287273342 0.73973776841546945
0.41545922836912619 0.97250639525715898
0.28539669621304736 0.61011912126749057
0.46183614930040728 0.44939210225380510
0.71630413535740711 0.81326233163728889
0.55219787925558239 0.46605464877163227
0.15588091828778558 0.24299872408502465
0.21005204322256735 0.89590559046243812
0.79806409833487990 0.12434391650776405
0.59972460336751554 0.47130388044545457
0.29782990018799088 0.60914922223516876
0.69666850976925088 0.82005893040550748
0.31609845405443865 0.35872666089924088
0.75853438628957348 0.56278206422906130
0.09055503750799519 0.27317842339440718
0.39644741955530283 0.54107838081870419
0.18799920110137130 0.23273647913922760
0.19398622568830384 0.45344761613601531
0.94263912402209726 0.44073800840719424
0.05791262211013643 0.53338427755807138
0.76887316310082843 0.29341338026586988
0.27203180604375182 0.56170999426300994
0.50809965668535184 0.49827952990098767
0.74968965240648633 0.48590916186415156
0.41384564592240730 0.71478851726396653
0.47093655246860711 0.02089753084495884
0.64804112040530759 0.79468622466947325
0.48811260771750264 0.09031166339962439
0.15173219921856596 0.22226712056601108
0.66912310920679985 0.39561217016916239
0.28694074461201186 0.88482190661380922
0.09519200877611597 0.51663298033055849
0.90607611862220894 0.30089252428683561
0.36308044871585560 0.35457714059747625
0.03393728169085899 0.37663742113742427
0.15456048150001725 0.78448802739904877
0.34040084151755734 0.70592556259095740
0.18417223006204370 0.44625590804541898
0.51073538055912016 0.52334338832741545
0.35983795596182977 0.84188098958630320
0.53599792567194293 0.50192993786629991
0.56517631673855551 0.90620973288771245
0.82243455341190852 0.73170193508347037
0.42820712857700904 0.41936580922574890
0.32332866882281325 0.27781170913095476
0.36944370987479219 0.77673482353878276
0.32344944647838414 0.68911597223440235
0.88433080776569462 0.39583758850549278
0.79865998526172488 0.34109857022099743
0.57647795890183340 0.13037975008398636
0.85183116811808823 0.67731584691966518
0.66218444620976391 0.42344401193992093
0.14717387662173151 0.33383893486295291
0.30087634192098683 0.10781458682164519
0.74536280376405184 0.27179720521098244
0.17779930444456785 0.76377802005097106
0.10024273101792662 0.37373552440895336
0.76172436153060674 0.44420837239264904
0.39945535439768459 0.62032572817082055
0.69928350822700325 0.69866159675310879
0.49855427032975674 0.32918603610476221
0.41055975332474998 0.32251571054388145
0.95149756180145351 0.56006440876490604
0.12066133323255733 0.26739319336154938
0.71297555887392872 0.81498824081367571
0.44067230877828389 0.86365985886737584
0.64440773882507563 0.63095231640763449
0.59133698008602631 0.66678060864777433
0.51643778933426510 0.83159432097064523
0.90208389226659158 0.31590147839586963
0.74387556331865001 0.68141070518409919
0.61127273823490513 0.09806708988106048
0.57505377834105664 0.91194249798865457
0.53608341143175509 0.08617983489685221
0.79632706554074173 0.21491193661963839
0.36652394126079951 0.72997105120036354
0.31649275618710465 0.89796750305284989
0.17727142324031603 0.28526545698671169
0.81050385120135371 0.44311637701655648
0.45860464489174585 0.38953673013854234
0.57984182661943418 0.07250001835413888
0.07212439150551617 0.39750175356499512
0.65077891672532640 0.25184998279498849
0.41315846494376834 0.76240302311010810
0.42745454423312307 0.06592010209261316
0.26534943281722734 0.50057275907778787
0.41382598678362109 0.43141390181271272
0.44408838385474869 0.90391457869060343
0.28277211923031970 0.08560983820871655
0.52952818280397695 0.92265001719330042
0.70287427251982126 0.24312596076010509
0.59150423538045938 0.60828792767571616
0.33900874600311298 0.24847041412803944
0.35482532051065568 0.82960040107578970
0.47738618895693335 0.43529440468159464
0.48407513575624916 0.71623970257686709
0.64859176593626289 0.09630648075027134
0.18700140796709999 0.81170339693642435
0.24508205018768461 0.48229896438389896
0.41627083246025248 0.94086991912693485
0.16361368706718304 0.63855103468371310
0.22048136977146060 0.77993229449456170
0.66112218654021726 0.66476406174073366
0.25708717437653955 0.73107741068426491
0.06302855168359668 0.69592190773250917
0.83752865426695333 0.28994818857488808
0.36594173955127196 0.86552869202792182
0.34156345013370853 0.15688666588815481
0.73176264634902588 0.49889376499784810
0.05207603245738803 0.34869786192594632
0.60871605840571996 0.08695514678650865
0.24035284612087832 0.93504203244815154
0.67864667148892055 0.07105654803512397
0.69727327260648120 0.48154631345963989
0.15858210117393953 0.85905356618780115
0.90548105568795667 0.38116385604240027
0.88736233629595462 0.36108327059065332
0.34853523748349113 0.55661151500984407
0.69208333469152006 0.16991179285177188
0.47088931677530338 0.93338001630360512
0.29737437416733409 0.21926506888494715
0.92464968523418178 0.46280269402967056
0.09018657003897090 0.66344537968906503
0.52629755261896627 0.43791517785237272
0.58039768033975914 0.92105798996447585
0.56920771071688037 0.08970880018878857
0.57098316977638863 0.30748451171193492
0.83631650710723981 0.37662510313874586
0.52347622282885020 0.77659355281199183
0.26396372657006384 0.24421250599835737
0.67389939902402496 0.10812349178758608
0.56199452027541485 0.71118872973633096
0.65512913631687020 0.16528774760356352
0.56850463431495979 0.60123729232654088
0.77055032501423837 0.50475827543735563
0.36079685627437780 0.78435482881888696
0.75849051351614527 0.25995308309460802
0.67709817805101424 0.14123567640754042
0.15273567889137657 0.68675348956313420
0.75473406209369931 0.26221837898454375
0.33841624462624992 0.34168296007135096
0.31161796610145676 0.92277225084672976
0.66032811381442447 0.78578722004950952
0.32745815560053398 0.27003807141639713
0.16755337196264322 0.43541192867911216
0.39878631906437312 0.12514585136125786
0.28063790582960874 0.15624297298138268
0.76169692519713272 0.65093950725483141
0.59535141052810725 0.48273609355936614
0.73032610680364307 0.60656481454987654
0.48458045349540774 0.47463722709149836
0.81837706304853985 0.35387609449185309
0.30960432726352605 0.37702765725407544
0.91539388377658104 0.46039128855423594
0.94060341088207033 0.43552727828095006
0.11876061009357297 0.22398744988329400
0.09859109846557461 0.27453869871117892
0.48345203473808102 0.22448307751451188
0.16380212510858461 0.25849533411783693
0.57744005151080136 0.53778171698159494
0.22868950564054261 0.47704731366438952
0.11268078512976143 0.55825622818079867
0.21204896396373013 0.85480916458552925
0.88177400224822577 0.42450091133784856
0.20283334047536231 0.34333399753760074
0.20028458315056083 0.21562791668637843
0.82507365189155435 0.47066526239990575
0.05070637126361975 0.54127724907356656
0.45203734908821508 0.34791642171893072
0.63373737249894757 0.48563548695185510
0.75439124165733440 0.20226296928433238
0.22257695295585050 0.28262029055268301
0.40042963449078089 0.63350737010138425
0.57842099639247591 0.28798750828245417
0.69836800875585037 0.10928992320857132
0.91858991055030492 0.37531423503923783
0.58887793170475244 0.86242136408913317
0.41903909708798942 0.61198414856532413
0.21345136264217418 0.29731785307295100
0.82782585353389204 0.22905939542585785
0.46669011982347386 0.07218098110443051
0.51307145842919999 0.20498785028990438
0.71610856503667464 0.80905684650316989
0.60956413295030576 0.23139763298425137
0.68106103790201467 0.60800961960907685
0.86838871690836317 0.20549679341049704
0.23543333309192357 0.36885375522083741
0.13118493645850227 0.76536154231269238
0.74012712351941745 0.36518744459518387
0.03444931613541718 0.58456250199991344
0.28716098582832439 0.84544952381951621
0.09547040074421348 0.37530949132708030
0.26226974149876026 0.92468838086238547
0.52564156294997799 0.92614018869717352
0.55588294999161270 0.07433328878238507
0.21236370948720715 0.64889553383021714
0.90114499185196673 0.49411381977355529
0.74168047267761239 0.24307185554053090
0.47858518443243153 0.17587320138737994
0.47294255831070864 0.06753452487242713
0.19354954700046298 0.65859184797021619
0.76134588893384836 0.64384719553936598
0.41478741437865291 0.08014510530280931
0.79994889647765788 0.71612909865188701
0.41099201459135942 0.56563880260780175
0.26330325493628726 0.64811716363809013
0.32307212687817471 0.88652320017190689
0.58885029189755411 0.17915457631940165
0.25777893116784711 0.12177787761876768
0.69091483839125079 0.87951252509589217
0.31588856547270172 0.41804447103841419
0.76204147815308088 0.66973356242725746
0.66644886097311073 0.13617121284239958
0.45775733118200757 0.66831882058559255
0.60511253496726980 0.23305152354702527
0.62987569831164081 0.06725121898413210
0.30306813495151902 0.83610142592180925
0.18885574915862657 0.34001847741985569
0.42408500427637824 0.86338266713505307
0.44009625520762641 0.72022689189409905
0.10422452379016588 0.43165387322643695
0.50543641673743034 0.36719634223490655
0.62917683624043097 0.76992070021411685
0.25667123055049296 0.75708676477802306
0.36474809629742411 0.14395733586728229
0.39235957709317804 0.01697618227824642
0.46222987776741975 0.25520760876268239
0.66519264879528905 0.62487984245909423
0.74467994862202502 0.56629327760776593
0.32344436239743085 0.37758586499927782
0.76258725336751376 0.18155356389813840
0.38265122994615380 0.26909935328188994
0.61154255295822024 0.28454329463571659
0.13847880312241478 0.63592936428280566
0.50296946098537909 0.08301099378912868
0.10527915129250427 0.72681317408873125
0.21998738030154485 0.61831122622178569
0.59334615099396737 0.40812937331957144
0.23217787733420492 0.30749614242069195
0.33407907379349017 0.11760805824508765
0.54990545770018162 0.21666545318319455
0.39753904499084530 0.81198712862980293
0.80389556340629598 0.73905765563580916
0.22767182754392196 0.28888841453878594
0.23855288482064374 0.75190765556963368
0.52120885734279465 0.36870424865155654
0.76034828956837808 0.15151018186790552
0.69983468777832925 0.22967591057976500
0.07730355874380883 0.71241980757263179
0.64307217951784135 0.31140850907837064
0.60021583108074616 0.04326047905787637
0.35010508469621116 0.84642202593101934
0.36366482111521425 0.67792060621563455
0.13311714178766484 0.38947228303314468
0.64332866627641583 0.71996496032805524
0.53618905161456309 0.42313920989718412
0.57391103849940317 0.36915988832793634
0.89861419321800740 0.40149826642939873
0.22721346611132451 0.51805145523171126
0.32361875112326816 0.36782575857825778
0.25294411416126283 0.48720707975431599
0.41643995812065376 0.12122256316148350
0.83174294668873461 0.36992145764878420
0.88639324735610558 0.44997381870649689
0.73592484031079253 0.30398960842224876
0.45102438216456603 0.83324244128292735
0.15539906597146258 0.35402755166145927
0.42134917411124589 0.63828921073595579
0.83004720150238298 0.51727304140962216
0.22159366880908976 0.74739920505408475
0.09335576425284443 0.75195722134306608
0.42823560147411288 0.53897981358403035
0.63105689848729907 0.85660182028811527
0.11857833895674390 0.33007605095611703
0.36860944712685534 0.12047786269534008
0.57599290150058724 0.62922178987163535
0.37475254755519294 0.30450171477417165
0.27548502269521424 0.23869392998672323
0.48517173674028397 0.66985052085810570
0.28321208395577663 0.06501217810498147
0.66180335557988124 0.09389342861101861
0.15782277764618952 0.43036717244539596
0.53056263787617486 0.19100106077542861
0.13884583460581104 0.66672334697274283
0.29967442949286471 0.26892140386846547
0.70097347253020603 0.59207540118066615
0.72480497547154565 0.38778535177205720
0.49770361025652693 0.73971303524695753
0.05959383040169954 0.31804211460354370
0.27248048404945574 0.67421143169501796
0.63593519334228166 0.15000317869898880
0.68107128283342599 0.18227418347573993
0.78358319425966250 0.42979065012710688
0.77866434901891424 0.73131827756867784
0.88891781712297213 0.46044132456660047
0.40265828634381118 0.31331381791309160
0.15032245147399423 0.25079552826454310
0.60454853843386014 0.09558546805335941
0.35747832976692195 0.39776907108494031
0.18533501481871315 0.35197360727694371
0.13326301916189537 0.37612843582153394
0.85919264272543938 0.67791998540781595
0.41125301769121220 0.14971149862629654
0.49397163471990863 0.05940212342034117
0.57496068976780690 0.51869232934885190
0.23764057901947216 0.83709355160410148
0.33827164562639972 0.21947706953645987
0.05186465376541275 0.46117071468657944
0.42507751851393888 0.43566343552757919
0.43120543124408572 0.17961827458503629
0.32365184517452467 0.31900788920003087
0.66717300384133227 0.31388166782839116
0.76901637306592674 0.38994957838397654
0.01448774692830936 0.42617545133314888
0.33834943471464535 0.23077897146552828
0.15528608797903920 0.75020635079258335
0.76093558102329006 0.47719307841062586
0.77293368200597234 0.29475803443297460
0.68903249680070722 0.74473240915517092
0.46860911656227755 0.42799638870896534
0.69609407673951040 0.34790857212252030
0.40069171739709669 0.92925707064317309
0.57229653995200525 0.48274135804601748
0.86960105200230586 0.66076361274966666
0.26084671852401392 0.20778915100862214
0.63541346697472190 0.07518882835360957
0.73019458969946760 0.60098887090133246
0.52516805609077322 0.36187550475691338
0.70581729050893982 0.68837952764723920
0.11054789640779095 0.32810641751230663
0.07094889592995417 0.27759414171174784
0.49276168468002901 0.84775924369267697
0.37628477212414640 0.50612608984564778
0.83257137838941020 0.71298903579058071
0.07756998728549232 0.55887574555614672
0.71751385725846162 0.37338395531099750
0.13520352069423822 0.56800544597891911
0.64727140076938505 0.63596449980229552
0.24090587096046939 0.37899866556055528
0.75977051368060589 0.13166794385182473
0.18398795956270830 0.29813527465888173
0.20468731577218161 0.22978858976461106
0.50934264020918152 0.89212228882896560
0.81768162109765874 0.46679463634079932
0.22485674277968781 0.66888876536179720
0.34087509834392443 0.48774661151371040
0.11405515064622691 0.23462271051227770
0.05700827880742428 0.36434848218265359
0.38883318360188140 0.54283534992430837
0.18341730162944364 0.74757229043172346
0.80495023051713976 0.37550209878197444
0.83673668474702445 0.73001728150714251
0.83170312387196377 0.20008506900357492
0.26741643234274048 0.52662981756165816
0.70825189040160808 0.37559749324250707
0.32935947360152734 0.30069624965020320
0.91882208058839998 0.35642224785375953
0.49120256476249319 0.99844526663129740
0.92460691949063334 0.28703998581935058
0.32109714791037314 0.24013254433612555
0.34651567140066764 0.41527685512800178
0.40443366128244446 0.06193503359060791
0.84398925656397628 0.61795610797089973
0.68086748809381514 0.58437849127610397
0.48207243199520738 0.17310288360301368
0.12993412015128761 0.46952934817829073
0.67645370293638518 0.21380032185286968
0.76025607311446142 0.52742198238088223
0.67225316796430412 0.85507099570317047
0.43128701761003901 0.31613634062474616
0.72044628620173101 0.16535487180347788
0.15862294642046243 0.40294616345139023
0.20485300906387507 0.49456898785862335
0.55489241814049484 0.35964397824188693
0.70260233577089992 0.73194640371121111
0.67661954512326739 0.13272528518809251
0.60174989333542206 0.42871901880689423
0.67900412249357500 0.30436806947307782
0.45285650689785401 0.68326830571168118
0.49697728302592403 0.60383888333481961
0.41053377403410501 0.93372132260480034
0.17407020160153669 0.30467954621672921
0.32585714954086092 0.89837219491429099
0.48164388629526578 0.89521636292407325
0.53795766346232543 0.50930763434181536
0.33109077261675840 0.68067955658021395
0.35490666101731211 0.11859754770456307
0.39411352699316776 0.38895361011165491
0.43676865836962131 0.35657084539154793
0.73223810800259692 0.30109219603724852
0.44797671705165093 0.94095164211522686
0.16142257773937513 0.32569935307223735
0.17265658105933973 0.51457198342532739
0.25894653142663798 0.65210220688930975
0.79000436892492043 0.57107320994362099
0.81872721004303661 0.39164711051700657
0.12117652936119133 0.42270007181842162
0.28741298457323350 0.86178361640360013
0.71696370720361025 0.60202396023375437
0.48759575104383734 0.64090269029807667
0.38294448179575752 0.92346704825408854
0.13899196304514475 0.26638062007956509
0.35342270224578026 0.71881816209021354
0.09529632500933746 0.40906738818860022
0.43031046216070984 0.51900527153078324
0.45496195422958441 0.10806556727293547
0.53636728276413359 0.09330279387049674
0.73028490424811809 0.55796654150633584
0.60901943517003798 0.29564069225995510
0.19217329829927288 0.66449131300755737
0.36603725014667726 0.21968093726379748
0.16929916196666828 0.39615610687355640
0.65425722597357860 0.72078257295558579
0.33527555324534947 0.67286617848846397
0.23476737553629470 0.49741925293652528
0.16043355013535840 0.47196400048538339
0.70558295726848586 0.13022226828728747
0.32823516372665901 0.96078700774380432
0.47675488234785823 0.97363761337861532
0.48716618896133751 0.08643961123842350
0.43045911842220208 0.11761795060608712
0.86242838778467368 0.26819854338906540
0.79106590351788453 0.31436981288740062
0.03930232229468843 0.65600348395317976
0.16295514451766716 0.84791138692471280
0.71798425125480558 0.81661222616075502
0.23755166760149224 0.25757117341114866
0.51637619404165591 0.28769968273454100
0.72493909459430705 0.75882292604168278
0.42619191023519437 0.20770757448300958
0.12797636369589194 0.20137247765769820
0.74130861854722763 0.73146063564978547
0.17829745766147836 0.44856459744016486
0.67482200088636790 0.87109556768445628
0.04070354985608260 0.55821288517989587
0.30959563625844461 0.62583549725919130
0.57073352703755742 0.12412107118129068
0.22687106717743774 0.80893650437164022
0.63321253890911178 0.13102125505941592
0.37056590370292974 0.74290205596113368
0.53546717229109098 0.76262640656927072
0.40761712337380063 0.16766751150957473
0.50719292867186538 0.84372210630444155
0.61296428167549111 0.38966873242394917
0.43108154202565191 0.14805889242282655
0.79953771025534826 0.79607343856237356
0.09813653654176126 0.60626964819513329
0.53143128989282518 0.12248826333198294
0.49040269797412295 0.80764896723480095
0.75462825586158988 0.50089818404200992
0.75765237602721947 0.57493105097163189
0.67079504900768383 0.88479845262162227
0.62888779957332730 0.77484090794516125
0.41383017187332921 0.99432554488919989
0.11339970340903865 0.30695108748732425
0.45104664022412122 0.81108234651760247
0.06637603023933372 0.55986858716781651
0.36009007605128035 0.61283009062572924
0.23073613937019413 0.52613977841480208
0.26720171038392776 0.88731881800057355
0.09785213430496177 0.52707619160280317
0.45446087298482757 0.42020317869645435
0.46769286282277406 0.03594004718498459
0.75399899963516881 0.63569958146535466
0.24005660751762917 0.45245806765390073
0.44868026702092190 0.90170230402156848
0.12423474431942305 0.41498396478084759
0.85391185081969545 0.74781878682562697
0.68161121579812578 0.83003957195934486
0.80032701186711930 0.69806042808206281
0.49254442423017836 0.64734624225087289
0.35533653547300420 0.86787318685979897
0.29228804077395654 0.71905842846106971
0.73365344880475170 0.44384048802674447
0.79696119153766198 0.72709260093839778
0.90255497840298282 0.59145578318496528
0.06500966385272347 0.27678959157986599
0.06704489171171937 0.61716855608367571
0.91291135136672441 0.53386953581026231
0.10797724624255214 0.59986988497352578
0.60054621883353454 0.33430621949552786
0.44401922343440314 0.32621950586910242
0.56801987734810611 0.58133225929010368
0.78572509186762507 0.79613649447590129
0.07035449566350813 0.29854083221626604
0.11057402727033021 0.67781739111273664
0.24163166885424370 0.90810005437632868
0.54959760732834972 0.92573774201237302
0.31171747572514696 0.30747545087747191
0.16052326239223899 0.75523540439725123
0.43144723755774977 0.35275029301477157
0.74781455685579956 0.59647978393681211
0.57586793669386516 0.38452837358582492
0.90431410936074019 0.36270468181456839
0.64943350486203977 0.39760613633037273
0.76991651111026616 0.43438552078820064
0.16613233039640735 0.52340744920509652
0.10119328286066592 0.54724618717291740
0.19148237408926819 0.26295393045374565
0.13780612767733433 0.43077015236772775
0.37571303070060741 0.17430332825355968
0.65727085917413219 0.86686592843692478
0.10524971780499356 0.56909375741049428
0.03144420781114590 0.54930015149635525
0.71980565698271592 0.82505230360669124
0.69665135059028283 0.15066435286174074
0.78795649380213950 0.77517447402843287
0.14398408561479153 0.79112913135797747
0.86115929615282549 0.58946670128772249
0.28591136960736263 0.48723081772623639
0.12677676671368124 0.26660747493981418
0.53590842139344963 0.23276227984217099
0.19336359378844051 0.68682981175517965
0.79479195645998624 0.81281077697407322
0.19272249811264333 0.86565935102919667
0.39536883552410551 0.25700998378695233
0.48513375287680122 0.09269650960287687
0.42192570268282914 0.09470836630252208
0.03041497198116590 0.61552512039854368
0.07728300089662032 0.27280807786939248
0.65152453601829918 0.66216481241400615
0.44913410199594878 0.81796808677993282
0.86570641580082486 0.46162101673261663
0.60115492138229165 0.06344585585836290
0.36123153103336536 0.43941499994139593
0.69211602982210452 0.19563032735564451
0.80799510652074669 0.69659028026617931
0.66084525095592939 0.40241906241066688
0.38953630640685039 0.26316393050263948
0.73009967833848255 0.66782375814980599
0.22906984057315619 0.71430502883056035
0.39488058004262683 0.34448640721016244
0.16531810506042344 0.42965210058532605
0.19727499943391427 0.22780846815225408
0.36627232691262152 0.90645676652776275
0.44960658339309889 0.32079216088506435
0.59284095503833778 0.46135350360370686
0.47198355001861159 0.80782237864333961
0.55377763207829744 0.63157293153522742
0.27628352602485173 0.29788752070670299
0.65112500136354345 0.28582229413755383
0.56545199362080667 0.43804924549348928
0.05245486350982343 0.53549667133956291
0.20894046441479827 0.75443470474558394
0.21452612076246969 0.44008526715452956
0.50179914309580709 0.71939872216651624
0.89395559939260982 0.61624452930380857
0.54366004332455875 0.66605434450633350
0.73541124383790257 0.40602309800963204
0.69340826378424680 0.47820416212629774
0.39422328977797599 0.44060901254335633
0.81288117296384621 0.77572439081868683
0.65330806970672861 0.86495424496414330
0.45197157346195616 0.60415204771306230
0.68554403823335264 0.17038109130452489
0.73814626231529612 0.88207930324202288
0.50205575448935247 0.37791012322617185
0.13397324179988168 0.63944342731994774
0.12058942794450432 0.71672096731567625
0.77086054039046115 0.28094421356109628
0.63269068610035240 0.92258788027534822
0.61890733255104147 0.86733346420590174
0.48993208120956244 0.56972533364349953
0.48388256693991755 0.83099388348310854
0.43234579923788008 0.90186644259431337
0.58996440865498612 0.93535403610732093
0.12159212157942098 0.19695558893112117
0.12145268419728092 0.25790547154974625
0.38690150050118149 0.31847397064557970
0.56063228235419726 0.46879236470492081
0.18775924366522054 0.15081352826930500
0.52600169524004814 0.38620262564100422
0.84025273438023051 0.40660816862688404
0.91006959777387908 0.40698677905456188
0.33749545442944706 0.51164379997828990
0.64843892692806426 0.80754213756796789
0.69461792519420873 0.76825078101280653
0.15931649537705420 0.54701711463832370
0.24336956174989924 0.72721945011282352
0.47376382958130470 0.92707473480955027
0.04482565143324378 0.60506675038140389
0.18164549239831185 0.80686970049867679
0.45597316485881728 0.04287044627893039
0.36336918004836377 0.68384789036170590
0.48450896857228548 0.42621227175712401
0.56187179377396645 0.18970307887849028
0.61835451007214948 0.32816020063940138
0.58642309236802959 0.15871949182600409
0.54472448341396618 0.96405157432585542
0.75905017551454101 0.17697717814802999
0.90394807640127128 0.44803200740043991
0.85353379201911939 0.61017822987017789
0.32255026597540165 0.72880258488301608
0.43252199160951210 0.07427003535414421
0.46830503639243448 0.02602067161981178
0.22728032551219221 0.78994160498240251
0.82291933254253880 0.68669222649616113
0.45047164847726873 0.09939180798762630
0.42115796876695427 0.58085310709780602
0.05510746724227098 0.61800124447749383
0.83050083207508363 0.72784179632415913
0.43801942287825701 0.36291525258503171
0.60198022864578804 0.68649926198277456
0.82256019034366323 0.59300917744465986
0.65632238418764810 0.66431841585778617
0.33811084394240248 0.47091774428762062
0.86155016028927478 0.73828986346788150
0.20453735241061444 0.89124097038343897
0.48316431058354747 0.80449149885847837
0.49296107931593663 0.02591330348697028
0.35028786604048612 0.61675407723340170
0.35604916514307638 0.40234288664246326
0.48241015682765115 0.56136918920313905
0.56839964673341004 0.73460659468018463
0.84064591194532234 0.45123920052574201
0.11224077585588921 0.24951180463685130
0.47084171259930790 0.07099189298572059
0.36978886484427215 0.73522349042437551
0.30121189480360178 0.84692187662854568
0.40815624882025020 0.21016881295168530
0.14853710127476955 0.75905035538552956
0.38283409752740499 0.93079159701278658
0.49176799281983652 0.07044816467809864
0.16221896113034792 0.50938281091475357
0.62384279063571380 0.14893777052171109
0.80407068087571620 0.12850982041361428
0.75148244050019031 0.61208112859202557
0.33526500496184536 0.80524715168825434
0.03533103933255740 0.64984607425131735
0.44502499639718679 0.90818952607883052
0.22598093040830372 0.15757806058434090
0.19733621672926746 0.52596350810563230
0.47954027190290544 0.43910118926361225
0.85701949759869145 0.26475242373332303
0.73765197348920153 0.64010450232052496
0.59779249675633106 0.13951176189353476
0.40795444356313926 0.91720125919930717
0.57404974959747723 0.27939186309063097
0.30722900137235626 0.23095072015111320
0.72961870723117905 0.51529855977413341
0.09738254914495734 0.71853677144810257
0.49729047792830905 0.71491147558513535
0.78924342541564485 0.38573319324542132
0.31644481781298966 0.22538782539079646
0.81397133760359186 0.27992077211714089
0.80010470250719279 0.38691216198136785
0.57808504567965091 0.37668851352969046
0.05117242510214898 0.69795086459531708
0.67952221142004565 0.62587915733152633
0.62901229294945182 0.13123141429689381
0.35880575860956548 0.16527371161077992
0.41586021852440908 0.74227909498095401
0.37483261696870424 0.91340758268106903
0.47020483544383007 0.72195832626176704
0.27496796246809496 0.40808504899648601
0.22695726217871673 0.23458957211179488
0.69137517998648035 0.78488436708994813
0.69122217073951653 0.16464172081536560
0.52372653510784328 0.42504535075930672
0.63089594457179232 0.47378680010426594
0.31674650997441245 0.65083160135775675
0.70535996204370344 0.07037042733603427
0.89825656743170190 0.35446072431007436
0.07609524317439327 0.69240388069009706
0.55074629178665147 0.50838053681111151
0.63347901633143744 0.58097948615276163
0.55365175517879983 0.47040658809133867
0.84274052858010884 0.29330562855332398
0.51444637039711205 0.71774853116621951
0.48194320083194209 0.18880535862449763
0.77456800938669756 0.27594418620575811
0.17553450993023975 0.67685958559872572
0.83254637140320431 0.24023741545911742
0.50785417682077361 0.51125305226791007
0.72200704141924044 0.27747747398355893
0.07345723143689870 0.54975481230812040
0.74907328081926217 0.49663629482439681
0.54201537410737766 0.23880953410411554
0.07296152556156300 0.47246123127721512
0.85093381839521087 0.44678561484912849
0.53017538154972532 0.25264173852090405
0.31978029832041099 0.09307247096992924
0.76556121218083395 0.43876049433713887
0.30126061634653972 0.21467308023994536
0.34246157007144928 0.50665757570226966
0.90574737575749942 0.47911208518673809
0.31717222626190866 0.90154953022549089
0.73545160149701905 0.26922672888354382
0.58152586192243561 0.33174237324822003
0.49074474861584366 0.66474243922518850
0.31360682307770932 0.90343220882775255
0.05240070710407881 0.38961729920905080
0.54807274830497676 0.63377534780759937
0.04845218808566885 0.68699360449822211
0.67158616583007058 0.42501456018103978
0.61750257021265953 0.33411608683393668
0.69406700571856983 0.69781423811124621
0.25439262449611177 0.78505689820697921
0.85562192310122720 0.70824000227991202
0.50705390727313759 0.47596556118033523
0.43523817524617786 0.31884982172434639
0.45454452086567088 0.46940882594249844
0.79712883703913973 0.32363516991451713
0.26485212005262065 0.20773412086995433
0.20232145461069370 0.86349917789096375
0.65127317918625727 0.87623187265389291
0.71702244797016179 0.17222210026087800
0.25721125861940980 0.86890457874219884
0.57238151858678532 0.72990396006679192
0.69918179484639686 0.66248906405775521
0.08626032243687214 0.63977962128744648
0.73197256354175033 0.27663887679903859
0.60684829583993660 0.58063160716244155
0.12170884038079212 0.24459786123989563
0.07264206710448620 0.71096272133588867
0.72293451946142084 0.82060171477929589
0.14216121625224629 0.76113909317189987
0.53445471601083439 0.63785579472333653
0.70455580131598661 0.56175424889415182
0.79624600349621855 0.32849864071721879
0.67446379236451415 0.04338459889436581
0.50270559822416083 0.38674329793472029
0.61054414463468654 0.73962149427601220
0.11744835735273557 0.57714857868209124
0.03312317403598959 0.36575858081679463
0.27955043955296527 0.93400173276191478
0.62549087854412688 0.78319508172965968
0.12834247524247902 0.43823739593409272
0.43313010944068675 0.68893135750319812
0.23130471203182307 0.25635551204856127
0.72062496688390110 0.61385078467077447
0.77781590546112156 0.73870332510672199
0.62396345351678617 0.51832128574874070
0.80854033058650820 0.22702952752234160
0.31967627498351642 0.44634553531643784
0.57885556570941543 0.77433627414882134
0.70815419597530282 0.16465132275991562
0.49176056200320317 0.67785277166583691
0.51789761189042427 0.07981142401137672
0.26676082714588834 0.21109611019318408
0.62662485755106223 0.18581495410183599
0.80762884209020347 0.68893607136135560
0.59490030163817786 0.68339159856643572
0.66254970208050024 0.37953114911189179
0.34214792090120716 0.55463558436147431
0.81391515029525729 0.75873179037578209
0.41662732693493626 0.22553770347566265
0.51822525546289777 0.51662955067591776
0.39971897398109052 0.47605518465403612
0.34862392866572778 0.11364581043740456
0.45765788082044789 0.02930134787963675
0.32912520551410784 0.25756182511798970
0.20494935453518973 0.36120428496724699
0.38094107079271605 0.35305835676121838
0.43558676758175363 0.90553247468678078
0.46898232395194084 0.55271319580289713
0.04740133734658122 0.34774964627101329
0.76448736453282018 0.84137662493452525
0.37151544239357187 0.80740521673329035
0.30214915464919112 0.91309990861364854
0.39618107983113671 0.91508533337859999
0.45517068870636701 0.46191653652631176
0.68778001090800112 0.71625203191295916
0.10479716799481646 0.44896349524935392
0.64905879898784102 0.71865077992130943
0.20929917913364615 0.80072601784504982
0.66348122071441396 0.16085447728963867
0.19679022239227559 0.78878224919091522
0.69383509154917888 0.42503397434208695
0.57230337656617469 0.18948812424516881
0.26056672613822901 0.22173113819292062
0.01926423429608203 0.57501577069833198
0.05922148832152099 0.62797551863709300
0.32726084653358650 0.93522280144391801
0.81950169346342971 0.21944707053947032
0.18179965622981209 0.18609807777863072
0.24125645750777283 0.85871270135684707
0.88310797920708828 0.26583435855299342
0.58535274041217999 0.69423638457904158
0.52994065618715125 0.09007453721267074
0.86725611916019130 0.19941593167931734
0.08717037091664501 0.47637039796654113
0.58998295143312762 0.83122550098059733
0.19530898512519251 0.78404809294309019
0.38920512221854431 0.22051063587763689
0.21675290998460836 0.20273043557956807
0.15582540893274269 0.43503030693137912
0.60926726618435245 0.06911212263482097
0.45752607896772374 0.70518202949192099
0.35615766127668391 0.20401845698630333
0.44541872725222920 0.69049043004869737
0.57018320631078756 0.52110016116203650
0.19210806609912701 0.78963536923096467
0.77482157469614543 0.37086319827023301
0.76676467356296507 0.41801730102249696
0.15268272228376870 0.27268769487359057
0.10148621992167238 0.78326502659495756
0.86017532544057940 0.24262945375127704
0.46426277973049768 0.02916211828056419
0.83377252243457078 0.43713406238860608
0.70143107940355609 0.81449657720034674
0.57904974262060038 0.45235527903673806
0.57140830272701293 0.94427020030302766
0.79412001978995550 0.78887945256289049
0.51082448048147078 0.35479998366344517
0.32737716919650589 0.08733149453140039
0.31397321967892045 0.91740917544430967
0.39683074672540863 0.16879856502001891
0.72809217131645698 0.14616938018304459
0.51252981951826471 0.75144315682679508
0.47447631470822899 0.80331655281427472
0.46864271132529189 0.87316649008525471
0.18272588837494691 0.21458592810723207
0.38360877363895252 0.58062722518706800
0.06099161728500195 0.63647502075987739
0.64371654302963133 0.62520882054248506
0.43040516847089633 0.20587757165895049
0.18516674940129166 0.23085190950512149
0.17531566051748029 0.70568608654803511
0.27212086141768249 0.57441578607836041
0.20713088940937413 0.58581353236063149
0.72671676154875098 0.81838882651800338
0.69012823550708957 0.61228979205006762
0.90405868354755303 0.54026122068449578
0.49816027971420801 0.50129908836600334
0.38330366775227159 0.38435569564406613
0.07025823419444170 0.37324699214121909
0.53992722059171139 0.69877762412409117
0.54228634595145686 0.68193996270067969
0.34498232413026764 0.20670800171694742
0.52633229708728702 0.89277133492992899
0.75587621592317411 0.51148546153586461
0.05207878591854471 0.45474660402241718
0.65839734889220358 0.76953070364916287
0.59962252779753744 0.68318193679268346
0.53220877816963330 0.79902142117736963
0.59053591869057798 0.13287391826372799
0.73860688140244102 0.45215671739066460
0.19198497114260510 0.63712831778841084
0.08989504042433567 0.37777881496854826
0.56241405310258374 0.18463819685805741
0.40895944450168475 0.73469394695793777
0.34725942490221973 0.19800816788069980
0.26846630094126595 0.86478883128817163
0.10390429450126351 0.55688397423104152
0.50728793630174818 0.20150815247192147
0.04628033530181840 0.40642801634606357
0.27406326424132960 0.58550673265571018
0.23775291426329478 0.61154772789178891
0.32884900341272483 0.26616938379394678
0.89406580134289104 0.42005592268063835
0.32074865560856869 0.50062210099851878
0.87034283432745008 0.70895224832438986
0.66415424231018871 0.07286054174794127
0.07841054044630451 0.53429649745804053
0.65985294360546054 0.70475542669585922
0.50624177449958452 0.32437420585369825
0.30164452153616989 0.10236213318268193
0.86961634441675761 0.25858139102054983
0.30635301707418011 0.34555317250397050
0.88867517557467690 0.67392636638987957
0.28565367205277770 0.72706875907252488
0.71737723490893623 0.27527735911344714
0.33198822062914413 0.46979074341499516
0.62320253957417071 0.58963643062931292
0.18283609623387609 0.15296538241952382
0.28008137233468999 0.24674949649902206
0.25543818091749343 0.21572395298221309
0.24694407966337839 0.11768309722729081
0.32713258881830665 0.09137803393698501
0.64269494829895046 0.40310735708478951
0.69354124082619872 0.78986564938537906
0.13020208058006799 0.42753274511996098
0.53912580242053054 0.62056332008116277
0.19790566289423456 0.38383679033750512
0.70778130291463104 0.23646020789981043
0.53776896025644627 0.64587986398201969
0.50211181973699970 0.91671637535619721
0.23499114522179074 0.87910398596378159
0.57168315516343482 0.53019900987703605
0.53645463958833761 0.40030169218198997
0.38274860534735533 0.51333952664606275
0.61578154840581922 0.41259531317959336
0.80301899122964171 0.32485074125448599
0.74781425646302035 0.75224252761441879
0.46878060473178823 0.52178577124975734
0.23291335014587147 0.83755118793472816
0.67660800843571800 0.22949197170931901
0.82400579573805088 0.46193254281922136
0.24959821268496868 0.48497866882683621
0.48731280245713310 0.27979025169259120
0.95170810339783252 0.49476461110756320
0.90615238306625057 0.32162661690013833
0.57941734359739794 0.05240977488374439
0.83435649235029230 0.19558035637179377
0.37020211443035211 0.14510253075646939
0.06005414305819776 0.49399507968362666
0.08578574506522121 0.68034211682744616
0.35948587004945787 0.82526078299734906
0.19359574656368836 0.50001109404684152
0.74260117900863343 0.69241798333572635
0.40012571055807300 0.90658494066097095
0.11125038147091500 0.52424986365582393
0.20950070024097547 0.38773450605369081
0.45181692003899659 0.03425987534352964
0.54808445787265614 0.48891668394806681
0.31622129133616800 0.49472705293312896
0.81048344077643786 0.50169503164747853
0.42148771368101923 0.83661564113571762
0.37850561681468048 0.48017217217661884
0.63273421708649102 0.87066157120704013
0.15120503895653289 0.42914372669243689
0.66510310433668163 0.93353309551461328
0.15640863338422664 0.23035444945913972
0.91407690141138231 0.66253309195414900
0.68903328441512746 0.77829796699172371
0.48293011148808318 0.08949087747403787
0.30505576629854797 0.09210909761879424
0.58482104138054125 0.79771267999254758
0.82717115518349160 0.43553991405306841
0.46827228619850614 0.70846959486620464
0.20322286143571008 0.57784472703861300
0.48146297278901984 0.19973883861788660
0.28398483628766413 0.93969005235138536
0.35932813889633780 0.44529468690635132
0.60108745813637876 0.83911774479584444
0.75809412703042833 0.53232151375303927
0.55288102022664598 0.96389473684500193
0.25832272683807583 0.17523455195663615
0.93653665954014420 0.50370433028077255
0.30499029560858065 0.44734801668782420
0.47714638911901003 0.32262547422136084
0.46261596576194186 0.28933727227629102
0.19859173323652679 0.79235139475380278
0.61425198263267633 0.86516094981352143
0.60929943288486121 0.91220233691332520
0.36015787292226920 0.65617351317705530
0.83822693430343298 0.26328060937051950
0.51254598335233226 0.63304306923366693
0.40480735965643916 0.85316938217964200
0.59298550645483994 0.68724485803637148
0.20494853792332998 0.23500385371808805
0.23986431179054357 0.80722369721144849
0.49981934298082337 0.14093780723753069
0.61589155781909022 0.32236878467958613
0.81846971728733808 0.69584697740806867
0.21567293377094590 0.75893244699363505
0.11102274934644459 0.45078572079521451
0.82289881982498736 0.54559851505445478
0.57810893265164476 0.62536453955379234
0.10459249304300429 0.25141788991331049
0.26977190503814408 0.68672474310607157
0.40859621445940952 0.97926835215639352
0.68701110584411207 0.60974563352389677
0.67440313030803867 0.62202987894106465
0.09074997273750644 0.72952215209829263
0.40842620186507644 0.66855591511299239
0.48660655378985546 0.75401615249428811
0.26072514083936715 0.24726086129820113
0.79139504262582794 0.30549366389911770
0.45613750167860218 0.73861648656373136
0.45346438764489894 0.65013338660367115
0.20532484087110767 0.89809800345369262
0.10780663462402759 0.54703292335243980
0.37621161178359702 0.81007202978990644
0.27733296631966609 0.13136816136919835
0.93926621348419681 0.56411409897007780
0.21070978447930166 0.75930602002036118
0.40672420327218989 0.48380128947949502
0.62966826464276537 0.56461969921155175
0.78379557912720954 0.74230055796641670
0.63557183497343517 0.12725893453789472
0.51039784681356015 0.74676996019847353
0.23606550402995669 0.92810658094653509
0.49547570748624475 0.72512957008765899
0.26191363613983470 0.52919641712579601
0.65985376245168936 0.28350343226274849
0.18806893778688702 0.63253711079217212
0.36908762307208420 0.03496313451654679
0.57713532568958914 0.77935287229036521
0.65457203549137499 0.05691961870798835
0.68949897809065774 0.31805436728276948
0.54660582167262572 0.48243783268537827
0.08684879341708140 0.66210737806835007
0.18544322769403110 0.21836644362844781
0.15229137867864589 0.82541481663545646
0.82830500046110567 0.18900999635725846
0.85290084323484550 0.73972772868363634
0.51846655446843803 0.48442226721270187
0.64750747245148643 0.17094353397935647
0.57810197908456828 0.61689978558119485
0.42511648747757058 0.63933987475642173
0.51118397629040602 0.72233187080441297
0.44169235775143367 0.26457827077347268
0.30608768786813029 0.84976340366078551
0.34845760982516588 0.60340159290510842
0.36145490405670350 0.35811296078742555
0.80595141433247552 0.51301202522863643
0.78367499871377166 0.43999166431548314
0.42848875735782810 0.35590545565918580
0.52997290680332032 0.59275780257758670
0.49258687334499868 0.16169137948941306
0.39632464328024158 0.05800580137560649
0.38167211361685760 0.13345612633516538
0.82747739818911292 0.28106569848327734
0.48401188399801875 0.23182725909060123
0.17221710186063358 0.44907188063336195
0.41955299282408315 0.91812367910122605
0.09235270629638816 0.68391606013412598
0.89931325230443770 0.37228333568089522
0.81178823282377932 0.20050307562864780
0.16145991141140154 0.29375523074013565
0.50343643372072433 0.44631498097364830
0.48668432087547187 0.14177503005581152
0.61952948142550335 0.04672929636412081
0.81449556741409768 0.32167830812014131
0.69574798556784478 0.82563122995130001
0.09881134448376765 0.75662180345053542
0.84757259870840940 0.33079107320211093
0.49679693158233434 0.28608074753240614
0.53291118255039105 0.25529158962609749
0.81830078187777644 0.45122257814820432
0.88251750345546465 0.43225777359384165
0.77627990462317253 0.55902998401984461
0.78652540029821427 0.62203362178859334
0.59875711657506325 0.33975477359845990
0.75197748805819575 0.82929585740528333
0.06846583336276771 0.51750412720210226
0.77174769439194113 0.77981632029173664
0.33166481011101262 0.83900127979054062
0.64530417750205871 0.12281840818485761
0.19535093225793701 0.18420064166281597
0.34450310232968545 0.83589670951819883
0.74427614206980264 0.61624536729132173
0.15264445525383594 0.37869414027336956
0.61581567030715900 0.38043250059655004
0.10214051688401805 0.56686435875325747
0.84292319737742105 0.34413397613486152
0.78234022703971928 0.77324588601877642
0.12534981580268012 0.70087520566155515
0.10924994012233612 0.77123747276857324
0.45082771894009416 0.26640513636734586
0.42990916490218339 0.56659430985814452
0.18776656839028139 0.34571438857891362
0.31657327138828295 0.71019927147220119
0.18732127011818100 0.87063841797190755
0.15300850575929126 0.36868467418906009
0.31855360167440255 0.08887240316720696
0.71230512380879030 0.60047000089972402
0.60193533701409641 0.10313073519981619
0.32630298392598178 0.31441992827697374
0.13627515566310761 0.26213074201414982
0.68498913871297207 0.50880540778919880
0.58715420821793529 0.46713484479383333
0.54524940030152869 0.69725288930923812
0.49947755555651030 0.36653180272049457
0.38728477390541949 0.90977284968663052
0.29691213997588650 0.10150982559581372
0.74898477196229563 0.24026540975579744
0.59375619100371746 0.83698153750551096
0.85469067039827873 0.40251531868995433
0.22818727261099644 0.32282780767010916
0.26737452498187536 0.67260825758958986
0.33698375782938456 0.59475931590911413
0.40597109933335845 0.47317923831058578
0.69930833131924985 0.19820352892839083
0.88239789021954951 0.40434540039862443
0.25980289013799418 0.78647065813014794
0.06020868688675146 0.69354949741867467
0.38325779941766008 0.90403757659090078
0.54376253208630132 0.39370087436304740
0.23539086785847524 0.75713676534878027
0.36140002091431461 0.25308558301801914
0.47485914912578353 0.87411055756667788
0.17654753615426452 0.53035961233138951
0.70634792426382698 0.67944786548015002
0.21142702599920984 0.35709262118876900
0.56863266813714086 0.91486689361397378
0.52825554955662346 0.56123602814149742
0.40136489634717609 0.32657046015277813
0.16257295654002438 0.38801131149581825
0.30248139728076190 0.25375567119755149
0.33265368881486179 0.96425725898222636
0.77821569850515715 0.76944254995907191
0.76911323073816895 0.34156174682595558
0.02798498274617176 0.49089277558353761
0.62577655861372106 0.80709689965970066
0.76580220176375724 0.79321953481731033
0.42400279324915607 0.64369209713110676
0.82755854157591524 0.52320581370508401
0.54669666678541762 0.83698705519666849
0.31679447475844841 0.23063184026192246
0.39880754864267165 0.04507692475205981
0.61263480640529777 0.15407842511563855
0.47477078322258648 0.82529228381777708
0.38736989569259267 0.55319686953468117
0.45992382754647126 0.25969084965043610
0.69052129074044311 0.24904911617060552
0.45750606277146261 0.35756896666714222
0.82711195181117458 0.16405044639502175
0.63265253936175425 0.86043916064076287
0.62270621219378319 0.29715737309712137
0.53328446083663550 0.02380838440350970
0.50024540934802331 0.84105605319993659
0.35926700617031737 0.15856514343990694
0.11529783302582015 0.68250725732758810
0.41904417822485202 0.26593022660154736
0.00174889724338452 0.52564244366861190
0.51771669577302515 0.38975229776814185
0.71817010913747537 0.44023090940032356
0.73558618430199285 0.83933204695626806
0.40381717962144370 0.40092943171119544
0.42699478234582383 0.09935348592101031
0.48432121416811796 0.31412227695066558
0.13194721305227561 0.43569542359290814
0.79593012586729728 0.23682591037047399
0.19252848287089852 0.22309701291290443
0.91147938239503734 0.45954496746511120
0.37815803974397788 0.46226071665003315
0.65704072602309138 0.80900446572211415
0.11638519434550369 0.26874334243372328
0.83995706598281239 0.36179289812856674
0.57890357403264836 0.59872827331469891
0.50117523729421531 0.62841195841541753
0.51540910889240499 0.57904272344435792
0.61727211569826723 0.27794889426241814
0.04628880187470140 0.42865627860793049
0.72158874646272486 0.16138000750866374
0.92018205039030154 0.45338671647054030
0.06726938192167610 0.58963260006636142
0.23980054920715574 0.44783754347237847
0.37736367442047547 0.35039408296040941
0.91022960570641287 0.29775520232580216
0.42040718742970373 0.75423701922174780
0.03073796921156725 0.52845044338971503
0.25979768711946016 0.38547408231594754
0.83290568801580511 0.48164287275552409
0.82832434171307479 0.74673573223931689
0.66781995563142371 0.17729402326419957
0.57296971991249501 0.56021513405356771
0.50499905320669858 0.34959238227259720
0.81484714537055281 0.76729179471631048
0.15560578271745346 0.19775390497053366
0.32771560380767811 0.31816023733012883
0.22064089135689741 0.29349668812328616
0.25063010352071785 0.87060013809454750
0.86972186142387731 0.73249711884725044
0.20164276349968210 0.72072795914287235
0.26071781784268683 0.11239024653711724
0.50798475422908540 0.45482582688258621
0.33089169183788941 0.10873609478939684
0.30116473705128788 0.88525704096004088
0.45296989518715808 0.37709688198476587
0.50023899468750621 0.23982022647307158
0.37440767415050469 0.60891771100040382
0.45656778368438500 0.62911637790883823
0.27542513920764411 0.74819061003728660
0.49935598263845399 0.61856568984585503
0.21505611194089114 0.71412285960513266
0.79283182310062750 0.77231661187545120
0.45753762865255959 0.04659099047025583
0.78859838100465840 0.35891396687362870
0.26389985676641153 0.67915458249595850
0.94312527474008645 0.58111134191489067
0.65602123957086822 0.62148124453328346
0.20115641933772949 0.66294605804349782
0.09907689985872528 0.26233197747743120
0.26650041030654931 0.91970249570674922
0.64331527378096609 0.09906736059068857
0.30843238981217558 0.78540404042665790
0.13993952378706373 0.79287095843949607
0.28448402227906705 0.40359742008638388
0.71093789454995493 0.31488177738098566
0.74556717789150340 0.43266043413673244
0.91540274916227005 0.30058594784012971
0.09341189092608634 0.26838474872147344
0.62501571394576072 0.56092066807014573
0.23510964801524259 0.87449419875787304
0.68393445906550365 0.78996795447378643
0.09079674023685770 0.65992044129212968
0.44642659815258401 0.55970784983831701
0.59517728408071013 0.22360960967505775
0.53530210659931843 0.06121000992522214
0.34766016865776012 0.12951196030618728
0.38899388550260228 0.90171141217238671
0.09274762598288350 0.67526479560822827
0.76369809286902424 0.36606317160110607
0.20583727847586841 0.52442946719391403
0.60472678541267544 0.73891597053442848
0.25854620827954183 0.91198974173323422
0.58331093833606718 0.16303708686013668
0.66738170465343538 0.17238604031776003
0.09869925449114739 0.39974947533246558
0.64150096310998928 0.12694780025977187
0.44679534735603055 0.14653379956739968
0.43926204831028182 0.38554607288577669
0.19118240588781907 0.33487648663398273
0.39675095843170533 0.61426989881398020
0.54183468594679840 0.06091252027356063
0.51516474955661540 0.23423172892568692
0.28235399757314905 0.52659267957140832
0.74006647306377249 0.67361566527157846
0.74125511364457675 0.64321874635598075
0.33535200560937217 0.67896906755018838
0.23527213581314738 0.54395668176218492
0.13940706440473519 0.24158100728591872
0.72781774921815001 0.65299030245469492
0.37713062526225200 0.74904961831329997
0.87013430600472907 0.26782523660564367
0.29788261216653950 0.84409823026948760
0.32401608472042376 0.16240005894895870
0.72732551884119656 0.08383626427149647
0.86330498137439871 0.62664947901374635
0.54259807985322228 0.43762268629123496
0.18994733714501427 0.21390327045942603
0.49156724227464993 0.72345827202263824
0.07858739505625699 0.37486853592301805
0.81132750981568513 0.57679080949714323
0.79952634617945995 0.54265145522887404
0.65492675662638156 0.09601093428117626
0.76220972531803255 0.10249673419116351
0.43939795235909845 0.62461140638443147
0.86602011394135048 0.66842802146187275
0.47476640099775463 0.62371172529011643
0.77098841979585986 0.22425323227087249
0.90996749407649236 0.61734958059904876
0.47351389896045165 0.10541388909602661
0.75215138689064465 0.67849464276585014
0.64952323845799287 0.50531785631392667
0.65273197283839479 0.46300211880211550
0.90899344746937538 0.46371238561973921
0.56563748553929782 0.57609813443610425
0.12696689442012843 0.35169510069485038
0.51431328557359568 0.05998964667118922
0.16189529036072375 0.76487605746220577
0.78856473550968154 0.39820089147072218
0.22168965254966291 0.13980745318726739
0.45305397434624806 0.66077982518464162
0.68987454961432271 0.86982839885247054
0.51135964837680103 0.89940641236969343
0.19835589862917105 0.12510525563614430
0.24588137629255438 0.35944864627305384
0.00983808161001363 0.42720511355596985
0.55636675470917374 0.29707363157492445
0.79957383041249186 0.73121161630922482
0.33888725094980232 0.12973931376046738
0.72888522955373125 0.13048466863933161
0.59992541193000315 0.39072607575591084
0.14708899024329475 0.78126522414747890
0.47677079984853515 0.52140047570460513
0.84115197588972290 0.28319945698545834
0.79977922499791076 0.33124783824437931
0.44077869665966579 0.87161699589307884
0.78017068914041976 0.38068198950699861
0.89006984491561414 0.43485788083834515
0.22389817708719156 0.71918216503536825
0.60452537453969846 0.69040226446620956
0.41328388339821431 0.40494511900905761
0.34742241710665617 0.61202439498209182
0.66885524857828338 0.22249837752550347
0.59720266426893831 0.78027856084530167
0.72955065121643858 0.88398516642321712
0.37528641177034849 0.81480464794369856
0.64662184387247656 0.90975046448050156
0.82058470861786370 0.22728842546699177
0.50275104409327909 0.39625451186265315
0.75950863159216486 0.84670362838605784
0.75817393251959209 0.48001019697084046
0.55215128436249861 0.02669284587526926
0.44047652131957443 0.57648549533187499
0.90030056225069122 0.58597177634797659
0.12997986375125267 0.62128614677584026
0.18909051240310845 0.24464545678122337
0.20939237047191167 0.28041269014776082
0.56091789103196499 0.15018571806621281
0.08354941658390744 0.57939814582741600
0.26041524760656898 0.55906588134427093
0.10383665273159309 0.72048283766210675
0.57336555647764176 0.59204329397992206
0.06082154010524513 0.40096706840853386
0.63569518987468221 0.14114585815300942
0.54059838060244836 0.18993782699536640
0.25640178287737203 0.53138453172936251
0.11196590217978929 0.73539074600458709
0.46814614935725629 0.96735332921486505
0.26885051838416812 0.10535176916060941
0.72055534879856853 0.75598745692566227
0.45097159425679079 0.27410657058451815
0.23849637964965015 0.30821411856136355
0.45093001613876682 0.36848833600887460
0.66080600442401816 0.71464419185811268
0.44628216150313704 0.01983127031066257
0.77767972962822141 0.57428607529466247
0.65929518281439625 0.07723396866749567
0.02144594186706989 0.64337154237547189
0.88275697292827338 0.35976563456863897
0.57862027010816841 0.10805384791382228
0.21052412096575762 0.32461295249795907
0.82202552612006941 0.24834223470933078
0.45184325731907171 0.69620475332989984
0.76403065872172016 0.67507560206690997
0.28606958040708796 0.28469629643953070
0.65863170548538053 0.29679946815921215
0.46245890846492438 0.46856821207421384
0.49325074511512468 0.36979748790548206
0.38789725737450897 0.08482449287196117
0.40798764164227341 0.17637205166798015
0.75117479898767248 0.78067711229471837
0.08382774486582321 0.37661187448141031
0.59383373806528139 0.39835531386916911
0.66297775740633269 0.15029304708311012
0.66327589177761459 0.92143591876903175
0.51378943392549792 0.70352799751456774
0.82971787437943001 0.62286929210861741
0.78685639859714884 0.65855129599386830
0.84126485643748672 0.29843331981133442
0.77530274957233813 0.37761094608289575
0.56107431798071850 0.11995790180209684
0.78807457123214653 0.66892064303754062
0.20406906380410625 0.27661159940521862
0.70906216155224000 0.88533300621101385
0.82481953168650657 0.32344949036838805
0.06348038081229443 0.36851412742155476
0.46240446219257475 0.60487989337871229
0.18300112533686413 0.82843554850579271
0.38769995528326467 0.29208801936099776
0.56098461199189675 0.64266228277519921
0.57901342377347698 0.75435855311394662
0.60615534917106983 0.34995521013760150
0.72197918704053121 0.74365675143481469
0.38608952923928452 0.92680026116753433
0.36229344933902058 0.41067165285699020
0.24431998062303445 0.65995551823090881
0.11192085495055365 0.26876212411828931
0.85886866099491510 0.54927228038989806
0.38309798418447877 0.54466559552372706
0.90788422613218744 0.38425050164884345
0.88082635518225039 0.51981894373966586
0.26044186673972425 0.56656242275086321
0.71958013585515690 0.59265267733399152
0.43191954629580714 0.27735440119747634
0.07195867988490061 0.36879698932056043
0.61305914501967729 0.87870655983315205
0.59160583174432491 0.51335822441104095
0.48194050475649308 0.26994740649521459
0.48365979173016571 0.73714942146649975
0.29441507687122825 0.12183557128310936
0.35040540282253374 0.11850990146947796
0.82836930076277382 0.37188984450819240
0.48141582600958649 0.41335178524102872
0.22503101001217488 0.61748014083621017
0.25812996759401402 0.93427760026959528
0.90692275096316155 0.51432669619564930
0.45458747545752892 0.08018010813248122
0.76683839710548063 0.51231399638682618
0.50257427817269495 0.06963083492779210
0.05261115142285257 0.62600167850186095
0.13922448140154062 0.72982594724021910
0.46444134396621972 0.09692466357005063
0.82810622856337934 0.68467160971607632
0.21285184482645991 0.84949786229678337
0.77460580866446493 0.28988004180369809
0.65519317161174140 0.50604303797136607
0.29033300300176751 0.86670746766059714
0.87817831335590124 0.35668880860513952
0.04784158519280358 0.62709694780905756
0.19399763050330276 0.25075640789992731
0.23353631729617089 0.51358957987576936
0.18343398211494250 0.45218337820737370
0.74279605889940170 0.32100216929221514
0.53324528361032941 0.06565186128344523
0.18556990041556437 0.18330844182990588
0.63157179444663825 0.46284777193634491
0.36461144804905782 0.47976276256110034
0.18678527914290871 0.82431764577735533
0.71448500960239414 0.44847366362206087
0.55186126556068993 0.92147835440334536
0.33452885616463068 0.32746037438809827
0.20018554360015281 0.79592519405828310
0.18951797481625712 0.28645504829898244
0.33283328634133474 0.15160895414862519
0.53169613332878551 0.88747829487834351
0.13733882599992719 0.84999906673289272
0.31920251998372434 0.64435327789096397
0.14171402415273837 0.38150633756191055
0.87187977061374788 0.33046309840010513
0.07640640644664722 0.40097669849341161
0.65373748038192092 0.08386461690091299
0.18657041779816988 0.21436492500849461
0.74193035997969126 0.71386762072849619
0.68665855432179890 0.59016382022288372
0.56799096075840749 0.12070846104162414
0.60283296077837434 0.51177540159716861
0.08698241955563955 0.48432946212859174
0.48717411077460371 0.80117780433695340
0.40749892649295050 0.84755323077168554
0.13414182703128794 0.46542373423791672
0.27691437938457109 0.34834307055118885
0.55168862503922145 0.47897584165229701
0.11441544285111653 0.71261923872370359
0.33356119266729961 0.95674493827879081
0.30812062753397107 0.24567618837486146
0.34365123723111352 0.30240864199184980
0.61086243371799998 0.51526444889646006
0.48924183192462500 0.44554480162121729
0.48849309614463177 0.73740933709202583
0.57839722629754364 0.52953945647085177
0.32925786402079077 0.68895690712787527
0.58736813300574142 0.88997611550506750
0.32633888573781367 0.29610390873416109
0.83221081451002543 0.16668867300196363
0.06594814131120937 0.63227844427607938
0.40355993859572081 0.43567919703194313
0.70226067046073870 0.15020600075974314
0.58742367935507223 0.43607166219045335
0.81707779224267685 0.76126286240467667
0.60645228377950933 0.07864415399164278
0.49586392955475606 0.64164846077932847
0.53204476401111300 0.68955921298688139
0.07497628460121893 0.37712385038435808
0.38770098588551477 0.43910128396771547
0.35772156858539789 0.52402426855885065
0.06972106046510113 0.65770986849368329
0.44476041646971015 0.57988820210253234
0.18620419052365686 0.32958369887168837
0.73746901643220308 0.63330222528785962
0.68350435332423365 0.61103212966020015
0.02421208317201489 0.64916590694637100
0.36978390558018698 0.50486471506683084
0.86193287455148426 0.34871416572185304
0.59967905361381446 0.46083784817542989
0.30818241241869171 0.52960624401235679
0.55130593212861945 0.35638537388929181
0.20379126428730404 0.79296155350939834
0.02600742696868776 0.42913095729510337
0.67175022154870712 0.58597532295087074
0.18878618358281962 0.21759197007144093
0.72571805489011221 0.60427914729307908
0.52045308614975316 0.89056389537174985
0.60858991485494351 0.72589827671248108
0.28996892515372802 0.17490775435760139
0.25475358709914542 0.32577579686902453
0.89380786041662996 0.43055804571308448
0.15106673255020167 0.58540563342353369
0.77143231252325506 0.82811077285700829
0.12189185975247308 0.28938587802007265
0.26130374063512823 0.79251822756932899
0.13126013694589581 0.29408642894173898
0.13951410623276286 0.77285076992309798
0.48741322303897266 0.85016806536595868
0.79649994787400558 0.56133687950677336
0.29041023709312086 0.91248037549032190
0.39998220440665322 0.34564375535527753
0.24856052972021028 0.16896719040719477
0.60824016515216217 0.37333278460124913
0.26754719658269827 0.82598933399799968
0.14072156975733083 0.56138703529349721
0.61483794028533467 0.11863494911945446
0.20724344725250435 0.22251361137719999
0.77854580740106638 0.42760590718931213
0.11691685530141700 0.64288202686617646
0.41689355552389301 0.08697438936548212
0.53957038730422324 0.44080372153467290
0.05177720006604850 0.63023992628777104
0.73713123808592551 0.51808520079431175
0.88955399648789324 0.33001945439366936
0.22225176023364621 0.14710568498901594
0.27297156343295437 0.30064776943562938
0.65932601394855783 0.74949246242717549
0.74767842546435981 0.44344102611344893
0.66965787396022980 0.91455120785921817
0.55651036249644847 0.94532819676963076
0.48691464108543625 0.19784388751062940
0.21366869432808974 0.10979845718757476
0.01660475067091058 0.48130300598090159
0.62260169533531395 0.15536507485712817
0.65261505405417819 0.53068611218979156
0.34490028923446731 0.34285004260899704
0.16932275171809141 0.22930911301766999
0.36314764039139147 0.63376270649401822
0.26804109974455070 0.68226564739992646
0.66533487639472000 0.38933708752935164
0.88105540038518315 0.37840513768936868
0.58451704689708295 0.88527981641867515
0.19009151661870605 0.42750633249783182
0.53894990460799863 0.35536976602616310
0.20773174522667592 0.86877339374356366
0.44809098658924401 0.56400010963472302
0.65197685416587359 0.89135685232741824
0.44183931811707206 0.57077960862539256
0.73326912814497947 0.59682636896210706
0.37444935020958553 0.73846796272719384
0.34032152939825422 0.55941593904709808
0.20396786434197930 0.16927993847180409
0.49304555079011164 0.40623941340692771
0.37429442497438681 0.76938611295353920
0.40935727001834321 0.48998471057391185
0.54516649499396985 0.43440957250046419
0.51964656404277032 0.37793267848540546
0.55117561224670253 0.24378108419414754
0.93668450471509346 0.36179110407108162
0.82810039611967767 0.59566999885432359
0.75372775610358755 0.62603344338733169
0.11666460058089800 0.52484299178604255
0.35850854922655523 0.30068979108246524
0.51515255792132997 0.36347188756579951
0.35644772064236036 0.51766995675261585
0.41452740646780251 0.75761908481725881
0.39573987288392642 0.42719086922605809
0.52623531690119130 0.70127317362848607
0.46537045654585618 0.91916876320794516
0.12213775280195650 0.77669518501330748
0.88158816258951178 0.72756234950386223
0.08765223513454849 0.68631489897512321
0.63230135064230619 0.91010479004970579
0.08317303198720545 0.31520243163780065
0.75280181051323070 0.59503535207050362
0.27296616184011169 0.58914300081905047
0.08568861616024336 0.26285362414298796
0.77882223083219415 0.28007029945812878
0.50718197532885878 0.28052643837814178
0.70284740063759577 0.61189882507515547
0.66597867889211204 0.34466724711915442
0.36754207957719015 0.42289211527447357
0.11816172545452625 0.49464873767712580
0.17911834774596552 0.54628561542613363
0.75457206599830362 0.08751611511822113
0.49793380520599162 0.23382753093689518
0.18405007221012559 0.36343855021886523
0.65309548674483864 0.13499906126992614
0.50952647197763379 0.85457060908619442
0.53841307549137019 0.63719927993772973
0.02548582210007481 0.43538623415486305
0.88818583418010910 0.61460708207976655
0.88090406375333852 0.29627354708245851
0.46448348295546976 0.42152697638734909
0.51609584519219343 0.37510734399438334
0.46665970339814217 0.04783032146809452
0.75993490534993335 0.47079062238883473
0.94141396246190312 0.50034356102910038
0.11060699992445143 0.64149273246770344
0.51367365207374227 0.03045888477165653
0.80579128032201175 0.73485215395832004
0.44167636615415001 0.07558681622283543
0.32647319381324197 0.95069006161313430
0.45469833079853117 0.60701989773412535
0.44808386646942217 0.79006660724032274
0.47567106276782506 0.17852086235985926
0.04364692348414542 0.59561624143318648
0.25545195451669844 0.30124100827876910
0.18160490958078296 0.72171798732050929
0.07620127684879953 0.67380909717519533
0.58412409406795263 0.87177918777890462
0.82652909148836562 0.73031373985406989
0.38952444095746941 0.35276629776637064
0.73597627033274504 0.28050227671788974
0.50742088757592840 0.91721864215474258
0.13834403060095976 0.25902733462702265
0.38647544247203836 0.88576622260789351
0.62614487042287070 0.83940042964600525
0.63388425707190821 0.37432533734284629
0.44202374661712457 0.67441732733949533
0.67521206589902460 0.84834425281798476
0.92929712091593397 0.36387224440790072
0.40418798380811854 0.58807833204808480
0.52112430131399379 0.42820226729304822
0.32944553493644829 0.50120487897912103
0.07230107415753831 0.38121867927878084
0.08951785896338980 0.67827185748199226
0.37321480670802326 0.29502473680524582
0.70297801884681743 0.36507220705886534
0.90010641971449012 0.29581950113137478
0.71289566726225795 0.17077562587009359
0.45038584139746463 0.93609226534051737
0.42878429599447615 0.08390897215347773
0.12942719790236720 0.20807658574230242
0.29770045945834095 0.37579910560404495
0.36829518407831952 0.70579309375603771
0.47709275861222872 0.41093456794485572
0.39369902490128078 0.40584729021707405
0.39055818917342916 0.38314363697221893
0.46195507902736305 0.07281768404035177
0.70556154176521058 0.35989829646145716
0.60044985566819031 0.15571530889664104
0.31247596007414791 0.33569957735800388
0.60338005749247647 0.34617987238279385
0.89909095257555183 0.42179479827498778
0.15166290297864105 0.32779171856477168
0.17705145031126562 0.35424021238573605
0.90133824214704461 0.61474303648238171
0.23341314763610041 0.68547013294828574
0.29570846000689210 0.84727402827308673
0.17678937422507343 0.19391489125722658
0.39488734976594864 0.80533426491965476
0.27925654141670625 0.31482912361205456
0.33863388731642596 0.63975566855532540
0.69671993816307254 0.36382611521195835
0.82155059941630937 0.18256458804401224
0.88115897669516519 0.30050487978245860
0.43648748105569746 0.67374150961668378
0.79976400672754178 0.32669428288607694
0.68464698267021529 0.16548975210529218
0.17877215843432406 0.25096331376472669
0.82966471236458683 0.61726872029253954
0.23031883830279987 0.65947517097192554
0.76531813181784591 0.13604605965310620
0.28044278782015086 0.64857452883668965
0.57309510076579084 0.81712240230015698
0.89008809923462562 0.42308282857614160
0.24413043278326516 0.15535958005583120
0.71670076669115301 0.60938661946100103
0.80683135634632963 0.31599831834234676
0.05669663670857952 0.39300774463345339
0.26810671122204194 0.59581838648971508
0.51605121628995421 0.50786480690348856
0.72572591552221188 0.09447792507728743
0.63037761213223176 0.09742689640833750
0.70975468830296584 0.54870229063614617
0.45460704726593587 0.52115042811006429
0.63931422358636225 0.13428849214962751
0.23989773989655974 0.80219840774546769
0.58433336403806446 0.76122747409597780
0.32820325745400142 0.28266659677504546
0.88372113150389842 0.37218390336695145
0.38426432567240465 0.34887344157026734
0.13111289737814391 0.32239987490648386
0.39303931671801551 0.72932764950761031
0.62297782301863758 0.37755232293511720
0.36063922615059263 0.31611080194642766
0.92024714209705905 0.40773797918117255
0.08334400608498937 0.53201709488603921
0.50821597601820201 0.28969209026436155
0.86243744138310996 0.69037472660381805
0.65533599065020909 0.25216433087368639
0.88500213476357870 0.46334444008475573
0.57447610296560669 0.75625370667287461
0.01764228924013998 0.49292769740883491
0.65442393325540793 0.76379096123881862
0.65603287694657519 0.32593777236718952
0.40980759943345124 0.04058386400700008
0.48264215302203750 0.69538472793934203
0.21764267465639248 0.52281110377400275
0.15885154414125233 0.57767966542626636
0.45399382958519807 0.29224622388544275
0.38516008591751022 0.30716532516425366
0.22887970842665620 0.40529004005760244
0.22365552982522593 0.57895340147690377
0.75620493602677064 0.68921173271121328
0.49777707119136205 0.84896026279386716
0.43280144938660914 0.79873768172533521
0.85952239596882740 0.37077456190280450
0.53192894557973069 0.92971216273159951
0.68191127015965858 0.50601308773703846
0.51409273687791512 0.36881520534490908
0.20250898774218501 0.36667033241514568
0.36921697577853130 0.08474882057658940
0.31195959249079686 0.60599144769016633
0.90601887604663245 0.48331035733435790
0.31270566836653568 0.50371456996407948
0.78897362133600768 0.66421976191696042
0.57696169103227191 0.51428008229471434
0.87933231881819673 0.42846912277296051
0.37573276350052487 0.66406395276894603
0.43015694410979471 0.60935047153826793
0.45630894394674054 0.38393948458472332
0.89373916589206093 0.37181538419654875
0.48213315781438304 0.46524558600503113
0.41909484119865570 0.56540932218939965
0.50832830476443658 0.63195604144439854
0.60574957542538288 0.44528634315015847
0.09801637941829180 0.64567061685231097
0.29747929423446012 0.53974223350691430
0.43927540322458380 0.67809773440790289
0.65174336490613294 0.25665660093774867
0.59058648305366501 0.44081489350242614
0.72778284657356040 0.54776836998132772
0.26236477732629465 0.56311735690484588
0.05681355399066795 0.69198587990486138
0.22178882197304775 0.64465839210807074
0.68665291319142929 0.07584818124476109
0.35196086401207705 0.55508245225849950
0.15638689438976755 0.58516025281737372
0.76559605997132796 0.14220874145017279
0.82627042094831360 0.45889173613556727
0.73705630249305099 0.45673512273542705
0.58006975445653697 0.55636124578986434
0.32031108633906097 0.46150737186618868
0.67243481180770825 0.20669255649655738
0.31184107568160435 0.63024981486786047
0.47787712493955820 0.16798751761774089
0.60233284692833322 0.43387068364372311
0.40921652560692678 0.06353487424945672
0.70000863426223114 0.23798173939956366
0.53629935027105835 0.54944367185328713
0.76463890201750673 0.72668198974986209
0.45465487317828285 0.64467370577806593
0.36772982205465843 0.79488346771891250
0.46602573671207764 0.43774916406418291
0.64862622999130548 0.18330303263058928
0.20009886430303106 0.37702631153988714
0.75612836945299999 0.49016566329043976
0.45650427282393424 0.60331479283403788
0.21499962418985821 0.55247014797176230
0.39113721588337069 0.86694728425236200
0.31169992928652906 0.81227933656328355
0.50388962581176744 0.53268956044154436
0.42692868857058613 0.31394652415668139
0.35134588590562643 0.60589464167960994
0.41709709592934080 0.28081842604459978
0.44410779961747110 0.67961120641727091
0.52828097232571536 0.37907950623911718
0.08858126571307781 0.62964249763855973
0.85637707062429758 0.35276905453449142
0.39263723225311364 0.55711085967225726
0.13064342143397550 0.79430097128127619
0.63647014896794973 0.79091828445883539
0.74795869170720608 0.27767292079324918
0.55886328260968188 0.31301900494727880
0.41730858136324012 0.10209053471368018
0.84341201757945239 0.43068762086044760
0.28206465797120989 0.53471849023875673
0.19030560510365754 0.60747198926796298
0.34871179375640704 0.80141047906319796
0.47824079750752024 0.07544791485587372
0.47367495690438527 0.25503707968474731
0.32900692728404363 0.29215183056051836
0.60922641707044056 0.34571954577850922
0.72058550441666469 0.08564523303363863
0.25323569921341565 0.49225622347313502
0.49191795072717587 0.28830672567955862
0.47782664127654884 0.40575329393919873
0.14774190017576883 0.19835666274136918
0.45636165556034325 0.09801507645097172
0.09604592505323473 0.33085152681634711
0.11339289214900150 0.76712146081420829
0.72811085535162068 0.15514868102012028
0.20811007492207464 0.16930069329614164
0.73193584789386312 0.51989007596051462
0.52117296553751880 0.05627128843117903
0.87984251976430916 0.34975566517584389
0.88035462677019927 0.31140747313405187
0.68952828471938521 0.15517659860858310
0.36948533703710712 0.69147183846214699
0.36567106547552325 0.62755128623551459
0.58975059931298301 0.60070850520878660
0.26109134016325886 0.10229242356328253
0.73955602530378239 0.83037922008432041
0.55923643002189860 0.30125769175724854
0.12167151434738811 0.20447231681240738
0.59691249668848489 0.46474989421161361
0.33284397731508764 0.31168775632342793
0.81303911756424296 0.25647843260190845
0.48125895609060837 0.39302977515155652
0.37344016008123210 0.86002893945743819
0.06995924034085653 0.36082560078791764
0.72667213235990191 0.82239453355285641
0.32813909563441468 0.72703754411190025
0.51003354686309421 0.81037382282906922
0.44763237923690757 0.02447963093105277
0.77802450371159826 0.76324600722054670
0.22120629070638839 0.38138101307349881
0.79864757886173654 0.46786006233675159
0.61818545277327985 0.12329845688599328
0.49924244252041028 0.91180395537736580
0.03808022235438723 0.56304077967892863
0.03491084900003743 0.50679267634554692
0.38846153821010670 0.94277059558947607
0.62697545820176015 0.03995650669366438
0.47818711498769301 0.14445697039516184
0.01537994982641651 0.58428555606385424
0.90192300621802735 0.34407960263314896
0.62316682362155362 0.60433854156800371
0.15788818497986493 0.19171189332851118
0.12548781192048014 0.28751991646437774
0.06091839360878908 0.47200307944396097
0.58451095680048526 0.86268782030918312
0.34347582646644181 0.53241713026826409
0.12828825090756715 0.29930228439345596
0.67230502605161502 0.17366751443333658
0.53086334886590125 0.24601070395457841
0.52344048070772953 0.07428345264117174
0.87041590549627001 0.32533496688941749
0.26553735620391911 0.22184050038985520
0.05634679437903913 0.48904576496701813
0.37226847781171368 0.56409014716423456
0.42286128061321332 0.42610873435340141
0.64837908006163247 0.62637839773351123
0.53982889636109788 0.02564045434712111
0.55913531321855647 0.02739350725907709
0.23553399319741292 0.24833457719647256
0.08221781879952099 0.51242083172806585
0.21630603518138417 0.77176191356767698
0.19226033138393353 0.77380014436011069
0.48281549587887712 0.64372210317886058
0.45576769261134109 0.71576237642618989
0.51602257872471058 0.59703762315182607
0.57184299634026647 0.90371727909420707
0.77380936355363539 0.43748349577032192
0.51069626999210338 0.86647347011588005
0.64970277293197298 0.39235616005412088
0.82956220683028925 0.35768836477061133
0.31760727455541254 0.10881470111566834
0.18967043924211113 0.58188380925396033
0.61313825572872926 0.14646791788297817
0.19400379486445712 0.18854509227363248
0.53756069673505957 0.22216083902140890
0.56884160590841437 0.12842094985813840
0.52801875561752221 0.78508676243502284
0.75831945283212165 0.51723748406993619
0.32132572372478480 0.31345909376715947
0.62239669654099350 0.71293969556529557
0.86520297080592268 0.29474869288768485
0.16925431138381380 0.76674841590705500
0.46445320099319881 0.38738321447406432
0.36039119712009388 0.48272330297151828
0.81666950762117374 0.53893318061877893
0.43127802350837069 0.32184870698605872
0.08556597984215597 0.73168593409752403
0.58031384256952023 0.51815395696304323
0.59405986287055468 0.79435492435901212
0.38287401102169977 0.28931999831943028
0.35935803031837377 0.85946495945580847
0.57371450670170887 0.61636980400770003
0.19081343192994307 0.39831870939606928
0.68900423995733806 0.24161702017849346
0.48141073013395425 0.79988936716762171
0.03652354513141361 0.42189460216019831
0.72853605264472443 0.31840157199587282
0.36387191413658965 0.82235722318730387
0.50891546995837278 0.22816886632947003
0.19695676170208953 0.23442908882881458
0.13508885657646030 0.35974939582471960
0.68064007154632522 0.32453243563185541
0.36620901459971433 0.68726550800230890
0.47702180098756036 0.38950567204618247
0.33179226349301605 0.91557841644283333
0.34327119022168889 0.15189365978342759
0.64146607655804810 0.03694953847591023
0.92353086380621274 0.44218497415198632
0.38409946291179892 0.77203583413209043
0.80900819014241998 0.51906246367343478
0.37786162537201901 0.70786493034123410
0.66995145545233381 0.31879319870514156
0.42146349316804227 0.53999888514194438
0.23848774672184977 0.68485725346825876
0.29079027718844269 0.12551553355395295
0.54753032602299212 0.08523400791573404
0.77239953908140935 0.42084780771687091
0.30986124403236048 0.10006264519535020
0.03603153054797284 0.44817670940896281
0.55526350175061379 0.03304039609745255
0.03178234460166603 0.59141462096952513
0.19044842593797576 0.46225949218163609
0.79770305826566956 0.15900225705654472
0.18862599319728221 0.83916209168893197
0.65337089031011464 0.07169360561323392
0.57212716916154449 0.17266612481602459
0.95102816300206738 0.50027458234168054
0.75663624412623254 0.64280948489848555
0.84975507260537531 0.58599627865826942
0.44827925956762782 0.35808291849767648
0.26530067617623576 0.81213560792746087
0.03835566293679604 0.38088637668373682
0.84232383813186840 0.26809207767563986
0.39178566513807461 0.43000086538142185
0.28709534049857743 0.24900783613697219
0.57100261952008946 0.62017071360499798
0.18170724633160432 0.28369836478589183
0.23831157949847256 0.65167059166430119
0.92490860101287087 0.45630332642312110
0.58034456599606199 0.73080632185880634
0.69540644275191466 0.72937171986503468
0.75924822827333194 0.49682188104038066
0.31781489212454295 0.91486369295281755
0.19484539374233731 0.86111760468054166
0.39237547637262504 0.34971511601426863
0.53419468517439639 0.70754733841924378
0.04755377863239842 0.40186995173153728
0.14147845592406944 0.56722551781294861
0.34148098566448382 0.64446656749275810
0.21579335992326915 0.27829159945072718
0.39124507387293062 0.88398841474020939
0.73197786464184744 0.37811805513279201
0.57404789097543707 0.37383806426757310
0.56856275405442736 0.18129623537400361
0.08167371448805515 0.35736544054263786
0.18994381526602122 0.13179539685096359
0.55271834684672050 0.25717900185338666
0.76465871593874535 0.29311494148886796
0.75657277232120346 0.79643413947294339
0.54413950570057024 0.49561952896321043
0.87032729663581621 0.73895752780979929
0.21568459110234647 0.17528067244419418
0.33771718763038511 0.88608171700834903
0.87118025988936243 0.24615231831165907
0.30480332959157619 0.26462730043895594
0.35128367654993986 0.26294485128288636
0.81904067918729673 0.32647599609346462
0.08270118284598169 0.40651650720740934
0.90215079968399858 0.27195416370353603
0.64418709079808845 0.27848494633347504
0.42147772789806326 0.84098014302464941
0.78731940127279842 0.31780940112797224
0.74752492879692412 0.26806135182583485
0.18559962697104612 0.77347518799858983
0.18896803055776859 0.23636771323615596
0.28720845587279925 0.60624414548093453
0.01288974750806517 0.57508966201928247
0.45973052448085916 0.73655990954760908
0.44340083538046771 0.89098632355883656
0.62840952682022544 0.13655150069072833
0.48089312400238077 0.62574750230375886
0.21977067616411805 0.77072886871510438
0.25386696921725432 0.90266820303803297
0.45450952195344752 0.90373328651209894
0.68430641486562516 0.23472389561937446
0.72818653446412318 0.89280452617393091
0.79288343005007123 0.69720535707073306
0.63000927915787241 0.77974826300414590
0.49579414076737671 0.15102855499381826
0.32247725610425748 0.44361497486757545
0.53178061287100642 0.22981296857876302
0.39932316776457538 0.06335809171276538
0.34287780437496379 0.51363565138712541
0.28378577156387014 0.94566436602803750
0.09979042538353403 0.43683034228340289
0.53169501405063524 0.70360660301978295
0.08342979673060665 0.73600916366913005
0.14612778502473062 0.56247776291472606
0.06876810724843468 0.50311369709942777
0.59264840921916451 0.35072256386038636
0.18586748382582177 0.29011659775751630
0.26805131921652464 0.80857001609633328
0.82962138637516902 0.61214296550662628
0.47826899547556956 0.88416338672061578
0.62395940124799820 0.92400641423553209
0.18531213359861257 0.64531383035235812
0.35491567311504363 0.88585579946050230
0.14025915072850828 0.50890793990057970
0.31817018389908053 0.23534798049385933
0.34957661277580820 0.55215565651833043
0.49387632534441606 0.50468556048519764
0.53140598399369143 0.50187068474947993
0.14673085779123216 0.78618271886818025
0.65724246374524176 0.87052216996892862
0.39719416736926233 0.60606367668470362
0.57109270479493635 0.89771218873156200
0.82991774234551663 0.32808043296771572
0.38424470706426150 0.43258513638768692
0.68546734595179537 0.54362724129093931
0.22456726419054968 0.74286074846406092
0.82897667465960323 0.70923036320452726
0.13801994303046577 0.75215366817306495
0.74085671218326898 0.52478216190839377
0.34897616953487787 0.43065994491736409
0.13062186706718595 0.57980349821090560
0.27229638228035413 0.33769189169559011
0.22923852204875877 0.62350345248613059
0.29154028271512589 0.64945699463724171
0.46126896219786140 0.86083260004000217
0.55213911939962734 0.83880031282552259
0.63243988005657614 0.78538275375471889
0.36620869796704875 0.35045737439945651
0.31131158394232283 0.31362534604011488
0.52939162288925179 0.45198826883972537
0.32102337377031526 0.68439197790108486
0.16336847637472560 0.46604069669722104
0.14932006139275536 0.26813827953189762
0.54803972607779128 0.66893448326630145
0.45200439436296413 0.04032458687738890
0.09417018585305219 0.43276806236566773
0.39901754353284297 0.73910914871396016
0.47480683835361764 0.76584041254594026
0.43569078360535751 0.28244836760719644
0.35049770366443866 0.91580794854630343
0.70967614371894849 0.86327781581487528
0.21217862051676606 0.18612442191309544
0.50608047744223839 0.88734958557367016
0.90127073733612351 0.30091052405467456
0.15836993559021931 0.41970988639751777
0.77690480569539966 0.72068126855616321
0.76863443189700087 0.86523672515880878
0.11332144807748076 0.37594501659243790
0.08777045593828370 0.36107699894636841
0.79340017748116809 0.71770628513769064
0.38618349902522814 0.16819089845022597
0.25610985933411162 0.62882559654508785
0.59797313087634552 0.51977382762993429
0.21484502870702213 0.46961662918611397
0.35668224653394087 0.79240189483349810
0.67158945684521631 0.13013509222679623
0.15397179417494469 0.34897554788167906
0.67600005663369533 0.08315545240442627
0.77953911979483725 0.66344891111744231
0.32133954519151769 0.29390391575145619
0.39519642876250954 0.78333520727707184
0.27262298735766582 0.46830836695527345
0.74560931770857442 0.35661346600302679
0.90139032036285693 0.36765662791054210
0.20005027429242481 0.26440325062221615
0.25133813180446496 0.87800701336982490
0.62676688007174708 0.04681084815425222
0.48467366931648553 0.12638819787621419
0.40525563501768141 0.92071044116824563
0.37632704600777156 0.79784093741580775
0.80042847092338165 0.32151932098334635
0.37031406483290735 0.52421893692011123
0.31767897296825298 0.61263372874283051
0.17218756812664190 0.50151465427502517
0.74329047730790776 0.59732614004725437
0.26860071152948506 0.27055105638932664
0.28310266850327770 0.25033105375380721
0.56341360961749276 0.29206969395761828
0.26149227342127263 0.82467815473895689
0.51295409217592847 0.76404660295502780
0.42173986585290502 0.10033488014595306
0.44792820772551761 0.47034894548785022
0.65882868023820240 0.06506543639322612
0.75876150721431113 0.41144046971043186
0.23480678252839160 0.88473649259828635
0.31539461332903307 0.63423848907989999
0.81809922407068769 0.74425121270401695
0.58302249462949374 0.62437487658031243
0.56271514752781848 0.75367315742831742
0.64021966593315527 0.52845880029319370
0.22373293425744731 0.18407629832371994
0.04413458041849853 0.33358861597793138
0.66344811301633400 0.25879301605650951
0.61052132838874351 0.15857416546452544
0.05385938406946444 0.68209303567761770
0.39044862682872411 0.73559870930021409
0.23974737928764908 0.86341536414699471
0.26735162231346693 0.30207840490634486
0.17783765539446694 0.30559127177340345
0.91481632663348755 0.41118216086878162
0.10287119906235478 0.49624734460725900
0.72423280475639351 0.60902487215306556
0.05256732748404971 0.52045729542107522
0.77410278142444544 0.66226417962104378
0.15226197723773968 0.65760926501940087
0.39050058558011674 0.30415818627194546
0.24139180027076815 0.90245512606845035
0.76294826093573465 0.59341172328934977
0.74291389682618914 0.88734753313766135
0.75987693040267834 0.31288267314431445
0.49363217430960593 0.37497226043711041
0.47546663661823613 0.12334735414970596
0.16035411278373579 0.76009141796804058
0.12393058934528833 0.40228233624891979
0.15807300507372299 0.81847647364482456
0.83261362551916795 0.16102129852240060
0.44785574882614287 0.03813563043366952
0.48675818884182448 0.65611234235697513
0.14429039317006120 0.35288295046554863
0.72036902515575396 0.17535311862182668
0.35510090603608624 0.23216500403782839
0.25525061024754980 0.18187678334845267
0.13363727056082900 0.66759881140882660
0.35900607258376854 0.15339266924628023
0.62089539547575234 0.83267448719571691
0.32765408657068568 0.80843218672784589
0.52294848424328577 0.44904781080655054
0.29011945315540477 0.43855667527540909
0.63973537107581091 0.52227163460643133
0.35678380785671188 0.69301711458065895
0.53227624556385300 0.61265360714008776
0.63025525486270662 0.12696088572748496
0.77543009012228958 0.77455534925914171
0.37029530960719242 0.20559111269681271
0.52211281348913907 0.80903984230853354
0.41804488461848749 0.78954796472427391
0.32828085124949025 0.17221251132961649
0.56653259865550609 0.73904350565960841
0.56789263436832227 0.20105630752779458
0.43294930281537403 0.75319209855157709
0.43936101520222876 0.03610032576736290
0.89791886523656128 0.61592531156982511
0.47828960862721071 0.80693681377659243
0.42025839389850866 0.48419758204696506
0.55690655184605675 0.07923270736812645
0.56280004606433975 0.32807099250702942
0.43676954905988569 0.10959410568880787
0.71975873970154247 0.27182920326463916
0.37412844959205788 0.14161162451718767
0.25997092792923387 0.63211394795797693
0.40059284321187150 0.55291079430927681
0.89704117735683286 0.40704151372559610
0.22024997609988020 0.68266601378388314
0.63860662503621624 0.36075197017219318
0.24141276996680244 0.54220480045808128
0.15516322303720667 0.75591573867933237
0.87003852841213525 0.46538683205417281
0.86866596841433819 0.31500927412377516
0.07484338964351342 0.34504611591205048
0.32694905074146857 0.19248726469333985
0.27167777590225239 0.93559257801779572
0.24255812933620893 0.62247502307279257
0.75169237441767900 0.31139339620756301
0.58006905017873522 0.79637161258197198
0.36420194427109531 0.32040965544708866
0.57609100231179555 0.30554315214672817
0.37471890558510590 0.14803926884727373
0.62976750250565761 0.31591330569883397
0.83268532055986610 0.36246952678024896
0.48631213475168306 0.46542545341120445
0.39341516558766204 0.54853551261567557
0.91998122281703143 0.63684073659235652
0.52381010783083892 0.39634507377580080
0.50676023833751171 0.62810314539006484
0.29078058735746343 0.07543617653939751
0.86244023038356443 0.27318678077628794
0.72295835325931834 0.68969604463017031
0.60293116810475211 0.63867984201267458
0.78582575472307803 0.36927932833108118
0.44285298926583577 0.25423708700209191
0.50278384178048052 0.11375257975779671
0.80622889132774866 0.20592203114416507
0.70450257548624784 0.16249649691582602
0.56771854532633947 0.14249749105442774
0.22267292279558060 0.62302302783480867
0.55382302690179508 0.15736973066490112
0.64551014239326576 0.65122238328323490
0.06387860883791083 0.48425180234539350
0.46415147677351365 0.65931055344227540
0.50913979095846185 0.37376160642803652
0.12869811564711583 0.75701950259777706
0.25727195891312510 0.81442315913774088
0.86168176321042489 0.40722214777390731
0.16146693735873333 0.38062509469438877
0.41373778136306150 0.28767656933297536
0.57771047007636034 0.78554574779202224
0.35398465748829172 0.52759948943150414
0.52366393829271629 0.81391436737275757
0.18859434611562406 0.38981826129254499
0.37613844554620712 0.55871755141262402
0.60197292215436127 0.04974599681845685
0.62459505801406212 0.34406367663300880
0.21185617953949468 0.51705365848710005
0.85387449117067615 0.66833798086361651
0.23372774181414310 0.59516777461362880
0.40690018174983378 0.62275537804696846
0.45911123234850854 0.44528025698796164
0.50676516486514978 0.74268921285415768
0.69127406548229242 0.20029856725584202
0.67291111502589585 0.29545313131829370
0.10790414079068281 0.30209575905406721
0.15513279350733797 0.63651231909412631
0.11567091203896766 0.73599662784876163
0.46280231161112595 0.88154114762292912
0.51558612669811055 0.32849752483679667
0.91257693146157026 0.35167062223433088
0.92166739280295051 0.54351596445670936
0.40227274484967407 0.83874706197995075
0.40846326634538288 0.43509711928555750
0.70918407259157479 0.73827500741800045
0.50308283884168170 0.43078156549836794
0.49363266912102610 0.36488526988635728
0.45930036466479768 0.94056020269267904
0.65248456364621676 0.89785613408830511
0.60720028323341069 0.07355272267371567
0.68178238284426596 0.56507890195260790
0.47503281260485059 0.18617562497795698
0.77327768069025549 0.72965841315285018
0.90367279999636163 0.60038535835817042
0.83009958485568136 0.31036799272866200
0.08151563702758204 0.24807617382967639
0.27221282847995226 0.11006074923003889
0.90314698247588854 0.49910537431983748
0.26748782316155140 0.09554720225539658
0.02258419197156359 0.71555798827060180
0.38000337236259735 0.77961148311860184
0.36417121861202051 0.87149542860858331
0.32337283610309581 0.14144230835242469
0.57996758866646425 0.74927023969853646
0.62647497552733322 0.70841229039768105
0.36897323469277399 0.11643061245222738
0.60198401079710495 0.37408281348218003
0.17517328398036547 0.24553987079763104
0.58068240513060254 0.67284322595680990
0.83399381040690901 0.45535661539872291
0.82595038708334423 0.75758893513464154
0.19179873036683665 0.23381023291698369
0.19734199356512774 0.60908182440257297
0.20313206430068823 0.18892371160704688
0.89910963408565481 0.58206835880836205
0.55779590959445402 0.93946053497151127
0.73833570261451187 0.10787043162487529
0.19995715528353500 0.67644301951363783
0.18487121601202461 0.33647794248870488
0.57839799186773899 0.09753914936015066
0.43303672364466550 0.35664923313022912
0.48663865741428031 0.06128039180253397
0.25899523499313620 0.48177401421572796
0.79650010780364788 0.49561912491244547
0.59950005500303150 0.41998170803384044
0.06367230583815087 0.54400519849375240
0.09220244908306692 0.35380468181454061
0.14108558852772635 0.74607544743997611
0.33999817268892257 0.19880023024929225
0.48204290031550773 0.64943909290174484
0.33576871981162149 0.63500093699963267
0.06873020835996027 0.46300336830623562
0.48994367432542202 0.46780183927820801
0.57375522908291143 0.37796173019452894
0.49047695834825350 0.59899130069662754
0.82284442659248858 0.16696561957175021
0.90975441235397247 0.65499098996359473
0.10842962994479428 0.34380262579686610
0.28489439825900759 0.69404950711649160
0.35405399828131773 0.67564398589808750
0.25816203498211709 0.49865289550405667
0.71624973096015132 0.16244082870776877
0.14094557386554299 0.65409038594999469
0.30417811173977516 0.79521698854001477
0.58630630020759633 0.13070469685034572
0.54456228121636097 0.11820925956732443
0.29136454628695879 0.60457216648542600
0.48429890463647751 0.67741632900820004
0.78177343386415010 0.76680492914476894
0.14653440872338847 0.61410784598494816
0.87241781348438896 0.64323421558987637
0.27460999698386857 0.28916463965856365
0.82803547468159377 0.56067702199439506
0.47853742173288433 0.12079570802109586
0.23477859362634984 0.41795124225056868
0.55686228948228256 0.92073497034175711
0.18395981345504686 0.39181753947614428
0.89131405256234386 0.41368670473235714
0.75452875845228118 0.48218034956290923
0.29590947646595744 0.12630155232743226
0.27900856034920346 0.92746394898778117
0.82967298356890795 0.72260874845083201
0.14864943563075048 0.69854410432442027
0.35628083758659901 0.87751620529767882
0.49862853923344769 0.87309432794698072
0.74968217891591338 0.60604204237738790
0.54806896461840815 0.96733183974251236
0.48791430522277734 0.75946466867132656
0.52443853393035667 0.56411593048558151
0.28282156398864478 0.41221971976302724
0.21236213434484874 0.27491840556515329
0.09819520745976913 0.66342964478044930
0.60821333263093003 0.73522185086980640
0.29643112348252715 0.20872704617999405
0.85059878479906204 0.58103779431479996
0.56658596513299408 0.03185560794471625
0.17763652492809898 0.53638934258515591
0.49968833204437946 0.24956603749942854
0.15047630959623923 0.78529550689400296
0.62893126505359886 0.40638471176260516
0.26453320176580258 0.21445830988963951
0.27653508528073323 0.21432433477240570
0.63712329951983504 0.20800250217930014
0.65986438251007973 0.72292211818671293
0.38921411914168685 0.13047030671454815
0.28330562617568028 0.21079118889680121
0.14700282114365504 0.40717254087580207
0.23500393250853485 0.61764458814841539
0.66586547701077969 0.77803949178730958
0.77494173339831918 0.75222242114251459
0.19843772197811496 0.34263196165118431
0.43074892930050268 0.09154069504244301
0.86212095260607924 0.32112265094582870
0.08340367598225372 0.53803027224311895
0.14335381215434723 0.32937626448229901
0.53518031486798101 0.83811894159047939
0.42287013361891540 0.91411776091685626
0.61093825704608762 0.37832306555361084
0.38748972711948448 0.42900241490612762
0.72419283581786131 0.66144799300858936
0.72120003908223984 0.73796044684876250
0.74059704946093163 0.62794578015397262
0.19706451272284850 0.37938554138768910
0.67693303875750521 0.58184231258442032
0.21731245895869442 0.39775502502407539
0.46247966521588096 0.66526247216301038
0.72123512015522184 0.09748945918328591
0.18347838134264122 0.22332381420385305
0.08727646033860552 0.74737330556566950
0.37203939582465179 0.90065267298802432
0.52786102964923798 0.44666009084039671
0.10256545579624245 0.38349541479647548
0.26283287060384930 0.70970526766193576
0.66650828389827199 0.70980998207567914
0.25853673144230155 0.71418139615549137
0.84159315880229968 0.37476341722107120
0.54127708126484431 0.68584844475670514
0.19117623374348955 0.44195718550908442
0.33416726305956224 0.86023562689692712
0.08494557886798992 0.50330356875541127
0.40653469932189085 0.31598548286527239
0.14691530923558749 0.70833966742533261
0.64594876179618177 0.03256594120231560
0.85379659528149976 0.62551979217450138
0.72354144657603459 0.51284991366152977
0.39262435931533768 0.41044927570155687
0.68071117005658655 0.55514392950478442
0.29456443627852724 0.64704064157625141
0.20064695201243052 0.23550978283059329
0.41192675905738341 0.03756531862047741
0.15730139412091657 0.34609195344330540
0.41898707653944284 0.25425518234725364
0.39206103301188455 0.21807096101129930
0.60372390142517440 0.06904891624339514
0.48519637642793845 0.16602897268205297
0.26825733820281450 0.16188983391732639
0.74774302844528218 0.63101656489754643
0.48438404102282689 0.35800760381646107
0.88641175413577267 0.25178555534727171
0.91377647796405759 0.50803335770055158
0.82721797478734349 0.49704546537467170
0.36629033471154088 0.10318573401457508
0.81678448531197090 0.18742358832196915
0.23407356621784525 0.41172901857938987
0.83682546101636535 0.30973321307972734
0.72809267527687060 0.09867073493872466
0.01683270400432019 0.59286911165161249
0.66470126346113168 0.86300960320299458
0.62973830629637906 0.89957693667086269
0.85430707354956270 0.43508811675011272
0.73386361567024472 0.43906268564636697
0.66432769366084599 0.40790175758921104
0.82286648146999630 0.74249878595682761
0.00343585709420191 0.57092436040915329
0.23176734985467906 0.26365154910686228
0.75555216129280645 0.64691698529696251
0.59116892753790096 0.58981481254743773
0.52827689030063751 0.56845569986629085
0.09774707974422542 0.72606279194400847
0.49620295493983524 0.06648794135773581
0.35930624085224006 0.52839889021758224
0.47094362393778094 0.12446320811189164
0.08518374575713274 0.67603496661636542
0.38550819287843247 0.21775837556829605
0.44373660383962737 0.65389820366489870
0.57343983631781814 0.57607918752511378
0.30466400102559310 0.73895833042784265
0.21577626754545051 0.61533053519071279
0.24668516016222194 0.26550248878019678
0.41950108522443713 0.43609310933977657
0.27174132688406138 0.91442968975509076
0.05902450772743169 0.38881882011808583
0.70976611271281176 0.75511589712136340
0.54406477111845153 0.19385780646439321
0.58518257509813132 0.91342746027763544
0.79666973247960771 0.80109346142152016
0.31654430135519007 0.68822167387366673
0.49174649684419736 0.09256114062560238
0.49452373929304644 0.51169402837143330
0.41501738400656085 0.48799482947775646
0.19365109718977025 0.48940984131792920
0.71869913358871007 0.88083686471382616
0.72432703792579567 0.43168195158426176
0.21709236437935794 0.21370227428855837
0.19647121333117232 0.21729124076493825
0.91546853580410148 0.62415609590658638
0.03359554900880877 0.53323778066917960
0.32604078196582365 0.80376680708145298
0.14685643473081902 0.28230324568960591
0.26146488806229495 0.78101360914417117
0.35448275227686210 0.25902555984278475
0.27854768940057500 0.84179304851432224
0.79743819069545674 0.36453697787664135
0.36404684490164496 0.39870632137443945
0.87067617368876116 0.49233252106816056
0.16381410012095896 0.78555252145448695
0.40654332139549870 0.09468976236560996
0.28302598379597826 0.65230101113581929
0.34549439783238245 0.84141960345423428
0.81785148107646544 0.61964799380699942
0.17608635985082391 0.23451848572949313
0.85539033727724323 0.51575823178171942
0.49775823711280581 0.63136712234153147
0.86101758885327484 0.31012469202816029
0.11040613701524632 0.66876273582981305
0.53011595885649410 0.58060776844753070
0.13217755413898488 0.36357089713116492
0.05366441032488151 0.31708425887234998
0.36082570953863208 0.55166635291928867
0.41816427681619783 0.34006288641260113
0.89419315085156803 0.42480120903037355
0.78250293707228624 0.21990370023939823
0.91002376735310198 0.44048169743315402
0.52265437155170080 0.43537603530070101
0.29403404781489351 0.52465632246805582
0.36459642919343699 0.60655278285334580
0.38948485940098676 0.37757221145968006
0.55776304667835119 0.10665759650169949
0.58824446108025774 0.88594082287968601
0.09549625470553988 0.73165687796656154
0.38008761600642188 0.11762216142650427
0.32818073368336720 0.45802165186308097
0.19046613527672901 0.15408331988931970
0.58563519669404407 0.33976687361538455
0.49954226267915280 0.43622337208847284
0.33235532083077257 0.44929267059244621
0.23341915707042177 0.66346712124822560
0.61051756052669215 0.90436058113651230
0.03034971862271606 0.64936598188819372
0.69475196326411459 0.61424545411247866
0.29105079384354865 0.84846581906648522
0.89824583023914251 0.35947513539549059
0.84009892616664905 0.32284728569472543
0.50666868910219431 0.65622677601217572
0.02725455621872189 0.58674134066508721
0.20814035844769649 0.37465379489637030
0.73518165383812795 0.32337133540212171
0.28507267054274088 0.87207776072858045
0.16459487712675480 0.47338981056825868
0.33430767570305531 0.59847589417611180
0.33700913285263306 0.91990117471745780
0.19160050602293888 0.81573877780242765
0.64032096625863200 0.85753240665332453
0.11108785747464391 0.22943712560228638
0.83627507901310405 0.36124385625947381
0.12596937878626474 0.44943386277855663
0.45101477158628972 0.88491131785718613
0.62917860133924364 0.15237120960836364
0.51222638503074902 0.15428146992017042
0.51232818511110800 0.24415902462824329
0.27470963251580227 0.91886026122030817
0.73249574554969477 0.82859759941695088
0.38329075079906377 0.42076331316004550
0.28720269526594727 0.72115805077196393
0.37110801091500395 0.12810107904849610
0.55001396753807563 0.09284345742508331
0.83533624820840735 0.36492984814730323
0.17238563082234976 0.47353138621164403
0.45523996093859909 0.48999531078197361
0.63864977441719495 0.78465794774387010
0.52739627823062984 0.24960697366775236
0.07657854560769282 0.66382389347832005
0.41169115072459567 0.97566075198475732
0.68359336275942961 0.58739548757067694
0.33810257975913238 0.21346427643537186
0.18110974793747722 0.59162737228233331
0.79876171864716106 0.28852935471633734
0.42560620049808534 0.55781252049250707
0.34056877675914093 0.88218017429430295
0.84619562386907499 0.23626828004632222
0.10009094441236223 0.58060283082817388
0.45402232143327154 0.25885598501348056
0.81671854431151825 0.84669670022929844
0.18264461895692877 0.34213504986704218
0.16585029017678210 0.54695930560595007
0.61863588455582419 0.82436335240863701
0.47659468337359612 0.09675801944491690
0.33428965952211254 0.28942594333422983
0.10522486754917179 0.75447953238321952
0.78012179452954167 0.36693065829637167
0.35301105182600817 0.53508030389851680
0.88467453546125208 0.51480781079360394
0.14775540243117072 0.72733574538132162
0.19169541969210493 0.16704981632434138
0.64621283184675649 0.75326432276070510
0.54693885789692787 0.03723458967279450
0.10333218872722950 0.59869575632492500
0.51662622671055047 0.86433877578328755
0.27294112886804262 0.59347197456815992
0.15575388580399141 0.39913317901309242
0.80930779320236457 0.26649852450845418
0.23047315053802264 0.53913423854102704
0.46797775473341979 0.71433904542270510
0.36506318287157219 0.17607510658590189
0.49471701875759155 0.58326927234027715
0.70637792689911882 0.78652307858706805
0.16377393482137370 0.46974881841583538
0.29967133140676044 0.65720805705311514
0.32316955998212588 0.12749392082302355
0.02733975806426292 0.65276077989807402
0.32185202757898718 0.22969612571550921
0.37103992256539781 0.81184737512480531
0.31446508160536341 0.11936429059626587
0.17253432013321254 0.35203853733430024
0.47167086926218327 0.31763643587589885
0.33536175785169603 0.52960378990755941
0.19483596012924062 0.45962476604237051
0.22269307984963890 0.17574609964035312
0.47036426318496843 0.45743764916642293
0.07899309075192427 0.36442759033912786
0.73175598857038637 0.08800766728003834
0.71427922710475666 0.14188646573823049
0.33084052513473422 0.67656919683331951
0.42066211123439357 0.15420705110759753
0.34865420816295850 0.87747007007950417
0.46648410020809006 0.11969882446659925
0.68478180794955079 0.12947612914229734
0.60768335213178903 0.64097383815949460
0.39742665961751772 0.58111974349583384
0.10413184394979150 0.59459094838501036
0.41945676988954561 0.49196305390858081
0.76654296797882693 0.24576446309510289
0.38372137694029124 0.59236237638902456
0.69492109960602344 0.19827466488407552
0.58546459119143357 0.68394634397615539
0.12852600542273040 0.51237231770151881
0.81513635693644437 0.24383865784299211
0.72857335926897149 0.65809965394175074
0.45434343431759350 0.56165162546955993
0.68411051962958014 0.23863211316127680
0.53732177306513107 0.77018088042506327
0.15294034575935986 0.71842275039144055
0.06119673126785267 0.45725640509686444
0.72357111723940060 0.06464628318369936
0.90461251606622795 0.61104791408733994
0.68696138284044062 0.66034326632437468
0.44411871267514674 0.69415141726792939
0.55793354752713975 0.29163758807874574
0.70231715317350163 0.68684340742963301
0.86106255275603460 0.35320915304778377
0.19138318441795130 0.22649618003357705
0.02774059315269136 0.54543044820354913
0.91074936940963613 0.35965182705613918
0.33113931845292688 0.53296765357266895
0.45592562357993899 0.52752731711730672
0.31191356213335480 0.72068201680639066
0.59483231888055799 0.13457852815819002
0.88052804020661124 0.40023403349379910
0.63691896738149489 0.92076046204866424
0.15932583467469316 0.23270764872481070
0.67569270235219436 0.77689967238639346
0.19936597180705193 0.41508847566222185
0.80800613157166878 0.65915546384014678
0.26375731026271576 0.65663158891108797
0.15315515451446418 0.59235586565883791
0.80600075078096856 0.79857802748919082
0.55734920369181473 0.74713219692935273
0.56658570878796177 0.46007122676924112
0.75466502553495629 0.73917907272902539
0.59289541327163764 0.86029579001021406
0.61247784160538010 0.73305258589756661
0.09905585716717279 0.41990254913369240
0.07642152498084678 0.33821874779188793
0.86031949227850335 0.54252403643577463
0.48862482061028134 0.17910985647479938
0.53039410425969524 0.09683603984911875
0.59162664284881283 0.80387621511484020
0.14451060196804538 0.77083880922865988
0.70364626088194659 0.22491752963744233
0.34877222515775080 0.83165511389982283
0.57195825592269789 0.73882695655144681
0.78690124681240015 0.72900719326784047
0.81188345013954344 0.38713002728944396
0.26884089899057700 0.47409944740953008
0.18100868053548866 0.37705190266948052
0.57157546228362166 0.62754495415653444
0.27831627614624976 0.41115339515550453
0.46234266177584560 0.36809695986878227
0.76892715966839209 0.20336856984644799
0.11093464804134810 0.77599010479627140
0.46420416353883825 0.71822011742820235
0.29292782475179946 0.66712551863730973
0.25634554575858726 0.50366850955736475
0.28391169199236121 0.85410853804830600
0.82073598732482467 0.19148536062120694
0.49795144489279003 0.53840829044093563
0.30770297968927918 0.60909464213796627
0.57263140188404227 0.10234862818749589
0.81779913718170394 0.42651276439503422
0.27797491552790921 0.87792854796093012
0.27372909690088065 0.31716616820403282
0.22468067250258703 0.47305311353605672
0.57889754529787874 0.91531962037072889
0.51912204494506498 0.82615015911774392
0.40424325060361410 0.34870496895936853
0.20424737531453990 0.37896265263048245
0.41773057016681014 0.54240935060332174
0.42957751324611698 0.83941580863348642
0.53397481345420894 0.11270410131875465
0.45516941340164147 0.39357112754094409
0.70247891172953902 0.72131471149801341
0.43913803868523876 0.52000028767989293
0.01158669209471122 0.58825606028467625
0.71404583035155134 0.60555760748536303
0.74882440321110033 0.62267131964153277
0.22611885980734878 0.91708287233618457
0.85111220874276405 0.32584126149923476
0.42188360955654963 0.33330894093068697
0.72196096728369519 0.64369957655796495
0.06351036342926837 0.67034009474593614
0.64605124039519113 0.06483377382309642
0.20829259344144027 0.86066390965234529
0.51384948533847052 0.43272991566954333
0.43973168993977046 0.08142063455919676
0.93244581544743255 0.56387259883016683
0.45239041023429755 0.83954770204068463
0.88500653153567799 0.40031668291693984
0.64276249005749964 0.79924453444123633
0.02742921102973411 0.57246418009226208
0.65028921511956439 0.42396692669158248
0.10116589181563003 0.65038682019498284
0.44281902875158174 0.12056958804761413
0.21374448351749645 0.52762785994763994
0.57054136151084012 0.31215112382877991
0.19273981589445477 0.12362789384225766
0.39865536955408115 0.40773279620379282
0.80882755896663594 0.53611597771618069
0.86291668417035616 0.25629368461940000
0.66641529955836887 0.18261604300179324
0.38145092614312215 0.93710211004745581
0.71860852851040158 0.43516004658342111
0.62332698008942244 0.32823978012186644
0.27711014028426240 0.32187869726667545
0.23484216810516212 0.32829900335523488
0.86369994035731301 0.52703222235933123
0.71688983325017852 0.75786122986858140
0.13538233820699686 0.80667370678329731
0.78214555374313255 0.71943478031234176
0.33739081162603690 0.30018871856744583
0.20541312056449126 0.25321150648374607
0.20417305347944886 0.31914878003841024
0.87076961824428234 0.68960857492105132
0.68056723600168723 0.16796744204902891
0.52264019515144156 0.05310102129511569
0.69910332113660700 0.06477323482260931
0.35056195864581396 0.25480456509242366
0.74938965857610151 0.73677984498792792
0.58087732805292913 0.89334001297695953
0.89553118045918578 0.43807588265804231
0.41976175891325845 0.39539452063816444
0.49535412911382382 0.72954487474792074
0.43223915888126069 0.90896924587227967
0.50059316711384849 0.39134918805196689
0.53926319403231393 0.11138189387278040
0.78565549947444613 0.80156726218859298
0.90998534405228115 0.30211033592035563
0.49202120676939293 0.17736232325795401
0.49651069338067932 0.10568270553052682
0.05610141659501194 0.38558669936787116
0.80355925648500304 0.25169983182087347
0.87972998143355696 0.54843235132018675
0.74798992206704140 0.59076971367728404
0.27765891041164170 0.55257688737696264
0.57709585323544099 0.91873957603417555
0.52941598099094389 0.35949074655654101
0.54779797380939488 0.81084115429692316
0.35567860887306108 0.80547369901127308
0.58679696365725842 0.59005035939369843
0.94701045190070710 0.55661321648428952
0.07470625200455022 0.26699163405387255
0.34697089111196072 0.56311199537634105
0.85042785615484007 0.57443938611293954
0.57486032782882657 0.75095299547114136
0.07622419215541014 0.29969108378067294
0.14684535695324782 0.27535835788227425
0.86899507678979515 0.54375666889266761
0.07534363210080264 0.65598647193400428
0.56245275875591261 0.63318214749874013
0.02276888681826976 0.51000070490458227
0.32947363559324105 0.47816518037904215
0.83185568367902984 0.46464472079173041
0.44243716198764060 0.32017621574609678
0.64068821059985459 0.35220448910309909
0.15449365815557298 0.59728033516983592
0.49819261096022549 0.44293220596480670
0.34614988978048522 0.80542331981945281
0.33023215995372512 0.52671512303056467
0.18134884974578072 0.85781080011532562
0.88490344413170097 0.29550112385024058
0.36582241036716817 0.38454252912330261
0.61103984741998441 0.41665554525479603
0.75580852684617317 0.12183895691941260
0.37532338755188643 0.47443748847572081
0.83177540069019462 0.43237480096240394
0.04190538788861475 0.37582114912368858
0.20338594372828814 0.48668711127612568
0.30664045783105848 0.30567640779740890
0.39734458859813987 0.49687006158244279
0.81589276095188445 0.73599309105055144
0.07180126856409230 0.56721734488727660
0.43184863366719950 0.88015268840465943
0.24589279401624323 0.85935843170772097
0.57293548534827943 0.25910213451318198
0.22311177437017041 0.77277095214727076
0.09597726963286145 0.33871266354199758
0.25616070509714239 0.88079196623562561
0.68973624708985937 0.34138614626888780
0.75091850122871917 0.56807923067677091
0.86126506411096460 0.43739153834450606
0.64151698175181171 0.21549267805909758
0.62451969410374231 0.84819498469995291
0.46812830657713017 0.09997904359717100
0.21072783537879317 0.35195271351572222
0.70044872257641289 0.36032512923170679
0.24146756919657134 0.36145095717779052
0.79911478891011667 0.50190374733820176
0.54238067134095691 0.41162150735628678
0.71542824231663860 0.73495291184667932
0.36409546359622585 0.08780079653385049
0.19964339778321541 0.42023769795844118
0.29761011487446049 0.25091000603649360
0.61795112419268361 0.15233698502492793
0.86403477566146447 0.47144792173289057
0.76222035103083985 0.23570434151857320
0.88570275210435290 0.65396541492500215
0.15785374621224069 0.58970946584795081
0.08245366991268849 0.59652090831516247
0.87310958095703106 0.66802052103078502
0.15096864169826871 0.35275570796809969
0.53467385732975048 0.09864671919811870
0.77590377070604677 0.17193589397799441
0.38177258928233770 0.46614769820828755
0.77020486273843769 0.78614361722377113
0.32267148976380505 0.66432596399392918
0.72841269900389560 0.09130978296457959
0.37712731890044482 0.04650672911884389
0.64966313449971136 0.04800206897747109
0.16148790742455987 0.22532330218823252
0.39388534366595535 0.77139343642251013
0.18604099959132417 0.83312212583800271
0.36472427968053212 0.30151307064277799
0.36403693660247016 0.13140309616199064
0.36544475018860384 0.34220551524981357
0.23400621139187425 0.80534750455777693
0.48661840810776885 0.27158886631660700
0.19038870355352935 0.18307784395515708
0.81299830301833109 0.11952718705512023
0.43101011202601830 0.77704202335947092
0.04656712932576280 0.54536282606964515
0.72936029074850228 0.33379539863471830
0.17129463357230820 0.22508184913209667
0.41451496136852001 0.54919187850177154
0.22812589281491688 0.21584381901812674
0.40965685159994902 0.41933718965716549
0.07790704357508853 0.47111597557039270
0.42040026109849138 0.16853808237709461
0.59591123723706907 0.51541326885656757
0.54171779270229192 0.22314529441691008
0.26410783071567828 0.93778201752424817
0.77166093454959184 0.14765436903250501
0.11716892096500266 0.54100824562788741
0.48385780851259308 0.57623122257386095
0.09358790191449057 0.37067753211310422
0.53666549292970689 0.78426964278094036
0.32499940510913511 0.72348263378108402
0.64474455583230983 0.61790199336772322
0.69596024386771072 0.71632547188673990
0.87219151724297694 0.31937073888268902
0.51999989800636859 0.04303767017961111
0.28306787648630222 0.71738556605635095
0.27766336275647030 0.13613550468032665
0.91852273268742679 0.51397123421797586
0.47286850197743885 0.14958841226610617
0.33953461821267200 0.92923469556433580
0.54116681098819786 0.72988875397244057
0.14773575364067207 0.29608443050501404
0.35114788538211711 0.58211659686295980
0.24185589390224441 0.83210049306141853
0.70109287046690705 0.13972095090647629
0.84257739199433734 0.24473210245951005
0.31084923753481225 0.74479256235493518
0.36661730157281675 0.20031268145373493
0.61289068235124367 0.72807000260923282
0.35021031687861859 0.81612179099757665
0.24020507665938370 0.65746120638880168
0.70315173906175066 0.31463926434360229
0.92874086485083329 0.46600693884621514
0.10801736287204988 0.48094541743039548
0.29743715421366668 0.64952103449647625
0.10091103386283873 0.73714829235609192
0.61555535046949761 0.61730080622625427
0.29536722980245889 0.88187282165677949
0.17965143219721122 0.75190384646778818
0.76928766595717923 0.19563316496311303
0.26309936619191238 0.15785906098707955
0.27129920541904939 0.92219271447689133
0.26115781021622320 0.09578730893592771
0.90692812269852596 0.50658296038364359
0.20980632237346319 0.89037683743818286
0.18173379622344910 0.35696419638370275
0.06347962091378775 0.61343761853967238
0.23738038299160272 0.50987010067624239
0.27824402894142675 0.65349348665317009
0.08503405346923043 0.38110350898601830
0.44493525881032275 0.64904451727106638
0.72058498517859138 0.80647797630111040
0.50761458174164198 0.12906560716041982
0.08127156817559954 0.57411682543108211
0.75290682374795248 0.64026425178139568
0.57908002614787268 0.17216094345675995
0.01815792689817375 0.42855675440300378
0.24020812206419317 0.24451921942258703
0.85202577852893058 0.39726297494900487
0.52260588726363688 0.80000236781280898
0.37302944117291076 0.60244674954210409
0.49832321449401412 0.51891495669825494
0.84900418388719956 0.26148344875357793
0.16147335746521757 0.56116387893374697
0.86064392742942597 0.69690059939401117
0.25571027902655297 0.48961474236953650
0.51856685545961578 0.80472023303574791
0.63834550341321616 0.51672406057062192
0.61375075643075705 0.12302990109560603
0.59958554684180954 0.46752602343643457
0.74832314932148869 0.27411416985513992
0.42094703287730834 0.94562274405482816
0.58645388032497348 0.67622274168840735
0.73528330640293593 0.67359827253507332
0.29706030021894986 0.53444168720044338
0.29844982700944006 0.85127860285437573
0.87402556534567510 0.54339971251434127
0.05440646090812710 0.69488799916099175
0.54375135492004889 0.54086966989057761
0.33049365429662925 0.79476640617337568
0.59506929715125512 0.22884779121708437
0.13752015594724912 0.75933018884181813
0.39313308713548056 0.54434700359085919
0.67722128299768047 0.11916269906228755
0.17102822576863436 0.56000811960287789
0.03457575391671024 0.65679923262660866
0.80712412995320360 0.36989957798580214
0.38527506611779494 0.40166607632202844
0.73744433661777209 0.50450778218649517
0.71034411041134959 0.21596458903711183
0.91159480366248491 0.62092095559794025
0.74088763096184396 0.27216575669810233
0.85719150997722904 0.32131559424145539
0.14411531389645807 0.27229393736547719
0.47042035369970370 0.34495444327368402
0.89176278245061724 0.64869967178394028
0.49594170839025292 0.48676820982715779
0.76775558242293129 0.26161406692137529
0.37243947930838978 0.70683389000475749
0.78806265177111590 0.44399464203428746
0.91901436773867773 0.36622549134254606
0.04572431939895629 0.37031021163173650
0.74157060215041737 0.21824488335787470
0.42568718652257742 0.27431839623893967
0.77964054359830859 0.70922113599505954
0.04444795492422725 0.43511048590254092
0.41287474731171209 0.70088306235385200
0.24590191923868926 0.88644567196398139
0.06360409888294905 0.45014274975804580
0.33535486370682677 0.89585930033783601
0.82894485001871065 0.30357244542502626
0.69313019549666111 0.41948105730094598
0.89852627245967642 0.65745136201300780
0.01891499301174974 0.49764371756512127
0.18358490856628404 0.45777758310653682
0.16488195102339565 0.48620792411658131
0.10632524433584699 0.35455865479088178
0.31949115532935962 0.38170317548716920
0.90225572512212204 0.65453752754629935
0.51420334115701594 0.28083572682331187
0.39263244762279376 0.58521683435462846
0.28007752860390123 0.85420122009201316
0.57856085514174593 0.88675308138055087
0.54902086139815609 0.16994919536602576
0.02141634792938083 0.58086978282448964
0.73576171652104627 0.33508089307931616
0.25461892803236219 0.47762541239911255
0.56113322349202710 0.17566453894686160
0.25803495879754329 0.64475917132105021
0.61753714238735491 0.15744829772977401
0.56712027716744562 0.63427770298457553
0.27260174363925760 0.68060157065259663
0.64822294888061527 0.56260650650897759
0.75906514449937534 0.13650732459684178
0.61769339099866039 0.83998983334056465
0.66143531809135570 0.63713994932654228
0.62272061897531039 0.83628186450608077
0.36318849183119289 0.09203637557016596
0.85929190010433754 0.33045098418208702
0.48472153340570201 0.92516949736800425
0.34584992822067850 0.14273872816812305
0.59600512670633710 0.46937562395487525
0.78356180025640010 0.66624563370890122
0.78915847261774752 0.60621026300852376
0.87565583984345852 0.67228626587566531
0.83289366145997501 0.55811605167888623
0.34951019060685828 0.91042563985433145
0.41748597064875331 0.09721746605295510
0.31337782129786812 0.66923227281003295
0.32937126416860246 0.53774551218145994
0.31924156660492348 0.28102758417374890
0.33941402812340327 0.34978645182101253
0.13322627782289440 0.45049973215246192
0.77900650241994585 0.32832628272139069
0.44486721155165171 0.35081985226931339
0.43413820043506884 0.32626046924162666
0.47497257292866962 0.31875499442302541
0.88557589471278531 0.29937655845547861
0.69446441975828499 0.65600633182500312
0.36151357123978090 0.46937233698891728
0.15846416015081863 0.85225280710491103
0.45667611080787962 0.05365851719524112
0.11080478821587077 0.22361367960504225
0.35512550301860829 0.09092873683208316
0.18581308405207028 0.20701259376064268
0.14449687313840315 0.25239323515513296
0.75284099218962097 0.79242297249155613
0.78418870706027499 0.55616127199132581
0.49051968783566191 0.06084246193771822
0.05953554573317511 0.56203577008932470
0.44805282295709353 0.38056975007080263
0.45706122303229901 0.24642489873636395
0.86090424427913037 0.47671370795915274
0.56309413809708320 0.04509278892097966
0.34928728458849367 0.26973456627779835
0.41918586028255900 0.40788690914031406
0.45339901731316506 0.70568983068769231
0.09972685032675919 0.38751494825775529
0.64810265884566454 0.21693331272851868
0.85618746422733316 0.50322632708448312
0.83815854879875185 0.39956643159810590
0.14556117918198436 0.58339775370646241
0.84233440404366555 0.31930769634773809
0.45156982717524707 0.50144923651877005
0.34998485495546566 0.56660705580385207
0.43840628867561987 0.35341390974277392
0.35672692695913666 0.81118838423666240
0.51663074651135477 0.02523125993815597
0.38808142285246816 0.91803051928614787
0.60365370293368692 0.61541224500984426
0.61614025375688908 0.17822314886673310
0.42160208041423047 0.69379768260838415
0.57175071458794702 0.20472936623770899
0.23197412365480996 0.15353969731606090
0.80451037986450502 0.32031504454957715
0.21892213542108338 0.16124347442152639
0.62014152120480892 0.84508862880221913
0.31912600972822103 0.19283684895684838
0.05871731983931483 0.54729731442332685
0.11631681293715004 0.49917455870931932
0.79949450299376457 0.83895534477309219
0.45439730099629755 0.10287391334479455
0.65411572413307006 0.55689000400668887
0.61313102791002927 0.64188271048722112
0.68282819138807582 0.09642101317543525
0.63493317252293524 0.35224547787384858
0.43596777168546091 0.34040147015207939
0.18682709745074480 0.22172103903083928
0.26540733694719904 0.48383415803924412
0.86250310395978258 0.63413685820539312
0.48186498143039724 0.06283654567785613
0.67726772923496492 0.78188027427786777
0.70032078901427186 0.78953315110577371
0.43913084894085336 0.35924080574818767
0.57385828297544472 0.06665444381944784
0.81279808936906406 0.74179022265365557
0.40078925937292909 0.97146597729103945
0.54349587958673395 0.19897457137979152
0.57004453020168555 0.76096878081005515
0.61896155509365325 0.83605685081340664
0.75062954278350069 0.57380136178784447
0.29892806429422153 0.43258998839614377
0.80970903088214063 0.84988707896698690
0.37823911594718396 0.23813279427704714
0.22684178278728986 0.64458371410005022
0.51648807087766091 0.29643844898983857
0.73990968166596371 0.40851199315748615
0.30550662546887575 0.31058432802164881
0.46518042936171117 0.43228238213097436
0.50154391400369203 0.51153105028137191
0.77431594180691943 0.50245508131279515
0.46868705588356918 0.03970832843061343
0.26561447947321831 0.12159052752384288
0.29795856425920636 0.25562517428469000
0.82363148657097274 0.37477601865389787
0.05831447018395943 0.31228665951343298
0.70363356380521092 0.86144352438123217
0.41130832982826793 0.94600879322372966
0.57775362599155233 0.90513381386805425
0.26851965402943190 0.10030022950027370
0.86147114301815964 0.60112584937964542
0.90630532638396688 0.26938764864807552
0.48391648257099729 0.53802070620203890
0.86096284294769365 0.20526932165454168
0.39176042952643814 0.92821463862646925
0.04519094694315315 0.42488051896675272
0.84075393610429494 0.66859030528025654
0.21394043142433375 0.45784387060391324
0.86735326983799377 0.69903546471285505
0.54745288727857133 0.74532894742633304
0.46766719462006534 0.46780007182300487
0.60919146625699971 0.23663611992841752
0.12373409457951211 0.20107232394340019
0.60063490919837415 0.23230116165588993
0.67617301793345941 0.12878680348203803
0.06073815293515849 0.60430689125025361
0.42079869963929339 0.08273621913921800
0.50922073941035517 0.95641876308237284
0.27407394799030199 0.39819780734206095
0.49783240194250805 0.81960930737711790
0.44587244096897166 0.71149991496467024
0.08105479628426997 0.42043494412218091
0.90713293740571843 0.30935533186502795
0.32086546710228508 0.80056651435374171
0.51371183765924788 0.70852482469720413
0.86323059692025950 0.30631258992898386
0.53564361865934518 0.10728640826966722
0.21834461426449400 0.87857301118487163
0.18087971118176732 0.39573964678388873
0.79504525471949483 0.30023978470898355
0.67139724490182895 0.04956048335962834
0.54925304424338717 0.06037477716271455
0.74873628323486541 0.41509161160914299
0.09228587839607082 0.60667057317887441
0.49209601576307210 0.91866479842750093
0.63062778008299558 0.36614137561998522
0.32371302009602265 0.53131845729643701
0.47173350015501364 0.02896014528722838
0.46699635086929830 0.31399833854212317
0.62732265305419788 0.10171156974279361
0.50493904290340508 0.86247945784550228
0.26800335490848459 0.63105668328146147
0.53725302660282781 0.89481472020520381
0.75213282334396936 0.12590221903235152
0.90597452356424235 0.70086162478989866
0.62286557866127701 0.63722839264019882
0.86925653687826876 0.28600913011375412
0.15306908553806048 0.23224079137349202
0.05976383098903452 0.61206908333970356
0.64845044605383118 0.62199635422180799
0.24450592609038743 0.84124513956266234
0.54204332053919291 0.96744620880723209
0.20241966176086296 0.77101692055374349
0.35492005841903440 0.12467217879481225
0.52682933206144145 0.20674855200231129
0.32298231495157964 0.73968861084573545
0.65746730938271214 0.92667894572008103
0.73667966398423157 0.55982915920957965
0.56454303549640650 0.15712494352563044
0.52276878147411021 0.77169820880633277
0.63854063151632656 0.12335634875600544
0.56643731359105554 0.68442549238031525
0.49648060462293075 0.40008376573552784
0.30657928742292151 0.89096468775988669
0.44772053326268690 0.04686870286733657
0.45376792810300653 0.23750660785703237
0.47304379301587496 0.52708039340352442
0.05543709008843219 0.33124290763436509
0.69603386702559522 0.79475601376276450
0.32049609493190817 0.53524987785089029
0.42273544947757941 0.51942310293528382
0.38921262286620761 0.38871779994133937
0.16216065121275020 0.79598532035027514
0.36454676739640468 0.79128358864306336
0.39838411170110000 0.54551254622221124
0.83617483972213247 0.47226338257266698
0.36509485283514737 0.70250811549528469
0.38095074515069333 0.75631161100015742
0.49318186559285632 0.63298820931517663
0.13817154466005976 0.71809489351290123
0.19934099718300974 0.22476223172777954
0.30898665771195294 0.20973972840750951
0.32283195910631685 0.89286779525507942
0.26774925496982444 0.33585534753621388
0.18142870340754266 0.43573129965641239
0.11538821477590251 0.37240007508790118
0.91371413734286755 0.37833642314831700
0.13891912467636316 0.53494897711960099
0.40258760040228592 0.12147568236334229
0.73754652924014774 0.73533652577659425
0.20529350598113907 0.17326337661828237
0.29932153567587255 0.71788124200212722
0.42378195261792700 0.84652337504700581
0.63416888446362085 0.90379971270025095
0.04027114273735354 0.36072207924613398
0.35007525407018258 0.40515367207171415
0.76454213471897303 0.22859920698021283
0.06856011280917372 0.51002627174441850
0.50998693732062428 0.32496460559426671
0.48928559024826929 0.20964893518158459
0.62063987017279998 0.56751094788249279
0.55354759802369513 0.28869071815373998
0.41142362531558629 0.28465500808951921
0.70689961840371107 0.22952728922393367
0.52193929921926674 0.47991481010522807
0.21636378665641948 0.12447992329278833
0.26854812412381690 0.58961666334536644
0.70860956675940601 0.15041938869325283
0.88123463750553399 0.36624389758839421
0.61629353534836795 0.41913466342538164
0.59092763618680000 0.34656874701566714
0.52966422853053774 0.79490197321955125
0.14595454166592720 0.71999070943493115
0.60992897820205672 0.67966606298428611
0.43748130880743175 0.40846622504327385
0.16418033448762284 0.55499577686943757
0.24487585131815079 0.49600823119884246
0.53075444297741359 0.63833668076238037
0.58493507368097031 0.15417874079160754
0.19880002987809814 0.38993657581893565
0.19815986196572336 0.23105867943943492
0.53724747032964559 0.73694771880555288
0.69741181880992009 0.74430647784536275
0.23738994398221533 0.57055074598096145
0.47222330876947577 0.11337779489718169
0.12015100929119935 0.36616539556686967
0.85830029791628693 0.35856932760686222
0.78257590674635480 0.23575991613339878
0.53693283009013637 0.10297002962491199
0.68774021930374885 0.32344757336888602
0.53947415902350704 0.55985078118095211
0.11539952134464751 0.33621719961805113
0.38307025039333370 0.42802138693289904
0.04478573494942489 0.61235283024693798
0.50970823235595075 0.50773640134634257
0.30247443833016496 0.84285705404081590
0.68943291168358634 0.13349623160958118
0.26580233674190434 0.53295999643995251
0.87983722277288934 0.56854094981608716
0.31854603116070257 0.25689561157881352
0.40947642129341505 0.12857501554274386
0.42082552692127284 0.27696421468964050
0.38943556757069631 0.46159983513354563
0.13952538785264068 0.58538216786022057
0.37675560947158804 0.46871613035499476
0.71084328154735388 0.89126723273485176
0.79338954012054097 0.36984071304226940
0.64834154783506037 0.42953773096558717
0.16648139144294238 0.25324243742581221
0.13276179393945320 0.65530653070192302
0.66215645783910060 0.79580784350389899
0.03239353568094710 0.52250986492111706
0.57370432877833266 0.16234940431178049
0.39718493917598824 0.91978980316664249
0.32792680377271821 0.53071335822993182
0.25796176961842332 0.62272578693177805
0.44028790604503426 0.49955449097765892
0.32187343526350426 0.93603473389140524
0.60406622949064726 0.17389433368989307
0.52293737474221202 0.91325725161382221
0.15081111166376784 0.50033287501850598
0.73547608348782678 0.21304078844904395
0.81317792606284744 0.31629318570544546
0.02579614835931099 0.54942348711389133
0.30888950793626252 0.09474350337960531
0.81744010857711680 0.37294585789365653
0.14420316069295355 0.85913059259015145
0.78134512194696915 0.19264192545805073
0.78326407621372651 0.17083969771336657
0.46321801928491407 0.27923502374003301
0.38747683403030031 0.50416606087412286
0.10191886569470290 0.56024027554260680
0.66451421911656061 0.86730156412537451
0.48727548203870047 0.53082025741145389
0.59367696036277473 0.65443564582190550
0.86529545939511432 0.46674492714439131
0.56671194040790318 0.18677413105445409
0.21358902435754254 0.39137119795904796
0.69310623204048616 0.37113834938688461
0.34117934810423750 0.83951983715133471
0.27802419598389433 0.30334349313146403
0.21506798249528158 0.80096568017862124
0.54347825745017242 0.09364155261923615
0.10025071267999619 0.35582921933228023
0.36294298635842343 0.08253948912128153
0.08302800259364931 0.46651585114328675
0.58290901949776974 0.69964000371901691
0.61666540554552540 0.60995760665934584
0.41816957764254598 0.17786558573982678
0.68226951374834777 0.11746392089347046
0.42735271709374406 0.79093926733104347
0.30479160894231533 0.62528311470366937
0.64965109610565597 0.54703926949063619
0.24740243441228632 0.67998176041063341
0.13604304880950688 0.42263516982692423
0.56353015527845907 0.17997354200115756
0.33690968768368745 0.60937239603119531
0.43648524072743194 0.84540150880892651
0.54958170896786585 0.40213845131837117
0.75845821335513608 0.65525269825647281
0.73235588490160319 0.23248770027532353
0.75978420464169072 0.19852386326929175
0.61689481123725609 0.91093172415668511
0.41762970545039507 0.93490898976828540
0.40572807553744589 0.97049453284515341
0.24159836615616093 0.69394990483772157
0.47082821354643761 0.27980822000556083
0.28072190998942992 0.55791927479598957
0.82570402493020845 0.38519744699895908
0.38563952903256898 0.03266484173847968
0.04312975693897850 0.69151018223498872
0.61207250804594482 0.25313854877882824
0.49578288260497511 0.66984871107956878
0.44938666060278842 0.67791163123336462
0.85804664408890308 0.26946931802221785
0.42420242209767561 0.91979864807845224
0.66897450112631984 0.60213707509861092
0.69981137621166345 0.84395124681451472
0.57249411116893045 0.83444753894938573
0.88119336765808487 0.46745122353096619
0.12592584826876277 0.25879860300670043
0.44033483468849210 0.33851152271056417
0.58691027868489631 0.89435483674940830
0.25018404642822689 0.63445726310546113
0.82149072152915459 0.38766655639248121
0.53893153460904430 0.08193868300978746
0.51967206386587850 0.88061248754667087
0.34607226472616165 0.25943695449043980
0.66835823817656981 0.87088602861213316
0.79535907877489498 0.73303657075878592
0.56906364354823213 0.53924297116335240
0.59190239531564415 0.29335832516314325
0.12125766537649327 0.42894270071056201
0.41978077984586232 0.43140734488684107
0.40966717567929556 0.71936590687598823
0.28841437997784458 0.66322884401930937
0.32599136210979762 0.48379313447915984
0.64676477909505781 0.77362358142324728
0.70392814497692391 0.15788693783854454
0.62405804656383956 0.26426282315974597
0.33911205101259856 0.45534398192829784
0.66719058239620366 0.35260972102382449
0.79435661943215552 0.47866193165515691
0.45247484455564901 0.66557593558461881
0.30907502466126785 0.90124791430072981
0.77383117354755915 0.35669404113022496
0.85436409307016625 0.25564382197932650
0.21545941768781757 0.87092564607273315
0.19419119494519424 0.69369875187252072
0.08979774560869908 0.49929478475145095
0.03466887776793051 0.57206756051432861
0.43518319768754704 0.35986014536339889
0.74385195912774182 0.73529299656195390
0.32379328293115273 0.35648846821909719
0.65487644964332559 0.49493513666241695
0.79712204560873323 0.43978212812056794
0.40697170191612952 0.69043258310591704
0.22841600496501133 0.72325180693162394
0.12188229367352045 0.29740457826031880
0.81764463372826057 0.31152915655621471
0.55752912694641144 0.34244740956338798
0.11483467794560449 0.44640603354467523
0.82758807069734686 0.46311909334275281
0.29956834963130496 0.83979105338971038
0.47499072950895921 0.56867570348590002
0.43706943086722672 0.30908800168572670
0.49501838164053230 0.38179203342668838
0.83719285782831354 0.71006712425235252
0.47685203130468484 0.96787126585893746
0.56649464155692042 0.06780045984868216
0.57838807168973017 0.16312294115817222
0.23609978251861871 0.76337009049735416
0.66654468976449732 0.23595694169198794
0.67580192519032023 0.78714405566810619
0.08843196993973793 0.46501252426036938
0.02956322488313290 0.50665879655373336
0.31259576253319571 0.84536089456598007
0.20168776638577390 0.53021346444740269
0.66677642290230832 0.41397676151980206
0.10893326419672920 0.51189119500441360
0.62681093301551960 0.47660554418806611
0.70000981839465948 0.70350724250116581
0.78530480587084361 0.56632698985807461
0.07696616875378155 0.58274222964814004
0.01284971706160641 0.49483281087201808
0.75167921018868744 0.70082715825037722
0.72826571733720558 0.16699963725640757
0.62975698449688700 0.32976378016369701
0.78024184949920961 0.25538514130189044
0.78494106467162905 0.54451198655004074
0.19596661981935187 0.25618586828150852
0.83755150357208241 0.27168726251183534
0.12152423985462465 0.35054573044282855
0.08381323037588308 0.36553933588327375
0.08542708895134019 0.52096551613090725
0.31688387469151025 0.51595713528004183
0.16493147780400147 0.35121936509703000
0.22663519999509352 0.45995044854823569
0.21305683966188296 0.57770367527751432
0.41926276874473545 0.55404916310405761
0.54324806103896506 0.66062691038928190
0.03805977018304503 0.58030928562776640
0.53258487121349418 0.78832106184135620
0.44720688378449841 0.52275783613842652
0.33214533779412503 0.51285480708636721
0.29373758314679921 0.88762171411425284
0.67556291199044460 0.42094195181801036
0.39379788959143519 0.39752921691394499
0.62863285845067396 0.46909361382221409
0.10544073828068741 0.69781800367635949
0.46112289602445017 0.87563391231272381
0.55330044793996347 0.23048394669437261
0.61852184969535140 0.87201688475066275
0.49448281596673821 0.04613590322233026
0.23296720836888271 0.47393465962885528
0.64705616703804891 0.47309210930091961
0.19595193213911241 0.74597450646112384
0.25619255615666220 0.66908106293578773
0.25734378402409247 0.70680835078480275
0.32667625410743478 0.38766195655431512
0.43911911956569699 0.34239796965010638
0.29944914844310377 0.60567339155026512
0.36106211537632393 0.68694461072256241
0.15682827982061495 0.79210762387377276
0.26703816183592954 0.11015510087711204
0.42629476304479330 0.27907639048979876
0.15681405752582564 0.37980012121029327
0.71579514770691122 0.65103734660013401
0.70479871680593509 0.48172573663956847
0.19720066476251205 0.48418386252831419
0.45032445345608357 0.38516252642601817
0.56308044797272760 0.85010195658473264
0.12537421373740065 0.28386260081929909
0.37752165253651054 0.07997774383497204
0.53638605644053139 0.90166010607440050
0.39999490214835298 0.42487174112460618
0.48006837689599713 0.74230626025557711
0.86107597615053988 0.51685657523633421
0.22322255468545180 0.64937846033179758
0.37804304560676960 0.12333715897970178
0.41680027307531747 0.42519979806237573
0.41365352847856590 0.09027106731706096
0.84172509820790953 0.27673617277036533
0.69178552963011553 0.10764998754248815
0.89779264605710341 0.30525888921755456
0.78379316812925737 0.15609981162922440
0.67540930494749973 0.59038329454607175
0.59749904703223955 0.68621495716740155
0.55885116721738570 0.67900976650037392
0.89591273750817435 0.25787877400878578
0.80471275672673148 0.55304053243298046
0.13680721004062940 0.62748065079974769
0.39274398092560214 0.88850867494346819
0.84190803876717790 0.57356314378412776
0.85991346600618435 0.63036275543046394
0.84443164212118227 0.58345757394686582
0.40941254427976465 0.09013726949154613
0.13285164379689252 0.26139613647450710
0.80773924513553563 0.39458062971456581
0.34384182182343270 0.21897827046113783
0.53747666625909141 0.45180382909569772
0.77686142850685236 0.67271236190119521
0.77116674462127421 0.70635978099135766
0.24681883730550663 0.54426432895113741
0.63611105103562826 0.13304821099014250
0.53690655327787651 0.59166800022713262
0.66639681120174876 0.40203177168490084
0.40261651529377884 0.04171076259544669
0.73397844798145417 0.30741150036112097
0.44149429793347889 0.44163868013075364
0.50976281700833137 0.34393176074201248
0.56181899252302436 0.90047732109577938
0.33604117693056146 0.46743655331380790
0.34581162598934478 0.78593401900306337
0.09159700452821337 0.62695787435310579
0.46646680768839688 0.44878873215935028
0.68500999781707872 0.21077779321388374
0.08130025028930093 0.38260689876276982
0.10139357194937229 0.55309391836994470
0.54724996535274784 0.56679720140190359
0.92505401383453945 0.44895270271950388
0.36127069100707221 0.52069343546382640
0.72982580566868105 0.30579944638752093
0.54408636482429307 0.92535281944036396
0.28329029095251729 0.59871864687678766
0.39490475960734778 0.22057917415606695
0.85622667420145726 0.59252862566245923
0.52096490211106494 0.37350919563614987
0.32156778917863788 0.91776205527188137
0.71737293873206243 0.47404412603642576
0.51895120107737536 0.18742631616039004
0.86657508860513832 0.51346410779305274
0.12942144228067823 0.46156351321869210
0.08648113183697209 0.80916005167606042
0.45043380382428816 0.59592479069425752
0.35411667993777091 0.09626463272712620
0.18202999227295102 0.28792955815362220
0.63502450524767007 0.77703283188719663
0.31764218540911787 0.16066373837229267
0.16330577835274776 0.46132565627780547
0.30730262200511516 0.27875978001018120
0.65794129729678363 0.09258066768325784
0.35395933520182576 0.74185625784888065
0.36130368872157204 0.86738876712462287
0.87734810864840151 0.46931706096654247
0.73920249812427574 0.42769208226389116
0.23273617701431426 0.15740014207532216
0.46254599057482565 0.48188636055736145
0.12596917928567586 0.34115576126096431
0.41970500370610331 0.85385990329108652
0.32072857293438900 0.49374761709683224
0.16965209256203576 0.30480114398236152
0.20691538221508934 0.42752388709849282
0.32075419199931016 0.43143135449639725
0.49189931331252507 0.64263162635910165
0.10500824374220238 0.74300008561672681
0.26485693758424345 0.23984514523024755
0.85551683465191641 0.46734962603560531
0.32811713639214418 0.95564678086020216
0.04018591688099010 0.45542269499866844
0.39730150637138700 0.05228463136725019
0.18865352091870133 0.58788214017343199
0.51888662917096484 0.19194596175755829
0.45895612517621592 0.24173400941550971
0.06774548095610872 0.37056195003322590
0.49604414841819633 0.05609072185311702
0.47966934103149433 0.87132214233479222
0.02725277883668718 0.45254594069979570
0.13195543922178499 0.21381231692690317
0.21608611094452060 0.54569141111392572
0.22321912416323933 0.15444920100763224
0.91004538738797558 0.66398316228847076
0.39447268133118779 0.23552674916908861
0.29395914954072994 0.28266212743667357
0.53003124963492865 0.18537545869831989
0.41251087184969176 0.68698930591110163
0.55190859262510017 0.30692932700330722
0.41121953278412726 0.09441914605992610
0.18260664981089098 0.52104092658849677
0.34157906071297295 0.33272607302023655
0.74366672136072320 0.32688611947448498
0.21588823559364126 0.74685361109158788
0.37385937876289388 0.78880330253478637
0.75869091435277103 0.72607877183863589
0.04840670054895500 0.65725330433020102
0.59184517915655221 0.47973516790315873
0.43103041805367232 0.36011992592347397
0.50898064761393513 0.61224485015283281
0.67199768574064955 0.24095514267306639
0.43298742999211109 0.67075013457512100
0.56182955775672094 0.09373715054033468
0.41828840016512675 0.20333696018139627
0.44797901234992332 0.60530926740191515
0.60475249736272219 0.83079552578637439
0.57141112787428849 0.31598959092909085
0.29597833933899764 0.65463346307894477
0.49558837802651684 0.06252934821593875
0.54218869985897689 0.55592685857484081
0.80276948372936718 0.50698343652832378
0.57466170035545083 0.43859433515645518
0.36001930210625288 0.22079515816056591
0.74064011389939644 0.73903608113577079
0.34602314517192795 0.44547619346879952
0.65621782949348195 0.87541953127409133
0.41643899025374109 0.21778689129865197
0.40703747687333502 0.42979782121515575
0.36749012215308852 0.91404236319966781
0.22033001002133590 0.87411120509989471
0.83057651041166980 0.70253771822812061
0.63042637850252214 0.41309660637355283
0.24563798704634945 0.45172094603734719
0.28551693641511217 0.25310280184581802
0.56783482249851880 0.33167324971506323
0.68661090952847814 0.20136673852557263
0.78576080414408001 0.59726275788353933
0.35510806568153919 0.19423403356778599
0.42648204911240323 0.35150536098239143
0.26195776520503355 0.12294025989570029
0.45324047733006195 0.35305810761365358
0.34380791028354496 0.13392608492114844
0.46015239941600805 0.39431871963054332
0.10381979655369319 0.41261249496909363
0.29420209631999622 0.66276027670596838
0.54561771271097337 0.61415969413825933
0.80200266512893903 0.21596723668513096
0.58915308507382291 0.42192457945629092
0.65290922180401623 0.88460165493195442
0.30728711953979387 0.63557319594597639
0.34520156335845081 0.55872201773495722
0.13535637273777645 0.47304533116309816
0.10415005124952019 0.42299547472579102
0.57596677175484190 0.93529455889372204
0.62769536718906915 0.06258348769496713
0.33857259448327515 0.89072563932724558
0.40141648530653701 0.76131811786566816
0.14414842004762971 0.38753053483839889
0.11243832509549316 0.78985800764992387
0.52098518098712920 0.31689564700012107
0.55389615832898842 0.57198083779859510
0.06823444387479040 0.32166730245948094
0.13320684263909049 0.38225275183741109
0.45870283169903464 0.60672047468747503
0.78847809246642575 0.14008816674592312
0.67751215023050571 0.09565298560335471
0.47968730087899936 0.23665243879992445
0.74119628823351291 0.48683884287264062
0.54341313572602445 0.08037990539687616
0.09406143677144270 0.52313309275635467
0.79786537664629120 0.76163926399744830
0.39407174321312766 0.73397365978433238
0.25711880273924925 0.35635947000023621
0.33271944484897142 0.29547073386857647
0.91619957010328013 0.41676961221097453
0.35121860114089093 0.07676914455455576
0.18543297344435392 0.86078670538088875
0.58762534987462012 0.75029929065395151
0.20520468396174835 0.31290677593609822
0.53150218794364279 0.23503778013549648
0.76602411601207065 0.78320566065064368
0.54039009706752106 0.77347912267930119
0.26929044884272146 0.79459443504809568
0.34657134194769912 0.06542821340685374
0.14244386964359249 0.71900387071112870
0.29446367002026458 0.60756782374212903
0.09602610328087560 0.63940783436131510
0.43617889974404611 0.50983974838639912
0.38588465573054276 0.56145396424175409
0.78337632255146750 0.65469654975828206
0.60522649314368115 0.68461553031235578
0.38332164006563396 0.09992306580013549
0.78726159643027194 0.15096467172917988
0.61502468007876387 0.67887725727203274
0.10766101747844187 0.70742424760498479
0.27896454940010379 0.74298470985094833
0.64516500764293505 0.90371207481003668
0.39164720543146414 0.50045866794290761
0.83146833899307859 0.31566081439323901
0.39237391589590143 0.11366668737721125
0.60731550963509118 0.52183773428263858
0.23471478517008998 0.23822886735378024
0.14587547323976130 0.56720763474029712
0.35536484210482078 0.54247661394015878
0.06846496750342292 0.43756386950800796
0.80293553172195919 0.30133561231486689
0.40178974182521565 0.56130634002656932
0.06468427596965863 0.69999273986737942
0.51338227887400112 0.88337163762966953
0.63187197057624012 0.82700568200853930
0.05270982040895071 0.42194794293534127
0.16905671520320190 0.45988974766013335
0.33797001407703842 0.15800368093004638
0.94382688943729554 0.56651927941911362
0.02559587272649009 0.52728617958280999
0.66320460862684394 0.24993742394776211
0.73562332636568994 0.42812933990170376
0.25341841752834482 0.79880891317667724
0.47004636181291598 0.61230339960638480
0.29556127166063928 0.60390337812691441
0.40476664087258224 0.11731973451638809
0.88893879690925792 0.29726095285416265
0.11173063291513931 0.28292587601985814
0.76020828449544675 0.72162332849785926
0.45450819956336380 0.13908222838363013
0.87877881571353533 0.67696120610979038
0.39758046717706175 0.08362875065214007
0.90694056346065421 0.47423173805200686
0.48627573491246223 0.49789177448917704
0.60427089290475000 0.12225168213757831
0.43978460788261919 0.69589542829908313
0.09201556208693684 0.49517811805451956
0.20853671229770820 0.63625213078652909
0.68873024100053992 0.78976007896199107
0.51373157512877399 0.32449739089611240
0.27928592628375798 0.86677808318456007
0.16261941657522455 0.64423649417995066
0.24541200369580271 0.80866488700540928
0.15350395463309760 0.25427609403328505
0.13985318717385062 0.28586309489955986
0.11034815374330532 0.56225046688834690
0.29070317579974625 0.41948510031529140
0.21858935215694345 0.48384908050042746
0.71470567727503087 0.27077094084256303
0.12893151846634668 0.81005179000341987
0.55409718179138623 0.05940865978259299
0.44146469664947907 0.56121268207365183
0.74677033279215910 0.70894717441964483
0.32998854098410602 0.85373919201447912
0.11172236548327147 0.41687555853283370
0.44973933621192874 0.60061054583404461
0.08371439729871923 0.66372763673520985
0.10458980563429872 0.37265220048377024
0.35705817726034922 0.44874187347628047
0.49554875124056480 0.81020623373390788
0.75889924236214790 0.78207242315280845
0.33548760503249364 0.33415366090231247
0.36479602561480551 0.11865407687123392
0.27087344807904939 0.27477385024386880
0.70863409438262159 0.43790541047587112
0.52839602463669122 0.04730536491566049
0.53184835890690951 0.05954162108015652
0.53788739601138891 0.03178528850744514
0.40313415233524719 0.12988655602624824
0.37706804807327127 0.28927127279513415
0.92348905171603690 0.56119581364978144
0.52457041466179166 0.05736572624975893
0.73951117258735721 0.68325841311557878
0.72220274721361344 0.22329697901856310
0.51145488378506088 0.29980650115939672
0.28701579206231875 0.14387700016370550
0.18960055913083607 0.15781755635057160
0.55041687084071544 0.52645205300197517
0.43052913192173659 0.12312313265896356
0.54367812483202349 0.07192551800957057
0.66512611413082878 0.78232324859216229
0.91667699886469689 0.42544455917927787
0.90860606577106817 0.52436492251289646
0.82354711277461001 0.52070603688605466
0.12490979391996594 0.69052820027460260
0.30524207139683557 0.20239181741762335
0.38509925690637842 0.35232383040458726
0.21018339789799223 0.23817618833869450
0.17175887924367392 0.79790638691283688
0.66567249597284195 0.10760352454625804
0.52742148523734600 0.01815494388958074
0.42535581893649860 0.58500966136093624
0.33249865882415280 0.43311154837082672
0.40559808240122269 0.97526033077271590
0.66852413295330870 0.24943398675746378
0.59061671490005307 0.69174805094404379
0.19588901825272251 0.39286081016329782
0.59018497247615564 0.22792711602365151
0.72795876802150439 0.58567317371030247
0.06223922536202164 0.70406366546443022
0.50991735792474913 0.83349941616566103
0.47503611115407202 0.64414732529037011
0.55068189370792509 0.10213108957667133
0.24191217381359773 0.12785960758987469
0.49102193619914120 0.48025511446670888
0.87562073319707845 0.72648058003191218
0.45444560415435126 0.59244090611568812
0.17662243958052545 0.34174177892230545
0.79734799352779517 0.63431957634342606
0.17807027529379335 0.69713165802677102
0.45458156018704898 0.61078664283737372
0.75716956307944994 0.41702631078998115
0.51688085287761543 0.16045644233945719
0.78631720563934648 0.21435510375266961
0.47924332519370783 0.22831922327783968
0.63345856595004213 0.15663868872447728
0.90767261544802680 0.45919466232253559
0.36701995267272669 0.12803344966178318
0.11613376875057704 0.56987327658670628
0.63690996566037639 0.16209893730219127
0.91787954964425655 0.33634210113137630
0.82681813970427587 0.72559201436374454
0.49964025919259475 0.07805303805591293
0.91692989558730031 0.61235685711984411
0.35967955500873511 0.66361534185582927
0.66024865154440493 0.38754989611856605
0.53105702932992283 0.14016340498477931
0.35318421614427004 0.13085372853798150
0.04222382798632979 0.38473548805265428
0.46248365116221318 0.77856961535332503
0.15059986967519917 0.38685917016180710
0.47096364114924089 0.43912366524157004
0.27397284621772422 0.64041535590911924
0.41325038876313042 0.09816582804141216
0.05052069520762262 0.57564139435104889
0.53978817388706279 0.38764154391359290
0.38848619712362070 0.96482068603037097
0.86387969288741828 0.54611061031245600
0.40181975798785918 0.91031844058031131
0.54699018705714808 0.91285068993320184
0.23939188596228847 0.32579930801388068
0.69224146505714079 0.10254250849855949
0.44665811304937908 0.59454422828523690
0.03118282680861252 0.71454708131835576
0.23134483746240320 0.89632845702861030
0.21399413588909619 0.28207572722326418
0.30993093136003302 0.67695416088521621
0.47288953659272265 0.13949831237846949
0.14678268830165148 0.36934694516421213
0.78986111274481763 0.15789630022621012
0.20635207463222457 0.66130012108610714
0.06866142957361558 0.30341885468959878
0.42564965586008618 0.75003144565661861
0.47596321622435472 0.23214296861374112
0.33686376376493482 0.49035933220542882
0.66910570084302012 0.92672045527380109
0.63472777040206174 0.28295253631208928
0.62572420364624937 0.22900013878035350
0.08508365357536059 0.34888185540979544
0.48077822974833151 0.09962665893713447
0.60600725539645373 0.90792585026615624
0.60339309453351331 0.23702939560669922
0.26962608113505665 0.82021077176419466
0.16180695739398035 0.47679618304040766
0.79403915009995729 0.22569960547722592
0.14907398883794773 0.63140831823677612
0.73088759859332209 0.73515741533557921
0.12356745673185272 0.26520793025408917
0.13741269333801273 0.44123506497111797
0.93482404381570738 0.43747008269537679
0.66595431271881789 0.32456528500527543
0.51887861404817626 0.35308403210994260
0.58453765487165898 0.30788580778870389
0.54229534144362623 0.76180372449245870
0.68241093546934772 0.53167505848979824
0.60742158306600569 0.46108386448280858
0.53975583266221572 0.51512823861816426
0.88115626427073290 0.23859520170178081
0.60179104339462575 0.38591692016841816
0.38099592456036258 0.29783413161500349
0.61512098614348820 0.73697786097750284
0.19287907634056525 0.37665883984326470
0.77984338089834093 0.55644544471415036
0.62412115535818291 0.89822453466529995
0.70955467238333969 0.05799430337183670
0.34721893624516575 0.89782251578697847
0.24815188536613453 0.78244681626194224
0.50436159207296893 0.85471813767377425
0.25434174629354811 0.40315285924764904
0.39485514121928855 0.73773008486558511
0.19758835166456981 0.50487280238496246
0.83742110098849665 0.35741112991768365
0.43256413625279594 0.67766346727608617
0.74890803452431443 0.69626737977725539
0.43857221338129615 0.88453559657203074
0.40885492905763138 0.09932393068114102
0.81804350241981727 0.22977905427123868
0.73244816319874795 0.42297099925785148
0.35408115007217156 0.81897221984183000
0.08721805352310143 0.61662669856143082
0.52684556099048063 0.64339403692239594
0.43791175655952730 0.11802081341151728
0.69686172212424968 0.91441981780399828
0.64849187629382876 0.50058039119827402
0.49434647656502445 0.51726064493251378
0.72067026473689999 0.52144095906597088
0.12995716090498402 0.59882774614323753
0.38342075905192730 0.87204873578664410
0.33820010170416637 0.24090013141146860
0.28069977175170724 0.58957475434192763
0.39260381292678759 0.60988490641209858
0.31182496092835205 0.64817552002195444
0.72043723704316742 0.77592128727316367
0.50949180735541943 0.72636074302495368
0.27725713017088610 0.70259952040438478
0.73318504118845162 0.37295992206168510
0.25206561817951800 0.74147703017008915
0.14081554921825706 0.70003131492359727
0.14877597223749492 0.63744512310290535
0.90016354136340848 0.36323428977832295
0.56677294416636914 0.30932125344624073
0.08449827939920959 0.33500639191155807
0.47523940415483590 0.18242274776102813
0.66768461384507416 0.69765193316239060
0.44699148708089348 0.37392668831133496
0.50117118528770499 0.72378610669587340
0.70486597594108502 0.78120635537573724
0.11498547242684279 0.76130613949226322
0.18147302080277081 0.13663787383827350
0.22880315450128375 0.88899073762599323
0.34489921180339272 0.80960102191239214
0.01447836273370010 0.41796220471236323
0.70607990022118061 0.81883087641760288
0.24304163157365616 0.68336849962583979
0.31506416752301375 0.43685020049700923
0.59144683015589328 0.05866338850628631
0.36478513787604921 0.33579741599331425
0.20616221730473813 0.78796638471281621
0.06608141264731202 0.54013878993713416
0.65204872579480089 0.04370752263044714
0.25000912800603209 0.48951219397292145
0.17103035542060252 0.33414801551382017
0.04467055368442668 0.69856842082704718
0.94406273545509822 0.47179436218378951
0.35511817562051790 0.41075328958212121
0.23245192014544508 0.70239554409879335
0.67570257168199632 0.21970026740447424
0.39004900318163260 0.61981940068833152
0.83903178840939641 0.49876460821840940
0.09929183953718825 0.60004824511325494
0.26715024447907793 0.93334645802762906
0.49845947354704817 0.14467780292870960
0.39109678778912449 0.42282833806587772
0.51692676633069934 0.19857455921782419
0.71346607263154027 0.37260779386915160
0.40425243944278283 0.08777851311542778
0.83689372885771007 0.53818966001138602
0.43777941271854037 0.30419317056863437
0.33648351896979195 0.15000588644303484
0.65449273068219138 0.14644048768657769
0.06757490232441067 0.54526979905648565
0.86520369774339811 0.74342925971249807
0.91485730874008753 0.26994124868974245
0.42770245362937676 0.91566642814943355
0.72828181267593251 0.21202586178406294
0.81200049000532448 0.33446081642771369
0.89953688670442988 0.44083895964183184
0.72679840059997491 0.17560517151337299
0.06340958718869241 0.62815801518313652
0.41614615478637307 0.81040713866147307
0.64816178587726769 0.07688533654669469
0.07281500658330707 0.41153464135138140
0.75606692597685565 0.26609058799732371
0.92340506400515543 0.64637255560337381
0.29355222112198148 0.53283139217962949
0.38699117884956014 0.92222964180714473
0.59037767754233317 0.31338605128022812
0.53196576681491359 0.07299956134753045
0.19575387509220726 0.72609813575113991
0.62009277597423895 0.14038394095652396
0.36305533689351976 0.48982873873337873
0.22504408919929209 0.68194845144017813
0.41281270574004880 0.14154784327176145
0.41314098724905435 0.11554368822109487
0.34227719607489471 0.48023904028104364
0.72911075428813688 0.75660888596695131
0.86247411735185020 0.30211602223893708
0.59276039051763152 0.71051195458372440
0.77223364503175984 0.26620458229263771
0.52434988127618243 0.82566846667284644
0.26156632187355316 0.57144367795047069
0.51915855132519562 0.51116815273474692
0.38000963712514946 0.70069270899037828
0.29424675928237981 0.73439100684056302
0.58053928531788979 0.29268484433897368
0.11138421758487597 0.49964538888209137
0.10829655598391071 0.27302853577955599
0.84369812816919310 0.18841049170269467
0.78330558228017810 0.33233084495172893
0.32552942998402951 0.48783908309730600
0.52379676287041388 0.80441743267606469
0.37490464500947474 0.78236439637437238
0.48216578046371478 0.16923267373162537
0.24621863924107343 0.60069539191282317
0.38266130996669145 0.77603997208514686
0.85353399021246612 0.26931494649020876
0.58896979385482551 0.80849139460470720
0.10393675809222955 0.22859371590430488
0.50618763831666347 0.38181839781524635
0.50485463661898955 0.51841309047318895
0.56111393578317625 0.50256737801089790
0.49101589066701490 0.10478150225071529
0.83519099992429502 0.31655728109247439
0.29772118529948388 0.74467687818953998
0.14106579450441209 0.30179744781310991
0.05895682494223377 0.60025442833013920
0.13892791191865905 0.78093827576237740
0.58209748299817488 0.36612182139945521
0.64375306114697894 0.07986982612946514
0.24038302392774161 0.25125874836071971
0.75626381509894458 0.69805339630280328
0.92305197416312479 0.42393520813315599
0.37944308132543936 0.09323310349616255
0.13085854582502776 0.63443352750124360
0.22177306024370361 0.44938851734688934
0.32447170988811380 0.16772489996895443
0.57082717870849575 0.44198197751951285
0.13257127235093463 0.28634110191910539
0.39633868567174213 0.81823231566530485
0.69338618648115458 0.78061763549345908
0.59343389715789163 0.89578739893373382
0.59643716906396760 0.04921337796442371
0.89382570976319831 0.39221524874187352
0.37330550944772156 0.38684092900145123
0.29060288404809348 0.55770448609655698
0.43687585165702841 0.33286270469334883
0.71758038749613440 0.26650401631971365
0.80627729973039453 0.24369054159766373
0.58667120373646398 0.20731240622369690
0.44904045780154422 0.25221027073936042
0.53357121979763766 0.44767757394208113
0.59558375033598854 0.23267755618365193
0.60382048862820514 0.67114339257330768
0.19468112546376282 0.23176740663466849
0.24760007003278034 0.79937528026460014
0.40156166951271677 0.30385389328874529
0.75501686236323773 0.57069376842870878
0.47746868223347422 0.46218992325807168
0.82224183080505031 0.62054785763311104
0.42848015739647172 0.84392126413576474
0.48714030487544768 0.99050688029174705
0.18620666590090956 0.26110246537686682
0.40806006331580974 0.76919218740639983
0.90444669051490523 0.60655983823418602
0.60498861621284061 0.42241980814578900
0.26208670525004163 0.49747000294290988
0.77025806843986588 0.55918009105987077
0.81802208851103497 0.20960292004932196
0.21069925933665365 0.61164030643091227
0.81945622945613306 0.22356602802574554
0.44770109975421496 0.03216075241296094
0.49637145513696840 0.29236868742694766
0.76265920998435366 0.77522003941388951
0.06945302306927463 0.66265384557182982
0.09417508938691727 0.60130602984045523
0.86427701847960481 0.72500151014455594
0.71128342649734289 0.70462034935469653
0.75150161403653148 0.41960097308624883
0.30068810463846762 0.13949525054207826
0.59628086528936808 0.05418417756316574
0.52982423781773058 0.42120890307001735
0.59941698310171398 0.47972721928391071
0.23139592432552833 0.36808129875144224
0.15108882241863020 0.78909520564759650
0.33008622675549149 0.50814391017516269
0.62656476003759098 0.09390923107722328
0.71179755471810968 0.50181782136042397
0.42238600953928285 0.20608805279218628
0.45946720748914816 0.70185258523127236
0.62722945678905362 0.91817010723028281
0.63546556381920682 0.06933580984289629
0.73739685839129943 0.44184854885359159
0.26875736171493064 0.87195431151726532
0.15072471564937134 0.19409551571385264
0.80086033741837470 0.51795834763294857
0.88168727458839102 0.26076800950863377
0.19033345358590720 0.18709841730536331
0.51042590644367480 0.63985174183196580
0.33647865149573286 0.83826319434761754
0.77471910022318724 0.70894562897870994
0.42735546731420904 0.84804800834182892
0.63668277515756244 0.41537491182818581
0.77177062704416188 0.67418022558885460
0.15607615421568541 0.40599583101856224
0.78763779545399870 0.72108982010880784
0.90132822622263664 0.43086585588031184
0.89786154691155118 0.38963093562770634
0.54915945862177795 0.06599067062575960
0.08316911994888376 0.25379801197481505
0.64587468212767407 0.91643391175133160
0.34245935575967934 0.77511618458278664
0.56122716154057462 0.11219469607760965
0.67855527958594830 0.12400253035201952
0.63511229449138462 0.74457313639874623
0.16862797171362978 0.55524970832568987
0.56887618173011290 0.38367530069953065
0.69532200903673946 0.34048280742893533
0.84341552380409990 0.36771042097459783
0.65950381774862910 0.53003039907160721
0.13915989009385546 0.32675276914590190
0.59100812690789251 0.14298736442616086
0.46768247203905983 0.29146170826845930
0.51253382440857997 0.34762057858296930
0.12120885269131518 0.78392674111629357
0.20062424525205699 0.33792173422260469
0.65912570357489120 0.93449444841511009
0.49260630463742261 0.28136870372508865
0.17480552602630273 0.78354718229312204
0.25939751296741226 0.40739771284019000
0.22440226127107576 0.25792580424930484
0.64142425139069192 0.26172484209315833
0.64060900371527385 0.11799276625395808
0.07310111648774255 0.55521336062374116
0.60842142291428747 0.68726724366929048
0.10319679274080046 0.27414618677200542
0.81250568510611265 0.62773079721905434
0.46765436152321133 0.92383340347658249
0.79564998926856512 0.24383282487514663
0.23219573011718894 0.45397619888137541
0.11996402843194864 0.82708509906177607
0.40534943973278137 0.93100539212832556
0.51211670578822077 0.53825336858960282
0.51819870365080090 0.70534330269630852
0.67812627329039532 0.29934721092200778
0.54213343445101703 0.81073587518354984
0.24269049864636033 0.79758805017749657
0.47876258766366708 0.21378975754856341
0.06850254655796069 0.66792855888467673
0.65535218885742930 0.44311062337607671
0.65271532753802264 0.80972181367690432
0.11789911236090037 0.30305773108239303
0.50292761830754995 0.61462209710283122
0.48893168549834676 0.17508234904497527
0.02074940678420837 0.41714367527952806
0.51574391912262518 0.05085515189481031
0.38419518599363256 0.80540739750227064
0.85697034633195357 0.61302821163385413
0.60592853299660299 0.36112726325127953
0.26275167062070215 0.46929796997321277
0.43318351033432168 0.91440551865896047
0.78131115023918962 0.49507538845346599
0.45727923996583780 0.74326060835481045
0.47244464867961261 0.04336233589495270
0.85566678840967358 0.49435360527369604
0.39936686538184818 0.09540975060324422
0.30966034169061840 0.90754197956551952
0.77022176130411457 0.86056467906256451
0.46514218952555192 0.39265564435091194
0.32759928021211038 0.09491850569301465
0.71545120954668828 0.89182122391472385
0.58578300084384549 0.29488059257311255
0.20090608004536439 0.43377007942403789
0.27566254237681187 0.78718029681749935
0.41769015178568963 0.15724781417269915
0.12513362033993686 0.33173844935844027
0.09517668862431185 0.56980300395739314
0.26455866660176797 0.63401540401933765
0.37545560483913115 0.11983981906664923
0.09620902956948807 0.70038411496801167
0.45239011105959975 0.25097948758082039
0.13967301322363659 0.59156010265129733
0.47034983173125255 0.50020020420336775
0.46063498952072274 0.35265668116552890
0.50227089435361860 0.72816968949654448
0.75444320070175697 0.53652333614224490
0.06544084444545570 0.49637116900340911
0.48813668340786087 0.20330725126517318
0.40550964202095013 0.49670611459486841
0.84481571807125078 0.40353028075751574
0.43013478762954110 0.37550560554632906
0.48447804376635351 0.38808625568884886
0.47482553895046159 0.54192283327111124
0.67289998497774350 0.16782616690073185
0.19353411331755599 0.85212184557182724
0.14733904945000004 0.35784749415372608
0.36445750190969228 0.13538220310990709
0.78474587656697625 0.44935463341320087
0.19247227060672781 0.64350965719650621
0.63853457357529264 0.08863184916162258
0.70634651113794811 0.72688095815302400
0.70151087759505504 0.14483584176840017
0.28449456732360157 0.64790302836966152
0.23954353889854618 0.81833501516876539
0.65168229297132585 0.63264747336090521
0.61268758377484167 0.69092781398687853
0.58031437918010143 0.85383624097626998
0.84095367006729971 0.50400832466724743
0.88370080037609544 0.66965385566142810
0.82810108455591613 0.18424761972208556
0.27485214497430155 0.93105540480989679
0.50304548933332915 0.22547648403356610
0.67843041023196549 0.57564724655970301
0.68500706942604195 0.88339375614762394
0.86719848944170641 0.62524036075715428
0.77606971988106599 0.42453812252821832
0.46478445448055716 0.11496982226125971
0.91356693017137558 0.32729667457377065
0.08448579914079647 0.55783438712399591
0.39172534654783625 0.73987195126538041
0.89257923922848503 0.24997793269834617
0.33316398312739309 0.41361037368234038
0.48493108116388844 0.52158446397064995
0.55873506240439152 0.33016938789562739
0.15368671658025571 0.58237603461959830
0.19447459157874072 0.34744850438747871
0.57197360153380672 0.74744693203813428
0.23853715311622237 0.64540968876768789
0.56324058548659461 0.71660196679202182
0.44545850897321621 0.60198354396399645
0.58320920016890887 0.37133774762271449
0.59235803067023218 0.43440223182867943
0.79690173187730151 0.58146705365505580
0.49358408478519783 0.85320378654070728
0.89627909926730986 0.28528719838015032
0.73859450482745004 0.59703037037870021
0.51974419678545192 0.47260090650667264
0.29803033785167116 0.28024475753467371
0.64348538575926351 0.39182841595915052
0.15745753373105012 0.76479831610384286
0.64085771359428123 0.26758320162002741
0.17713772116601953 0.66147455263899602
0.33051854692688504 0.33750235702993908
0.48864595458179694 0.30963295001618657
0.50976775582973755 0.13998147721529741
0.61325184944453770 0.46638490956420980
0.75991542184507055 0.14121026985218152
0.24589504859545372 0.44115844487290340
0.41379691814742031 0.43614419720664438
0.32567399486333043 0.27404928690109920
0.54769320168183666 0.96085577073801642
0.48075219452286139 0.15132639956085461
0.50293881373507132 0.64127018819659065
0.11093722572334906 0.68878157698606590
0.72080124582935878 0.73292886346045716
0.58133581718393479 0.59523012692008581
0.13783057931163026 0.21396919730606861
0.78566783077199476 0.12228303274572240
0.41835456610661204 0.09124976590248979
0.77544695287924970 0.25722147801364759
0.04229072298740311 0.54279171456721931
0.90398802868112615 0.55352892458053304
0.53086102994393514 0.25978484338395502
0.66311210077251836 0.89294824558944996
0.03462389978351741 0.45225203867181385
0.24439649273029151 0.64787298038924379
0.03436422857460118 0.51566632290555758
0.58788806008887950 0.87994131783926410
0.04504669208004539 0.66340152641731376
0.76686166117033638 0.69851726911620982
0.64975342661209856 0.88076285187858727
0.50945066524599003 0.02734342349210262
0.79781895844950823 0.50696555782289876
0.16363217391594620 0.33275060526963679
0.64747000743594341 0.82051817228381208
0.58060656000843280 0.20407816449097185
0.49084342273347487 0.12037656760316906
0.36096802715376330 0.60559589073909592
0.61207777089333104 0.57517951607325635
0.64204442941295903 0.91338567540220961
0.69386126171165752 0.87735494263949620
0.63166140234080914 0.03836903334425844
0.54596580057200061 0.76834292017409078
0.47662755352154246 0.15703734117959789
0.91679574994329416 0.43856206831022782
0.63848696108165892 0.12996184314002202
0.87636396449360987 0.69190193536210931
0.44282745294711184 0.10629148989034189
0.27778739723924700 0.35626406643337538
0.26426263570170189 0.88274234180643796
0.53087496268529721 0.43889692765294464
0.52769169770486257 0.93554281555886232
0.48152924223826449 0.11518507397797863
0.77793129304853503 0.54612169650135667
0.72359943889539136 0.17264185236949850
0.43049384896109871 0.81981429043865084
0.67304155100435259 0.09940307959789894
0.64970724167140392 0.36989357704637149
0.38739954206229293 0.42138225106363919
0.03925677370592025 0.44071416803920854
0.33404682389677859 0.73764069103023222
0.48437244116158712 0.10222987381533963
0.27081306737529426 0.12116857105670230
0.84006847854793132 0.25678868273279742
0.22955927864959769 0.56746253281354841
0.46181265708604291 0.56683416847181578
0.39906793749826069 0.38958638080241970
0.03627578457329652 0.65382092491945121
0.81192444922143014 0.26213076273162361
0.23725573959009474 0.37506505043217153
0.81804167887798485 0.72482783808404860
0.80325199113513723 0.54702504916965344
0.69752400180922780 0.88793478432047745
0.86265870234876219 0.62283766503716465
0.21369325343578202 0.28661806958979191
0.07816953453465454 0.25648994850116741
0.51659847413063709 0.32017042390419465
0.58544753704553587 0.33430686636080276
0.50668996129905641 0.50432221723949033
0.22705243442861400 0.44309250248127541
0.26984597483879963 0.29665923405158845
0.77771490997471460 0.67809192685492481
0.76732156846233479 0.70835050734303129
0.76201208092325312 0.57242984668984964
0.39820448611294978 0.87142849087152863
0.88681890159867183 0.30401056802055043
0.45197864124346526 0.57544675169937032
0.68139215286900889 0.77825959485505403
0.86753056748622837 0.68319241264799124
0.51086752347022224 0.89568825651246309
0.09384859044281949 0.73510880030706194
0.36963543480423250 0.60681916132200531
0.47978769689658551 0.49327306501762935
0.32124078999829170 0.56428469060585207
0.40735796246641848 0.11269684161797770
0.23499184972325227 0.53208925582653377
0.50240710213543549 0.82027052994409466
0.33212448091076446 0.77091796919346933
0.31252474121094659 0.71536432150821649
0.22660989823087857 0.16783599272991009
0.64692289837219386 0.08831042792150152
0.34027850208708538 0.93499084394527732
0.35480707878288920 0.14282839287030527
0.23891231051701381 0.79141624063908855
0.51509043943977395 0.52173388152578670
0.20735581685671273 0.30057023087508389
0.65566182243961058 0.79518828619470183
0.81723395002642973 0.33946041143841760
0.40068622564274547 0.48152609037694372
0.33135904620571793 0.23432414411815677
0.37612666674266615 0.02482509957361025
0.12944087058829887 0.28928575587238253
0.76039408701264866 0.85341003552557004
0.50736016157770225 0.06735296619350180
0.54896219903790000 0.36133178888099904
0.50272492029376514 0.65269570890397333
0.47177027169109281 0.53495827138992325
0.27778301292900953 0.10765408251900720
0.21451229725245735 0.78101970563329315
0.07633252125925157 0.57533304297153620
0.75342624154039695 0.28020664803074136
0.49154766097462910 0.91257217214750752
0.73201295087537754 0.10985712547481014
0.23660644197058434 0.85624931153367134
0.75699430248121335 0.79247314967867444
0.48295159141098448 0.97074161373004264
0.07254084737309600 0.67668933704202017
0.87904928872152033 0.36143537497205225
0.88984474788615386 0.59131793791736875
0.84555022081692743 0.57726418992820294
0.57095948637679383 0.29604779281359250
0.46177705849584250 0.14788771973273684
0.27042120301131262 0.61479093397569273
0.35898611307559203 0.68402015025238783
0.40096149586898616 0.96451031975083268
0.46207051248812009 0.44052774603376871
0.21642292268196867 0.57191790465523518
0.79751482812681440 0.73804462591822151
0.50525292905892172 0.87237443687052796
0.38877239785578571 0.10884281719302714
0.07703242892712860 0.54021480353441387
0.85994949727070946 0.51170337866933713
0.67619241385239715 0.63299309440829998
0.29028551504174993 0.83941007135514722
0.73666970262349241 0.27431228066098096
0.48869015913479974 0.69145570799472389
0.29686286582749433 0.44014351211164526
0.73414251656884078 0.63728542469897542
0.86512913809395986 0.31755452057456857
0.34175598592963258 0.60693196992540344
0.43643850648274862 0.26870378493844777
0.59587179390179745 0.67730712255792780
0.57810652037168675 0.82695931340312567
0.51153322790280265 0.11179951239621712
0.51812912948980694 0.36624614471964001
0.80377327696239809 0.72089831257387260
0.36669512093739348 0.61027386102684744
0.27100262391699242 0.85002172719018187
0.39711239508186341 0.58571247897874668
0.67815013524181500 0.51858811881803302
0.89752061630179480 0.44490113272870824
0.64592029793416639 0.86552981061793277
0.06569387621862334 0.68296263780975330
0.30468177315916356 0.65464735245078942
0.59810620325919317 0.36968356575177130
0.32857216186785265 0.14372899771186876
0.08001187743328872 0.37905982732627402
0.19912248284340317 0.58728429002281191
0.74654279647496036 0.64284934774579305
0.56848954079307046 0.60870551731744049
0.36241771307946996 0.86283288070506448
0.62003152258251215 0.26734469444067682
0.42587289171750031 0.60670857341567219
0.61818348018233771 0.39286333057692385
0.19449308943618335 0.22028720687053480
0.34143349932156247 0.07793276579251270
0.80149558537704046 0.84408111591021528
0.56990116204577068 0.79576237018432261
0.40248806362730244 0.04916573614911978
0.22269126628182198 0.16379428009505803
0.56359426339577745 0.58890813030529165
0.12827061054250771 0.78575226450687852
0.49182811885085143 0.08842794005375583
0.57812791798573149 0.36827630588854576
0.35474627628170063 0.43029111890421579
0.31746689481818025 0.34521360335136059
0.41252157771432829 0.54455201188463387
0.27077866844656934 0.60885838927045788
0.66220414030474994 0.62803126063802228
0.62513964345574369 0.46455076713802995
0.06284027577862601 0.40551518867957564
0.89057979800475551 0.65597420487599867
0.59279924110882198 0.68041874710720929
0.43794227883006187 0.77499573374992470
0.19496502973621024 0.82723620484974947
0.43313715214280568 0.08036509462742225
0.23157957078994254 0.57303145496811647
0.07661089789985141 0.41686290168240875
0.09639446500549619 0.68627477881130827
0.15271955206083543 0.45378990253624885
0.83093638604705522 0.50170990214932598
0.34083044669812623 0.07172695084455760
0.62992741764155891 0.34366978358599493
0.62657208169700707 0.14060642979885662
0.82371706157631874 0.70247706069336646
0.26606889098254316 0.79159195740441668
0.86046722570205114 0.22549304732721603
0.84953272890727893 0.34627707370184246
0.53189019172582386 0.62196260813573101
0.36167614743322613 0.16294840035018357
0.56912308851446014 0.13690118009881042
0.22665267745379100 0.70202884360043827
0.58786941821302607 0.48152990775721299
0.51999052308361737 0.90192187690518910
0.27801726551290812 0.58026769382762267
0.29282971023156412 0.44320666340527970
0.44268622165614796 0.46367204759359437
0.62265329356237265 0.61084753267356295
0.29123665150946615 0.44846630648919322
0.88442487265338399 0.38463696421746846
0.46231550680398936 0.63795981194041684
0.51436921046421080 0.89082173709874346
0.05585872504447604 0.62971468530330044
0.10022586186740304 0.59536145780198135
0.47078899580640415 0.10932191240504749
0.52254271829796339 0.48939969181839921
0.17797840450971733 0.38973922723712884
0.22532817743130895 0.87572657338871662
0.55689890494638283 0.19059122719859894
0.55887043393201030 0.27439453111666467
0.65408870643943928 0.48360404101418986
0.04873161751051600 0.36058871910349960
0.68404402044481183 0.42104637953340940
0.21781282227320228 0.65602305290594332
0.45358879294597887 0.91216686196938956
0.31977817848011458 0.92178514606524298
0.31736250811858485 0.62860169175683211
0.78378931637203431 0.73337875998614732
0.50881512625362979 0.49177967723313859
0.25611708682255596 0.92034612252749992
0.13886449398662301 0.25438892683495240
0.12353199739230906 0.58090595128773770
0.24194392948785734 0.88603062862049153
0.52896339559398653 0.81645727184429662
0.03150807031730660 0.51190836441862431
0.67010146419745131 0.63025148134626441
0.64214446436194705 0.71207067220688736
0.22882074817443640 0.58173698127669271
0.66925097422008950 0.09697168913388500
0.30190878675015320 0.28690222290556328
0.33357618062544092 0.25963163608713113
0.29828516428206481 0.13517696070518062
0.07613173630818541 0.59524650501395959
0.85220711009306593 0.75298802271452914
0.63661283029915305 0.90780495399894001
0.72816222283743315 0.22660345481705726
0.43414794115369715 0.75901701043559078
0.79985027195576019 0.53703784958347467
0.76300420573306726 0.39146969382108576
0.37359681672393613 0.09566648162118806
0.85332634423205500 0.49966270540356933
0.11536157146133436 0.29740062554039814
0.39728111288313728 0.18741142792976320
0.19378888004059591 0.23677825771862374
0.63901076601866291 0.37718909662236805
0.07503477299239901 0.60388210752996008
0.77154782954035428 0.14189920266876241
0.08877433653662573 0.32385238189339455
0.57353635124756208 0.05045272906819129
0.57856855581660449 0.25924930864454854
0.15011803038494698 0.56563556583332453
0.28472156347873395 0.50310270947503877
0.40519941619411537 0.34170357996178186
0.21833630992213923 0.17873969614348961
0.84509569081532621 0.39807264305764040
0.40382591439176962 0.91530065120258675
0.66986296535796408 0.21105441902170874
0.23799951417970039 0.50363076684308472
0.67974399490094839 0.58833001533934959
0.65584414761083865 0.88833947169576810
0.48902124412300957 0.68704288710486539
0.20617136340546002 0.16557725838824833
0.65342670619575560 0.87232128067725612
0.31711178548281099 0.61772717321017290
0.14787396653684032 0.31698560096127093
0.24962337949175084 0.15899538208247316
0.40641863657589761 0.67671677055999080
0.35205062496607864 0.07133387606566502
0.33185625781144357 0.59389113830824425
0.56766358113759785 0.07511926398619495
0.36794943396437196 0.67519841138558123
0.19293551151847274 0.28358195309340345
0.04315046857979444 0.40166825465163614
0.78931583093483848 0.35234031400399834
0.49154993703425959 0.26828203322772148
0.34799428630645068 0.44974166002275878
0.48327159731932828 0.87705118820070893
0.10122278466745614 0.70422288639113184
0.12920871244558438 0.31754269289253267
0.09679103439147402 0.42625755134462850
0.05021218089716583 0.41706793776531020
0.88628851250135943 0.33966465991701023
0.18581534475091152 0.39705951494051150
0.41576990068025099 0.82918107435580268
0.78548240241816725 0.66247213515193326
0.69761397012046278 0.77725816288013816
0.81791466452523742 0.48171063294966981
0.29814159173335159 0.89078011072752039
0.49268531860236159 0.53961756685102280
0.44394595487484567 0.36641425171890524
0.88388354371281219 0.45845907170805439
0.30724782283728375 0.17360439458100579
0.57300543532387727 0.36074231370232646
0.21175876635439453 0.61899343931827677
0.55531418379214748 0.90664189660092065
0.02100530977204705 0.63603146964986035
0.39253225425829585 0.91776016936593274
0.51155368167858706 0.71287674975403537
0.35927226272839036 0.34420230711860439
0.39212469464214295 0.10388324454435474
0.21083849320780873 0.52257050147518014
0.71077298788051591 0.77395600876084214
0.52604063079166474 0.19147702673425768
0.21398019907553475 0.67103852311080969
0.17421662393950485 0.25301906002831365
0.91159288323324728 0.55627944125901685
0.60521727898135880 0.16297403473567090
0.50256019097417737 0.14409541387058947
0.60308095833583342 0.14518826080349992
0.89211421568442917 0.47102455982450780
0.77470336847045163 0.22997217186509261
0.22416567771823731 0.23043887270742663
0.30373672897551357 0.60655822699705630
0.72570527630713622 0.64576508554663647
0.58305466223154079 0.88919636441858507
0.88680935077505429 0.33492595864239638
0.56614922904012333 0.83998724167912331
0.54144261813245975 0.42412808499611726
0.31750133966579586 0.88770423770013196
0.17194210774583962 0.43743696765074247
0.15144799498970418 0.56011729876280691
0.16014923482587062 0.65016845470705897
0.53136302717958706 0.78024038814082830
0.83325628953626174 0.30696215274001470
0.80572760686964939 0.77407764236342258
0.81546700689301943 0.23727369509236010
0.62186784334938616 0.25911118013439283
0.19069378608140147 0.82602984305761940
0.68242570781898182 0.82338302283750275
0.17636329182507238 0.77658445757568362
0.47513431917083809 0.49870668063791823
0.43942107033949335 0.28694802625104471
0.09648203522861822 0.68150111620300879
0.33350580555779935 0.08655541664614363
0.81037509706210387 0.47750391612184778
0.20545476115540340 0.16106015648117869
0.67955200096604729 0.15688898883427554
0.53067980582535546 0.10978480379947313
0.69276530898419408 0.60514139394984046
0.42027976533999623 0.34728993054955359
0.67048803790797451 0.13673092397559716
0.11102663395604483 0.39167068898405971
0.43458261320431385 0.13495233316879335
0.28091462023442915 0.59487830820644660
0.60463538936248862 0.34072301819954809
0.59261161351107938 0.76300991975590637
0.66750146232662089 0.05665784918045887
0.37455547546680884 0.48468840704763794
0.32360582409253275 0.37269679256216481
0.19335395897614654 0.31497081035832558
0.34198825396664145 0.33927715071816000
0.09480328368910168 0.74024061811407449
0.59762471097719438 0.14688017789768537
0.84997608315677442 0.50381370263943004
0.87388128997465575 0.46599117659971445
0.07857879808327890 0.31790437222435103
0.63160590780862913 0.83521592662506383
0.39463179676233384 0.35266392088583381
0.14303823578165975 0.25662939987129213
0.24323264174430531 0.84599602847599698
0.27696688417234416 0.59282318632875397
0.89201626029502068 0.51858048742149321
0.26030093703731877 0.72047100171707568
0.16072585245309334 0.50498616642561456
0.02441217245202875 0.54377798118160836
0.02865776999603633 0.44250306227987191
0.09778251039992529 0.22235823411760200
0.48335222279771733 0.63817325321849039
0.13182945645996089 0.42381079133586075
0.34541261548269508 0.96850610588918418
0.51434358763578092 0.81725468479836261
0.07911499853987965 0.31387055318123447
0.69449027009136877 0.48776880058559469
0.21772243416290576 0.22842825984006310
0.06917786492976760 0.71517322665578054
0.16938663472610052 0.84039813599627988
0.57460925200240942 0.73507909891904377
0.34278034396696444 0.42660753034493964
0.67192229631285827 0.06429168710839081
0.70625937825026286 0.48931714362175383
0.45403039954737612 0.59909146767893562
0.14610772885668571 0.42866084913092467
0.19258913320603827 0.19237728833379084
0.24854975249238301 0.12357706360101745
0.73005158935228520 0.59006177214654576
0.30286915553194349 0.13327767979373251
0.47708792494393487 0.79895294477439149
0.56318256038571279 0.62161540163875528
0.57392584527116319 0.07205056276667818
0.69024116373443656 0.88314809586965592
0.66097908123655691 0.86924048052216274
0.27511132817998418 0.89866917836064208
0.88143110930302371 0.33439253191649282
0.50363128908614552 0.33131704992958616
0.51573748913693485 0.31547358389612401
0.53181707139791190 0.10577185683311750
0.76563951471609071 0.64766356510802559
0.83415611134817624 0.72511383913185457
0.49248163850509108 0.11062554079538786
0.08222137354801683 0.32349688193628068
0.33736998104320931 0.12551525758757115
0.77643576076397902 0.36021619717046044
0.37948075020450711 0.03450574497123690
0.23022336841748933 0.83118211992707791
0.58982326248322092 0.43044146064836475
0.04704912732056902 0.33706569047306828
0.59851237221948717 0.35409715871829311
0.04200998399286678 0.63622694448340367
0.36753156620067423 0.48821992699970018
0.58167556178657032 0.89963539858138986
0.76402662179650038 0.49486206136701610
0.24360812120073647 0.92462135439982729
0.31604952737299435 0.45235947195207582
0.56027983522237101 0.32004058417648867
0.39518850449921089 0.59063815462709190
0.08465309450293983 0.72258817394204899
0.44849441817756452 0.07528353248119561
0.73140613696177037 0.17163143511879131
0.40266024940158884 0.62500409927570300
0.60240315881840523 0.93019732841756697
0.60223922193023505 0.05632195986587917
0.40278489998313743 0.31812185108040397
0.64887631034248350 0.49188263681914945
0.85787155123176095 0.25253824138374886
0.63994511700468382 0.30658311716076320
0.12194471284869313 0.35787558347653736
0.88888618129598640 0.39055308263547028
0.70405281851320300 0.19763052304384562
0.06152597897978879 0.64589473654173923
0.58823638890020180 0.16367155442326758
0.56850390774401216 0.71004764781638852
0.19692797887035554 0.42747138932711609
0.60243156050070934 0.64934401057766111
0.82908917885037658 0.36224678535785665
0.74281244366550081 0.57760518418541351
0.18435881666837917 0.75437856771379042
0.39179026703682107 0.42640182885533656
0.45690289425578973 0.36710976747744778
0.12779515699796687 0.28134277959372928
0.46926970934813372 0.88357281980608138
0.33066758557449943 0.09814335669100720
0.75844463282636343 0.09295191639562785
0.49003724747711813 0.52835555462490080
0.87952081241296276 0.25389885716747596
0.42188457237486165 0.42061846716164242
0.43505082648993376 0.86101560717907932
0.47894781095293176 0.06770995187933096
0.73730797180374685 0.46260409215597337
0.49333734563088216 0.76006175686012301
0.23446932960708222 0.21603727400309494
0.50759950970567558 0.75028799294206683
0.08759633541468928 0.41104030726024549
0.63275156393737875 0.39033920457941179
0.31860577505191939 0.42715218903742125
0.08260019482286844 0.60358056020319839
0.73244605567143861 0.50352821642744527
0.03266762451218841 0.44430291368614522
0.85053272879842667 0.36877179607712446
0.57590722551447104 0.35573526752404389
0.27194157362895083 0.75808307055354984
0.35981163891817375 0.12254773755886647
0.02637803153220837 0.71075459871408619
0.67062217577671124 0.14135819752582773
0.15880623892792797 0.83114688665670244
0.38658355878786749 0.53852475991738535
0.37273614172932878 0.11383703115776436
0.70370753448679291 0.13495563895890550
0.80747294935907588 0.58576112692607918
0.51486807025274217 0.12042561266926496
0.58378663320907531 0.31280000085646575
0.66417443194605630 0.67662508054621151
0.31310838592937251 0.54141537945804719
0.72154211847591776 0.68509298270708108
0.30264895418054016 0.50486733283650731
0.37259407090789037 0.79381843994079138
0.72274277283983412 0.21559453183559654
0.33476498212249506 0.48649450223611174
0.76604809631822757 0.29797928547333508
0.64950962255532885 0.18871715385059540
0.46463088716354756 0.98021301218514234
0.28366660836228547 0.37479475246867072
0.20423773996302924 0.38958613878345916
0.43026230042376451 0.87338026350783615
0.29643647268109824 0.22458200511627002
0.60622871844841253 0.68064154429307644
0.73671491943609968 0.76268950313359340
0.29260184564713182 0.23275817435186971
0.62242045995400386 0.18729422072520271
0.17109813646681515 0.84440314806570949
0.03441440906715900 0.49221562888670306
0.72087814051351695 0.88597029193468735
0.70062083499818328 0.87175675398656438
0.52574180145126825 0.47598298044940918
0.39593763352915146 0.46399799535587760
0.36024850567591860 0.54499140373015165
0.69163874152012261 0.23853027965633256
0.51577020319872324 0.60415404605456358
0.43519502051363179 0.62934180975025289
0.88520803297038053 0.42245908042319624
0.46850967958412015 0.50527713340991987
0.52646869789348116 0.24387510535280088
0.09044933383288878 0.28179605541185737
0.50108240619759681 0.63386663769992824
0.51259765054114537 0.51004892232033394
0.58788808966125472 0.75845150999012256
0.49721337558977780 0.52974812750326428
0.65597825353545125 0.23661798751514684
0.80915285625341848 0.73123706527398802
0.56690465282721725 0.08134551840742985
0.61125648652620213 0.72151890568791444
0.13278856318255661 0.50548203357421584
0.18168302834349831 0.34727560805776148
0.17609659540564196 0.35009533429519135
0.73771668523025202 0.31431151895407144
0.16943315903382261 0.34907092236546977
0.33510426009193289 0.47992414998533878
0.39856084665936686 0.31486997296892227
0.76123598276134252 0.42261374143138081
0.34245819170680242 0.80176693497890350
0.36338607838417591 0.42744323120112948
0.18550363187618499 0.24019235479221326
0.28350225511530769 0.35252665632413793
0.46386468166969563 0.06790815912852957
0.82246307229066917 0.72410952516146565
0.63389976967609274 0.21588217362400189
0.69220921328825624 0.87395926793696810
0.69614189382530423 0.55979297110932102
0.21823756081244622 0.91371089087492641
0.77031651303243165 0.50996717453777618
0.53192630832579135 0.89737906006635593
0.85739977575683790 0.58630149204644910
0.12955779443016782 0.34596131918579270
0.62682520209962023 0.37898212200887005
0.87266785778644584 0.39728001131070201
0.05666755774897153 0.65679676800058151
0.03535922141744489 0.54590828679571646
0.83913048416070501 0.53332712386418457
0.65438588080132432 0.27529495927663189
0.82197073729956971 0.77822909077924796
0.78647640150080933 0.15923902231495610
0.41982290864043265 0.13096825659038541
0.03416782916682848 0.43950855995854482
0.65920947470390934 0.25991896470061354
0.50070795428554515 0.05665694478871674
0.45143215190682157 0.74112907412202256
0.89549212819364854 0.50533353437667139
0.29525022273192142 0.52010087072502875
0.76374623614985826 0.17557694330944723
0.21710676943791921 0.30875899728934891
0.90897495849248400 0.45548084819044987
0.42491879601375748 0.29671409156152201
0.87855260085283582 0.39628573749036872
0.78271255575852594 0.57276358314096709
0.49528922217663551 0.07992795573473999
0.70164638862087125 0.48737722200779282
0.85359730898684827 0.53900252556838413
0.28068623906096124 0.89872115251057205
0.88086483713634656 0.46335516057333942
0.44237220490455847 0.41448754759289852
0.72703599116971240 0.17067789904272487
0.65202850271389656 0.18528875930556774
0.17537821912285795 0.66580829259724239
0.18123287135662650 0.30883265178948766
0.44474176530887688 0.58431033966609958
0.22951738522459497 0.15919221067498451
0.18531192679315800 0.21082370423969704
0.65073890201818896 0.05979676032105605
0.45075128462099706 0.04445935618974211
0.53659444262614253 0.71235859373639565
0.74198920268844726 0.67028206068570162
0.49153550179494654 0.72800040046636760
0.24855582297538870 0.38936820763605601
0.22677618078356410 0.73780646467453748
0.35337935336412413 0.34338492384377267
0.71770341399444348 0.48420146461106223
0.55991077072035034 0.13018372538266823
0.66094171049473205 0.17711305364589522
0.44514357255115267 0.35458276384996812
0.21858346040144158 0.65016151577298587
0.47582629595955300 0.40081106164833802
0.61211279393826412 0.84094878440348519
0.63456755913896323 0.16964437142064429
0.76970939293078722 0.70223367955542637
0.77218051100662488 0.25387636808495762
0.79056946865335709 0.56431891797891343
0.60119608379977840 0.07513112585716890
0.17733923117843850 0.61403262854672469
0.45439667493077190 0.05741624653303790
0.83602522921620137 0.56164092691837197
0.55413194283102452 0.51543305906647829
0.40742053449630217 0.28399685984397227
0.72042359687688362 0.31971317995346832
0.11724659912526741 0.25679203536298867
0.42432557052544861 0.54361779923732056
0.90952285103453856 0.47752735182376183
0.31115053411112614 0.36852465765968700
0.57446136886629662 0.15363052086017681
0.74004191590685675 0.72003414390930698
0.53469092963107978 0.18828472870168067
0.04324299479302264 0.41207374934203550
0.61688568812774569 0.25663390353033100
0.44171850685156860 0.51040988773781948
0.35634054960863254 0.78440490290058262
0.68345422027877900 0.50155884958816199
0.45699213550164236 0.84887403746323553
0.72714534525252261 0.78422868289417058
0.54823816986209761 0.23158487029869620
0.08983784714867864 0.45353466780338592
0.67021464645656348 0.22781418940808695
0.85924814667001226 0.48364205752912354
0.58256121362795898 0.11598766462508851
0.50030823032813576 0.52377797285623218
0.49253329492027476 0.49145925043012550
0.70194470797431641 0.68041206728340842
0.70655515919956946 0.69271399630862529
0.58043913906658007 0.43760643623009965
0.85204710374821568 0.51173464958607162
0.45880162179423872 0.10443668016213296
0.18741022812539246 0.75021608634977888
0.52686627303938560 0.53580476309853231
0.24607631450513409 0.51417039609069703
0.32498399962199187 0.32455910478767763
0.34282525242392953 0.88695855716870242
0.89195973173542387 0.49900201829292767
0.29034518814969507 0.79315436804515493
0.45107442940566511 0.55736434125805956
0.50208163026109098 0.21980921159665948
0.60040826483921339 0.48454934855077508
0.71290478394549484 0.77970860431300903
0.09524566385635895 0.27703837273631837
0.08858861615119530 0.26932836080194950
0.38313414769737991 0.10464826110833082
0.07250852558174517 0.53975647168533347
0.30088327732203429 0.09672926843226885
0.28912587959767611 0.52771235466771338
0.46946965798068313 0.80269707598222639
0.53557959259705312 0.05089823054240165
0.61452651076271536 0.29785909483171774
0.44341703359120416 0.55557002220873941
0.34055627158550922 0.34503336013723795
0.66353792961560409 0.67085353787650004
0.15170175642838910 0.21547282504428708
0.77147565705537269 0.30199190113843688
0.42955351194578939 0.05827689313112599
0.59948590185597750 0.37919951751260117
0.92264575668203563 0.26773396223658819
0.43499443796615195 0.35322814453892282
0.50548084548656191 0.30128768550134394
0.27220193867967041 0.26554974711304613
0.45236138795825742 0.84584779478110572
0.75685802888114684 0.66940404905565132
0.24407359013303578 0.57037455043639573
0.22769147007652915 0.30200951402204729
0.14317317580639938 0.57932230553002084
0.37045535106167410 0.71476673285157166
0.65297583349026989 0.70064079290701031
0.32893412819242551 0.67259079346553263
0.35852781404919831 0.87114902961537766
0.90366889094827374 0.39929147500536277
0.09103211841318931 0.65593499423216606
0.55749697045890345 0.18556896709619575
0.71873197527971711 0.66441289770785550
0.07983952414559423 0.71631304653044836
0.54273067886985282 0.70713963343761477
0.74479043560300806 0.62875826773986665
0.53523971539661197 0.63333531676208521
0.57409248927913814 0.43314221840028738
0.01949971787551458 0.43706251099450510
0.92472729656354702 0.37884476669397588
0.29119639019448185 0.51562445655766043
0.50027340990952474 0.58901495505522450
0.80131564238337361 0.73535363458676095
0.28592620986996259 0.89807973992406276
0.85978256913665918 0.39984527940354514
0.47578088701766147 0.32713726993951359
0.27648741313012970 0.61742650531045506
0.44213891410998379 0.84345841345065520
0.69308741103368421 0.73731087869498280
0.28279153908994586 0.55369322858768655
0.16950778898244906 0.53924697053066895
0.36184707616225992 0.14807305480478414
0.48850443951377792 0.62775707943119219
0.77499620940158531 0.44472606987110763
0.62162364211633114 0.38892558574867547
0.08425983196256942 0.74071648793891987
0.57337520543476050 0.31912061938450009
0.12930041825102193 0.52637974414637589
0.31829891590942377 0.89212731702136594
0.42329853164265913 0.52334666094618953
0.37823530142995754 0.51500685767088994
0.91261066221263210 0.61037966279854938
0.42823655698360630 0.64234157405679737
0.36216777722427235 0.20464402347902114
0.68530909862095535 0.28935084889531876
0.41806278519362949 0.67421150560689591
0.22039674732774225 0.55057527073037593
0.61401991796714528 0.07123590539569999
0.89495071658123826 0.65368934233761655
0.42651290806072900 0.81375094062908659
0.60703624862557370 0.19009076209475084
0.18608820578666999 0.55342724840869006
0.83052160828820643 0.75395095989756733
0.15236797187433082 0.41736264620641583
0.42936702332914511 0.40396034989166940
0.76944551242718617 0.18608945224605497
0.57005974174625118 0.47560856632303000
0.03638311537600571 0.61471114461407128
0.69263144462766424 0.66704278060992472
0.85987584926688920 0.53696298560653688
0.51718428059624000 0.75481407553805602
0.42191638434695300 0.51462308467056350
0.32308934772524500 0.53889347352798767
0.05671506201721609 0.38141905732882198
0.76613618984714993 0.14726390237549269
0.91259710621128554 0.33941533581996436
0.59274500084036608 0.87215614516793605
0.16525273234793322 0.32095136909916971
0.70607527826548644 0.32654195150212079
0.59459052169715287 0.41276551874295569
0.37611122923160517 0.67113074631514025
0.21556789221184564 0.55932244855542590
0.05650693715451157 0.58748457782025032
0.05927432938648284 0.68915956776760889
0.13092685217968222 0.36893205052866557
0.70033010331767831 0.49957912198928600
0.53982303558727696 0.69074495640679756
0.91956111953929787 0.41383059527036897
0.13719292852050050 0.27839225766398823
0.56909458083904252 0.37776390065538745
0.24002912791932074 0.61766376643464471
0.28223874583276742 0.12948907460496956
0.88781439855440170 0.45549695010100538
0.84719687409254263 0.35093926838776435
0.78048527272367108 0.79393601892866306
0.47880589252388944 0.18648378258897169
0.52834892205030970 0.41717084496528045
0.72933136671057286 0.64381850330955603
0.48587810415261462 0.81629176579202400
0.25068201900310916 0.15172228781351552
0.81795764688830452 0.26324728810195869
0.81129863794371027 0.58261736762400973
0.77871062597912100 0.16267358077929606
0.39198399209535728 0.32433202287705942
0.32714440395541550 0.43470290654407900
0.41451494279460510 0.27580505616523443
0.25605167467852474 0.36258970281758579
0.62956796573423435 0.83090149839752225
0.05471843394465777 0.37739375557946092
0.71107739186670516 0.43059612770274164
0.07836396389669367 0.63393838383489576
0.72377995108564031 0.37657094149925907
0.34620948576121957 0.54983607404025947
0.65903817585754443 0.07050868338181439
0.30975729336852570 0.70950933315821196
0.31337811460743281 0.09596566775760644
0.79934743555463939 0.57679701726178367
0.48692302883473360 0.05246585978554677
0.68338342789003237 0.22123105785944991
0.19373280863505740 0.53832172380827104
0.58782948988355677 0.76374823106960754
0.13932244852996242 0.46767533464743821
0.24888674574949440 0.91543658293929719
0.10435944106933231 0.29358799766413701
0.86317214005574028 0.32876953960674837
0.54918392046232023 0.51201202037768123
0.76497623351948729 0.48567249974683219
0.37760891459175072 0.92298401179624623
0.51555842275977015 0.42444094380085978
0.14994348805269161 0.24437395153411942
0.05064394026851149 0.35452302521614831
0.15686705262589931 0.67790476244873132
0.09453058603942056 0.61266688418746973
0.42326154606411309 0.61683644993402731
0.85349379741328379 0.20413438507333292
0.10704228325587939 0.66389505103478130
0.24925990404904008 0.91019221161588049
0.34750114207101274 0.79685207032597571
0.25566853665228717 0.77362643951305909
0.59756187593495036 0.69079040222978871
0.64840474568731088 0.81603274586716523
0.83520528246215309 0.36863943226778878
0.41109180435287807 0.53629700312460382
0.38541711209726381 0.11958456541599236
0.72679774421243537 0.77668883166764624
0.83165165772506000 0.46922420598129572
0.60240735484682151 0.35713977605499958
0.43545240839464672 0.12815069577797231
0.33001371104097926 0.27458300099701832
0.07375380777558606 0.66082826109412851
0.43291349461193934 0.33088292782031709
0.66784493915324050 0.04506303932518622
0.83486021764157659 0.32327964180087432
0.17216555027144750 0.59910694684961840
0.24071606563600895 0.26883240485080134
0.48589143366952453 0.09754040991608941
0.27274293639446123 0.79110948256718561
0.13568593753947161 0.27302310659937745
0.48583045718360546 0.31942744963702319
0.38656505125742063 0.25687957897531782
0.10659330881291393 0.38126413551286098
0.78689081867574029 0.50627316668002442
0.31485369011597997 0.42980808368929629
0.28201408625977686 0.34041602712010183
0.82940202559922727 0.54487980118128976
0.88179200571906269 0.57643648491425714
0.60774010749325569 0.12335794430105324
0.12567151759456258 0.67905998438291093
0.21983916180269963 0.85041337907404568
0.53864161147439460 0.71824388111416060
0.50829361703208154 0.90179749350790561
0.29228384177963795 0.65554102218595922
0.79426803928218048 0.26427462962067994
0.28745053923776864 0.53684258220404679
0.60014364071032456 0.74102555562082895
0.46453953995131753 0.95725694759052160
0.84450685847623985 0.36215730696111276
0.50893255139925930 0.03290488795808055
0.42572365992887085 0.29218084171706654
0.58393003808391175 0.11019947130153919
0.77618949792976910 0.38992031145848721
0.55411595467054542 0.83393711556157080
0.54036988785624196 0.16856783496570599
0.09452335746523985 0.34657351664847330
0.81803045051611945 0.33252053538382331
0.89097890906226940 0.67023893963009562
0.12765071232665684 0.27101171105215766
0.22015521593424581 0.13502564213195939
0.38206566363394628 0.55105173572832600
0.40830989388966149 0.32675857328412322
0.25624513953684330 0.67614801907341893
0.53323827812950253 0.01743954260018279
0.35175971715466536 0.53914953891179063
0.42472939063978243 0.85574229847826400
0.43679913945104093 0.66697573670445653
0.56095887665667754 0.83446118524378965
0.22142099170616292 0.21963530272752724
0.84872813071717979 0.26983894271072767
0.53352969355573943 0.91957755410909325
0.86816967844240545 0.62897607448298909
0.60272707186730301 0.40349935036693119
0.51149964110314550 0.19796069251332771
0.19979635178655375 0.26955279198357407
0.43932686596510517 0.70708800064808675
0.84772676245905321 0.31522607291279903
0.06714853890565599 0.37578891927853669
0.14121033265795560 0.24829573202833521
0.35618295161021035 0.59365277593028365
0.59790658439975253 0.92586538709829613
0.15027764921943271 0.73196148501265568
0.74394020338478328 0.68638010603056621
0.29325855175429222 0.12944733313265658
0.43425047287168311 0.06858696537198829
0.68459151917173111 0.22596621227925839
0.30586332122469811 0.93280937621692284
0.15527062921270818 0.49475205110014353
0.06795819536183213 0.65052193652192380
0.25243227821899417 0.86591391174348531
0.13487276002733325 0.37183486099611740
0.22245778115537704 0.30267006056655021
0.34090395234801107 0.59457745206444867
0.47233412895644422 0.13493099275867398
0.84472361017059672 0.43561531554383998
0.66943046464126832 0.78005895796562652
0.38969837051159806 0.21459751760308093
0.70986542976942391 0.06438417721297844
0.15419829258285050 0.30855633840241237
0.43503653186668556 0.37248099207327473
0.57794852320523649 0.60429318301676316
0.86255347181327580 0.27781739371080122
0.05895796563823190 0.48481380267065677
0.06187149134239905 0.57138323056050178
0.57478731811089856 0.31372134095056642
0.28403562133858129 0.58056313303309104
0.80413326127849882 0.73051159219751860
0.42829225548351679 0.61469973368855180
0.55267074957399909 0.34158423337266508
0.06041687127914264 0.51097418331354894
0.23532242449145452 0.89201718567737942
0.22124836353166513 0.54556740177888030
0.67701846811736066 0.54840127022817897
0.41070622685459246 0.92191661937055247
0.77208825084960875 0.71694430003978871
0.84773184964741699 0.66568178430308544
0.87587677521809082 0.47399660790021048
0.46871765671493842 0.32138093264567430
0.53938224762210862 0.20679413802277563
0.11630396562124595 0.25186654903974509
0.31871468087145377 0.91064226999176900
0.20742904564492576 0.77152021491621814
0.33110339357406121 0.22532296473002225
0.73451901234306805 0.69894821814313779
0.76093637244648027 0.25498485576347601
0.84461124813231403 0.53232809566031281
0.67125836273709338 0.21535882804076742
0.59405632885832482 0.32861144745157100
0.81234656097277569 0.48249401461650304
0.41400770087042582 0.02918580934982068
0.35383790832366702 0.43537754724112421
0.54783542570661703 0.05323282065050788
0.42123932832202243 0.21996710441391287
0.71634559235347606 0.31567532603379633
0.27462858758764797 0.68502764912343372
0.77141187945713685 0.87069485969386662
0.28004069120448744 0.14043515640328902
0.83384451147510807 0.61854964368154852
0.49081909695604337 0.53211119905488535
0.36050733384024597 0.46536281561950815
0.36345336355134306 0.69814448214755420
0.42502848685387518 0.15600386133269284
0.83512175684634771 0.45003606754858283
0.30659089220400093 0.53938757152365202
0.75187862601482280 0.10934441987258688
0.41358264824864815 0.92793848771206044
0.36535860565629968 0.30719745079233918
0.24874637679991043 0.93186855788628919
0.57309195332759832 0.69349767949505547
0.81312157500642179 0.76317143987276781
0.68458158333695218 0.84883598440045105
0.65722894271089416 0.30143073257884917
0.34963912932869878 0.84261104355198579
0.89821231774622246 0.64506329912639593
0.66528015180426969 0.74349500159998638
0.10360908668326894 0.56363770212234043
0.67933601820721667 0.50358781918274009
0.74756995160440753 0.60161535850751813
0.27908399727691197 0.28686536704268550
0.20820210867241379 0.23216742179788064
0.70894971665842088 0.89664371706852075
0.86835932211393985 0.53577773273513996
0.77403277619055733 0.50787881810619040
0.85319579069648899 0.62074186044573854
0.64923327502871231 0.38593120454566182
0.22261643054045666 0.71394263771209121
0.48406425989711371 0.41886402099030878
0.02023519000214815 0.53270197644532113
0.62619290424310692 0.91370577571285649
0.18781439603861622 0.80650974863706548
0.02695884313753735 0.51513861558180218
0.60541662136451080 0.86546487561808549
0.13086021457268962 0.27901844390510594
0.26368473828762445 0.66529992664785065
0.44422440036025945 0.69973891491266516
0.79338236662875972 0.50267703891452697
0.29393798581196912 0.59920037381984603
0.77706295555306182 0.54224746784285438
0.94303508243286793 0.59171454782861466
0.59620750149682533 0.42946315176381855
0.35561078155880954 0.55765394895764220
0.17182549323352600 0.60715125693119898
0.33336562510084794 0.86709989141901800
0.73486675205683261 0.66142003371171521
0.42219458069883947 0.31842559984150437
0.08882155128195510 0.67399575719083216
0.89007091422871498 0.67834450948468272
0.48082107823853010 0.76699249231261102
0.66673140718609902 0.08107272651417489
0.26927349512615795 0.53792375641083956
0.49363806435208257 0.52123176297116203
0.66482312311496961 0.22918620013476360
0.68596246534111494 0.62352117943666541
0.58103841452955007 0.81957378682352544
0.39750354421448758 0.21709556988362669
0.73310123869632604 0.76699579552936414
0.24449040878866740 0.87810680191017265
0.40365141347121114 0.06712683271701521
0.36243121254955463 0.22630451026445109
0.84857204334728831 0.47663092442060634
0.65036090295027726 0.47849606228174169
0.69646558901276079 0.78575967661208734
0.24818442500009472 0.52859441516584593
0.16725180240336782 0.22592433605165133
0.87977970684378382 0.55315543778169307
0.03280409529473979 0.40713675556135798
0.81138174036734023 0.63493613807508997
0.30335732841278795 0.90262020232480633
0.57769055010508441 0.44222309138557120
0.24062327028815497 0.85079875294178697
0.66495946891982682 0.66104868538272132
0.58317058395196730 0.60562046097075839
0.45034051704215944 0.70067182925960703
0.46573088762523973 0.04269911661595316
0.37757481425415201 0.85478513741994933
0.84563282292687536 0.45124330356052156
0.08052640703498889 0.67536479787959858
0.85716854502876771 0.19946809886962272
0.17063479678624244 0.48386559723232203
0.78368813890146161 0.35364215501747870
0.15412680822216618 0.85544132470021472
0.06481538685858365 0.60422758472011739
0.44874077856572991 0.05631122426806100
0.54406135776458864 0.06703468311764656
0.50380717938009933 0.53929918454526093
0.43542608474326217 0.78037679960362694
0.43658925408296678 0.80233207127743489
0.24723110625518616 0.81565024995278113
0.62296057911794900 0.17306624451468378
0.29215201073388003 0.65961944268193184
0.73252314658719209 0.36503371876825513
0.49185992550636903 0.19842099538454652
0.37110736368282832 0.34164746888378189
0.41261872428547453 0.22153361128348081
0.41541634290329216 0.55358172801597172
0.42282548042061985 0.21039055856452299
0.81699049577553162 0.42093498537352725
0.60651590918124998 0.29051673480939028
0.37102625260102490 0.25625003396307439
0.41014102392779783 0.61657832250291056
0.18322313762794024 0.70028867545729534
0.54673221547433981 0.93184067282442429
0.90769723427326243 0.44860299650620272
0.27435470032541193 0.60341114821404596
0.90111091862079273 0.66828348744116584
0.07568176801325939 0.40687409384809137
0.86687657340332680 0.64743365955532650
0.29809348223535970 0.44540443186610174
0.71276703568463984 0.71239463598263975
0.16512254302441953 0.34653254844102732
0.62445402430772834 0.09866058798150359
0.67940464143903401 0.77255682817142690
0.07446562889065585 0.51596476448772788
0.89544007548536508 0.57929385813113854
0.58988940635522413 0.34207889769602484
0.83372702601821225 0.23189482693945690
0.63317938320902689 0.80611822633625640
0.20828616342438822 0.13545749556521822
0.43337595574600046 0.52295781991574919
0.13882704738037641 0.33316663833509041
0.59741875406433564 0.89902026850068095
0.72622725506560859 0.77028041149599857
0.55907695443406247 0.33618133342369583
0.39716626276582540 0.28752829400257984
0.79259016897247792 0.72908372835366431
0.71326514430713839 0.22966670924858870
0.40458555978242072 0.85800321974794924
0.40136516329543553 0.68613517414719816
0.28316572819728730 0.70349882891111226
0.75350949223634345 0.09445318783062664
0.82856648820384526 0.24776205945311838
0.45816502526919078 0.97920018153733035
0.54301659106584721 0.50939710386244508
0.58596105619988237 0.94634304110320489
0.64956023845383415 0.05404069903585992
0.04602902281540347 0.44986135210158135
0.51053457360793852 0.30886959039242601
0.16743806361310679 0.68828307237891895
0.86007700467650239 0.60863354077097254
0.19125841464873469 0.14070582980215113
0.09430750346578311 0.27273305254578284
0.08898739004034412 0.68249365290036890
0.56332690205940050 0.03835644321189698
0.83929710940298785 0.35247789009838093
0.49950904910465627 0.38263361119417166
0.39962595769207199 0.03594083483759943
0.75226658482165543 0.37350464706159797
0.63449503638785809 0.36129237639993117
0.49462514938723351 0.92206962518510249
0.45671645972264613 0.94995926161105881
0.17421093835885409 0.72081070177397299
0.45429069722230231 0.24291496648534350
0.59261483570709184 0.75560649599047158
0.02592338603836139 0.65730585050945178
0.53884456124953206 0.70720299148831378
0.73087938038256850 0.32333481636653533
0.85430935581998613 0.58371011059776323
0.53242532777912555 0.42364445254306293
0.39245533189594173 0.47228654257522379
0.62857134715752361 0.81606983590439186
0.25327624984216174 0.33046743118153932
0.59168183171414701 0.37837452392574622
0.47817235294533217 0.55660884395394761
0.06957709286625795 0.60258937779885524
0.17264807998402687 0.44288434560251966
0.12999564170535882 0.44419574619500590
0.47851570212556210 0.53696120619086807
0.06211950371068566 0.61733492000291268
0.45492516110297126 0.98782468879681429
0.36363654304324111 0.34645680136677559
0.71281264871548722 0.46675637697437850
0.28585742365450956 0.58786818183792977
0.38539384566008839 0.13714948736950036
0.03144214485452226 0.54506487409005111
0.68876687927889568 0.16740816179517026
0.44221769610540401 0.28141054426514078
0.67709568041559065 0.17217774000344477
0.69411217244031298 0.43015845367128858
0.54352338047705229 0.40644030454668323
0.36364783571685988 0.66052119211254179
0.10470201163080581 0.74650492876097763
0.25053159942495290 0.90558765996239599
0.29285538970248159 0.53707332505934846
0.59248686855934685 0.73512146432602588
0.81818582544684360 0.37857498577206766
0.85672601109977908 0.50750855030101816
0.28012812118981195 0.70855562945525541
0.02236715771615056 0.49196230004517449
0.71466916372944789 0.30887736712177816
0.86308189608707120 0.33330919762871297
0.08788405730110127 0.62426982531044584
0.13446632550052190 0.51086688370937328
0.81891825579887068 0.43260841221944479
0.49988237527137031 0.62325090033764308
0.33904993185221305 0.47672263090185690
0.90748765292937794 0.63056219500781241
0.78571514304400392 0.16322466091615337
0.34187892397719039 0.59869676063064159
0.86676581686426235 0.62107109339116806
0.45362816778639042 0.55211536404688610
0.81049180780624619 0.31153922376437354
0.52205903046156066 0.05984913907238548
0.41796192666826859 0.28877278172654869
0.21007377250323536 0.12727476605873322
0.74118613756123619 0.11856472792347378
0.37595133270122083 0.90601521959025300
0.43317541671479515 0.14273916395469449
0.62382342930755930 0.67878186369521099
0.57918025160420539 0.13820555895981088
0.30072200083018580 0.34076967972602445
0.36539333135849461 0.09588219030109744
0.43591771090453146 0.89776097046381764
0.40699787281313926 0.29874673511713795
0.29418883652546990 0.09680774231897862
0.58929291006124818 0.73005726892950462
0.75015559816359001 0.44022228828760812
0.53133194407200757 0.48173174868418650
0.80751629664259672 0.58076892344739361
0.57946635258295875 0.69515664938267197
0.16065841776338993 0.24106849303008451
0.58425894210954410 0.29940857537103471
0.05047154856063197 0.63505923592052349
0.88158778228480916 0.42081614955489083
0.31733207853764772 0.71567488787339717
0.78828213289661919 0.51193714017763825
0.25981261796016203 0.88676479185653667
0.52916064181208844 0.10091502206737715
0.40866246215498425 0.75656455032971293
0.40092420318270355 0.43094231778558678
0.44877144782299661 0.11227751199881349
0.55363711543505689 0.49797389835765654
0.07201886393731204 0.55989622868891387
0.08811213146851803 0.38560749591408144
0.72427751260220075 0.52739637396726113
0.23720147792800303 0.81136847046965166
0.24404730045313591 0.49118471758181903
0.33520729874317878 0.42716840770334635
0.76589002715253340 0.51741872989280702
0.64736047100654692 0.26424952699975052
0.52670965044990203 0.86444441063139499
0.18440323085925317 0.84581966845164347
0.34723391088018490 0.11701491225251238
0.36599555082524982 0.66457542312445306
0.71294524971065409 0.76361113611845077
0.25453900363339588 0.83889613375432470
0.51695807746059064 0.42909487590028322
0.27867655291066101 0.79135002649235064
0.57196025564521569 0.30320427097326030
0.07284851558199512 0.59101601144526095
0.32524388273592736 0.92887433504712558
0.67106414336454323 0.67046335223783415
0.91186121377266927 0.42540538331347993
0.69380406635032199 0.30945635430315838
0.05357692315094480 0.52845892754908452
0.11064192116417726 0.20562251820224298
0.36950907431943630 0.17978409614836455
0.55971696138854521 0.19715519808318793
0.22124256533010930 0.22601300061736684
0.50254385841320237 0.44085432338861302
0.15852790244361339 0.22772065738167802
0.45432507340195694 0.85894761850188295
0.91798087749075896 0.54717678946638038
0.65963606055815049 0.89071977057645668
0.09952733683234596 0.50548788708663572
0.78530293592534883 0.39222550355014857
0.37558506789242213 0.12820194027257242
0.31921980343952372 0.37086756523255954
0.17155838867194748 0.83017179716125988
0.46355890014717083 0.60892647006457001
0.49251695850109023 0.65319190445669972
0.50193041832424024 0.34280289366545019
0.32935644290853361 0.48779853667808570
0.54963047364367157 0.22690203162068998
0.81814097569377753 0.31714161812947383
0.71840039963213898 0.68240576276152143
0.40942609503576050 0.71115209563508364
0.26112532308098441 0.24183608994213410
0.37310265687058553 0.05429643416490090
0.33403396907684013 0.36222050615441193
0.08424811550376117 0.77507992104270396
0.80404451558405687 0.23208545143070503
0.43921524040610604 0.04445869705995834
0.26242721440477346 0.21142896497729691
0.35236482992878448 0.77986142306449224
0.16261572777862340 0.61450424680609683
0.30249532641378596 0.51600355433329159
0.35606471167446424 0.53152784082624982
0.93545816601863185 0.28307410715351711
0.89216925403501057 0.44283187459017481
0.06325090929524969 0.50768773068957873
0.50494582015635081 0.72511424318283024
0.44198807285603542 0.25880150415593761
0.84986067081018368 0.54303012274430351
0.63293189764700541 0.86497336913715372
0.80714724255450754 0.33565906148959135
0.42506411159111973 0.66740654045955283
0.86686607288844086 0.32722361872922251
0.52625738048797477 0.12135591269225846
0.86982793259294688 0.37064975135488121
0.49872253993630089 0.50823667968496833
0.49133627346862990 0.29455426810239516
0.03962687632656953 0.36851932204873195
0.28038352614062412 0.09849071300917447
0.24042571236930463 0.59536395529768882
0.42876029981083291 0.63722322738358650
0.55390865060499606 0.06539832912124550
0.23864300039030190 0.84659135579457412
0.80556735082462605 0.11860886620596665
0.72056334526307209 0.65763874362557095
0.29352833197343781 0.24352333721064903
0.80869732100165392 0.50687932378099487
0.83788770746126462 0.43333829555270720
0.55498287824832093 0.91330710868841780
0.55073990816102603 0.17679307195115226
0.69337938080606176 0.43499750337793602
0.89545274799091579 0.60748516623081217
0.53275966511761230 0.10219062675141515
0.58747930004255189 0.91821990866661929
0.22624393738589774 0.73123385626357462
0.70455558878098989 0.06056348318419454
0.22885375748211134 0.51086556253876814
0.80546942708265235 0.63416691292136140
0.49701029043014489 0.21881737726075859
0.10887065841307378 0.23486540915902759
0.54656614723065589 0.47783867347019854
0.17383563297643875 0.71042816534224340
0.35184223220762939 0.19879080514832867
0.72583510100776227 0.59880489812734650
0.15235593340127387 0.54973535386265238
0.65868516921605891 0.51751774908299519
0.38080318695530407 0.34952606643090850
0.45739865980651795 0.93508331304050840
0.23958436033808198 0.87878155200800234
0.83674206610532642 0.54231003206940853
0.20990828072419279 0.31793303901403430
0.22709826959193907 0.81599194791217078
0.27724699679053622 0.11885165175848614
0.75217833732766437 0.52848874836652160
0.41770919297878484 0.71858570185051962
0.14361281949382870 0.57487322000997754
0.72486164348298998 0.37002351668381211
0.44307896925435603 0.66726442435672306
0.29194882542554107 0.92266707680104676
0.84844862029768042 0.61969091562288936
0.45695050831192929 0.43574523591948289
0.47208041149630231 0.69993562989338443
0.54826761202059415 0.27985175293596559
0.22689181114261836 0.30861601490594576
0.52862884081110473 0.62710875055992610
0.07823515064038526 0.35558916714618016
0.31314770517891860 0.25529980516692347
0.83060221870224715 0.17625533490809123
0.62736052925800945 0.34831730592184207
0.33321719882977829 0.64300647014953494
0.46357981470627829 0.91224385932658447
0.49408607363180179 0.21232804142710160
0.25970973665340819 0.40053512444159312
0.15669331975616671 0.25093548268209570
0.82560918213088907 0.67864457147014490
0.59702194750479387 0.17824240820364279
0.09447352159943227 0.50748813210633892
0.73030222071026363 0.58112804672156892
0.65776525238789341 0.88390173223776458
0.43171506497984080 0.62520001165328243
0.25985817764721220 0.74300181275784249
0.16623920671923798 0.37737491587361699
0.27278624324164963 0.92664619695666794
0.08618599362643160 0.47043530291057878
0.70160542939929516 0.90227969077593473
0.42765299689728986 0.30177165607767092
0.18628198798279422 0.13388978910725730
0.40895545688013502 0.93877239862033879
0.35777014182575423 0.79651755748883923
0.03795193201486954 0.61791426471791966
0.07243654099790882 0.29378282358212510
0.70784093378877599 0.68443529365238287
0.15573616953746985 0.76035048820813522
0.54925012563236919 0.67602388662733193
0.25704739740941879 0.79105815491401266
0.42126639826552076 0.74675430830007827
0.46191377227145963 0.70644472079585929
0.55086663436179473 0.07508320236609117
0.74654253911704682 0.44900389344265096
0.14356091544114902 0.36150245470582781
0.37973130384785342 0.80061691948826574
0.67087054620007336 0.77645218776631553
0.49564301518930193 0.17456558446645187
0.57231273606459809 0.44822340953761158
0.18599795697506974 0.28539374558459557
0.43585635964356173 0.79493183887438745
0.65731464742204815 0.63328535695944843
0.11225654899349198 0.70901819002137167
0.32468051666559833 0.79514204347971695
0.48013178867672990 0.13296224677821120
0.40610894154856120 0.58454380966948960
0.76519889287585940 0.30349185753148905
0.29157097408925431 0.64324547502649987
0.07924871556687915 0.65072235819558555
0.72273429649363208 0.82958128337404513
0.60191023220795314 0.29490148512604025
0.15448223326606239 0.57864117847754315
0.06925686688829098 0.40100864150677457
0.17999966671319759 0.23834417704527941
0.43850226315159546 0.58793991010892055
0.20062854003187991 0.25790814788337540
0.83821456376911363 0.67502440191748270
0.26616229743882253 0.57179820541747484
0.54962077988718383 0.72260675276570507
0.44150132534388503 0.78110197649884272
0.89234032162740995 0.58373456867979112
0.35696856977748681 0.14848800619419389
0.35539200413751248 0.66033366351870715
0.50387218541114276 0.03075888906556615
0.40878876652485402 0.13548469183633449
0.77054126561167757 0.24871142196896104
0.30068983702221913 0.27564635017180422
0.45813618145701268 0.28938083762134398
0.44082369905114521 0.68398989041118230
0.07054260475336337 0.68913776940501048
0.26529704577197682 0.78557674131753807
0.11051028447667709 0.68293811781379543
0.76306843702821159 0.86247861992135466
0.76819042333473198 0.36944612022717582
0.65865387883363447 0.37814374220024677
0.67650208580928106 0.91585913655217865
0.53493667035221948 0.43534093269726704
0.40153296308963449 0.05532415955857267
0.28825862120535911 0.28855926814066624
0.06052184127747229 0.39622751428485864
0.62572676413550055 0.85261850636571013
0.41904663526117292 0.39012500662440630
0.20116464320136301 0.81106350903035274
0.21666375025507384 0.76403885518757397
0.05868823232977658 0.62253602664736296
0.44664713303822573 0.59829714219546992
0.74218672162281085 0.79974082375536848
0.18555335040114365 0.53109524195434821
0.27914262991461508 0.64366456670586525
0.42495889910456364 0.81840750844367860
0.26712034757486447 0.28071131879637878
0.16270623208010426 0.53560678110110771
0.04163416570176640 0.62922856592469090
0.18204435318042864 0.25578088524353604
0.36746985398655796 0.43479465171025838
0.16458428181952878 0.39352398640929703
0.74413492304016482 0.11300715817372917
0.27458756195456113 0.52749883657741303
0.32579243287916260 0.79971777314873027
0.20428597072655397 0.68936880453694083
0.35471919916796668 0.55176076208563873
0.42526621623945327 0.26361335757976245
0.46836401201457539 0.68827595969715449
0.55240023466030341 0.07940045165917017
0.22248995718190520 0.45832559508871973
0.48742869673722317 0.72159650023350086
0.48014379844718741 0.54238724817632011
0.73880222271233953 0.75225989907166835
0.82323428619685202 0.39233041978664585
0.34049094117641343 0.26662227072610556
0.49762501544488591 0.85347724038305628
0.92502350368415909 0.46911938235076650
0.29538948082720246 0.13806453582184441
0.59253535917386779 0.14754437919994143
0.22157223095851791 0.86366823887740518
0.78073406410690227 0.80035804086670892
0.87505674584620474 0.25217468118811126
0.44030112650736308 0.91574874627457070
0.69171024372424228 0.12234786091675430
0.51831578451176341 0.04707838575363267
0.67898141442058990 0.53707562139238973
0.90777157302337863 0.66809593676783385
0.44201393098715214 0.46999474123032958
0.29028111552721741 0.61352298013241380
0.31101515282128561 0.82512906383419204
0.08226751778949427 0.37061748498953889
0.34810912524173870 0.42566885946161048
0.02429542430278125 0.48822576972062548
0.12247949122507661 0.38903668129376656
0.67638877348493864 0.20293360541295283
0.14014002758487795 0.41060931501940889
0.81250328666540583 0.40458377474331308
0.55869247652710197 0.13711802946610904
0.51937350875481159 0.43267182555233852
0.51264965734015366 0.29203487596227107
0.82109690268676783 0.69117457418567563
0.17746193878190084 0.34651526401947891
0.54570783289566371 0.35727967151335893
0.55398895216921773 0.23994917494164245
0.89845008948471761 0.50056588924979761
0.45296103646240227 0.34213071594951378
0.90749210999271857 0.50089273632186715
0.33233761654964383 0.89044144045687901
0.44684100637490937 0.51160144046965217
0.54677665700756817 0.26245584907184316
0.50070596963470082 0.48481564572121949
0.13567774620245712 0.67829452947220592
0.87358728921267637 0.52766289501524910
0.23867920503929216 0.53374068408888309
0.28743978011367710 0.12819335422734021
0.08371059359551822 0.68404264343546906
0.33583750962603498 0.43970514194892091
0.47403593922670012 0.14435628277965612
0.52265175186592217 0.15878815495262996
0.16813532335350398 0.64060261191304224
0.47058451702974402 0.78614523701657113
0.77741926234346415 0.55352816892931822
0.31253375666907884 0.19542262129879726
0.69059041460241644 0.35574959263224171
0.87434056732672349 0.25657095724467704
0.30855910084806026 0.12470258415683247
0.14805708668346745 0.20614957239328843
0.51009319785164620 0.66692828621334121
0.18590881401797019 0.73202985881564187
0.92030765948474547 0.42695616643237361
0.64518116814309068 0.49681938278341353
0.18813599941519901 0.76891723797897582
0.55876859346222163 0.72172309120320111
0.66046339418607469 0.25565609956069163
0.32310191182765424 0.61758528483604413
0.24321676278645346 0.35442437392625686
0.64108278446411293 0.74244813556099476
0.49802614752726632 0.66306862841871539
0.76822500591025733 0.28876341954367624
0.47204415343983569 0.92051309075763210
0.15705983695827561 0.68337397785457143
0.27211926729700653 0.11510528343883961
0.88083895191557948 0.67280889435129332
0.36348175098686453 0.31183638986578571
0.07690172290090092 0.36885040309108935
0.90210316476053698 0.43697623910033251
0.67701614485691364 0.41403389032707499
0.20155990342885238 0.18309526587683514
0.50080140338764234 0.34828445204803665
0.49299624238738221 0.99264035539429862
0.70296884544132765 0.23325279702566121
0.61418304779394739 0.09222173798559635
0.42932066779955874 0.50985269380970111
0.51107784000552847 0.31568998505798962
0.57509747156195201 0.52808520314353358
0.16045298325634788 0.83833682838880719
0.39535517462595948 0.82656890308133102
0.53646927688686508 0.95981986165331812
0.05746501076623996 0.37145429076921704
0.61667259176992684 0.68705282292604675
0.52282826712383001 0.18487425091931611
0.91644230017663009 0.47029274130691023
0.65799822763325189 0.18763220163058505
0.42987429465225685 0.95347028013832058
0.76938917517152383 0.23557122636051872
0.58538498796110905 0.73424057226482997
0.60732478972695203 0.15068883062129934
0.28388024999581957 0.79548140529930789
0.45883975566573160 0.94552146644574520
0.73211093861237952 0.77975578036880899
0.11783731361599177 0.42560689372576332
0.13279418291496958 0.44026598744194129
0.51299635657617815 0.51702006384744648
0.71011325305193285 0.26733251995270990
0.11767667605859668 0.29253872072430276
0.45856079260042260 0.03732286561288319
0.31838101552584752 0.54046661005634977
0.28504939382557520 0.12423431965858352
0.12107891732965745 0.27685054203168269
0.37596909110668664 0.80577611949547701
0.58127832928589562 0.58683658276389450
0.26375908711408930 0.62393857802302055
0.72399664558344989 0.14697757432933034
0.38579509299882664 0.68970769360955153
0.70562318092131671 0.60681727123002305
0.33606126835954531 0.34583873342995175
0.85563699683556527 0.54365923886464274
0.43463606256314719 0.34980529856793663
0.14197074905495438 0.26827634751016466
0.78174457953830445 0.27553572462066878
0.35054249687437644 0.42114734856720959
0.22916064778289713 0.85860540360489301
0.43329960125806155 0.64179205201007039
0.43129819308004780 0.86646462294006932
0.48827939747082127 0.65037893031392324
0.65235454899470158 0.03277327259108455
0.78523279337203922 0.46526437802079962
0.49675171339307034 0.85756670070796759
0.38832935258600793 0.77342488003242782
0.90158338460127074 0.62909863532680566
0.61835750775606646 0.18648786463673003
0.80289268575229666 0.32896051789030489
0.28812343560358072 0.78684537444473446
0.49136984174155290 0.09738505632927663
0.76134104660338686 0.48227792659516816
0.21581095595985861 0.62226907559994349
0.80848398821079581 0.73885732580682639
0.80761415533582059 0.27944466739669893
0.68512896167396509 0.67747672033072459
0.14891097002326198 0.30573038124655094
0.48233359294501227 0.40756275295946276
0.30715177930979032 0.89692338537066674
0.29623131764892119 0.83552371523082414
0.16312689776007555 0.31174688484660418
0.53988161170178539 0.09767411538476707
0.41182972326176098 0.15448411966682826
0.69552741974795451 0.88451744251726594
0.18089513348169942 0.53222756729322296
0.55044845350419958 0.44233964737138232
0.03712493542592054 0.61008447655455800
0.11306241857304536 0.54335383338787402
0.25845777901655759 0.21214459222086074
0.42531556266308845 0.67761233775586249
0.77228532647978432 0.36143155228353518
0.33536142537214131 0.23277772371629885
0.38488800243075894 0.09005748375268435
0.23570057538139869 0.52791166891047470
0.69296076792378059 0.58349240053273999
0.13163264008480791 0.57429365428936796
0.35897176174442275 0.70153165670172590
0.20983725553295254 0.21016220411392078
0.33920028298621524 0.33670326575159715
0.89116570778851689 0.33929615902925747
0.41097774070736964 0.54800920109607609
0.48914862974108569 0.37354752236007915
0.21527289140497527 0.53401617872059171
0.30215724252711701 0.61891090300169072
0.23609575174305411 0.73718844350298773
0.29108119645275410 0.29346580852729087
0.62472280151579807 0.80007147063620554
0.85624668719819830 0.32617502656441061
0.60901041100926812 0.18264601961352894
0.69420254703732520 0.23028111010008370
0.11301778355329906 0.30199167023843226
0.21300805420813207 0.88083534788997220
0.73193129944780089 0.18610904935401804
0.14621726270000335 0.26579986722404819
0.28072052796425484 0.29134397877047302
0.37630621941253450 0.52440550660911922
0.54091889775868673 0.08937871969927182
0.22008728258116539 0.15112482162957816
0.40019697685862921 0.66723722375340211
0.20038554050687771 0.17220261005442758
0.09892482113062225 0.21587827336475904
0.85402117062142868 0.34779779994083659
0.84105884246556673 0.54988479054529804
0.03168633878710393 0.36031982934220391
0.61260866587493290 0.68579478428521146
0.50077708850630653 0.03576088704352018
0.54405930694668625 0.62608705227742734
0.74871221312984726 0.63869695423616413
0.43903560873230851 0.27540289377165378
0.40233124227167033 0.92408083021971188
0.45755206460034736 0.44050183237712126
0.36350325009329482 0.24683636662448818
0.34334570674277420 0.19663232647328061
0.33559722673376469 0.41972867630476601
0.73829966994876339 0.44600929384733567
0.87375412069832659 0.19967248255816863
0.79113881643762596 0.59877690281863261
0.45699005146774613 0.48046827934999731
0.78486347267586953 0.76963338736621012
0.10491438928596991 0.70305867486509055
0.59375441850153465 0.19612879942575348
0.11794134845945106 0.23782239411504566
0.75445262498957699 0.72809575857081599
0.18871942681885934 0.21015776497210184
0.78492973928613574 0.57881147830352175
0.60406881263465695 0.30873448785000263
0.73464240971151418 0.11540226237389682
0.83704917202000739 0.51327214782662212
0.66948809219315764 0.63543705542960560
0.77643132314325014 0.53751742764388610
0.79995375146178505 0.65049026425924417
0.76803096927379688 0.54750767851995752
0.18678108836600077 0.25031285797406405
0.46848759985789967 0.30913442870420599
0.69533028661801521 0.90322875700934424
0.66112799028068903 0.26419258753898822
0.71691937758129121 0.88803507374713009
0.41512410147363726 0.03469378076368852
0.92088430473046745 0.55601196403916775
0.04115136828340822 0.42444271636848624
0.10265838692086289 0.77251172368322607
0.64658262163054481 0.66409907052273720
0.66310190263286872 0.43756846552718781
0.13804582562255141 0.28218166312066750
0.07687237863769819 0.48200310122023188
0.52665134945839842 0.25583432234880932
0.16221005098792149 0.41293464564834476
0.59122723284469614 0.48480053910327897
0.77468840746546841 0.85676631453930563
0.05113993983603608 0.39729876706708983
0.38292892946945317 0.76793338105465025
0.82016509774585644 0.32135389850013973
0.08657760187567608 0.44675382532275948
0.36219937131101732 0.45238010736818718
0.16374038148191314 0.51708790726884291
0.15392564914743234 0.64182917790598781
0.06930979663326825 0.53743545479449562
0.55853193711392934 0.21280943370204580
0.11015683868067250 0.62884586474600401
0.09562002114821902 0.59564800209076130
0.63079796955707634 0.91478586011939000
0.50510582112266889 0.85878524859896510
0.35807583794532999 0.73759263707815204
0.26341551197271273 0.62965680678485625
0.63665309052631014 0.35655469755852304
0.68178204138960197 0.29706539326903281
0.26064256516532075 0.23067150152877619
0.53963936632959586 0.67648599845965884
0.34345551557340182 0.60374092941987989
0.72360924385447933 0.15619164643897551
0.16557810910107054 0.58457850222284147
0.22336963679960806 0.88067241300704280
0.41551319807409354 0.39638509711331765
0.15838573497711197 0.22279163050219614
0.74200659166010585 0.63188213383062763
0.33819356652861354 0.48346998780604650
0.27061850853693797 0.83139881763345436
0.46398475766913588 0.11112676075071222
0.58631926973973569 0.33040438578089043
0.35423874622354462 0.41669070053657303
0.50125019678929228 0.10491715633386252
0.69899159179349912 0.60409859660730081
0.40706760527414670 0.03063738664403121
0.28838789526862590 0.50861398844000349
0.58859966166937205 0.92777234621472027
0.43853634442617029 0.42282853932848535
0.21953907974321268 0.17222214515709308
0.63567659285373390 0.91317067134335661
0.55281375683524869 0.18681127849455648
0.25808834121982788 0.86222332779252953
0.47359261884489967 0.77845653061594500
0.78531077207008460 0.22487857577909301
0.23615906246190702 0.90803861402193409
0.57484309817322599 0.21007628142701856
0.27089806350763623 0.28466983971627974
0.65161595023343022 0.82392015052251466
0.40816750777582295 0.59061036465366268
0.30960728458773151 0.51440753152767804
0.50815053122363885 0.13495163073224800
0.60348492348624205 0.89806638725541454
0.66563187557374404 0.88946455789650680
0.45156890331675031 0.49505879327171876
0.12944754220416346 0.26002512986208404
0.43280404719048388 0.51389450575134854
0.53866372460731782 0.76653642718679527
0.84174238674889224 0.31218618958290728
0.73995062385220189 0.77339635430966802
0.36096114571775512 0.09916575775531247
0.23121835472559768 0.31554477323562030
0.24256923779543815 0.83660950777954324
0.20642214627254513 0.76075445145332343
0.77132932462155357 0.47495286235408979
0.09669198625361540 0.74758494706720358
0.54870035731499223 0.49966120254208757
0.92302082250901518 0.38553306428505929
0.65106675144723047 0.73165713298954771
0.38044910842069490 0.92676731390226408
0.50243156861913485 0.15298929880096765
0.05648491371356049 0.60580146874948382
0.29264529784322135 0.84415404408167694
0.41987039024925088 0.28511883905976781
0.90825297717104314 0.43414596235861980
0.76549713504991257 0.10728965433795294
0.13632779257065653 0.41755948866594833
0.59582905637378858 0.15087921887694261
0.43352090097689960 0.34673842889052769
0.10687355875179473 0.56529570433350618
0.48850259448719519 0.09456872812863357
0.61274533518881991 0.26093057756768140
0.36629878423399093 0.92776624350131498
0.49747454074097025 0.72158611977254139
0.72584535982760434 0.32395002025139263
0.70806247251147847 0.87010959030097124
0.26973581407319569 0.15162620339882274
0.59866965110001813 0.89183414070096145
0.61167407525951611 0.38376465846878327
0.74639190897662366 0.48967941987168295
0.77031652333921707 0.46133733075418587
0.84932415326726152 0.60704857911382404
0.84583795993343691 0.38043673886206181
0.14659865441347780 0.57735661291314933
0.17350330742277745 0.50864515636845398
0.72474509493962380 0.65627230621120858
0.46191899206878684 0.92615904727865905
0.74419747919756873 0.63832872524158135
0.70939381025812154 0.08685122741292212
0.59408565738538699 0.52278163365032326
0.61576736099019214 0.42649858475526548
0.07955173351249280 0.73064405140636191
0.27423949978909085 0.88443964955739052
0.39711501396049415 0.40249432256092099
0.43688984657478497 0.55710600922527576
0.48957083947208230 0.26358500400731955
0.79339769609028410 0.31095782821733908
0.09689002712602719 0.65395207689962620
0.68821926786188414 0.56027780801301308
0.37547361820587288 0.70334681886652495
0.50574726873677822 0.46074073761663403
0.71288422630779869 0.54245375249346883
0.34265743368784896 0.20153905200200112
0.91207946191791744 0.52773656799257240
0.14327503588668497 0.19380538372378106
0.27689527423100518 0.58868515504492791
0.05979611381352733 0.65133319075868878
0.09977841837432022 0.56327090401706625
0.36853523171038000 0.13607189525430577
0.18281497761539137 0.85201222913902963
0.41970472178844753 0.79526193494708342
0.53399717063062579 0.69830952622596409
0.39544145992365909 0.88213858415264690
0.26439396934538156 0.56754631983158932
0.88569187087193191 0.52538079308300756
0.55068300632622780 0.70884660370553820
0.16526743091467130 0.84070449741121811
0.51414514094553254 0.78626605337892819
0.22124385937954161 0.37543885226141593
0.46081793694248557 0.55243155059120730
0.26184924460398201 0.89636998617712704
0.55680139626005343 0.50039754751232668
0.08600301940464267 0.27294462769665245
0.47339975968710379 0.35129195859365375
0.16230304944140364 0.65655137394009733
0.90334404389513157 0.54682228257294918
0.54975226597442783 0.83035386624055652
0.58323712097561964 0.73882540182145684
0.75098323013477120 0.49121192686024212
0.24256951868951612 0.67216187646103587
0.19815611313332332 0.63759280269086416
0.80104020571353485 0.48980429067969744
0.05872608240967121 0.61538115049336384
0.68453464716409484 0.15698650530526251
0.29074654338077660 0.22258660922021248
0.72940798790573169 0.44736375186893323
0.41952048839599632 0.97039855749774051
0.55293612260236602 0.36518814629508917
0.71853935614999065 0.37772336355600200
0.26520512623983117 0.73963073635338294
0.50553922496081449 0.71445143270242517
0.91232575837542684 0.62978128047633208
0.78995977860475142 0.36571258106296484
0.62456262904531856 0.75596826825297425
0.59747955974570965 0.43379417007098287
0.79335007604432450 0.15702621734008454
0.29791567317024825 0.52648985885714794
0.47384815391141355 0.81944729346873046
0.11317722608629771 0.25493124496094044
0.50488805177592522 0.50871288605437981
0.49379412660696986 0.61888915498871222
0.50941679283054853 0.71721321066199539
0.36603060614400490 0.73845042774414382
0.64345674094207728 0.22294785802200034
0.67634287852249597 0.79566015699238923
0.26995096752731229 0.34365985739840810
0.90171952494209273 0.47668732999344299
0.10045882281597354 0.48986559690702564
0.61367081856216632 0.82844416860450221
0.04615462043290625 0.56185671200292120
0.40894024340887830 0.41232952870617862
0.38952953997301465 0.58968050786357673
0.31131764956683633 0.26709293493563574
0.26060851940236446 0.20293263980456594
0.28959449992751679 0.53257429271425905
0.75486187557527307 0.47822493349782080
0.60381940999253936 0.13507644967810822
0.66183512619615237 0.42786036831138052
0.63466084156900671 0.91729183671266135
0.37932162321285712 0.88188976414045706
0.20141658467151907 0.42500914616524571
0.59513425562991096 0.67313200179716193
0.90318540461863983 0.53340544269543078
0.14744165150917843 0.55597822819683207
0.31364445026208337 0.27357553824641234
0.51122366352370252 0.14456215862310554
0.21125613233873189 0.80701425930706283
0.49765450174803810 0.07071599761776171
0.00441427013579412 0.55784443675828865
0.69345610103831812 0.88951052760025828
0.78852749027538627 0.49664073072913290
0.40252638466580160 0.58137919111709269
0.50834464346159181 0.11953835176548103
0.39343015946133730 0.04887757483549989
0.80696933874786059 0.28798954467771531
0.25693696927658405 0.09977409288108975
0.74927407276995117 0.45283570338575546
0.26138223367922403 0.34473529263031044
0.67588247875871232 0.18176883392058943
0.31594030479426188 0.81561708270803213
0.18134418408191200 0.40028542559356245
0.20315298136082766 0.28380368945416301
0.86488751388478813 0.71234853522181063
0.22258669630087954 0.64070195102192928
0.79147583466848614 0.14954718187650867
0.44374590755649312 0.51588060850850337
0.83390985732587342 0.70621596694330824
0.45471343402024506 0.29682885951083116
0.57013348685900744 0.32178092610893549
0.28839084383185271 0.65764088787877617
0.84723253257039255 0.34061772584794392
0.85259493042292711 0.35593666866986146
0.34684261364433550 0.71891706160662616
0.57102977968072965 0.16683918692647989
0.40259384942179671 0.59338889799174743
0.89730748899524770 0.43365819398321975
0.67239917676748395 0.31262022806208345
0.34405736661819603 0.12275734677641353
0.24052052257200393 0.85459841198496656
0.46071391749007606 0.04210173195135860
0.19012538327642711 0.22095746439525196
0.39548938809235906 0.24374685518009964
0.72951726691284335 0.07391889714478757
0.57847703043324472 0.84031766186984191
0.34234261719454784 0.19163490902667701
0.40920194500060220 0.96642306824175017
0.48198600126389901 0.44413990795481600
0.60184280878619223 0.52006643945232012
0.46397369453044557 0.32320122713250243
0.36040916519316002 0.78829947850669380
0.34271086606289092 0.91904717950348502
0.57193553772657191 0.13170399057546905
0.70444014806922317 0.05359016427433920
0.74280518696403008 0.49415686663482311
0.31528395591320646 0.12816238631841953
0.08123407455651267 0.34010907247506500
0.34592437337673898 0.73433453106652480
0.18729534472895035 0.82933511431749440
0.22998047758198523 0.69280442759860195
0.46296344535712408 0.34215282398744568
0.16166739947775480 0.50027668998365971
0.35440108476286142 0.83633660614084437
0.49935139631368136 0.33549525740079822
0.57631021829473572 0.74514384911765175
0.60309270425422679 0.73420843086215393
0.11845004208243649 0.26041224217608211
0.48112731736776781 0.43529467472083933
0.10857069947104606 0.54049912335094397
0.18411693468386481 0.66882817692866015
0.42534941494076400 0.28481814360294427
0.25658691099674436 0.83384244911994410
0.47855557551122363 0.83157707646330670
0.87521299950078368 0.36481206270889316
0.22049928971065638 0.23123316991924933
0.08198961157535323 0.47502299673038273
0.49695835514940861 0.27783909044076216
0.68731972030222788 0.37083478966772754
0.20543860629858857 0.26957507084192089
0.72736072127752827 0.15025339096798568
0.91872381703604133 0.53737373223291485
0.36446580633441555 0.61418022608854295
0.87385979076177156 0.31244064115603326
0.52503569130061434 0.05012709512186617
0.74857869037649294 0.71372965768229690
0.81108443703544741 0.55376357566580803
0.22281053105863935 0.13005243325438443
0.07537760716038071 0.68693384472086305
0.24469220237398590 0.61453052870855851
0.42548232032754446 0.52700331366096131
0.07569239107073117 0.25063335363039851
0.57549720469006449 0.60869849223355499
0.20360464558677283 0.60412324074396606
0.63108315875642251 0.22965749891294640
0.40959331233163937 0.38600475642522053
0.09571516284526253 0.55329568251058125
0.18173080044260284 0.79720286016885655
0.40184682426292950 0.78395748916457708
0.72034103840656705 0.45283757706471250
0.35827275458236230 0.82056877976328413
0.60539224340038844 0.18594503013463784
0.56360922711272998 0.26880614234943412
0.64426220797278966 0.70150308842842668
0.71017982208099462 0.67572908149425415
0.52164069017135928 0.11350043260792798
0.70690766161556207 0.60029962772402234
0.49565577853708603 0.46548157386685579
0.18964622226417491 0.79742076220861313
0.21466106257898004 0.11671864870702656
0.27652560857271336 0.26403072351819878
0.56975432225799072 0.43105614064512715
0.88384385309666180 0.66210197994809727
0.14992322875424183 0.41345099584209849
0.39116615172264579 0.53672960305658435
0.24892560509331416 0.85382075400799373
0.48393677717001055 0.37232017256338473
0.50817967613509263 0.92509991671441838
0.28107092835217606 0.78428417206938617
0.55582328785318524 0.90062472679450511
0.39372241373994249 0.43530043080237329
0.20577838387248801 0.33380803049890018
0.30650538456851195 0.67133072222530077
0.91668758588975729 0.63923838467969618
0.38430736404530713 0.23030167301986845
0.46872026030128772 0.23469676317755417
0.31849484242562004 0.90564480756313603
0.61330745458913694 0.87178153854332785
0.36750119040041740 0.37580255403183099
0.28075239811000818 0.39902200701127177
0.26946703920049569 0.63750051819187359
0.22856697267343420 0.41210027476814370
0.27433182949836671 0.42465606901133518
0.18747810958262834 0.12786285495376493
0.62234545918599704 0.82801493993386199
0.35292227001207022 0.45299355109968065
0.94618505561169741 0.46540871842400433
0.71730835094858025 0.78017559014343796
0.83048286042577846 0.19312740976664006
0.69161889587332415 0.89462049854559722
0.65358536938064848 0.24796220349824435
0.57477511890883148 0.58311368900014682
0.89401996537460260 0.48394688691832177
0.06862130034580863 0.67348048793668569
0.23185575264231378 0.44623233365871684
0.64954217167179218 0.87130432991548523
0.37321636838638350 0.07897057808905758
0.70885106941190856 0.57814999214830320
0.54052841259608631 0.22701042736081045
0.48983119460379543 0.16676077475817908
0.34531712871255743 0.84567888920390166
0.92072454712227647 0.60040028273952006
0.18807162815171549 0.17638239492977320
0.43911130517564201 0.02845976569608709
0.14968097240034509 0.40137849756467547
0.36057795953652949 0.79193944045083198
0.41489317353675004 0.85328937292390883
0.64582420159603682 0.18726324073612158
0.27294542876709765 0.41383639263792205
0.30016597789063276 0.33240892372009845
0.53745132201634860 0.79757135322710881
0.03072707302240525 0.53770827213074923
0.24854661332710690 0.83803394311697499
0.19952335461205942 0.24757829238728285
0.55246930454679666 0.32920740374095780
0.10108059592955972 0.78866967157557633
0.08187192092617883 0.35246623647637071
0.32964064522284570 0.32174294680524074
0.15319291636959328 0.43998505618413991
0.26894510932685967 0.85668357103296178
0.38637422069934274 0.50922981012768842
0.20817643895806895 0.57735339670614472
0.13601788510054880 0.51625159542634791
0.54755445741726705 0.35180349744445438
0.49339366973969617 0.71920296089845437
0.64556440468840048 0.30377586788051175
0.57513962364811089 0.89310020683327218
0.32401790820150578 0.28266512128828908
0.27961780551777476 0.25993195362457472
0.60730229743097530 0.65024678016268311
0.54139357097602658 0.25252402238697286
0.48352255103332076 0.26199291937384378
0.77237646069006372 0.09949344672765904
0.56970807930468326 0.84673972826368193
0.43159123666963917 0.84749178965020033
0.16478456166077687 0.36244007882501772
0.10977072202164925 0.44439127995447186
0.87210629953040963 0.27286219977920156
0.46678121209607171 0.09192677801948190
0.55218514629385207 0.03720251635967769
0.34719882081478293 0.12079852356425608
0.56364399032775714 0.30023384222009791
0.19941085214717588 0.80419108623914304
0.20073393617181048 0.16073726043969225
0.90366359390077344 0.42494475175600543
0.27443831975218241 0.09595288579993681
0.83332764970957129 0.35883015200950880
0.05612412217247126 0.63378247670427523
0.37020619447134667 0.15388134971835177
0.18409967396953966 0.18996333253944822
0.92620543274052702 0.55375204554329260
0.30256254832446650 0.43857817152773249
0.56357498950815355 0.28384644865098635
0.37357746588337909 0.34962351126384772
0.07774190713340429 0.45635146594558362
0.45760094744952767 0.83394247113159226
0.29181435612264678 0.85896499048468977
0.21769363934866331 0.53038846339756573
0.34293623681392299 0.57470098203886677
0.38573217879821919 0.79844699015243914
0.37576203608676922 0.55180823476541030
0.55397762370733972 0.34765271273006759
0.20814450857091613 0.17688774163866244
0.55406455919988085 0.22348188595770674
0.77874224350946830 0.22613377771872564
0.43619979277282456 0.86745112880870767
0.68054558968087564 0.23637978242334803
0.54157403501243329 0.67096335967790588
0.68876767886882562 0.50289856101777142
0.17948903711848688 0.76736513215242563
0.85839902746084806 0.34475484003300039
0.31281984306921584 0.79317761084255090
0.70465964879687126 0.16659694124110760
0.13799130236156343 0.38502197521916071
0.88326875499433166 0.59073431449057701
0.29884088660750235 0.29087167931931429
0.23279836705850909 0.58181655113118569
0.45954705089046660 0.66136635437025149
0.39047421839297997 0.09265122134640180
0.17521564413719121 0.84000071921536246
0.79115388913459395 0.75695071339575981
0.31902175803324656 0.38707465416405890
0.15028745321914846 0.27758172744899373
0.66355114539649895 0.73035383618897343
0.77698609661520457 0.29844968706264302
0.76879750978926997 0.83328021633817762
0.33370021323734989 0.93706008761933657
0.04519284701061740 0.53443184391899656
0.50762717116053113 0.09322723750158765
0.39839613259567486 0.67489762446039958
0.87836528035368322 0.25797716748067795
0.18476138607823878 0.14484701650646531
0.03365361294897553 0.38418754091705870
0.04406427465923724 0.61920099924596961
0.50764258464210232 0.11083672268049012
0.36589066781555452 0.40590142853659500
0.63097502651648318 0.71479223973200323
0.04039463750465629 0.45015000864962190
0.49767421487049651 0.86112252880845030
0.04240744948832639 0.54785334133647068
0.45122495695180465 0.25561629973461530
0.13561417828053049 0.43743730677650433
0.37703952103061700 0.29835836930616466
0.28052790143515099 0.92196362002947319
0.69748341901820543 0.35641573267691418
0.67300366309993298 0.79111944389894429
0.18278625213347205 0.57646523972015684
0.12276986669285719 0.30435967678856884
0.41281538208381896 0.30849241056414567
0.95693769180314125 0.52001663298622924
0.46326726771897059 0.53470301426953992
0.22677008544544780 0.38252658620783991
0.44064631894544132 0.58264102101775672
0.06027934362468621 0.38476755670839957
0.59160850973267931 0.77691848086025361
0.95008813774866241 0.52154313397417673
0.64553278026898409 0.14092947734426289
0.50065841277242085 0.85554207206664834
0.41607104026711744 0.94505440008830888
0.91366151722026157 0.54988334022932883
0.73664788003305703 0.71467497614484710
0.69725725538231320 0.61915943595315892
0.50623081616098309 0.72124322654215434
0.70027135933389084 0.12265632174344718
0.64391339432374495 0.24307426555545933
0.74654955068799767 0.23428447215446285
0.74409168605401155 0.41692252247873879
0.54134769196417565 0.71145261714808217
0.83443631105584815 0.18394391247278782
0.68384407143086356 0.31665604057390095
0.65146026310355720 0.56040933143313088
0.27456056777172283 0.82757407211391687
0.26767029704661333 0.62157522021163425
0.51032853879765550 0.60567307845559915
0.41982946122257697 0.65957482520121546
0.61964432188761365 0.12758434438520252
0.03426917929408659 0.60287643584765482
0.72867971145560195 0.49388971917781765
0.76577680139508264 0.85128963892590293
0.48749939264004277 0.14883606168792951
0.57083252579461474 0.15836768008967150
0.67255839845773624 0.05927057348866938
0.60754754383022447 0.46691814607586885
0.81821838033588534 0.34634637548495617
0.16888363962089248 0.19473663645396874
0.47278642019225642 0.41439250388800730
0.35366621295327816 0.46974145623194430
0.81351979730351398 0.65991923557921517
0.85129254308352154 0.24683214048642610
0.39253456347364746 0.20976236980299037
0.47234227792175970 0.18977312697007220
0.20842651377221533 0.14293163501110576
0.46328442043011131 0.25105350810123167
0.74465388707885638 0.42189488336014669
0.11271378762805379 0.62338482922152394
0.10648794335201231 0.24131441632371803
0.32528202577018417 0.54315006554178213
0.49732788385632221 0.63605945245961115
0.37873458746719618 0.61469422602810464
0.80157872144143938 0.37895753715453734
0.30117522504405220 0.82355303064850571
0.70748761056317810 0.12050837091635182
0.57337483234767139 0.91623745494591313
0.37885268667823813 0.68856144894397808
0.82491839553180368 0.73525936943868742
0.31998484359380946 0.54411735926871252
0.47722049922901200 0.43157022184410920
0.18465874754223929 0.15961879697043410
0.02405062167787822 0.44120930391598617
0.35709269597420240 0.13847856972553244
0.33053749564206175 0.49426688198879060
0.58454825878291039 0.17280060117376658
0.89055983619485291 0.27245021559558052
0.33050536509775452 0.80399186840374037
0.74150139330000497 0.39020442111845810
0.81937165363688980 0.23388301396331737
0.51954221299408820 0.15469774956544863
0.70936553344881492 0.44565776036677518
0.17112221955772391 0.46544571398152068
0.67649624356111004 0.82326294168254677
0.62260116361406748 0.16146885695951321
0.92294252157670542 0.56841390017486293
0.28919447287176114 0.08346667400087850
0.54248582871573003 0.24267392954771935
0.72652634477727041 0.24677519246817867
0.16351452511040557 0.23324363281735433
0.73820047116631893 0.76772381894465147
0.67606782072292348 0.23389766764384790
0.23727359095107756 0.44442945514816001
0.47262474670866639 0.09991272104774152
0.32071730015145467 0.26391683704549390
0.10080207965456259 0.74670885761233619
0.09204742485891464 0.44632734834843713
0.28859080751643679 0.21008311566570681
0.44390128950411284 0.04557309167236067
0.35578732224516629 0.47479589956131357
0.37667169266817269 0.69652810841079904
0.51979278353555047 0.50366698937226262
0.55521108144872222 0.27080822261510895
0.33332177666399221 0.76461342502000751
0.41375279041315438 0.93771251022966795
0.36999417395655737 0.17497266955192317
0.65334793455641715 0.52387636762194079
0.37921028493168313 0.26035797642413633
0.49237427776795767 0.75225277708594407
0.21808570089220281 0.56556740331479383
0.81991696884442333 0.72837078574628800
0.71262169726818814 0.27396323405022421
0.65219353665626889 0.80525784735800365
0.74342756969616908 0.42723746439140048
0.38138980712798337 0.79717274384289316
0.08355759464528532 0.28018981325700754
0.71806035951342762 0.17956335216080507
0.42509883250543162 0.36734917060067268
0.37879003252810184 0.43178191102003910
0.81704002653790497 0.48959692110610714
0.15396660317825142 0.66805586363053238
0.44324438236068509 0.59630245516327729
0.33899589107376532 0.42360615514543037
0.13236076810996011 0.26489802315739669
0.70496335802179588 0.38735864274400550
0.34638887894728060 0.07660240842642707
0.19553733660447542 0.13517422369177950
0.60584179871906751 0.29902790784212041
0.14872225598448582 0.76466155181328932
0.37558311945915035 0.92738376451780069
0.61076766610505850 0.36419407625596978
0.68039970667483718 0.88542087049743756
0.45701722543931766 0.19825703389582763
0.53529375049659544 0.23756181344922311
0.09577788603443642 0.70893365431504984
0.36625867281056623 0.85935232579864873
0.81703586604236822 0.63098179467922000
0.17637226759904878 0.70180445968800065
0.10329602118837869 0.62648137609992582
0.71029967193913490 0.16048260299135411
0.52649266841983555 0.89887193373066088
0.25760854614961437 0.49434487577037267
0.56660368778305026 0.32756502557500616
0.09395704042146251 0.62244484993064597
0.60731428188004200 0.17820070686822737
0.21741986366057664 0.24594926522309213
0.86976178490755063 0.47521917720368023
0.28778117826291838 0.13625417067831888
0.39406800772355788 0.21428325725732253
0.40143855489402003 0.90198075558780610
0.65356312079992551 0.29607163253859986
0.06974056709844254 0.41866332640773446
0.75229761595660027 0.63076380761504802
0.92667886960224810 0.51917602301586663
0.74667072069550922 0.37179263764826953
0.42241703418833887 0.69925021571600643
0.46269936686476565 0.69115437173053940
0.30288371121504815 0.52715027658642855
0.77398389966462244 0.75891795458552680
0.72798943471388611 0.68193992596560871
0.34658443958921420 0.33630863369597019
0.41359760272100382 0.91794818614687901
0.32535376771780256 0.49464162702642100
0.35463857932586823 0.82412352147371504
0.21670573659540912 0.76802506315677499
0.19674694817706581 0.68175515136872356
0.34980897859428350 0.40978545703718255
0.26660825155645246 0.69776337950216250
0.26321910119310116 0.28481148682175172
0.64590654970366890 0.65779417732399081
0.15391435485946303 0.40280776305154897
0.32614254486861494 0.24687788822503801
0.58799538460439438 0.47371383452680643
0.57405781468370642 0.62388061967662645
0.19387935927104488 0.59013136472134875
0.50703991452490205 0.23822028649616400
0.20481205698494739 0.26164665791611053
0.37941483340708498 0.05573810794101936
0.57394073857679417 0.53990054837048906
0.19720457491492094 0.60318390749329820
0.62809207262945344 0.59496378485418067
0.91886416532270387 0.26374185184440363
0.72786271511562239 0.11768068502082725
0.22422946778710537 0.63348746844805381
0.62198562925230405 0.32294543330714831
0.88943969994415129 0.46604394058832277
0.74162282497460674 0.37107237857552178
0.25852640932395038 0.12598890153496448
0.87646784009567413 0.45094165017994403
0.19222659803107603 0.35321695404618059
0.16585542284547222 0.40120989761326226
0.53596367824113511 0.25224818774476582
0.52243142629780470 0.88574127390247082
0.36736045830641856 0.43027731615122994
0.43062481182263118 0.36955571453132868
0.68025226218243962 0.69230577487036782
0.10836003606608785 0.71814351425245426
0.73346507674393846 0.43157286601993777
0.56442502086081181 0.12219311304684029
0.25611739710900039 0.63612739364429050
0.83731507139829653 0.55344378537787420
0.57979538260015828 0.45899179016313835
0.61169154858860142 0.48088890438734727
0.38453265347579618 0.81023787886696896
0.27581056245415475 0.79602244500523545
0.83190175835036728 0.56332399758550777
0.41212333191398570 0.94173304327402751
0.32962692306230862 0.74187957042634289
0.43111106541501987 0.58101969188620728
0.31451744194620523 0.67858523331629106
0.93581036083760794 0.54346178312914128
0.18020811217349064 0.77121006664323155
0.57611830072962134 0.92328560628850664
0.27749721054570503 0.10240057075187615
0.48676809167501972 0.73238625669507196
0.06639793755383924 0.29166615437726073
0.89238167796165535 0.29546768670528550
0.00000015757335576 0.51906889886742702
0.63547510991401135 0.83089587343303306
0.15281287433049501 0.35941050110371014
0.21105132584502373 0.17890294969825551
0.03601846833983573 0.35936961472670093
0.89853250696741582 0.48883570308779317
0.23402457196529070 0.37251026090146161
0.53325501922825869 0.94745650123372771
0.48618289116234820 0.91993096980142564
0.38887699332814069 0.31269295114760171
0.64660235276717093 0.87583406684439091
0.64466266382967530 0.42482719648010625
0.44231409292011714 0.39876885374340787
0.62457686706001825 0.83192891859396589
0.12183162292337178 0.28493104528229907
0.68728058975891004 0.82461673028605476
0.13266395076975415 0.20353028308584209
0.59872342528306088 0.73643731710994154
0.26473178077551623 0.61157507616141948
0.68112583569041307 0.68536735263556059
0.09913391359748172 0.51220053887606320
0.54781645005603974 0.91958271685289084
0.76294319105441011 0.40768774227312299
0.36664083151669125 0.80545883276895869
0.90349050946248033 0.58003552870840469
0.54789448768981353 0.30276494585866820
0.65042974784288099 0.92921368668132942
0.90821754853377057 0.30543696211542876
0.44588538321121701 0.50197436918058524
0.25820473962413815 0.79695198255214184
0.35879519606325128 0.53458125906848963
0.75759348080376598 0.83594652862756691
0.36067921368106071 0.17225711782065678
0.62819593696927101 0.58686147155894197
0.13938437933060391 0.23332298994760109
0.54145349968563949 0.93026216835033437
0.75612715037682832 0.18233415356249835
0.52301272260590193 0.38072503429292498
0.37892724050168408 0.11239620466602275
0.75872386130239311 0.77167489683633073
0.33830610297190772 0.59868711105425942
0.08764820170539288 0.73670022324479101
0.61772828879855324 0.60503202553608337
0.80890739844348791 0.23739889727472530
0.74832018221116270 0.28264510005578991
0.04749010130105573 0.48287565323360471
0.07715551961145443 0.27794808542105814
0.24355505527695639 0.12288369510591876
0.50131905446844871 0.09424790080984566
0.31903656427591787 0.37613408346375210
0.70514889349986032 0.59561734818579581
0.21979310031516097 0.27680757776219328
0.83282616214215577 0.38214720038906730
0.09188678482501088 0.55923665247349807
0.76290572590154015 0.34210257743745426
0.81777253743299272 0.77247398457598371
0.57775000085703421 0.34331371802293181
0.20190921560709271 0.41022034067132801
0.35195368353785655 0.61185090049544688
0.81449503298952475 0.58593603368566693
0.54156601323352194 0.47592667390506882
0.22680692453673670 0.48477155254937088
0.48324421520400968 0.84400353278795648
0.55243412215373167 0.46116394583032233
0.31212554843173945 0.23172883717498438
0.21263635556703914 0.77115702534225428
0.51718042524449837 0.88697008138080358
0.35319822842100035 0.80932261295057950
0.41072823666045827 0.34938171617762143
0.38989272391619428 0.76369556382569959
0.28409404869990473 0.49188389755655237
0.78515950063757423 0.26822561533830219
0.44682728602779109 0.40804235617922557
0.35014166848027078 0.11023578984818905
0.48573794312232516 0.18175168364107630
0.39584657868921008 0.79255928705836409
0.80713447851956133 0.40644266036828447
0.71573118200215891 0.82877215066331578
0.59915132841045871 0.86051729163115431
0.14877222497979684 0.26295003875264766
0.59321780323288342 0.30363654204576501
0.16930729864804067 0.57041926715564883
0.49934407652467300 0.30322509605688325
0.43782881954427949 0.32270855521372810
0.35635983773494229 0.28321516353651471
0.34177471329798204 0.44185328621806558
0.10735320502143919 0.73492257868780608
0.09157053485216418 0.64275539511763258
0.18426169212443211 0.63813596334943801
0.41384044161334471 0.82215561479088983
0.17049115770019305 0.66774223692596280
0.41532711524415056 0.16215569515770500
0.26600239180608326 0.55813720445618820
0.78229400506983970 0.38571877620463663
0.75380912682304668 0.84771408501406531
0.81212872030368732 0.21799948640110234
0.22054097305984433 0.52736448364347954
0.70985659573342030 0.76741646775881167
0.35293360712207372 0.68980452848031160
0.07185707984937273 0.59532004660049187
0.80217953002078013 0.27653529106547542
0.50655710164115852 0.25671493874931095
0.42630401178635263 0.01228711945623340
0.30134472419391006 0.24229575641769252
0.18571389023371479 0.40276121958566891
0.55100527527081922 0.91580047782503682
0.42228335437006947 0.53363864132111671
0.32703585807390012 0.56682102995913997
0.35796635953836736 0.43352818518572822
0.79999223013355603 0.29629844648410264
0.27348243471623140 0.43095244393253740
0.10477781415093783 0.37720304545072764
0.30262357996979117 0.66144233782010387
0.22353580815764437 0.28743998298612095
0.68627901408371583 0.68337580960206745
0.51016157525438299 0.90712748663955478
0.08609363023729699 0.39797045837697059
0.39265921045154001 0.22793914436379323
0.39214384313690859 0.77778085423660204
0.33494372808054479 0.90167751229892601
0.85648556814653631 0.57943049831998206
0.34875614012651301 0.80898723859480604
0.09629248314876819 0.81452715597713909
0.56308925453184200 0.91087903486997013
0.66297941924519677 0.85686884299628352
0.83994722330908211 0.72302814410483518
0.51049403381260061 0.70648003271450799
0.83792678633866868 0.33934473333533621
0.28040736575971470 0.75154526558484291
0.46089551803374357 0.11814065045423117
0.06002295199944988 0.42052234382096293
0.44766060667851515 0.36253430395785413
0.11604713378643086 0.42045246966761285
0.22842064911962620 0.15464359041188591
0.54032475232496990 0.19653657227865684
0.60177282970535351 0.13084073879289018
0.16969442620298866 0.39062782661586504
0.50142986361080422 0.29473413345859661
0.12964479278675733 0.25563231032170597
0.48145373433045308 0.08476832172024944
0.22188672504619522 0.38941540683330406
0.42946515707476063 0.24881843205358350
0.31999491857354923 0.45046016397803462
0.36081871771619067 0.13585759418188634
0.50419006735153749 0.05434758436691078
0.89665234908733926 0.61219175780580937
0.50964584140048708 0.87014717356691473
0.53751254683007033 0.05694897819050290
0.54326471012410371 0.04290676848412518
0.69801032974850863 0.43917409775751448
0.40325736554956715 0.79049936374325347
0.79389978622741664 0.66751136323241378
0.32322278486408268 0.71254102787406282
0.04288990041010324 0.65202764310629213
0.81701878744766832 0.73111510178173733
0.42728222550571587 0.16138969834292113
0.74420736300587476 0.62459232869543302
0.46273274177997087 0.17565842923619518
0.51605930755448115 0.16755737373000104
0.35168428624267994 0.16087923902671084
0.66843696753177484 0.85095171621825405
0.10639059805429114 0.26154611869328509
0.44507964141135631 0.91269090644908824
0.44548845689897720 0.81046820911853967
0.34948757920839341 0.16525791171102247
0.60084263901293278 0.67856740044390385
0.64977725647421514 0.86751275837552833
0.61175285251952505 0.77556295185011903
0.36151963709852691 0.66779285418182854
0.57248172817384591 0.34647880809101816
0.68074108749050199 0.19368450055665776
0.38479099340442646 0.30082982184097606
0.60839845852328267 0.13506345658967298
0.70435606686766739 0.37134700924350816
0.63568880815353002 0.10235214548160187
0.43700379116870058 0.07225882641539272
0.38185940727697271 0.01972235232871445
0.20648271081023253 0.35492316271189317
0.11265317719092795 0.24442593928193077
0.56841776211605188 0.62404456551074483
0.45190979442878615 0.18811307433030502
0.35648584405674455 0.48549492624247093
0.47356694330841859 0.43546902574498331
0.65467985781322136 0.09165331795903234
0.69096427940988436 0.77161872780459506
0.30783848988815993 0.33224336563622331
0.47389941174899491 0.57664877404572490
0.40912131483861913 0.12014061488282247
0.87039765911888067 0.45534608860202269
0.53862330599649455 0.60810163076422075
0.07332888791027425 0.28570469682287358
0.47544910774615440 0.77160997650612317
0.89485790933769505 0.46200182884519375
0.21969488784608457 0.72584397338001816
0.50460321102641048 0.04734734555590703
0.36232953621599601 0.81761345004989949
0.14568680298275430 0.74841796985362352
0.41073741158376653 0.56057289523844578
0.49682214449746670 0.59657022185921660
0.83854121599296738 0.70270366360013503
0.73924291927435559 0.32351989396992914
0.12512682785121246 0.42078642523359205
0.73243019804190812 0.45401810212745858
0.77218084160828560 0.51951001366368987
0.72495281456798844 0.24154565374817338
0.78974374819229654 0.72549033652078931
0.48108159480105323 0.76031889419546483
0.91054293278991705 0.38118292650157209
0.88804979464417033 0.26010351366337248
0.03579060649113974 0.62618096703783943
0.68912098099091623 0.29982240727567566
0.23753703635383366 0.35786252566131305
0.58130994294905802 0.76975216737773000
0.52622132281894507 0.44237754645655714
0.41209606226358231 0.08599456881031824
0.11013913535762213 0.74177215411554109
0.49105073879335420 0.05709252927746535
0.72152211915004183 0.37277839039807786
0.28576043934038919 0.13257708284292760
0.58994695725621082 0.29900183190867496
0.20073663799842106 0.78494376852186054
0.63622657641005631 0.47769331427451794
0.46699167188405699 0.25346627672719069
0.48230195631670730 0.14652959712313510
0.34512786131644818 0.11056334991930045
0.18984937737672383 0.75474549725358819
0.52192115261425320 0.36029213123029330
0.91394188096145901 0.44341300210365420
0.78413421829167307 0.67494927896896229
0.18843887365521125 0.61759099537604500
0.65642154639592420 0.43395223264553323
0.52290876599474390 0.33418322028980163
0.59242420638845472 0.11653102716599256
0.56652526679845228 0.16184383086766743
0.36022829957173291 0.83001712449902598
0.62402682043843116 0.36689696947578299
0.69442059844565340 0.09821840759078512
0.48141121517665481 0.90134417583621762
0.11466115679396528 0.77645424698181886
0.21494847825936347 0.75280466571821991
0.08100461223682688 0.65666339101118154
0.55207052331107054 0.50123106685360153
0.41447679446765900 0.56994621889659236
0.57855200137704632 0.59187716863162787
0.64652796227592979 0.20998724379762007
0.33517415587108884 0.47397560922973719
0.59692604223351275 0.80117954141734093
0.59468883190396937 0.73928179097786528
0.56693217873604496 0.90170694771253768
0.50399088829348804 0.74667388358021280
0.56868724618536692 0.89176347938303058
0.15290605983856442 0.76575839090933651
0.80991583274545031 0.49167599649109123
0.80816347876120354 0.44966669987422853
0.14573647174134452 0.79468092946088031
0.03042450304222840 0.40170703892016324
0.53738942830044434 0.58053168535362809
0.28927655038083955 0.34593855270759472
0.59033135092010736 0.15303713669220775
0.11467680553690644 0.42998483310583413
0.86146535840958161 0.61386932524136351
0.51109221106407532 0.88786704747623990
0.53337814059486788 0.43091381877431145
0.91410840033160634 0.35706540260336822
0.34540958708807956 0.87324578481018200
0.34090179004310850 0.81771589073124407
0.32148624347248045 0.54887473468386072
0.36327259774436826 0.43276405051369538
0.16642422748153110 0.32777097157036228
0.43652070834206480 0.59701123866230998
0.49510889847223211 0.26281198383349791
0.45442935308564242 0.44383179593025324
0.78532642189802504 0.27279583184191314
0.31204417821277741 0.44822906714194505
0.70489842565768479 0.12532030229696409
0.39252937389999176 0.82183086541556327
0.31166715994517585 0.95432821255191347
0.62203395621973234 0.52525964407642722
0.78127541334116446 0.27026111394834895
0.09392771923156185 0.66279333924175698
0.79431606499607743 0.53963636938983650
0.23971875924113953 0.75807451923810965
0.27397575264870994 0.70968892235877123
0.41961029559714308 0.03275646033645516
0.32541874136315968 0.19786131393291509
0.81473285278387009 0.36400451629972158
0.71196651556569435 0.88034799313381451
0.67803395737733951 0.24817781774695874
0.11867190928588794 0.75373267990911708
0.82756615196169137 0.53978618950141444
0.28435227822356973 0.71147741122149022
0.43242653333567860 0.81158404297893649
0.49694270578081173 0.44810372823669503
0.30676531638752730 0.95137609549036861
0.20720530599706694 0.11863080122066781
0.20451779718074567 0.38415293358404334
0.61836956533477616 0.87697283875568499
0.55594922173046002 0.15287977342435277
0.20634482534636880 0.18032905102930344
0.69823509909935788 0.68941635417139679
0.87279225068260413 0.55093179147445004
0.56331767155159118 0.51954974327744041
0.69757394179914689 0.36901835126702975
0.76484714541731336 0.25093041856175641
0.50718318565080978 0.64315671609089120
0.29997873379442186 0.62373410390160466
0.59830076400069609 0.41228791238218171
0.55848205532180195 0.06939961271299623
0.47318060240278803 0.87973945617718985
0.42956987547546183 0.54587839978556252
0.63722219710385397 0.19008666777848188
0.65533862692736622 0.40103290038784806
0.10079195248685269 0.33442513207600261
0.71892581880270112 0.44566215012881533
0.57470761345188159 0.24488434580399218
0.42752127054483829 0.17322849988321756
0.18684410899928014 0.19798182802935940
0.18251252205858981 0.19980246199377369
0.51223265069828072 0.90347669973293943
0.68100627178221185 0.34851594785881457
0.65106429891660877 0.65183354412212169
0.84552471147034425 0.44588220431250486
0.92039562176158807 0.66622374130996986
0.41633194587430455 0.95150327854125327
0.20567730696144532 0.84966578087225564
0.57018726886380999 0.02302362084560114
0.44140756384321578 0.94330764702772141
0.72327549389044943 0.15141797128454471
0.86651652158853454 0.35605593722160067
0.04731494745123792 0.65206709538867513
0.46244851848314239 0.42720252944411002
0.62342683870557758 0.13654404259612762
0.58352821544726519 0.47289105288610023
0.89043136212370599 0.25464255149682707
0.29359944313552777 0.11481809153429912
0.19417312990637520 0.38210032553572576
0.59283118663923395 0.16764357943266456
0.12777965686453688 0.38569162818664721
0.61369536240586176 0.05255656423771132
0.30882075737377312 0.91412246864198965
0.70764398753556745 0.24919364938087241
0.37712301239872426 0.34257740043128149
0.14527211790654460 0.27866237960697104
0.76317715567967248 0.69348544852737803
0.16626926231007250 0.44085624930774631
0.45933093754559445 0.30291464112181155
0.03518495210461671 0.41428459458020117
0.88512630142422855 0.32272932488130152
0.85650294157845253 0.60583033161459565
0.20484875467104244 0.68160265297059741
0.32071057292351429 0.17298117689290554
0.25253136129769876 0.80936129022169134
0.18074349652944907 0.67819031880547431
0.50982642837064340 0.44797069153526314
0.35023324986011500 0.22197404532919790
0.52983909443957300 0.19764005545971633
0.32773015120674115 0.31000530104749147
0.42464696969577814 0.85125962328991067
0.49430605358355389 0.14542571219518871
0.13536640033834849 0.61977340456347096
0.46856500356065739 0.24345921147799476
0.06714947667280251 0.52300052588776880
0.39731511989228613 0.33727759478962882
0.68850906814900714 0.21890591371071436
0.87760726066615868 0.38308980541775917
0.95205675373291843 0.50606868394669269
0.08037875409563439 0.70349645493863500
0.93354012746424009 0.36705282292735991
0.58049109005099675 0.68510264873951054
0.70591226901687143 0.77236463503927499
0.79646701868675884 0.25480513103537522
0.57934464688451348 0.11973797933438078
0.88929705903693712 0.34945041428709483
0.24477709314499221 0.52285054691367272
0.27307164912695114 0.69745636099999309
0.66705649258331712 0.42540530276927346
0.94628208362116051 0.43360889681470255
0.54606309094090655 0.44620861772613485
0.07616725330697330 0.77604478879680028
0.65396218370620041 0.43750932722987829
0.54375948387093465 0.71571523409893356
0.52188564152383410 0.32634426212606960
0.82123392690917585 0.73820469643795905
0.82018913024684115 0.23812372340123869
0.57426416431910854 0.69894245118077414
0.49817296179118625 0.74807837618305961
0.44362663239503480 0.02588576286349720
0.41952526713482946 0.73594267434859684
0.19968783689164304 0.25227581673109478
0.07128330354828324 0.45164132832412823
0.51676698388254338 0.55953466570009391
0.44420101662123002 0.87946533713586539
0.66238032190694052 0.88218005577474012
0.16182725675700174 0.52888114267323072
0.50957259454103521 0.63568126057519736
0.70771713671855696 0.30204115002339116
0.26425995532522739 0.82934690314587078
0.75337159681812760 0.75019579056143826
0.56548643814442290 0.11700151915908372
0.87938370954866563 0.27098412138946315
0.03976138110279633 0.50970442611576749
0.52696500707904148 0.05991182120024946
0.16297348259068592 0.18431038478671904
0.46774432948523864 0.69553613496587319
0.32758702965036113 0.27882876487542335
0.21733025027632866 0.25996260111220038
0.81260930621685756 0.39234607299270474
0.49893145424272745 0.92586427197061305
0.18083124874957293 0.78892290984061042
0.46150047776562964 0.46227438985319014
0.59913091056609569 0.14321346452088554
0.35067248460572109 0.28513913631761528
0.54120041736174673 0.39858209028713537
0.82149661630972559 0.42227262042877073
0.48765890682022506 0.76610210233234755
0.45804107730624743 0.06746988685575009
0.27080870461809919 0.29180405107513868
0.33475116259089888 0.70619005149000669
0.44116912237592820 0.35619613806762324
0.38948824908500973 0.43367755402144603
0.16606738456314485 0.23085461541304389
0.29424158672557349 0.28966620796329728
0.58742927404660017 0.68812282225959842
0.11549648448614870 0.67232384321936234
0.62970034325530722 0.30921177231468561
0.59943009466317509 0.47530629422551829
0.42557003664249543 0.82380970324245906
0.26450262778096173 0.29420599560723554
0.41347360752058238 0.29235893719519135
0.31631096995181729 0.52977896113646572
0.56048674209648330 0.57818519631891785
0.18444364213323008 0.61349507103245471
0.90909344828684857 0.55230042916812772
0.62111091627681525 0.19445058829495168
0.76185020274236215 0.60020336170844946
0.19894594014487260 0.27452630836165748
0.41955736307483965 0.29903268779593073
0.22206204706494145 0.75348206450257260
0.86474425136897470 0.37180622073634478
0.90225655627775325 0.44455998623127657
0.67061759934307585 0.88970756185244626
0.30876605415403863 0.10888969280803139
0.76078211168839793 0.29710650071763872
0.68809998272845796 0.90482715410979497
0.65961255242387951 0.13664118657532096
0.29247759032763898 0.85272348641626272
0.65506246437046378 0.42122066761838767
0.75773891535136428 0.48456941287786476
0.30385967673074926 0.20894150202434186
0.39850784260655170 0.46987322747240051
0.88389632659700734 0.25606771217473118
0.75158572790288714 0.66750068004710694
0.87680071260819903 0.38929066239174126
0.09013926071151404 0.73389936723725890
0.91237115613941222 0.53951392281359045
0.18279786975942935 0.13083082282736810
0.09787836422509083 0.63237629484118496
0.55791123246809737 0.50637495558468038
0.23064824281537236 0.65186290552810144
0.38102859156003183 0.06077382483270761
0.35912850858194217 0.41444870531153438
0.21377244778361451 0.64150129170271808
0.07357005669727348 0.68212738976497900
0.73323843024713797 0.68894431374420262
0.80016092614063206 0.60688374846885351
0.71468543630344661 0.32182973265590731
0.33742039785150507 0.87146658461948967
0.16824224799292931 0.35407980231690994
0.93678849929851082 0.58330181933271363
0.55919628837022739 0.23593618598046692
0.55836177204156434 0.06235764596293112
0.21900284697837805 0.16516688499036139
0.19526731877600731 0.63998071851143645
0.83295109611343032 0.80124183898565671
0.64959473418199898 0.86372661037907883
0.32189567535825525 0.41941175525951274
0.19237082619758181 0.27763921962000193
0.56926071483937535 0.55303559400352653
0.81914348770661649 0.47145837824252684
0.33387364089008870 0.35544311108803089
0.24199549062195630 0.53747706005655749
0.19672109621371511 0.39736380411986311
0.93977615873125475 0.59549336107749617
0.47677727151530996 0.08860795971975323
0.87515680902151982 0.53673403169739498
0.93529130282508977 0.46585174590498390
0.14640325509671911 0.41744350390419416
0.18707667516187870 0.37416532844363076
0.14556337123580221 0.41256671971079184
0.36208132018387934 0.35022870115026161
0.40130807138987062 0.77225095117587106
0.44480949147710952 0.59133788351635541
0.74627094155784812 0.43770469600580603
0.17123115990098853 0.32863357966485313
0.09381642884223855 0.71472920056826317
0.18626668399082022 0.15573215440098445
0.40199360536048917 0.38422759919315752
0.35441745335575264 0.15582442434146612
0.09815404741794803 0.50032070564901465
0.22188158289423801 0.26783151300997288
0.50026673626180229 0.64862631245640257
0.32444114276850033 0.52627370377583860
0.48540780092343266 0.13330445448225781
0.26146764843619902 0.67212985225592836
0.74197385716195097 0.51218413955843223
0.47313454001784416 0.44303356746947709
0.60883741325258456 0.61731690342127088
0.21565520833580729 0.13144018177665703
0.17892642317580856 0.33364677878308791
0.35448283006250764 0.94094049660862700
0.87201847703416913 0.46104372276547756
0.61672912887668219 0.17286816542374556
0.52810148195759488 0.70936113619142105
0.29563503166238214 0.29534237882662501
0.10770505492713872 0.76513686129394154
0.66386157879627672 0.25375068809794099
0.34038815596152977 0.14512240229865481
0.80097435756327795 0.80657569446865518
0.62847989845464713 0.79345896251855641
0.09507148268460286 0.65883259097168612
0.29503856003758516 0.50626547085871931
0.22491233324202523 0.45462196878874406
0.72801931844401158 0.12352855217944735
0.49417907508287368 0.10101899006559403
0.22033514866821599 0.53307044646596780
0.33107497080928422 0.84621090049094316
0.28597750077328815 0.07908243380488914
0.24196135616694944 0.50842553428683934
0.52234351884627850 0.18939592011113560
0.06864137260429326 0.48679290320930257
0.49027202260406300 0.01986279511171588
0.45974167941837429 0.20386604657149202
0.55474414074289979 0.24757557856341630
0.34783553049369237 0.53222477853635541
0.50363093462732311 0.49355639833579878
0.33189582632502179 0.95037211375676622
0.18031014236364939 0.83303495153860285
0.49858351242156013 0.65500146760219702
0.52463378682507888 0.79511178017017548
0.52437670650681167 0.59547631090091091
0.61031209950321852 0.41227801590827701
0.39066812623791347 0.16144010805944120
0.87777312901523896 0.58298681442489908
0.71799049535820769 0.36410926831866369
0.48203382432244052 0.31751851109929641
0.85957271817716596 0.75109025587337264
0.12177563779858144 0.24940733201894233
0.12279306223930636 0.26123961985894179
0.36399371150080334 0.85277730928676176
0.33491520575185779 0.07730978029467753
0.41653448952204264 0.83535187210316153
0.72509618773110585 0.07014235003586926
0.91956083175047709 0.46311454617163217
0.45127183973286117 0.02824862740316747
0.49650087035291968 0.43126853643206903
0.53006297834748461 0.49820812743463799
0.15326582253395432 0.66257174353224757
0.43541979638251854 0.29059439926966552
0.70289804771257036 0.67530776763563960
0.54855305157382550 0.29517177617929269
0.24336789801879533 0.26097543196941558
0.04573774790174225 0.34078881423976037
0.45785150911543043 0.06102628170933764
0.44937825070750220 0.64681982018627027
0.36721823889791472 0.69658335702994290
0.38403111864528233 0.09510891808042336
0.20966873179344120 0.11409249954741524
0.27940431293600215 0.25245878907245634
0.47499789204367199 0.83804990754591147
0.65847593180748398 0.43885260029877798
0.77531138397613553 0.19143461924619848
0.31691292677062138 0.36631311877729139
0.62724324361408457 0.26022962320640780
0.48089719171797363 0.21928120234200765
0.91796637725437269 0.52861794890077396
0.26893491099542904 0.56734470075679977
0.91099601200315028 0.65955786931045923
0.57487531864051855 0.53216351287968988
0.20393366812484068 0.82113004307101523
0.37126812326587089 0.35319887297716496
0.72078417615754131 0.76030628932138666
0.39085241443784963 0.04103451602608808
0.85806781370008378 0.27892651947314639
0.50930562291322024 0.75426172080593257
0.48090351851161556 0.52407745822004703
0.36231745461195836 0.47596412103607277
0.70151211162189897 0.60778068660100115
0.71316202532199591 0.37699470108168537
0.45938693411173886 0.51572171203185324
0.71647560230793195 0.76632945242039741
0.37363058504971380 0.12462136738919702
0.72321915935812664 0.09145715542592975
0.51312447492092206 0.62596652858339163
0.48700020651335507 0.49165395784286903
0.76852482464964678 0.55428619334781859
0.64733719308599724 0.52937295972295351
0.48490563594763098 0.54303632055567763
0.14332312570262801 0.71055071728433417
0.41182192463362494 0.12404974354043967
0.70884808966164226 0.36478468015868176
0.14996830237665831 0.22609223548424626
0.37140595328278764 0.80284332646235135
0.15177565459174219 0.40692832238239263
0.34444117137092833 0.52694531978354842
0.65860376791213826 0.24825362770200823
0.84772678769004628 0.19242222109660459
0.09595204051349190 0.39214778367701431
0.62463634879799113 0.12940345636704237
0.31913091764840840 0.81934813695267528
0.58278469636619323 0.91746212706153452
0.37090559020952196 0.61355582821627253
0.58835074780962360 0.80151384392622582
0.75043847475990344 0.32065657962607780
0.17353944689441680 0.59149392656219546
0.85324909089880496 0.79533733790142647
0.07833737297125913 0.73621319763207616
0.16032413894917744 0.55616522143345082
0.76980682970700176 0.85403762439123132
0.10458719303590208 0.26823522872147254
0.47928103882504675 0.42212148581547593
0.64161127815446617 0.92000390508129015
0.83718172812570246 0.44145749539084933
0.22334075778616141 0.27890535716519116
0.89574553361927001 0.37678952102718444
0.50282349059066056 0.75129711814168132
0.27268441957017786 0.10099058870648257
0.34319760210921013 0.59024482082388108
0.59321021641317373 0.04448458395639539
0.57249770173057912 0.61234288957110850
0.59554130764489588 0.37410543274027624
0.45401714553692590 0.69125398521000270
0.59790041377323111 0.36173131280465587
0.20092110758164172 0.72658489279867589
0.58181229321157679 0.61334989133883233
0.42135605856893499 0.06393157473037824
0.54901243943863509 0.77693084600455697
0.20583368450297335 0.79710802808758374
0.33026692890887271 0.83416848704277180
0.40304375206685805 0.61236775158816725
0.69817783293262237 0.20643908175580794
0.06659797443040784 0.27025095375004388
0.39801170177547557 0.18028948374326836
0.62669917021951427 0.25400355761918580
0.49123781349196599 0.37920561424166582
0.14123800187875224 0.42869593429937075
0.66094132996397414 0.78093358108484645
0.93322987149838821 0.52036851725977795
0.11963288448570002 0.20036454176226065
0.22767707874542745 0.57697352481017039
0.66593109913588799 0.55524564705883583
0.57335033153301396 0.67966139114440183
0.64023008441301277 0.90540118324478525
0.15784905872275723 0.82426079142190267
0.40195875274097476 0.32213101481592155
0.34920322430554718 0.52831271553447212
0.58548385761920430 0.28912946806046219
0.30991604095936337 0.29955319965351201
0.54995404844185769 0.70170523938616769
0.37429513746808879 0.51883378966057825
0.87562515987862988 0.43213218094650679
0.19959011932418033 0.24266567747241058
0.58396178775119734 0.80143076943978886
0.66933679035716243 0.23200557482722411
0.27723502050886351 0.85799222575737188
0.62318754179662661 0.47151489475224639
0.04389795071271164 0.34467890747097840
0.48479416259180136 0.69177525971572229
0.90273243508189283 0.35829771634564589
0.09341822310104825 0.57533019952922149
0.20393702378630063 0.21844656544694069
0.33771809589534763 0.40761489361966652
0.67403003408172779 0.62740059623185052
0.44847534095600267 0.39941544304891580
0.74631613850417600 0.57011706925763850
0.18600422217858584 0.81675810054804687
0.63161066476102445 0.14489064032604848
0.47280977364931431 0.22658616525831848
0.86571906358613693 0.71646587711367016
0.43751420266366170 0.49015173040863941
0.64841149917547425 0.09173200195377013
0.48931036944438894 0.84400076661833801
0.52334771135433000 0.16853287229967004
0.29897864950457176 0.67172070595506883
0.63280693697224955 0.55992043949628878
0.36071170915986667 0.40343131131572185
0.58258948233497521 0.52220131637941369
0.57358308404448888 0.12705393766800838
0.59705986710793613 0.64935851902947395
0.44944339312110115 0.65250625322953715
0.64344260307245571 0.56056135556068731
0.16887882067923637 0.75641716789569668
0.34789643746022941 0.10594070687288477
0.57178179262611273 0.92620586910863334
0.75940654293056864 0.64756045040373245
0.42624000641186965 0.65731197553505427
0.27894979860151575 0.60205400808577902
0.58011757104153971 0.47961388009089595
0.01692351288865560 0.41404166727228897
0.89085733752717788 0.42731468201618389
0.67224951253205889 0.23566722511802776
0.22201845782020782 0.23513352007289048
0.20783720014274498 0.34721340063774686
0.41706360046582819 0.62764314936814003
0.58128972482959618 0.33733534322852526
0.49071923632641457 0.48672322709790600
0.54019441615049979 0.81586465880052550
0.56069743272990114 0.44412181590246852
0.05230448899716513 0.55893867859976232
0.79976473073428755 0.14497581372970328
0.28793306213428743 0.92105516265530929
0.70444879528724325 0.61554151937468948
0.16412325791534943 0.36830401383028155
0.05400520624096998 0.73328783848012036
0.32939351525670740 0.20003943755417863
0.25853233253150110 0.52210712775778201
0.34562440127177396 0.59515119093262603
0.09209889860454466 0.67090475313586895
0.77592457772967904 0.80478137112352321
0.83244721857091153 0.57422140496041862
0.49857969048958406 0.35936671477465182
0.10351312631699830 0.40112756223174240
0.07376051335083622 0.64001968006618615
0.59188914097448508 0.20327178467036686
0.82639979223213444 0.22100574030022282
0.57714062579842196 0.38040306877392138
0.17799930209425893 0.37248878871521152
0.25118917653241946 0.64652252516234243
0.66265313275997195 0.44242143930573802
0.88598333081050318 0.36773739102622316
0.26300697216839125 0.89060113327748103
0.83422866994700651 0.37272711379177792
0.57436324766539693 0.29922024380600404
0.63286925330395816 0.43148319865196982
0.52202225942756675 0.78207132511552591
0.47745285040908314 0.47323897817853711
0.26804907116766807 0.22622679091105541
0.57687363205340592 0.52496449310083049
0.44754726517537069 0.66882749610470948
0.31768416004523375 0.93318992693003688
0.49557670745958043 0.91644999875071542
0.06365598512274587 0.71574659992077339
0.89426456890545170 0.26771400464901557
0.42758100772216817 0.21654990671233112
0.51961864530199309 0.78564112810716069
0.33656711494213543 0.61424206709471485
0.54490222958529577 0.58143693362950444
0.27831096346850631 0.53127129455568067
0.34408850659820950 0.92409183158953823
0.22527208468988069 0.58418640228304775
0.37630741274981155 0.03912141881750207
0.87946213784435634 0.45931284556688329
0.51819564925669270 0.34369572272268989
0.64297240884369788 0.86125904386933172
0.36418075939534744 0.48465232373160283
0.79959232974733685 0.20974006344032711
0.80524721960709877 0.71520580418286828
0.62867473404586449 0.56980476523011903
0.63889091184366797 0.07980939314316016
0.58057010375497342 0.76443976893232901
0.61820072971276585 0.26225590865654186
0.40671729634341458 0.30594615628476485
0.78897260649752776 0.17314378842323966
0.13970397835048770 0.81250482464907281
0.26169088264998552 0.25243092229759817
0.87163422670275392 0.29163291294715660
0.16678435247190829 0.56507718473090840
0.03923912801014860 0.65214064062095289
0.51590629657656994 0.66275149192447047
0.51823251413950344 0.33856707915760859
0.78887839649466185 0.75373666290384378
0.84234074451951102 0.62340382850611897
0.17886213006484444 0.78050197257343357
0.63543876483781803 0.31826360027897721
0.82863452361085299 0.49222254027325318
0.74372657415036569 0.27942059644409717
0.07401747334283897 0.36480991091874654
0.46010410398913326 0.11355039372657771
0.67677460472291762 0.39071040867823392
0.37522004422593402 0.11100399117400374
0.12779284753779502 0.30600245114901825
0.33380353646885541 0.94450849759416455
0.22698099780271025 0.46797144364097609
0.10407457691917837 0.57337276658229375
0.45577145766636223 0.18217545901821361
0.88938719455485737 0.65982277075186313
0.35747176121755647 0.24299212777618459
0.76262785815169665 0.40082712818776561
0.05577805927035974 0.69978475865912071
0.59857991708058433 0.83382361139048122
0.24224247377965880 0.25558647211904462
0.22268742288594301 0.53568786561055881
0.50323590290754772 0.81159179945488347
0.85796358267173389 0.62236700080234586
0.46082343706032486 0.90487114371824906
0.24823361914455133 0.40483248692461510
0.16647897579483137 0.76324546388507630
0.36136451831061556 0.62290698883024431
0.15714600169486467 0.64576856623080536
0.62819654672912051 0.36181087614257956
0.10044310475084749 0.39508928807525406
0.38496600678945869 0.88014288070817459
0.62791519102045323 0.43937108399932934
0.92456120239203776 0.63490187879006688
0.83614822653588405 0.17030419093640897
0.66697368062224804 0.88020790068108834
0.74535905221040266 0.71948729134909317
0.80956125943601676 0.67717519539352744
0.77048107870926030 0.72211733037071635
0.56504881221562908 0.10264820853406231
0.56810627161167204 0.35953159592214101
0.23204018518158434 0.57774248161712194
0.84017716331147796 0.55798845487480908
0.14448066818880451 0.65884969047808795
0.76055054858568694 0.48754624000559177
0.25265029652418364 0.40777755887570649
0.62473430836875177 0.33349202437886649
0.73639393744094883 0.49454932781222216
0.71359934879336884 0.68409710106867749
0.66139957278432915 0.88695414708462972
0.26627989788598094 0.56324449505200957
0.26217611024727455 0.73530834986630822
0.39561695184779794 0.87596859376602987
0.46296726552300133 0.79380822684657459
0.43924745089236783 0.31627663580332810
0.35626681947153821 0.33688448936903198
0.90050034584617211 0.41419795295891981
0.43485073784136030 0.61111508666867520
0.56901958838132782 0.29202641570105681
0.82437849017992137 0.57837018037901422
0.16179580427444351 0.40606491000002770
0.32821969168029552 0.37595592202549372
0.13578056508236336 0.32106785126593151
0.90742972662274135 0.63671240685653052
0.28383540018781012 0.60331878283668783
0.53217889855123235 0.62994697150535472
0.11316646168018933 0.72392404579595715
0.33288556896795357 0.46395637584497634
0.42566588199235189 0.79957105416214336
0.29741772776654984 0.24606735478678129
0.10164468979806712 0.77845811759154437
0.82991587611005457 0.44287448527036738
0.59511985131158163 0.34343641791999124
0.63816337646378407 0.36988566340856066
0.01425147374850160 0.42238254543009623
0.77059946732980478 0.57520769614498957
0.31836046191005024 0.12331285361085889
0.76502111205844414 0.80191259720686647
0.21865890085862064 0.18252460673858434
0.46103740441089064 0.55881238978748293
0.63751773581835103 0.56745869819088834
0.54205641704091323 0.36084108531641140
0.70720737568098679 0.46704210956961212
0.75767636361034274 0.12637052812051697
0.39190846998675599 0.23206243413998701
0.70265392649973368 0.17500733571483090
0.64483660138225074 0.85009641069623032
0.53650992923471585 0.36428976090787174
0.26641855126920760 0.21787755916372595
0.48741226727472958 0.27558919675926125
0.89440367270895227 0.65878813073930254
0.06285920866619833 0.59477483047159274
0.49095408101236115 0.69657537883173604
0.70315419476394314 0.52708202579279217
0.48082973613062818 0.83683796386270715
0.20494305056403045 0.51780370021507727
0.59437421014868896 0.51911034506244491
0.42500834922625180 0.43086629941483728
0.83158151879457287 0.23603964388732890
0.58688741229583696 0.65049988850695806
0.83496939650594526 0.49616966001245144
0.53597447526166553 0.03970745038451596
0.77053046349761922 0.41469305547397373
0.26775698033865292 0.24559769668969467
0.74045496320071191 0.23731210198749608
0.55203484636010292 0.91023511299303006
0.71177258277723277 0.12645672889921908
0.31518613426063691 0.65706783114287326
0.67603514720517299 0.49835520840142000
0.77344888645136767 0.27103029570662845
0.80437410345217231 0.50236464002918269
0.42111758707607716 0.27154853320706740
0.11686560326817347 0.21612425835802654
0.22620945013617613 0.14386302307372717
0.68485304871589425 0.60299624229312321
0.68936664046381213 0.72846321781019607
0.41112905441994207 0.80730758048853801
0.18315516712652327 0.26573722861259341
0.50219122742503586 0.11904466909949289
0.56773068845858465 0.52667856631219501
0.79141436383812669 0.43330974309687265
0.69206409423472481 0.15786219369818524
0.54536097836529263 0.23665372583606803
0.48719624250636495 0.05721141704617870
0.50592610013676043 0.81549482902703418
0.78201098191909613 0.76183957097797128
0.83565742166022050 0.42703783824800923
0.79176640637757778 0.51675312982391464
0.07043939420538529 0.49283355105397203
0.66711653718707964 0.30165965480628032
0.51486918697992035 0.04126523539257238
0.34897352603033233 0.12365897877867789
0.01051400683876461 0.51109949991274262
0.26657394454703010 0.83399958812527253
0.54387101652217174 0.22008954540612138
0.73966607245202109 0.41928490354552223
0.56582750675032645 0.27736929977964164
0.65958196708158179 0.75669621868256898
0.55808690771458735 0.45089034100788616
0.58636965942285457 0.32477156867592394
0.39781395873954922 0.31920743963797710
0.43670080198907502 0.71556688547145741
0.11720577194787163 0.26506597210876787
0.89180688646675232 0.36713585625735384
0.78829283830131969 0.54715139744273489
0.59230078209748782 0.15846934717337313
0.69551661152371047 0.16029810327233140
0.81661590441405030 0.22589468712617417
0.23651122995682697 0.57573428810337834
0.70944436401277822 0.27985435229310046
0.47399067708403747 0.24572366229103465
0.80621260961954777 0.78170792603008266
0.32474126190058927 0.67382767193961490
0.67582249111093340 0.56677477044002467
0.35864091555635186 0.67164342991056469
0.06789323881741903 0.43005607760814168
0.06034929350093301 0.63159319382789425
0.60596282566806070 0.40914701334119807
0.65696751591046809 0.49998243816501553
0.35248537283514059 0.35967079631161603
0.18127030189723026 0.60003303289655952
0.17174316860509306 0.67327961721279539
0.60678686487050826 0.63318396520685805
0.33136852259037680 0.44434784749810030
0.15957860414799066 0.46723488892419990
0.57835443287739996 0.94655610638532428
0.43816119678182519 0.12257438157912486
0.56288854940839206 0.32403112132449507
0.53782048494330570 0.77721625095612434
0.29023102748071339 0.13185791368306521
0.57279620616549753 0.45476368499101844
0.57354324662291578 0.07906573709097227
0.08182348089352952 0.47077277053607236
0.21600852157022596 0.31760094140090894
0.11675900088477861 0.19702937971269466
0.35672837885054953 0.16180995713774762
0.66295182800852215 0.90462846423169752
0.40748319006398376 0.57887108301501544
0.25041591432097782 0.67157965088902549
0.19316920286675021 0.61450978373200327
0.66515564661413518 0.21371236888996348
0.51845363857412208 0.86999489980906508
0.70923799479719352 0.80781663273824467
0.23577315937455953 0.48758483786170670
0.88260878952051658 0.35521432524200924
0.26194919884286927 0.75818205805610461
0.21510155671986175 0.47740133875878604
0.51987146782234650 0.53732622558626086
0.52793516089790160 0.10459667659183121
0.68056564978767231 0.22811866849029017
0.45265692196763979 0.35859912148555206
0.80802696726254775 0.21553081559872569
0.59664661653711448 0.18883729147229975
0.56043257883141140 0.90555445899827947
0.79109717003468738 0.31829805246619258
0.39284044120672162 0.87238409055081623
0.70963489933425494 0.19697022969800404
0.33643083433055165 0.46051263065374481
0.45648707571974473 0.66375264121612232
0.30364602694099224 0.75104473714260422
0.04941872981613552 0.64816821230368693
0.31526668169189276 0.89453522799514451
0.19985218353474932 0.49096694217664066
0.90737075834756031 0.49513383607222461
0.74990668526089999 0.34517933151098529
0.66285743412747056 0.30608769723921431
0.78612332703310794 0.48974386446957952
0.55692184952904777 0.28495027882384044
0.52102152716970129 0.16405934173383099
0.83533873609280473 0.56579533176687091
0.78419991344558904 0.70072643820520053
0.85969322756275346 0.66628520212222508
0.35531642209657099 0.45825617516176392
0.64115037348745607 0.29616618818815660
0.73902823664125017 0.43461757776388893
0.55854087334716052 0.63006441178290173
0.09111757185263095 0.70065615078905052
0.08323382246776037 0.36116480306709786
0.07725181477596309 0.78399024782384830
0.59387223309198878 0.23808704610899395
0.31690835651333149 0.73211831349541068
0.61533097637088341 0.16264881219848648
0.66788875009923732 0.90102678245123458
0.80288209827201318 0.39234866022849962
0.76116987696544913 0.08839484552181519
0.65559818407746207 0.18240072378743902
0.18911477452236378 0.72558042772224240
0.53988365871058008 0.54670450505322044
0.54094102683925849 0.95592224312836949
0.62161195719171536 0.84046635911208278
0.38931426650833467 0.07880636413035955
0.74093509775493471 0.83590089015399682
0.11173219488102863 0.51849964336771481
0.07263499315206083 0.42846648999595099
0.83195703330091608 0.22738673035577198
0.53826876917622812 0.65848003805187738
0.33534960516379198 0.55696945917154628
0.40732983701030312 0.08309591050523352
0.35675719149151419 0.13426156237743261
0.82199910618278427 0.46854023345556867
0.28968706509996944 0.27298807018041232
0.60459613178438143 0.55986295658997642
0.32830849794534800 0.37130002044689597
0.39715243228321073 0.30977150236253503
0.50819240463896143 0.32021746189596556
0.89688767426458293 0.33692294674355050
0.36803578254543484 0.13201129038011991
0.74851768664581220 0.12281729457323917
0.39737922221900718 0.01545144685776630
0.22587344885196617 0.55131947634249723
0.11774512629825576 0.77342888618740546
0.16619306413563262 0.50868733245901865
0.52246317506024853 0.83050517923860923
0.81698981790022251 0.16608160552471865
0.52872394593446814 0.21295707201356298
0.21523892553577567 0.15317520064246651
0.37173888904735791 0.35811633421108280
0.52672385462407922 0.32136306324185426
0.71514578892512815 0.88423138136917512
0.66621165259811566 0.12784765606895587
0.53181566255310342 0.64686270955608494
0.33217747718142315 0.49032031038788526
0.09836429870024585 0.52039394439956643
0.27329249630822244 0.63262550461803990
0.62306908370540659 0.07122474226058953
0.66473546044750931 0.26923319113832295
0.29318936743451546 0.25364234725096263
0.61519665167584869 0.64681677733473719
0.52786646682233596 0.36631792964314058
0.19983433682999655 0.36151524768335463
0.71556957896944995 0.47889984517980472
0.42470916436068917 0.74214419338160265
0.70447566880343471 0.35445987696168701
0.16095672614975501 0.34810037371694569
0.75978726553421383 0.77838572006434625
0.79688899621874476 0.71122250192750969
0.47169205476808351 0.69265411645356345
0.30930951745136720 0.36234320689236632
0.34070047115294039 0.87498094557709183
0.51095505736015490 0.33415441623087022
0.22813098887052158 0.24572088707279754
0.21558518471249771 0.45214296248173425
0.59239748248821633 0.63175379805804310
0.35331916990538070 0.42543972789436535
0.14414634892755296 0.21440478162783416
0.82491850462649485 0.19615518642097704
0.67074004844034196 0.59117220366702439
0.33980707160392881 0.14919847504906650
0.16767648177636499 0.51923982225858245
0.24016841280030696 0.89472577108231055
0.35364625736220368 0.60851192477576110
0.57942092652253863 0.30837643767738937
0.89404654764394187 0.35862922236818934
0.49238273083660589 0.81839524825741350
0.86409911325248279 0.34410512082591310
0.12396924071425754 0.82219650747913697
0.87580651125810127 0.45674336305603402
0.64719003765643757 0.40486154822381087
0.13153052778987631 0.33690080831525338
0.59719519507644669 0.72333430339200011
0.50757144551277256 0.52613940021418459
0.61132319018333858 0.60384643970944274
0.41300021131163789 0.96968375195891476
0.05025524924654113 0.61570907945779008
0.14164328921374000 0.22018142900095561
0.19524764650434967 0.37040336163028259
0.51236471905088776 0.86317062713327075
0.16106279722522990 0.34213805848008783
0.43996821072736891 0.12644112530987889
0.44346033417607766 0.43221920172590794
0.19763822916186929 0.86510520909420596
0.20213276060822444 0.12881657019632312
0.64314817080259268 0.08934865846758903
0.90474842129728084 0.58591265521328617
0.64808659414503822 0.55747998440687552
0.19668609087499020 0.37460051788276261
0.23731990100576464 0.58032401765206998
0.26806066242629684 0.71012487080039377
0.19271413678551269 0.74966896106755387
0.34969026743614762 0.20818999431727300
0.83125840110865801 0.49741729867123369
0.37077571001713727 0.81917508851304499
0.58988982082614838 0.90115466090328389
0.65958098406979337 0.28891969281885699
0.44169155122163251 0.06903095677273623
0.67723584250271374 0.06342001072446433
0.56621383914284418 0.19311747153367878
0.49384758736091383 0.63822747713398398
0.78597492227014554 0.76149938865661515
0.53832890883686846 0.49638920808108827
0.46501054317684493 0.55545512743908354
0.03457675254824134 0.50091679646994469
0.05955130274780195 0.37657666741549523
0.89151095861262220 0.66267640085277235
0.14943362873920440 0.43405465609635280
0.72904354531332416 0.83431630147488056
0.68942383152432318 0.56579814206636347
0.72221020530978330 0.47028145549056138
0.62347945297010998 0.77687770017337554
0.05997705947192870 0.43598520429871779
0.54186503688959620 0.47031594366594121
0.48200070927295985 0.72464644120936750
0.11676712279567772 0.20366551153069751
0.68412232962858832 0.30793436935239876
0.91911260790981442 0.56392277492243548
0.60285267968459888 0.46513474007874311
0.16183851981774347 0.84359962407151001
0.48309412486443126 0.68748560969063599
0.26123453333869728 0.39392492168691584
0.21751555087678773 0.23729095569127268
0.51584964235072972 0.10341714830389795
0.11929750203057070 0.39368244065441743
0.74567161061260390 0.37732162352858406
0.31690259837902163 0.82594787530474045
0.55725953464748901 0.47366553022096181
0.29082323205169291 0.43302046179687170
0.52860524161693789 0.11486942935057146
0.26393332657572960 0.09949825157186096
0.58237598873092777 0.25389235371056984
0.14596744177912291 0.32514047619474223
0.22267419864031296 0.72336600336002399
0.68951549695669789 0.09666754013285446
0.46375476309965008 0.94743101217696890
0.25466888476442401 0.75124826449592241
0.32147060407996980 0.84248214346029526
0.51796182724675299 0.80007078769229567
0.31021017309805088 0.08973717128106551
0.15523001758096833 0.22529733295775303
0.24086466514615801 0.39109136255985832
0.87278148065490746 0.55523392619282808
0.69389790708344146 0.16681703261028474
0.49066733589277606 0.18284449281905307
0.05489802794690395 0.68787624667860670
0.29316880790949346 0.47467370607523529
0.55364030944867115 0.72098597511961915
0.34182945036583423 0.54957042509184706
0.25019299584690929 0.80376548299356976
0.81330805825143282 0.73306793577925589
0.78210021146087794 0.56100260817928504
0.86552012887465435 0.26119276259749397
0.83713656127019642 0.64247938101810143
0.85142300336659316 0.71996914510903687
0.26315513353173564 0.78908760261827626
0.34474102721710925 0.27838497231508691
0.55957591636996007 0.34863835605628363
0.60382563934370648 0.64473285685192150
0.52263270584518307 0.19495500502308186
0.78745040919233900 0.30139399430473007
0.84471112973631013 0.67690235698019652
0.90673135686312545 0.44500698391885568
0.82952701960884967 0.23247223611780488
0.85386087090188501 0.23554258000147066
0.13810215996714029 0.19893743704394096
0.78859358142222824 0.77091125710370856
0.89973497759218912 0.61921953039352939
0.57953905788120530 0.85900585633005710
0.39477821214876718 0.74265780231184209
0.72443193838361741 0.20832954863137607
0.61953321429565233 0.73518001960646806
0.22890828365479637 0.67221573193125739
0.31837310172259858 0.88151951562031883
0.15434009124224121 0.56389934863720292
0.76256610053444518 0.26364008058339111
0.31476109231213412 0.90845585735721623
0.53597112179220885 0.19428988947632703
0.16026804654887933 0.45587218201383584
0.71480542582096906 0.38413197713133623
0.58194183680887412 0.12884488327664112
0.45007698211208319 0.41843700064430522
0.25582101103092642 0.80423904021111958
0.16301677421251612 0.57705383962365275
0.69925247651907618 0.42401179179655391
0.17643542760805336 0.52550605549496465
0.72566240003956983 0.23645172991755817
0.37316362887948190 0.49440100829832756
0.57415082562280750 0.29075857775612601
0.19054149615328705 0.13582450497601029
0.22535082746055091 0.66197927566842107
0.82358102456602567 0.72758352667384862
0.39026076003724947 0.78212724791747656
0.45243911909767975 0.90783124337690879
0.36692213273467444 0.68147347455472984
0.90652756431443871 0.35933191686657484
0.65296186870590578 0.53652201373122399
0.05644069203338321 0.43262381600530386
0.68328042188034765 0.76878582418944319
0.02283497482092402 0.51762937169335455
0.78061847074463120 0.54142048237449036
0.19666903466990163 0.79882392880607023
0.11479143352058491 0.31287204351038428
0.48868277415447986 0.51542202022762984
0.74416129355717231 0.40497116125715094
0.22721169779307618 0.25274975978949599
0.84195704729268916 0.74819713028892143
0.54719609629249366 0.42998692882168349
0.14282232848546719 0.78754532647513653
0.25449563461776187 0.33714455855389824
0.11666611962981187 0.23003668112223813
0.63787505439811998 0.27450470863816806
0.26400346118298645 0.79605559292715466
0.03965019819024520 0.60265163372062569
0.33033629008746329 0.56479999007492521
0.50494306920694354 0.60692271919804663
0.42449008043555408 0.61134948547484291
0.14231972036774204 0.72301780426367168
0.09901144916900835 0.67370886402286767
0.07080098235380082 0.69355859903114636
0.09524709640099097 0.66696796943571635
0.82317005869943283 0.23532193251303496
0.79266386026343383 0.44270169292408940
0.65392454788020504 0.63691895575334678
0.17716531603962099 0.60813253074781881
0.26321189384275151 0.15276547034786761
0.51725392739871756 0.63343949193347482
0.12345258953790224 0.37499742412555137
0.56249441760756669 0.91633276891439119
0.76770726991592819 0.50733352895675421
0.24188087468215291 0.81269141773364750
0.76714819935572254 0.17178770662203957
0.93096878811838735 0.51524841350992356
0.09977643145933482 0.70830510491642718
0.34589987629474894 0.93008020134874081
0.33564399098304765 0.53653966904974337
0.08317537766674027 0.65975341249672936
0.36304747023431005 0.18093314275428088
0.32623033951706204 0.53492214520581738
0.28697211951731499 0.85141605903327700
0.50415976261831774 0.10014071271038535
0.67827223634523259 0.85361515273835231
0.79301509405585635 0.62225817788153814
0.72766731411369701 0.37432836884492665
0.82540217137597116 0.19238846760396508
0.52654236555232159 0.32847255184672092
0.24739411720386939 0.37585680738860733
0.52342662535653095 0.62264207923431281
0.88054926906150588 0.20648012967073417
0.83104301246184831 0.56716334700203985
0.54844278323954110 0.07093545984835148
0.41406853221690232 0.81485655409671442
0.67622397110742294 0.71255947067039760
0.25301669680281397 0.17113167542273877
0.57502838301525616 0.61996889493328544
0.17635901222724071 0.32889513964337402
0.55479668089228995 0.31068279328830700
0.57816676296730574 0.32093958968648678
0.82280576945132489 0.34980456106811453
0.15326815314631909 0.22840592766904316
0.15648088204404723 0.25854715660565869
0.66779516299195374 0.06145609603436644
0.33081746514841842 0.34787408173537110
0.04162883424938835 0.57076788440334680
0.86914708318589884 0.52388508084636198
0.08943253875434305 0.36724017671537140
0.89370021949829492 0.58824062033013413
0.50690379568372979 0.11471320674545625
0.43524824483630736 0.31338124794266398
0.24131406713584805 0.54823585029803346
0.41468028391284989 0.32533688712892056
0.56683793101590629 0.09691667435106717
0.78978604895963211 0.34742571960604890
0.67730161568041214 0.61604476544826159
0.32505155616752190 0.28988293143479366
0.13992758942849282 0.57599076748389189
0.53115825730974875 0.17037205120441171
0.06769652801356335 0.69712168461574875
0.63484653239394240 0.32722274181699351
0.14780341733520602 0.42495352755260341
0.37668942038838232 0.87533740128948545
0.50700302702796385 0.70463494094463763
0.37298042857957625 0.67743851257688747
0.56760239849799221 0.13276815763870539
0.16067645388824933 0.48153803427016595
0.15575850312176487 0.38759591109383468
0.91483518782851325 0.65736469508927753
0.06774867033225519 0.45620471312567307
0.75753945272619017 0.75480690915830240
0.23599990628442988 0.68031341235633602
0.58774543915856825 0.47772468489067366
0.55458026882878420 0.56567675992607658
0.34402771695526185 0.63660646290157641
0.03919709432841170 0.39877493999093266
0.30318537884985852 0.66730041299657050
0.02150596998913677 0.44719355855247683
0.22574370687493464 0.55846347890925951
0.79256121074165697 0.16553421136478538
0.42553534831532791 0.83928392229914828
0.58384120859958255 0.66612094043741532
0.21646853105727643 0.63664268108119026
0.77402932419492576 0.54637126569482841
0.80204632765270778 0.25587255703165451
0.24209387779738889 0.22126288910592218
0.62645138325524408 0.58149123700389127
0.40057651909632724 0.28025894961359182
0.22646529481770725 0.16265864570557326
0.90641692135150487 0.55946292562741640
0.74979555541016008 0.72940012971308377
0.75504289741287389 0.72252089612522719
0.59830192266391113 0.12360669272811012
0.66470470465638820 0.63282653684904178
0.27412866802121233 0.83529993641861389
0.46409421533316941 0.12776229626558591
0.33951942499773741 0.83516583308711390
0.29026650475509158 0.72516318088577592
0.50222060489760978 0.37247559709724698
0.33917076295549864 0.25949732807884518
0.67709857816044861 0.32038447274482257
0.35911001649106800 0.69654820969815867
0.57464878572114031 0.04573095793246736
0.42296410981507560 0.39919382931853509
0.13557173662597657 0.85497111728205932
0.45853599432810460 0.31827229771854704
0.45218810191809600 0.47644148443804507
0.77382693560457194 0.55505078782586992
0.66940058884095155 0.71711964891485125
0.19421587313529262 0.20589763994866009
0.04251432881179892 0.52655769105063355
0.57098769257280169 0.11571790864325855
0.41537636023900348 0.48064520404593830
0.85765660172397518 0.34905156109758417
0.26001544710543523 0.66841382332859989
0.20005277292664048 0.16800925723756294
0.44839083889170728 0.44674789778553853
0.60774369709011344 0.83838422103307819
0.84690174477905256 0.30110283657142978
0.50531034181905188 0.63494108843554553
0.42869188125542895 0.58940049690317409
0.21755496431539634 0.28336319810322397
0.32063646194265594 0.19808834888260324
0.37868289268785904 0.09817371620385595
0.38805141903831414 0.87145772414459799
0.12740310862530566 0.64219341382086748
0.55711767962329772 0.08945482542403865
0.31044696204718186 0.81884985441576263
0.16478154554362037 0.76855594058817733
0.14372731287990939 0.31010784351270160
0.58715874548266012 0.11407650625545070
0.36932974073116254 0.02981625516127252
0.20894736115461415 0.53170101598763320
0.67711657234010381 0.84048409717821460
0.82871682360839216 0.45197013126843538
0.40703177942621732 0.15449678057054880
0.85410897027490251 0.26077032772854614
0.76523888494747194 0.47967230786646375
0.68473244230439378 0.83964786037345407
0.79056272515887716 0.79268984646181673
0.59813672717730182 0.19330172771085333
0.44950977482376658 0.68777092756391944
0.05819148630764363 0.69643234489239836
0.48005159529372876 0.49972163910696943
0.76868874287175226 0.27134816549156493
0.68612155469905889 0.14550216828998680
0.36321272275776662 0.10894377163468361
0.39836541233616457 0.10119740039867173
0.58572999168937168 0.76972841404405212
0.86937073658626984 0.46988792346134783
0.87226196793621513 0.69505561116791947
0.89216127864216099 0.33449851297652372
0.22046144868262163 0.40452728795061588
0.36217278238278006 0.60173074843466967
0.05917682423293647 0.52811895302800527
0.29714299111291864 0.37003152150023833
0.17217948374359424 0.72832945453895737
0.50607539370450960 0.52185607021007918
0.26215831931369588 0.90610621648205769
0.13310664654363882 0.54031621115671558
0.62787664893325190 0.36934104750371360
0.58810854515976119 0.60516762222203546
0.49714555371154612 0.83331428599033808
0.24821790948185549 0.18103529737473589
0.59973662436092157 0.67472578509104408
0.74526078434476872 0.83351512190820987
0.48168833670349609 0.73170267474826567
0.92106831560861657 0.60600658226159065
0.36979226967116113 0.09958251679381951
0.36299766896923646 0.56566748401018752
0.60091153928211771 0.11126064709769994
0.77484012493143783 0.84270623087011909
0.76333034717653425 0.12703148852522320
0.49611875985092518 0.03831800602449931
0.76839851323030195 0.49552133603928533
0.67928787283358483 0.62032621008685562
0.27680699271037801 0.29306654411845928
0.18698276731204569 0.36787679484980385
0.27414346024155917 0.86478577588932093
0.11044264517480307 0.29592319500214526
0.65901796309036076 0.74390702273764087
0.19991820399600591 0.49839503984353700
0.42495531911688744 0.36049043858555713
0.39117669629332130 0.57981184526951590
0.49689107585056336 0.69522911691538403
0.62729420142253478 0.43394755630721921
0.44963950829739208 0.28968316401421607
0.27469545797701500 0.49438108607472087
0.35897158803784013 0.35353071674486175
0.44569153164291164 0.27612930900749733
0.79695460515871563 0.64227810493349047
0.01709796092209667 0.56960216299452504
0.61377962498736183 0.13803429722107993
0.54767056489812793 0.09719361414787325
0.14802056745137268 0.31036018672084892
0.82518674915802448 0.23233829537775355
0.14833695393012539 0.66154840750158550
0.16018228276611524 0.37099956873258405
0.43345546285632286 0.71149892002076320
0.28836775915620921 0.10593844285452866
0.79553001353521702 0.38903838086372272
0.73457115516626859 0.57219850368257563
0.87018419455386620 0.57810891592721669
0.34171421387960316 0.47317694091432233
0.57440131788097293 0.33266119805993688
0.34051899266828534 0.71270245724646031
0.23307541965953740 0.50698582614070253
0.69574531637058734 0.53055274979398126
0.90299040860182334 0.61802607917986829
0.09795033982360016 0.69438678453289970
0.86070492975827362 0.31549242047566789
0.43867817330839942 0.90193590046850092
0.34326285824755209 0.58338302157952537
0.30431155554154360 0.67648314520978881
0.61908881770979607 0.09563471862622708
0.58244813019654351 0.67915898575731426
0.76101439727248510 0.26763420997906417
0.87819828038740233 0.48801525941885049
0.15358301879089165 0.29591659021144534
0.55853370079223252 0.97648535938011971
0.53586698344090933 0.22708165888688953
0.62019026793464094 0.85051739585302022
0.35436925985959072 0.11161731797035086
0.48211465691044997 0.51751807030356256
0.80316726708858477 0.37178219111613531
0.56681328382051588 0.32372757977051053
0.73043678074581364 0.82338990482256169
0.73836060166198925 0.74405173502365696
0.41943147068206288 0.63335106143439834
0.68885340291876629 0.70939141472093603
0.43635515955594151 0.83860331242182939
0.08569373220287148 0.70128570539229118
0.93817791734020950 0.52136472482296647
0.39448651389609268 0.97105557890659755
0.17665900975098459 0.40998092663787455
0.26592202564260847 0.81621344359919157
0.87041436040666598 0.34636402461853849
0.69832814447297498 0.61008911445535752
0.72960819118449149 0.36956874413180957
0.33294218794961628 0.25498465236810625
0.88503039439557107 0.35114240463863178
0.88808476831593275 0.41945497353269456
0.79319296814496676 0.76447879861224211
0.24637558651633962 0.36446646999512788
0.21256556008642344 0.56712271117200030
0.28023990413179128 0.68557358912344613
0.14862512632156877 0.71688529257396638
0.17705386857079367 0.25868589446464746
0.65097696093831092 0.24197489899750463
0.84264192164927287 0.61244592149302279
0.35080407875444969 0.59859999934780306
0.30329646074383804 0.22245742594321999
0.66816709998814205 0.43842523167262926
0.52541642654222531 0.42077758299073353
0.54757352330705822 0.72819295149380558
0.70894334764367983 0.77786035711071688
0.18766419143244539 0.85159742886160994
0.37280792786804084 0.43360998930416844
0.18897051356395581 0.64052734473520889
0.39121820569820281 0.25301796940622528
0.79124662910430643 0.22000997278236789
0.06888952412280275 0.59844249547817696
0.49598063373914297 0.09026748114558293
0.48751692893823706 0.83837562510881203
0.21101428088127178 0.14816653790731979
0.51947850355461833 0.31082121013240005
0.28284263701332779 0.86226180583217360
0.55498066580619876 0.27932156666621183
0.80077233078382548 0.81146937467297420
0.20329431685236285 0.85765264198117919
0.63866070134738806 0.22029755810375920
0.32357688265910473 0.44826734016332159
0.35109182081960788 0.88156733149018607
0.65765398150000587 0.40833593935812723
0.72007284447492492 0.23657927442080870
0.84703430098522137 0.49645496575433329
0.56157427973681984 0.92284556337548396
0.83311624769779602 0.24586800728333350
0.62094969437094805 0.09051176210381538
0.72788554416380291 0.50538301332914470
0.63517005755304112 0.85720869911434583
0.37662595283380651 0.71585795219158177
0.77863715983076176 0.16778630312490619
0.47287094063546259 0.55560653283484118
0.76469287084051796 0.46529564705921861
0.22360079735495053 0.49625867565308523
0.29799550864818208 0.66124136791162402
0.17375385003923352 0.76550910838289477
0.71066127713900495 0.47868708910892621
0.62308076230669485 0.81861481595662988
0.67107267349516952 0.38432628453879997
0.19800807160846193 0.23854272627962134
0.48336190226055420 0.53273242895441508
0.75925432336733023 0.16679544432979171
0.37648116330142223 0.07556150627709360
0.70506986207481226 0.49446789492225596
0.28523239106129422 0.44214790763613537
0.08954328754805452 0.42858127942776048
0.74167830339954988 0.50079935233202488
0.12359320156553505 0.20898540280632000
0.68073776653074813 0.56926290219489051
0.65658452617530516 0.80253140960502956
0.64425936548167873 0.76667616615633394
0.51330614847098377 0.64436251974415693
0.07786013593668971 0.42666489827460152
0.81242327388867863 0.20684276231274773
0.40822716287755273 0.79429077744306731
0.53881243615545693 0.40624998602106999
0.18065291141144607 0.55609544497473851
0.37164875604380854 0.19928719435842213
0.29032796780527781 0.65275270605242341
0.31597211445858459 0.54449348089825012
0.08775271309560723 0.60061142529920564
0.67892912623028123 0.79087542629355512
0.86757219812881359 0.32136670061359507
0.40536164051061052 0.05813671017092130
0.77780097341677901 0.35327352177865062
0.75856618560501266 0.63874524421413059
0.79889069954814940 0.24861369339521680
0.22110718340065885 0.72948566793476655
0.11463620612169212 0.44108540579706051
0.35782196139421235 0.42658910648706971
0.50525292364926255 0.66150028528998117
0.69950400718231864 0.43193868949258685
0.09026745055223681 0.50520863478478317
0.79452415278045552 0.31603857020682441
0.42225554515378066 0.64992053739104461
0.26322624448604992 0.33404337628884478
0.80548567279144323 0.57577205505282081
0.04109771995418111 0.33896137473030913
0.68738798177720239 0.63094643900414982
0.75038235994804015 0.78735504580625704
0.65892235082939543 0.12967416207933802
0.39248285016114465 0.17452385348588897
0.63436595206886548 0.22408860636258293
0.19360691455013215 0.15843100628431819
0.32076043631114082 0.48203337169570115
0.10390047247755206 0.79582676154087861
0.61558748054538337 0.58378376863160908
0.06224833589916087 0.53736773442279651
0.87006541625687339 0.61039798401936096
0.75884550305514353 0.24866861733525833
0.83523396053714150 0.23740176962223775
0.09580583431771120 0.67170386101339175
0.55526284730348496 0.92517489793363972
0.17270678769125211 0.35710939781567952
0.20031956543229454 0.61827184837760674
0.84867940270341213 0.24268218933657096
0.40179983015456788 0.11370539981118395
0.44983847059232540 0.61383192716922286
0.36020201106939864 0.13213993678570235
0.72454905462544394 0.67493169560160449
0.07162163126046391 0.43388592148460814
0.77199665152096586 0.45034298102565884
0.79624474370448473 0.44750856048254861
0.61984439503509936 0.19024507540236610
0.30202573814513300 0.83032663118486949
0.72206805983238209 0.81644876479904116
0.64474185508895587 0.55300138299133728
0.08839443641368307 0.51019727373560175
0.15234226044379670 0.23602630670183716
0.69532597180369204 0.70259450992722461
0.67906072049886801 0.67970939426805188
0.69863033236834393 0.09586778551027232
0.58728845483684877 0.37507534137682302
0.20077973343395056 0.38146164659972548
0.58588720630520708 0.80475022056336742
0.36207159673887562 0.59153599306549121
0.56415160745123749 0.13894264599888920
0.33948738725566258 0.85978033529070896
0.82783030155892712 0.36685043756299457
0.90216207023749351 0.51121003275431243
0.38814372444300577 0.34943287536763556
0.32411191313105026 0.35024436384003294
0.51454948759564778 0.35510950797437729
0.81369429288834416 0.65300426598176142
0.24765658608242819 0.87476609467542366
0.16785144018650705 0.47187601390462319
0.59690823531558679 0.12989069962255936
0.09168218645834532 0.68839621304780052
0.46810847727210186 0.57057772371832360
0.33185869436860527 0.23015471289010622
0.56982452399557948 0.75401588484263271
0.82222358409765284 0.48767761379477803
0.76640631354321020 0.09459528344344813
0.40827300219485185 0.90836688067987259
0.55249102129420125 0.08405065115826325
0.20981223496895271 0.58138473138636770
0.18868143102825821 0.46716799284231481
0.89609844464738342 0.58495098673677792
0.45691230399190291 0.55557498846867892
0.22799867256641229 0.68574807078666855
0.37024021425819992 0.85542775226299927
0.13396789656217176 0.59447637910659989
0.17266833434587692 0.77360992694143693
0.80065802848609668 0.51170878051317636
0.11535689813626257 0.55332723871137524
0.05783668616829616 0.44138355922391431
0.17003394544885786 0.67862364397957897
0.10715607744555070 0.34928846821236642
0.11762627740809907 0.55915313633934427
0.61255779690203604 0.30682445424150057
0.85797909102358150 0.46148843990215094
0.87488952259487096 0.41049265254750644
0.61834428019103660 0.82977631225904946
0.14780590847061606 0.37844942185654790
0.54554489707362330 0.45226336824452512
0.18328098936252959 0.76481979380794340
0.22761509560802745 0.32874530068044738
0.59664084940160378 0.48784975086000337
0.65772378997224767 0.89910176116572327
0.30594843592834309 0.23614519883315846
0.07927789616298395 0.30906234672142502
0.21923449039457793 0.17552840708795592
0.17213443068545553 0.69938676903272512
0.16652707891084192 0.31570809982353881
0.11574600048052351 0.71619679728475549
0.46602451929693228 0.05727723926648415
0.75221919267241477 0.70931475310748848
0.58535828661383693 0.59409617224338318
0.37989591537558121 0.91648773075719592
0.43457719239118847 0.50456665172782866
0.16277310009476512 0.59095845504403710
0.43415356206330563 0.63508119078521086
0.81257912376494978 0.22337712476345950
0.54380959620635461 0.77662620744603372
0.19810631720296187 0.16342222103259341
0.29609832694509780 0.91506504314865711
0.55123323414205982 0.56170976689848340
0.89802204924935081 0.58907281462246763
0.78407927887041606 0.36330971526184380
0.47848281999015835 0.31878040560100401
0.45772528560715575 0.18823016384923361
0.33401009255326031 0.24482665264003836
0.24295660184025061 0.50311878202166727
0.67363491170844336 0.69198606281491415
0.23832572660876697 0.88810039756434644
0.02414321064642379 0.52258617068254876
0.64109600723674354 0.04257558132832795
0.54086445392713522 0.40256396774591752
0.78267962855799433 0.15194410945395131
0.54602972124804405 0.20895611146481535
0.11059990785464756 0.56729969220576881
0.21100365156782280 0.39726542281611282
0.46255706129317625 0.64481389148342383
0.51997768831961633 0.17411265705226728
0.73839719520006764 0.40216795344020373
0.17148203529965425 0.66046367323626487
0.49333982643840180 0.27422888097463777
0.69565531117748514 0.23806611148306014
0.41388334586166287 0.54100194969095150
0.78318838800132518 0.50086100357255259
0.63741434288275645 0.28867433449446345
0.66700524567393671 0.37857107965134551
0.01898148401604055 0.48936440245931756
0.11997199723763818 0.76417614914917698
0.11850397953344648 0.34386260487974968
0.66703368978572508 0.20772122920789987
0.46995429113435655 0.24986383611756768
0.88811367470605818 0.35444738802454695
0.22351721470164476 0.24838082175980286
0.83832085314132343 0.49277974725653778
0.73518094238315157 0.44909208960961478
0.81546836493585895 0.59532999889189508
0.40616357213968091 0.83441935734946171
0.78126031531686213 0.67047565788235541
0.53975852723363638 0.23573482175336619
0.89656314359476208 0.36788288045227552
0.38930895481492900 0.88010972211545957
0.11124151965922265 0.64831431642608384
0.74141301081139388 0.67801048779325968
0.64607249299305203 0.35655035664636509
0.10278433925194599 0.67477756598391447
0.72579418996369383 0.14287872727586842
0.69417452135731250 0.61007661331730112
0.41309230466668312 0.38937900453496760
0.25191124655442848 0.67563169783052801
0.31548977099054670 0.93747671739098593
0.73013722503840672 0.56721453447790238
0.64346849215322277 0.18239436357143238
0.14233125380374984 0.43948280086280944
0.80637619262163773 0.84431939936844114
0.64615298311669489 0.25728200199487566
0.36462482201290453 0.78202820200471712
0.83452149618076166 0.54819935562083388
0.90039441907226192 0.61096869816511978
0.54005965937391076 0.21833534399429810
0.57223023961050912 0.63280248308078602
0.42892427383589715 0.33780086973067425
0.22976044258770040 0.53361767309863140
0.13470746985899601 0.64485027468992562
0.23923356832944270 0.37068859597255510
0.70673017609250555 0.62511282425813031
0.30245519309162155 0.28218172048697299
0.78944204062476286 0.27502313809289752
0.46328517117346052 0.83827171012469925
0.46242812067549272 0.18379418378044809
0.71201310442229016 0.64766455235444054
0.56820879266372815 0.59336088898430450
0.14778972259854242 0.36401042059296551
0.81958797076089507 0.73438027984945586
0.19456510600405338 0.15412837830544460
0.34989989427200408 0.23576490439559589
0.12137018833269582 0.54442818854069286
0.87451319101325620 0.21250150232214390
0.79405441862016246 0.77764704788513284
0.09790675831834483 0.56637207914417009
0.37571771372181573 0.50067574224434874
0.32491356396694898 0.92147358170647808
0.51775333320612771 0.35733700533059459
0.73036017641038431 0.20542718125402640
0.31954273420709389 0.16630597474625816
0.64865251812181324 0.68909108937371988
0.14788683632340224 0.57387046545015630
0.58550423667242868 0.60945377661064770
0.22190950762089692 0.41024846178205676
0.50563293634154205 0.07449761015004290
0.42039122335236878 0.58841123967357889
0.56332543763385456 0.33233089109606034
0.53368037995292417 0.50571429355837960
0.65485670450036138 0.26230047713249710
0.22792125495979493 0.50355838146592247
0.34126138467405348 0.14087680771551550
0.33381036175956175 0.73204415838442183
0.87157583228657076 0.63609641845845055
0.58838057946728606 0.85819176647048157
0.11251089652378635 0.73896947809893743
0.04515500974939200 0.35215761252923150
0.33158563255305018 0.61006255132208320
0.67184832066187739 0.88029934058148929
0.57640465910789829 0.31701932020173335
0.28665318618934887 0.43064548424632754
0.62710964313091622 0.37495512175020868
0.68477561919190155 0.55678552181746521
0.80353104872798897 0.70909243349723028
0.18342608269995966 0.56305394315452006
0.50946779730657299 0.33069770176193580
0.14644456879465623 0.66644766539131450
0.28935220943922174 0.28292852439101474
0.34595327380874236 0.40597834118084508
0.66124721783430418 0.71066205496274404
0.20119071594174268 0.78944988967999163
0.78689163922016281 0.75752895734665038
0.61263193189778165 0.29262325770923764
0.23491901342423299 0.65727335876238235
0.14280166746398765 0.27540152244540389
0.82111747023790416 0.17251360328248683
0.70145636496974684 0.77940740138355469
0.04978553672738024 0.34380447835475486
0.28433195671973893 0.92059258568887148
0.13567714048131302 0.42702583005566980
0.33334722419591589 0.88287694601270272
0.68057990654014766 0.07820508172355012
0.34940498073534582 0.46392540641359375
0.75320766945858697 0.16822512925604580
0.83615785561711442 0.75732275086626821
0.73211215082568615 0.15856355466748051
0.02222508120843243 0.42632755973284459
0.25898028499674641 0.90128418078338446
0.56890030815114123 0.11083212820302907
0.15256859776022461 0.72563833864836935
0.77089113183173019 0.17487716894775834
0.10837670282406348 0.74491602073362295
0.42823837608484161 0.39879951590761220
0.49567454993028065 0.82443964073973652
0.77060964856328062 0.42671350331789348
0.63027105224759428 0.16243842855653545
0.27616488542779255 0.27689188199873449
0.44921786492540572 0.59160854829395881
0.30027600144262251 0.61390903581971157
0.11157825065236773 0.37247493886343280
0.90531005919922447 0.37298946087826657
0.77493670672490289 0.79842828227100004
0.69231039153363572 0.88603265387725882
0.24352739803071705 0.88221846275530391
0.71941816356302879 0.24446411934289503
0.88704945375597677 0.42551983296147355
0.50956971897805248 0.23312327493686316
0.14349739382177268 0.77733273587118767
0.44798723617136410 0.55366134850689286
0.23218519587691364 0.36306139895959777
0.27770732896023553 0.85027187991513020
0.38434180610047797 0.86692005196967437
0.06113064995756303 0.68131712594767047
0.58972460682029892 0.17367493149250987
0.74524523360343253 0.23945104503041328
0.79546288086531258 0.35348980842864969
0.32252831571357782 0.08468273673014762
0.60213424793329362 0.19013443444944153
0.35819881035402679 0.73098212787310612
0.39848898270543009 0.02405539408788755
0.55989737037741283 0.28067126940012355
0.43113618213178967 0.11087489501439532
0.76612164310854558 0.85758307664958500
0.42438669075753166 0.15041056866114977
0.50678679320508291 0.10581832746879692
0.05712178392883992 0.57470302772916926
0.44663640079895883 0.10255751452006033
0.42291998434282957 0.92524650687738119
0.48135077521465869 0.45001541950625629
0.47487311439234925 0.02511820139254336
0.57305263832150199 0.38181806738366492
0.08221134312100620 0.48028566114468574
0.17803084806526809 0.44361972771920949
0.32592413191438191 0.83898746989097572
0.51358177138100047 0.77797398627388048
0.88130288755165531 0.45423272138675591
0.37751087108370829 0.20164159090607783
0.26795923837327645 0.64384112783870617
0.76850554798472204 0.46909330411981465
0.15099450256619762 0.86005020322351999
0.80319396087473627 0.33357074147728732
0.60772422353568667 0.73056614909524609
0.73544030086136269 0.43474594606288391
0.34055922061531413 0.35538369270332604
0.14374744308082824 0.37277320071198800
0.81397401387853152 0.74789693561996751
0.10760069914975086 0.49961499331845066
0.21897901997062502 0.58226437618052307
0.78357506612364469 0.25934047896339424
0.52686205483293291 0.88777354276093046
0.06152432745029662 0.62461301630560606
0.23036811705849683 0.87071458781237365
0.61415392712603900 0.84893403345269836
0.48225810097482474 0.18443326781034475
0.83201201283861859 0.64717555734312504
0.35533819364606417 0.08090949755477006
0.20175758553286346 0.58375363986293627
0.62845025954837008 0.82472528934601463
0.59976998941509796 0.34826135976973777
0.49231649976047259 0.69269802082483189
0.49429050653270146 0.74449990070865546
0.68078779839695924 0.81699088078995208
0.78463163552567539 0.72469415817688365
0.32973489058340416 0.79974388703968702
0.91403060497337030 0.66745179010356248
0.74554846524641860 0.10774244099614606
0.42414753127575150 0.07001394593147810
0.60592694121902535 0.10803681731747813
0.74269869998401439 0.30266391490607536
0.83731163281707555 0.19955732121954572
0.75532652365095876 0.78887408911660395
0.46798442030636628 0.60724215649585966
0.57105109489325068 0.74311963832423411
0.23642392227641434 0.58537017221103160
0.64620378008402313 0.27146227890390517
0.68549148849150510 0.52608453340954420
0.12923521804085061 0.35825500405809096
0.92126613138218605 0.61541026241042462
0.20607446635987092 0.74738211671283983
0.16735217312225059 0.57957035420937919
0.82966937683049014 0.45659413922804276
0.74172525379713272 0.70850162423924035
0.17252480471463144 0.74576528700282563
0.35919973163658270 0.09466646170920523
0.44120206183392785 0.34901186007938528
0.74457318761322888 0.44113311971183938
0.54459140028226993 0.93769290241521874
0.12429446384529445 0.37003801097914002
0.27651068493695330 0.92345593802935766
0.37989436786864589 0.80422046816221604
0.88907174310864423 0.37102540079247409
0.82608103496054341 0.65377094700576133
0.89152384818783603 0.40616754734357818
0.51726208483053082 0.71241513768249820
0.41515609582522711 0.63780784515855493
0.58539137995091839 0.63469022914788187
0.55661063418599255 0.62541064003168834
0.75657597106847796 0.59021948971753591
0.71539988150453993 0.74008633753166075
0.38051728648434557 0.42352262430680337
0.70154234942120441 0.61786915140071452
0.83819944852421457 0.23378323681191601
0.10623685994485180 0.57864690947596220
0.06254108495521327 0.53169164614116593
0.63542564716980321 0.08361221597640507
0.40719901955982624 0.92606737164478325
0.35173675651449343 0.78668188716115039
0.85522936785757175 0.47859896887346082
0.93100321155793209 0.54764114685153853
0.67221786544637396 0.34971429714491192
0.69344932267492876 0.36049407233585501
0.90000961365461452 0.66297302562715987
0.05288151615478782 0.44594877368967406
0.31144027114107892 0.49308460655562480
0.82866714352261328 0.42717162307480222
0.62021509385849793 0.42392857065923506
0.17943606358258549 0.17062078597551583
0.05361880587085181 0.43817774316678543
0.73422986959141123 0.73908781426071057
0.41365587534746784 0.15802075710637409
0.33038444424306923 0.13781392299812117
0.23707383108418814 0.33312096151764031
0.36215723000230682 0.44306741238927483
0.84863533397752811 0.61393486379459072
0.74937644472246201 0.74747706008400461
0.74833304656466393 0.41022581717016610
0.72124546417608526 0.47737984956903301
0.42977559516057739 0.07052489556139006
0.43643247089738041 0.37893794492180816
0.34367733971515801 0.14737432354335525
0.43312990442375976 0.61799440996803412
0.74619781884634795 0.11862460404900919
0.42964719175133753 0.28259824093866875
0.62664503148173278 0.10924202962312628
0.56501059297844991 0.84497596947602038
0.85676721005819723 0.28343237195823567
0.73479187418977143 0.51130695035661655
0.26770139033641255 0.74714783714260036
0.66309401794861234 0.24479527179179059
0.06453014757075000 0.54886017357735473
0.75721296767065815 0.71771636441491604
0.65813506055278614 0.71831673885646186
0.33736121166403588 0.16941523625538235
0.56094886550344025 0.89394024482778600
0.04785895339274089 0.37711022804631977
0.19081419252887868 0.83087485612604717
0.89130113032341995 0.32460639644333206
0.23412064889651410 0.32258186646558357
0.94537298564447292 0.56178002830046869
0.93888556800897927 0.57106578401279906
0.48224370240847825 0.50599624052371361
0.65374595034230021 0.70588207111331303
0.80718964578679209 0.62764788319885190
0.38863645890830129 0.82695680842635744
0.39476882992024337 0.89503169318780895
0.24315619920142589 0.65309993034318614
0.33359087966112638 0.12847985409665511
0.85268669509997252 0.71378105878313114
0.62918673056190277 0.48836124964600891
0.80794257259423996 0.43703203860386164
0.30848167666907661 0.35643378595675645
0.86941033391498990 0.42257875242574200
0.56193242035567514 0.60225929838734138
0.64914348476132611 0.08184386240547614
0.15981705294541929 0.78157379658206605
0.41901199708704517 0.62040478961693768
0.38656464054816558 0.81425341076371005
0.73664017556939365 0.36965889365543164
0.76182277192594527 0.78474145099900161
0.84080419776517601 0.44568312999945026
0.09563920846418585 0.36430803789992749
0.40346299859452783 0.67195172819790727
0.62415693563570740 0.39469272452541038
0.23416550317555673 0.82951159646952444
0.29571181222980686 0.65823324717318532
0.26832113512556799 0.57918679221918734
0.80139296245223690 0.56840690242566705
0.57987865278020423 0.15387542882483882
0.32510570616415568 0.10140743240815088
0.55186443247105677 0.97192472983628198
0.51256307417559499 0.75992359024569534
0.73124488286007927 0.17787415071953194
0.59291932350524490 0.59707308445265461
0.82393756599464318 0.62486644903254962
0.40077625839564524 0.97785543922060736
0.13863315930272635 0.58043695666251804
0.83744133196982806 0.74228005521832185
0.36668676630194164 0.93449645365985645
0.36989352304457279 0.66130693975239585
0.22377119263921488 0.56536531762510644
0.20286760356358874 0.20750754798897691
0.84278474281327231 0.75574366744547772
0.35338901908657983 0.60264898112520404
0.68758122715529268 0.59603770089860553
0.85453829134249826 0.33094444733680944
0.24155487911535953 0.57592216551326259
0.56640529973894416 0.20679599777945165
0.31472133271413016 0.48944952007909509
0.16120298319743895 0.30518747150140668
0.22621407304733168 0.22605546733336160
0.10935218979842343 0.41330031840559528
0.40921566400853948 0.18364936628089759
0.59944873361735285 0.44444288029839613
0.77627191152563157 0.39848467367693219
0.82782397649495987 0.46743258410172628
0.17920249105087940 0.70750611308706723
0.94043504520930588 0.46212153131981726
0.44243371345597743 0.24717269335602499
0.57096151777157622 0.63922976285934763
0.34786127104443271 0.08840976276228714
0.09289317977546141 0.39872559400416180
0.21403318028580817 0.72112303679467638
0.09978543188419881 0.40499977476119009
0.20134554498202448 0.64756879539296641
0.58392020351457596 0.34524305113382070
0.20725085927810916 0.85479511150469534
0.55138100049551309 0.26748260343721270
0.25638258128629504 0.56324339978444682
0.83118708174196443 0.37560623031944290
0.52091429175337678 0.10604052178282003
0.46667180867094205 0.17952032260616405
0.61086171210834372 0.44431149187862617
0.11438801892787316 0.73222419943290162
0.27788307344038055 0.50232620537610773
0.46932179570283633 0.10439412764459327
0.16494372151198727 0.77903472950734387
0.11032145920626946 0.50420802675878684
0.70847623225021539 0.81352054258947926
0.24636358063165412 0.90606833918976049
0.80738850387866434 0.52505897009303537
0.68780109302911807 0.16270798809151105
0.28013123772340653 0.38173131530667009
0.16637539267884946 0.30777599515635529
0.08834006580030195 0.37250158702238356
0.58716082315409635 0.36878469582373247
0.61748087307944632 0.51710209978080424
0.38836633824061467 0.80297044116983141
0.23568963602216891 0.67436257385152820
0.57601637034739439 0.76087794459754976
0.44790094814943171 0.34507183622454668
0.27942525792892303 0.46584230784740388
0.59169633245805797 0.86658455325136596
0.65014928911086789 0.19326772414183505
0.14849959165665086 0.28902193700299139
0.14465624672052368 0.23241793651114745
0.22375860902250391 0.29747896697928949
0.75449361015371885 0.78475986431445610
0.33402211798042125 0.24999453930520035
0.39503634317819875 0.42305296854661772
0.18922829589333134 0.28175390513609194
0.65640206003794976 0.90430869946062709
0.50881009537932742 0.08111962095134112
0.66795663494014346 0.06704772351305048
0.12627901357584015 0.32774992042427475
0.22787584656953200 0.44991421630769546
0.50023832132444912 0.80799153347580011
0.49950899212197247 0.86519716949358816
0.55848446997998857 0.24259363907483844
0.76139555704696027 0.71576826754357170
0.59127184448634784 0.67660274194561243
0.15551412261702316 0.29076300423515794
0.13781620439222217 0.52758366242133548
0.34732408175477086 0.85007891863896878
0.62449663203965056 0.07574177548015987
0.39066574135443738 0.03590518039803714
0.90738063110093725 0.66118193513460177
0.70790402624159332 0.65326386666024283
0.87230939895428983 0.56047020541691761
0.45293262499583242 0.43846724917090030
0.29524759637128639 0.72409651773006367
0.16229783658976693 0.49528867679135941
0.17021379660738392 0.24968964606383870
0.79214008680132053 0.80231385964821889
0.24318774560920170 0.41057348196339022
0.27296711364893100 0.40339420990060004
0.64098480446684558 0.35750308587243562
0.18904446600905697 0.19049736962598107
0.30069379994544454 0.57821607835640743
0.29292947325518048 0.21612380334693318
0.39367150586481836 0.00922653982155649
0.85212916720356557 0.26500643258627282
0.79086529613370515 0.16896143875845104
0.53132151270738148 0.82446922238516129
0.43461100033514205 0.12412650168934802
0.30676776630613023 0.79048816448271075
0.65699186622886718 0.83646717574293195
0.41806621360966284 0.54960776192555461
0.29974171864623755 0.48164900364538316
0.36054787382364539 0.80819248498674112
0.43947621229356348 0.44695187393183566
0.75804944757604376 0.68350188235206799
0.06822858957429032 0.38441024406817514
0.59832376093629058 0.71682436060591681
0.15529717146742483 0.37505950107301322
0.84629808358469127 0.31929799808465348
0.21497275056229528 0.22419761305626415
0.90843879723003307 0.57533672504768374
0.65068190961082506 0.49712731488261636
0.13011859214390797 0.19652128285120082
0.21049644475927701 0.16318989929341068
0.75685088111429866 0.43630199522784935
0.81822960665363886 0.40286245251464942
0.72969820726148504 0.63859329930112541
0.80245177221167308 0.69266987595528162
0.01017558338181668 0.56970012229532041
0.27825047137538289 0.71946445487929989
0.04741114186291169 0.56886345702800933
0.67305841856454907 0.78404504031127353
0.57877788596197910 0.48422118878157838
0.06377111866487245 0.51807719735898727
0.33642852895095232 0.44514496665451614
0.44824205440886045 0.34977742720036054
0.62805041528594441 0.86916640152364544
0.25741036044951693 0.16819036681198266
0.88442946650985821 0.58414367234172171
0.26650616663044924 0.26448562788755836
0.09297747458019817 0.74398688290427384
0.24750424948751740 0.33037343119495199
0.19146329198938156 0.32160608838874705
0.34678975591889588 0.26510639023130406
0.41560482086937561 0.44098687386530899
0.09173184971517344 0.71027052303943106
0.71364463430377245 0.36665304687887451
0.15626221234850918 0.57463894956542916
0.47885277410660854 0.18282786212094279
0.59515024142013928 0.14380716751520545
0.62486337225432198 0.71773245873580904
0.47503693278824760 0.42685653078618030
0.34042108638313728 0.43187623485815607
0.50657079445517417 0.14408031590576539
0.38057772670443868 0.91157809017029978
0.45780579905095253 0.84379972922073132
0.50963274665237324 0.51932727913862575
0.72178791714502355 0.18386015253804824
0.11425941589607037 0.50254583243020212
0.36829394768888463 0.04580615522870386
0.85001291356205899 0.25693660201294555
0.52822635734449441 0.77562264621511290
0.63073705439309902 0.48017160841641177
0.27385306808682047 0.64700413011046587
0.60485360994144666 0.84420342992352893
0.29948026834551988 0.47520179761205550
0.71655694662109459 0.21777998997042117
0.79723939179800196 0.54720153739278088
0.12135396688395625 0.67391408673585496
0.31484427775596269 0.37320275700514416
0.66155546174180746 0.43194158696486379
0.17348622046750389 0.56564615682751762
0.12373904465690690 0.42558226754169831
0.29087605038934422 0.91770638853061115
0.71192467928270664 0.33018624365136923
0.74133598651160781 0.43142163881070422
0.22908352566976545 0.74850688575171931
0.51894332034034296 0.06187736602522625
0.90235942836907990 0.25146016440053165
0.51904750841961844 0.79036081631461763
0.70198298019018368 0.69192858277212499
0.73685240318121692 0.55442334209963562
0.13475254919282628 0.35408567050667022
0.84369596893572096 0.31549106946585254
0.58841076397828496 0.85437353923226489
0.35784431205480599 0.81561492069287722
0.80682862626573060 0.34082968595680802
0.22871136597652339 0.58681999454557254
0.45330187842525310 0.48391012622597024
0.60091528204891553 0.19696416539890824
0.78419923309768225 0.30764735416565059
0.73324221011056734 0.67664957526111713
0.05857024093618510 0.50713889496613807
0.77805460501681545 0.52287657253621300
0.59744126229071015 0.30054779305800078
0.04309923553482953 0.35743656637018928
0.54776337764669936 0.31118552179562425
0.42968186526173052 0.69775525706542674
0.51723604783553845 0.52745815793280371
0.88842434073696086 0.37630524096516066
0.38109199721133280 0.81782389278715339
0.54326232876472802 0.95990327063242320
0.54635746376120564 0.70572350478244739
0.51330342029834386 0.80512266074302796
0.52452481214686020 0.87123526434982501
0.37716444425247214 0.77486027103786981
0.21004770866090089 0.36598113588622522
0.36676125169317575 0.79980123867552078
0.28456707604730130 0.13925321214363209
0.62657060262404241 0.82812786366155555
0.84991292167337285 0.36236845417480812
0.36169537103908467 0.19379985351746218
0.66934175866501067 0.79563728534193989
0.19558446398819296 0.38707703042846969
0.51514821180659542 0.51307785448825272
0.48649550716508405 0.40439833338808462
0.37340295256063383 0.71089319304114429
0.74761122058261009 0.35042435524925747
0.51935605952081154 0.90933726102187051
0.45297293871941963 0.38944510182229530
0.70299617828938610 0.09979086099681071
0.78978822218525913 0.22383470405719610
0.64644817372891739 0.51263752953623021
0.31764607740459022 0.62225691288770779
0.75130822105340422 0.47621484012353499
0.58653892014781339 0.79245095305328883
0.05602776850263936 0.61008141565022544
0.05655892797810675 0.62568229851541257
0.21697305727662702 0.29483062534035476
0.59419648199891650 0.74896734009113830
0.64191702310901766 0.17398548723758184
0.80567484206351370 0.76131208485725566
0.90993646777952741 0.62535930363901437
0.26584960330214119 0.49059248257421983
0.47186943035162354 0.17997284657134657
0.45433871913896490 0.05004657586242083
0.67164753657752252 0.56039161453279740
0.48029491579608546 0.32622114479840991
0.42138972282858578 0.82679510680775536
0.15842799680524294 0.21524912662367496
0.78365710123487675 0.32108644339847303
0.24458759691635426 0.80378891501477900
0.41639316103729684 0.96550565614194994
0.31453997308000675 0.67439978577887882
0.82327487079416306 0.18777004528447072
0.11401206133825614 0.36338937816416084
0.19411790102489762 0.58494858422001150
0.69773340662716266 0.57115883696411629
0.65573376707423214 0.62601697930389721
0.50740594897047264 0.25027246880313486
0.21622575136768829 0.14757051119858380
0.59475268884117194 0.33494725579790102
0.68488838975629474 0.13392250647829493
0.51319114445409897 0.33685917774655022
0.35992622519945433 0.14376360642557029
0.27003886688870760 0.71482734904701506
0.51248556174124948 0.82797801570059015
0.34502176285105851 0.27266241659305723
0.22336211321774802 0.40009519322247811
0.51768598903287222 0.39615317395742528
0.91185475490585011 0.51698788706301979
0.24728461966102017 0.69486596145337076
0.39548976048259527 0.23074669727371139
0.21155758498765964 0.16738906291148137
0.52761836528669404 0.12829908292474770
0.05862465952853830 0.51908119519102913
0.40066696601408031 0.79584828690329135
0.08843334837988989 0.31553212309184853
0.70004520271008941 0.49342034228216031
0.50366727087675434 0.52458916913846332
0.52721673006896008 0.63241095379200962
0.85497482101958178 0.44021281239902699
0.72693938752380249 0.32871769390931338
0.81406278407787558 0.26810358736239320
0.52931321451657565 0.67793134479492478
0.89186460935690837 0.27906549577386575
0.60206944778347193 0.35145550532012926
0.66508298305284363 0.78675819698258898
0.54519215599092308 0.36575847578667414
0.19454406159360024 0.24559339759931620
0.16843382583725722 0.22036575033957145
0.39746689494806892 0.83384592027845705
0.30462678031951301 0.32860228311816048
0.23677873397673249 0.39544371415071339
0.34271760461210959 0.54363791983307941
0.59921932686481738 0.42447801338920538
0.79174204294853112 0.74252171560040636
0.37894997795585489 0.10297513528325795
0.06722028919073920 0.62458407794206894
0.61215531218564523 0.32890309682037466
0.41199294338185355 0.48414501328978243
0.25073687212102108 0.35551842275921530
0.62964947013606165 0.41914470255311476
0.69177169532622906 0.81621761477219146
0.31021055698977423 0.53520862516904510
0.10916436566768406 0.25307041068466379
0.47322028157532003 0.16489896983329747
0.74931215356231473 0.68782096315015406
0.34565427218784056 0.22612856309260390
0.89152846544355968 0.29073263108403963
0.20511176691957578 0.41758519381691461
0.90532051411767234 0.61483087651201607
0.55385175186303959 0.33609199731491429
0.37586141892355723 0.62048808478405215
0.27222823640149163 0.75175114558223233
0.28556131527717304 0.29238023811928981
0.39204402927716986 0.90699028740068377
0.27726573531036108 0.69439693147087111
0.47685681546482461 0.79465078691566504
0.42982570582796126 0.66626648210551065
0.22523087005530654 0.52617501047395077
0.36242149509531141 0.73486188431749266
0.67367778777502041 0.30660478067202512
0.82210782142932037 0.36796881799709819
0.56072544503758404 0.29591277446179293
0.39789970710169964 0.74646195978231189
0.41505153645897214 0.98164574024294282
0.78627782666707680 0.37925495624057315
0.54040631867142253 0.78935272710822413
0.63906393108423387 0.22952823349598550
0.16887451168619971 0.47545322021512160
0.63132698572244494 0.10145751323002578
0.07547046659227813 0.70252751460701157
0.94306746359415483 0.52220696103760855
0.88041297101746463 0.40804238906997209
0.08400971421740945 0.62854377544592877
0.75548603060098918 0.55846896997823703
0.39375706110632858 0.91129786453248551
0.65222206298103791 0.66900344659372701
0.86530478814813738 0.63984113882586913
0.09341004183915913 0.48391373054189107
0.45597127807636961 0.82868661671959076
0.33128449327772796 0.09421885809045338
0.58606124442710206 0.51967122211912675
0.43569889974264531 0.29548979704055467
0.03426073484553681 0.64602889074019965
0.54599978686045147 0.68906212193463734
0.36396394585385344 0.03458765611968598
0.38714629516993115 0.75925643764961803
0.75859991007806216 0.66250676175733936
0.75856099085260908 0.27971794530494493
0.62491678218515423 0.84373192636764771
0.82202586580621251 0.16048630758876276
0.69758924192180960 0.69425815407018088
0.87285853815621439 0.35343072980658585
0.60338000445996398 0.20120804530957623
0.23574196063435060 0.15035135976414427
0.69242193415704356 0.58980278448213697
0.20314408097902539 0.37380679743205647
0.42730802859030054 0.91058221539543605
0.28568291245685495 0.49778245676942118
0.21261620359634825 0.33468668908439553
0.80824653392889945 0.27208953399705166
0.54601326045520882 0.12437183142007843
0.09261958385147558 0.75747443804501879
0.56559107754915794 0.45069994550790293
0.82449183357141986 0.52894089018869617
0.75581548252341346 0.50604687183698271
0.35336376330838049 0.80050723567251048
0.64857903026088171 0.20161208719912638
0.23216369606485457 0.81074621451732076
0.64986997398564395 0.43515692862107397
0.41845527544411187 0.04377186536086686
0.84658990325255834 0.31030135609942222
0.47984901851133122 0.82606462245413248
0.00938834717342781 0.58083358131016105
0.26875993049806712 0.39149892704863221
0.75877354300011168 0.80657749446179861
0.22009311738965581 0.20790877851978715
0.41025649142593829 0.83830424608916299
0.68841899609997437 0.48231440261725705
0.32680013892329407 0.67764878780230775
0.32344659308312768 0.68105880555026621
0.32219135388316428 0.84888719257369405
0.05007155142033812 0.59024688567543848
0.53694205215100388 0.68554722609554275
0.80079176192799906 0.81750149863085109
0.75201454722066130 0.77478330082026403
0.26275191595100622 0.22514359325165781
0.11778627582092742 0.77957264438257612
0.32535071460102505 0.25119641913355756
0.54663149723641835 0.24407652751329714
0.44164449792702559 0.59998250186692059
0.70502823678500848 0.46250381568472204
0.12741041020378779 0.42404728883074744
0.11114409278608151 0.74808559340986558
0.06828068092010867 0.30981183043380339
0.29573120505999367 0.27342848672653897
0.63649801073686607 0.70868260908972958
0.78144639936196902 0.53708346337238033
0.17462639353265241 0.57194098080194511
0.18802876835553564 0.86527562861853180
0.32182943339903924 0.80653090207023903
0.03441089969420049 0.66837652601007613
0.37446024002889827 0.69220987122821487
0.04004900852217767 0.44609245700092509
0.56933828391972130 0.15397714290597639
0.76506388006642212 0.71926817686773115
0.36527752836130589 0.45727638849114322
0.08727668235821538 0.59215914720627372
0.49118462032503085 0.32091907232815370
0.10473006908275909 0.40680204197764308
0.49800881017904741 0.05913381962184124
0.42575423179225441 0.25833020110508920
0.23099866052402085 0.33456560667644164
0.04133084626501196 0.42914565638026442
0.93053431735259662 0.35254117480386649
0.18925034129883420 0.82036167444858499
0.53104266033417324 0.63439012696700048
0.43489202068549976 0.11462732476905858
0.69274926050987629 0.23471673519883654
0.27001866921135598 0.40943306893374143
0.73238547150239686 0.14455799854612467
0.71032931390241405 0.17924040227958088
0.71820081858398244 0.42987492408451966
0.78722334086884571 0.31344473442751553
0.41571217188920984 0.15372877826300635
0.61561291106669336 0.23066724417662546
0.42332324369156193 0.54965372361611076
0.17687038832473675 0.52089659925866905
0.46428482729467541 0.62997444123950797
0.02406850488192809 0.59360390416471265
0.37503975251040578 0.45582780442771198
0.67810880458801426 0.72706022547717608
0.41628098068464908 0.69597345576469116
0.44460928235977204 0.67141697915649878
0.57877444110772358 0.12572671931818941
0.10593596488043214 0.78031255696406543
0.50521233887559824 0.48240753562408001
0.87898354108395782 0.66383566853492348
0.66533854550889682 0.09520833582309851
0.36914530933300610 0.51791770767834222
0.23114664100592167 0.22979560281433370
0.35650305988297482 0.61095182989532915
0.82279702178583192 0.61119996508211816
0.28204538110963495 0.58521391981205029
0.23289568510693301 0.24382763839300642
0.55894447497896427 0.35558752592311588
0.44847193676934211 0.58429083589453568
0.52637207379869122 0.49514620131648046
0.51923845217228481 0.89557745770580066
0.36690868662172127 0.14849325107454325
0.15419628386872500 0.58822322434777186
0.40345414727651963 0.76740584499858633
0.62087129520630358 0.43162700507058460
0.36821645184724816 0.07908016202059953
0.47183973167365917 0.86961399552019336
0.40682905794395230 0.32050445753818674
0.79037584081167023 0.78396154580860700
0.36922755319943940 0.30349172581669542
0.87355939612399314 0.40435205522755269
0.72405758690235011 0.16786515371590124
0.19406361013654527 0.83863018098801356
0.18961220386785360 0.67607639669945074
0.20080900798081547 0.85327063551398075
0.17364816159165292 0.75156325213958497
0.54271537972042350 0.47953160605190037
0.18570032244743800 0.46313764727866319
0.83512762924428241 0.46027564684696531
0.46185173248825634 0.05153691970062022
0.46331460184382817 0.61376436619400865
0.40746098576739753 0.74265789697651186
0.56235408330642889 0.05614442497058785
0.62690835625872376 0.38747704510915348
0.05883782150743352 0.32731859492377058
0.39227048277576243 0.30876866037035056
0.79619215519603515 0.37382554181942296
0.32430562363018317 0.22459396585720054
0.41098372691476109 0.03360128911900429
0.50260431077269285 0.49942351847843264
0.55136283859277391 0.64014628138845009
0.30000248231938498 0.30837652329757775
0.19788691721446244 0.69875154762870806
0.78142199744988250 0.26292766606107237
0.06432403857012352 0.51310215968998518
0.54413418208584763 0.63781103772573544
0.74468159382967924 0.44566134888028175
0.09673289462992740 0.73725204815856293
0.33858503019340980 0.60579283990962740
0.18240375175570497 0.19403721840542767
0.68469937372119072 0.89328016576997771
0.28378596116313232 0.28761569723402775
0.52423630811049948 0.37543063045107283
0.46725418732323709 0.13750696531673201
0.13495332257028184 0.43343428626245339
0.87173064458580518 0.29736698167385456
0.03876151196872379 0.54065275802766843
0.53858546054076195 0.07110558931183175
0.74208562206540496 0.26719833938260101
0.40703639319798468 0.54585586929505447
0.06424230625889941 0.66268306897382068
0.92082869603868400 0.60994936085723406
0.42270802151108933 0.78996768310218679
0.23710719477908015 0.87008491646841135
0.50469203860740086 0.33722717374659739
0.47819137317237631 0.54669843708457766
0.75733219030856957 0.11409660171572868
0.51084072276731851 0.92017960135289922
0.39332455720260157 0.75072157204778522
0.28255827515993498 0.36116310124792561
0.79012116523409859 0.65419867986568458
0.44423139593378630 0.44768582271583601
0.21235523612370349 0.37166550578485380
0.91649185118265497 0.30941634880484015
0.73511384735263108 0.32676879049948426
0.37165942378428207 0.85009033766155240
0.46454866764342806 0.87036277031275366
0.08723719198055686 0.71077718581415927
0.20388723681203949 0.50249052598002641
0.73922086573720158 0.30594319914628887
0.63516277380769148 0.79750761757106248
0.87633931248288688 0.55071880090257164
0.45126850671186142 0.63199138808187594
0.44762032893417047 0.94607135978387169
0.78784696653948960 0.48386649905472767
0.42877222297423417 0.67268795294552675
0.77624616314654005 0.23453174205727653
0.58033528404412504 0.28224926578147758
0.75434280211451832 0.56519190328740354
0.41597823354571506 0.03841750367826424
0.82211474473068191 0.38152286444612948
0.53820325938155578 0.53738237239973696
0.44508127446317847 0.68628135946602398
0.39323036921915711 0.10898240056184404
0.13731498126323594 0.28885132753086862
0.64832034531287330 0.45136419857655052
0.82620459621770670 0.35390007406669050
0.32276231735026628 0.10446956699600445
0.42515154189808108 0.26821105073862223
0.79118135123896216 0.15356913449237669
0.33932702841981605 0.82567067864180332
0.05829268683112334 0.68477791280537481
0.13032046215864307 0.85129382979124824
0.68441563785148218 0.72153167610587510
0.37089257071049764 0.29065095183055861
0.24193226662206246 0.17214201370285404
0.57847563765793375 0.34976656626286962
0.83974727846846575 0.32993460570678140
0.23484194935110303 0.90024256903999555
0.17660843538914281 0.20309818626445852
0.65262247507483018 0.75831915419439444
0.34674253391239768 0.20230481518737828
0.09861399086322020 0.55781469495129610
0.29519126921040229 0.84101424682198400
0.58269563031021521 0.12274778030549113
0.31831884443680775 0.27561037517310161
0.49040815798847226 0.21965218533672579
0.92056980513932862 0.46750397840580182
0.73408268061531790 0.51518890044194654
0.16846815232907275 0.77575932018372729
0.48412874793076555 0.43900755694078036
0.34268914438064657 0.12766445918144689
0.16766469234881182 0.53292068050767094
0.60282015100989317 0.12641999218056266
0.36486578827988492 0.17142747671465411
0.89350104675961561 0.39700213234403930
0.65365546911339345 0.42733715565419511
0.73563695834230169 0.70840043344721937
0.56446077537429185 0.12942790206190063
0.58631303572697602 0.21586207528416429
0.66166672688004768 0.31996383923576116
0.87362637164118784 0.71528476791305129
0.35969190284571140 0.26310985140006465
0.36887382645369848 0.79044207727919258
0.50582742190387942 0.05847466851633640
0.63395580699750131 0.39936897775431673
0.47848268999012278 0.73697184793418369
0.23548034347813235 0.85115624982206484
0.89782077355549128 0.42713228619102428
0.37922991182883548 0.86937573655174460
0.47737852573239981 0.22310275001661703
0.35693480739122263 0.19909645498832623
0.52612434799264896 0.18718623813011717
0.79994502132714185 0.74313418233776429
0.62995772805327610 0.38085673588442898
0.53987802724586398 0.21331751889175041
0.54304220917094193 0.44268334729311776
0.81978160199129635 0.49677991043089859
0.06236380960189607 0.52225208048089533
0.29635563609273419 0.36323669798549735
0.38316577642815253 0.11334918393993683
0.23590646738118951 0.12563137981583414
0.34012963247784206 0.12043989086539036
0.67657176587886347 0.42762070454716800
0.68172174754085868 0.55981393238334631
0.86440537334327672 0.60599390571831968
0.52625170097796825 0.05423288016107224
0.79471080650667869 0.27079038027961450
0.50803770369853385 0.59912609652539850
0.76792748064362670 0.50128617724080271
0.79686437919334008 0.16563574236004797
0.25562802540954127 0.20793513147370379
0.62214159960400772 0.72254866369145421
0.29381002411822765 0.42808374744507932
0.21561747973846129 0.35250552957837022
0.28238194762692931 0.14457253096594741
0.71424171211732679 0.80460626492989096
0.07315377990812946 0.54398237775698333
0.80316394319849049 0.38369999135579613
0.95167322970963530 0.55440242813961182
0.31787257669815056 0.48669016859637448
0.67242338183443418 0.30158578644873590
0.75033432664842248 0.43514404796230804
0.08761561428656776 0.60869151778329011
0.28530787276081193 0.85805549111890145
0.58454067058722992 0.85068685679119793
0.13320610365417140 0.43008967410750526
0.27592794621830602 0.75545834049019922
0.28585432168367675 0.10082781343443151
0.50520892020771213 0.29683078164648158
0.29486464221491532 0.51156388259925900
0.37534254561793390 0.37869658222885821
0.63271067815232573 0.18298961798690302
0.65657110581381894 0.81443418554844604
0.02271245913211864 0.59966487173724747
0.76301991434704708 0.37343730718440488
0.24422408228531725 0.87047632697802291
0.17725233579983654 0.43892711559019504
0.42820860417017442 0.34183061762332323
0.52375966189500578 0.36604178135056192
0.47536053526030808 0.55139939527933302
0.69910313640841237 0.68405817239798106
0.55324207893908306 0.07024817813903179
0.55377262108170855 0.55645483431669374
0.89603076909338042 0.34177682272220966
0.24487196883284990 0.39360171630130536
0.57830013060134067 0.63429854399230345
0.69698991272218203 0.58675987005905961
0.52851176820809476 0.48998429056284737
0.51445146727992652 0.53326230525405360
0.68467262256499661 0.56269691533263222
0.39313090646742427 0.11924914582578046
0.57962259823054985 0.80242397027620382
0.67283622658068531 0.13371324578109531
0.85459204011528933 0.24954923810060350
0.13965515840906736 0.37010193346596582
0.25773143557583683 0.32012866162313103
0.45722523272083876 0.33893972808486245
0.63296218639233914 0.70355917984281602
0.60712034354267752 0.41760783973659238
0.54449339581036005 0.55274459664122122
0.26165569405138328 0.50186505417220595
0.39685091026574632 0.29907811199990597
0.52411378296456623 0.10254940351752613
0.10023881817352842 0.57016908402988276
0.38306967238824713 0.76377750498185826
0.00857866654621641 0.52726829010313525
0.21709492599763580 0.18784515179811315
0.29327865806848741 0.52890597966602038
0.64831813983455222 0.69791907103827489
0.37121701771079718 0.70313688146282372
0.70057492382790043 0.17034713506435839
0.74589275437162783 0.47240759469030613
0.28708992738095673 0.20384910832001010
0.06631340808037117 0.39656823089319371
0.72225458563407541 0.07597710348089956
0.44265454622634393 0.45246396674190931
0.26309194693700605 0.12672395293272953
0.34709124180338546 0.07126210307303203
0.68947431175479845 0.91275221402214046
0.85839812006902461 0.25903128261007219
0.76399034228674123 0.82931936044956811
0.46562727590208786 0.87595118805157934
0.09788915537990668 0.28813080476465847
0.04671627866153075 0.45523550706239946
0.44421307630034873 0.42582666728748891
0.81182860693394598 0.75564365651329146
0.62693459242517435 0.08483542563374762
0.61982813423093552 0.88261980158336317
0.19844742124458969 0.33212995477073687
0.53315801957846631 0.05593684723657139
0.51462740280162766 0.62971901692916965
0.44283408747083391 0.37944598736690055
0.11382242210250550 0.63753755074658547
0.42159349321502015 0.31402458962605656
0.47549046469508061 0.43897034581741412
0.17105554357852334 0.54968936001613922
0.81311422942921774 0.47022696935517261
0.79601648881192510 0.61069026417844341
0.25279695326508544 0.17657039153490639
0.39653274168396480 0.10547788820988484
0.58360443267748507 0.17784357070724857
0.46439613000639351 0.80570820913266983
0.07627164393182945 0.52096217706720294
0.78821232961757659 0.22973088437720787
0.63283360720641357 0.36990193003323213
0.11702402619959890 0.24730604421996782
0.86168815705355395 0.24829339651542195
0.21767941287456252 0.30093095741517972
0.30562520159475420 0.71921638565777180
0.21054495893701219 0.88564170398774134
0.25048978704568975 0.51976870529636687
0.57225945693193103 0.68721399270579486
0.47985406011252296 0.16379234784180391
0.06790343862431504 0.59456481653706184
0.08037800302735204 0.52359403840215535
0.62967875422589414 0.85326103717100465
0.26635386867126321 0.89427972964161706
0.56340584664913984 0.13417176555054192
0.85772061508118425 0.74440263933242523
0.46274309675819181 0.84641530199220683
0.88114201440133977 0.34165434229113456
0.78547193287586992 0.76518880630608777
0.53423727712165703 0.79288292963304907
0.34514977227477478 0.34955151883355734
0.54574682970702171 0.54830949952579244
0.26878966866125975 0.70394867567709829
0.44683258247425145 0.25514409212760286
0.69520230819247597 0.60155636430029835
0.73191439434557382 0.43551699355823942
0.06692971682333623 0.40447893625088466
0.58481960425745239 0.90566484330994912
0.48974486874897122 0.35319275894799362
0.33450950251019196 0.54742487504575821
0.50541974019695590 0.36011624112598672
0.82690768610834142 0.58740426090294384
0.47244788928566955 0.12920669951281380
0.36006104964159519 0.43028629998396767
0.69830484318206609 0.37562044795775507
0.53398649921909536 0.21073998793834287
0.31468224276604151 0.09176640531658399
0.44890432202829428 0.35380273004150431
0.91563519164315621 0.48064388295132193
0.76557849975690206 0.16702764282390067
0.65935440955807834 0.25213448308615760
0.39677032048465732 0.69383089242468932
0.36962492238369182 0.12466889294327144
0.24900688854507166 0.41800424450898976
0.38185013342665619 0.87625683901820672
0.34400730172957167 0.76442127591617937
0.63296899787674921 0.12046311151186240
0.31290645558986457 0.89037909324771947
0.58711980670646680 0.36227896414715977
0.27333023618019203 0.14826204356433700
0.72585142408594183 0.67854494204455773
0.49892555131925431 0.63947034889441856
0.77193143043156642 0.10570979354554663
0.76940806476485413 0.37456653004266832
0.23991812580544311 0.43964669625697239
0.23522938753262784 0.38018207897370049
0.53207449886496416 0.93926109035279592
0.53744845045230105 0.42781563761425545
0.49917620207360941 0.81182979907424324
0.33448378488662939 0.60579184268164399
0.51517688827556773 0.89965294969587128
0.70681041043163229 0.14440250176647373
0.53291090487719883 0.49431928178701112
0.42425087987163818 0.33825042624036200
0.24287334253808204 0.39856144372308583
0.55579748337689849 0.17154005147052420
0.74361519266256992 0.12502051190867144
0.44908411116142016 0.58001523375730868
0.82716506661538247 0.76326178285900559
0.12570171276676140 0.19237001212113708
0.57147350395569296 0.02916781612842856
0.39600362578399501 0.37770096948229342
0.49000456778255119 0.40088419507656048
0.80633522839617700 0.81299350794238134
0.41664240512814932 0.86337766654869863
0.35419526213092856 0.48099673239688312
0.66556684256847831 0.05178135952806625
0.69711183557780110 0.10366481516348142
0.19238741961347783 0.21031769926711552
0.51986787803884449 0.45520029513044108
0.45857491656857091 0.28451231087570888
0.80982920728004515 0.55930593431849551
0.44499258315613632 0.25089092317510420
0.18743056101527938 0.75908383037531557
0.45765632041571602 0.25550276655064130
0.92038371266121521 0.47429662561961117
0.21330113605008974 0.22936017755829360
0.28037239593392821 0.42261696148931904
0.06268238118835426 0.39200925733737824
0.14778640317026945 0.21924806194588378
0.25083320969201212 0.48069541405472815
0.31843843663706350 0.92792319272037216
0.32255730288783319 0.43721206364226045
0.63550950556597063 0.40929074034472906
0.11351831378455944 0.53503579049301409
0.35715247651278609 0.77491603997794434
0.20144025289102255 0.39361892467908832
0.12538758281464585 0.19740381350754627
0.15174136049852241 0.76110860470482677
0.44724716400968678 0.43935765871344984
0.21222155384229716 0.17539368100774769
0.59082978990917268 0.67199613860637042
0.51151640076570870 0.10761170024087860
0.41743131101974712 0.99927975912004585
0.75027929483726219 0.27117243465399604
0.61641681335699794 0.13088698363789861
0.12915877566251524 0.26372917470765378
0.57057235960104569 0.14846763327209933
0.07787652087081555 0.56410239789094241
0.79235837527743169 0.61642922716417370
0.06590620859694259 0.49090773989653003
0.33845785269979184 0.86507153459700592
0.60737332589571780 0.19845944729387535
0.23003952711609407 0.61298476002521030
0.49874139205923329 0.10026951138430942
0.04131732417162309 0.61599251882363804
0.91325670562375771 0.30517087685443850
0.19874242246053436 0.69103705732369247
0.59236373005256282 0.88405236486832262
0.33162718046645034 0.28438820758386107
0.54358160189342508 0.23330962610579176
0.15044313720076313 0.64654564501644518
0.74153909435910981 0.33202842700625618
0.67615188333088805 0.17717860965230914
0.59154155374790973 0.47091127336359240
0.09452141759459774 0.76313528329247449
0.75892914436533321 0.74837171904721367
0.80922992751067313 0.76524910871457485
0.50188700285292842 0.63752013723533174
0.24213367527310750 0.37440644355064667
0.79511316101068530 0.38343527200463873
0.74173300704250156 0.59192194832754630
0.76802585764968978 0.36294950230043255
0.60220687167336306 0.77959045259634174
0.76291490039287357 0.16233415332024370
0.38469596577147991 0.08070996069872891
0.10807457448769008 0.49483436865199221
0.10123975153662022 0.32773818291148682
0.09252008719191544 0.51260991952942614
0.58461585810955186 0.77382715167022165
0.67186590434661508 0.41348941032811815
0.22855318421500082 0.22128275028967917
0.57243561832583734 0.25016904926961031
0.33775456210220356 0.20179211165920521
0.64543909933382149 0.82617828611167921
0.36281771892136599 0.79555537897703643
0.42102561450542786 0.26033175222243810
0.09723714315614060 0.31642237581134502
0.38902352836638310 0.74320670907324027
0.33686703422755410 0.28322163759369801
0.12361072127214083 0.34572262717457786
0.86720436392083466 0.30512769407956647
0.77632723483969313 0.65678425996725387
0.54540946422593084 0.22498359165417831
0.56226528062824055 0.20922888252107044
0.28363269594138713 0.11886595007294179
0.78889258670029139 0.16497473208544650
0.66227205188177818 0.15568082962799248
0.57915405153750821 0.47535639557887427
0.79576395718294746 0.51260900007795873
0.25877300776324519 0.33200426204575889
0.29667053807176724 0.61701568799315698
0.68381017586730308 0.61862821941972346
0.57326423544391092 0.25454804534326181
0.08324186882799474 0.66760573261641620
0.64044193955479023 0.75734911182222731
0.20804597208018016 0.88009363646982497
0.54477687915618256 0.64341275223588479
0.76437310814890502 0.65526328541594425
0.15524481665424822 0.50638117831779017
0.45674663114984920 0.69778177195344537
0.56737901614692177 0.24835414591611887
0.23000235280059397 0.20696722395672354
0.29515059093319468 0.91981784717567106
0.33448768638420590 0.84327738889617088
0.27243768644608640 0.31094381466430160
0.37922453191652394 0.89255624527520150
0.26399191182018933 0.58356593431005344
0.35396559251563320 0.40600446486295622
0.75452497408891228 0.40699643959978971
0.39769404274103831 0.62742812960987571
0.54878924993225664 0.46943484943008956
0.24487684190070949 0.85041019847261778
0.27809536512366972 0.90399720476469614
0.48515033099876603 0.02395612855240170
0.46400420717105095 0.19010980509870934
0.80706378252116029 0.29586874633198335
0.57467505651525930 0.30975566468303056
0.45866157222468279 0.63356621676252856
0.49901998183642737 0.73076917326112867
0.39201060293101292 0.39345902313097075
0.54864023333013257 0.84509665772353759
0.22073092508560641 0.56100986806309083
0.85904015504493414 0.62642520998493678
0.86312916923953753 0.36638503227077124
0.26588066447719239 0.25672977222759791
0.47639077956491344 0.03062986982098947
0.46639364608623957 0.07687770587278255
0.22009295390008596 0.78590065484002503
0.49076428947422013 0.27734037635969483
0.81827180401393151 0.67618877476783990
0.25414613890829851 0.67235013685852885
0.44064943185543415 0.02212216310264907
0.92110779442432256 0.64078548358510135
0.73411850394500988 0.24495549826579543
0.34047696163715041 0.46787800746126984
0.66896939648319276 0.09216262919139852
0.50825400830606760 0.44065444827724903
0.25099356063287670 0.36094159583775698
0.62331019344206862 0.76307765441633124
0.79419093659858331 0.27689231226933481
0.32636702490753028 0.42939436129967079
0.23374546995039314 0.30154269137121648
0.61052675889720753 0.12954779450862539
0.16814904844713385 0.23387580110404266
0.65710821772566508 0.38301229924609609
0.27549471449133062 0.39008083433466212
0.12480838293067299 0.79066106977976458
0.10225878288727086 0.66651564744070879
0.68951088496380020 0.23053580821757835
0.80648899445361533 0.48234197093612624
0.81105301939052465 0.58731211344122281
0.91262579898911755 0.61441467120439019
0.61688037333376222 0.60014326324339606
0.76601583575251941 0.26699109884214606
0.39155723631218076 0.41843612776388683
0.74641132297854618 0.75932111716332729
0.88280292201605670 0.60412187258281036
0.70295417392811488 0.86684693917631106
0.34445979907898033 0.30980798583888702
0.49170062920265295 0.86877135280739248
0.18413190249493885 0.83699848657674381
0.89121273229667175 0.62061850617830849
0.02689121655925056 0.51992924425063736
0.33528237024882046 0.22807532076137474
0.21104660455803997 0.58508504744100642
0.69953029682150225 0.24794998396853474
0.35122065371620509 0.54400401736125403
0.67405641832360452 0.69762244379678362
0.21303708776324609 0.59208995445069312
0.47000790340688248 0.39248460294694815
0.53405353064997951 0.77307824522550217
0.32263315803637965 0.67719547002337588
0.39208453487402506 0.81134568766604498
0.59195186643705766 0.92192659939025756
0.10264673330664033 0.35164027451968682
0.66336438261172803 0.06273061774903947
0.06360259075956795 0.65572471775813979
0.68973902430049894 0.51394664705709459
0.35031220119190110 0.59080939787516007
0.79301618091834614 0.25915940234553136
0.02418959566552198 0.49584615034043067
0.65005977616644062 0.28074882838143073
0.90239780562201288 0.50457484786020601
0.26235945559210699 0.48782238598175065
0.90321327362439596 0.25868856480133878
0.46307236308663652 0.10686106159675071
0.51569009185696346 0.69893337519762322
0.75439955290750615 0.14758862217779506
0.49273490645326545 0.20553842256768570
0.17324592048470075 0.37758659777562409
0.52147007609164298 0.32149622226866093
0.17240614287577744 0.40159078503542667
0.15190951573546424 0.39518355885978590
0.26432644961239937 0.82100565258202485
0.44902357610951565 0.42809687954830383
0.53982782319476408 0.23111753316707542
0.62246756285446103 0.38294452877732466
0.15349716098507515 0.24724661355546101
0.21267584997059893 0.29132589994257085
0.36148902902130503 0.74208517118146289
0.86969659898541241 0.60368476912850899
0.65055118979237392 0.45717195461210791
0.55176422344711806 0.72645002578206508
0.81815234464867226 0.62448554733503348
0.87652857407038898 0.55489335807685236
0.50322785069988540 0.73851595208876886
0.28142550027382085 0.41743265481680286
0.57611988097120836 0.11664809882759984
0.19573105504419586 0.33757219541806061
0.68956468447545538 0.11597556241867496
0.86483679047755335 0.31240121552236105
0.23137401546872105 0.67644074549076216
0.48458627215179528 0.52759262584071132
0.84786138861880522 0.38613470840990405
0.92664187129218534 0.53055222102527211
0.24056795531427139 0.73288672538200894
0.66095472255227217 0.77613173231993327
0.18697516030498437 0.35805627704830584
0.19437899522898763 0.87048001038022593
0.83356474745795039 0.31262810352412507
0.59943820906416279 0.39578799356179528
0.72893450184074526 0.74143145262826338
0.39218948342960069 0.22297115403743528
0.18213898988460467 0.82189741044660314
0.03578186307000029 0.51080178614195104
0.50120560588252783 0.65894655697764914
0.83327572442799946 0.29547330974653740
0.36556511470631398 0.25167723512754320
0.64415330169491136 0.50276518765521161
0.73748573258126304 0.32032081795933404
0.86177246830104548 0.72015898135334588
0.54961623015414907 0.53910874516304963
0.32294406470792175 0.11818551475938469
0.68982572560513333 0.84392954845416834
0.86131559823907278 0.67174877413506673
0.50110592139455867 0.85890404473601834
0.15387400905864937 0.62721479995166995
0.15052765463491372 0.68004753281746866
0.26867048935867482 0.24093414092404045
0.07055459338888696 0.48087214392353200
0.28477812180298856 0.23664667349533322
0.51269455152460064 0.62032289795653928
0.44864740133132081 0.67308604141289752
0.59660828767067908 0.60779430754411967
0.39318570448720663 0.40138259395113368
0.53861421474050342 0.49013349571579373
0.12889755788283577 0.68378765366161509
0.67668441614539432 0.66363184664528685
0.01029657483389845 0.52194721625579710
0.34276494823990128 0.25338284099025954
0.72385531302603945 0.58235992965969463
0.23348687791890729 0.83371240142454794
0.24205786232570448 0.89014847653712470
0.12574726475571049 0.27800211565096666
0.80207392362744001 0.43215998855393167
0.80965322274877394 0.31991271462770132
0.15488196438092233 0.38314985050258032
0.87752862331441395 0.46555899136417916
0.48774981574639725 0.56444152743140130
0.05424868989594935 0.64222864973584204
0.93607378330552804 0.35598525982627005
0.49558653289789395 0.39377035533425048
0.38804997502360233 0.78675575503349116
0.89278182220264612 0.52595840613396272
0.70107283464226056 0.83613733674291124
0.91605661150313955 0.55364655581496480
0.06413571821273242 0.38737804849163204
0.41479472433766201 0.41195152421101972
0.46943687850068316 0.56480972069911328
0.95619033826721767 0.56276936232088015
0.78861556434538960 0.12794916673780388
0.32421187127908374 0.38261452252053363
0.44711902193473135 0.04272161771506927
0.62368576205192161 0.10440605003513383
0.81522288942141707 0.23264406422128056
0.85074763336120440 0.53238317351702424
0.56855164977091710 0.93760841573112697
0.39698554106479977 0.11320683956121988
0.64288045432659924 0.28741819847575539
0.35288739665535773 0.85305686086176158
0.79164564767885914 0.45878599956425470
0.41269013434265200 0.62423810900482091
0.71665430211275394 0.72626321120213333
0.71925373025154238 0.82092562113261258
0.41074531624697702 0.31331376603054450
0.27553424272432814 0.68973501788680480
0.46175511486050141 0.85368851541940161
0.68657131546050831 0.10250739810740490
0.11866504781614819 0.43417728365317831
0.36070618245939917 0.16843682942087582
0.78440865368359136 0.33849236068954475
0.64470577622049918 0.88290715377512852
0.60885615949550365 0.39847589783800319
0.45368613415130321 0.41329347941052946
0.78879127216780520 0.80639132733376462
0.31731490786821342 0.32017236674789079
0.12666787359233009 0.36545196389320778
0.50184204143646050 0.08772883833021361
0.22671892172078245 0.76413768912587787
0.36572059593314094 0.94169840288393158
0.33976216449672836 0.20568653462817976
0.44874423261100749 0.91052872594313683
0.46038677943247902 0.60029971070560706
0.55582860953877922 0.17707422947010076
0.94702080462722438 0.54974938396779294
0.67366169212033311 0.34466634003783359
0.18176493563857180 0.23331551980189474
0.58510360357608293 0.14045735995993119
0.76018946322402936 0.50989939386380712
0.52844294478234244 0.01149956469724452
0.42882581552963539 0.79525495418428882
0.32296435387971933 0.25961855712124227
0.15879940850130619 0.39323473032361833
0.82013430602135551 0.72025543013591753
0.57978503866614395 0.92675588206721471
0.59777080285924200 0.93501866330450878
0.83870725861839712 0.45623842400072778
0.17951517271613437 0.15814310867569142
0.10461130336845602 0.58934168403702725
0.22252363706142367 0.16751440867728984
0.22914453702700188 0.23996230096409646
0.18462447533491180 0.65930375623874482
0.84299770878976021 0.46755264659664675
0.80822670926199858 0.22125455057799573
0.42290668941561421 0.59645868743785890
0.91312629644607402 0.64232408991632173
0.40262746811923567 0.53941889283150724
0.19049104506599521 0.25752283933496406
0.53330132202828207 0.08149022407313478
0.30921131051069595 0.72702896023914776
0.45637113742830038 0.65879125043472364
0.53297623259354521 0.68338394847753503
0.42117558050575266 0.40337132512501561
0.64808739331130960 0.37489482624523229
0.76890947232803109 0.67922373803149838
0.11203397288348659 0.29051409659179811
0.35147256196129822 0.89122062385126088
0.77668204543723074 0.56660659781673517
0.70797608858274297 0.59002034198650710
0.58962335050371528 0.30748580611416115
0.82162371751496954 0.61658431543682857
0.65613572255860086 0.61550642061545990
0.78966634901464916 0.26567380447762834
0.81044571159561285 0.40023765557084429
0.77719456876651838 0.26422925436645195
0.79435046633990203 0.79583587640261111
0.54564584446829245 0.47374862652693500
0.82105956614098985 0.24255677444468038
0.68019900733707006 0.49985969341723374
0.69925534143647894 0.46501795914646304
0.51230846394315188 0.03642551588757544
0.51443713001832470 0.06441048971474793
0.65197018879697310 0.26983255903767522
0.16078075370043593 0.39890813987203744
0.87444132907955985 0.37825946522012349
0.37313388953867432 0.24480293795639754
0.11371287045605119 0.35070136388821149
0.56268141469961008 0.21654493974662667
0.78394527170787931 0.34722993657007878
0.15805461832213999 0.59419139330916093
0.37442945536224154 0.65770208421892207
0.23220343851295008 0.58567988055161946
0.34452564355041110 0.82767233734850376
0.07356496559684796 0.31136081223269158
0.17127524199086594 0.23740615765040635
0.22966100315045421 0.88036495052505903
0.81544392990696180 0.75345381069512618
0.24057484305400156 0.51412946877393051
0.87951124226509247 0.41244404172868815
0.69940146879979415 0.61405071362937347
0.10838127438953166 0.42760794241369621
0.56710948233049141 0.62941111033775776
0.10176158042675452 0.71621770694191333
0.35075310053863884 0.44404450109228288
0.32744761039064146 0.24137985241083521
0.87245371993080711 0.67652998870619929
0.63038642043970727 0.84055644210569946
0.70163600330858333 0.77489695761708866
0.88092026398470480 0.53938035881623347
0.60241314142865732 0.62175480343005574
0.12448181996666730 0.25500587485482201
0.12660456212927371 0.32325846399865127
0.50070976916872389 0.29062792147381311
0.82560203351710271 0.39788461938907022
0.21141710466965588 0.79427250974826213
0.89504030831263170 0.27461116197887347
0.24240161887884520 0.93006275890460877
0.75311147221384400 0.17619913705790749
0.24414654517217763 0.38724767847661667
0.33768887972950690 0.55260836414435488
0.15183506951417033 0.28319161153419331
0.13177980699154349 0.27227407568710782
0.42407342614804666 0.17725933647403244
0.27603805101926771 0.14253301238189725
0.84673061262396776 0.54808900307134878
0.68336567947859028 0.16130623998252763
0.54875636880340417 0.03232763446365210
0.36098967611013372 0.44850193089479051
0.11755395093152722 0.51809237596630431
0.46005035445133602 0.52199565430755779
0.67913791401084556 0.89034196831580126
0.67559010619922688 0.60084188040535402
0.64555124603743752 0.93202024779021420
0.04747015574485909 0.55289491514291234
0.51356978537336129 0.72973536577059961
0.39888442262713852 0.22255099244978643
0.17065364062544269 0.57524802138145725
0.71816396492929346 0.90253079879385312
0.33715284309484661 0.14231766529893974
0.75355984172248147 0.47179116130886789
0.35945537119659271 0.93440629018818466
0.56264415708838345 0.31039329176379038
0.20925729759013911 0.17327964394444287
0.68510459276150604 0.24213788313084625
0.15699800917304246 0.55949268960815135
0.13723267023389851 0.37928308508478747
0.54452860694554994 0.21599347650079093
0.25118784561253826 0.36776680485397217
0.79613989646942085 0.43504908993539082
0.23251248647669853 0.79135259576126604
0.57711822058648321 0.10310238959453627
0.23891034609111939 0.26308010766406692
0.22592407801907041 0.15113028428649175
0.58012266805298507 0.35522371920739415
0.17723031915408111 0.47203968153947939
0.50622826477327565 0.52971167652796636
0.27353671516677058 0.29509155534989712
0.81782307168950608 0.55795511881601101
0.41309397741062787 0.76713789727670401
0.27829015200921636 0.42768843471799378
0.46064693948348590 0.09258223495410990
0.11095365936360359 0.26166787322891288
0.52097027076830649 0.86540581392215243
0.42979731594299525 0.82722536543476410
0.07048193615458026 0.53274636586619795
0.18686914937562554 0.19335856315843880
0.66622542058683742 0.33199588513928879
0.47508249972122235 0.90093213887194701
0.22035070319754874 0.47760305499376032
0.63040916865144170 0.37658200466458641
0.45246384182808702 0.45235478060424067
0.73220018460419833 0.76109518777699825
0.12507752074941533 0.43321103304470315
0.08310510517764230 0.56344071940231422
0.41195240910658065 0.86421132798164269
0.15147194235493461 0.81893717232222263
0.27011916242072942 0.49932087501291605
0.22073739315027960 0.28972085585731872
0.79844940818043320 0.28243970025076398
0.40751448036797572 0.22590275877533822
0.36916430645159626 0.14062090054665174
0.07069353125435646 0.73555803839851619
0.93182842535775001 0.53833620331240017
0.52715302309294509 0.76369462086525763
0.58054179037139231 0.31713137478935488
0.36566453317625891 0.35879361473948096
0.69303590350185196 0.69238471154070802
0.46919060464157580 0.43463688875205025
0.39312744524920484 0.78777588060419323
0.10683609822126648 0.74016960507485829
0.36937679582882554 0.44440467578475384
0.26631914499493442 0.62694212723832465
0.56883335186505002 0.71688282725664354
0.85029652221347818 0.42949531138569896
0.69192762052526668 0.20484420702603290
0.33945912693530972 0.11592594044243044
0.35883896072553328 0.76997156019761870
0.53245130130891527 0.41477395048637677
0.04410084045303888 0.44399397502778976
0.45193264140215861 0.42411973173962680
0.05323992759209995 0.33781149923708464
0.74492702280776546 0.66514369751727365
0.42888244990543134 0.10466971281570965
0.73568539221569340 0.31718480534103394
0.57992680274505948 0.38355677246931091
0.46449613574270615 0.39849197593083474
0.53840689033179312 0.24834029359508869
0.66871331448206384 0.62064854350033849
0.72321620234072215 0.43666621818027224
0.49584382069047067 0.54414370904136500
0.68706483725505274 0.24527518211906005
0.19078781741946749 0.19616987920689236
0.76165486762213452 0.70659678331770726
0.04792534412873987 0.58522096667322354
0.60849994265299057 0.06343642009314578
0.72319998505388994 0.78026259657668318
0.66968401289616253 0.65839416073727242
0.87462297445444281 0.20714943632417415
0.53964360223603924 0.75280232623931320
0.77649886493886244 0.48818458230950873
0.81626326030261909 0.50395840309176665
0.38496937125188119 0.04078465769241835
0.49744626994227559 0.81531109306486849
0.45637596079877535 0.85377902265090289
0.67527280590479088 0.65695926576729868
0.40854345041068640 0.82905407780010787
0.91427633121305352 0.36180792584605398
0.69553276199130643 0.59571578803731695
0.18653815448566974 0.18727720979374987
0.94451793369227921 0.49465098187191869
0.19461757015675948 0.24114804590692465
0.17253442387854157 0.77857696926260622
0.71263342816875308 0.81089864055615191
0.42320307454205780 0.02036510938205594
0.22419657095297768 0.67379199997366990
0.26939248101365049 0.66745369221219975
0.44532906681332041 0.39170565154583287
0.87008780845953504 0.26326192045712654
0.19898435855239482 0.15232996481079983
0.03741174108288186 0.36352560322933136
0.14058987280213237 0.27146984943713992
0.37799205904030952 0.56665568040954140
0.55814922365245201 0.84616460600017129
0.41025535152444159 0.05778341820898722
0.28465505379931000 0.28070586206754544
0.78673324886165052 0.16813500405092047
0.51274343876515882 0.50408538546562709
0.83409439266279217 0.72014484520121802
0.11877610761185899 0.45071239483758907
0.49504775602553441 0.86405157257438314
0.48182377336190624 0.33138212463112943
0.33612480552198165 0.50658361284611553
0.14902763757322329 0.76928527987894346
0.50669764789636440 0.34121045018138962
0.80261999402636963 0.58409527376602177
0.84775029477410779 0.53738492400211879
0.04001381888892773 0.58480082076414408
0.66262459153477271 0.09846340505246982
0.53419118786253894 0.91363283583409050
0.85774384107365631 0.78479867641509493
0.19629309869512390 0.26144158549670793
0.45888497484053858 0.41869780526437489
0.60079402551957806 0.79631444701751608
0.47896767557625436 0.64021567980924021
0.27957580442152835 0.08026733620403459
0.08205225550973345 0.26957056432595111
0.83235761312572609 0.54046152599627406
0.70830348971291324 0.84871316518051665
0.59156444043244605 0.19050145906151353
0.12027327136464887 0.25357653243203454
0.45882354943548542 0.49504173867611451
0.48630408848715911 0.21417296939548627
0.87843462854570165 0.26538038039104456
0.12602953499518724 0.20513278281805983
0.35527726836175449 0.22522852539272475
0.78678313315275772 0.78941205148077231
0.92350765144544178 0.51422114382220241
0.57575480270336965 0.42805928826870165
0.50246191260042838 0.32669990141428235
0.87392462346956634 0.26426401342711442
0.88041041735049930 0.30552997534151233
0.42868268053073516 0.48984511866072916
0.50433855373245307 0.89322307483047392
0.24074710728128196 0.49823994646635517
0.67060485120876434 0.58067347085223886
0.29089017418612445 0.60900741371935696
0.81976647931537416 0.46121047791036168
0.05380175572046881 0.49364964577314197
0.88759179227567264 0.24608224315803720
0.15572309513560106 0.76934633255164608
0.70058634987854018 0.70851480312268578
0.77027955999425934 0.51434898559088271
0.68246633163006576 0.49680419970652312
0.47133339606036795 0.31380060700801354
0.77516178518406686 0.86478891131688151
0.16260830406210330 0.56865620524718141
0.48646896282238261 0.69974782931983082
0.44213253854504803 0.54983837093079480
0.46795550388980517 0.77294823682287883
0.46431659703989248 0.73423834106627961
0.76430007476001605 0.63880028241903131
0.29333969576872543 0.24903282170542981
0.05565927711949228 0.32301097744930068
0.14938228901805378 0.58066447458196024
0.62837739375637935 0.86448396424354357
0.80476056088167913 0.60992594604260320
0.76023899936382511 0.49200135144603052
0.76974354303692571 0.44143383982255358
0.50367521486961031 0.24398569026737657
0.24809786633471007 0.89971357249547956
0.79153608588802293 0.49118107704705710
0.92822820496849934 0.27941285750859463
0.46416371125569367 0.03848074750996743
0.74166358213709127 0.47856054614752591
0.34184826144813973 0.86872747692040975
0.65293409866742236 0.57060959002758516
0.81575361438092420 0.58123563012124069
0.69740570258732548 0.24251101955829693
0.38657518333151331 0.77813402650876506
0.34393584920807180 0.87853416830196618
0.10429366929587340 0.32287959537420724
0.57193875340408440 0.05661068266946383
0.05717174703196255 0.70967447288282481
0.80307190102239512 0.24754636284266268
0.19489974624646306 0.36256167401289163
0.55265217469968086 0.27522244864580558
0.92403554665284304 0.36309220068683334
0.56480416551879042 0.21214820870331946
0.41904219392490810 0.20923224153707723
0.25498880823280246 0.22087959888461670
0.95419764275261909 0.52591190339489480
0.54566527899613815 0.71079207935848254
0.26778253450166889 0.50467079766372214
0.24084906060301647 0.67866413815312931
0.66527195562928509 0.51713411900963779
0.31495307223856361 0.80627016242534688
0.63669661344480311 0.26316858463875648
0.03374496431032673 0.63870699405185438
0.29074411223508057 0.38247682410929412
0.88857439404433669 0.36461474708969177
0.36978351293276118 0.46412082966235646
0.66295265486834032 0.08665556959662740
0.80893524799905225 0.12346191857427943
0.40878772297169957 0.50210301201000385
0.63356735485169025 0.85383852829949558
0.11919633351726373 0.81916579879594020
0.45471650237799704 0.63692784949900794
0.55766973930352137 0.46292052642530751
0.65614496724714699 0.24346412677849893
0.17280018342788203 0.53388332013811479
0.31615675799790449 0.44438495546786333
0.67841516916682232 0.61103665367456317
0.36032067127805040 0.94036128688852583
0.22455116094998934 0.65498183758814676
0.66255569418979909 0.10317600026836579
0.53609403815600210 0.07741032660772872
0.71293570615249680 0.88761134946728004
0.44204842483478984 0.31221633561367695
0.34143648098609969 0.67889321999634489
0.85436123306922840 0.40792017781315915
0.20607737185751027 0.18476371570423977
0.46810050861635188 0.31765228901404285
0.76930222523990555 0.84753583026467816
0.50973514617183713 0.69762608060664466
0.45002767695337442 0.28188120686445045
0.68644389161133867 0.81900943350691668
0.01651744018589668 0.64007873098727586
0.44783100276812710 0.48884689295198663
0.66521568980643664 0.74989204612937810
0.68689508302620605 0.53436779114227584
0.87872477325471743 0.54428457611457193
0.13346815489046399 0.28996790163955644
0.56384829688049887 0.17010563385281074
0.28298185694636668 0.91709045132834044
0.84543231977087618 0.67153477458051869
0.12476094889594888 0.75215790086352274
0.69647776895069324 0.25381611105890634
0.81517800882329639 0.46222638972948865
0.25106668379330394 0.22669547402895260
0.47863558986413746 0.57367989229011340
0.62706727092785430 0.83514920734992637
0.06943141660104928 0.54221736365962547
0.46658081523449701 0.95178991274195479
0.57513908761188304 0.54909580463629226
0.90404075919237536 0.52653499233665690
0.64115773298650103 0.08467139021426094
0.19776221034806238 0.19260907923621545
0.11801080249370666 0.76846668264192342
0.52149996473198501 0.44446788867238896
0.66266807893995194 0.71824771860834524
0.19896954867130232 0.73247890913953784
0.29038329867577883 0.69449051541336781
0.47253181683073830 0.03790871610687830
0.68756170408537121 0.68995847077927075
0.47013686678856748 0.32656897689602882
0.48762341466929826 0.74304012392947472
0.76215142196394403 0.41511069009140550
0.87499547471940897 0.30765328047892848
0.85701456179052105 0.24605208815834118
0.77734408129663113 0.32318080427870149
0.48602170532100347 0.37809539376263956
0.93517728301900860 0.59109497545136458
0.83300799153690452 0.18866588642347829
0.38136750475235265 0.12835701858971202
0.32197149945502301 0.45438109476288957
0.82896037556879520 0.19689466485614573
0.63542303136366096 0.34642287692815121
0.65651739983713608 0.03858607524419103
0.87132564217570063 0.38421254348160622
0.12077309877890580 0.50225590843352019
0.32887807975068650 0.73649915415264600
0.60194747880877608 0.91418942835186068
0.91840553848815709 0.64392967475013918
0.73013744537150937 0.28365835999466660
0.02845160696382005 0.64490778594126996
0.02364042791333724 0.50180155869042697
0.40504677116756910 0.33326298011696459
0.27047459820198511 0.22077305139636613
0.69607386267333449 0.20186295928051576
0.33797283739228018 0.31365975206480501
0.08168596200408100 0.63829614699999249
0.60665920883959112 0.74496837832821861
0.81746317011132563 0.61444305515685105
0.42537288266804452 0.08035765544499367
0.81495749292798925 0.60546730760290324
0.62724330407910323 0.15718646096528993
0.17813097771700528 0.29200542038909938
0.43465660773610393 0.51829548545331772
0.92601284768620951 0.41993157887834182
0.42306292058342732 0.95096047611175849
0.80850298332812154 0.37358150000204127
0.26394502697470895 0.32433044431945790
0.45069133222906282 0.04887502088961326
0.51409879347828558 0.19218692953595978
0.23334418642668167 0.58978701443114634
0.47179422722239389 0.46255756949203558
0.17262713451985628 0.58021824095713392
0.39856496248760392 0.11809330015473621
0.25360950735897225 0.91289895497996409
0.47545847463156043 0.33312821804176468
0.83535546471401922 0.76353402994242503
0.41842365390437170 0.55900580743758665
0.82166035558118189 0.23118252403799230
0.14083966817295598 0.42112893648281363
0.12987723304285370 0.61408674673083430
0.45591148244038343 0.27983852471561954
0.10969748885542702 0.71252863325992710
0.48110285028938382 0.97707905790337524
0.76538299355042150 0.70405979294416599
0.20691161886541704 0.59249521142431094
0.06287706457281689 0.69108138781580308
0.57605615426408863 0.20063142731835834
0.02000050706227141 0.48552395660785341
0.07989561873604319 0.67072445515645618
0.69578987421240890 0.08658775775611541
0.84954168533837260 0.74538596742487484
0.41947018916892542 0.64285486838504358
0.73597446877617856 0.58427713937609127
0.27344572719362437 0.46294988302937179
0.04881864964929355 0.42367858885591897
0.65249168247633926 0.86081059062717735
0.26012075536418178 0.16248277537655872
0.17940965871502518 0.18133047813599404
0.60172799089797002 0.11828825674820065
0.54712328713502978 0.68051505151613290
0.31704837481222314 0.92425260179017266
0.42025668500645014 0.54574001391564930
0.13003482574338376 0.32726110923135715
0.88594458440200696 0.35768088601753550
0.35943774100033249 0.25686520160462489
0.52048214166229678 0.38495345524615299
0.87951820632266564 0.48053544081072930
0.16140065722357921 0.23007191640333807
0.43562035860064396 0.26342202698703637
0.40667278235046506 0.31101125126931167
0.93562501571127565 0.59943372675414297
0.70887589353030234 0.84002140520387492
0.23135527115934204 0.53043485742277208
0.36437146871925052 0.43729233934815925
0.77115955135625258 0.39463222363618927
0.45353860030983756 0.42793888871138652
0.16481949959854103 0.75896883008539751
0.35412974293401739 0.56338703589334149
0.12775071117400633 0.82606085254219719
0.71845129082329995 0.21049373351007955
0.68901232883313579 0.42702024737419436
0.10616948723665423 0.55216854675550542
0.38116365660807133 0.34598178741484209
0.35683880010673796 0.16887250297007203
0.16925176300689859 0.50570006595539108
0.88474783634538001 0.32887327691314133
0.67791093933336422 0.76606136381869894
0.46691909371223644 0.46303657336810067
0.46902885273987605 0.55863771679425855
0.32641604746549258 0.51785257553556752
0.67593148170149042 0.88279565567041185
0.67561462760672863 0.92225150379159049
0.47210885950252812 0.40605448095303653
0.63490628995904486 0.40436328167326230
0.44572599660619433 0.31653364632959574
0.50756622144598507 0.88067162187324000
0.38450168075516361 0.42473751424314865
0.09753006509274573 0.70455102111554957
0.84064679343216020 0.38100320202760818
0.24626373278081759 0.48767103079918983
0.19206119437327054 0.35854017321211767
0.75271741496130273 0.73290580867945432
0.72696541889054422 0.64932223081536633
0.69396422920798051 0.88133724072044639
0.44423505278188508 0.41956618242233207
0.89674117394631914 0.49589918722455606
0.69492509256807244 0.24633432551816623
0.36603431697268590 0.81022241847381893
0.33850399795462244 0.46429337081058542
0.57641206519579369 0.16757632515581219
0.36856691611139392 0.71018392051328594
0.47372408672742083 0.17082658686359370
0.43701702040128243 0.91027466516583200
0.10215437064103410 0.33911969452744362
0.52911599846918245 0.76993954199594683
0.48052674423643149 0.31067153583697049
0.07251843312203413 0.67109671670118765
0.79519725979371958 0.75618749986103462
0.70560082775786370 0.53247622030312824
0.72955070083085749 0.69372104119419009
0.25351318823295727 0.68022034107962426
0.14057262633874876 0.29657767191857765
0.45784727717726736 0.90952495013044521
0.89990686641482176 0.44943393543324317
0.83189360598410789 0.80726024005742814
0.25320610722161341 0.12303414099524347
0.36561354638205906 0.82814054102993007
0.59845343930730988 0.52347702973742360
0.04990919887271896 0.33998455673353950
0.42635676282214491 0.62094785571586897
0.82466648751965843 0.34414480337808312
0.44805639562050670 0.66376419902310624
0.08294175188139194 0.71205513955522526
0.04337614834175126 0.65602610916836235
0.18000374113762058 0.27899685917700040
0.10693726925882877 0.38677747513864075
0.14821219045274964 0.59782541364396535
0.50555890609091758 0.82972882552356342
0.60145134572891912 0.56677757844158416
0.65209315632563092 0.62771289227672877
0.42594685689005929 0.37220335345843936
0.35233356152697187 0.79560606042680859
0.60610687176272138 0.65567665585845814
0.14583743426875778 0.76196947951995675
0.85196612403778293 0.28352801377847348
0.87564329960618237 0.40077254451627681
0.11955564570940791 0.74419077112122012
0.68924985782497272 0.89003417994441492
0.75636586276919449 0.31722953007742027
0.65740734017698954 0.04674092212777615
0.12156822551735059 0.75849102735923013
0.86743531987843370 0.63343379339126882
0.32643103679220015 0.51204174678349978
0.52989788751990263 0.42630027222035033
0.29450416442674276 0.10594055869998424
0.51583455425473002 0.38218194792189236
0.74474708300503556 0.74439492144601282
0.67025990323158258 0.78783998778832243
0.32373528821625935 0.26802587232301783
0.75420236335773916 0.67349809262717186
0.12956184948536043 0.66075645808887162
0.33341314245076664 0.20613506396067885
0.50271387280984003 0.52805319562614106
0.57417025242715813 0.52236040204084488
0.20320473555702243 0.66726669368510749
0.31082330800571623 0.67236976029273166
0.54153650377937868 0.74142908312354561
0.87588147214143908 0.64902810649991438
0.55414317079511177 0.93244587766482701
0.79837575277651507 0.78252733904009830
0.70636929164387985 0.61933974569376271
0.48432540587408368 0.63339468433118462
0.71651902367973497 0.06416984334936858
0.22787007976262327 0.27770691698980882
0.83293984884108396 0.31943391567356877
0.37907277543101042 0.86376989707539442
0.50348944296590958 0.10936953501304980
0.14227180188118632 0.79842708027950615
0.71894201753142351 0.64770180988767889
0.00979597702438527 0.42145853775038161
0.49525913637472063 0.59023828645532761
0.62985643294412830 0.37250276432931612
0.10585736453866514 0.50470332521318473
0.06353033320813449 0.30594920447881824
0.75081643840430368 0.75598553579577776
0.85584455234940615 0.51145048359500089
0.49753279462814459 0.37718122733479614
0.12248205508211497 0.57363345354638540
0.32279493744825383 0.49034744207666164
0.71501957536237848 0.18446007135639031
0.71408191845302793 0.47038419796528030
0.41216278293429215 0.83308003851060075
0.81081486540096326 0.68371831208146105
0.68887598383571091 0.47457155991209760
0.61275694255907365 0.19961915023515509
0.31252638214610245 0.57212935782826757
0.28805222178696260 0.25598557059886257
0.44051336562196342 0.90630367416525515
0.68816465038839025 0.15894090899136637
0.36616188655169596 0.66957416503300338
0.09612211655650790 0.45034047504868424
0.04317285563246154 0.51486923109722504
0.59476834544889745 0.39158135527536997
0.54798950926717993 0.28794629733501759
0.34798606540206967 0.79137314614646515
0.63568027330581711 0.36552656485074497
0.38569724368608743 0.05879312151603085
0.56462669717436564 0.31988252531284922
0.13420810655693133 0.33043760817037027
0.65624384400229852 0.68744998604454322
0.57281982454777103 0.60501717299986280
0.54486668589389819 0.16530816117693450
0.36044611350207251 0.17663599523576015
0.26806498566340814 0.31774865785393352
0.20720960843855632 0.10820914922672298
0.79966044489834132 0.48214412125569900
0.88989109181232828 0.34389405867340339
0.87255576929389256 0.54670257790327514
0.60580680136088272 0.37803636105417987
0.37329659917063179 0.42838952358290594
0.46018187059303073 0.45746415742897439
0.38066292879636415 0.81265403695459937
0.13706900031762739 0.31047637864196592
0.45760754418718624 0.83890472550914907
0.55831616634091707 0.30740229322554063
0.59384069702618802 0.13918460054943935
0.18470468928955469 0.53740262468138644
0.72114863593327283 0.76475268599641011
0.66819307342344003 0.29011375277379037
0.50142246147814529 0.13561900530327473
0.82621559062617200 0.50255116251108733
0.27021625388306014 0.73633529094516725
0.53674608852823635 0.58602893190253591
0.32320946354932323 0.81447680954943147
0.34666775135877925 0.48553564213658945
0.61042854688362802 0.35785916250779087
0.57820438986125711 0.30161534247218580
0.23715786053727880 0.36476355377880337
0.57222096499098773 0.52556647093663889
0.07763465213541455 0.47633580998626057
0.66696251443820320 0.42051553853871071
0.39198939922924891 0.06415099709912805
0.75335325217141458 0.44353684329725451
0.39942606835004663 0.85124755947896036
0.21567677654672693 0.37771983444951723
0.29716590550650462 0.28555247916771331
0.82260828000906183 0.22190901633591467
0.65539202291566057 0.78131459585448793
0.72577628655988258 0.57781705971423691
0.52601037744265911 0.82142060973317366
0.18016239129662470 0.71271603830546437
0.29832034071553754 0.64368748782415741
0.43615193042951972 0.25842407270070361
0.17467703084623976 0.47837723753020139
0.26733617238132701 0.92576401368365913
0.52815026542784049 0.79048538444901040
0.31939221935314088 0.67948881412015716
0.54459705690175508 0.72181750830693703
0.58653309588784797 0.58035606231738024
0.07631613480511200 0.66853944547770527
0.78161725603159249 0.65969975515520618
0.79637954494576435 0.60196073993961219
0.73585531251655367 0.42060837070679841
0.83924047057981477 0.52747984030256012
0.43764118803650148 0.34668250032198827
0.78331103514021683 0.35852943209043447
0.39614757434728243 0.34849207954539929
0.69417817317416319 0.74852222701545934
0.51032331929964891 0.05802409309325939
0.39081058217492187 0.34651918378613544
0.36578884003583401 0.11369912274859975
0.57029448276532480 0.26632157812361429
0.79291343391952163 0.12431192739385762
0.61050490117275624 0.24480583269098977
0.86605513122778244 0.28164623081088691
0.32966637661182818 0.08265417842659833
0.69339800034037491 0.62899286513646568
0.52831244013230816 0.91664414096382740
0.52096056015804171 0.91721809516659636
0.49493549743957788 0.16835599840964641
0.03982587696466761 0.62104477971515515
0.37028227699049254 0.43835080096889784
0.80717650204100988 0.32485868355511421
0.10071048181244184 0.65848159078221047
0.34436840988523237 0.86281901162627861
0.70304462198675377 0.46939505420070804
0.14583697762410974 0.72405874510098056
0.73722793307190093 0.67062843854230991
0.71378794093845666 0.44204027706854410
0.61249000505336781 0.13324308379068117
0.78241238213665132 0.41766635190253970
0.81922107471363070 0.64511555672856657
0.11053504020749673 0.37900820536163848
0.78497243645909232 0.26434757701636308
0.46761812554620064 0.60194885869859072
0.85845458799406138 0.28818022529709875
0.15903387050636228 0.38421872020239983
0.19550434804495875 0.63377387123184259
0.26075338027106820 0.47494971064656616
0.49096270744584086 0.60577433720419205
0.62684492759614296 0.89202719536354891
0.36560688520814721 0.69302861670526505
0.47356422295266598 0.21875399179355778
0.84674281420039776 0.74989494413112634
0.57409100241061317 0.35154670571122643
0.19579105205590960 0.75404340320853536
0.37060648128220663 0.38143989111216398
0.86136486580803806 0.50620442860401915
0.40451622011578048 0.29008307000982875
0.39073348465656943 0.87575725296798457
0.84423510137004387 0.27247794886540688
0.54202389527944594 0.43022767712997156
0.81481242408930876 0.54585179991105937
0.19771144324674420 0.65547318989747505
0.15270078051572739 0.42402514586977674
0.11015427358638515 0.72820171220932517
0.18416654998816440 0.72656375068647716
0.18340789786489170 0.80186184696769613
0.56860762069952986 0.04599815500432878
0.47123227896935171 0.38723905926046664
0.04998273657884778 0.62163072683117993
0.20074927147662433 0.22808755051313978
0.58156922724075677 0.60170252248480138
0.43078704868655604 0.43140349732463157
0.03919449844795923 0.64436928761589463
0.50973893140571280 0.94739434173401926
0.50418456106463705 0.63105594033226953
0.80441256573731101 0.21077485809790852
0.68468444744346479 0.23075452548176484
0.32950232178167022 0.68465225370113048
0.36422835775504109 0.25728919729932542
0.77996947208057044 0.75217600857811628
0.68151770340790696 0.61455351527469204
0.69777390577278242 0.78150022796874308
0.23555157918235101 0.79789095457673376
0.20663908379169107 0.35072605414653646
0.13974718101376379 0.26310789077196067
0.06803146936636084 0.70997217197547469
0.34998068295871371 0.22938259500899227
0.07839110685018014 0.33139252582238476
0.10684979287230402 0.77595188782617597
0.59541346413559415 0.42105642733259102
0.41466916886667010 0.56254279013948860
0.35159987622432903 0.39693141983838837
0.33625033978459645 0.76851350513766825
0.40634902636264314 0.56369125871394243
0.48802476649505883 0.52494790029625693
0.12594488571812426 0.33597461159895892
0.93734043396737132 0.49615549057780389
0.52287651135534907 0.41600537689084016
0.19072009716954930 0.45705503251848117
0.69613346577994095 0.13831282013873047
0.14202629011628096 0.26045321889104583
0.54676519284199188 0.54350266125684388
0.58649520344214234 0.19903700262516485
0.49552243453964101 0.09554440886830118
0.26036903646156906 0.67597918802013413
0.81774392030794718 0.75695221323746109
0.78973422177847474 0.73280362173276170
0.76916371641355796 0.16341897822554627
0.28422967887004719 0.91267448769464010
0.54717159025946449 0.19714644644407822
0.31544025557146893 0.92982828535546813
0.38213455984177408 0.62308621681281495
0.20083561619900048 0.38639406676683191
0.13774634650557646 0.45749222157727049
0.22668989053659891 0.13593209036007778
0.36942910209657326 0.03897008717385667
0.50328947413499736 0.02388456662185616
0.45919390132082505 0.25197774403130141
0.28175767825701897 0.28355420566981787
0.33288147925409456 0.38435945518723658
0.43028588270449769 0.43908203948919799
0.35672830301268943 0.59895366306385189
0.34746420091168773 0.91941874268466428
0.45188863555356046 0.95223515691870320
0.33973266456794560 0.15328830655237155
0.74292707810507941 0.60271687359111037
0.89855278313224596 0.65079099463429269
0.56844765640312067 0.53329908845438956
0.65330487547092453 0.56382544283665625
0.51987560590796178 0.42474071210128972
0.85257072994637306 0.19754956417088704
0.77896277587856189 0.50429048344677641
0.26703646937520875 0.23485529666726490
0.33838000444515165 0.73529276779883690
0.44597131092335485 0.13359840309812743
0.14551296610010714 0.70372857409760348
0.68898335512759712 0.12852978841019264
0.88496879308006771 0.49063366429580563
0.76117074245848915 0.79701729027238566
0.67367281203970841 0.18741556166961587
0.10503255748134555 0.43633647116076352
0.17062922391648802 0.18202714086985611
0.49797081457724351 0.20074078084778005
0.20373600576199216 0.22573914017410374
0.40247322564287380 0.83089345744445520
0.46996884110362835 0.09553727990558862
0.80560483681437367 0.39948668584381797
0.72080427917790724 0.54273256036675166
0.51743630519457651 0.81034514544311931
0.51903623501480056 0.18220232146000714
0.69621902641282718 0.50555542894542371
0.92318441581128097 0.52407684974423963
0.41214097537771616 0.55215066787937761
0.48849080699442354 0.07937660728306546
0.86725480858385640 0.27629097668166697
0.19992385820501973 0.37104607037606097
0.15228007402732843 0.77268460884826551
0.57431132143290464 0.36467497712153879
0.30751825837546959 0.52146102827197061
0.39227345229557559 0.54055771872308767
0.48849619883137629 0.36247615970217156
0.34921986266586730 0.83816556406300946
0.79642927474663272 0.76775969249329690
0.37299208962602021 0.03645322719392837
0.11991422114327371 0.19265577161647973
0.51091092986243092 0.51340751971311971
0.72701429598958267 0.73070585119101983
0.61046473678696067 0.18678214267158014
0.34024093187515270 0.60237272247368034
0.65226786383815039 0.81416946711525573
0.56258722488119461 0.08616307632335739
0.81320131376698779 0.38156113770136324
0.74574337538243685 0.48337035749557605
0.72152923867956997 0.59700379958215088
0.56665196371884430 0.30462765377111267
0.39298353453201318 0.87884339556935109
0.42884345493042408 0.63154008940451356
0.47594695043315244 0.68807990792791307
0.34405792328813373 0.11466335654061245
0.51805633922938488 0.77473802446033624
0.14474392674589193 0.57133913061110364
0.68892932896788173 0.50826925109438681
0.04364377574430433 0.58863295903655855
0.14739989625682856 0.78970693431853312
0.10548834955747034 0.39585907761555694
0.25730051739493004 0.82093160036254897
0.06683029970293347 0.44381376185763788
0.53859957173742201 0.06553247315283542
0.37720970903386791 0.07055024869890844
0.50219903532639487 0.35350178611144739
0.60994701905759019 0.19436113268777233
0.54737531542670870 0.46477952743202178
0.58082849286972249 0.94132381154792655
0.37588003092230171 0.26645878837924114
0.09214695035815794 0.31168117586019856
0.42027189515483210 0.83208958492725404
0.61804728409621623 0.29463698662546939
0.37585386213743394 0.42274193669480076
0.06300069888166011 0.36328015954488468
0.49212695468768758 0.38648514109202348
0.82798730268591680 0.16987869975795117
0.91319047294590039 0.56273045099791241
0.59914901309689883 0.71115668814097610
0.35534564596972112 0.58627236947995043
0.09783305664182723 0.74344934058494794
0.66609852502041322 0.62883099707772683
0.34994811436399637 0.72976065258421186
0.64883103125095098 0.63021926578119003
0.88516183466780318 0.46831681114161833
0.39726696781536819 0.32900868459132243
0.55293042568186912 0.51182938772632691
0.56037306998386138 0.57072118226270585
0.50937741868971764 0.85989528650744529
0.65254552836462409 0.50132165858387578
0.75170992407368276 0.72511991639621209
0.85781829230635187 0.27421107548026852
0.69956324733680997 0.55158682525696912
0.51613210610392879 0.90512691689071412
0.17112325769685560 0.76165726681110169
0.58943578112064388 0.74323036024002143
0.78349906476878772 0.18674969637855254
0.58141613322640107 0.91056723369033465
0.81625283460396991 0.59026653835374165
0.29089776906985232 0.37540786005485605
0.34407411250907055 0.29016959570605488
0.75934597955257765 0.78894965737711431
0.25424977902605883 0.87399307215901456
0.37640627878015104 0.13260119927100972
0.65974983676066423 0.52322894759177740
0.74799961167648599 0.70254450989883943
0.92487257428479852 0.41335487443753327
0.02182953256042231 0.43153105255187446
0.80259799941860244 0.33839848007186007
0.22154829313964305 0.25313243207448283
0.47230893528565399 0.63757628288765156
0.49882498591178137 0.72665231394572483
0.51418614893727022 0.13064608889890653
0.36075980118464401 0.61733272582499188
0.53963285054788990 0.50470115593983467
0.76486926330514249 0.50429073113426837
0.70105115678697250 0.82717171109586751
0.04168526829942207 0.60874068607607856
0.29686661644694051 0.53036981670371874
0.91150562400147028 0.37298221248678326
0.91890119106429269 0.50920667785977791
0.33757739865249431 0.25411903332748648
0.81817041199469864 0.27275299771368511
0.21746874250427048 0.28722181021005194
0.19396724924921721 0.80343614552844822
0.65134277686604891 0.79968042306516729
0.58005930018089502 0.06542738188298058
0.32713640791952436 0.44549217000378966
0.24683898463748696 0.83315689247549662
0.08507910787423588 0.31124806561100876
0.44391307801438651 0.56593023269493703
0.09280005304430870 0.67986970349278364
0.65674861347504343 0.89408122597420958
0.91437086979628379 0.46506067860784978
0.91079973548358184 0.30838795646468153
0.86195269086626214 0.65481119400784726
0.38110996889603282 0.08191738772481701
0.60717464311271652 0.02044448080794222
0.62886025695583492 0.76500795112041087
0.74725452863411490 0.67765948119454578
0.33660259913361318 0.12181066825475613
0.69090387426370425 0.60836935852599949
0.60004579302522143 0.58297764169405097
0.45037337689954227 0.60873680221758719
0.23307140348018268 0.17084833190307502
0.60808299050679016 0.47158839831525434
0.12249651255772097 0.21968357454346127
0.84125827669366104 0.19382618805321616
0.48878465555462336 0.36825985097527808
0.59553869047509855 0.47766694027091872
0.58216171709495856 0.88148531761532489
0.83051868567750486 0.73332162443989890
0.32514417164510878 0.23814801009754688
0.14833005974911712 0.23522943968010512
0.11941708043125437 0.78908203707465141
0.60674865307867154 0.12692290022854286
0.53316744889686829 0.76730687160909294
0.60419683640614219 0.72290346588300181
0.08025894255222644 0.70838124760347121
0.36902693953112076 0.29749662223138995
0.22701517813497427 0.37619899019476410
0.69664928435704820 0.86506204348693094
0.42830610395467544 0.32678699453569898
0.90995768003017508 0.58072510471994099
0.70301072018816813 0.37942935099498376
0.91258378391986816 0.49736342971132852
0.12831830209581815 0.66787776576899860
0.58913945310946003 0.32769631399714844
0.54081748194896950 0.44738630926089895
0.58158257936210844 0.37983726404275903
0.31249469750042097 0.93263606822303757
0.17305895284601064 0.34685126882345552
0.32303992755842187 0.94147843744613435
0.42985733093877782 0.27118911798215423
0.50159394902872856 0.84571155933465580
0.76176272152049906 0.57973872915041968
0.43635166183665336 0.48264466337990808
0.10343986580717403 0.34768329521138602
0.54182393615787583 0.78096818634275755
0.78449612920997069 0.52267088360007896
0.58171537695633591 0.65280450273280677
0.63067676477060408 0.21088727901588919
0.16407610221702568 0.19112173882344860
0.15094025700817390 0.38233053816965068
0.49178825992940089 0.32945722464344762
0.69170772323721708 0.16124133755129794
0.26580875423253120 0.34026509192624022
0.27026628491441729 0.32438683435687227
0.77005855338833995 0.49052725108633283
0.05956877145482947 0.57938481839408462
0.66778705634962499 0.69103712104261605
0.16095132115201841 0.52172983361246317
0.70314290233576193 0.25223973855439558
0.40118921490927029 0.03159802958666444
0.09817575130667061 0.35129600201622752
0.21863460463652989 0.74046084488155439
0.89250210770209781 0.35418570420114648
0.57793635229725826 0.36338401180601848
0.17912346562287026 0.16472877776729403
0.25486606690535296 0.16132461037417883
0.67253593886916285 0.40758465439575925
0.21970793284575565 0.46150753599089134
0.87927778640869436 0.52442782512246156
0.22668184994288576 0.85107682541572871
0.77535431970269009 0.72494993267328167
0.86091490461169073 0.37648543205517743
0.32055963822277439 0.94801229462093928
0.56565048742104551 0.28807730845588309
0.36223427535208208 0.60978331945524022
0.86955064848340946 0.31036352881367080
0.59086706954174073 0.23341029677766034
0.42082468544067636 0.97604950050746531
0.27486277119075880 0.71504959557549319
0.11325047712620046 0.19984073240952829
0.30682788520564819 0.62973555298888528
0.57701661063389909 0.61312546269539425
0.65121507849286320 0.69389558658307093
0.17961876412896860 0.46697709003982224
0.16585671818811060 0.55879591346851776
0.01102803698563684 0.48474113606029856
0.55423930707460412 0.50786769637064044
0.92103624387482042 0.41847607202153903
0.14572958911780423 0.22338931310196930
0.42394455911804346 0.11191777824576835
0.74255175577194998 0.43584291285429644
0.67135580268992801 0.18146972079425458
0.19163724731629977 0.39402358419909606
0.47822526972140283 0.03615824310674766
0.47304072040772538 0.45032562234067197
0.90865893809037146 0.27786982459929555
0.30547819461116132 0.09826984200071515
0.48544559004770799 0.99650384811518922
0.38438505759170249 0.78238645329379886
0.24813556758404806 0.73453681343219834
0.67739032367883845 0.10231834119422971
0.20857521743722526 0.72755568074994126
0.83265051881297714 0.52165799179364714
0.18567591124463567 0.85562830682409319
0.87601805171152614 0.73219116957816910
0.56648508865976199 0.57068496468039676
0.17759288223354025 0.65595694586462827
0.54795176172650906 0.33807313101876019
0.56326759716696584 0.02890298142145726
0.22812916738356892 0.41796075081888545
0.39341701623121900 0.09919101846396998
0.51766176804907649 0.62469727176220713
0.02665480547254575 0.41868514490847814
0.40254266958571849 0.50521207295748261
0.91122943808452206 0.70774032768131589
0.44202791055572110 0.39407074848275975
0.28259333324126623 0.72297180312096809
0.19207639088862405 0.72970274190904161
0.08911500238032795 0.74087998145138123
0.73364282255373159 0.52771289196483462
0.42296567062687851 0.28853354338835691
0.23449535390778972 0.86125604584242543
0.38004110291985344 0.02878606124670201
0.32063771372016303 0.20327716869521248
0.68366822255368576 0.32055261585478423
0.20904164700026182 0.22745859943830501
0.41891961673620454 0.77545567960973905
0.80788673383709875 0.38419802447709078
0.70120920702528633 0.16681764751366093
0.17520001703054136 0.67020298216097629
0.55392443835582594 0.91813619121396173
0.81570296509422535 0.39470075881430527
0.71521049418104088 0.55466972850021024
0.86983504841311532 0.41516517648331364
0.90457413620900362 0.35353446339648631
0.35888101243741333 0.11495494239591277
0.67590994310735264 0.60638895522487180
0.85210032197758645 0.35122686901840550
0.40159424799908505 0.30870969536258147
0.65939449912826276 0.05414036499787498
0.33295265537896857 0.87519152525952215
0.76705988352471044 0.10128000579790487
0.45133558094864429 0.56853243878586490
0.60223232732260457 0.80355776182234906
0.50595174929094422 0.63876780088985474
0.25169521554960061 0.83297021635014268
0.52377520584708670 0.51397651601469896
0.16252331074127063 0.55134386067588936
0.70217770014066283 0.55736209051816776
0.79347487617034496 0.16145107093409680
0.73072120785219752 0.40346855880674293
0.48820299514155535 0.53908559791470034
0.53262646500516575 0.11770729908527351
0.87488245931556508 0.42729250271703062
0.12439356787357285 0.27385589509041747
0.73082834875855907 0.64848342653239377
0.85147132734464615 0.46281756212168490
0.93125838452093701 0.35753308946535395
0.85330654802785044 0.27392108823105887
0.56916880188997321 0.37136210485636739
0.65775722871618791 0.10674238545982095
0.12005189708905674 0.73750112167694126
0.37909535602790861 0.89900990263696168
0.14674506489141967 0.75434630844489825
0.86566295316857511 0.73528843138896549
0.33908881038763239 0.10741060191510429
0.71094425871590350 0.73144888492121896
0.45149774869093401 0.51579927049065166
0.14645892409877434 0.25884608789925340
0.32202297576582817 0.62491142718486736
0.45204672196554019 0.71051373389343453
0.60642383892480212 0.57008755917899823
0.01703629044905951 0.51575716794700732
0.42640314394409951 0.69237752783356332
0.78197948784594429 0.80607590287354414
0.79482514426392359 0.29327098540648827
0.60137559169001198 0.90475279766146477
0.61135223944583017 0.42195464073029992
0.34723952086870069 0.57065449570024429
0.12153065567729364 0.40709696516616262
0.28880888001431371 0.27862070443759046
0.33763288049320178 0.74230986895520035
0.31500238121493679 0.92133168615951389
0.63395881083054961 0.09140890593904490
0.47625164785325219 0.11015470914904581
0.17859706565667705 0.31944029618902031
0.64355227720232400 0.36132765220380531
0.52713831938099043 0.16269697196791039
0.33164548218438789 0.19583084006179841
0.92557111462848674 0.64059499712339618
0.70447008836755975 0.70233287474090023
0.58206437636267561 0.74377349827685502
0.78308860826826820 0.54834315042402304
0.10618944446367888 0.78474168251750709
0.67693264758974092 0.04935688270672100
0.57941666512333401 0.84836470143797982
0.51687405241662931 0.47845036528451934
0.28819318761799451 0.85553854552530428
0.23694914485057658 0.69034687667118144
0.17603208163811132 0.76874471761185648
0.48629089096389266 0.18626674121390838
0.44092184532713224 0.11356328517525442
0.17489215645428255 0.22093546246761619
0.74344256915904472 0.31479977583206831
0.42079676466279486 0.01469236020027335
0.52288360793920929 0.39075522323692219
0.28601065371108025 0.41566828548993023
0.76712451620615019 0.71475710071382959
0.70489598529769670 0.84407651625713842
0.81271914191436501 0.73786850727790343
0.53913284713280574 0.61473854525985816
0.38447411634184347 0.91485496223426566
0.19276533928343179 0.39001491761370710
0.65096755017964592 0.65681093544449576
0.12561594513369537 0.70966346598207952
0.79238712461670857 0.28415619466902475
0.53714135585737977 0.25771239029113563
0.44780110861067746 0.25932755243691930
0.90881201022420177 0.35590779155406121
0.40665997053343766 0.55777590948289624
0.61772419495004738 0.10189500954198924
0.14519521659912457 0.75773110936699695
0.72892413751285745 0.16293790125816007
0.69746117601601398 0.19429362130871514
0.32882639209098286 0.94086988768807500
0.57335566166003427 0.85196244913614505
0.16694587272561645 0.55167399991919952
0.76221595686601784 0.19315557558576893
0.07915699563920411 0.46704976705252998
0.66137058602835208 0.79055938738307552
0.57821445487765089 0.14793247643350951
0.11207915191821646 0.48907316040396021
0.44253218467997396 0.81508944363284830
0.44209957127716182 0.36217024119390717
0.81441775197453870 0.66566111004803041
0.28461817705887327 0.24580769689956322
0.26447387579014420 0.66987619896784978
0.11542659173733498 0.26202537393290870
0.51233195236901730 0.52789540009705649
0.28187352323034948 0.43187889515799677
0.23581063922416343 0.20026753891616131
0.55646635178432269 0.51994351589362475
0.40917146921010628 0.28868897250071113
0.44467092168761030 0.38442234563104194
0.07942032620007126 0.36055026825262609
0.38647169189943853 0.47238484716020929
0.65326342381090541 0.17493224791402220
0.85356980848851982 0.34324571473367638
0.51175106337440346 0.08976628897662252
0.78866310947119378 0.76717475309649230
0.25668289513316206 0.89385106389550950
0.90533043484246434 0.41815006166074986
0.10894740389681150 0.26553597119460831
0.28079826402803915 0.69778565579982543
0.57819528197669845 0.52153058784691020
0.84989669001317314 0.63169534801476468
0.22493592069585938 0.72699913562545315
0.30506345029651727 0.61221554662557920
0.36174232121092098 0.19902739144486520
0.38099745010984470 0.07403331862216365
0.50197172850975091 0.86909401239317852
0.76894469411946653 0.35761220062545357
0.15911671854730303 0.24668663781680275
0.44759353069158203 0.72773061696409669
0.63760073522961158 0.13767930251967239
0.80047340652009036 0.37506721396246262
0.19275786206960943 0.53036655861538839
0.56259230949335770 0.20443349537007538
0.07055730193040756 0.55230606263030724
0.17787214516243594 0.72543228299909956
0.62202110735617133 0.20377595772698992
0.42235493590552387 0.24796990200342287
0.17877241633426660 0.22530392828853260
0.77441031022725948 0.43015398047874431
0.41926893928175774 0.52593032376455806
0.73501285552852569 0.73064131753046058
0.74697313106977981 0.56167575499949973
0.12155897770533582 0.79560634477543191
0.29378527368348950 0.27800680775260134
0.40449791089553738 0.62945571151579038
0.11032517477763648 0.73224149132717997
0.73904413275467018 0.66661817874795726
0.33321225832816798 0.14263961036847159
0.20540354165713468 0.77814052049984350
0.85747342962558037 0.61793980522576764
0.47787818851304636 0.87777260267150548
0.21915644775934309 0.71756798981191339
0.05610031164592152 0.39859131821204158
0.16201894316435214 0.68199991788143599
0.31404350180629348 0.62542747634760332
0.10864013510509768 0.37509283831721718
0.05216042179534085 0.69116606533343405
0.64893248269439707 0.24642117614491424
0.21282285960377137 0.23364893141698567
0.68979805912868031 0.60186854907925569
0.85483326115759173 0.37281988122296617
0.62718523603483800 0.85646425019852335
0.85522864855539449 0.62986343685416535
0.58432885232852971 0.38488766454632406
0.13019161736876778 0.26793143129550684
0.42565641252456066 0.83484903026611679
0.33692383973499590 0.14616330174482559
0.40538812186009809 0.91165619866379977
0.57583716488126147 0.29482684051369706
0.67323897706918989 0.78020956933243257
0.79403721614248990 0.48646690247272234
0.81506016277137439 0.41094444694763005
0.47951035950942461 0.02072364770004024
0.52420523395652985 0.37061431103024234
0.35584883909084258 0.61512147545979146
0.48806268082079773 0.38299347623078661
0.38528490307579832 0.35656576684012609
0.25222238862851032 0.75890458472634525
0.17003112821336300 0.83570472032274090
0.43066271856328409 0.83412060146446210
0.76700510910530706 0.77837308162862606
0.32013573392935479 0.83368191594937147
0.45005034212880818 0.64062446453121891
0.19539649262864597 0.28801540516731233
0.72423523845631255 0.44180501627564855
0.08066891209757721 0.34511943593728012
0.24789528610766731 0.30358631611193920
0.62167252647792071 0.64399840002898823
0.48873801731259287 0.10080312870611370
0.82850688588885413 0.57185303151199263
0.73739787408634505 0.43794143455652140
0.09202587419132550 0.64977539727650191
0.41576637456662163 0.97643559704815108
0.05231027646725632 0.58178667351103786
0.40664530299272938 0.07606486887335416
0.62592963340332863 0.18044394427760949
0.43965072293920660 0.76068660845180858
0.70121507255185456 0.53538975977091807
0.75903640480180645 0.32240430936404141
0.64346003179932698 0.14691208410538889
0.16221617632337854 0.58106514726012470
0.67806443767349200 0.20844173342695901
0.66904486004041341 0.78386767585615591
0.68313834449442590 0.12570349221115734
0.51632973254828030 0.74816837925176682
0.52274249961568675 0.52308889143289172
0.39953602540570327 0.23429137194257169
0.56440685002470192 0.78944784208332675
0.13433444275694137 0.28143161273858164
0.21425379566138292 0.89959615847298335
0.65958663417777530 0.82773292651478525
0.58939509530378642 0.13729971461470220
0.14176270944450262 0.66294518968037131
0.32998771301093177 0.24859892309685677
0.18744499873027951 0.45943907485585733
0.93244208197291523 0.46982730092425606
0.75244774804940584 0.10202968602374787
0.45172926354390575 0.06261533447997063
0.67440893527638102 0.72200791128335484
0.70422643908496985 0.91391630378172584
0.51707247981043125 0.41933786920466548
0.46805891691584040 0.77962156677212036
0.90265924068659520 0.51958110884416298
0.54271232341102849 0.13004312746107932
0.65683271373230623 0.56685786772092739
0.84469811262032768 0.74279669357346967
0.47328884022023698 0.97862300469790298
0.50841463865203385 0.35115413408874108
0.66066873351870281 0.86182713407541056
0.20002493481603750 0.74924255959675412
0.69303206751283219 0.19065939660905803
0.65460712602604731 0.29085687295919155
0.20992536097448924 0.18242856692498299
0.06579172991933151 0.41015129438490677
0.74282045810958697 0.55747675689429610
0.37165286203735992 0.79841250387177243
0.41895193941972125 0.76172860828615896
0.50904400873681410 0.43425547751273458
0.16053536168623656 0.63379696126781226
0.36332263645072327 0.68995383182094894
0.74217049267223745 0.39749309031761432
0.31522153233877725 0.10030180182585442
0.74070458153503538 0.22528071476422779
0.39741885822345829 0.90950071269094479
0.22649760043825723 0.78326929167650317
0.02960566238499741 0.43776225649441441
0.24728186730178719 0.67487591689640059
0.34291515105374654 0.61451318680502121
0.64564049625519915 0.25114519373433086
0.50799489426298561 0.51573795881492557
0.89232420278182523 0.61148609002825760
0.18395451519997355 0.58528625681934521
0.51336403132168051 0.65566123883350957
0.10354874198181917 0.22221420524177093
0.72352062941488826 0.68150426850384227
0.53745994694900623 0.43204382911534706
0.90877795960194740 0.39051024654983246
0.19290051634294050 0.43391253501980676
0.57860401067137079 0.32732408362774129
0.11308152653595700 0.47796136827447938
0.82481941180813645 0.30929600773707089
0.73281063166920712 0.68087971563141703
0.71628188645408897 0.22325705688861305
0.01071655726517101 0.50343954416806880
0.38264362835178412 0.74926907787081143
0.58373828115758475 0.59810659906620689
0.62960237011884390 0.20514048566285220
0.31191189719972634 0.20408124582144821
0.20296836650116271 0.69563180384562717
0.60706172319256213 0.78441924571201238
0.09107109063752609 0.51917839886673178
0.49384507638888109 0.23784997716893816
0.42102783575914271 0.16006792956680571
0.66818403730130893 0.85882679867061584
0.34212257686908087 0.83192960918177083
0.47285644442384323 0.43133519693369671
0.06384427799890739 0.52669262558757801
0.41669489788870440 0.31211463611568907
0.35822599930215027 0.44150516151041019
0.29529286173202668 0.17752595514514988
0.77399996369329915 0.19945059685377275
0.27195250949233768 0.61964938615848464
0.43039480821428316 0.48433537344567490
0.83523704878575777 0.57829148077281056
0.09929902521047074 0.75128604332494242
0.86064774565273028 0.79274689280164068
0.06768873850273160 0.38019367074828803
0.32263257981070415 0.95587231546070839
0.51103080753684416 0.91261140843125177
0.59611015048675564 0.80714955443882330
0.50081582614861009 0.01126140582636618
0.13764204472510971 0.85989571277522203
0.70524899381481165 0.55242612795669399
0.33652551899144140 0.60227200554680682
0.53667480318181149 0.20026448041173428
0.85791316563294862 0.43083378818992046
0.40893547814071979 0.39127453385022304
0.75728603728588950 0.09967042114869865
0.77621718120105354 0.69965121694868582
0.71805949134187841 0.58572089876765454
0.85320153617248529 0.60097250769414945
0.32666269807339493 0.20425435621873025
0.71270313873588542 0.90129697255310337
0.91088254837356908 0.41945917157319978
0.46873038735207073 0.14347783243118575
0.36706199189304006 0.59685477818738908
0.37225961817230957 0.86771873629808316
0.48437493507417079 0.80935225112626130
0.14589050281909616 0.22817573106717032
0.29746596917320595 0.51567263302474842
0.00301253736195886 0.50610766713107369
0.75617701132479365 0.27627942961360402
0.11194384000714976 0.75363027505116065
0.03768583177079087 0.56792395238637972
0.43344502272628765 0.49100486258216169
0.10348042735363908 0.70728719100901183
0.34618877092184974 0.74236105107629979
0.74380814163974118 0.75539779574407384
0.51003409994022475 0.42807859353821653
0.49467264395809885 0.65864708249713977
0.59548877829271463 0.52667267297382081
0.74881768723539832 0.62733242699464098
0.52904494963286985 0.05702179651824837
0.73532713592385968 0.68493416747182112
0.18072484048473517 0.81305069328404789
0.60787379468857783 0.52681269275329956
0.23122419859074936 0.72933557416207639
0.34881536559088488 0.19309835746746029
0.07849224466481794 0.74179507652378895
0.60656159421079026 0.85062377908784226
0.64886196541549024 0.41749738684563165
0.43420442955646921 0.36346566921557472
0.36189512842154714 0.36227515118192266
0.83560519099345554 0.24241748678976188
0.13740799125143058 0.26954522008709375
0.26656694290611710 0.71906624445362166
0.26795618937961108 0.67743242173320661
0.19887280756584583 0.85934851541779089
0.43198063177439955 0.39411575006419319
0.92107443032915359 0.65644382340262264
0.73016023895348470 0.39498795157400562
0.37292164875860306 0.30009000461389390
0.33026051271965007 0.26243777630540827
0.33721896366699983 0.58993510900230117
0.43418292813436948 0.05217119572648170
0.87080625137378243 0.30648446672598428
0.46338311597716064 0.02258339677465184
0.31621953602097957 0.44827419987394740
0.25015159152233246 0.21461317170136548
0.73716250180445964 0.30905235077936338
0.10316554613805709 0.75003174933962158
0.40270869123065955 0.69329393237202208
0.13469350077841641 0.44528906487224662
0.64344889221877632 0.80761605066572095
0.08424662103768350 0.43169130831631930
0.20193193662618533 0.80002606786475672
0.23632263229696371 0.52042213643885016
0.49020671292353674 0.67193951122046336
0.73934402959000178 0.56698617200475809
0.94634995193260341 0.58665338648909071
0.86995800546982538 0.42857824038641334
0.49761981682166251 0.22441458792981686
0.67860853559714496 0.56263664217754839
0.90234839223455632 0.65969026588217494
0.58659972340887867 0.35212622685213035
0.45374029678097011 0.67509516692093230
0.27202814553470478 0.13265389063502953
0.23337093258599975 0.78513085558532281
0.23808697989661429 0.72221190906689026
0.55357197198560115 0.73793099003768314
0.59510348050428641 0.30861218159555942
0.67318562271149174 0.77214061374322895
0.19244375666442171 0.74051987455609292
0.13410715466101097 0.25766487226512119
0.21187167667049206 0.19291950968746377
0.28760875936792085 0.59626435513048048
0.19697563930985007 0.35754587170912411
0.30531637738541667 0.62121145383544252
0.15090994323688095 0.75601994447986332
0.83632527376263988 0.46593100614675226
0.69517179113837679 0.16346408757183981
0.76129695849977963 0.20374193773839952
0.34604734035069096 0.12566514789374378
0.05466484812404354 0.56892744884702684
0.10942523185751865 0.36633445320486269
0.83590270022782709 0.61334734360597321
0.38560699437136098 0.69657629776645125
0.29859471639465029 0.93019407938940546
0.46529815355573073 0.54902235324353466
0.83740007234292180 0.31943158663370819
0.79431398370684481 0.25004455212657467
0.82396754178462961 0.78612190158031769
0.31237071989052773 0.28728921287451104
0.69712151426959468 0.87578078374339219
0.60703184942941590 0.43464750582884748
0.18399266034999476 0.62126475547902005
0.86956954297701927 0.40212242681592109
0.31272135273733109 0.38521149650093056
0.27640823122762759 0.15237083392834935
0.60332729059044521 0.41424651097746079
0.58603854775483399 0.12578856920751921
0.08402943548254833 0.67184948397459943
0.78626014382409670 0.74845363881181526
0.10130709518122100 0.45439976424695838
0.71846441119857563 0.71071179915802507
0.45010774170557571 0.10627919588253641
0.41323865519896447 0.13168522724158663
0.59900995789967981 0.22897536677296310
0.55256153555100318 0.29970412746794278
0.49598137808652637 0.52569196802310481
0.38745292784561058 0.89188320629559281
0.78459502089641930 0.71180884413494927
0.17093287557278630 0.31780864301315270
0.52308014367067035 0.50822895337744978
0.29250728326168840 0.93136822144751430
0.79408004889358641 0.32069298684213066
0.76865717574971859 0.69368077342138312
0.76468247861249561 0.33499752761379831
0.17527337860109954 0.46257181665117814
0.39194486627342295 0.75558904362396273
0.68232240755107365 0.24478311256849075
0.42045281944579943 0.84951982580719243
0.61849306982024965 0.30208120478802003
0.18277447180767178 0.24510777493344557
0.59453200331809364 0.93034359918689447
0.00542579067767366 0.51125233559786476
0.22160404789826915 0.50164242377296331
0.43870111901705222 0.56520018268701477
0.54199346564417117 0.77015977459132035
0.56699428567733445 0.12510068905478397
0.35935321630012107 0.46131446261303705
0.52292201921827974 0.35233968826988954
0.36036876854423339 0.48700576907644672
0.59183730177170779 0.47564910632353946
0.07093110367010089 0.52659204261472803
0.27212406387915583 0.74363946800745673
0.78901917524816578 0.32217580660027612
0.23618846984116662 0.69750021514755500
0.20861966219257630 0.87473558592627665
0.13439992183797081 0.58388668205513305
0.76540490274184592 0.19900178971262164
0.12093822550059867 0.44147302800937543
0.85814816503120939 0.47179061121825078
0.11647966453742772 0.72069561649298630
0.58574400582928499 0.58575949348075929
0.36036349423264791 0.45693219262015089
0.24523943570127718 0.38168507096796994
0.31524343182976955 0.53727573440228482
0.83358756907399956 0.79559475189658946
0.34585078224590127 0.88295457558187562
0.68457260106629358 0.60690005656421009
0.21705753674965816 0.29087642278322834
0.51347036591167095 0.33152068762162179
0.49602872464949072 0.62617099140830335
0.49341900602023875 0.45852266382006157
0.58661913424262568 0.16835567860560216
0.90844683740988064 0.37779670083013189
0.78848923034600915 0.42759177644803498
0.31443720770579708 0.26124798057736243
0.66248599539160180 0.29980094238033606
0.51873028120220133 0.56552937616443777
0.18907984665925881 0.36285246911932384
0.79523849674538849 0.22031754682498686
0.40426873264559898 0.21772128086393372
0.51081065996600616 0.28553613995471477
0.62429458097323653 0.82372746666913232
0.83054057963670658 0.57940235623676284
0.16569864827814698 0.48107165671197177
0.44315225151220583 0.03081072594080699
0.90938543632251123 0.27303494266199807
0.56022348482824746 0.36336827197157978
0.62013700245943659 0.86256015798763264
0.76431621489430346 0.86958065302223897
0.68264368255836472 0.58060879697246259
0.54393699934593209 0.50442697866901698
0.61693337082218258 0.73096426120195002
0.42997284282033332 0.36455758690361240
0.79314646665600141 0.20903715293015057
0.07466944928298759 0.50322190638052910
0.86965610827918871 0.25293767335828815
0.76142430436306829 0.12085386160652103
0.10322655343802285 0.68412866979574416
0.41150213052886653 0.87028170338245503
0.58482306513079874 0.84495763759072029
0.50584166293148503 0.59073996439754639
0.82872723343578747 0.63235947883922550
0.50421530218241772 0.70047457170754823
0.40521012362695374 0.32416384726335962
0.50802064416545512 0.22157365588374148
0.16933079655908909 0.51079417955476669
0.68829896267111224 0.60583408339827238
0.17376621880174561 0.84955591312805057
0.74902807838958751 0.72224569241838710
0.19305514469568211 0.76689353229949886
0.35403972105866260 0.44044709384464448
0.76745626307953074 0.67158807193668080
0.64822547234686223 0.29006819961261382
0.13568303838443554 0.26548741401401993
0.12535773043212275 0.76150262680936120
0.57414998722388311 0.46021647331573279
0.03061367657995857 0.51818689144145169
0.72392536387871553 0.82482829324012708
0.75519588015403472 0.74501671169823103
0.51766086982477055 0.32479445415364983
0.20165112444171338 0.53680312988953671
0.65515593581935139 0.37379955987617819
0.44739679737486282 0.69633064888073326
0.32890687647224909 0.14818248117502095
0.76955806704913965 0.68824661396208853
0.25439316916264687 0.48348138367758658
0.86857416556822509 0.33648731145822541
0.73158800926354872 0.57631769633778784
0.36974878172584880 0.49935394126548355
0.45391550764207889 0.94068007951563382
0.88633389351224567 0.28814229040554989
0.26647290945864610 0.13054892504566828
0.36373634263687482 0.77140231057944575
0.32884400490961380 0.35201301554792075
0.36098679233320324 0.43564702691634793
0.91695349597205500 0.54228205530290530
0.68583392366246843 0.49330723325023146
0.37496548914461303 0.73183165771979253
0.22263401507357355 0.15954339033437154
0.87737424805768105 0.37172904444357124
0.43428211091595814 0.30006625211685939
0.68624961489942904 0.78411434875820463
0.69335872034140600 0.90859252483860897
0.78961296327420716 0.37314868685231262
0.21260071859319385 0.76362575965384027
0.33429628333847200 0.31919654897331490
0.49425223447359762 0.00607686025011367
0.12361989852377636 0.31090344934307745
0.74903654337898207 0.55743140722961049
0.28204347358447018 0.24140507246072224
0.51821773192196985 0.37087843861931502
0.75172176624739828 0.56212477668286387
0.62083105017744378 0.68964886247939261
0.23022709490257096 0.37190344979752576
0.81051278932179127 0.23222199030357055
0.76206504405883158 0.68024761257223365
0.25785658684988083 0.39595820802058923
0.61074333307012918 0.40741946308620586
0.08007793491857983 0.69826663268365052
0.52148682056331064 0.82275452602827825
0.43053871187914372 0.26584020469364389
0.39499198610056679 0.95857403152709308
0.72363048609194280 0.17884250367672658
0.34479907511954777 0.42152002046430997
0.32750150183820703 0.84850756316888076
0.07832014239256882 0.59911733703761105
0.03916908934637171 0.40297516555674567
0.20842059424544213 0.18865224838220210
0.37224395818815564 0.11751449775598416
0.44064966381788706 0.13193141593832056
0.77244615591819943 0.54158992020718977
0.43217267824180244 0.34274927567711122
0.68157734943505166 0.17540231568901515
0.15806358022076639 0.29895845858546560
0.82792602113833380 0.64157388058469067
0.42444314511435566 0.18307083682600311
0.08838591134354000 0.56329374212846783
0.68852778534313364 0.23464547592006585
0.89165076474582761 0.36220320502312436
0.59853278366066998 0.40805743513242404
0.34594922657251659 0.39732640793528412
0.28496631019237628 0.64317794969380981
0.60243601509830080 0.13958229476756237
0.38760259581346407 0.74797321969241604
0.50728319778871211 0.53522157445113938
0.47113771255107056 0.94838913273702297
0.60116790902562078 0.49107954228784029
0.75017678464120030 0.74286859286175921
0.66680182237017116 0.77326639100139261
0.83825978341564999 0.37115208118575638
0.50538194450918861 0.31518168382512157
0.74126586184994359 0.28971069299156382
0.75203231046040875 0.11852608286867743
0.39433272291778604 0.04383585047395744
0.65498874659011830 0.47546836878431248
0.28285495383208559 0.84970363233972612
0.37204555647274035 0.13214796637515605
0.27968206382504762 0.12495933159217218
0.15849200583129364 0.56552499072949947
0.09903815061829209 0.74005287492604355
0.82835602526629515 0.42064801695151288
0.08590440715102511 0.43965493751917850
0.70920943263709857 0.09392411274422882
0.17310423712485160 0.55484895371103393
0.01801858129761222 0.42068617353795240
0.69821062953099855 0.32970888056725800
0.57670102459594164 0.58776273621672137
0.30140075753951412 0.63069592285284437
0.47661542070500512 0.12711819620867532
0.25292006212116586 0.90880563661603675
0.46532887491308145 0.56199176958408692
0.20225395997715215 0.35156860929896605
0.54442175856963138 0.70205326306148486
0.24728823106778020 0.66839363743996449
0.19641678635868906 0.49471532666113105
0.94030488375348309 0.52747039834643938
0.83328305690813964 0.48809126081127563
0.59526380043250360 0.74398628010459633
0.19971512062332089 0.65937135266981872
0.40620010221318614 0.03919512547903738
0.64195306374863403 0.15445202715228301
0.38937534518317185 0.56924938752785437
0.37194465312295166 0.12140954569507771
0.68074912084078754 0.78567675228030009
0.35471107572664418 0.10591830736049040
0.69183412744645267 0.36596207282090365
0.12947110292311953 0.33181371763359774
0.47172106499798316 0.95532093362797832
0.78697012274388767 0.14622140099569084
0.27709821122079120 0.89383715632032823
0.46589460270270761 0.49756391656752325
0.27302463605535532 0.86019057827055190
0.43427912551844061 0.56248330957098192
0.49784294215114083 0.29617346478409629
0.43023258281524596 0.26111014527938547
0.10355786287890342 0.39058696049520375
0.31783144414392023 0.42250293923572463
0.24405593403877113 0.74101294552263453
0.50841455873147046 0.80230515379162570
0.72756643742951921 0.82752416561583508
0.17461303233557801 0.32378994666526917
0.26860316547661467 0.25213833028992866
0.91956527790333209 0.44896251075030380
0.50445729862882216 0.23094764301558793
0.36188187368325064 0.21365726260621834
0.62420650730858873 0.06621546762355010
0.40293864123954093 0.28505312845922803
0.46034819365089980 0.98592082723331009
0.56079392612838175 0.84207424699573830
0.48371463176981022 0.54770900455664318
0.35521186847276970 0.91932461060700910
0.26116088135279225 0.80311781169617302
0.61061593573876005 0.11617692526094053
0.50197918417077214 0.32132600219331292
0.55965636766804006 0.56268039659678715
0.40401643968905010 0.61809548150012783
0.51583114127171581 0.08571280328795652
0.04637910906341280 0.42047381486621088
0.49380121777477365 0.49668148004909263
0.62817916108587646 0.92198114545022669
0.18728101375046505 0.31523339744153439
0.43188280668565271 0.21161111655322881
0.45029799209115617 0.44296723443760883
0.60519092251597240 0.71635423700555756
0.12742038401615757 0.45554199065545614
0.15025379646707826 0.46055856396709816
0.49725042275935960 0.52228362661890460
0.04825663084250927 0.49122752487347071
0.73437662707853990 0.50728863771755872
0.51436761835965805 0.49456118409692162
0.72961220497003243 0.67841493785747931
0.27449365813914089 0.48898092753030215
0.26192325588294368 0.92894996127915130
0.66660151097884501 0.28227313135673332
0.31812588948660375 0.10361345679018015
0.32154641952124641 0.24780580930229384
0.07253613304745617 0.45900868061850381
0.14495297654319036 0.26230099120495587
0.24674536438530539 0.64075015185796025
0.51312015971660485 0.79981781933239249
0.18193521022803225 0.60648062426955196
0.72008234259918924 0.81179903323458180
0.46197968467492767 0.13540388958969621
0.24174564655382860 0.70079034725110456
0.11069070512349566 0.55303542640885717
0.73666297426033811 0.68015786417579083
0.86092059694467626 0.64836280229575649
0.82261679727185377 0.45853708508169305
0.06953413799718618 0.39059522820027709
0.51358562600077273 0.83771331253710968
0.75483181932397680 0.71351744021309194
0.61919955247300051 0.44042023128906171
0.44985731677842633 0.29646642091332692
0.75444602280878359 0.26995627032278996
0.71396285607008836 0.43598336782572128
0.47810145164265694 0.17235828094395694
0.31467769746252633 0.42507205569415718
0.88894361883609052 0.39538978777260908
0.62448555408208162 0.73203600500527588
0.34818923663591123 0.58610571864480088
0.34109671816283493 0.45963097405647207
0.63671472806562790 0.03739416751674818
0.36401138510899839 0.16665930459078818
0.08683738906220219 0.65857549308376540
0.64510772155583551 0.52193467701781648
0.12269156212989578 0.32500720976664832
0.57917117628518444 0.11289525876436388
0.66802538649415033 0.08735443418054012
0.64429747023218564 0.89215223516491715
0.46055539748403918 0.24797456707733012
0.22064433658818847 0.27209634230636653
0.31676921972808053 0.25129651383175067
0.04149643377078260 0.53783780678980531
0.12691427065956018 0.81723721157193607
0.61014982976756793 0.61134272420513791
0.44675428936056300 0.57079632557835147
0.74320220162351902 0.34067946562029378
0.05069814595460749 0.42694525301002950
0.36370637996213639 0.52646050593378990
0.53509455108533810 0.21673248253168451
0.82001107536952211 0.52450268284410351
0.30048151926179056 0.91922926052913234
0.62631583345887532 0.31962782630383851
0.74970594385456868 0.44668260542971272
0.35445811585417081 0.16545606187805056
0.77407100934651940 0.49414576200202170
0.11795496158833402 0.37554906108914066
0.39212068626836949 0.93845785865932996
0.83266564812685617 0.63865654793316062
0.43670994346244751 0.07756109361072630
0.67512453398483918 0.39739819607581722
0.29946493087334625 0.65292297486313144
0.66919683485510784 0.07216271615299344
0.86019833759695785 0.73186003598736338
0.80302796878225047 0.28443057914287118
0.62172825893405481 0.59811799997373594
0.52114528544939787 0.43984808384933566
0.16948733681387781 0.31167076198493182
0.34508200562989527 0.16131493727413737
0.14250922314787592 0.36654046340594149
0.39430011199286213 0.96423731626207865
0.70878273500812528 0.76061008393542218
0.62185499588772086 0.48028749880693872
0.54733322873771406 0.18298906749881044
0.15641274072265021 0.41440127676103505
0.79944208547584938 0.38254646180315172
0.20967998020268960 0.58870595755416466
0.66312336355702217 0.13296488695410869
0.81790954284000772 0.51944113527363756
0.58635920412841203 0.62894839256413160
0.11585566756776841 0.74051371020204926
0.71934810833771046 0.89662402153468967
0.30442351710413440 0.81719552995531097
0.19066383367165424 0.84784020325272369
0.39039032166040022 0.23875816638874478
0.36991151016921414 0.56917869515600494
0.30693357603810978 0.84440624040890255
0.71095660639562586 0.60959740793269690
0.37700727044918519 0.58903840118129547
0.63745534437471763 0.86075157664939939
0.49660502296080467 0.24370690491750491
0.32603119210584880 0.44084028502127914
0.70074410451939584 0.88418486160712362
0.43539717256334831 0.87294719945510935
0.17979109214394307 0.36727657407093733
0.89402097890040999 0.40191764523263035
0.25892150849503281 0.61552834060025563
0.49332959896673945 0.46995064197717296
0.36827628938152684 0.34626739159372710
0.57931819624801106 0.38879099590668398
0.64589932305345732 0.72740067545459874
0.19083902326827340 0.37141968452177482
0.80206458843648232 0.57342207405022638
0.67405141756054954 0.31678603627375129
0.80523160246314640 0.37997019306603635
0.54930982280039120 0.39535537719562885
0.24369772369415760 0.53247798089597509
0.43795424809054351 0.78572788438397068
0.65554995444327269 0.78894559443651557
0.28883899668265850 0.93742983899859278
0.67527167962554735 0.51212699407734241
0.19778663743478703 0.84875196147647924
0.30661901766216215 0.82809941436064838
0.70896290239985571 0.32119597478849854
0.43246473075610081 0.30504139161667404
0.27735391769985035 0.11288553416144870
0.40257661926754695 0.08040099488486289
0.62044854659427950 0.72774454213159534
0.49472298211702370 0.13977459598213871
0.40088663953990827 0.33163178403935578
0.49297581993336820 0.73852724338571352
0.58453936444929522 0.13490072175577492
0.27747407759272502 0.59773748862231846
0.48958415788976750 0.92186293130467589
0.57884250610403898 0.19528446333035321
0.57590314765585371 0.76766157211575992
0.77774507302146401 0.18595294587871097
0.09631873583960918 0.78513631595729627
0.67312082459881362 0.12476891583696215
0.77021266185151938 0.83810605507319524
0.86995565127983210 0.51879517808343389
0.58256010925503154 0.53627657990297661
0.48659615396568540 0.46975474186091359
0.63611254852868482 0.84004945712383217
0.54518539746054784 0.55993482047916465
0.70180054038458273 0.78398258893815276
0.12122542082140229 0.33405578355749438
0.05003059495650210 0.32829156210530502
0.35758925550462251 0.34862635440731760
0.06335913445439895 0.47813691748314757
0.75730607371153502 0.17213903501775971
0.54805543468553486 0.50387958488362261
0.11817520259650766 0.69858648210572916
0.21138319195218580 0.57333942039429542
0.19588591856410997 0.19856551575035536
0.30698936451261083 0.92253087605416706
0.58951056452158945 0.41292768306322103
0.52938829191594428 0.42986903883653377
0.74502433058862261 0.69973526918248319
0.44004017472683887 0.37235120281780038
0.18152790245032410 0.21008376730264877
0.35394535588000536 0.86230088711496378
0.56860569384279946 0.61602018253081403
0.19018964073673778 0.47266145430657841
0.07957822903138527 0.64274236013245867
0.49737055381261042 0.86826699067613833
0.53510672434969864 0.67889461012226060
0.50113098776770071 0.53526354987285785
0.42495003183473473 0.84308855533089855
0.65834075881538090 0.33303328736015314
0.24218219818315187 0.75492339032711919
0.75737849514547384 0.47515587674881532
0.71087308770580704 0.62052626408014389
0.30004656784647332 0.18037346982292982
0.11877725385911467 0.71137474285667124
0.46304752814137257 0.49057626335011745
0.23592315554082388 0.38767796563532531
0.30621297883999554 0.83961638056331189
0.47082215283189011 0.39782206368940748
0.19361129830442311 0.82178583277930073
0.53781132720358615 0.12774025338495484
0.76299996370112944 0.68662084060728690
0.69924055456903178 0.13378656599754904
0.35979840626357917 0.94659529190108771
0.42082629277286376 0.93978536484892883
0.58904488421961132 0.79762272873870887
0.06497105046649766 0.29782445094370552
0.82960771604950734 0.28758466137609962
0.25408791538209974 0.11785433185915743
0.11361654975500468 0.25894171734710741
0.02630076125900871 0.66778767222413193
0.64821500271681753 0.44041040169125478
0.42008786896401556 0.29302814388037313
0.30768827994287812 0.32482640070928170
0.62422545432185694 0.12431268375476136
0.42552163512403790 0.20182003986361022
0.41102588647305210 0.55594043972617180
0.48532786503470776 0.17758894162150762
0.55780678027385344 0.73273996388241791
0.19401025744514114 0.22850738546092278
0.84082495034375593 0.54131232192662548
0.51874899462475144 0.05342691128145542
0.25366751376492702 0.39861528218404396
0.79075907261253886 0.43827368962202240
0.41267853110058555 0.10251158053425490
0.78119543271972436 0.54497588660539709
0.49364301256374404 0.81371434983971691
0.39628564899800378 0.50251756426028538
0.17817300877262043 0.23054380738202856
0.83893047114613140 0.36617766387484746
0.26652674181365327 0.28876139155754843
0.60569109381478958 0.11441682597082441
0.69174121046073689 0.82228448708887181
0.47077532241516284 0.47261461240450964
0.64468028430414803 0.78709821520394541
0.52323349338430813 0.93099847377516676
0.13381448690517089 0.22193812401874560
0.34043267520360099 0.16222790281631660
0.73819374029992024 0.51371097979587166
0.56842937548601458 0.10120273081364958
0.42554689100372650 0.78715079194288062
0.81182860162366210 0.33986427018265120
0.54108419452369338 0.12304757592886829
0.64218645570816846 0.90878703687762152
0.64935383075857744 0.81151715716774941
0.29793472820352579 0.13088394850563020
0.62517540776322078 0.21128677220403172
0.61838374243331462 0.35797938819514469
0.25787309645020118 0.30901248110429375
0.02841663391376679 0.52376680052407376
0.10925602341792524 0.25764374460266226
0.67377096013944549 0.07583059668102587
0.56188922712774447 0.14367900199198116
0.84801964920870287 0.29478666913552837
0.48279043326085275 0.28177887468451934
0.15959356655151663 0.51364680236104032
0.80143396934186084 0.78859704314711199
0.80188368072902916 0.43735054876208396
0.91859446557520541 0.44471228649384453
0.20522260995910191 0.21325830100762203
0.06806048979427173 0.60931816399052363
0.91900732483666681 0.38125613396100377
0.30840291651203444 0.33983868209202828
0.22468456131891740 0.20349835569166813
0.16069134098252771 0.23628712252081052
0.42212474675003958 0.28158947813834173
0.40952108331292758 0.15981019282632905
0.38157105960615989 0.50519881164677660
0.71111904234497336 0.49359926283246991
0.46141244521192476 0.43564421788420898
0.65818539785924968 0.62878989251926232
0.27260234852465187 0.12720475370032897
0.82442822491398815 0.31894498566818358
0.30046930010556361 0.31590876228062753
0.26122906007646207 0.11855936042820778
0.45751614288857345 0.54763461428189464
0.54995937515004234 0.94410692049195155
0.22902978395509832 0.90348198588354001
0.60443056654359850 0.45105829295681077
0.59441712789065915 0.06539293313612300
0.44631586441763133 0.39524996425447578
0.40780367513840199 0.55189364665062568
0.78473403392095331 0.54047157338338825
0.06479109467286784 0.59935507311602754
0.03957584047438249 0.66304580954674353
0.28089222568865768 0.60672178249666464
0.35563109814826399 0.44459943140737551
0.39161176539245052 0.52615493366214394
0.68031821989056140 0.60408426748742594
0.37911173019049965 0.74329119142742872
0.48519753924760162 0.70878401645272615
0.27357970205663051 0.36001558112005172
0.24547665112517547 0.75096083233494493
0.55239594755127597 0.31486047768571712
0.44080522250936144 0.69015583110912559
0.48470041319568963 0.48586821565053800
0.51053334050041010 0.34045542216376828
0.03986741763815963 0.62514422820660120
0.55684071105283961 0.31713722198710093
0.11059389092871040 0.78440676997482428
0.51322324809746689 0.77136469684701658
0.67826244121969026 0.50835687081778624
0.64657933434923753 0.04344647830797867
0.79335905533306328 0.34231857422758544
0.35662728802031568 0.78851976249833211
0.31711510840203827 0.24519521638021283
0.14343168865706818 0.73950346955297630
0.36125317736400675 0.49394682090202008
0.23777860938910308 0.47942472742645020
0.23108525659365209 0.68111600185517296
0.21573198980854455 0.26908383760932042
0.75425241435608692 0.24227770283189104
0.82343921590883962 0.49237951027068438
0.90867377856911324 0.61340720344058774
0.27067937462244868 0.90390280622671471
0.46772748597561925 0.54041552236532453
0.16322749913820758 0.77408394235195921
0.92455105842249319 0.54725458617120959
0.64975935555302988 0.72368836069898368
0.25467469329129272 0.47122073537013426
0.16936902570946621 0.37391351589105948
0.40278706406871151 0.03778746396091437
0.89982889449355885 0.27526158286621316
0.05311466699263215 0.50734166554909799
0.62909697014833266 0.26510642961797304
0.87255064950432315 0.63014731847501526
0.58314799920990090 0.61832200891917954
0.69844797312323892 0.90884003432429517
0.33992774977457862 0.84506209306811841
0.65177096310653659 0.09384452502106740
0.83189221945630343 0.58476222450159632
0.24893376419819158 0.77622938984781353
0.18470191366645275 0.78005057091766772
0.77386510779087025 0.26168523653935544
0.47710566269477728 0.13661838652787917
0.34413005767574778 0.76989777007201854
0.31868641221664473 0.44110019180557453
0.23522561289728933 0.25328098216994893
0.73579817798991587 0.52245910385130945
0.86674075780892512 0.21932272396261454
0.20159875794247450 0.35620564803347987
0.59849348660836565 0.66157656752060645
0.48310785126790962 0.12106276972971169
0.45618477365563770 0.25016953897122990
0.11231732276415760 0.23980741221714147
0.62912562812711936 0.84522652498879325
0.54830538504493720 0.40773213126268587
0.79883263809415350 0.36998605324481537
0.76434425694087038 0.27500540123004730
0.77492089297500044 0.69267404973107827
0.43601867243864345 0.89237731301089973
0.19928052834783633 0.21966521017176333
0.62336494833268397 0.41849635015869746
0.06313154886375134 0.60891525247803191
0.28521547696078769 0.56044058763404603
0.58181996335358899 0.16751791668527463
0.79581287919669896 0.14782309218264683
0.21757671804708939 0.85507592243866337
0.57450538653909589 0.28491192424232942
0.75127848150178334 0.76251991742013547
0.30006359611001299 0.23454853131101625
0.19084944702295928 0.20155523172640313
0.69903227986621908 0.15501764847167471
0.81463282423467376 0.83952356141515105
0.54698491591832266 0.50810096261641713
0.24471707396127487 0.37012118114612141
0.32072598415015535 0.67313315517691041
0.08190289573264674 0.27497133608132884
0.45583276935770689 0.42417942822087656
0.47580381535576399 0.07107311801517849
0.13638170823982843 0.29333587825226826
0.63129210468060648 0.71033830645357010
0.78849179790005763 0.53576628514747859
0.42736883867280301 0.78267350166347727
0.30620927678953064 0.31543123907735082
0.32730938724702002 0.49113662794227431
0.41996046604477955 0.81575198700220575
0.26014017594834360 0.70014556546760520
0.60278033549432919 0.68167988105525767
0.51732993917784043 0.78144918796768470
0.39048390758554863 0.02886508655401855
0.22668840006495819 0.28337920453339288
0.24905734947474376 0.39932644712349180
0.08861076720114119 0.81691519948135938
0.53082598216771160 0.22296965084606377
0.22818793715351784 0.77121873893949977
0.34775143240600703 0.71323973987039746
0.38487357549892776 0.06509142122235861
0.67474301695416705 0.13714023011551488
0.87352167382200208 0.72206050543129319
0.09500186003311895 0.43807080144972532
0.40583976253942039 0.86438916734621474
0.32335660996920268 0.08955988895599108
0.87636579369607881 0.57632040733194567
0.74593728144967586 0.24412621527543898
0.21357167153768306 0.14301582458426274
0.86672536250285070 0.27133767674647785
0.26170691021066561 0.81325162060211853
0.34819704180011540 0.43900299450213975
0.15291452508243564 0.26522296331474599
0.86422102908182663 0.28781749703393283
0.37803492522038529 0.79347109351793710
0.73666664008030724 0.64812593970663657
0.69670888573080758 0.16904093756681121
0.50802676243304279 0.57065327472338967
0.36659425061168871 0.06284008263948404
0.56289396176381135 0.62748117417646287
0.38227723009698733 0.58643790613929414
0.51044723995683838 0.36398835512889655
0.72701184280079101 0.42570069970511770
0.46760804816760110 0.35365762827997277
0.69967459299625656 0.05791799438808046
0.70303676880029831 0.19204985341431510
0.71029966632429498 0.56403163055282945
0.88398451183241589 0.55053211422880088
0.19033898539250532 0.24012505433547829
0.23993720053688120 0.91482321284278845
0.78625590519164223 0.27926303634397365
0.66397704809391678 0.87211947200200035
0.22251861107403104 0.92451179013602702
0.05081695667637361 0.56457972787404254
0.64067495130731666 0.14123008537363860
0.41476281435967005 0.20788552384619435
0.17193932093642161 0.23221713015294659
0.30799806448675043 0.61824996672677035
0.54418042637523700 0.17380559242687604
0.08903570682731361 0.52410891770974488
0.42514749937817281 0.83027249922962021
0.68815962260519936 0.88625424243648410
0.25982497374446495 0.46456409436406948
0.84004865693899122 0.46126907041229087
0.48006636146863413 0.12452504880018490
0.82714926803195310 0.80025118601490486
0.03552322912359413 0.40337520131787263
0.70177063957707120 0.20201480623479715
0.90884262748128342 0.36291706345331265
0.30247491477355914 0.30213896445246757
0.51807506407383996 0.05800632255072913
0.16114264933742237 0.57361948059823031
0.58438599335528674 0.75497760631069055
0.19752917886100563 0.15795059876596190
0.63413771629672211 0.43832730375132412
0.73341828082833516 0.77254645115988896
0.38218430993776298 0.50937345902363507
0.57815632136312023 0.53374015028846578
0.76146125414488308 0.09714742489392862
0.80997826293722908 0.73530983013080697
0.31031523488989715 0.91861161418528592
0.03274736357390180 0.57867742372825492
0.68134770347111184 0.21660312892331907
0.63557914619635847 0.38391902541069783
0.36580661718216556 0.52193232300053027
0.42865012486607712 0.64755106139247021
0.32308885031937928 0.09707564361341438
0.07695932116718145 0.67910409301743735
0.41796640240048394 0.86923062138373641
0.88191253767712774 0.24996525660532251
0.17106392975379042 0.46960585263885379
0.21951878938760289 0.54083637527883799
0.47357581124457193 0.42155168795512460
0.86763872264802588 0.21329104218926961
0.14610235865868773 0.30152685141950120
0.71234528251854157 0.69334781870797568
0.73524758680188285 0.12237596185882611
0.22438422322109408 0.83438275680396323
0.61210084113335095 0.19051736734584443
0.52121825933052945 0.09242028534186714
0.91735182870619736 0.60430218721005302
0.91843252408516507 0.63207085724724366
0.92564241154469196 0.61025869718122661
0.00547242207240790 0.52122281139938442
0.46859884023948767 0.06436043547948114
0.84984834592462322 0.59142710394359332
0.55392715302507567 0.84358420222135133
0.70962890580430082 0.13420911765917898
0.10307166922076290 0.73437765359299789
0.82282407448809303 0.31490910810464240
0.12030656705894228 0.26352220060631681
0.69134017793136204 0.24434803085250978
0.51491047582751825 0.05553434494673854
0.75361258145899412 0.70449928886947522
0.14085538057055594 0.30656786448120465
0.31139673170917209 0.45416796154402717
0.63373206381289160 0.26729632777479689
0.65233736849462842 0.10010935733961124
0.86017566877056506 0.49942669204246692
0.89750949290027704 0.27850791137531855
0.20940417749279028 0.20436335033311706
0.65216314555223720 0.81858513132594923
0.63356146920670886 0.81797720104940297
0.50767149278788370 0.58343763120716718
0.72478936620974965 0.16431697644452073
0.66148351458363186 0.32789589748499126
0.21774833075135513 0.63072699936102472
0.06038833362179042 0.38064937378419506
0.34445452066230187 0.60941262652277239
0.80550455902234097 0.38805768125170292
0.54533146793662035 0.20296147563657729
0.82192730980548834 0.42655513762673392
0.63380561745435793 0.84590429658661670
0.22738200101629102 0.52986420172785287
0.50637166055449023 0.86750732957550503
0.56865726039701037 0.28285025654793355
0.51920585668162345 0.81502514039672391
0.91637583195740502 0.45601082452550101
0.63176870623329784 0.23540048157319909
0.82079778578766982 0.21469280110149455
0.26580373875293800 0.76398879264632225
0.68530569301379629 0.56764004992291961
0.23953269110179035 0.84127869274717459
0.30874100088829082 0.26159197387641364
0.28945373966620025 0.35266632563267786
0.60002924926100809 0.51583455153543334
0.31242788120330856 0.88476307049774561
0.64762224734319984 0.17758156889356033
0.03545020844791089 0.59738505288231469
0.63128333821421201 0.13439313003051939
0.50102693088707739 0.29875410649464951
0.48046481042266936 0.12860180501205615
0.47554590940452407 0.89475309938399816
0.35059280956072303 0.56013430517992624
0.62864419631262747 0.75982970899759550
0.46381898782891728 0.78512320597227969
0.03654615310472202 0.44424550136346463
0.74066712568610127 0.28352822664393051
0.32913390922935637 0.25291351872959350
0.43373865075230716 0.60557380015860374
0.35779659019533622 0.45273734908025781
0.54891697110324988 0.34609090031094936
0.53537855143853064 0.64174195901131936
0.59223564659589578 0.89014954715905081
0.80678150482592659 0.57062363417252904
0.57333019669895158 0.14091161469004562
0.17921236709724261 0.56716853836730041
0.74901368050262807 0.50620993469955644
0.46397576677062397 0.29840572361081197
0.18540194173958757 0.28105825415050939
0.85217390794356285 0.54763306259563083
0.21718240424976601 0.27382832506038690
0.48263487384747927 0.56875179967669365
0.63805118802013983 0.25574780670235775
0.78137908439234649 0.23043954807584902
0.53196673412269846 0.89232535566909665
0.41021928603603780 0.10731079383432911
0.34758160247334263 0.57853327413052869
0.62516299683491250 0.23546830937260885
0.05059662753036981 0.43152507089020842
0.28633488420042486 0.55536257879500717
0.78739131043278299 0.21955430874592247
0.84436294607307727 0.55332912839498993
0.82107243756735726 0.46465837851286568
0.69610295220133256 0.60678374015859093
0.56327812281575029 0.09914706227423657
0.37304204092881332 0.93548499805727503
0.23323322749989345 0.53548737088013620
0.21484712558601798 0.58712963848232402
0.78975110961843942 0.27005288917838405
0.85287497683977387 0.61608253283097114
0.21351785224514985 0.43311141361206595
0.11464125042360339 0.56411181916233200
0.35867047659012125 0.40746752595430041
0.37132136254366288 0.90894627397787553
0.42054429434536689 0.03836915844659895
0.32836991033982199 0.15458850500261864
0.77421059326184427 0.16535584688534274
0.35723523918937838 0.12900198409495009
0.48939067691168220 0.71639878798336021
0.05511333110970214 0.61379399648539079
0.47753782952789392 0.46772588474353854
0.07763969048715236 0.46297235018998800
0.38855551568702262 0.80818440889480903
0.01952181038402773 0.58735737966351254
0.26225728510319468 0.61985551133910255
0.52516697145293922 0.09807115737074840
0.05418907368511237 0.48280103296887705
0.16246418433667437 0.43464594957435015
0.39717785293104146 0.92458524555993504
0.69308333747138295 0.76275849235520421
0.29377726445845848 0.48041857151195966
0.03071249248830649 0.65982745750679150
0.51992855177339969 0.92709496666137914
0.71438291594300751 0.89602812735324544
0.68609510154733566 0.77315914246375195
0.53133736918495766 0.24077928680279798
0.41850759841122381 0.07105513946975617
0.88332394587220608 0.66593380063904561
0.62113695741470276 0.11849217905266882
0.76086085103921475 0.50559272696483404
0.20735853352551556 0.34335656997875535
0.08563912063791898 0.65441564296519095
0.34135963894151339 0.90788064998956874
0.73056933205518915 0.71425876166376656
0.76403887558738082 0.49959759040531926
0.20576220760342223 0.57159821853573312
0.19737167182785278 0.81786093079796862
0.28008939166418106 0.48566295565943390
0.07898384797809663 0.68396639555600258
0.58733345391189740 0.30325784638163494
0.07792142587217057 0.38454627425781257
0.47599467686285518 0.13182887015423006
0.31203638329553962 0.44281617258958383
0.26070296225089873 0.33847963419239696
0.09880508410799842 0.26997784019718385
0.58928071345029531 0.33663378364451363
0.65875661035613042 0.66965200736571995
0.02738695277503932 0.71935121055771267
0.31821411815418532 0.67574301873911458
0.89784381858587958 0.33027018803751806
0.18308557097176589 0.44041344560659973
0.50193292690810121 0.59994617836988351
0.60647817016690664 0.13085282331189277
0.55159651678351540 0.50477932343649456
0.29814533136237825 0.66555705819384359
0.86640674158632547 0.35034843217524980
0.28865960936480256 0.14917230351988051
0.77731249031119876 0.49856825723780357
0.56098147922390862 0.74109002120668521
0.34127225379257575 0.22361547084766739
0.62913687182491296 0.95515771880101075
0.70736592003626197 0.20385376097855171
0.58027501240328727 0.54257593078654665
0.09217062972833794 0.31889960471720180
0.67628100789386791 0.58606372917634431
0.69461680412744964 0.70776396239050010
0.35743355738122906 0.18474264332048251
0.34915481598130488 0.68224575381036734
0.40132244434471404 0.19367150315773302
0.68670022796256092 0.12438032266430689
0.56453073545828092 0.78259614891953033
0.60836491109315372 0.38159155399455635
0.48022902133873929 0.55176955745624634
0.38132255575158813 0.29357884548532304
0.27408247336902386 0.48284437737358832
0.86093069300311387 0.58296625969894555
0.19026371035999928 0.86127867131845470
0.74163395478942662 0.50683006860495783
0.91382060556678624 0.63563740525474888
0.58081828388543277 0.54922336958333240
0.18489247373950563 0.70666779535588653
0.88527942861914066 0.34567302866940636
0.79318626652709467 0.75100847473692867
0.55784122863827612 0.91613045479609290
0.47972398634465580 0.10559925999865283
0.32960844568759601 0.55519825053258176
0.40221549505907511 0.10462430081702988
0.50405980016455176 0.28627383272947515
0.91114328766455366 0.44843729168911423
0.58609289232746498 0.67146657664993670
0.93402528071652302 0.52609027656004836
0.41021522755922907 0.33144001143875629
0.36133862133974015 0.59743250572415452
0.27276863371534676 0.72105687275477148
0.44492824929533537 0.47893089016510287
0.46765148675158652 0.87915743297844340
0.49123462157198233 0.73277880405511420
0.13003665756484589 0.41922827915347488
0.82116778729729756 0.19571698213223129
0.49551414213945649 0.18079141549537259
0.38177774122302699 0.55655762092149208
0.28939229569294567 0.06739668553796999
0.20325994633688890 0.17711328990324535
0.35222403437289518 0.29072211406972082
0.63605358449413241 0.30301768466105677
0.18639241346192764 0.13821635023428844
0.11633997820010875 0.36854043926414748
0.19530274513370396 0.26660990893326836
0.78065115991151313 0.72368058387766676
0.06287948191425519 0.74029496423661534
0.07629539302954963 0.42204998800132049
0.17183355794762273 0.43095384964846056
0.48693964011359375 0.17040126057720384
0.80369736790937396 0.44366885545784107
0.08279600115501831 0.46195785531028738
0.19758547700856660 0.27992905443040650
0.17337715833149836 0.17036158388106165
0.22794486739345721 0.70774843701543388
0.40114011083672491 0.91845752258158275
0.78204927113045508 0.37437425793971346
0.78764296526417044 0.15493061397359353
0.68747661443077535 0.43374190700188126
0.32119945241287418 0.90079408405193961
0.58961703492979789 0.62380666530816675
0.26260269536648961 0.93281616123924160
0.85878614859327762 0.33753830366726678
0.45760676356575186 0.29353383484968826
0.17225437587789166 0.29965276617849401
0.41377038678972272 0.04166276296949639
0.46779066302392447 0.44220369404555460
0.71532451069670289 0.07488181121681617
0.68232579710328101 0.86958195406053551
0.52086103557577967 0.56206503897268700
0.69915446741896670 0.15987200183139649
0.45646318497106536 0.44876672553851038
0.64054162974816864 0.28262002918406259
0.59063422680183919 0.58513880976839350
0.89528191249781619 0.66731565192262465
0.72008070439302541 0.65274519877098336
0.55747313110593477 0.52595590099410994
0.69051594547536921 0.08913398310001010
0.65771622673146979 0.26896768066805987
0.19195641597433069 0.36654713573635167
0.17068884952161664 0.70507050099538093
0.86472120266580121 0.32432730010781441
0.61640764052779495 0.38654242728913518
0.24028934140874392 0.38413491115924336
0.70143456958896611 0.76627804767729457
0.49423305515697380 0.53195699648452122
0.45376909825881362 0.58318119593351292
0.28090555384669402 0.40685679412383413
0.32989817887389217 0.72014994264043075
0.59604699287411844 0.59180200926052318
0.42309063332696895 0.68678019321918515
0.78863932375458756 0.59123369942402582
0.40949734303694008 0.54137394300196384
0.63286331951435404 0.89531337354772633
0.16862419861481803 0.63399471384095485
0.84353468756003303 0.33667967430217260
0.50369980580659834 0.07884403134529572
0.64561264031545085 0.56602910583316313
0.36772563417485149 0.65622126109467671
0.23113535464278401 0.32595467076881168
0.35983137032941437 0.69096690787085313
0.26625629797411893 0.46263512998234391
0.60873266458575614 0.22524242112639251
0.42489053687268552 0.66242265381179277
0.29073157150595391 0.23926625523034029
0.07397600644637711 0.37251089643300828
0.82960843237284376 0.32243852817707591
0.23007010431612002 0.14910725348258394
0.60761404718633860 0.14030900909703162
0.57611877946181811 0.59562138874908233
0.44680451926329540 0.02836825259350203
0.53690825328090441 0.47508878315371028
0.08732493740307777 0.27685789842676017
0.76853087994506664 0.25245797642049478
0.65174710291622029 0.17984983075086450
0.15665898017790894 0.50026691874941720
0.71705978440605045 0.28174098608813086
0.87377017276868507 0.26053942106298678
0.71082312318183527 0.81857556818630450
0.51355405251683039 0.34426630090486610
0.10968089711003731 0.70285730827330672
0.85622386334595835 0.24065489229571418
0.44700083322177131 0.58818621405633298
0.34626511128030479 0.23210725896867479
0.64401597986682191 0.85573326703518415
0.54833659509803578 0.76371136763946801
0.72544637662850053 0.08826601860258843
0.90479137651906782 0.66395708610177562
0.59176151235450214 0.94176228590924138
0.27035716053028613 0.87907739000140872
0.12166659072537125 0.53704339496872766
0.17245060792280903 0.30856214950815009
0.75008868872028800 0.24911812237598929
0.11357185506446249 0.77189576380926461
0.50911336624785797 0.62457978226201893
0.34622241436253154 0.60630061629336374
0.24507251113188466 0.76614479142392522
0.46905491015851813 0.11588646400240950
0.05315774053973165 0.60245225969222516
0.91204134436530138 0.70167373317275950
0.64525984892011945 0.19243864876389297
0.21463403708444082 0.20898978258739367
0.37554194696397541 0.35357048870322050
0.86677911678192632 0.69347123724932247
0.45721607646455387 0.70930476021603395
0.79217849915040461 0.76835518063450403
0.92515243975719175 0.66158609727085538
0.63130527312865248 0.87652549780333866
0.77201973240101962 0.69772693843159894
0.51968697157173116 0.09955565908987869
0.83008707004690085 0.24302405717456338
0.37607183677229800 0.11564107372713615
0.29449233302582506 0.14318165766423474
0.91830966213498788 0.34312313684394502
0.28152390456023785 0.85813062705970489
0.90446025680902287 0.30503770527462198
0.56552030920699026 0.14711996137335837
0.44822024709996583 0.05151291607273638
0.66806646132763947 0.87579263145483199
0.11755647383142752 0.68700467026777889
0.73410121530262196 0.72097678950313471
0.78276131320837750 0.72840150331479736
0.37754789276470885 0.76360635252698117
0.54536731661136295 0.77272040708136425
0.53729485890675577 0.74533599095175906
0.79592143897708378 0.80672549188261788
0.55540792799238747 0.30369328842569820
0.26979871576959708 0.58487126397816569
0.66160443862617702 0.90022794358361069
0.01845402913729846 0.42447761057684541
0.12298147472976734 0.28090961308223511
0.53683567674645294 0.92525556752646532
0.82837355323023421 0.39085751937162616
0.45349455409181583 0.30152717379661359
0.08778306055032177 0.66971665863474938
0.65340310466273843 0.18923662165903057
0.43785946464260528 0.52569055252142438
0.20342279676813205 0.23955529603298370
0.01047622576524210 0.41468238000058955
0.11351669449337165 0.43615626797789042
0.55847618001765253 0.91052240503731474
0.87286571815572878 0.48584269654647011
0.68145637909194601 0.59884300504166410
0.86072556360633534 0.32582547247313703
0.72720578376298206 0.38038675227089386
0.11258376892232461 0.54843247543505624
0.30236800114158219 0.22872137699027981
0.30193388938125110 0.64825326692849294
0.59245671662288768 0.71705572789952998
0.40256786701262515 0.69945602722363898
0.44578378823012632 0.12720668545636343
0.44161016397360603 0.33400046466664113
0.41591254921260329 0.12683715784767746
0.58264908884102318 0.21090153953755550
0.90692503582322770 0.41223339577943824
0.51586464650880937 0.82304715916998117
0.26665527304739800 0.20348172223244543
0.74720160504496413 0.73260496363273331
0.22100738057729646 0.56979358368364286
0.34729464941145866 0.70651946996692805
0.76788821750279013 0.44595747715460199
0.84570742272813504 0.52648012086687124
0.51290492874395910 0.04622226317495914
0.46258661179758337 0.24413326351061268
0.52814455414383110 0.50509954046800409
0.44522010629520276 0.88588379727784961
0.83517377205765320 0.50429218121425179
0.35479159935505256 0.66774930715857939
0.66459893860999553 0.83895337847372342
0.25650470751089738 0.57018292207388088
0.82583596129031800 0.24349352095212329
0.35455631211538813 0.84679932249721646
0.59312630339826733 0.85496531273143872
0.84991516010590851 0.55376884514643399
0.34290129355897225 0.46388027784589075
0.55200151441415690 0.08850903796533363
0.41069591232890268 0.20366674670828880
0.40996905289191560 0.98963198678316655
0.12801995087336626 0.57050194394288278
0.58590102873274075 0.94052639633106083
0.40313699057191088 0.93630657315006682
0.05146394707570622 0.60883590058902803
0.20972634133873408 0.33911401241872136
0.25036402624140791 0.41238692999857884
0.48299148825001104 0.27575177854826022
0.75341824600075791 0.13654411916327847
0.88865218125695578 0.58653801993370736
0.91147125249062955 0.50361076724060772
0.70842103027591696 0.61534538703700004
0.05151875282617376 0.48750235354723076
0.62264316422704591 0.91855433856941959
0.28627402322893253 0.48055831023071705
0.51772425855341542 0.48923524123156059
0.17836116737482527 0.45560435237041236
0.60814590956766212 0.42887478412021007
0.32397858627452203 0.73365585630957331
0.18106766630555785 0.31337712166876269
0.62591048723775067 0.94992994146661081
0.48562085371433222 0.10712895037750707
0.69311218853728518 0.66135545861005707
0.29033663302516399 0.70228824485101549
0.70622470157778072 0.70740520711630894
0.40149997384783470 0.56660410603982536
0.30473786068756870 0.51123031296147869
0.80933652724238314 0.37798434435174011
0.52300380678430636 0.55765707755236560
0.80546367053548296 0.14630622070958452
0.68388168034231223 0.30078698524485520
0.82764127472130056 0.31424237219559981
0.38841809580970921 0.54731222862900730
0.17212678656159461 0.21518246709341857
0.57445547146890807 0.11162693267423821
0.10409586837425112 0.25634566068119913
0.60466866681736131 0.39437497511718600
0.92845984959660033 0.54297682285646953
0.21861353339312295 0.53674488464869108
0.73056624816734383 0.46017139932613371
0.16729031619855469 0.46838632625085674
0.77614557017581698 0.36444527339723065
0.68645072395148998 0.57337047381589235
0.31302291929030468 0.27999581892432945
0.70280228626632313 0.08783853789947743
0.13805566606665914 0.72402346699817977
0.45834027146083933 0.45289373964751140
0.86710738438755219 0.30114078581891957
0.39143064318849496 0.56361890952284099
0.75597184282366814 0.16210602885612793
0.42808684203117636 0.42549955754583274
0.89539134875001425 0.36358971928494987
0.76258320063143581 0.51359902870054741
0.82454042385118331 0.46576379464211665
0.51311741318774462 0.45589922355091794
0.46464367893661379 0.47479749219391593
0.78850526689357014 0.34236016987201884
0.44866840167457339 0.46480413074999261
0.14274410123771186 0.26497536122479132
0.88924078096201453 0.60103387780538398
0.03951138075743075 0.35010161007384899
0.39601794400900453 0.30497369323780837
0.92322288544971443 0.33502112653999322
0.88938146242475136 0.40047676489638367
0.58105902399965170 0.15867843405876664
0.33852695650695191 0.23566301473008403
0.34997776192449875 0.82504384907439987
0.91487501205737065 0.57514500461872164
0.17555986232381984 0.18586335284728003
0.53305334186598785 0.40620933768757234
0.66997584019936762 0.62509802219127242
0.24149419610661479 0.36660428113807958
0.70888323850252155 0.16862542929607202
0.41881004912476760 0.47610129329350204
0.06628663931305541 0.68828294853536653
0.19984292905577922 0.68567457679728749
0.63125021768622935 0.34851948935966426
0.28646349089679085 0.55058441181093487
0.44825105845391477 0.08316536522639961
0.52074004152991449 0.04996972345655878
0.46853734997274382 0.45293477704860036
0.32160301558152032 0.27227310705738178
0.74770979434031670 0.64945920898807186
0.84585694986455140 0.46041040024305446
0.39085194548920049 0.05395562389950028
0.31222941276191246 0.32788717114897237
0.89549729485825424 0.62487227726520478
0.62301523168447626 0.73985378928700363
0.56603253889697225 0.44519631556348149
0.18499973848658691 0.23568191725215110
0.01545849041401164 0.48661003020821958
0.71620578043973904 0.36972086041569197
0.70436575788597178 0.33159179418367840
0.78025882203050512 0.78147098780125535
0.19456819391686087 0.72124656495510808
0.25824168623299698 0.28847962447829972
0.76994114523885293 0.29764519687632379
0.86864630441433710 0.71382557167622485
0.17913235565007343 0.66870529559091885
0.40316218870675269 0.17845230401638346
0.57339931388575782 0.92029245762666612
0.48521406952329077 0.60550215756337578
0.39277252937966844 0.31847723495578428
0.46000141636164932 0.05633940807693866
0.85378444888610250 0.47382114567229677
0.34778998380620751 0.54041878781458275
0.14895228798049773 0.42074633276559997
0.11666129208883970 0.48198249634385054
0.50809660476940466 0.86389705662065419
0.85913052007696233 0.72500862123091514
0.18569198271121806 0.43243809223971685
0.19936099225704584 0.34761446887089031
0.49224804213992823 0.85922517302296353
0.68845003091253654 0.58051959850392509
0.38252027103501696 0.51853473784121051
0.71810199478031211 0.75181163360403602
0.73632042952743959 0.60158766889089454
0.14461968566129280 0.84963208811816371
0.45609691918324408 0.37200139548813455
0.50572800655308947 0.95134221604022395
0.20153188667914260 0.23190040565501641
0.20253849231915461 0.61071352828171854
0.61324150404006184 0.18220973714669186
0.89774997180336691 0.24618598581561379
0.64004928077398160 0.70493943416442717
0.40869774500394024 0.78678666938016195
0.03276642529588573 0.65251178972000912
0.77880986690221454 0.75737165673894447
0.55711006952869135 0.08419514152789227
0.87889743933205899 0.63437509121322611
0.35203257060200288 0.12177882717238056
0.25947732124430711 0.68020663891885713
0.53488668370592252 0.24639138735693533
0.38470775312610250 0.47782633904249849
0.41028307725239521 0.85880726850218003
0.03829420631050343 0.35588207575835440
0.59038948615896225 0.05133870543009115
0.20409978523240913 0.58824481736807088
0.36270678686278451 0.53198770952406871
0.77620372203329402 0.33324427101601667
0.45494325450773371 0.45662975021796176
0.35394367783860525 0.26822227480128158
0.35945662075421980 0.09064795804636570
0.64769005349118247 0.71361983576568944
0.73992098016145169 0.42353723931084153
0.68027435015660354 0.12805909967138734
0.51033072867930585 0.35900569631690765
0.21599677573663836 0.17192628004891070
0.30191960157472458 0.89620989691393671
0.86864970084491500 0.72358917829499358
0.06380160350056568 0.37348917966363748
0.82494744884596460 0.69618868193217975
0.39199493232160076 0.16707996505913830
0.34198061774199234 0.79356617997565182
0.87537772122480961 0.24272645190360104
0.04346201684794804 0.48835845685608487
0.83712353484793767 0.57377133749067488
0.79003765966762118 0.33692842608734025
0.38911790770779925 0.24795268250285032
0.21320152662526387 0.76750104653779727
0.60631955748837596 0.35463031174319704
0.27085015635521836 0.62566376400320656
0.35775801659632667 0.46818376352732405
0.61559014696039893 0.11154440511741866
0.24505272724530439 0.91141129613283001
0.59368956466971912 0.42558248464169807
0.28940194939189989 0.58390390576574547
0.61180290265257609 0.17724445895844995
0.21480999328951644 0.85981532487512491
0.23927964459603762 0.11946295221933827
0.34463228477444602 0.21229775352225730
0.20607278391808018 0.12432573500567178
0.40466185599768123 0.03454198029426784
0.79133356361054596 0.21567175109233694
0.40093777286342663 0.05926903341899582
0.90829780440909391 0.45204876977095354
0.18419234785457039 0.46795238731937555
0.14660511857851316 0.24799017871987658
0.88595149080458135 0.47343880303140473
0.80771479351663467 0.75678219295161953
0.30474023195944133 0.32043981980575625
0.74986195188313232 0.26218741872536361
0.28234592928973118 0.54879981642170417
0.81985184206615114 0.39661358132861568
0.75653558564029444 0.77651776501003911
0.83665100204024878 0.19139716041417074
0.41850051315616948 0.99132466685665543
0.49731745643414133 0.61186587250685165
0.15615468312193115 0.23436519386340479
0.56178534922428269 0.08089520498207099
0.10833915786491663 0.55713536246416107
0.20189263935584706 0.22216599307364104
0.23949623193894271 0.49255982976991014
0.57498499235386313 0.55404077256552386
0.18792376356054757 0.72055803629730952
0.70459281276893104 0.06555420316753369
0.02056904303247315 0.52551216673320189
0.62728686538896095 0.87393975352333708
0.65472370641614241 0.63017991367553061
0.87484918322829175 0.26802953068612662
0.90922283803354165 0.28582523478043481
0.25967008376056355 0.49111251413782547
0.86199632608500965 0.71596171722357860
0.37551581407610413 0.18107387352910054
0.77889108647759342 0.72702444512261410
0.43046772269211780 0.34928709340540542
0.45166132584112600 0.19489078830538364
0.81130986643897274 0.34591220545261492
0.35684253940255828 0.42121946769388191
0.54798389701185735 0.08059520346521698
0.82805819186801444 0.48753207401318738
0.72463600166750086 0.75288001407248273
0.49967137458543359 0.14827965681734512
0.59050638308073722 0.69772988924485135
0.59211332393598304 0.50710548315995319
0.15638818219769676 0.65467495086594496
0.48899580133978471 0.39389391839067878
0.52301473766269269 0.04673290050814034
0.87804391702176088 0.28856041673129501
0.56860850674634666 0.25488236722881197
0.11020776517082360 0.40878578469030558
0.56706986891529176 0.26094777425974719
0.62405463703130670 0.86569706240083533
0.61184223475138710 0.01648427111761692
0.18115366193663815 0.46225926454996641
0.10492820797271328 0.64590633323267677
0.33459963682905908 0.69915765148270637
0.24760331355042692 0.53723890735685986
0.52722368411067655 0.83711467839909104
0.09872623094959077 0.73437786274687566
0.18785091907868401 0.76398363246941359
0.36902258846976310 0.48209758208237408
0.86219778668036173 0.61857558075122177
0.75188395531715924 0.23675048257661052
0.54943443947358583 0.23560410777137084
0.80924349079381919 0.39058940991002916
0.45430844893297356 0.72554726864265295
0.71904476046586041 0.14865611539918067
0.45729091692712265 0.65277141401131267
0.44073021453486977 0.63195371036782211
0.87618132840743146 0.54696022930971233
0.56657416264972060 0.31415628286411090
0.75495205372917673 0.49509569774017109
0.82188009679808649 0.75972885217402775
0.52155044612425294 0.42128914524113126
0.31003318457497325 0.31984078959352247
0.12015872011708220 0.27179819237644864
0.38597502318634286 0.41595483262892530
0.10150617706979585 0.28367498520321571
0.19429973237667025 0.27173757406613025
0.48152168248714899 0.14235419714753803
0.73497106224960185 0.31203059412239947
0.62602451891728939 0.13351505320720694
0.21504196175079340 0.89222811621846576
0.66008402135937927 0.87369724949501693
0.32475412843568513 0.10868412835043686
0.58524931727647955 0.32001563704729891
0.40473406349586977 0.38969976171265336
0.73442024311621079 0.39044877220323093
0.67689504695265912 0.87791265031003241
0.35618689020371103 0.21713203701248401
0.05748760386688957 0.52356879556119984
0.35554345019028372 0.27498899960999301
0.43397854199218372 0.40028615301778353
0.37827592115310588 0.08453109899779448
0.15240617107752216 0.24023380081165099
0.30422836787523233 0.25837772830051337
0.22288460927448930 0.17135260188528340
0.09969443170125421 0.34740350811691928
0.74452409282657828 0.72416854844350853
0.27331734309948602 0.76314757592409332
0.29239591314274510 0.25841523061320038
0.49679302355296584 0.35252040748675095
0.65893147981122013 0.20666587967134156
0.50489128497412028 0.13984542400598921
0.57327008540376068 0.10714550109555789
0.77864372493282163 0.26034953236526881
0.47984384480151693 0.02646144346235648
0.27791170259926867 0.58478281492737927
0.27871004765161500 0.27316983609579054
0.43793630977850101 0.34996692132547569
0.71638754546757344 0.59745487438681566
0.90419332762940163 0.27568557164503393
0.11562522846723419 0.50725063335537734
0.17496879304160290 0.46788016046527686
0.55403494989188939 0.35243544216844269
0.85795929504251967 0.30581375480855572
0.86777801471780447 0.55391936799979946
0.81147032043923417 0.39598312290846299
0.33579312577953735 0.27452026874486524
0.43720030951723088 0.39543650861309154
0.05727539835690865 0.50191828896757473
0.60475182343030010 0.38935863387118047
0.10953032001938282 0.43325336826285948
0.75749327710670911 0.65126898769782837
0.63150796401412002 0.03298340130598990
0.36832781605669768 0.47670560914920707
0.03950599848089118 0.53212344925645960
0.73927961321462343 0.11312955978003766
0.24577281130940717 0.59368990598678173
0.91060732116783294 0.48134170964818740
0.34274319260554725 0.40228426085315244
0.43025585836688879 0.12830111075336004
0.68302473230089977 0.71284554486963936
0.17106519553115487 0.20861553898457125
0.87474920893971508 0.52158511018818776
0.49117367744803248 0.61129268175428031
0.07450104991112365 0.43996289992350718
0.43542531482012464 0.08483607597254780
0.49022225421787397 0.27212501649297433
0.19095211585401964 0.23042300868793783
0.87717646625026824 0.49367756720090755
0.52076748402565443 0.25165389089757018
0.13824638573581108 0.78770887990225147
0.13015699134121486 0.67453520434884029
0.14428801729466573 0.28634963158658167
0.03135387103214735 0.44834882694989181
0.93879831868461694 0.51574945065907007
0.26731954040728384 0.36304460170088543
0.72607432231511981 0.73673595870657449
0.14096422185710533 0.22677987978696743
0.65085610845426078 0.03842250113858654
0.03861183236294471 0.51376371665807596
0.73373427413459913 0.64308601595135950
0.15236464571217848 0.57326431958425861
0.38472982486626855 0.07625968992909557
0.91250982609586384 0.36592352251569671
0.52037604101691748 0.49487774453318839
0.61087276392583212 0.43840125584221523
0.81534850838136752 0.47590724834708215
0.10610315756695393 0.71508581743758093
0.35374876291157059 0.96950217894909885
0.19135086534714327 0.62287390006148335
0.17487390791235707 0.80163896402337265
0.26248670596672985 0.50644838066864595
0.80922209041736959 0.75150276437484564
0.59374932064441932 0.35547361471273614
0.25301643316015310 0.64063185656374344
0.47512162726012291 0.73265182536638862
0.70787333546325770 0.69863634984825862
0.11521763258233850 0.38015841477562018
0.41397899873905258 0.31555864196680250
0.25269863249752839 0.30658058507727309
0.43988547916659232 0.79134252535714666
0.50521135348949664 0.80731777808886074
0.38844569412096608 0.23419402198452313
0.59621677135153550 0.38546928547134895
0.43900717344454615 0.39110600626853864
0.15527759415830861 0.21969743276186879
0.78074683298949443 0.51023578725007102
0.35496281893473897 0.68391894174393875
0.52008762258953323 0.64013166795535692
0.73759742518642446 0.89187322229590116
0.35210104865589736 0.11512130592739535
0.35216661897929463 0.16925537422231920
0.14473849422633128 0.42156882602944651
0.28206077355494252 0.13500377529460772
0.81388797269464486 0.45510459311476908
0.51321547078915675 0.25713452804718329
0.47287591566951043 0.08286410194207217
0.05110058201967320 0.37240107369497483
0.21582461714580964 0.50192212232141864
0.12667593662867996 0.24515158099099266
0.03143638469565018 0.42210966224187446
0.50183335752725111 0.50501510758525681
0.53685704306405024 0.70290495274132425
0.81759315377093655 0.20384869925372562
0.34382989343553322 0.23683892740414769
0.81326386602966549 0.37520658015067165
0.42979915686572684 0.92183250523292026
0.87770022977631945 0.55914232814808473
0.63098631684003226 0.07728835245972171
0.16494184603786913 0.51279411938607855
0.60048462215027532 0.24166067585769760
0.44322667477925948 0.09819139787522108
0.45682797061163011 0.61530652086384552
0.59912219724813687 0.13522288419086489
0.67274043723647370 0.87564618665241101
0.49950252577098569 0.06228398530483584
0.59053158981919318 0.52869870785904105
0.43634875930397266 0.10263790785585471
0.19722409496600207 0.17814880969972188
0.27070418951773301 0.20803708321571582
0.28728333739640233 0.24240578511992028
0.82598131705274014 0.19987982182869118
0.47921318755246917 0.09246345221392693
0.17077741089605311 0.80402228719392921
0.14458324824875790 0.24349693675466610
0.85758102415631610 0.71456699943180713
0.10396144420571141 0.63815362186551317
0.43425561472745344 0.11998460811145925
0.15380220006936374 0.34295290729562311
0.28715143774870183 0.65044301449107500
0.40686624928030501 0.90320445378126868
0.59566561254862116 0.34714300693964628
0.82411825420957219 0.22878705832655455
0.60050334297729890 0.52884388740498145
0.28727123284554668 0.68809844873864989
0.29459510111274390 0.92678623514571445
0.56754407003233232 0.05085460567695044
0.10822373347517655 0.37061475304791802
0.12287125393424843 0.23341029789050546
0.38992732040503303 0.79207593978293689
0.72836701373894719 0.19238501053384441
0.69719787026280777 0.89293330341427635
0.55344693310146287 0.09790048745273389
0.25018947157347238 0.79331424618071589
0.65986230850441274 0.62499415453928808
0.13444301984197018 0.20894555693849640
0.51416323784763773 0.34051140519077122
0.80236225158658503 0.34511143543393347
0.42172652389289389 0.07650650620157627
0.18314980663009345 0.47313623770663665
0.38079152661446580 0.69367022234476539
0.37881812529656422 0.41809101350009426
0.39823496675376074 0.88673234918631394
0.28297307118347498 0.61629931759389400
0.71028316663636148 0.59628788047826609
0.13127985618227006 0.28303365135589259
0.49558084553021525 0.07542693924406554
0.62318506255026496 0.28311326915472163
0.21994430838580720 0.47223660190089389
0.46806355499243962 0.13234892771384582
0.33505468816985967 0.19143983822746288
0.27532587985907386 0.16057127869052992
0.14177279873690959 0.29071204259113470
0.15105232863127460 0.85135277638692808
0.82300611613019159 0.74747924605233929
0.38662463669050590 0.53188834379467420
0.90869714981397742 0.60917678695302169
0.46222262300569672 0.71153029087054587
0.01408842461073512 0.49018703920440027
0.43301305236035825 0.28653350049294113
0.79933553854425665 0.47509038722223818
0.06753346564751313 0.52939118753706105
0.63567283923795104 0.31132265021138800
0.15544811411018711 0.61391145874337361
0.51915467647785796 0.81971967555079106
0.33752251345074158 0.87853466654323620
0.16066814597182164 0.79067269190591205
0.67905851956432617 0.49313656020407648
0.42359880066154687 0.90339324627307394
0.06455485720402994 0.31496136011136061
0.12252641487092439 0.21421039322340765
0.80141759565745574 0.77822507037787048
0.60229236597480051 0.58916356497206646
0.37693907992909570 0.34684898200362796
0.52919952791312108 0.07829920758159363
0.21565827581907551 0.67827294157103979
0.49501487367361813 0.31509582184614460
0.94628748227932746 0.59675549701512021
0.83612270078634543 0.75108332482049356
0.17342198109576618 0.37227283358382041
0.82374767623582978 0.32818217411465450
0.54330006147657195 0.54532852149002742
0.52250191744002505 0.56763544151023482
0.83274008449239323 0.59062761431975075
0.79196309026712119 0.14475347079350048
0.68607270745214943 0.11110896631952639
0.44814386750219481 0.24343528003823001
0.56175887873845598 0.10462488998667323
0.38368599438987666 0.23725023682745564
0.49579742827706369 0.34592952359566209
0.21512391266198819 0.68550417782345385
0.52375761927118891 0.43079886112017429
0.36083789246775450 0.80171553546042174
0.79115954562812785 0.11930630483199395
0.20095009587303114 0.63273188136199843
0.88327070970254795 0.54414323022092648
0.47745638720473210 0.19008246235252932
0.64556974090089969 0.08433707967601244
0.49726087275452180 0.08537647330428599
0.32915055478976424 0.10142882397756400
0.08720122276072693 0.76313239868731053
0.68766496419483125 0.19584778799797223
0.61308532904372515 0.47378760526840530
0.44445730174446929 0.27078545849316649
0.23171034926133288 0.37637265678951248
0.31750964278443028 0.91873963218797372
0.62943440606745549 0.75107818121895753
0.65300369972877248 0.75267975154718736
0.75879424465515044 0.26395529335148010
0.54470411397566509 0.61986926398880426
0.90249648698218010 0.40645817064413176
0.04591975846707790 0.49778527025811931
0.21868661261641575 0.72184389598064724
0.24438978284787627 0.85491560212232021
0.43105290420358383 0.30987290199173650
0.09050919510631576 0.25133498502857199
0.91561678680043712 0.64975805417784926
0.08942408708294845 0.56787846255326468
0.76419792401223907 0.27964710031174250
0.65670048168488648 0.82085415409906670
0.38757777852814457 0.93438770451577535
0.37315505700795187 0.51181979147821011
0.24111055459236158 0.76248556111689858
0.50643225931782387 0.91180963506402835
0.34955241920223179 0.73776505761918554
0.42251499739137904 0.21431148718611515
0.45084410528555480 0.39482823496055686
0.23425838178657990 0.73291509190136694
0.12129643187200627 0.55184607230489524
0.44412025391256049 0.35869141438776714
0.14221669568676015 0.28225484075826590
0.11780347817376383 0.28651624669770093
0.79759695977030631 0.37874537704258859
0.88573309923328836 0.65870938821603775
0.72766116969388395 0.27082343046016555
0.54615300830913449 0.73937476772085620
0.51448049788653971 0.89500130890868590
0.40644329537961410 0.05353684466879671
0.88787054548255462 0.29313072703914944
0.25402330657645422 0.12793644233227550
0.30859094336916004 0.50822734487726917
0.61741110495846685 0.18274735834360709
0.19868394239523757 0.18782299000701191
0.05043213786549942 0.36695412145077083
0.73451806492207650 0.75665760226110035
0.65017416856420207 0.08618461955691205
0.42651440889104741 0.52055589198677843
0.84577939638700428 0.55959223662149948
0.25331291805736839 0.73563951170936337
0.51562970221379523 0.35128463653998471
0.60403956948895421 0.77302093430370333
0.61092019439972811 0.67539803774112550
0.83398303385946293 0.56992328201197096
0.26297090362813313 0.38939968480027265
0.01584146278824083 0.57939160363764430
0.48773787011001124 0.41032567469233105
0.86510454683697280 0.72943617693707663
0.33813815492598570 0.83065821809383444
0.44150059720555845 0.64384360006460917
0.61643754973607645 0.63347186781068077
0.63747665161797329 0.92593880934406003
0.53353289048316566 0.42720204097277187
0.43730005590339083 0.87775613246289141
0.47013818394963924 0.18438619898178890
0.67725579724424079 0.09030202171900814
0.84020402345013834 0.57869930869263275
0.29809555636819690 0.92364539299868320
0.46790300292211273 0.17145478931402561
0.86050019855943705 0.19457423364422910
0.49152837917107434 0.06450058983391060
0.75356497698720804 0.35198028523424102
0.28912133190332817 0.12062726928703781
0.53616538335938169 0.62704745162792719
0.75163165267189158 0.80599378719372217
0.14007915685986733 0.76590976547466216
0.14277753228847928 0.63153410195730764
0.43718950788721539 0.49492844621972415
0.03272348094248345 0.56500170975055386
0.77146736447930131 0.49871204718691725
0.73166291287942964 0.62551701023850970
0.81130921454105609 0.84413509276633136
0.20974594255730392 0.76850726203522934
0.66048543227724288 0.27809798139649128
0.24208213348258273 0.16143500309424580
0.59324085189684161 0.36714138874394758
0.26489168535413776 0.39306691910289421
0.03194828014808217 0.54161956280636192
0.28287351285235840 0.27544242446123274
0.79502604951479705 0.17118088451501631
0.11614684599770829 0.66635345248080713
0.45009017340569546 0.89222911638472069
0.77718012984802509 0.70545339762204806
0.26986375141368307 0.48759699114341915
0.82706566923398750 0.69133623078019102
0.61104103564051571 0.10542465826816570
0.44337315065799382 0.04071024689156336
0.71292318591628812 0.47423247437462140
0.27964059559610488 0.54090379635971986
0.47888650308050551 0.58107093470043270
0.56156014772502372 0.50997622237150408
0.81434127743228657 0.52717941904666787
0.39126478992792446 0.46729809920003429
0.03215497427360876 0.55706157024650704
0.21086735692925046 0.21605354322526973
0.94822946253764040 0.57024444052759660
0.51840642139530491 0.36117114835908393
0.23588547914138142 0.16079901283063847
0.80015413010678604 0.61658867953078367
0.56351353088055478 0.02458447242385981
0.74675300787919663 0.67045554418527875
0.38129095788628670 0.45740785266004408
0.87943534603301710 0.72115034649587606
0.56579961613400997 0.89688999473263586
0.39687125713330590 0.39371305412822777
0.57876921505989731 0.31267625510176572
0.73663803387795856 0.57752456728996526
0.29015558244877460 0.41195976988646243
0.95477228865832586 0.56847952575510929
0.52012510199477635 0.77855355844894825
0.69584091261550141 0.11713742388693987
0.74383295305693753 0.24863323003103396
0.26147606735220413 0.53670820251690765
0.39581679855388291 0.56780142180249371
0.80801715445170130 0.25006538586884236
0.85107568065291739 0.33630428970528747
0.67923285471932238 0.13597326199624488
0.23556908345372474 0.44898203721378455
0.77228532894639301 0.66875220221161391
0.51616884365623095 0.10963936844101446
0.42853962352475305 0.90570014054664005
0.43734270270542031 0.14986493272578649
0.53283649327728955 0.24986534328190704
0.56473003300550606 0.63876832948686324
0.13451129971147269 0.29812224219991379
0.85382791275628989 0.58826353214743365
0.52609743085764804 0.10866902500580214
0.52135232100930151 0.35673907785477099
0.24093809273727690 0.87455766848816685
0.33812482866989546 0.68312460595005364
0.91952126377747578 0.42212283442186599
0.53257936171949771 0.12738542301799219
0.19755095772285697 0.64375015381405898
0.36234575318290885 0.77701771738478242
0.45466297249266546 0.70172622557626896
0.32092812524501468 0.10021850911582522
0.73292016142991523 0.33053944844402183
0.11559382342118128 0.40731961005889966
0.61393437142426666 0.23953197846573915
0.49049308938119140 0.46379125565578622
0.65409175484752913 0.72645658874096108
0.78078117686211412 0.26644907818737429
0.43457869813591676 0.36764181718462990
0.90399191339083951 0.48898338993632789
0.50903931819917492 0.34742998391133473
0.66503936779111072 0.71456881123033555
0.67012091025171439 0.92038065314647410
0.50421564738366287 0.62478615900803347
0.31417718215889984 0.08522141277211080
0.02980708881250781 0.43213634272783552
0.67022267824491011 0.10357602742356584
0.54531097837445131 0.39859251952929792
0.37691940709764854 0.58176022355095658
0.44014932324944550 0.79826374082090834
0.15794248653863241 0.40951799407398226
0.48607272266235374 0.19218818023291698
0.44173507899650749 0.35250539564120209
0.44149724407809421 0.91036784548548011
0.72129594127971208 0.22988045508678004
0.30060098296992460 0.12704762308284240
0.24733693844072963 0.50782657440200951
0.34908398312815569 0.08171409120767063
0.94622046767551160 0.50062446875291300
0.65142866011221578 0.93606036673195792
0.73805087501750211 0.29970550249901229
0.84587678531797694 0.20047402784068757
0.44610959481887413 0.80402429099070172
0.52598983249581188 0.31450294530507789
0.31317921430045620 0.46084275483875575
0.50235860410503119 0.05999413000539905
0.35694819247097564 0.67972612470312610
0.18138498347002049 0.21923738702792755
0.43283990203908296 0.33530101041611265
0.79786570879210050 0.57249243227053637
0.68168251493611387 0.59211167788229224
0.39866023184477012 0.43614291631369845
0.87833563132608872 0.40350251464267850
0.52482871674712084 0.60883994505945283
0.65360124635252081 0.05126132418025242
0.52225861442995591 0.13510062824815403
0.05784785861925110 0.70397622720215580
0.53543092739893494 0.80958621133769204
0.31855715368404153 0.81124067782954168
0.51582456419383116 0.94808317679025023
0.26069262453545888 0.62681410271181459
0.55538674140763078 0.72507516671126770
0.35936879048049469 0.47254924522465169
0.25244784858803504 0.66780469400523190
0.50581929287425675 0.00466370918922336
0.18828446057587356 0.52640643738958326
0.74590009652793654 0.73977102110588033
0.32223218331305087 0.63205892526582352
0.25474445267986279 0.51536672362759139
0.77344640840181600 0.18025808316132613
0.71876501777336221 0.09173849905629157
0.54043168266129449 0.63252997204617578
0.43027368219767331 0.29697894515570500
0.16477649389827539 0.85358409089340392
0.76361420026806948 0.78839576449423932
0.32215253035794150 0.42494875225218554
0.27580418250839711 0.34124456265994607
0.38303887984075907 0.48392001629806330
0.38164649940395140 0.47109300797802084
0.46773884876975169 0.11206438077384281
0.74919281986475139 0.51451692512430736
0.30944693693557562 0.66581787046458851
0.59017137294167188 0.33232750947220002
0.32440880364786961 0.66957131075861809
0.84995399456446497 0.45507934433351405
0.79246747579571597 0.47129904341165513
0.72023045517754380 0.89141080390545668
0.60106429937912287 0.22480474254901259
0.50291314642611662 0.66626964997476346
0.45463734003606926 0.14458721165529900
0.47857662227313719 0.80265304701550955
0.66125492008245357 0.09035018395140258
0.63854398117228406 0.03157922799720916
0.18878392843837566 0.22456703436738787
0.03970373234047265 0.61259007516598174
0.31557323884696437 0.72638592018974213
0.88429940413899610 0.36327613121777563
0.52235699148275183 0.08460062850603473
0.49891950448520028 0.49555839341684166
0.38876030929367789 0.04696029517768615
0.38183754723196978 0.60675172848724412
0.63410729180439951 0.76324417165554204
0.55985154420974459 0.10112728001093524
0.17206315813719292 0.28793055424466335
0.81392293490096101 0.21276826006668578
0.24189821801423417 0.44389193027257756
0.43078623433967295 0.15492475292046268
0.70676903388450474 0.61100360431749356
0.77549281633462575 0.74586730218335728
0.34092548915330984 0.41838949381407542
0.15237983757565898 0.20151670257885537
0.66347777867967783 0.28681969193457707
0.33902154070588825 0.92433184069256025
0.72133191001033292 0.19061298224700549
0.63944242277692975 0.86598932823507346
0.29094706928030095 0.50045607867434316
0.19477864469169673 0.83295006940226202
0.29516303544831279 0.61192305531701374
0.05856731348124575 0.47954587271757770
0.92553293149796101 0.60434697624806055
0.35962332828908722 0.24958563251123458
0.69365912641909910 0.77541273213988382
0.12946971608780336 0.23953496903823815
0.36992780241685391 0.34964070294384775
0.36358269675870897 0.51465638083349896
0.45094002958001578 0.43326784211913832
0.26103214376996442 0.21544197709288096
0.28583327467064540 0.69927189670734247
0.27129288905025617 0.89247236487037529
0.55069441497959959 0.47364151066714494
0.32103859006425911 0.51269696069938220
0.11250450015136224 0.71920983729859722
0.16043276548149318 0.25375880703832315
0.53853685790703099 0.24006071683213184
0.88740235956427949 0.66315236712215453
0.74064313488814948 0.57208235803172680
0.25730242600542885 0.15029609405223715
0.58322146080483639 0.69010750931124054
0.30025247265226024 0.60115574024300489
0.60956183076770865 0.11135964063571539
0.77922239686637051 0.43274592242251259
0.44043720412937598 0.72747106062862399
0.49366290561946458 0.52848835635064706
0.06500022092043045 0.40078353059115729
0.72117585853026100 0.46426886741171830
0.43994525055289352 0.67074572943581356
0.09136941751515340 0.27696992453918401
0.46267716161076755 0.97187369013076252
0.93700672643122007 0.47366471857108311
0.72060797416994504 0.16965976858543197
0.61039042139244248 0.17187170030519880
0.24123191912319475 0.48647219099026912
0.47178077936067692 0.07503493361546572
0.87708536555751981 0.29399653342496090
0.68197320908013725 0.09107101201770970
0.01053784039019970 0.56233239638623778
0.78274464950185341 0.16580909976799094
0.41688854825323834 0.92232029768577672
0.56586665858440899 0.33865344895281096
0.77013624824535554 0.25761481971145000
0.90517340025702608 0.45571339886203149
0.57310070047929662 0.53533314540050736
0.19721151376118759 0.58062757651624142
0.52128010744166042 0.92258170008150209
0.31975651952993905 0.66918482930840806
0.58945315872695458 0.59409072517284833
0.33874672816742035 0.81227286747750671
0.65776302625063043 0.43004732730004869
0.38329635012879487 0.26337320731461727
0.68100477980742047 0.13202475415884199
0.62984811834386256 0.92684706987108056
0.30882364888636282 0.58006694115523072
0.70635276415249360 0.13933453598493842
0.17618578095614984 0.43423672516826678
0.03815909642159398 0.57543602615475020
0.27993692662162811 0.43712831474781105
0.53798929431139153 0.48037996669706834
0.35875798461680869 0.60824546822882497
0.32748372241809964 0.94578481594504382
0.16701041443308359 0.38405017185354123
0.57448428237982041 0.13538326541909668
0.63590869358854474 0.09668678462066059
0.35361316562902201 0.35265165133172510
0.61293045762706655 0.59554548878157165
0.64163942110744010 0.13720772285601016
0.37917808587845697 0.06538844192066334
0.63156511823077111 0.13927417626001823
0.74391328251539390 0.74931560963120225
0.58442471139365981 0.77948076148417023
0.67390653391682831 0.68570276872420721
0.79482444759463478 0.33780519647496426
0.18910183871557559 0.54847080976090101
0.83273737287381278 0.52733272888197602
0.07719266777333875 0.54623824452753644
0.45452273834922358 0.25377182041267371
0.86708230082639037 0.33105297391374300
0.28937479797555038 0.52202977120880500
0.50118115021009202 0.82528194567034929
0.35525238388062086 0.91130356392448109
0.27580261178984083 0.60767938390820531
0.06187564577620609 0.42981703074001631
0.92705925782914245 0.42737164804596578
0.41494342137496593 0.90667592204525405
0.46354724913034856 0.03427828175159394
0.10739562343415110 0.74967690856951463
0.29156907959347123 0.28641229319976924
0.85031882388320135 0.78744451476675392
0.22773265291733980 0.79702775630135025
0.33583818172644764 0.51814396790519457
0.38744597066805508 0.40750060500700847
0.54519805134495092 0.51350046913092906
0.90778276741763586 0.29297784695689372
0.67833535274681100 0.29407772269642934
0.50349139902243933 0.89983911432374208
0.53766363756574509 0.93467713857139256
0.46579618242395826 0.24735245378799306
0.81192016260473010 0.37150813163156970
0.77606158447894125 0.55020929745094449
0.82437478121567020 0.36022715107428416
0.50836194833245618 0.14901037519421717
0.47589115849277153 0.51536078232807569
0.70021600630562397 0.07119359952090581
0.29146546239124804 0.71052157943102645
0.65793164997134179 0.06025461764749437
0.01096309904528480 0.64108126327642023
0.44558458155292330 0.44389818309366191
0.04426101087797929 0.39655126003950980
0.30120782584436201 0.29590860388497819
0.22320742075966815 0.21175629587936268
0.24842091591722404 0.44614058666520223
0.36702511845512048 0.16269465978713876
0.66606556866087729 0.72178281504422781
0.07337608563928801 0.38542670769803850
0.66235583554717614 0.37378233253197368
0.52680383106971262 0.23729120764639355
0.10641619862153619 0.56090674390741013
0.40158717343584321 0.44114096793711294
0.07743547281875482 0.43247475135123042
0.75862136971788463 0.56782440385945565
0.54975879495138247 0.58668099823668274
0.51747609746868384 0.43685909690609459
0.63205351708383017 0.94974684099888096
0.46049746355703480 0.23655549093394149
0.69352556100411700 0.15376471766812633
0.42199734127024130 0.41278637281394825
0.16194001264357522 0.59864543902024947
0.71698327303681320 0.68761784676338655
0.80135274877496099 0.80174462681948266
0.33360460022369542 0.82865910479414373
0.80656715645196120 0.47376275539263968
0.53865360901852066 0.68139796431072186
0.33097857640776046 0.60219808297864108
0.60466504810566912 0.19414698552053150
0.39339015833819224 0.94743522343747433
0.84112956045162690 0.38715828482936671
0.81931584155482562 0.75028384856267405
0.33608456813045301 0.77512747018648309
0.84144818782943398 0.25133309741319509
0.48952743772956420 0.25764697300338235
0.13383457741361332 0.27671281725741625
0.85367424307964956 0.31370649892797409
0.03769556512659630 0.58936361059652731
0.53724957666473105 0.44457753446521714
0.65314363076308390 0.71637141602342702
0.41674734670761887 0.91337537489212950
0.41491636264049575 0.85812073392560884
0.42125083963972682 0.78467358607147319
0.68375662950723837 0.08214293128255870
0.49704235503509309 0.38746865375022849
0.21117001253381462 0.31291308295523268
0.87201400175076937 0.28013418423859354
0.42142215422701329 0.35317186772964443
0.40106896634011002 0.49073946649204248
0.60918904695101794 0.64588781383907101
0.70092987623062419 0.59875065220377011
0.71022929948975122 0.68116107985293195
0.28868658197462460 0.92581375748351757
0.57463405206179530 0.32330947527446130
0.09388923629609208 0.50149923313066280
0.27709311847939183 0.62333747239971404
0.27923102803323840 0.72798391837668319
0.08560714666167467 0.49531978202050003
0.12709106858838903 0.54680863540182612
0.36204338237452993 0.12747790496724951
0.70403054563724188 0.54426554191491849
0.42932044329488334 0.85879199800176320
0.76640345348806149 0.39645328892042897
0.46411502307925084 0.31804804375324897
0.48721939316478319 0.72722780919181951
0.33739828865900789 0.85494821896639039
0.24773509480374012 0.68735566073819898
0.08721582650062755 0.75650989587232176
0.42799859582730077 0.40901041895965456
0.02252730180891237 0.41027940966510057
0.85451971637909951 0.19138356290004296
0.79813284471364332 0.11877709339708056
0.25888242536496281 0.39068505517441715
0.39545590530120467 0.38381456854565910
0.46335577287157825 0.52779941233883909
0.34071447129899990 0.80779131032345741
0.70008054637723849 0.56527596277167214
0.13754166700463324 0.71174608964055397
0.64178079816886380 0.07415417972155591
0.82521220225532244 0.60207272737577056
0.25281368599920750 0.49664222541982694
0.77525434939577309 0.83453145221086344
0.27176096376235459 0.26029290948772177
0.88715012235577850 0.66655737327402442
0.63868575416308659 0.87552277103249221
0.54550495026794943 0.24049258150819175
0.15628976586555013 0.84652210541985040
0.43000267341575771 0.78796636083756888
0.61457375689154869 0.52702472055352478
0.36654162162890813 0.36397128922940397
0.35733987816691792 0.32095562559023549
0.01515256721538570 0.52569443721128928
0.83421105645974991 0.20536797907685339
0.20711097558855429 0.61680105346351854
0.30142326987274720 0.94919441964398232
0.67670376949424582 0.55845725650010802
0.19419611024944025 0.41416357098825679
0.49793993630537942 0.49094027316641980
0.48218390356626023 0.46988672271007309
0.02833882915329028 0.54147482447245976
0.35653604156363189 0.25375150014979070
0.09878713236059256 0.59049376639562245
0.80313836794802240 0.31126640986746901
0.52728701966797875 0.60182322969993762
0.65460377037520290 0.64702587296203173
0.34116725283843524 0.90048874117963162
0.22482098683451096 0.87036027426597151
0.72286313322076423 0.12675511711191209
0.54719511963333911 0.75264126756976346
0.48382328815188946 0.36535229073392178
0.08526261870414659 0.63424322795735599
0.45812215907604098 0.34607066246458695
0.71665621637077925 0.16733285448037427
0.51358648100610793 0.91630977197432284
0.90456086683794801 0.45179490350453105
0.51022111072674559 0.70202773262721330
0.18828023266851623 0.22862139996045347
0.37336245482654895 0.06515405022160378
0.35831156398086489 0.49042449639113028
0.70128319383503690 0.82166303046376565
0.74000464420544154 0.31140125222638604
0.80353737086975374 0.47824353174887563
0.51290433003474467 0.48871239003656153
0.74313579130097629 0.41224443632473895
0.50187216998437223 0.21293307246902352
0.16432871718180664 0.35685443547134238
0.17549899997629323 0.80736752962926772
0.77513534460275457 0.38407737598821434
0.50497570023101157 0.29263597134523200
0.08931499936123545 0.71537600456252570
0.14327750168256709 0.75214240749427397
0.90378258691146096 0.46847493399383183
0.13385330613107924 0.53192530878033784
0.21453730415370931 0.40477105579882788
0.23922385395122106 0.88305084654472821
0.88268961834893578 0.55730890578652281
0.60131420818677728 0.43866627294933147
0.77014705199013989 0.40055871909659529
0.17688049904075240 0.56135163822665202
0.29113122566602556 0.73022304823207684
0.11994351966645825 0.37147450550796002
0.80723476960082907 0.49770295070070308
0.14724213093940317 0.85492920289352436
0.72779724412367086 0.43600314202159146
0.65694820038228541 0.71435072388743648
0.09365246918666506 0.63493459191740054
0.50733089297033163 0.64889361963710324
0.48914428214979661 0.31586539387622431
0.33364247894542720 0.20118368114131407
0.39962433730113162 0.87859480893750208
0.89566406695226675 0.66260241670438880
0.35296316860198279 0.44800101210092663
0.81774305591316720 0.68530364400353083
0.41645813686183708 0.84053527027907515
0.81479954313799829 0.68929005801033627
0.28928183044675149 0.49315812042300478
0.54003488733587668 0.64113919566226951
0.59755925147456945 0.66912290831075860
0.35865751430332699 0.78007764471099328
0.75197375954429935 0.71869260401927182
0.01068574129569048 0.51705994572465930
0.30290564675828996 0.92530944098929868
0.35199377206072807 0.40139276332050577
0.61970965630967778 0.06152045207234882
0.17551411936153236 0.40519133961000320
0.65652712027606819 0.71008442426050011
0.34326547409269764 0.49353048955340156
0.60295937860550941 0.72885306554119955
0.61817076792172498 0.13528544985032095
0.60679587476522778 0.24102552355294149
0.35719967370658845 0.68807699537229339
0.68160562480139386 0.31267149073446832
0.35843589529230147 0.31085191937139772
0.91300918465454595 0.54500752916308048
0.27671578239338979 0.47204415927376558
0.92758614800385131 0.36036662646993134
0.38689647331923110 0.39465408562399679
0.40118667531382779 0.17360221452585778
0.51059026887192871 0.62907289602702554
0.35347253975087239 0.69691431205392163
0.54877993458698926 0.55154756310811881
0.25862490809860533 0.21846478815694476
0.31114442833763961 0.83830040785320392
0.22020910000491078 0.45418151261806872
0.68027226664579910 0.31794640784016986
0.63489535157994736 0.04325448462156004
0.92629143273252723 0.36794787468058915
0.28517869951555974 0.53106936382629022
0.91554194257108801 0.45167323000359511
0.25309225934165952 0.82770375655503658
0.08886328668272328 0.49013758069812136
0.39303304640739617 0.50790383629692148
0.34361386898859664 0.11911715273850274
0.35184326390816967 0.13631486443793531
0.80349222385703467 0.76786279224795906
0.33209745564871707 0.27945631857679654
0.55193506879278076 0.93868259828045530
0.20094442939133261 0.86938963269326242
0.75676499905110994 0.70761650411663413
0.54548089078940298 0.68435986976773200
0.69900699162810953 0.62419038332225973
0.71577030380869988 0.46108732549289055
0.17871179752351865 0.80350737517741444
0.20043693808698071 0.64121941326673204
0.35601622662744359 0.60590605180133539
0.56619751455370848 0.74356809736769536
0.42887112590002036 0.52368707753775046
0.58064034691777644 0.75890282399396103
0.65775182509889663 0.42542345856521557
0.21148879196729917 0.34818034803281461
0.10656078782970428 0.67372380331184500
0.39568259023830560 0.03324745856436454
0.67097429845999712 0.43146750656499966
0.69784708936436979 0.77188812111800909
0.54016375074198064 0.54214884872770719
0.85038436501438464 0.67217191174755353
0.70529290572312331 0.56694636750542116
0.82746150354164394 0.21594116918752926
0.33940960729071634 0.22724737489332994
0.27905024142504387 0.83266725236778338
0.81539502607671488 0.36901084133759676
0.66446544382677708 0.65458297269977084
0.43181151900354842 0.66057815798421970
0.49940096842734194 0.00000308572406577
0.61790714903710064 0.71885499090373217
0.78906488656706486 0.54157592865265025
0.63003023422759208 0.35235348229509494
0.52581073920519072 0.58686112818609204
0.20467369271535171 0.19426360712808127
0.35206865706619639 0.87369729071649149
0.68943162215296305 0.08269045039933355
0.66063416569785738 0.41835082734128359
0.13463968816634508 0.32589665072886942
0.47291864510739140 0.79947024877881323
0.34578404328693801 0.28390672401398837
0.35374077834870377 0.71231649171205957
0.60625486865045886 0.38477077007560156
0.68447800219730437 0.51727002146332568
0.68298667684584669 0.70469286163329847
0.33431917734603450 0.56246122970611379
0.41503171526133409 0.84792293747644476
0.58422678200076139 0.85846979841846793
0.20063540551039372 0.74263272914448164
0.12878340126276247 0.37297304488413041
0.41591338353169449 0.41697485282697611
0.04163076084495639 0.40619027856188339
0.31459195590221317 0.82144089545995147
0.28878428242554577 0.54475938404876489
0.07788769320363666 0.38995403557584851
0.15081146533867273 0.25914696680204241
0.30061668210943093 0.53105952361574271
0.30456625413513605 0.61604801421263966
0.41290269977268507 0.47381091215562993
0.53600348657079999 0.67242252676232539
0.68558529160016368 0.58420693964267512
0.19669295210803950 0.85531696068322960
0.62679702037990837 0.29034911795511875
0.67316945998287103 0.23114676246940377
0.67165471057631232 0.55395035719929608
0.38986304499337160 0.91389054318318896
0.27137439985560974 0.14340862731760423
0.28958194268007703 0.25175851542902489
0.84003594090465650 0.56436731546602226
0.64961087378966498 0.85533076852906276
0.71439978400050475 0.75480680306360182
0.44107540525786626 0.71342853641642334
0.70004955330820062 0.62971579273874911
0.36364444145531893 0.15342354221174070
0.50065869685866160 0.53083983734934714
0.03565604345508520 0.43306973929197462
0.48129781079688061 0.40217925385193320
0.38621030052230210 0.21060567643487790
0.48948725227676049 0.63687236901025168
0.58132355565444693 0.62951591610933588
0.72333066481119679 0.55866917385530801
0.74000506372207220 0.31748719784564067
0.37553838861237210 0.91855041811663662
0.33190499247144173 0.24088752941152106
0.47944380611265652 0.63086917105737705
0.11995257629796019 0.68018561087728857
0.36883250312162613 0.09096886465500083
0.71636721552811677 0.53754756373888235
0.75903310650161460 0.84177771963043491
0.66074394145052384 0.86560935571762299
0.31486155446645042 0.48334021389239068
0.76080840317594522 0.79262132160332321
0.30053405126489585 0.78784596647966953
0.41546625211752214 0.39235829257794352
0.79140180876622646 0.46594077614713086
0.31577538095356228 0.54920716717179308
0.71023657308329846 0.45511595927337745
0.17183929976829981 0.52872483443216178
0.61123911249080531 0.63729705548023863
0.06619513214145528 0.53446786504968602
0.65671029251991941 0.86335120088978501
0.05187636441280304 0.70439836994355221
0.10377736368839309 0.34355168412568166
0.58169925369581699 0.32354425254260122
0.58029217853063242 0.86564741542613832
0.80768434929147914 0.74350592364779422
0.17885170565202815 0.73051797365034810
0.54275234555838614 0.74737494082135270
0.12665115793844786 0.57639708680078727
0.37802586339524086 0.13716335917667774
0.23342305941162383 0.81603378069873223
0.41069403407988236 0.47858952792953829
0.56066668881171322 0.03289687381990030
0.50475314640285274 0.51369713849361276
0.35376234711257953 0.81447190149299997
0.55509981747839621 0.50370030467367022
0.31775098412422065 0.50842421479510547
0.38411795944766047 0.46167112799190174
0.40691201550510769 0.10374881459580336
0.24816844026605839 0.88172564447750945
0.24778502129716212 0.25692966550343355
0.39455117252747907 0.75962774369058683
0.35119482607413272 0.20350377822796151
0.22708103552072112 0.17899927076666952
0.43482099510949285 0.78928636012806785
0.34731869181262592 0.54571152496561182
0.60417491970258497 0.47974807093758792
0.48134038373620297 0.91884935594738182
0.68450467787003499 0.76289407749741489
0.17569760831445735 0.75847585440266796
0.27062858359517850 0.81348256305324862
0.51431299382610463 0.18606327914444934
0.36026929174587718 0.54010567582571500
0.37121049170575177 0.05931173384946723
0.59198177290277632 0.64955279604814553
0.78468991691973744 0.32633810726341395
0.69576172013513449 0.22510692857766967
0.28740417238663191 0.71526863630657844
0.47030004359459332 0.91473575140882113
0.61188438563506875 0.07574470887976466
0.44397166751601508 0.34199824105860360
0.19707288095844633 0.22231312467917116
0.36937913006286677 0.16889997301524812
0.78232444405732848 0.31505040434727755
0.21005300357640871 0.30814879371397064
0.74168142659645331 0.76178710590696030
0.77400939039210570 0.84967200842120072
0.78662967413397278 0.43495120190550141
0.38426972762992301 0.10901243458160699
0.09882980230606148 0.36916062883202033
0.91482880305519099 0.38276100200253188
0.12126957279208539 0.56636988366380336
0.05760602545398492 0.54052189629070957
0.22185032740468338 0.68812208409733211
0.64728717645865019 0.57098351920278467
0.45826074048112386 0.64814768380772503
0.59681491589389202 0.35062606232687948
0.66678829863625722 0.79102401554229784
0.77697872857033645 0.41929801008910234
0.41921241139440846 0.80530711652327081
0.20257895924250580 0.63755453412934360
0.43463603874093693 0.64793106802333922
0.18128031151565752 0.52660874446991224
0.91253810520344081 0.45575969412133710
0.24477475799660467 0.72134408546721063
0.70155980774268689 0.07868448431629366
0.10362780295403302 0.60367217366135406
0.75797188061165643 0.70310344857818186
0.75905756238900646 0.71144503938494930
0.57879810984626667 0.62108507287343673
0.50316610529934624 0.64557440367906349
0.54283930761952315 0.08512337718032946
0.22023268886573608 0.76669161273055464
0.57543850104598293 0.84517816060914397
0.80299244212717069 0.12341032234652634
0.77925667289643030 0.15714908355632520
0.64526024663393566 0.13515265849176450
0.56496139695678504 0.59694339678113817
0.36858551609715579 0.31417720623305295
0.88071722022821575 0.65806166273535194
0.83771549381809074 0.24668081084994850
0.71081727291710117 0.22241774407854534
0.82642254101472956 0.56619654399052310
0.61317764864193436 0.43250990242645260
0.74146569510839289 0.44339541230986029
0.77547013464695425 0.25039746756565628
0.16415601782774503 0.22798003530047459
0.62022105065382871 0.68425757612147986
0.19562060336471682 0.17121474234345668
0.30159464645635353 0.61011377579196857
0.47856985190793921 0.52943044722981825
0.86611926511070181 0.30870989994253278
0.59401922609914048 0.90542247909521756
0.13572965969449841 0.28515571478701762
0.46585056137072312 0.34842231780002486
0.39856508175213273 0.78844694779730295
0.49972085619140288 0.64331273470095263
0.44896366893108297 0.54825947972273759
0.34467016258926908 0.46896849469351276
0.31852043045053513 0.49043417583893467
0.22305512511562969 0.73475781774952253
0.45957820849790593 0.42356948023466384
0.59150662178689395 0.91406473431354951
0.03770294512914371 0.40789640992831860
0.46329688050858775 0.28464270636370237
0.49291464539031238 0.70131556721364097
0.13528022327059458 0.67219411259282569
0.86235781606970419 0.19961482054663984
0.51342804611274195 0.74182835862936702
0.76444426465439219 0.83644287075441737
0.26947469106645611 0.21457296718467378
0.57087560426711137 0.43644670941601504
0.84161531850104332 0.18138224018523796
0.13519504900967119 0.30371948171355478
0.28546132746363562 0.26025028367984804
0.80108211077822422 0.22293314800488820
0.23677310173111260 0.53834898179185176
0.36506910146673077 0.83518178437947477
0.03739951696032635 0.54991723712301377
0.09605033266783343 0.77752888165638268
0.48199147583591767 0.09547839249784461
0.03571376589881812 0.54234987086723774
0.21543948946394023 0.13820673482826235
0.90815463981555722 0.53099072930932401
0.15466929290584028 0.78894331620940805
0.00558170116424065 0.56488002262670967
0.37441250121577707 0.10160964529215130
0.75492457888939568 0.19570842425072402
0.54764994291111335 0.24869187182584079
0.40571706760109710 0.47853430976449085
0.34430239223842690 0.08212310593897386
0.73105563650253380 0.32716445891740059
0.90932125890503679 0.51045311084082701
0.59373816513169098 0.76972024635491887
0.44780451509880714 0.45098868599427117
0.58293212691748331 0.93569176809580423
0.04579958311971354 0.64402119032429617
0.25689582054424531 0.66388936227416617
0.14923366724764431 0.57017290677929677
0.19700135860304435 0.53308458935685421
0.21992827518189592 0.77534252281535510
0.11258624200904298 0.36883562734447717
0.82348988927741640 0.22529999465030937
0.60371368201572506 0.46994317496174098
0.12553104151681377 0.54126383943411904
0.75559373502717109 0.78062423306663653
0.14371825877645159 0.23772727653586903
0.40849741688270036 0.19111311541778719
0.55014227080919631 0.51613448862753608
0.06376900599134366 0.38286427190116029
0.45824341696709137 0.47544019294139395
0.60127967077368483 0.14982449882544141
0.43268644190690037 0.84254138241614163
0.63904689614461074 0.91618875943766176
0.38395662778655637 0.02555363995736475
0.07026702545152055 0.49808022156854742
0.88278014879771127 0.29188340154052678
0.43811973484639211 0.60329956685389030
0.24379222255771046 0.44736249140075901
0.32926322830959004 0.23788763535921825
0.36067422211838501 0.33965780293067321
0.49911484106629067 0.08180707688544780
0.77404125491331743 0.46728510431554932
0.24393484907362550 0.16685857717174268
0.34485615903286237 0.89119002127497393
0.01541538172091340 0.52069268634096988
0.40486387079214098 0.35439349810580245
0.34545044258403435 0.16825668952450348
0.78745972560742039 0.73742180730497697
0.58408627612987740 0.44097639779291764
0.12595362116070757 0.26261551481946394
0.53183693866792869 0.58645145818358191
0.11555898981141553 0.41556447115505496
0.63539464613248831 0.71476110096259160
0.21930402806960198 0.28036407465279550
0.85601492741906116 0.36653401861508372
0.83472236273495015 0.27957285672096482
0.72019749904845576 0.60632018855748437
0.44120688122275165 0.13872147142770064
0.79922621698225882 0.25931560605670073
0.87652348766030430 0.40681404240122043
0.07936431945905219 0.59154761465143635
0.12327679612687438 0.23995462604014206
0.20777031596962373 0.43387608543290584
0.64206478502743314 0.13180332818349186
0.06255152122424217 0.68640947257344742
0.30012460822899212 0.73214742605168048
0.75924643180708751 0.67446421011372260
0.52749280964063527 0.88199555177884814
0.27459593153463058 0.85455842623728118
0.47015006361536987 0.17597673763230245
0.17841786521400263 0.74652218902274170
0.87963525549988197 0.61157939857200561
0.42358265483548779 0.12293819835973861
0.44800501339431348 0.42265111427630675
0.04844800684953873 0.69368118032324233
0.61825821726052432 0.67532375259292321
0.20492747848941587 0.64255214492738266
0.21852668876422665 0.36781436083611690
0.84520808077442722 0.56934406565631079
0.92824844930453576 0.47372700319732119
0.19639885781478081 0.16680565974898681
0.19209269339343249 0.21788853190595556
0.85522925939539807 0.79015649709980085
0.32370398207881529 0.50756261142041514
0.46767824236752842 0.97483204127557455
0.29265792695847703 0.18293569375225335
0.59595442635042006 0.58639979006690135
0.60611985928008916 0.15589303368712831
0.36806686884352113 0.18614444183292875
0.42831555474985061 0.33332604062827442
0.89069837927342588 0.60644021199787435
0.82724059350242296 0.22504546887935514
0.71820611254680822 0.15646894159243485
0.12812587570483883 0.40681343709083401
0.33855135166741213 0.19511197047555895
0.22674733212646717 0.19541044982797914
0.58606515638904277 0.37993621086496210
0.71029413370300376 0.37014455179315681
0.31083161052062269 0.68339700932844827
0.84812896769361901 0.18492797406428643
0.69510187339574736 0.14515848725545116
0.67486369810160285 0.35482786814296169
0.86584453935970218 0.72029380456995795
0.25908363043940630 0.25765223176889890
0.25773393779106812 0.10585467077832952
0.87398547495292445 0.42363472769089072
0.72175276438401281 0.63739554923875796
0.26609134625583125 0.41583914660501353
0.18249584624180881 0.86540195238359052
0.54701693427927667 0.81822822812005647
0.07275787366339012 0.66587421932016366
0.76536736784405746 0.49021563485583475
0.35839314354518587 0.86461118834116446
0.58355241909134647 0.32779260353562051
0.73161299910969224 0.75064233458584129
0.42545928526322080 0.40250764294260216
0.41460148640639588 0.75157442305019939
0.83475640256543671 0.50023466710396502
0.75876296769125329 0.63253497247910240
0.35904717419894194 0.47880860170191675
0.44812893731715508 0.24838495634989891
0.78096887842851392 0.17774590137078308
0.58599375426169231 0.11931166275923993
0.08479447588832985 0.71670797758881510
0.60594708601772729 0.44014089973460702
0.16675246245170877 0.68278974773059731
0.32341305087833710 0.90610529801851436
0.41015520746763795 0.91323121722972522
0.43944811393089150 0.64948255948379352
0.87078425934061077 0.61760610326893139
0.50829542001783612 0.57729442153827482
0.16524534522746065 0.50437857468523850
0.70325735657157251 0.90848236988081899
0.88724919838052407 0.67014017151573801
0.75345533209057391 0.36603770766542820
0.83914148946745049 0.18695274555942254
0.90772923351212909 0.62163345696252337
0.10195315209899382 0.71181601474936418
0.44749249026676030 0.68242195327942379
0.87373514290272436 0.41936622305427185
0.47389783028092469 0.09322380967303175
0.64938257826912948 0.27593537574052557
0.62050275947338918 0.17853113322056127
0.32726770431676516 0.22954686715418549
0.69483164183628476 0.12806959144921620
0.28114845155702639 0.69110273215999163
0.72887075528667389 0.52361933351519185
0.44107589379749101 0.29292030029670085
0.27308895375586884 0.15582880783284586
0.50794150730610177 0.79616658030089316
0.22604721340861941 0.57228735756972748
0.03373265313248695 0.61204232311988194
0.61470359289617349 0.83724269257239381
0.43171703779271337 0.65312552682041680
0.54905071821721663 0.71625682101449573
0.04300212540581181 0.56548950983686896
0.65041397106119170 0.56651995913080544
0.84699106578660732 0.35660727133137393
0.39709855942870986 0.93398401758780414
0.15836256093151946 0.78691485359077484
0.41848436575447434 0.76783531222950818
0.89453062022140906 0.34802803351160999
0.48649177204565630 0.43348215011922958
0.18201369983511001 0.30427469307188659
0.17360931083388909 0.28075962955459666
0.62776777498637015 0.90577592641946070
0.14080485992767688 0.62206237198526138
0.39769823622657979 0.32373628668492582
0.79339363836102283 0.76059804684274646
0.58671049567529554 0.14819717081447698
0.63777100775969831 0.85474565372283751
0.54497858569196644 0.40271050551379650
0.47787029143263487 0.41735085675837102
0.83103707016303974 0.75919398393765170
0.22088890454218785 0.63703115442426916
0.43264039499345269 0.33916001789842226
0.37636271978812252 0.43870462724778714
0.86936921045080096 0.67223413059136650
0.56869577638119750 0.21021839229598707
0.10322709760372491 0.51736326382117637
0.37327730391637365 0.69948927850331422
0.37282986091549541 0.13678769665067345
0.64474017418810614 0.70712080459465942
0.18081994675771981 0.66443894198099562
0.49541337043818695 0.56541031504593831
0.06296175360282383 0.43969877359457055
0.12257507821539887 0.77069448457298617
0.18192127241711217 0.20557943355450811
0.50895024649907405 0.06222776724934887
0.07577654081485373 0.70719096815603999
0.08557956306501591 0.78326839481358723
0.16975004704747740 0.34310852374520240
0.26876345957645975 0.42513331604764903
0.62772154417426285 0.82068178194248598
0.57194372026218376 0.78148675411618851
0.82510480975349088 0.48240504284253610
0.17489288690897284 0.63998796923156664
0.82539825515594378 0.77292290192776369
0.14901451126068121 0.65392273152461344
0.06158309045921172 0.32280957707996782
0.33536919301555485 0.16215719791660560
0.17752579932784818 0.67317656531173042
0.49128526048587301 0.71143563417466271
0.60886835321426147 0.31221894730328875
0.81767426957652489 0.38526825437257739
0.72359366318634688 0.58809830191370072
0.27343814330551208 0.13778771348432831
0.61569038441855128 0.19450430316634934
0.81028435665881104 0.76030937789113273
0.72946271742739610 0.67463184292050193
0.50177767812522867 0.80216482158478297
0.62707219654380364 0.48361180229920792
0.30665892730579936 0.57515672513038696
0.06987343399867257 0.68447818488009815
0.22767890400720361 0.83970067789669900
0.19402216776370873 0.64911712981471437
0.06319874770895975 0.70896135137113558
0.38028837555590245 0.47563712343392706
0.86738736634703428 0.22489187700945687
0.89361933521755632 0.45468154732512872
0.33535331602170521 0.83390475817363985
0.49761401506142727 0.11496489218874796
0.61609092524030384 0.19008741008297100
0.92476487889114367 0.50820409627666951
0.90864842895510656 0.54257108588893688
0.87609261095653379 0.69928482448220863
0.43189193328283126 0.79233856761017463
0.45226350562468542 0.02273602197509671
0.10591828605505238 0.67851770168575420
0.30481465900115373 0.74546579202684449
0.34511532152224711 0.97676406199128818
0.89651470805773725 0.60192847481277234
0.52776106391413236 0.35127839767444996
0.73219063533818074 0.09416161996502626
0.23689244829297135 0.15564507240086350
0.49491430352753962 0.29947354357259109
0.62644085263045224 0.27100153119325998
0.69612470783650715 0.17330627318638517
0.48945734263556745 0.03369835286900126
0.31197632454082203 0.61223338553802964
0.89162325801254416 0.30079200498536734
0.17750611528905605 0.59636364752072801
0.16701564180589043 0.52812053662978231
0.80766447016067222 0.66564159497529718
0.39824141088214376 0.35595828841578642
0.73003286291035152 0.41853828296263423
0.30482523759299529 0.53311847287217407
0.15382885328588711 0.56894431433294090
0.57770425969851380 0.69064038332992961
0.36433915187652999 0.53736959699527120
0.73845805562229938 0.62316916159954561
0.22229321385802320 0.17943318377112186
0.57109321620405107 0.32699464497490321
0.47668272926109273 0.44718589242757456
0.43227311908186888 0.06404935131751285
0.90661225012046753 0.61817975815199644
0.67855987709629928 0.16279702707537658
0.03055460737503662 0.65575441576426563
0.26001196875075661 0.13106820645402140
0.10072946704261794 0.27875184738955122
0.38800420059120472 0.42545460853258271
0.25158020367179268 0.86008254441168164
0.18203853791543440 0.40788754402175093
0.15454793452821869 0.46438357783625533
0.28547881559882232 0.38846368205966025
0.23602895891489453 0.62330919165841048
0.91355987685640483 0.60065952363936204
0.36731050594491327 0.35436040290180748
0.72248007749946985 0.38213195183370030
0.45379573156446495 0.65552815522845742
0.23087094977354888 0.24999125958188184
0.17256183708313277 0.18965575810435278
0.25602550417156278 0.23832222768532157
0.38294174534256703 0.73678557061412209
0.60727815919702932 0.10192515060982647
0.67994048187601819 0.71768105817424011
0.39140076055713130 0.81601317983353805
0.30852004955441148 0.61465818900742986
0.50530660164248153 0.83712010126162373
0.61673150355171868 0.74237015934343620
0.33396690259537065 0.30559024113900241
0.37465354299259651 0.19389551998874097
0.07977760864440547 0.66597091036389355
0.39756757989731412 0.77793259283573635
0.01605828486790518 0.64722607952508904
0.37156431763251807 0.93002069731694859
0.45275046501400967 0.36337139640821636
0.55033435951260334 0.20122129822532800
0.38724457967126386 0.58512370829996641
0.34880839449225787 0.53579181790206698
0.31547573458422545 0.16946174193781630
0.92401080581226380 0.34164524757626408
0.52089342887538836 0.34853835783277759
0.18566728755623887 0.22644345933553370
0.47533178523365349 0.31497218531060833
0.23882469216961638 0.58998992010741058
0.87882459786279954 0.41730301636456696
0.38462086469319584 0.29589981061099779
0.73737070379096792 0.39458153806282859
0.29743190909507911 0.17234548125407903
0.09618105498766349 0.38240920199027323
0.64228756525976050 0.74822499506883855
0.22386984201548790 0.53952305137569001
0.85096042357444601 0.32014100541445140
0.14378231519324461 0.20118857817759320
0.45254957509548072 0.24722803520677886
0.33564909348493960 0.09250908407596359
0.56498469138819407 0.15238292525489580
0.38087778783690229 0.07810025976556251
0.24973537794863199 0.66320449822322647
0.70871682662695090 0.78219238529532920
0.35951159866823351 0.33029906087394068
0.59393178560831561 0.58070150663843656
0.39988023275244228 0.58928587781696440
0.73019323132633274 0.38519812738092551
0.67424095464806233 0.22598927089120102
0.47171498786684884 0.03374757700655694
0.30235124575574890 0.35624799446931832
0.37111163347830972 0.72037819979225248
0.45032777520853512 0.31326599466967325
0.26053056192855428 0.87609543631596176
0.16019376540534488 0.77025644091109235
0.22309513014288571 0.46407822375433033
0.88506541001825578 0.41021821590859592
0.47547677510657033 0.50458231401168518
0.26146749343876474 0.23729405370149759
0.15804674321546769 0.58168429581089109
0.58916371233569009 0.61338279707500476
0.84261115000379283 0.53713678540918175
0.47251491679967156 0.23911924882794069
0.39712979144102467 0.76608325605241523
0.51595591080480441 0.14170713951143415
0.12228372235271234 0.70519783242737766
0.80264835371151411 0.57911635890540869
0.10991781487528224 0.78007099100582544
0.61273548367829844 0.68211141879766757
0.36660577749186435 0.45065575891101251
0.82435554758426433 0.33409739649384690
0.83878769473949710 0.48683099360843834
0.52973790511229490 0.13432941065614526
0.65302207579213478 0.82943447574441298
0.31637058395642370 0.66580483008055868
0.52091239555637137 0.36390842002499291
0.42168833078698081 0.81133867531227655
0.12207530717613875 0.45647916622827267
0.90258664649774190 0.37753067579903110
0.06139630989297159 0.55177090695263487
0.63347602006417125 0.37936440071702970
0.77096902903281461 0.32816928217349706
0.22831868841378625 0.59130368905822683
0.06631402160646672 0.42487872286609069
0.59689267705413862 0.19991839263579611
0.57273817384421477 0.38803965778150551
0.44825358647902336 0.70553047554294068
0.16568332128068330 0.47723472446307608
0.91089215211512098 0.47089269706106301
0.68006781202092725 0.87464948343250859
0.78985328404177624 0.16150914820412332
0.13651604371165699 0.61445133068226965
0.53076618771569706 0.39286732573669353
0.55543545351542678 0.05429717596818748
0.40593619169473011 0.12470064968254743
0.89601937935338138 0.59336543404642728
0.20582999499080690 0.58230492825231595
0.81126733805800055 0.12813286350587927
0.29026440296453054 0.94398078678422070
0.27454415672908422 0.27348397932669671
0.22300724508685960 0.53053442251764127
0.19775692744261067 0.36628896612949491
0.80645706505643588 0.80595046309428131
0.30724798712954554 0.28464590823786085
0.23745643067305167 0.83292986966065807
0.08560637704445957 0.64515243263520305
0.38037694176318937 0.08859064729203550
0.14523152337386924 0.62691075800042972
0.44882112214950826 0.71594713996025861
0.08224324422080301 0.31899945730698204
0.86438303462983679 0.52098148598339178
0.72878215374534039 0.59522573018082925
0.32733831124111196 0.23384255762463543
0.05685702113527755 0.45005524471603320
0.23766343680818702 0.72799249795497989
0.63262803246954968 0.85016412260449903
0.72657873115795013 0.63339658337274096
0.58387318216187167 0.48152745052879314
0.56329994102508618 0.12582951916836518
0.21589658442272783 0.34712117623048244
0.26465071133186435 0.24896648419547798
0.50860291414969794 0.04065383403101756
0.32887161341197968 0.35698319956795638
0.07560321089935583 0.49595427021459820
0.72142646186669535 0.12071053276345209
0.26582815827793116 0.92937654507311751
0.21476193843636271 0.15943531009233619
0.41782391924838441 0.71022445198458883
0.56902289405189710 0.92054504490605205
0.55840198795053164 0.63641670640103620
0.34322795890798857 0.81335025196157129
0.83141934502313652 0.22137735054550953
0.62440610844424249 0.37216571606331394
0.72931174287959699 0.13995112101853749
0.91685136878531537 0.60834489718991780
0.59041851505794352 0.10900052460872041
0.27023577606028371 0.89803924373571919
0.77428808791538983 0.24224889258236229
0.08449747208303432 0.70621587450698919
0.54976964311252141 0.43541795328553351
0.21618928275978611 0.25281651675613420
0.54942310843425735 0.23980879174424979
0.32953542148548853 0.24447882724158301
0.87671138151348138 0.54094230957062339
0.16933515795828452 0.32336302647981363
0.62457003251357091 0.86048918711354916
0.83781851422947018 0.63512768275549869
0.64168043332379843 0.81740814381241045
0.18217364230057004 0.22839619400197428
0.51723424890505521 0.76044510959617528
0.68372623473549188 0.87772245023436901
0.90803597604769026 0.51965742260472059
0.68073360666245719 0.88093096152834416
0.10051201670546443 0.67857938940453089
0.28650904646994807 0.09484977377422477
0.63934005879780764 0.40596189987274761
0.44843345657510653 0.90638816957477342
0.59738317565065835 0.68055419534466866
0.56297607765264912 0.26360457934670783
0.14333195158805959 0.78321450526345704
0.24766544462601625 0.76113054470412378
0.27329263769096546 0.58148069383875234
0.10624117809495816 0.45689204001968087
0.65810926342309517 0.08854115590084490
0.12267770830326774 0.68435476358380165
0.36490189287244040 0.71572267361425812
0.65475447063959136 0.28104872744003373
0.39907510319931266 0.73293286184685369
0.32167307750609830 0.48668219803696328
0.55328755280625963 0.12841879835417205
0.26293302163300836 0.49379042457912442
0.84307078748302644 0.54543539413456754
0.30241802328560530 0.24874731143844425
0.68610652879715295 0.87373884700858451
0.13399227048504486 0.81280921198286660
0.50687538965956558 0.19405214985294203
0.17947494090846769 0.40415220478680636
0.46398126074344576 0.93368182421565971
0.75240987670828752 0.60001425426222321
0.58275277879148901 0.53037508589172244
0.45528626694176499 0.78526848566191698
0.78424132328378215 0.75329215485379919
0.58538673686821097 0.48646919648595888
0.33185406434747500 0.12327355922943257
0.80518821660837980 0.59098596810430060
0.59839884146552391 0.23565166728434594
0.33298850520708195 0.92450892535374996
0.45217042530734264 0.73612400505225350
0.31280609852710828 0.89892475250791948
0.12696525509826215 0.21235372207847461
0.36162289678423570 0.81277177031750236
0.14049522399417924 0.57162177475737552
0.70312957031886281 0.57640634179491113
0.11886254704508396 0.30838210230920005
0.51282976513213652 0.75613394870960127
0.40729193852516371 0.27899139514367638
0.33639320620150914 0.15412236018176478
0.28445761827620875 0.86643395772617193
0.06669478287434184 0.55276954332630712
0.53952400813063517 0.01839774889166582
0.81424377944826376 0.51450230559612331
0.54622417963613357 0.38890135997541098
0.33442693125266648 0.79945830247703775
0.87602340336872597 0.51630009888205630
0.44918706456486596 0.65761962292809872
0.42010436221032332 0.85870831669940439
0.64633948271710762 0.12955112966291582
0.45301073692954286 0.98202423242191750
0.31411163449564161 0.92626862263484933
0.91396891109715550 0.29361583022219767
0.26653834689796663 0.11687717326931622
0.12866017804645094 0.77259519499181928
0.78243143436852758 0.16049845264272949
0.73106289159496329 0.31108026383588044
0.52721436956042178 0.79960465418471216
0.87336749519771084 0.21962243784001775
0.77100202426913356 0.16885279577365594
0.52979114033746733 0.90390983450255302
0.61854978370277169 0.07319541907139340
0.16532494908368942 0.57220819158367575
0.17694830298784608 0.36141643730219941
0.15440686076693197 0.65028127031035043
0.50429602502700799 0.06336225266458824
0.09622363648766957 0.62728948689170994
0.14096968737277610 0.70653349056378423
0.90923818509404286 0.31746916393041885
0.24238767961048782 0.68900942959670219
0.75444005629329214 0.25700807823890831
0.64881370422413087 0.88717445014229979
0.40685192671155385 0.77513448038274757
0.78605381359308479 0.70561759219979436
0.86850258051643248 0.54840052320882937
0.06687069314556413 0.70453743869080465
0.84658806133491737 0.28742443514421334
0.77451636774050536 0.51262525250101187
0.84722795398237238 0.40963435759570754
0.38424294859086910 0.86130060136640185
0.43134794900156309 0.52856740447843331
0.44280565797887605 0.38882504498070836
0.50167329322729448 0.04134276741770281
0.73216639647476689 0.15070694819946961
0.13379816381254614 0.81886593513105110
0.22676978864686465 0.63878452902305616
0.76948935749043101 0.35093688030720843
0.65547308472514954 0.19419713713547429
0.05847407581298765 0.40876629037584172
0.31262252286293341 0.23748142603534922
0.62160845885657590 0.18336093533412631
0.30910185398995405 0.62175839837373936
0.52416491798411569 0.48435227993530505
0.85191208953054132 0.23973879449347374
0.86669919883287827 0.23973159939284550
0.81837705125537297 0.45734641524316122
0.06175570496512990 0.73153464801957724
0.34292064565236513 0.22930240666110147
0.55710703259365735 0.97031280733018888
0.05785214757380688 0.35246097474099775
0.58539176383158209 0.18461315902993827
0.81194419342662216 0.62086045795423983
0.79003737151512887 0.33108089086402115
0.83173894356747824 0.36624728482208274
0.49883079413812526 0.92020096732851364
0.84404633585639133 0.44090003565624269
0.57918716799423886 0.73630192726791255
0.73039614506476924 0.06668207279649077
0.61940268342496330 0.68035585917920927
0.66970938706989935 0.54834970780357983
0.72735745893396331 0.67123950883502059
0.72391398302217069 0.65233934238756286
0.62055217825314501 0.05204129880569865
0.57673434439298610 0.74063970463836959
0.16552571783682687 0.30113438569169182
0.05170497395409502 0.54691714896392651
0.62481156462997767 0.68460770664810766
0.56161883283802461 0.07583721002631624
0.30592233424411069 0.08589079366210572
0.43936920255838030 0.75391277754693975
0.07118776280525403 0.70583026794185388
0.57626832168213249 0.15804831449473039
0.25641149954476156 0.90713441091446800
0.31002896422702403 0.75118184858155812
0.75876136322916021 0.80105260185923655
0.36332953262497381 0.50008204816911972
0.87910006550941655 0.66878243245253799
0.77680249803954438 0.15278540782279759
0.20255927126967296 0.87643611622184758
0.33893085558960973 0.30703404267954520
0.08920469824940500 0.40439591621150439
0.28877743819487822 0.64693684643343008
0.42320036796038946 0.30793909893473698
0.54091177372113886 0.70339687037927823
0.66814412800246059 0.13246978514571445
0.66616057625254710 0.58651800721229042
0.14981947210464247 0.46896640118745864
0.76039890541300226 0.27594786092264362
0.26616205204944293 0.14695900270704604
0.46271611248711708 0.19709399030177413
0.82883925759561661 0.47350447767510728
0.32959617913625849 0.16184925733632288
0.61204581961665561 0.83354872128577318
0.16740301995467466 0.36590642573423904
0.26763089021511283 0.46800177818108862
0.20512708000622548 0.33900380273393688
0.84749748842180017 0.27919036325383928
0.83439395600406641 0.25191231324789320
0.45019388279631894 0.85253978204631564
0.77429998283792811 0.15940995976700545
0.86619969777518091 0.26580575984728882
0.52587213764404783 0.50076261040328951
0.07911610638853479 0.52921526349095038
0.72269564696375377 0.20104372826711284
0.74948215453460398 0.63454621151596668
0.76526285863947952 0.43240586036564427
0.87747161126585194 0.42126880778139825
0.21567132937111147 0.46343857974496844
0.06326545100262175 0.62110222624492994
0.92888935854007182 0.52364286907234248
0.40847501131202024 0.44044742850648738
0.66918318126632892 0.86543490839622683
0.38257939450118139 0.25137898061053909
0.68045713804560082 0.18785155114093854
0.51272571002906342 0.46186933875816200
0.12739520291590140 0.21831912231403927
0.44426308022226130 0.71760397345072691
0.38248410546601908 0.06958165006236777
0.26517486477639157 0.73045655876351157
0.79423323285789738 0.65751269362542353
0.54179517932306087 0.58581709652286484
0.46560888704406561 0.45827883124592894
0.47102164226463089 0.87625814186764850
0.28800830842360148 0.42531840081845379
0.10036862183110533 0.24790352662561366
0.40409917537473850 0.90702835009961436
0.46524006760686482 0.24002881003559659
0.67698816999759726 0.23815431336999204
0.37884943563501289 0.42701244708928904
0.06891964955624584 0.55608324945290621
0.35385183506759438 0.84172888237308319
0.44926971356779011 0.39128265922816824
0.51199334144924402 0.35103626655651449
0.10580471059102950 0.71099681910013668
0.51010332189561425 0.76750692627822459
0.73344951950536663 0.29172469219954650
0.54604061579003138 0.43925213409576952
0.81528987123258445 0.38957385470128481
0.68966735186154504 0.29333330295550769
0.32414234816568438 0.24342618104596239
0.33502799483153306 0.09891184490537573
0.91305391476694575 0.52208091789102673
0.47722330307633687 0.14070331286833343
0.73217772780759449 0.63253413974641048
0.33360504507301625 0.36971759948377919
0.14371852991429679 0.42516422249954533
0.06998495629365133 0.40703131515647401
0.81347534347675521 0.52174264138878790
0.60862484515060311 0.39202265609035919
0.61764504516741892 0.07944739491318759
0.70902171566520311 0.17350427140288480
0.87770174644359822 0.32633685753860397
0.21566814705974119 0.72647584548582300
0.94736050447883158 0.52597154159836945
0.27126453532951750 0.69214404127491269
0.45551638210253331 0.43153133757150963
0.30913455354384201 0.42790430927701784
0.91025980193299671 0.44487957251969890
0.28242203676654287 0.10445795837563238
0.05153734268715168 0.40832308696971442
0.31219822457620855 0.16429659130736640
0.48491946864138696 0.55525793751487929
0.32189759046788613 0.71876620351084064
0.27085585923794070 0.53178933508872883
0.45810291150279581 0.36242069513529718
0.75688925046464373 0.27293211043648691
0.00545261980371736 0.51633947731441077
0.51051119826012648 0.09948955064053756
0.29106801506388141 0.59136759027806807
0.27497879730254998 0.53508688272846061
0.28814240341618974 0.29952365175894002
0.51936888959395122 0.53207252944165129
0.66336612393777927 0.87676749891669925
0.00912971782795211 0.49023043364983915
0.33522121474360123 0.68872290529934677
0.02863813058435958 0.60199258372012721
0.48135141012623167 0.77294740512911009
0.08051894824893667 0.66221920264592637
0.39706251987646685 0.25104082798006339
0.53910644649289097 0.24398897793112351
0.07562375842026597 0.35983685041605340
0.42967884278842766 0.85260545242756947
0.15587967874314568 0.60293360397125662
0.74991824115877803 0.83532614827485552
0.54465890831104358 0.67407659413153831
0.19367589079509373 0.55364971397050322
0.55638858792726487 0.82859595874098579
0.74423441347626751 0.67464640207936000
0.14152907097045886 0.85438961405929359
0.57235727503052791 0.09757629049799521
0.39697050048672378 0.20419247784829198
0.74514361948093633 0.63414447856607070
0.68752877095748111 0.36227706922903347
0.13629438782710612 0.57325852520621667
0.63392214521657864 0.72032189060230012
0.80236968877946646 0.29186556297229926
0.53440387786907206 0.49846635083537061
0.12394796833556268 0.26940096293721022
0.78306837592855771 0.75756813961661695
0.49923990363252829 0.52698846231261520
0.26945589271486808 0.83880553591918494
0.89752841148039308 0.27155762396803806
0.13456343864084472 0.58896463452617864
0.22961213669680167 0.73430439594743202
0.37557838064786586 0.10636870930933540
0.70438294596788653 0.68340128957049784
0.71515703176217482 0.67922257695939836
0.29597754159491951 0.72898557440037270
0.53146142073235503 0.60731156022001331
0.31758944114375481 0.26904730781794439
0.03453073272235094 0.60707576727390455
0.58401562107196503 0.47730699349735967
0.90666416753015600 0.36681106469295460
0.08389588960260679 0.52653217875672353
0.95434584134840694 0.54928652564857694
0.49606700750426247 0.03132492271938722
0.91794129626041365 0.25816949629144187
0.35355879621754466 0.90465905492013332
0.49980337206569847 0.22922991213544175
0.02515980796722216 0.53939857749683384
0.69083523094909838 0.82948191904943436
0.71308840866602474 0.78518091148729230
0.55303192302964677 0.18182402133708378
0.14902648154382964 0.74436444677547464
0.09877097635269394 0.66899317174824313
0.31522403005539934 0.37974561813339730
0.33831544695891019 0.76194187095335242
0.65575731818862815 0.28601129869538139
0.45644941227575730 0.73410901178012111
0.65126450116716994 0.61836078499083702
0.55665293540502025 0.71614298853516534
0.34972148345357312 0.17388213967516258
0.64923629260553739 0.61278333210319180
0.59363172162507183 0.33929808462358241
0.22126852884164944 0.76231148919940850
0.04433709684207036 0.62425735056779219
0.26533207056288721 0.90017196584445602
0.33627911511682085 0.49536401009843756
0.39154200959706964 0.35673540186183506
0.24796838906273111 0.17442294032228650
0.51081371261423414 0.02182407720090520
0.13306166211421863 0.24992251173614755
0.19054623470588972 0.29104460855062131
0.16662572142325177 0.57566149268709477
0.28595596399169504 0.40847837087341232
0.42069815768679752 0.60520886699588161
0.68903258823837177 0.69687883060772449
0.36334427621853432 0.67316670234728737
0.71991875743793043 0.71723040094067925
0.71260744705373813 0.16578540482856038
0.78954912036901637 0.76031831035290198
0.36873510198857384 0.70035348763529925
0.09667822926532423 0.32360953250689978
0.18327640556372429 0.37078525789805727
0.58038563117160646 0.24823936219727494
0.52363507182264757 0.79052400693503688
0.87927083789839611 0.68592919960278886
0.45477748569645016 0.79293868071184270
0.69081628989975996 0.15054998404934286
0.86524517754910257 0.67516978905863556
0.14979728352750371 0.34714359168910935
0.69371093286313212 0.11209177894214357
0.86050440026107833 0.46677825558801889
0.48197232316004412 0.17673547607624318
0.43861084422511676 0.25193928544707517
0.71523638555290237 0.77539104826306193
0.43343744808804524 0.72006474204707172
0.89255526826286302 0.38570928078141137
0.61962916007949598 0.06816404726077621
0.38051984294688296 0.80808895674434034
0.72609984773356984 0.15993134422686378
0.44181204470496693 0.49220491322355620
0.45118810748386073 0.58776986117625729
0.53843478828150948 0.43695477999158711
0.65799282827961725 0.56082345050179316
0.72940138034554935 0.66302238904199307
0.16839026133583027 0.35957797638814087
0.87352708432599591 0.46997053911965192
0.42774389645043925 0.94708913904672432
0.81596089072912226 0.55150893327217509
0.38949796338087284 0.39885651821032680
0.41016264726613522 0.85370124210182030
0.54154622949460707 0.48376700267655898
0.22180597923053655 0.58922745196244553
0.38426613063323994 0.74382609739879624
0.26319290256451905 0.80811932962595989
0.27939224231558896 0.49072676670883170
0.43661661130641466 0.85167545862387162
0.47216433419187470 0.54758037987053632
0.72169841057519779 0.60165323630608125
0.13772143508710524 0.65948024796390647
0.64432046181378344 0.36819218989539815
0.29138359754559301 0.73920684869577735
0.70772785187917087 0.38186099218670616
0.60788079581372700 0.01181662901128705
0.68326572233862992 0.79541097384745796
0.12902875320288068 0.27537952196988696
0.23366127912766305 0.44105636278707772
0.21247313341896532 0.17136565653246061
0.61457770818770063 0.18624763646150377
0.27725658806951364 0.33424706651522573
0.22165116873191529 0.57454521163092820
0.31357021964411280 0.51095399977387967
0.46739673227574841 0.92891337790836237
0.58487331984642699 0.92267114729990918
0.17398373589715829 0.68379951126732041
0.08657986130191973 0.34223782371331785
0.56155540556547656 0.25669747306206969
0.54875869335778626 0.31919556838180374
0.69656357491954224 0.72395407077611884
0.06386264955174387 0.37852292873285814
0.34598002729831218 0.55373695393958311
0.65546479973715299 0.65901485019140171
0.12878041795371409 0.28554761248729083
0.58923337436532919 0.76778960554270570
0.12607528652373479 0.29224774644231022
0.36684198972951021 0.81507445982274918
0.10459155792591665 0.36256399958162533
0.22005255325875953 0.46742663187976202
0.81810643662156768 0.78195760950051851
0.80708338586631001 0.83858119765354278
0.24957972945042026 0.72792950228647502
0.72721080376283642 0.18210084132772442
0.50170811915362556 0.52067983607252344
0.33931621837402987 0.77124294588484266
0.82433906980889482 0.42995412312893005
0.58445099860277572 0.76612020628875765
0.60003578234003896 0.74634572850946479
0.74051267254214637 0.72616112684036804
0.37898792534240178 0.35702973225358026
0.80669954355844165 0.33014849157917942
0.40790842398964267 0.81337717909308271
0.81365986922754774 0.49742908033735289
0.35567795972165567 0.46418477138303743
0.06584959481503476 0.57717688938379552
0.33366801106844318 0.81052533825249573
0.37945333046119817 0.10811619847780667
0.62021276326809260 0.04060166824039242
0.82253804483230075 0.20397055041462453
0.76156621043151951 0.74242997703165514
0.69418431456476914 0.13338218085706227
0.83824679926235501 0.80272950823217093
0.47940855786569486 0.69202772586562011
0.49250387700795817 0.08410894606416322
0.53504628399276177 0.24241620216093573
0.53331400412579177 0.41922370732310671
0.56964239635469238 0.82456646861060046
0.31823786652678770 0.09670327269718619
0.44837788047920230 0.33821895886716269
0.24803810247232994 0.16362483951916573
0.55740948264346313 0.20711030014712661
0.34150341403935269 0.23287942257077793
0.58039942650891096 0.58192674202782435
0.76594719416569057 0.41186709622183909
0.07149100263979545 0.52172091427373213
0.82546275631860444 0.75218300017037887
0.55470710326562844 0.09345327032333635
0.34426728823347968 0.53724839133566826
0.58266925485092935 0.37567905634768972
0.35060008528219716 0.27973611415904637
0.41292916214337161 0.49441771587348304
0.52368636646786204 0.07978084812305111
0.20365303337302401 0.65624823938202081
0.72670529847031629 0.55373318479489020
0.70369870651609601 0.25768020794692215
0.08948746111198828 0.63352839233741409
0.09343625181794465 0.56500338697194830
0.90207562603558422 0.29068914289125108
0.72003954010035853 0.36853013727971223
0.09927073058912911 0.34305852278679894
0.70856171997506523 0.82872453609008179
0.43824909259995753 0.51416487261864119
0.18971989597145827 0.20631786256975981
0.56912347922544082 0.21578502372567623
0.44230517945339803 0.08647357676986588
0.16545385297939583 0.21560265138775517
0.25260432154534818 0.16548044784229068
0.74664750426171278 0.36678126204986233
0.80464002340773766 0.54088011355394727
0.51725595936077984 0.76726146362687164
0.25854250790785066 0.82885302704606734
0.27784855722178686 0.14691000215614142
0.57521150801763588 0.47817635346242138
0.69329746112077639 0.68629840510062279
0.41492875389228090 0.72904321630965996
0.17123923472600236 0.36394047788850603
0.47595744331393902 0.11701569061889652
0.16005535428506157 0.43897373390890798
0.83889547098881945 0.16430718357990212
0.07325637345028085 0.59908877832961871
0.48499680235948073 0.91344480345564716
0.25706046078731010 0.22487038663387332
0.26149006902212507 0.63874238655706750
0.82615472393534561 0.61992573979551535
0.43715932539893815 0.65415942536149052
0.88485048923448395 0.67365525314451224
0.76753853575009334 0.17886406128476756
0.90188823942784313 0.39291448481973829
0.59998672340901482 0.65376131682807859
0.61778732211023990 0.28428014278395292
0.30110190500612360 0.53581718170232751
0.70217321484386741 0.58269345391005933
0.83332709714344477 0.35451585392168211
0.60657182501272300 0.48492944875915817
0.04582132604982537 0.54033465208661025
0.70247726819799650 0.87777907615991080
0.82122273985418792 0.68189812322487509
0.50738453591109023 0.89709393930386683
0.33333240538720027 0.14692759258767157
0.72308890432317607 0.13812332316198317
0.65355429729906744 0.86842052995834140
0.31236552996375511 0.61695069260469715
0.21559349972477126 0.16812992302239119
0.19863506298266717 0.82309917083053585
0.35325564607928811 0.06544557350602009
0.06401160532498672 0.55556735374235522
0.32300082467327551 0.91316035328425571
0.40596913899503317 0.94358547764108636
0.57989006232174145 0.60886537029773036
0.73697295670564755 0.82412600571987682
0.06024469219319425 0.51490858161110620
0.10940994759777772 0.57231902103882826
0.16473260041812182 0.22274165834025933
0.34798034406274109 0.40160738865715195
0.11997427096052592 0.41808102481369269
0.89396968866916804 0.49110774754834152
0.57577867267101590 0.94067678312240710
0.58980058370436717 0.38382379858960669
0.58161998952068628 0.64585830274652578
0.74858828689568124 0.56510650037093857
0.66914070708120454 0.30805536082108453
0.12345550969394049 0.39721180236960235
0.54608533340829957 0.15829008450393381
0.68209782576357847 0.12204558849990423
0.94227080492047743 0.60170779883359138
0.62888109438942619 0.19468600117440657
0.66229117201570775 0.92855171748729470
0.21517804229057952 0.16424100167212063
0.70864632662167326 0.07485873042783255
0.54326997265547405 0.67830217299043238
0.69425115113073721 0.63465390960504353
0.26287408010361940 0.21882728441856070
0.36593108354574033 0.54409684327967978
0.18968137615762751 0.83478436443658321
0.36882319393592888 0.53057876547472538
0.15573567737865859 0.45846946830113461
0.68506881361504601 0.51270355405932744
0.37158614042787030 0.68646355371520096
0.10553465393833555 0.65352643216650108
0.11475676730036109 0.72810655571034144
0.30902538303001031 0.94587968543284684
0.76840406805119832 0.77338818117338104
0.26652002676028558 0.38642754131079643
0.82489164964142336 0.71570559138202716
0.84062229438280456 0.30645090213760312
0.34528676114878593 0.82179020034641337
0.82328565417144928 0.21805004335843256
0.48555359095487372 0.17393818997014998
0.45879226980747928 0.48644408511614090
0.25899884361671671 0.76244295037027709
0.71414168394672706 0.27770212902036284
0.42716737123295173 0.51590057057296734
0.35433516021907790 0.57041291745318534
0.58933619359189826 0.77260638748993504
0.70920256244406898 0.72217518274735115
0.72965161089261610 0.21873568933291315
0.45729371258875756 0.19313269579476453
0.23376783893862974 0.22258674748097643
0.55211850973838117 0.19383369611302612
0.26370659031937288 0.68408780134210156
0.52322400454662010 0.81835239577334384
0.63424756146252204 0.13626603294776649
0.32284399789247786 0.82372000970543802
0.28348652864845952 0.78988949603415382
0.78623954605010604 0.47199502283898881
0.74763386173051283 0.12988348661067581
0.66939640099730757 0.20277627271588314
0.20368929656806423 0.34745032136842330
0.77044851063172681 0.33627342469155097
0.38855883450538559 0.95840564548281837
0.22332069487458286 0.27486706085466411
0.76207257298199782 0.17075636118970861
0.29025518562734925 0.14003245314254809
0.61834304528396977 0.59370862226004373
0.81998380212015942 0.65902838289747590
0.55841727960873744 0.18092494752176150
0.30604390134003523 0.29058431945839019
0.33881831766774723 0.41399668980532084
0.66604802983074896 0.42973986475488390
0.02132075798622942 0.65457620910220760
0.44719408581833919 0.38802732006629492
0.68954897466328180 0.79515746392161901
0.49806004097531198 0.75465707672788185
0.11353884746267066 0.41196389462731625
0.51634258061504112 0.33400967889020988
0.89419617045969135 0.67372328833050188
0.55680863335099817 0.03958986507137468
0.68702950182560363 0.88007210059333607
0.38395325456903917 0.49878295402787776
0.51956465465927781 0.59205809097752327
0.49566402401850784 0.80565628634306496
0.20210597627796903 0.16494761589720700
0.39828875702489108 0.85815328487648135
0.15297805779086796 0.79302024382861647
0.90054702178159518 0.45476308723599201
0.80132441245375352 0.72580347378029964
0.87149985235935234 0.54029122243089445
0.48488243177979801 0.61240366763205933
0.61660076003377862 0.34749584504631825
0.09179459724823166 0.73800514397770345
0.39390787194862720 0.59847933434434963
0.54452330538158600 0.65282383747762751
0.84598705727261814 0.25339985088536882
0.90843095210705682 0.56990661657486263
0.79875901400221072 0.72111471781766434
0.65767994936308760 0.67534032028077318
0.07685255030007500 0.32218652016209909
0.24645553151222702 0.89150409082353210
0.38677525308478922 0.45497206349679331
0.92475290468392013 0.53947334006429226
0.88068121434826618 0.47197589801527723
0.44074382230694170 0.04990071809384363
0.48733996141303865 0.53484490857547795
0.79549707303684070 0.15304187360134003
0.75748447796578444 0.59687202496432135
0.28657900397361918 0.70699086287703516
0.56537730103969130 0.02003166919037829
0.31189067456868513 0.25021018599017852
0.43765876523386787 0.06472059472048113
0.59125351468296694 0.21098921529238568
0.15567300662629180 0.46950494048133218
0.92297776593085012 0.35901871026475674
0.42236948783089562 0.90909603977199105
0.32573319191698691 0.84443146487879106
0.71096404421015402 0.52968673076581507
0.32298233249894620 0.23416751758066037
0.39597392885511562 0.90430954343625225
0.39954952685924972 0.57391666629292093
0.39844038776027701 0.07521418914277818
0.08709170032565525 0.66598970843158678
0.43869024429904646 0.36696543475024762
0.66607871824743770 0.66604357386611113
0.80185826277296479 0.84973295075773292
0.88062091642814244 0.24447193317657309
0.65424320316199502 0.77454601977647786
0.72006864616269406 0.07014251431082737
0.32906848857270826 0.84241880086903009
0.35576266727272982 0.17825978457365688
0.06888869159277666 0.72141547330973832
0.11858843641793368 0.47393418403042370
0.70142933669016116 0.33792341090558609
0.48295694228722308 0.03033777811537108
0.63612687002201185 0.82387936995561295
0.47097078636691314 0.08912470997258486
0.36594777897338615 0.05558110429280255
0.48430117179758464 0.20731510371164760
0.77193131997471032 0.55100752133104391
0.51029731496346298 0.66104509563144309
0.52556100843108444 0.78061839753034434
0.18947457068984441 0.16186323666150207
0.71502816649478063 0.81913578817194854
0.47759934269668664 0.44276019939519418
0.43001819706926020 0.74606624830036306
0.64482797431176930 0.09348941337943498
0.09885783475897635 0.25415584007621744
0.18499919754922678 0.38677732449132396
0.54454871763043478 0.50016337617732276
0.14171151083982847 0.75636464048710139
0.55431499880768043 0.32143389486799884
0.62577550744103394 0.87986370947473769
0.47443502186523157 0.60603412443942450
0.94505256347670608 0.51769944931073220
0.64513673545499184 0.87018061564669746
0.79154930390705036 0.55241910913607961
0.33039143235063217 0.16693623600652280
0.04176009961005105 0.41970050956183713
0.71457161747828590 0.17618369145644719
0.32680526120453834 0.34453615195263754
0.35460409169806084 0.21000919977810723
0.36780389022547755 0.19496232911354519
0.12228471613684071 0.31924107689960618
0.14461323354906463 0.76631516664733590
0.40922792342223696 0.62824710471221168
0.76736961736910447 0.40440086381245699
0.13949702921399987 0.20683904209558288
0.09970335787721128 0.57473430651962465
0.40654505038734740 0.56938658352323301
0.40447372437411361 0.32868323173071345
0.25908293519915399 0.28073227431106240
0.79037454368409354 0.65988754038956865
0.60321439433481316 0.01577624304347192
0.07581421059736863 0.52577183938714056
0.67131714770026762 0.41881726999679247
0.08995317844326629 0.43547773965657077
0.59005417879258715 0.52296572653508766
0.20744852496718386 0.39306875815382042
0.52132677569168206 0.60015328159685777
0.86873206428550553 0.36410477518368922
0.73668757552353648 0.49998140912874001
0.10381815110590609 0.36820289631469633
0.36875741584639160 0.78572932376589577
0.35100206183538152 0.52298996924916974
0.23492416232452831 0.70737783755259354
0.20368418551369077 0.11405158550462928
0.56813970585641660 0.31806945423795430
0.14819905662616345 0.25488194398606279
0.07678252680556015 0.72094204041485288
0.48875430750280763 0.28417966805484657
0.84540987127608935 0.32366540889285622
0.53713723231157617 0.13667744562481185
0.65229536979687919 0.62375776588735488
0.88138759377443032 0.64203193857153384
0.35616720040601602 0.53791032095616487
0.44756154656930625 0.41408845502775576
0.32714937639030212 0.96797212928534804
0.10590352277279877 0.73150273392697751
0.66247320088690742 0.29556172595184133
0.36375182692677271 0.46243569849900129
0.25855409341004465 0.57720116223395634
0.62323736180847977 0.87042974055820521
0.07315334373106772 0.30542951777248228
0.05894062168196134 0.73649335871470412
0.55930331928187738 0.02171783718941895
0.42687783713776217 0.31926293661944732
0.64538848859609799 0.81269241435936224
0.55146659588113589 0.62021994693869886
0.50094566205446578 0.85125169487863983
0.33986309080416499 0.76679830581465136
0.66036883658207690 0.65947220339798085
0.38892200723142994 0.22929913579517949
0.20801617435708103 0.62383013770655049
0.26326263368154862 0.10650626456107830
0.68855201565244406 0.76722388982080292
0.51492607438918603 0.07308937991573378
0.20555186481435780 0.76680387312013065
0.73626683402544335 0.62889607291695204
0.81336481382200965 0.22832015623543836
0.56320648442439147 0.74718090605078002
0.43081373529110356 0.29248173398454386
0.72260466858051375 0.67020148719919337
0.75298780804660614 0.65631201486461688
0.67304361453772210 0.32399085209850731
0.55350185023949150 0.26309721709739214
0.38514943271310265 0.24256185165513086
0.75319317503026373 0.27327735607381121
0.49637287130945001 0.65060925282016369
0.71984344907981224 0.78518430513908732
0.30505987582438993 0.91831251088112642
0.03465947017964238 0.53869433731836780
0.23266055961026022 0.66962536201503964
0.34542688889924461 0.91351465588476766
0.78371504198674846 0.51682608269396224
0.57680983643518879 0.17944425616306353
0.27361877292917769 0.24723931554341208
0.32121576900872900 0.25303992094001110
0.80163711302467888 0.31651467334132422
0.75150529494640506 0.64498007351603714
0.83343510087395711 0.54423207295906295
0.54280002387417936 0.10360391923034837
0.91578390973419255 0.42101262456993632
0.50568068965903812 0.03692037326826296
0.01448707637149594 0.40901456487775023
0.29477811178050833 0.13313838224371202
0.35760252454603370 0.43773129971951019
0.43125753149493457 0.80440928959168279
0.38034834307066945 0.14254317067489716
0.32692159562263529 0.26079450711713098
0.72883576538846062 0.61283979583394177
0.46595560701381544 0.79943552933583428
0.92050279758476505 0.55091580254723893
0.83890854869901033 0.58926896901914128
0.10910468459418612 0.59433025642471216
0.70740473480375410 0.90500931363929149
0.79479835835757773 0.59403171864651483
0.58109439751833147 0.36019516990142170
0.83845524047763587 0.56904500801554736
0.46411057961767216 0.44476646070984854
0.47783120301240806 0.63555059849289486
0.26803173336791719 0.15628561754378212
0.05124588831126251 0.51312793367665999
0.73519028584282864 0.88703399062821475
0.44347563951701702 0.93717456260107490
0.37106384710061890 0.10479298178844439
0.68546652747395165 0.08732774985420023
0.03583720582534206 0.52768314180057474
0.50002439469841986 0.00560110646466684
0.19314110504072282 0.14898864625155761
0.53552562971430273 0.18225507200284985
0.59931869610073130 0.50599410641961873
0.74710099445797418 0.47822482580822667
0.49262263650012339 0.19083228070815625
0.10616206598870925 0.52783713005093524
0.64832221292409287 0.36337949746522524
0.39877380561961046 0.39791841569684833
0.33303904249857208 0.34284952224412946
0.74006880320800561 0.69706630835707317
0.59934644516317370 0.86950365515345984
0.59970413384021770 0.75214994637017230
0.32548485964750618 0.26431506790048598
0.89603870942750330 0.29843026517478183
0.24274247022847500 0.66473454431017454
0.25787946480965795 0.67261505538647959
0.42375083186412221 0.95646818496768637
0.87825152784629601 0.42478244331039849
0.68676054887148352 0.09252586946746436
0.68040377546131658 0.15129343828315048
0.90410516564235299 0.38694070659695434
0.44453487795046914 0.07984858402898938
0.44313466009830349 0.58784398211670164
0.29435724627811533 0.65165364855845920
0.51494427256156694 0.22763454227064342
0.08083250688772393 0.77963488257275049
0.17474913464344322 0.31334704858543994
0.18878292869628718 0.38060628773935329
0.74543785546228836 0.60865723557083673
0.59619136605018808 0.86511139320760455
0.19365708694669007 0.21457836135117084
0.34133190460842155 0.70008938871257176
0.04448287001220378 0.50882809503901794
0.85148686954661779 0.48331991512588662
0.54791641492478105 0.27230008663433053
0.79241326724534067 0.32524466936675833
0.67140825153375194 0.15523538089205519
0.74990526775140331 0.24429624747643322
0.21544122888698472 0.34074023461382974
0.44965714090984593 0.09234314506834616
0.38782354879192871 0.73207590442493808
0.92026398784297347 0.45857046288244646
0.82297508079047432 0.41778454533690973
0.59649624536296908 0.49591279919079145
0.55945815803996179 0.59543287695764346
0.51233081912912615 0.32068759504714583
0.24268922499102361 0.58273494063286069
0.23397594385029710 0.84259669301725304
0.11122235032256764 0.42217925738764778
0.50691454668585434 0.32837810066569073
0.69780059603322275 0.09114932324400342
0.23210106376929632 0.48111555898783059
0.27071865679404661 0.78385903374078492
0.18361296378964356 0.76909310158026278
0.74981712999259664 0.42887193585189476
0.70096821663472031 0.72653363928759496
0.73907458170013962 0.41484711879281710
0.05017180561066231 0.33417879375149462
0.68620078198304524 0.49889622573588532
0.58061215475193984 0.52579856982074114
0.38416506180424054 0.89695810017901922
0.05285872916203496 0.65262468539347351
0.17916288245461087 0.18941891525652410
0.42503414154418617 0.39408749494803635
0.50144184277053983 0.59442656561962604
0.76902433463233766 0.27573810699571499
0.55372209680782181 0.73002497490242046
0.26777655518229038 0.13768636984831098
0.82867314253944369 0.23915324737109464
0.35081495663542217 0.81211790751926161
0.37273490927439734 0.34603580919377896
0.87347641075978510 0.57123316245964162
0.53083022957005577 0.43451491155797883
0.66791437793322384 0.25565017738468504
0.14929052809584806 0.62190194584100267
0.76293976658896301 0.25924561532786017
0.02003523316079194 0.52088718210579799
0.61638833229805445 0.68296975056030707
0.90286357694957309 0.30957250231659755
0.36095921508790213 0.36720860187706816
0.49765326067602583 0.37152899376978787
0.35940957670713058 0.83506219176250285
0.06853386431590441 0.36625193472149031
0.37903183093018195 0.76808517615506389
0.60330474453175975 0.36650961574490093
0.28576503577190571 0.73297843404850715
0.22445931916224549 0.47958384665470843
0.62279275503502485 0.31438194449106416
0.21712504917729850 0.23285407639310818
0.41118736618433083 0.58519981639181473
0.68595325079370284 0.15274271947653659
0.35988075171398337 0.62784238558416472
0.34089764135029421 0.12426374663961624
0.63663671922869114 0.85111838029282194
0.73438039080977602 0.66762527450879705
0.51283242033074994 0.57378492268799131
0.16047361674127938 0.36480628144400512
0.51542275146897687 0.11448517509957386
0.71772492526900566 0.46945729954755244
0.52841838063526059 0.82941278152645648
0.72587559089447939 0.18720892266429598
0.67504487330078899 0.88742347083172335
0.38969401283775112 0.34203924839447308
0.58760211187500688 0.65653300801111081
0.43852470210880312 0.32837762598471204
0.55795586407402531 0.26687017118985989
0.84860342217043405 0.27455800316581203
0.35359872019422151 0.73501083796780253
0.48549529077706471 0.32461195639960522
0.22242474097351961 0.85693863699016293
0.26512859287924750 0.32962736038181939
0.05911689904273045 0.55641014783237730
0.14206773102610737 0.41669417941354281
0.53574878096450995 0.55542217760110091
0.30471920809936515 0.33633646532366962
0.71481693682159808 0.65594767000928267
0.62382130286899207 0.76997998955778235
0.48297285940119611 0.07128297408934919
0.60321458268278838 0.18110411469520823
0.88339928336842155 0.39080927826627687
0.39818760638541423 0.21078251270111759
0.17473726340042225 0.36781150434152882
0.49194464654674352 0.35890078371789591
0.35895414458484898 0.08663593606150143
0.64149732459513642 0.79230109207244837
0.43656657347218225 0.33687453423475666
0.19440740714551266 0.16238270318770837
0.83581059463647689 0.30232703199196015
0.05169368380098167 0.38256099614383227
0.82099244444486819 0.59809554524520725
0.21852259643939734 0.64088678810996769
0.73736202609772949 0.38402784177185234
0.08241160694111535 0.68896920285691854
0.60431409406391068 0.22881216500140622
0.16792634051129243 0.77147543520292194
0.46148448542814874 0.04655130542128656
0.56981321196478529 0.36492100292012308
0.15040708107957981 0.79798936461331305
0.15776999815377743 0.55230870779765939
0.51381662572593401 0.56502299713149284
0.57596202848488331 0.89861548235228128
0.62300686550121220 0.48933517840613899
0.38623681128103510 0.34580431269030187
0.11269115827318393 0.49581797636386671
0.25916016098679195 0.80940900498529578
0.93897987747971179 0.43012611944380996
0.36581045582310506 0.12382636767343232
0.25834415969250041 0.15612191529786726
0.74885506960856862 0.11406061647471316
0.90026427650311802 0.26723231558858751
0.05657622710227743 0.35902227001966153
0.36675591655484979 0.41475314144977243
0.33611081458183728 0.22383837063099771
0.28537532257900244 0.38138493167851395
0.13379612868373666 0.26875123877606666
0.18788544720276149 0.43691076977921267
0.73310129004742497 0.16601979686955814
0.42443053943536424 0.63432451683042734
0.33410892795826275 0.81744135409640473
0.19101992426241127 0.38585712370794867
0.75956005375801705 0.50133133463283663
0.65998951226242264 0.43519122120698306
0.19305005673774570 0.85728679291125487
0.65630335432059617 0.25621847619402272
0.31242644381774282 0.10433536059402417
0.74978532739272652 0.67355729585445556
0.25821406610618119 0.68597255545240943
0.91256878911124273 0.26423566596040932
0.82525792427025102 0.45491317714743690
0.50785660564644219 0.82243134121604899
0.26554326441326309 0.10314498033285294
0.65352715974410402 0.21310158713264882
0.13501861604256493 0.57801568127087022
0.70692762083518956 0.71466948244387973
0.65452729276530419 0.08787449092914919
0.87512991213219282 0.41507699187236979
0.26886219474316880 0.60330019676401647
0.59772274033375428 0.77511049397528387
0.05543007713307775 0.64842237079749832
0.34865744815944505 0.88667148779409188
0.61636555869798593 0.85821211759448990
0.62500898274014038 0.19075693490623771
0.47416642832135364 0.63034288948691952
0.58855492239092144 0.39055268302964413
0.64654562475325605 0.53570632402614260
0.23963607410961385 0.60080056554570938
0.34092037023008348 0.44710662641006943
0.39667392939550694 0.94158356228393025
0.45838440752896259 0.79937225990007077
0.03134816421009715 0.42718875227655234
0.31046454036320137 0.48679485282209262
0.83030502692022656 0.34936186415686732
0.50455091944492769 0.43599956937279544
0.42164042860201822 0.37583122600624647
0.13900801540764590 0.27474978032397157
0.09027304819061784 0.63799780757496649
0.65223576787009174 0.71213952214691001
0.55069579559713977 0.62697415523738742
0.17704424394011498 0.20890280443561676
0.61394420260177063 0.26754322747409470
0.48552970396158440 0.16065628051429695
0.69089879028785239 0.44034686267441170
0.75352159649545369 0.65100089614514889
0.75324431602287700 0.84144059497857004
0.38317193983294640 0.34202193472404585
0.67108613020419738 0.39062110760843777
0.73467768268278955 0.41644532865475181
0.84043722758405615 0.43749550162038026
0.33374786930396744 0.26506210345871939
0.28579239424922076 0.21661155184128733
0.17959084773041523 0.42973137514461612
0.01348578745936782 0.63422098857243880
0.55992794654444655 0.15615590120637987
0.63730185164785669 0.75049737718090648
0.07648212426076549 0.38088342279047427
0.54224722436710315 0.54974723448969054
0.74229182547343209 0.34906474442656893
0.54613975436710593 0.07605087380753510
Code file agbn-serial.cpp, g = 1.000000, G = 0.500000, t = 1.000000, tNominal = 1.000000, stepCap = 0.500000, I = 1, q = 1.0, scaling with v[i]^1.00, area pixels = false, parallel mode = false, scanning order = Initial, precision = double, reiterations = 1, iteration = 1000
